ISO-10303-21;
HEADER;
FILE_DESCRIPTION (( 'STEP AP214' ),
    '1' );
FILE_NAME ('Calculator_Assem.STEP',
    '2026-10-09T05:10:03',
    ( '' ),
    ( '' ),
    'SwSTEP 2.0',
    'SolidWorks 2024',
    '' );
FILE_SCHEMA (( 'AUTOMOTIVE_DESIGN' ));
ENDSEC;

DATA;
#1 = ADVANCED_FACE ( 'NONE', ( #9113 ), #9170, .T. ) ;
#2 = EDGE_CURVE ( 'NONE', #7567, #4387, #2455, .T. ) ;
#3 = CARTESIAN_POINT ( 'NONE',  ( -0.8713874896549195226, 0.1771653543307086520, 3.325986492997513810 ) ) ;
#4 = ORIENTED_EDGE ( 'NONE', *, *, #4929, .T. ) ;
#5 = AXIS2_PLACEMENT_3D ( 'NONE', #11111, #8463, #3288 ) ;
#6 = DIRECTION ( 'NONE',  ( 0.000000000000000000, 0.9396926207859080948, 0.3420201433256694346 ) ) ;
#7 = CARTESIAN_POINT ( 'NONE',  ( 0.000000000000000000, 0.1574803149606299191, 2.577954996934521681 ) ) ;
#8 = VERTEX_POINT ( 'NONE', #10086 ) ;
#9 = ORIENTED_EDGE ( 'NONE', *, *, #2873, .F. ) ;
#10 = AXIS2_PLACEMENT_3D ( 'NONE', #2892, #9977, #9747 ) ;
#11 = EDGE_LOOP ( 'NONE', ( #165, #1224, #10607, #7105 ) ) ;
#12 = DIRECTION ( 'NONE',  ( 0.3236155771181852825, 0.8891264907159880382, 0.3236155771181852825 ) ) ;
#13 = CARTESIAN_POINT ( 'NONE',  ( 2.043412746432834215, 0.5905511811023621549, 0.2952514739630043294 ) ) ;
#14 = ORIENTED_EDGE ( 'NONE', *, *, #7223, .T. ) ;
#15 = DIRECTION ( 'NONE',  ( -0.000000000000000000, -0.000000000000000000, -1.000000000000000000 ) ) ;
#16 = DIRECTION ( 'NONE',  ( -0.000000000000000000, -1.000000000000000000, -0.000000000000000000 ) ) ;
#17 = DIRECTION ( 'NONE',  ( 0.9396926207859080948, 0.3420201433256694346, 0.000000000000000000 ) ) ;
#18 = DIRECTION ( 'NONE',  ( 0.000000000000000000, 0.000000000000000000, -1.000000000000000000 ) ) ;
#19 = LINE ( 'NONE', #3522, #627 ) ;
#20 = ORIENTED_EDGE ( 'NONE', *, *, #2561, .T. ) ;
#21 = DIRECTION ( 'NONE',  ( -0.000000000000000000, -1.000000000000000000, 0.000000000000000000 ) ) ;
#22 = CIRCLE ( 'NONE', #9349, 0.1377952755905512972 ) ;
#23 = DIRECTION ( 'NONE',  ( -0.000000000000000000, -1.000000000000000000, -0.000000000000000000 ) ) ;
#24 = ADVANCED_FACE ( 'NONE', ( #6477 ), #5732, .T. ) ;
#25 = ORIENTED_EDGE ( 'NONE', *, *, #7387, .F. ) ;
#26 = CYLINDRICAL_SURFACE ( 'NONE', #1441, 0.01968503937007875723 ) ;
#27 = CARTESIAN_POINT ( 'NONE',  ( 0.03655337338743769315, 0.1529109616598304799, 1.650329094522085871 ) ) ;
#28 = CARTESIAN_POINT ( 'NONE',  ( -1.498479930865239451, 0.1551781507868630339, 1.042521926068380234 ) ) ;
#29 = LINE ( 'NONE', #771, #2044 ) ;
#30 = VERTEX_POINT ( 'NONE', #7278 ) ;
#31 = PLANE ( 'NONE',  #7730 ) ;
#32 = STYLED_ITEM ( 'NONE', ( #5872 ), #5229 ) ;
#33 = EDGE_CURVE ( 'NONE', #228, #91, #10484, .T. ) ;
#34 = CARTESIAN_POINT ( 'NONE',  ( -1.498479930865239007, 0.1551781507868630616, 2.577954996934521681 ) ) ;
#35 = ORIENTED_EDGE ( 'NONE', *, *, #1903, .T. ) ;
#36 = CARTESIAN_POINT ( 'NONE',  ( 0.6640455812112229239, 0.1574803149606299191, 1.535913945127694713E-16 ) ) ;
#37 = DIRECTION ( 'NONE',  ( -0.000000000000000000, -1.000000000000000000, 0.000000000000000000 ) ) ;
#38 = VECTOR ( 'NONE', #3638, 39.37007874015748143 ) ;
#39 = EDGE_CURVE ( 'NONE', #977, #2366, #3006, .T. ) ;
#40 = DIRECTION ( 'NONE',  ( 0.000000000000000000, 0.000000000000000000, 1.000000000000000000 ) ) ;
#41 = ORIENTED_EDGE ( 'NONE', *, *, #5521, .F. ) ;
#42 = AXIS2_PLACEMENT_3D ( 'NONE', #8475, #5113, #10330 ) ;
#43 = DIRECTION ( 'NONE',  ( 0.000000000000000000, 0.000000000000000000, 1.000000000000000000 ) ) ;
#44 = CARTESIAN_POINT ( 'NONE',  ( 1.925302510212361318, -0.2952755905511810774, -1.878183821830397449 ) ) ;
#45 = VERTEX_POINT ( 'NONE', #10137 ) ;
#46 = CARTESIAN_POINT ( 'NONE',  ( 0.03695314000090250267, 0.1574803149606299191, 0.2748053906353094544 ) ) ;
#47 = LINE ( 'NONE', #6748, #468 ) ;
#48 = EDGE_LOOP ( 'NONE', ( #6131, #9428 ) ) ;
#49 = CARTESIAN_POINT ( 'NONE',  ( -1.499667083999375095, 0.1507476349739040877, 0.8833999456096859326 ) ) ;
#50 = ORIENTED_EDGE ( 'NONE', *, *, #7182, .F. ) ;
#51 = CYLINDRICAL_SURFACE ( 'NONE', #7058, 0.01968503937007875723 ) ;
#52 = EDGE_CURVE ( 'NONE', #3295, #9056, #9059, .T. ) ;
#53 = CYLINDRICAL_SURFACE ( 'NONE', #5129, 0.1377952755905512972 ) ;
#54 = VECTOR ( 'NONE', #10945, 39.37007874015748143 ) ;
#55 = CYLINDRICAL_SURFACE ( 'NONE', #10834, 0.01968503937007875723 ) ;
#56 = DIRECTION ( 'NONE',  ( -0.3236155771181850604, 0.8891264907159878161, -0.3236155771181852825 ) ) ;
#57 = EDGE_LOOP ( 'NONE', ( #2495, #3749, #4523, #2703 ) ) ;
#58 = EDGE_CURVE ( 'NONE', #2705, #10207, #4762, .T. ) ;
#59 =( BOUNDED_CURVE ( )  B_SPLINE_CURVE ( 3, ( #6911, #1771, #2807, #102 ),
 .UNSPECIFIED., .F., .F. ) 
 B_SPLINE_CURVE_WITH_KNOTS ( ( 4, 4 ),
 ( 3.141592653589793116, 3.490658503988662176 ),
 .UNSPECIFIED. ) 
 CURVE ( )  GEOMETRIC_REPRESENTATION_ITEM ( )  RATIONAL_B_SPLINE_CURVE ( ( 1.000000000000000000, 0.9898718353414717175, 0.9898718353414717175, 1.000000000000000000 ) ) 
 REPRESENTATION_ITEM ( '' )  );
#60 = CYLINDRICAL_SURFACE ( 'NONE', #4922, 0.01968503937007875723 ) ;
#61 = ORIENTED_EDGE ( 'NONE', *, *, #5897, .T. ) ;
#62 = CARTESIAN_POINT ( 'NONE',  ( -0.1233559935919276845, 0.1574803149606299191, 3.953078934207833850 ) ) ;
#63 = VERTEX_POINT ( 'NONE', #1278 ) ;
#64 = CARTESIAN_POINT ( 'NONE',  ( 0.6443605418411432195, 0.1574803149606299191, 1.042521926068380234 ) ) ;
#65 = EDGE_CURVE ( 'NONE', #63, #332, #8452, .T. ) ;
#66 = AXIS2_PLACEMENT_3D ( 'NONE', #8562, #3217, #4125 ) ;
#67 = EDGE_LOOP ( 'NONE', ( #10233, #10217, #2963, #318 ) ) ;
#68 = ORIENTED_EDGE ( 'NONE', *, *, #3933, .T. ) ;
#69 = EDGE_CURVE ( 'NONE', #4281, #7555, #5882, .T. ) ;
#70 = EDGE_LOOP ( 'NONE', ( #8539, #10760 ) ) ;
#71 = LINE ( 'NONE', #7052, #8211 ) ;
#72 = AXIS2_PLACEMENT_3D ( 'NONE', #3887, #3826, #2915 ) ;
#73 = CARTESIAN_POINT ( 'NONE',  ( -2.129815600023859279, 0.5905511811023621549, -2.039601144665042831 ) ) ;
#74 = ORIENTED_EDGE ( 'NONE', *, *, #2414, .F. ) ;
#75 = DIRECTION ( 'NONE',  ( 0.000000000000000000, 0.000000000000000000, -1.000000000000000000 ) ) ;
#76 = CARTESIAN_POINT ( 'NONE',  ( 0.000000000000000000, 0.1574803149606299191, 3.345671532367592516 ) ) ;
#77 = DIRECTION ( 'NONE',  ( 0.000000000000000000, 0.000000000000000000, 1.000000000000000000 ) ) ;
#78 = EDGE_CURVE ( 'NONE', #663, #10120, #6918, .T. ) ;
#79 = CARTESIAN_POINT ( 'NONE',  ( -2.504880698959022168E-16, 0.000000000000000000, -2.039601144665043275 ) ) ;
#80 = CARTESIAN_POINT ( 'NONE',  ( -0.1233559935919276845, 0.1574803149606299191, 0.2748053906353094544 ) ) ;
#81 = ORIENTED_EDGE ( 'NONE', *, *, #5907, .T. ) ;
#82 = CARTESIAN_POINT ( 'NONE',  ( 0.01726810063082404034, 0.1574803149606299191, 1.997025303321358305E-18 ) ) ;
#83 = VECTOR ( 'NONE', #10768, 39.37007874015748143 ) ;
#84 = DIRECTION ( 'NONE',  ( 0.000000000000000000, 0.000000000000000000, 1.000000000000000000 ) ) ;
#85 = EDGE_LOOP ( 'NONE', ( #2702, #9370, #8925, #992 ) ) ;
#86 = DIRECTION ( 'NONE',  ( 0.000000000000000000, -1.000000000000000000, 0.000000000000000000 ) ) ;
#87 = FACE_OUTER_BOUND ( 'NONE', #6475, .T. ) ;
#88 = VECTOR ( 'NONE', #9503, 39.37007874015748143 ) ;
#89 = VECTOR ( 'NONE', #4863, 39.37007874015748854 ) ;
#90 = CYLINDRICAL_SURFACE ( 'NONE', #10815, 0.01968503937007875723 ) ;
#91 = VERTEX_POINT ( 'NONE', #5939 ) ;
#92 = CARTESIAN_POINT ( 'NONE',  ( -1.854225048842757184, 0.4724409448818898127, -1.941175947814649305 ) ) ;
#93 = EDGE_CURVE ( 'NONE', #7144, #3383, #8398, .T. ) ;
#94 = CARTESIAN_POINT ( 'NONE',  ( 0.6455476949752789739, 0.1507476349739041432, 1.809051308367315425 ) ) ;
#95 = ORIENTED_EDGE ( 'NONE', *, *, #10250, .F. ) ;
#96 = LINE ( 'NONE', #4681, #1812 ) ;
#97 = LINE ( 'NONE', #6852, #10462 ) ;
#98 = AXIS2_PLACEMENT_3D ( 'NONE', #9857, #8060, #5439 ) ;
#99 = VECTOR ( 'NONE', #2812, 39.37007874015748143 ) ;
#100 = EDGE_LOOP ( 'NONE', ( #1061, #9122, #4563, #8895 ) ) ;
#101 = ORIENTED_EDGE ( 'NONE', *, *, #6584, .F. ) ;
#102 = CARTESIAN_POINT ( 'NONE',  ( 0.8034825222998376315, 0.1507476349739041155, 0.8833999456096859326 ) ) ;
#103 = DIRECTION ( 'NONE',  ( 1.000000000000000000, -0.000000000000000000, -0.000000000000000000 ) ) ;
#104 = EDGE_CURVE ( 'NONE', #3378, #9859, #11039, .T. ) ;
#105 = CARTESIAN_POINT ( 'NONE',  ( -1.253831348055354900, 0.000000000000000000, -0.2964909084445707665 ) ) ;
#106 = CARTESIAN_POINT ( 'NONE',  ( 0.6443605418411433305, 0.1551781507868630616, 3.953078934207834294 ) ) ;
#107 = EDGE_LOOP ( 'NONE', ( #8991, #10982, #4006, #3922 ) ) ;
#109 = CARTESIAN_POINT ( 'NONE',  ( -2.267610875614410659, 0.000000000000000000, -1.901805869074491673 ) ) ;
#108 = CIRCLE ( 'NONE', #6511, 0.1377952755905511584 ) ;
#110 = EDGE_CURVE ( 'NONE', #1622, #4122, #5946, .T. ) ;
#111 = ORIENTED_EDGE ( 'NONE', *, *, #10265, .T. ) ;
#112 = CARTESIAN_POINT ( 'NONE',  ( -0.08257150553567030316, 0.4724409448818899238, -0.005152325767405871622 ) ) ;
#113 = DIRECTION ( 'NONE',  ( -0.000000000000000000, -1.000000000000000000, 0.000000000000000000 ) ) ;
#114 = DIRECTION ( 'NONE',  ( -0.000000000000000000, -1.000000000000000000, -0.000000000000000000 ) ) ;
#115 = CARTESIAN_POINT ( 'NONE',  ( -0.9613473175948450411, 0.3470877061559768939, 3.882804145637987592 ) ) ;
#116 = CARTESIAN_POINT ( 'NONE',  ( 0.03576598686676673439, 0.1507476349739041155, 0.8833999456096859326 ) ) ;
#117 = ORIENTED_EDGE ( 'NONE', *, *, #213, .F. ) ;
#118 = CIRCLE ( 'NONE', #4694, 0.1377952755905511584 ) ;
#119 = DIRECTION ( 'NONE',  ( -0.000000000000000000, 1.000000000000000000, -0.000000000000000000 ) ) ;
#120 = VERTEX_POINT ( 'NONE', #9444 ) ;
#121 = EDGE_CURVE ( 'NONE', #7439, #6696, #10302, .T. ) ;
#122 = ORIENTED_EDGE ( 'NONE', *, *, #3703, .T. ) ;
#123 = DIRECTION ( 'NONE',  ( 0.000000000000000000, 0.000000000000000000, 1.000000000000000000 ) ) ;
#124 = VERTEX_POINT ( 'NONE', #2467 ) ;
#125 = EDGE_CURVE ( 'NONE', #1662, #5165, #1551, .T. ) ;
#126 = EDGE_CURVE ( 'NONE', #9933, #2683, #9502, .T. ) ;
#127 = ORIENTED_EDGE ( 'NONE', *, *, #3509, .F. ) ;
#128 = CYLINDRICAL_SURFACE ( 'NONE', #10893, 0.01968503937007875723 ) ;
#129 = ORIENTED_EDGE ( 'NONE', *, *, #1182, .F. ) ;
#130 = ORIENTED_EDGE ( 'NONE', *, *, #2006, .F. ) ;
#131 =( BOUNDED_CURVE ( )  B_SPLINE_CURVE ( 3, ( #2501, #2670, #1643, #5115 ),
 .UNSPECIFIED., .F., .F. ) 
 B_SPLINE_CURVE_WITH_KNOTS ( ( 4, 4 ),
 ( 1.570796326794896558, 3.141592653589793116 ),
 .UNSPECIFIED. ) 
 CURVE ( )  GEOMETRIC_REPRESENTATION_ITEM ( )  RATIONAL_B_SPLINE_CURVE ( ( 1.000000000000000000, 0.8047378541243649375, 0.8047378541243649375, 1.000000000000000000 ) ) 
 REPRESENTATION_ITEM ( '' )  );
#132 = ORIENTED_EDGE ( 'NONE', *, *, #6336, .T. ) ;
#133 = ORIENTED_EDGE ( 'NONE', *, *, #6977, .F. ) ;
#134 = CYLINDRICAL_SURFACE ( 'NONE', #4369, 0.01968503937007875723 ) ;
#135 = EDGE_CURVE ( 'NONE', #11191, #3699, #8619, .T. ) ;
#136 = DIRECTION ( 'NONE',  ( -1.000000000000000000, 0.000000000000000000, 0.000000000000000000 ) ) ;
#137 = ORIENTED_EDGE ( 'NONE', *, *, #3712, .T. ) ;
#138 = DIRECTION ( 'NONE',  ( 0.3236155771181853935, 0.8891264907159878161, -0.3236155771181852270 ) ) ;
#139 = LINE ( 'NONE', #932, #2479 ) ;
#140 = CARTESIAN_POINT ( 'NONE',  ( 1.412476843887679356, 0.1529109616598305910, 0.8826125590890150363 ) ) ;
#141 = VERTEX_POINT ( 'NONE', #4074 ) ;
#142 = DIRECTION ( 'NONE',  ( -1.000000000000000000, 0.000000000000000000, 9.251858538542969855E-16 ) ) ;
#143 = CARTESIAN_POINT ( 'NONE',  ( 0.01726810063082377319, 0.1574803149606299191, 1.997025303321327490E-18 ) ) ;
#144 = DIRECTION ( 'NONE',  ( 0.000000000000000000, 0.000000000000000000, 1.000000000000000000 ) ) ;
#145 = ORIENTED_EDGE ( 'NONE', *, *, #3424, .T. ) ;
#146 = CARTESIAN_POINT ( 'NONE',  ( -2.011705363803387048, 0.4724409448818898127, -1.685270436003625694 ) ) ;
#147 = ADVANCED_FACE ( 'NONE', ( #736 ), #7550, .T. ) ;
#148 = EDGE_CURVE ( 'NONE', #1489, #4860, #2405, .T. ) ;
#149 = DIRECTION ( 'NONE',  ( 0.000000000000000000, 0.000000000000000000, -1.000000000000000000 ) ) ;
#150 = LINE ( 'NONE', #3473, #5668 ) ;
#151 = CIRCLE ( 'NONE', #9661, 0.09448818897637799308 ) ;
#152 = CARTESIAN_POINT ( 'NONE',  ( 1.431762116644293092, 0.1771653543307086520, 3.972763973577912111 ) ) ;
#153 = ORIENTED_EDGE ( 'NONE', *, *, #7737, .F. ) ;
#154 = DIRECTION ( 'NONE',  ( 0.000000000000000000, 1.000000000000000000, -0.000000000000000000 ) ) ;
#155 = EDGE_LOOP ( 'NONE', ( #7606, #2879, #7780, #1019 ) ) ;
#156 = CARTESIAN_POINT ( 'NONE',  ( 1.412476843887678690, 0.1529109616598305910, 3.953478700821297931 ) ) ;
#157 = AXIS2_PLACEMENT_3D ( 'NONE', #7147, #11307, #783 ) ;
#158 = CARTESIAN_POINT ( 'NONE',  ( 0.000000000000000000, 0.000000000000000000, 0.000000000000000000 ) ) ;
#159 = CARTESIAN_POINT ( 'NONE',  ( -0.8910725290249985608, 0.1574803149606299191, 2.577954996934521681 ) ) ;
#160 = ORIENTED_EDGE ( 'NONE', *, *, #205, .F. ) ;
#161 = EDGE_LOOP ( 'NONE', ( #6225, #921, #4452, #4284 ) ) ;
#162 = CARTESIAN_POINT ( 'NONE',  ( -1.518164970235317712, 0.1771653543307086520, 2.558269957564442976 ) ) ;
#163 = CARTESIAN_POINT ( 'NONE',  ( -0.1229562269784629791, 0.1529109616598305632, 0.2744056240218447629 ) ) ;
#164 = CARTESIAN_POINT ( 'NONE',  ( -1.854225048842757184, 0.4724409448818898127, -1.941175947814649305 ) ) ;
#165 = ORIENTED_EDGE ( 'NONE', *, *, #6191, .T. ) ;
#166 = CYLINDRICAL_SURFACE ( 'NONE', #3284, 0.09448818897637797920 ) ;
#167 = LINE ( 'NONE', #2062, #2296 ) ;
#168 = ORIENTED_EDGE ( 'NONE', *, *, #1583, .F. ) ;
#169 = CIRCLE ( 'NONE', #7648, 0.1377952755905512972 ) ;
#170 = VECTOR ( 'NONE', #3943, 39.37007874015748143 ) ;
#171 = CYLINDRICAL_SURFACE ( 'NONE', #8103, 0.01968503937007873988 ) ;
#172 = DIRECTION ( 'NONE',  ( 1.156482317317871478E-16, -0.000000000000000000, -1.000000000000000000 ) ) ;
#173 = DIRECTION ( 'NONE',  ( -1.000000000000000000, 0.000000000000000000, -0.000000000000000000 ) ) ;
#174 = CARTESIAN_POINT ( 'NONE',  ( -0.1233559935919278233, 0.1574803149606299191, 2.417645863341692181 ) ) ;
#175 = VERTEX_POINT ( 'NONE', #6807 ) ;
#176 = VECTOR ( 'NONE', #9695, 39.37007874015748143 ) ;
#177 = VECTOR ( 'NONE', #2027, 39.37007874015748143 ) ;
#178 = ADVANCED_FACE ( 'NONE', ( #679 ), #7767, .T. ) ;
#179 = CYLINDRICAL_SURFACE ( 'NONE', #9317, 0.1377952755905511584 ) ;
#180 = ORIENTED_EDGE ( 'NONE', *, *, #10814, .T. ) ;
#181 = EDGE_LOOP ( 'NONE', ( #9964, #10862, #10242, #8579 ) ) ;
#182 = ORIENTED_EDGE ( 'NONE', *, *, #4931, .T. ) ;
#183 = VERTEX_POINT ( 'NONE', #2348 ) ;
#184 = CARTESIAN_POINT ( 'NONE',  ( 0.6455476949752787519, 0.1507476349739041432, 1.041334772934244812 ) ) ;
#185 = CIRCLE ( 'NONE', #10609, 0.1377952755905512972 ) ;
#186 = EDGE_LOOP ( 'NONE', ( #7535, #2476, #6588, #5357 ) ) ;
#187 = ORIENTED_EDGE ( 'NONE', *, *, #9786, .T. ) ;
#188 = EDGE_CURVE ( 'NONE', #1221, #10033, #9466, .T. ) ;
#189 = EDGE_LOOP ( 'NONE', ( #6660, #5309, #3592, #7313 ) ) ;
#190 = EDGE_CURVE ( 'NONE', #8438, #5217, #5829, .T. ) ;
#191 = CARTESIAN_POINT ( 'NONE',  ( 0.04538125036984175936, 0.1507476349739040877, 2.576767843800386260 ) ) ;
#192 = EDGE_CURVE ( 'NONE', #8787, #7890, #8449, .T. ) ;
#193 = CIRCLE ( 'NONE', #5843, 0.09842519685039406718 ) ;
#194 = ORIENTED_EDGE ( 'NONE', *, *, #9347, .F. ) ;
#195 = CYLINDRICAL_SURFACE ( 'NONE', #5306, 0.01968503937007875723 ) ;
#196 = CARTESIAN_POINT ( 'NONE',  ( -0.8350177238743349273, -3.414809992080329023E-17, 1.705984133059284424 ) ) ;
#197 = FACE_OUTER_BOUND ( 'NONE', #9517, .T. ) ;
#198 = DIRECTION ( 'NONE',  ( 0.000000000000000000, 0.000000000000000000, 1.000000000000000000 ) ) ;
#199 = ORIENTED_EDGE ( 'NONE', *, *, #2029, .T. ) ;
#200 = AXIS2_PLACEMENT_3D ( 'NONE', #7164, #7337, #10657 ) ;
#201 = ADVANCED_FACE ( 'NONE', ( #11095 ), #10356, .T. ) ;
#202 = DIRECTION ( 'NONE',  ( -1.000000000000000000, 0.000000000000000000, -0.000000000000000000 ) ) ;
#203 = CARTESIAN_POINT ( 'NONE',  ( -0.8713874896549197446, 0.1771653543307086520, 2.558269957564442976 ) ) ;
#204 = ORIENTED_EDGE ( 'NONE', *, *, #325, .T. ) ;
#205 = EDGE_CURVE ( 'NONE', #10736, #2403, #3190, .T. ) ;
#206 = CARTESIAN_POINT ( 'NONE',  ( 0.7849846360638952358, 0.1574803149606299191, 3.631283403896397980E-16 ) ) ;
#207 = DIRECTION ( 'NONE',  ( 0.000000000000000000, 1.000000000000000000, 0.000000000000000000 ) ) ;
#208 = VECTOR ( 'NONE', #7801, 39.37007874015748143 ) ;
#209 = LINE ( 'NONE', #10739, #1848 ) ;
#210 = ORIENTED_EDGE ( 'NONE', *, *, #5030, .T. ) ;
#211 = CARTESIAN_POINT ( 'NONE',  ( 0.000000000000000000, 0.1574803149606299191, 1.042521926068380456 ) ) ;
#212 = AXIS2_PLACEMENT_3D ( 'NONE', #2754, #3794, #6229 ) ;
#213 = EDGE_CURVE ( 'NONE', #9078, #10673, #7030, .T. ) ;
#214 = VERTEX_POINT ( 'NONE', #3494 ) ;
#215 = CARTESIAN_POINT ( 'NONE',  ( 1.462704085015511524, 0.000000000000000000, 4.013548461634169229 ) ) ;
#216 =( BOUNDED_CURVE ( )  B_SPLINE_CURVE ( 3, ( #1234, #4717, #2967, #7451 ),
 .UNSPECIFIED., .F., .F. ) 
 B_SPLINE_CURVE_WITH_KNOTS ( ( 4, 4 ),
 ( 3.141592653589793116, 4.712388980384689674 ),
 .UNSPECIFIED. ) 
 CURVE ( )  GEOMETRIC_REPRESENTATION_ITEM ( )  RATIONAL_B_SPLINE_CURVE ( ( 1.000000000000000000, 0.8047378541243649375, 0.8047378541243649375, 1.000000000000000000 ) ) 
 REPRESENTATION_ITEM ( '' )  );
#217 = EDGE_CURVE ( 'NONE', #6009, #7145, #968, .T. ) ;
#218 = VERTEX_POINT ( 'NONE', #8796 ) ;
#219 = CARTESIAN_POINT ( 'NONE',  ( 0.6443605418411433305, 0.1574803149606299191, 1.810238461501450624 ) ) ;
#220 = PLANE ( 'NONE',  #2806 ) ;
#221 = CARTESIAN_POINT ( 'NONE',  ( -1.814854970102599552, 0.000000000000000000, -4.318600491123248212E-16 ) ) ;
#222 = CARTESIAN_POINT ( 'NONE',  ( -0.1233559935919277678, 0.1690115440477736597, 1.649929327908621124 ) ) ;
#223 = ORIENTED_EDGE ( 'NONE', *, *, #9387, .T. ) ;
#224 = VERTEX_POINT ( 'NONE', #903 ) ;
#225 = CARTESIAN_POINT ( 'NONE',  ( -1.814854970102598664, 0.000000000000000000, 1.147199780013996362 ) ) ;
#226 = AXIS2_PLACEMENT_3D ( 'NONE', #8102, #277, #10629 ) ;
#227 = CARTESIAN_POINT ( 'NONE',  ( -0.1936307821617741509, 0.3470877061559771715, 2.648229785504368383 ) ) ;
#228 = VERTEX_POINT ( 'NONE', #109 ) ;
#229 = FACE_OUTER_BOUND ( 'NONE', #6300, .T. ) ;
#230 = DIRECTION ( 'NONE',  ( 5.782411586589361090E-17, 0.000000000000000000, 1.000000000000000000 ) ) ;
#231 = ORIENTED_EDGE ( 'NONE', *, *, #2873, .T. ) ;
#232 = CARTESIAN_POINT ( 'NONE',  ( 0.000000000000000000, 0.1574803149606299191, 0.9018978318456288834 ) ) ;
#233 = CARTESIAN_POINT ( 'NONE',  ( -1.498879697478703532, 0.1529109616598305632, 1.809838694887985655 ) ) ;
#234 = EDGE_CURVE ( 'NONE', #4696, #6731, #10651, .T. ) ;
#235 = DIRECTION ( 'NONE',  ( -1.000000000000000000, 0.000000000000000000, -0.000000000000000000 ) ) ;
#236 = VECTOR ( 'NONE', #8711, 39.37007874015748854 ) ;
#237 = AXIS2_PLACEMENT_3D ( 'NONE', #5768, #3314, #612 ) ;
#238 = CARTESIAN_POINT ( 'NONE',  ( 1.431762116644293092, 0.1771653543307086520, 0.9018978318456289944 ) ) ;
#239 = DIRECTION ( 'NONE',  ( 0.5031907286678238833, 0.000000000000000000, -0.8641753818425657041 ) ) ;
#240 = LINE ( 'NONE', #6356, #1926 ) ;
#241 = EDGE_LOOP ( 'NONE', ( #5009, #9872, #7083, #2372 ) ) ;
#242 = VERTEX_POINT ( 'NONE', #10585 ) ;
#243 = FACE_OUTER_BOUND ( 'NONE', #1907, .T. ) ;
#244 = ORIENTED_EDGE ( 'NONE', *, *, #9231, .T. ) ;
#245 = VERTEX_POINT ( 'NONE', #7935 ) ;
#246 = ADVANCED_FACE ( 'NONE', ( #4516 ), #8056, .T. ) ;
#247 = ORIENTED_EDGE ( 'NONE', *, *, #9209, .F. ) ;
#248 = DIMENSIONAL_EXPONENTS ( 1.000000000000000000, 0.000000000000000000, 0.000000000000000000, 0.000000000000000000, 0.000000000000000000, 0.000000000000000000, 0.000000000000000000 ) ;
#249 = ORIENTED_EDGE ( 'NONE', *, *, #7452, .F. ) ;
#250 = ORIENTED_EDGE ( 'NONE', *, *, #3526, .T. ) ;
#251 = PRODUCT_DEFINITION ( 'UNKNOWN', '', #6236, #9051 ) ;
#252 = VERTEX_POINT ( 'NONE', #7819 ) ;
#253 = DIRECTION ( 'NONE',  ( 1.000000000000000000, -0.000000000000000000, -4.625929269271484928E-16 ) ) ;
#254 = EDGE_LOOP ( 'NONE', ( #5800, #5616, #6360, #8329 ) ) ;
#255 = EDGE_CURVE ( 'NONE', #5397, #1406, #5169, .T. ) ;
#256 = CARTESIAN_POINT ( 'NONE',  ( -0.8601305606537800186, 0.000000000000000000, -0.1075145304918145167 ) ) ;
#257 = CARTESIAN_POINT ( 'NONE',  ( 0.05522377005488090379, 2.287311901041906737, -9.579797034614689950E-18 ) ) ;
#258 = DIRECTION ( 'NONE',  ( -0.3420201433256694346, 0.9396926207859080948, 0.000000000000000000 ) ) ;
#259 = DIRECTION ( 'NONE',  ( 0.000000000000000000, 0.000000000000000000, -1.000000000000000000 ) ) ;
#260 = ADVANCED_FACE ( 'NONE', ( #1835 ), #171, .T. ) ;
#261 = ORIENTED_EDGE ( 'NONE', *, *, #9372, .T. ) ;
#262 = ORIENTED_EDGE ( 'NONE', *, *, #2015, .F. ) ;
#263 = CARTESIAN_POINT ( 'NONE',  ( 1.767822195251732786, 0.1968503937007874127, -1.941175947814649749 ) ) ;
#264 = CARTESIAN_POINT ( 'NONE',  ( -0.1936307821617741509, 0.3470877061559771715, 0.3450801792051558792 ) ) ;
#265 = VECTOR ( 'NONE', #7414, 39.37007874015748143 ) ;
#266 = CARTESIAN_POINT ( 'NONE',  ( -0.8601305606537805737, 0.000000000000000000, -0.2020027194681933147 ) ) ;
#267 = ORIENTED_EDGE ( 'NONE', *, *, #1042, .T. ) ;
#268 = CARTESIAN_POINT ( 'NONE',  ( 0.000000000000000000, 0.4724409448818898127, 0.000000000000000000 ) ) ;
#269 = CARTESIAN_POINT ( 'NONE',  ( -0.7223352850632289712, 0.1771653543307086520, 1.050950036437319657 ) ) ;
#270 = EDGE_CURVE ( 'NONE', #7945, #6935, #6223, .T. ) ;
#271 = CARTESIAN_POINT ( 'NONE',  ( -2.011705363803387048, 0.1771653543307086520, -1.508105081672917125 ) ) ;
#272 = DIRECTION ( 'NONE',  ( 0.000000000000000000, 1.000000000000000000, -0.000000000000000000 ) ) ;
#273 = ORIENTED_EDGE ( 'NONE', *, *, #10796, .F. ) ;
#274 = CARTESIAN_POINT ( 'NONE',  ( -0.7307633954321687275, 0.1574803149606299191, 2.417645863341691737 ) ) ;
#275 = CIRCLE ( 'NONE', #6655, 0.09842519685039378963 ) ;
#276 = EDGE_CURVE ( 'NONE', #2627, #3134, #9853, .T. ) ;
#277 = DIRECTION ( 'NONE',  ( 0.9396926207859080948, 0.3420201433256694346, 0.000000000000000000 ) ) ;
#278 = ORIENTED_EDGE ( 'NONE', *, *, #10455, .F. ) ;
#279 = DIRECTION ( 'NONE',  ( 1.000000000000000000, -0.000000000000000000, 0.000000000000000000 ) ) ;
#280 = CARTESIAN_POINT ( 'NONE',  ( -0.7223352850632291933, 0.1771653543307086520, 3.176934288405823370 ) ) ;
#281 = CARTESIAN_POINT ( 'NONE',  ( 0.04538125036984168303, 0.1507476349739040877, 3.954266087341969271 ) ) ;
#282 = ORIENTED_EDGE ( 'NONE', *, *, #10647, .F. ) ;
#283 = FACE_OUTER_BOUND ( 'NONE', #100, .T. ) ;
#284 = VECTOR ( 'NONE', #5486, 39.37007874015748143 ) ;
#285 = PLANE ( 'NONE',  #8734 ) ;
#286 = ORIENTED_EDGE ( 'NONE', *, *, #6584, .T. ) ;
#287 = EDGE_CURVE ( 'NONE', #2509, #2984, #5375, .T. ) ;
#288 = FACE_OUTER_BOUND ( 'NONE', #8178, .T. ) ;
#289 = CARTESIAN_POINT ( 'NONE',  ( 6.568220433224385909E-16, 0.000000000000000000, 4.259611453760153488 ) ) ;
#290 = ORIENTED_EDGE ( 'NONE', *, *, #325, .F. ) ;
#291 = ORIENTED_EDGE ( 'NONE', *, *, #8222, .F. ) ;
#292 = PLANE ( 'NONE',  #794 ) ;
#293 =( BOUNDED_CURVE ( )  B_SPLINE_CURVE ( 3, ( #3829, #1992, #10745, #8968 ),
 .UNSPECIFIED., .F., .F. ) 
 B_SPLINE_CURVE_WITH_KNOTS ( ( 4, 4 ),
 ( 3.141592653589793116, 3.490658503988660843 ),
 .UNSPECIFIED. ) 
 CURVE ( )  GEOMETRIC_REPRESENTATION_ITEM ( )  RATIONAL_B_SPLINE_CURVE ( ( 1.000000000000000000, 0.9898718353414719395, 0.9898718353414719395, 1.000000000000000000 ) ) 
 REPRESENTATION_ITEM ( '' )  );
#294 = EDGE_LOOP ( 'NONE', ( #3220, #744, #10517, #5119 ) ) ;
#295 = CIRCLE ( 'NONE', #7756, 0.1377952755905512972 ) ;
#296 = VECTOR ( 'NONE', #6127, 39.37007874015748143 ) ;
#297 = LINE ( 'NONE', #9100, #8061 ) ;
#298 = DIRECTION ( 'NONE',  ( -1.368951553890978336E-17, 0.000000000000000000, 1.000000000000000000 ) ) ;
#299 = LINE ( 'NONE', #3796, #4331 ) ;
#300 = ORIENTED_EDGE ( 'NONE', *, *, #3410, .F. ) ;
#301 = CARTESIAN_POINT ( 'NONE',  ( -1.253831348055355566, 0.1968503937007873017, -0.2020027194681933147 ) ) ;
#302 = LINE ( 'NONE', #3857, #8300 ) ;
#303 = ORIENTED_EDGE ( 'NONE', *, *, #10048, .F. ) ;
#304 = EDGE_CURVE ( 'NONE', #5410, #996, #2577, .T. ) ;
#305 = VECTOR ( 'NONE', #7558, 39.37007874015748143 ) ;
#306 = EDGE_CURVE ( 'NONE', #9951, #9530, #7995, .T. ) ;
#307 = VERTEX_POINT ( 'NONE', #49 ) ;
#308 = CARTESIAN_POINT ( 'NONE',  ( -2.031390403173464865, 0.1968503937007873017, 0.1326429498231453119 ) ) ;
#309 = ORIENTED_EDGE ( 'NONE', *, *, #11295, .T. ) ;
#310 = ORIENTED_EDGE ( 'NONE', *, *, #3340, .T. ) ;
#311 = PLANE ( 'NONE',  #2130 ) ;
#312 = EDGE_LOOP ( 'NONE', ( #4771, #2079, #623, #4801 ) ) ;
#313 = VERTEX_POINT ( 'NONE', #4400 ) ;
#314 = AXIS2_PLACEMENT_3D ( 'NONE', #232, #918, #10811 ) ;
#315 = VERTEX_POINT ( 'NONE', #7874 ) ;
#316 = ORIENTED_EDGE ( 'NONE', *, *, #955, .T. ) ;
#317 = LINE ( 'NONE', #424, #7305 ) ;
#318 = ORIENTED_EDGE ( 'NONE', *, *, #521, .F. ) ;
#319 = CARTESIAN_POINT ( 'NONE',  ( 2.181208022023385595, 0.1771653543307086520, -1.004824633837119412E-15 ) ) ;
#320 = CYLINDRICAL_SURFACE ( 'NONE', #5209, 0.01968503937007875723 ) ;
#321 = VERTEX_POINT ( 'NONE', #7152 ) ;
#322 = DIRECTION ( 'NONE',  ( 0.000000000000000000, 0.3420201433256694346, 0.9396926207859080948 ) ) ;
#323 = DIRECTION ( 'NONE',  ( -1.151683635503274765E-16, 0.000000000000000000, -1.000000000000000000 ) ) ;
#324 = EDGE_LOOP ( 'NONE', ( #6622, #6299, #2592, #421 ) ) ;
#325 = EDGE_CURVE ( 'NONE', #9876, #5062, #10646, .T. ) ;
#326 = DIRECTION ( 'NONE',  ( 0.000000000000000000, 0.000000000000000000, 1.000000000000000000 ) ) ;
#327 = AXIS2_PLACEMENT_3D ( 'NONE', #7092, #5440, #8924 ) ;
#328 = DIRECTION ( 'NONE',  ( -0.000000000000000000, 1.000000000000000000, -0.000000000000000000 ) ) ;
#329 =( CONVERSION_BASED_UNIT ( 'INCH', #4785 ) LENGTH_UNIT ( ) NAMED_UNIT ( #248 ) );
#330 = ORIENTED_EDGE ( 'NONE', *, *, #1806, .T. ) ;
#331 = CARTESIAN_POINT ( 'NONE',  ( -1.499667083999375317, 0.1507476349739041432, 1.641501217539681701 ) ) ;
#332 = VERTEX_POINT ( 'NONE', #9789 ) ;
#333 = CARTESIAN_POINT ( 'NONE',  ( 1.412077077274214387, 0.1574803149606299191, 1.649929327908620680 ) ) ;
#334 = CARTESIAN_POINT ( 'NONE',  ( -0.7504484348022469886, 0.1771653543307086520, 2.558269957564442976 ) ) ;
#335 = DIRECTION ( 'NONE',  ( -1.000000000000000000, 0.000000000000000000, -0.000000000000000000 ) ) ;
#336 = EDGE_CURVE ( 'NONE', #8795, #3776, #3186, .T. ) ;
#337 = PLANE ( 'NONE',  #7627 ) ;
#338 = EDGE_LOOP ( 'NONE', ( #9116, #5224, #1594, #9748 ) ) ;
#339 = CARTESIAN_POINT ( 'NONE',  ( 0.8034825222998377425, 0.1507476349739041432, 0.2736182375011737555 ) ) ;
#340 = CARTESIAN_POINT ( 'NONE',  ( -1.992020324433308343, 0.4724409448818898127, -1.626215317893389356 ) ) ;
#341 = EDGE_CURVE ( 'NONE', #3236, #2847, #9099, .T. ) ;
#342 = DIRECTION ( 'NONE',  ( 0.000000000000000000, -1.000000000000000000, 0.000000000000000000 ) ) ;
#343 = CARTESIAN_POINT ( 'NONE',  ( -1.498479930865239451, 0.1574803149606299191, 3.185362398774762571 ) ) ;
#344 = ORIENTED_EDGE ( 'NONE', *, *, #10319, .T. ) ;
#345 = CARTESIAN_POINT ( 'NONE',  ( -1.475210875130816426E-17, 0.1574803149606299191, 0.2551203512652306382 ) ) ;
#346 = VECTOR ( 'NONE', #5784, 39.37007874015748143 ) ;
#347 = CARTESIAN_POINT ( 'NONE',  ( -0.1036709542218489100, 0.1574803149606299191, -1.198936253770387904E-17 ) ) ;
#348 = CARTESIAN_POINT ( 'NONE',  ( -1.490051820496300028, 0.1507476349739040877, 3.186549551908898437 ) ) ;
#349 = EDGE_CURVE ( 'NONE', #3680, #141, #3555, .T. ) ;
#350 = CARTESIAN_POINT ( 'NONE',  ( -1.498479930865239007, 0.1574803149606299191, 0.2748053906353092879 ) ) ;
#351 = PRODUCT_DEFINITION_CONTEXT ( 'detailed design', #1382, 'design' ) ;
#352 = CARTESIAN_POINT ( 'NONE',  ( 2.082782825172992514, 0.4724409448818898127, -1.941175947814649749 ) ) ;
#353 = DIRECTION ( 'NONE',  ( 0.000000000000000000, 1.000000000000000000, -0.000000000000000000 ) ) ;
#354 = CARTESIAN_POINT ( 'NONE',  ( -0.1233559935919277123, 0.1551781507868630339, 0.8822127924755501782 ) ) ;
#355 = ORIENTED_EDGE ( 'NONE', *, *, #6653, .F. ) ;
#356 = AXIS2_PLACEMENT_3D ( 'NONE', #3245, #2274, #9367 ) ;
#357 = CARTESIAN_POINT ( 'NONE',  ( -0.7868182005828321390, 1.707404996040164512E-17, 3.289616727216929437 ) ) ;
#358 = VECTOR ( 'NONE', #6146, 39.37007874015748143 ) ;
#359 =( BOUNDED_CURVE ( )  B_SPLINE_CURVE ( 3, ( #841, #4451, #8791, #4337 ),
 .UNSPECIFIED., .F., .T. ) 
 B_SPLINE_CURVE_WITH_KNOTS ( ( 4, 4 ),
 ( 4.712388980384689674, 6.283185307179586232 ),
 .UNSPECIFIED. ) 
 CURVE ( )  GEOMETRIC_REPRESENTATION_ITEM ( )  RATIONAL_B_SPLINE_CURVE ( ( 1.000000000000000000, 0.8047378541243649375, 0.8047378541243649375, 1.000000000000000000 ) ) 
 REPRESENTATION_ITEM ( '' )  );
#360 = VERTEX_POINT ( 'NONE', #5662 ) ;
#361 = LINE ( 'NONE', #2829, #10072 ) ;
#362 = CARTESIAN_POINT ( 'NONE',  ( -2.011705363803387048, 0.4724409448818898127, -1.882120829704413190 ) ) ;
#363 = EDGE_LOOP ( 'NONE', ( #1068, #7572, #3409, #1929 ) ) ;
#364 = CARTESIAN_POINT ( 'NONE',  ( -1.498879697478703976, 0.1529109616598305077, 0.2744056240218446518 ) ) ;
#365 = VERTEX_POINT ( 'NONE', #4635 ) ;
#366 = VERTEX_POINT ( 'NONE', #5611 ) ;
#367 = AXIS2_PLACEMENT_3D ( 'NONE', #1414, #754, #7839 ) ;
#368 = EDGE_CURVE ( 'NONE', #9753, #2351, #9156, .T. ) ;
#369 = VECTOR ( 'NONE', #1742, 39.37007874015748143 ) ;
#370 = ADVANCED_FACE ( 'NONE', ( #8119 ), #292, .F. ) ;
#371 = DIRECTION ( 'NONE',  ( 1.000000000000000000, 0.000000000000000000, 0.000000000000000000 ) ) ;
#372 = VERTEX_POINT ( 'NONE', #7379 ) ;
#373 = AXIS2_PLACEMENT_3D ( 'NONE', #3379, #9384, #1490 ) ;
#374 = DIRECTION ( 'NONE',  ( 0.000000000000000000, 0.9396926207859080948, 0.3420201433256694346 ) ) ;
#375 = AXIS2_PLACEMENT_3D ( 'NONE', #3856, #10767, #2946 ) ;
#376 = CARTESIAN_POINT ( 'NONE',  ( 1.866247392102125868, 0.000000000000000000, 1.147199780013995030 ) ) ;
#377 = CARTESIAN_POINT ( 'NONE',  ( 0.03576598686676674826, 0.1507476349739041432, 3.176934288405823370 ) ) ;
#378 = DIRECTION ( 'NONE',  ( 0.000000000000000000, 0.000000000000000000, -1.000000000000000000 ) ) ;
#379 = VECTOR ( 'NONE', #6265, 39.37007874015748143 ) ;
#380 = ORIENTED_EDGE ( 'NONE', *, *, #5834, .T. ) ;
#381 = DIRECTION ( 'NONE',  ( 0.000000000000000000, -0.9396926207859080948, 0.3420201433256694346 ) ) ;
#382 = CARTESIAN_POINT ( 'NONE',  ( -1.554534736015902530, 0.000000000000000000, 3.944650823838894205 ) ) ;
#383 = VERTEX_POINT ( 'NONE', #4803 ) ;
#384 = VECTOR ( 'NONE', #9580, 39.37007874015748143 ) ;
#385 = DIRECTION ( 'NONE',  ( 1.982541115402064913E-15, 0.000000000000000000, 1.000000000000000000 ) ) ;
#386 = CARTESIAN_POINT ( 'NONE',  ( -0.1221688404577920967, 0.1507476349739041432, 2.409217752972752979 ) ) ;
#387 = EDGE_CURVE ( 'NONE', #8957, #5109, #6572, .T. ) ;
#388 = CARTESIAN_POINT ( 'NONE',  ( -1.554534736015902530, 1.707404996040164512E-17, 4.009133739358497373 ) ) ;
#389 = LINE ( 'NONE', #1015, #4799 ) ;
#390 = FACE_OUTER_BOUND ( 'NONE', #9929, .T. ) ;
#391 = DIRECTION ( 'NONE',  ( -0.3236155771181852825, 0.8891264907159880382, -0.3236155771181852825 ) ) ;
#392 = VERTEX_POINT ( 'NONE', #10863 ) ;
#393 = DIRECTION ( 'NONE',  ( -4.625929269271465206E-16, 0.000000000000000000, -1.000000000000000000 ) ) ;
#394 = AXIS2_PLACEMENT_3D ( 'NONE', #4242, #9452, #6 ) ;
#395 = DIRECTION ( 'NONE',  ( -0.000000000000000000, 1.000000000000000000, -0.000000000000000000 ) ) ;
#396 = DIRECTION ( 'NONE',  ( -0.000000000000000000, 1.000000000000000000, -0.000000000000000000 ) ) ;
#397 = FACE_OUTER_BOUND ( 'NONE', #6534, .T. ) ;
#398 = AXIS2_PLACEMENT_3D ( 'NONE', #9736, #8179, #9852 ) ;
#399 = EDGE_LOOP ( 'NONE', ( #8252, #5770, #5110, #9207 ) ) ;
#400 = EDGE_CURVE ( 'NONE', #6687, #8756, #10070, .T. ) ;
#401 = FACE_OUTER_BOUND ( 'NONE', #7964, .T. ) ;
#402 = AXIS2_PLACEMENT_3D ( 'NONE', #5716, #8380, #9261 ) ;
#403 = CARTESIAN_POINT ( 'NONE',  ( -0.1221688404577920550, 0.1507476349739040600, 0.8833999456096859326 ) ) ;
#404 = ADVANCED_FACE ( 'NONE', ( #2005 ), #5496, .T. ) ;
#405 = CARTESIAN_POINT ( 'NONE',  ( 1.412077077274214387, 0.1574803149606299191, 1.810238461501450624 ) ) ;
#406 = VECTOR ( 'NONE', #665, 39.37007874015748143 ) ;
#407 = LINE ( 'NONE', #8286, #834 ) ;
#409 = VERTEX_POINT ( 'NONE', #3792 ) ;
#408 = CARTESIAN_POINT ( 'NONE',  ( -1.253831348055355566, 0.1968503937007874127, -0.3027612501834430203 ) ) ;
#410 = PLANE ( 'NONE',  #3821 ) ;
#411 = CARTESIAN_POINT ( 'NONE',  ( -0.1233559935919276845, 0.1574803149606299191, 3.345671532367592516 ) ) ;
#412 = ORIENTED_EDGE ( 'NONE', *, *, #10350, .F. ) ;
#413 = CARTESIAN_POINT ( 'NONE',  ( 0.7004153469918070751, -3.414809992080329023E-17, 3.289616727216928549 ) ) ;
#414 = EDGE_LOOP ( 'NONE', ( #9414, #5749, #1514, #8511 ) ) ;
#415 = CARTESIAN_POINT ( 'NONE',  ( -1.814854970102599330, 0.1968503937007874127, -1.645900357263467839 ) ) ;
#416 = ADVANCED_FACE ( 'NONE', ( #3902 ), #7324, .T. ) ;
#417 = CARTESIAN_POINT ( 'NONE',  ( -2.011705363803387048, 0.000000000000000000, -0.2020027194681925098 ) ) ;
#418 = CARTESIAN_POINT ( 'NONE',  ( -2.169185678764017133, 0.4724409448818898127, -1.626215317893389356 ) ) ;
#419 = AXIS2_PLACEMENT_3D ( 'NONE', #9660, #3778, #2053 ) ;
#420 = EDGE_LOOP ( 'NONE', ( #6313, #4114, #10501, #3240 ) ) ;
#421 = ORIENTED_EDGE ( 'NONE', *, *, #6164, .T. ) ;
#422 = ADVANCED_FACE ( 'NONE', ( #401 ), #3041, .F. ) ;
#423 = VECTOR ( 'NONE', #142, 39.37007874015748143 ) ;
#424 = CARTESIAN_POINT ( 'NONE',  ( 1.341802288704367907, 0.3470877061559770049, 1.112796714638226714 ) ) ;
#425 = VECTOR ( 'NONE', #2439, 39.37007874015748143 ) ;
#426 = ORIENTED_EDGE ( 'NONE', *, *, #10363, .F. ) ;
#427 = DIRECTION ( 'NONE',  ( -1.000000000000000000, 0.000000000000000000, -0.000000000000000000 ) ) ;
#428 = EDGE_CURVE ( 'NONE', #5667, #4399, #10999, .T. ) ;
#429 = DIRECTION ( 'NONE',  ( -0.000000000000000000, -1.000000000000000000, 0.000000000000000000 ) ) ;
#430 = CARTESIAN_POINT ( 'NONE',  ( 0.03695314000090248185, 0.1574803149606299191, 2.577954996934521681 ) ) ;
#431 = CARTESIAN_POINT ( 'NONE',  ( 0.03576598686676674133, 0.1507476349739041432, 3.954266087341969271 ) ) ;
#432 = CARTESIAN_POINT ( 'NONE',  ( 1.925302510212362650, 0.4724409448818898127, -1.783695632854019442 ) ) ;
#433 = CIRCLE ( 'NONE', #6640, 0.1377952755905512972 ) ;
#434 = DIRECTION ( 'NONE',  ( -1.156482317317871478E-16, 0.000000000000000000, 1.000000000000000000 ) ) ;
#435 =( BOUNDED_CURVE ( )  B_SPLINE_CURVE ( 3, ( #11185, #9311, #3417, #1582 ),
 .UNSPECIFIED., .F., .F. ) 
 B_SPLINE_CURVE_WITH_KNOTS ( ( 4, 4 ),
 ( 1.570796326794896780, 3.141592653589793116 ),
 .UNSPECIFIED. ) 
 CURVE ( )  GEOMETRIC_REPRESENTATION_ITEM ( )  RATIONAL_B_SPLINE_CURVE ( ( 1.000000000000000000, 0.8047378541243650485, 0.8047378541243650485, 1.000000000000000000 ) ) 
 REPRESENTATION_ITEM ( '' )  );
#436 = CARTESIAN_POINT ( 'NONE',  ( 1.925302510212362650, 0.4724409448818898127, -1.783695632854019442 ) ) ;
#437 = DIRECTION ( 'NONE',  ( -0.000000000000000000, -0.000000000000000000, 1.000000000000000000 ) ) ;
#438 = EDGE_CURVE ( 'NONE', #1476, #8957, #6409, .T. ) ;
#439 = DIRECTION ( 'NONE',  ( 1.000000000000000000, 0.000000000000000000, 0.000000000000000000 ) ) ;
#440 = ORIENTED_EDGE ( 'NONE', *, *, #9784, .F. ) ;
#441 = DIRECTION ( 'NONE',  ( 0.000000000000000000, 0.000000000000000000, 1.000000000000000000 ) ) ;
#442 = EDGE_LOOP ( 'NONE', ( #3449, #4345, #6781, #8995 ) ) ;
#443 = LINE ( 'NONE', #4845, #10829 ) ;
#444 = VECTOR ( 'NONE', #11316, 39.37007874015748143 ) ;
#445 = CARTESIAN_POINT ( 'NONE',  ( 1.728452116511574266, 0.000000000000000000, -2.998386463614427293E-16 ) ) ;
#446 = CYLINDRICAL_SURFACE ( 'NONE', #2530, 0.01968503937007875723 ) ;
#447 = LINE ( 'NONE', #3993, #10399 ) ;
#448 = DIRECTION ( 'NONE',  ( 0.000000000000000000, 0.000000000000000000, -1.000000000000000000 ) ) ;
#449 = CARTESIAN_POINT ( 'NONE',  ( 2.043412746432833327, 0.000000000000000000, -2.039601144665043719 ) ) ;
#450 = VECTOR ( 'NONE', #4440, 39.37007874015748143 ) ;
#451 = ORIENTED_EDGE ( 'NONE', *, *, #7338, .T. ) ;
#452 = CARTESIAN_POINT ( 'NONE',  ( 0.6443605418411432195, 0.1574803149606299191, 3.185362398774762571 ) ) ;
#453 = CARTESIAN_POINT ( 'NONE',  ( -1.490051820496300250, 0.000000000000000000, 0.9864671209177166000 ) ) ;
#454 = CARTESIAN_POINT ( 'NONE',  ( -0.7307633954321681724, 0.1574803149606299191, 2.577954996934522125 ) ) ;
#455 = AXIS2_PLACEMENT_3D ( 'NONE', #935, #8589, #7788 ) ;
#456 = DIRECTION ( 'NONE',  ( 0.000000000000000000, 0.000000000000000000, 1.000000000000000000 ) ) ;
#457 = ORIENTED_EDGE ( 'NONE', *, *, #6498, .F. ) ;
#458 = ORIENTED_EDGE ( 'NONE', *, *, #234, .F. ) ;
#459 = ADVANCED_FACE ( 'NONE', ( #8283 ), #7429, .F. ) ;
#460 = DIRECTION ( 'NONE',  ( 1.156482317317871478E-16, -0.000000000000000000, -1.000000000000000000 ) ) ;
#461 = DIRECTION ( 'NONE',  ( -0.3236155771181852825, 0.8891264907159880382, 0.3236155771181852825 ) ) ;
#462 = VERTEX_POINT ( 'NONE', #1209 ) ;
#463 = DIRECTION ( 'NONE',  ( 0.000000000000000000, 1.000000000000000000, 0.000000000000000000 ) ) ;
#464 = ADVANCED_FACE ( 'NONE', ( #10913 ), #8177, .T. ) ;
#465 = VERTEX_POINT ( 'NONE', #3846 ) ;
#466 = VECTOR ( 'NONE', #5018, 39.37007874015748143 ) ;
#467 = FACE_OUTER_BOUND ( 'NONE', #3748, .T. ) ;
#469 = ORIENTED_EDGE ( 'NONE', *, *, #5354, .T. ) ;
#468 = VECTOR ( 'NONE', #9500, 39.37007874015748143 ) ;
#470 = CARTESIAN_POINT ( 'NONE',  ( -1.498479930865239007, 0.1574803149606299191, 0.2748053906353092879 ) ) ;
#471 = ORIENTED_EDGE ( 'NONE', *, *, #9621, .F. ) ;
#472 = ADVANCED_FACE ( 'NONE', ( #1650 ), #4955, .T. ) ;
#473 = CIRCLE ( 'NONE', #5758, 0.05511811023622041616 ) ;
#474 = CARTESIAN_POINT ( 'NONE',  ( 0.03576598686676674826, 0.1507476349739041432, 1.641501217539681701 ) ) ;
#475 = EDGE_LOOP ( 'NONE', ( #5133, #469, #4819, #3974 ) ) ;
#476 = VERTEX_POINT ( 'NONE', #3146 ) ;
#477 = EDGE_CURVE ( 'NONE', #2557, #8940, #10122, .T. ) ;
#478 = CYLINDRICAL_SURFACE ( 'NONE', #2969, 0.01968503937007875723 ) ;
#479 = CARTESIAN_POINT ( 'NONE',  ( 0.6640455812112220357, 0.1771653543307086520, 0.9018978318456289944 ) ) ;
#480 = CIRCLE ( 'NONE', #3584, 0.1377952755905512972 ) ;
#481 = DIRECTION ( 'NONE',  ( -0.3420201433256694346, -0.9396926207859080948, 0.000000000000000000 ) ) ;
#482 = VERTEX_POINT ( 'NONE', #7537 ) ;
#483 = FACE_OUTER_BOUND ( 'NONE', #1230, .T. ) ;
#484 = EDGE_CURVE ( 'NONE', #7232, #7439, #6624, .T. ) ;
#485 = CIRCLE ( 'NONE', #3590, 0.1377952755905511861 ) ;
#486 = FILL_AREA_STYLE_COLOUR ( '', #4745 ) ;
#487 = ORIENTED_EDGE ( 'NONE', *, *, #9544, .F. ) ;
#488 = CARTESIAN_POINT ( 'NONE',  ( -1.490051820496299806, 0.1507476349739041432, 0.2736182375011737555 ) ) ;
#489 = APPLICATION_PROTOCOL_DEFINITION ( 'draft international standard', 'automotive_design', 1998, #926 ) ;
#490 = ORIENTED_EDGE ( 'NONE', *, *, #6295, .F. ) ;
#491 = CARTESIAN_POINT ( 'NONE',  ( -0.8601305606537800186, -0.2952755905511810774, -0.2020027194681925098 ) ) ;
#492 = ORIENTED_EDGE ( 'NONE', *, *, #9689, .T. ) ;
#493 = CARTESIAN_POINT ( 'NONE',  ( 1.412077077274214387, 0.1690115440477737152, 1.649929327908620680 ) ) ;
#494 = CARTESIAN_POINT ( 'NONE',  ( 0.7965158651510384491, 0.1771653543307086798, 3.193516209057697619 ) ) ;
#495 = EDGE_CURVE ( 'NONE', #9982, #4327, #1477, .T. ) ;
#496 =( BOUNDED_CURVE ( )  B_SPLINE_CURVE ( 3, ( #10764, #4639, #9455, #1623 ),
 .UNSPECIFIED., .F., .F. ) 
 B_SPLINE_CURVE_WITH_KNOTS ( ( 4, 4 ),
 ( 5.934119456780719837, 6.283185307179586232 ),
 .UNSPECIFIED. ) 
 CURVE ( )  GEOMETRIC_REPRESENTATION_ITEM ( )  RATIONAL_B_SPLINE_CURVE ( ( 1.000000000000000000, 0.9898718353414720506, 0.9898718353414720506, 1.000000000000000000 ) ) 
 REPRESENTATION_ITEM ( '' )  );
#497 = EDGE_CURVE ( 'NONE', #6695, #6240, #836, .T. ) ;
#498 = CARTESIAN_POINT ( 'NONE',  ( -1.499667083999374873, 0.1507476349739040600, 3.954266087341969271 ) ) ;
#499 = CARTESIAN_POINT ( 'NONE',  ( -2.169185678764017133, 0.4724409448818898127, -1.941175947814649305 ) ) ;
#500 = LINE ( 'NONE', #11017, #9307 ) ;
#501 = DIRECTION ( 'NONE',  ( -1.000000000000000000, -0.000000000000000000, -0.000000000000000000 ) ) ;
#502 = CARTESIAN_POINT ( 'NONE',  ( 0.03695314000090244022, 0.1574803149606299191, 1.649929327908620902 ) ) ;
#503 = ORIENTED_EDGE ( 'NONE', *, *, #534, .T. ) ;
#504 = EDGE_LOOP ( 'NONE', ( #1333, #1109, #9477, #6319 ) ) ;
#505 = DIRECTION ( 'NONE',  ( 0.000000000000000000, 0.000000000000000000, 1.000000000000000000 ) ) ;
#506 = LINE ( 'NONE', #558, #2978 ) ;
#507 = CARTESIAN_POINT ( 'NONE',  ( -0.04320142679551295523, 0.000000000000000000, 0.1257531860436188198 ) ) ;
#508 = DIRECTION ( 'NONE',  ( -0.000000000000000000, 1.000000000000000000, -0.000000000000000000 ) ) ;
#509 = EDGE_LOOP ( 'NONE', ( #3343, #10603, #8287, #5849 ) ) ;
#510 = DIRECTION ( 'NONE',  ( 0.000000000000000000, 0.000000000000000000, -1.000000000000000000 ) ) ;
#511 = DIRECTION ( 'NONE',  ( 2.312964634635743943E-16, -0.000000000000000000, -1.000000000000000000 ) ) ;
#512 = LINE ( 'NONE', #4010, #3761 ) ;
#513 = ORIENTED_EDGE ( 'NONE', *, *, #3356, .F. ) ;
#514 = PLANE ( 'NONE',  #5831 ) ;
#515 = ORIENTED_EDGE ( 'NONE', *, *, #8099, .F. ) ;
#516 = CYLINDRICAL_SURFACE ( 'NONE', #9905, 0.01968503937007875723 ) ;
#517 = VECTOR ( 'NONE', #9840, 39.37007874015748143 ) ;
#518 = VERTEX_POINT ( 'NONE', #3251 ) ;
#519 = CARTESIAN_POINT ( 'NONE',  ( 2.082782825172992514, 0.4724409448818899238, -0.5366483887595313584 ) ) ;
#520 = ORIENTED_EDGE ( 'NONE', *, *, #1580, .T. ) ;
#521 = EDGE_CURVE ( 'NONE', #8822, #9104, #6789, .T. ) ;
#522 = AXIS2_PLACEMENT_3D ( 'NONE', #10131, #10347, #565 ) ;
#523 = CIRCLE ( 'NONE', #6178, 0.1377952755905511584 ) ;
#524 = CYLINDRICAL_SURFACE ( 'NONE', #3286, 0.1377952755905512972 ) ;
#525 = ORIENTED_EDGE ( 'NONE', *, *, #6443, .F. ) ;
#526 = ORIENTED_EDGE ( 'NONE', *, *, #4739, .T. ) ;
#527 = DIRECTION ( 'NONE',  ( 0.000000000000000000, 0.000000000000000000, 1.000000000000000000 ) ) ;
#528 = DIRECTION ( 'NONE',  ( 1.000000000000000000, 0.000000000000000000, 0.000000000000000000 ) ) ;
#529 = MECHANICAL_DESIGN_GEOMETRIC_PRESENTATION_REPRESENTATION (  '', ( #8941 ), #8745 ) ;
#530 = ADVANCED_FACE ( 'NONE', ( #4106 ), #5865, .F. ) ;
#531 = PLANE ( 'NONE',  #2469 ) ;
#532 = AXIS2_PLACEMENT_3D ( 'NONE', #4738, #8225, #393 ) ;
#533 = EDGE_CURVE ( 'NONE', #7954, #1791, #9318, .T. ) ;
#534 = EDGE_CURVE ( 'NONE', #9981, #7242, #2026, .T. ) ;
#535 = DIRECTION ( 'NONE',  ( -1.000000000000000000, 0.000000000000000000, -1.252855843761027209E-16 ) ) ;
#536 = VECTOR ( 'NONE', #2291, 39.37007874015748143 ) ;
#537 = CARTESIAN_POINT ( 'NONE',  ( 1.412077077274214387, 0.1574803149606299191, 3.185362398774762571 ) ) ;
#538 = CARTESIAN_POINT ( 'NONE',  ( 0.000000000000000000, 0.1574803149606299191, 0.8822127924755501782 ) ) ;
#539 = CARTESIAN_POINT ( 'NONE',  ( 0.000000000000000000, 0.1574803149606299191, 2.558269957564442976 ) ) ;
#540 = ORIENTED_EDGE ( 'NONE', *, *, #2250, .T. ) ;
#541 = EDGE_CURVE ( 'NONE', #8727, #7480, #8432, .T. ) ;
#542 = DIRECTION ( 'NONE',  ( 0.3236155771181852825, 0.8891264907159878161, -0.3236155771181852825 ) ) ;
#543 = VECTOR ( 'NONE', #501, 39.37007874015748143 ) ;
#544 = EDGE_LOOP ( 'NONE', ( #8939, #4547, #4491, #2972 ) ) ;
#545 = CARTESIAN_POINT ( 'NONE',  ( 1.590656840921023774, 0.000000000000000000, 4.259611453760153488 ) ) ;
#546 = ADVANCED_FACE ( 'NONE', ( #556, #9479, #11023, #9427, #3197, #10175, #5810, #4161, #607, #1591, #2332, #11076, #720, #6732, #2388, #7633, #9373, #1533, #11131, #8542, #4219, #11193, #3367, #7749, #9597, #10396, #10452, #949, #1762 ), #5236, .F. ) ;
#547 = CARTESIAN_POINT ( 'NONE',  ( 2.064066834482007895, 0.5905511811023621549, 0.3072779049789793326 ) ) ;
#548 = FACE_OUTER_BOUND ( 'NONE', #2419, .T. ) ;
#549 = DIRECTION ( 'NONE',  ( 0.000000000000000000, -1.000000000000000000, 0.000000000000000000 ) ) ;
#550 = AXIS2_PLACEMENT_3D ( 'NONE', #4673, #8156, #8096 ) ;
#551 = CARTESIAN_POINT ( 'NONE',  ( -0.8601305606537800186, -0.2952755905511810774, -0.2020027194681925098 ) ) ;
#552 = DIRECTION ( 'NONE',  ( 0.5031907286678237723, 0.000000000000000000, -0.8641753818425659261 ) ) ;
#553 = ORIENTED_EDGE ( 'NONE', *, *, #6060, .T. ) ;
#554 = ORIENTED_EDGE ( 'NONE', *, *, #7456, .F. ) ;
#555 = EDGE_CURVE ( 'NONE', #7187, #6643, #8721, .T. ) ;
#556 = FACE_BOUND ( 'NONE', #10630, .T. ) ;
#557 =( BOUNDED_CURVE ( )  B_SPLINE_CURVE ( 3, ( #9603, #10459, #4447, #159 ),
 .UNSPECIFIED., .F., .F. ) 
 B_SPLINE_CURVE_WITH_KNOTS ( ( 4, 4 ),
 ( 5.934119456780728719, 6.283185307179586232 ),
 .UNSPECIFIED. ) 
 CURVE ( )  GEOMETRIC_REPRESENTATION_ITEM ( )  RATIONAL_B_SPLINE_CURVE ( ( 1.000000000000000000, 0.9898718353414724946, 0.9898718353414724946, 1.000000000000000000 ) ) 
 REPRESENTATION_ITEM ( '' )  );
#558 = CARTESIAN_POINT ( 'NONE',  ( -0.01910166514976123844, 0.000000000000000000, 1.641501217539681701 ) ) ;
#559 = DIRECTION ( 'NONE',  ( 0.000000000000000000, 1.000000000000000000, -0.000000000000000000 ) ) ;
#560 = AXIS2_PLACEMENT_3D ( 'NONE', #7498, #1394, #3965 ) ;
#561 = CARTESIAN_POINT ( 'NONE',  ( -0.8910725290249986719, 0.1690115440477737707, 0.8822127924755501782 ) ) ;
#562 = LINE ( 'NONE', #6466, #6972 ) ;
#563 = EDGE_LOOP ( 'NONE', ( #10305, #3259, #8815, #2531 ) ) ;
#564 = ORIENTED_EDGE ( 'NONE', *, *, #7966, .T. ) ;
#565 = DIRECTION ( 'NONE',  ( 0.000000000000000000, 0.000000000000000000, 1.000000000000000000 ) ) ;
#566 = CARTESIAN_POINT ( 'NONE',  ( -0.8601305606537805737, 0.4724409448818899238, -0.3004279163185869517 ) ) ;
#567 = EDGE_LOOP ( 'NONE', ( #10408, #8675, #3255, #5155 ) ) ;
#568 = LINE ( 'NONE', #5934, #10409 ) ;
#569 = ORIENTED_EDGE ( 'NONE', *, *, #336, .F. ) ;
#570 = VECTOR ( 'NONE', #5002, 39.37007874015748143 ) ;
#571 = EDGE_CURVE ( 'NONE', #1531, #5448, #6143, .T. ) ;
#572 = DIRECTION ( 'NONE',  ( 0.000000000000000000, -1.000000000000000000, 0.000000000000000000 ) ) ;
#573 = CARTESIAN_POINT ( 'NONE',  ( -1.549106938606536144, 0.000000000000000000, 4.068666571870389603 ) ) ;
#574 = AXIS2_PLACEMENT_3D ( 'NONE', #266, #5351, #144 ) ;
#575 = VECTOR ( 'NONE', #4808, 39.37007874015748143 ) ;
#576 = CARTESIAN_POINT ( 'NONE',  ( -0.7307633954321681724, 0.1551781507868630616, 3.185362398774762127 ) ) ;
#577 = AXIS2_PLACEMENT_3D ( 'NONE', #3715, #8161, #10798 ) ;
#578 = VERTEX_POINT ( 'NONE', #7859 ) ;
#579 = LINE ( 'NONE', #4880, #5679 ) ;
#580 = ADVANCED_FACE ( 'NONE', ( #6084 ), #11247, .F. ) ;
#581 = VECTOR ( 'NONE', #8180, 39.37007874015748143 ) ;
#582 = DIRECTION ( 'NONE',  ( 0.000000000000000000, 1.000000000000000000, -0.000000000000000000 ) ) ;
#583 = ORIENTED_EDGE ( 'NONE', *, *, #9005, .T. ) ;
#584 = FACE_OUTER_BOUND ( 'NONE', #6063, .T. ) ;
#585 = ORIENTED_EDGE ( 'NONE', *, *, #2218, .T. ) ;
#586 = VECTOR ( 'NONE', #8955, 39.37007874015748143 ) ;
#587 = ADVANCED_FACE ( 'NONE', ( #3477 ), #31, .T. ) ;
#588 = SURFACE_STYLE_USAGE ( .BOTH. , #3982 ) ;
#589 = DIRECTION ( 'NONE',  ( 0.000000000000000000, 0.3420201433256694901, 0.9396926207859080948 ) ) ;
#590 = CARTESIAN_POINT ( 'NONE',  ( 0.04538125036984216182, 0.1771653543307086520, 3.354099642736532161 ) ) ;
#591 = EDGE_CURVE ( 'NONE', #4809, #8431, #9543, .T. ) ;
#592 = EDGE_LOOP ( 'NONE', ( #4352, #1968 ) ) ;
#593 = DIRECTION ( 'NONE',  ( 4.346951598611962033E-16, 0.3420201433256694346, 0.9396926207859080948 ) ) ;
#594 = AXIS2_PLACEMENT_3D ( 'NONE', #9946, #7294, #323 ) ;
#595 = ORIENTED_EDGE ( 'NONE', *, *, #3501, .T. ) ;
#596 = ORIENTED_EDGE ( 'NONE', *, *, #2271, .F. ) ;
#597 = ORIENTED_EDGE ( 'NONE', *, *, #304, .F. ) ;
#598 = FACE_OUTER_BOUND ( 'NONE', #2718, .T. ) ;
#599 = EDGE_CURVE ( 'NONE', #2573, #6240, #5297, .T. ) ;
#600 = VECTOR ( 'NONE', #8091, 39.37007874015748143 ) ;
#601 = CARTESIAN_POINT ( 'NONE',  ( -1.992020324433308343, 0.4724409448818898127, -1.764010593483940736 ) ) ;
#602 = CARTESIAN_POINT ( 'NONE',  ( 1.767822195251732786, 0.1968503937007874127, -1.764010593483940736 ) ) ;
#603 = FACE_OUTER_BOUND ( 'NONE', #2421, .T. ) ;
#604 = ORIENTED_EDGE ( 'NONE', *, *, #7410, .F. ) ;
#605 = ORIENTED_EDGE ( 'NONE', *, *, #8491, .F. ) ;
#606 = ADVANCED_FACE ( 'NONE', ( #3423 ), #2674, .F. ) ;
#607 = FACE_BOUND ( 'NONE', #8101, .T. ) ;
#608 = VECTOR ( 'NONE', #572, 39.37007874015748143 ) ;
#609 = VERTEX_POINT ( 'NONE', #6957 ) ;
#610 = LINE ( 'NONE', #3904, #10095 ) ;
#611 = CARTESIAN_POINT ( 'NONE',  ( 0.6455476949752789739, 0.1507476349739041155, 0.8737846821066108660 ) ) ;
#612 = DIRECTION ( 'NONE',  ( 0.000000000000000000, 0.000000000000000000, 1.000000000000000000 ) ) ;
#613 = CARTESIAN_POINT ( 'NONE',  ( -1.677059694512046839, 0.1771653543307086520, 4.259611453760153488 ) ) ;
#614 = ORIENTED_EDGE ( 'NONE', *, *, #7952, .T. ) ;
#615 = EDGE_CURVE ( 'NONE', #1878, #11064, #7916, .T. ) ;
#616 = CARTESIAN_POINT ( 'NONE',  ( 0.000000000000000000, 0.1574803149606299191, 1.810238461501450846 ) ) ;
#617 = AXIS2_PLACEMENT_3D ( 'NONE', #2155, #1302, #441 ) ;
#618 = LINE ( 'NONE', #7493, #8361 ) ;
#619 = FACE_OUTER_BOUND ( 'NONE', #7116, .T. ) ;
#620 = EDGE_LOOP ( 'NONE', ( #941, #1730, #11235, #2305 ) ) ;
#621 = DIRECTION ( 'NONE',  ( -0.000000000000000000, 0.000000000000000000, 1.000000000000000000 ) ) ;
#622 = CARTESIAN_POINT ( 'NONE',  ( 0.000000000000000000, 0.1574803149606299191, 3.205047438144841276 ) ) ;
#623 = ORIENTED_EDGE ( 'NONE', *, *, #11222, .T. ) ;
#624 = CARTESIAN_POINT ( 'NONE',  ( 0.03695314000090251655, 0.1574803149606299191, 4.273565298041547995E-18 ) ) ;
#625 = VERTEX_POINT ( 'NONE', #4326 ) ;
#626 = CARTESIAN_POINT ( 'NONE',  ( 0.8130977858029124761, 0.1771653543307086520, 1.641501217539681701 ) ) ;
#627 = VECTOR ( 'NONE', #5345, 39.37007874015748143 ) ;
#628 = EDGE_CURVE ( 'NONE', #9725, #8448, #7072, .T. ) ;
#629 = EDGE_CURVE ( 'NONE', #6277, #365, #5533, .T. ) ;
#630 = FACE_OUTER_BOUND ( 'NONE', #6519, .T. ) ;
#631 = DIRECTION ( 'NONE',  ( 0.3236155771181850604, 0.8891264907159878161, 0.3236155771181852825 ) ) ;
#632 = ORIENTED_EDGE ( 'NONE', *, *, #2631, .T. ) ;
#633 = DIRECTION ( 'NONE',  ( 1.000000000000000000, 0.000000000000000000, 0.000000000000000000 ) ) ;
#634 = DIRECTION ( 'NONE',  ( 0.000000000000000000, 0.000000000000000000, 1.000000000000000000 ) ) ;
#635 =( BOUNDED_CURVE ( )  B_SPLINE_CURVE ( 3, ( #470, #1166, #364, #4763 ),
 .UNSPECIFIED., .F., .F. ) 
 B_SPLINE_CURVE_WITH_KNOTS ( ( 4, 4 ),
 ( 3.141592653589793116, 3.490658503988663064 ),
 .UNSPECIFIED. ) 
 CURVE ( )  GEOMETRIC_REPRESENTATION_ITEM ( )  RATIONAL_B_SPLINE_CURVE ( ( 1.000000000000000000, 0.9898718353414717175, 0.9898718353414717175, 1.000000000000000000 ) ) 
 REPRESENTATION_ITEM ( '' )  );
#636 = AXIS2_PLACEMENT_3D ( 'NONE', #6576, #8336, #4007 ) ;
#637 = ORIENTED_EDGE ( 'NONE', *, *, #8573, .T. ) ;
#638 = PLANE ( 'NONE',  #2088 ) ;
#639 = ORIENTED_EDGE ( 'NONE', *, *, #3959, .F. ) ;
#640 = VECTOR ( 'NONE', #6629, 39.37007874015748143 ) ;
#641 = CARTESIAN_POINT ( 'NONE',  ( 0.7146725889525192832, 0.000000000000000000, -0.000000000000000000 ) ) ;
#642 = PLANE ( 'NONE',  #2028 ) ;
#643 = FACE_OUTER_BOUND ( 'NONE', #2169, .T. ) ;
#644 = AXIS2_PLACEMENT_3D ( 'NONE', #6479, #9061, #4648 ) ;
#645 = SHAPE_DEFINITION_REPRESENTATION ( #1564, #3229 ) ;
#646 = EDGE_LOOP ( 'NONE', ( #6058, #5376 ) ) ;
#647 = CARTESIAN_POINT ( 'NONE',  ( -0.1233559935919274902, 0.1574803149606299191, -1.426590253242407528E-17 ) ) ;
#648 = DIRECTION ( 'NONE',  ( -1.000000000000000000, 0.000000000000000000, 0.000000000000000000 ) ) ;
#649 = ORIENTED_EDGE ( 'NONE', *, *, #6923, .F. ) ;
#650 = EDGE_LOOP ( 'NONE', ( #3294, #9756, #6790, #4481 ) ) ;
#651 = EDGE_LOOP ( 'NONE', ( #3432, #9286, #10852, #8604 ) ) ;
#652 = LINE ( 'NONE', #6775, #236 ) ;
#653 = DIRECTION ( 'NONE',  ( -0.000000000000000000, 1.000000000000000000, -0.000000000000000000 ) ) ;
#654 = AXIS2_PLACEMENT_3D ( 'NONE', #6770, #4254, #10271 ) ;
#655 = ADVANCED_FACE ( 'NONE', ( #3650 ), #1880, .F. ) ;
#656 = DIRECTION ( 'NONE',  ( 0.000000000000000000, -0.000000000000000000, -1.000000000000000000 ) ) ;
#657 = CARTESIAN_POINT ( 'NONE',  ( 0.04538125036984175242, 0.1507476349739040877, 1.809051308367315425 ) ) ;
#658 = LINE ( 'NONE', #4101, #7665 ) ;
#659 = CARTESIAN_POINT ( 'NONE',  ( 1.462704085015511746, 0.4724409448818898127, 4.013548461634169229 ) ) ;
#660 = EDGE_LOOP ( 'NONE', ( #569, #7762, #1192, #7932 ) ) ;
#661 = ORIENTED_EDGE ( 'NONE', *, *, #10353, .T. ) ;
#662 = CARTESIAN_POINT ( 'NONE',  ( -2.169185678764016245, 0.1968503937007874405, -0.5366483887595320246 ) ) ;
#663 = VERTEX_POINT ( 'NONE', #2792 ) ;
#664 = ADVANCED_FACE ( 'NONE', ( #6900 ), #1937, .T. ) ;
#665 = DIRECTION ( 'NONE',  ( 0.000000000000000000, 0.000000000000000000, -1.000000000000000000 ) ) ;
#666 = DIRECTION ( 'NONE',  ( -0.000000000000000000, -1.000000000000000000, 0.000000000000000000 ) ) ;
#667 = CARTESIAN_POINT ( 'NONE',  ( 0.000000000000000000, 0.1574803149606299191, 2.577954996934521681 ) ) ;
#668 = LINE ( 'NONE', #1484, #1179 ) ;
#669 = ORIENTED_EDGE ( 'NONE', *, *, #10903, .F. ) ;
#670 = ORIENTED_EDGE ( 'NONE', *, *, #10525, .T. ) ;
#671 = ADVANCED_FACE ( 'NONE', ( #6033 ), #11296, .F. ) ;
#672 = CARTESIAN_POINT ( 'NONE',  ( 7.723517969990725257E-16, 0.1574803149606299191, 1.669614367278699163 ) ) ;
#673 = CARTESIAN_POINT ( 'NONE',  ( -0.7504484348022475437, 0.1771653543307086520, 1.790553422131372141 ) ) ;
#674 = FACE_OUTER_BOUND ( 'NONE', #3411, .T. ) ;
#675 = ORIENTED_EDGE ( 'NONE', *, *, #4298, .T. ) ;
#676 = CYLINDRICAL_SURFACE ( 'NONE', #1640, 0.01968503937007875723 ) ;
#677 = CARTESIAN_POINT ( 'NONE',  ( 0.7965158651510384491, 0.1771653543307087075, 1.658083138191555506 ) ) ;
#678 = ORIENTED_EDGE ( 'NONE', *, *, #1352, .F. ) ;
#679 = FACE_OUTER_BOUND ( 'NONE', #10782, .T. ) ;
#680 = LINE ( 'NONE', #3271, #1581 ) ;
#681 = EDGE_CURVE ( 'NONE', #9844, #782, #9834, .T. ) ;
#682 = FACE_BOUND ( 'NONE', #11037, .T. ) ;
#683 = EDGE_CURVE ( 'NONE', #4794, #8431, #8643, .T. ) ;
#684 = CARTESIAN_POINT ( 'NONE',  ( -0.8910725290249985608, 0.1690115440477737152, 1.810238461501450846 ) ) ;
#685 = DIRECTION ( 'NONE',  ( 1.000000000000000000, -0.000000000000000000, -4.625929269271484928E-16 ) ) ;
#686 = ORIENTED_EDGE ( 'NONE', *, *, #3285, .T. ) ;
#687 = CYLINDRICAL_SURFACE ( 'NONE', #7680, 0.01968503937007875723 ) ;
#688 = CARTESIAN_POINT ( 'NONE',  ( 2.043412746432834215, 0.1771653543307086520, 0.2952514739630046625 ) ) ;
#689 = ADVANCED_FACE ( 'NONE', ( #5647 ), #9139, .F. ) ;
#690 = EDGE_CURVE ( 'NONE', #7242, #10382, #9895, .T. ) ;
#691 = CIRCLE ( 'NONE', #522, 0.09842519685039363697 ) ;
#692 = AXIS2_PLACEMENT_3D ( 'NONE', #5982, #9489, #5127 ) ;
#693 = ORIENTED_EDGE ( 'NONE', *, *, #5370, .T. ) ;
#694 = LINE ( 'NONE', #6654, #4824 ) ;
#695 = EDGE_LOOP ( 'NONE', ( #9752, #2699, #9696, #7165 ) ) ;
#696 = DIRECTION ( 'NONE',  ( 1.156482317317871478E-16, -0.000000000000000000, -1.000000000000000000 ) ) ;
#697 = CARTESIAN_POINT ( 'NONE',  ( 1.413264230408350031, 0.1507476349739041988, 3.186549551908897548 ) ) ;
#698 = ORIENTED_EDGE ( 'NONE', *, *, #11290, .T. ) ;
#699 = AXIS2_PLACEMENT_3D ( 'NONE', #3585, #6080, #2553 ) ;
#700 = FACE_OUTER_BOUND ( 'NONE', #8002, .T. ) ;
#701 = DIRECTION ( 'NONE',  ( -0.000000000000000000, -1.000000000000000000, -0.000000000000000000 ) ) ;
#702 = VECTOR ( 'NONE', #2052, 39.37007874015748143 ) ;
#703 =( BOUNDED_CURVE ( )  B_SPLINE_CURVE ( 3, ( #10553, #7844, #140, #10613 ),
 .UNSPECIFIED., .F., .F. ) 
 B_SPLINE_CURVE_WITH_KNOTS ( ( 4, 4 ),
 ( 3.141592653589793116, 3.490658503988656847 ),
 .UNSPECIFIED. ) 
 CURVE ( )  GEOMETRIC_REPRESENTATION_ITEM ( )  RATIONAL_B_SPLINE_CURVE ( ( 1.000000000000000000, 0.9898718353414720506, 0.9898718353414720506, 1.000000000000000000 ) ) 
 REPRESENTATION_ITEM ( '' )  );
#704 = ORIENTED_EDGE ( 'NONE', *, *, #11198, .T. ) ;
#705 = DIRECTION ( 'NONE',  ( 0.000000000000000000, 0.000000000000000000, 1.000000000000000000 ) ) ;
#706 = EDGE_CURVE ( 'NONE', #782, #6407, #9085, .T. ) ;
#707 = DIRECTION ( 'NONE',  ( -1.000000000000000000, 0.000000000000000000, 4.625929269271485914E-16 ) ) ;
#708 = EDGE_LOOP ( 'NONE', ( #9741, #111, #5487, #10052 ) ) ;
#709 = PLANE ( 'NONE',  #5346 ) ;
#710 = DIRECTION ( 'NONE',  ( -0.000000000000000000, 1.000000000000000000, -0.000000000000000000 ) ) ;
#711 = AXIS2_PLACEMENT_3D ( 'NONE', #7731, #6940, #2540 ) ;
#712 = AXIS2_PLACEMENT_3D ( 'NONE', #5736, #3924, #1285 ) ;
#713 = FACE_OUTER_BOUND ( 'NONE', #650, .T. ) ;
#714 = CARTESIAN_POINT ( 'NONE',  ( 0.03576598686676681765, 0.1507476349739041432, 1.041334772934244590 ) ) ;
#715 = CARTESIAN_POINT ( 'NONE',  ( -0.7307633954321685055, 0.1551781507868630616, 1.649929327908621346 ) ) ;
#716 = CARTESIAN_POINT ( 'NONE',  ( -0.1317841039608670384, 0.1771653543307086520, 1.641501217539681479 ) ) ;
#717 = ORIENTED_EDGE ( 'NONE', *, *, #9108, .T. ) ;
#718 = ORIENTED_EDGE ( 'NONE', *, *, #7045, .F. ) ;
#719 = CIRCLE ( 'NONE', #3116, 0.09448818897637792369 ) ;
#720 = FACE_BOUND ( 'NONE', #4115, .T. ) ;
#721 = EDGE_CURVE ( 'NONE', #482, #1675, #2257, .T. ) ;
#722 = ORIENTED_EDGE ( 'NONE', *, *, #2584, .F. ) ;
#723 = CARTESIAN_POINT ( 'NONE',  ( -0.7223352850632291933, 0.1771653543307086520, 3.354099642736532161 ) ) ;
#724 = ORIENTED_EDGE ( 'NONE', *, *, #10776, .F. ) ;
#725 = CARTESIAN_POINT ( 'NONE',  ( -1.716429773252204916, 0.5905511811023621549, 1.089888905898577232 ) ) ;
#726 = DIRECTION ( 'NONE',  ( 1.000000000000000000, 0.000000000000000000, 4.625929269271465206E-16 ) ) ;
#727 = EDGE_LOOP ( 'NONE', ( #5284, #10405, #9425, #3811 ) ) ;
#728 = ORIENTED_EDGE ( 'NONE', *, *, #3798, .F. ) ;
#729 = CIRCLE ( 'NONE', #2202, 0.05905511811023627516 ) ;
#730 = CARTESIAN_POINT ( 'NONE',  ( -0.8601305606537805737, 2.287311901041906737, -0.3004279163185869517 ) ) ;
#731 = CARTESIAN_POINT ( 'NONE',  ( -2.267610875614410659, 0.5905511811023621549, -1.901805869074491673 ) ) ;
#732 = EDGE_CURVE ( 'NONE', #3465, #8402, #10851, .T. ) ;
#733 = DIRECTION ( 'NONE',  ( 4.625929269271485914E-16, -0.000000000000000000, -1.000000000000000000 ) ) ;
#734 = CARTESIAN_POINT ( 'NONE',  ( -2.129815600023858835, 0.000000000000000000, 0.2952514739630051066 ) ) ;
#735 = ORIENTED_EDGE ( 'NONE', *, *, #11220, .F. ) ;
#736 = FACE_OUTER_BOUND ( 'NONE', #57, .T. ) ;
#737 = EDGE_CURVE ( 'NONE', #245, #9039, #8094, .T. ) ;
#738 = CARTESIAN_POINT ( 'NONE',  ( 2.064066834482007451, 0.1968503937007874405, 0.3072779049789794437 ) ) ;
#739 = VECTOR ( 'NONE', #427, 39.37007874015748143 ) ;
#740 = CARTESIAN_POINT ( 'NONE',  ( 0.5740857532712966282, 0.3470877061559772270, 3.882804145637987592 ) ) ;
#741 = DIRECTION ( 'NONE',  ( 0.000000000000000000, 0.000000000000000000, -1.000000000000000000 ) ) ;
#742 = CARTESIAN_POINT ( 'NONE',  ( -0.8713874896549197446, 0.1574803149606299191, 0.000000000000000000 ) ) ;
#743 = EDGE_CURVE ( 'NONE', #3699, #1279, #8040, .T. ) ;
#744 = ORIENTED_EDGE ( 'NONE', *, *, #3264, .T. ) ;
#745 = ADVANCED_FACE ( 'NONE', ( #7303 ), #4728, .T. ) ;
#746 = CARTESIAN_POINT ( 'NONE',  ( 2.082782825172992514, 0.4724409448818898127, -1.941175947814649749 ) ) ;
#747 = CIRCLE ( 'NONE', #3325, 0.05511811023622041616 ) ;
#748 = ORIENTED_EDGE ( 'NONE', *, *, #368, .F. ) ;
#749 = DIRECTION ( 'NONE',  ( 0.000000000000000000, -1.000000000000000000, 0.000000000000000000 ) ) ;
#751 = EDGE_LOOP ( 'NONE', ( #2859, #10509, #8854, #4506 ) ) ;
#750 = VECTOR ( 'NONE', #2210, 39.37007874015748143 ) ;
#752 = DIRECTION ( 'NONE',  ( 0.000000000000000000, 0.000000000000000000, -1.000000000000000000 ) ) ;
#753 = EDGE_CURVE ( 'NONE', #6720, #465, #1069, .T. ) ;
#754 = DIRECTION ( 'NONE',  ( 0.000000000000000000, -1.000000000000000000, 0.000000000000000000 ) ) ;
#755 = CARTESIAN_POINT ( 'NONE',  ( -2.504880698959022168E-16, 0.5905511811023621549, -2.039601144665043275 ) ) ;
#756 = ORIENTED_EDGE ( 'NONE', *, *, #11097, .F. ) ;
#757 = CARTESIAN_POINT ( 'NONE',  ( -1.127492036175426941E-15, 0.1574803149606299191, 2.437330902711770442 ) ) ;
#758 = DIRECTION ( 'NONE',  ( 0.000000000000000000, -1.000000000000000000, 0.000000000000000000 ) ) ;
#759 = AXIS2_PLACEMENT_3D ( 'NONE', #1725, #9618, #3444 ) ;
#760 = ORIENTED_EDGE ( 'NONE', *, *, #2414, .T. ) ;
#761 = VERTEX_POINT ( 'NONE', #10742 ) ;
#762 = ORIENTED_EDGE ( 'NONE', *, *, #10897, .T. ) ;
#763 = CARTESIAN_POINT ( 'NONE',  ( 7.723517969990728215E-16, 0.1574803149606299191, 1.669614367278700051 ) ) ;
#764 = CARTESIAN_POINT ( 'NONE',  ( 0.03576598686676681765, 0.1507476349739041432, 1.041334772934244590 ) ) ;
#765 = CARTESIAN_POINT ( 'NONE',  ( 1.431762116644293092, 0.1771653543307086520, 0.000000000000000000 ) ) ;
#766 = ADVANCED_FACE ( 'NONE', ( #8215 ), #2047, .T. ) ;
#767 = ADVANCED_FACE ( 'NONE', ( #8100 ), #5536, .T. ) ;
#768 = CARTESIAN_POINT ( 'NONE',  ( 0.03695314000090250267, 0.1574803149606299191, 0.2748053906353094544 ) ) ;
#769 = DIRECTION ( 'NONE',  ( 0.000000000000000000, -1.000000000000000000, 0.000000000000000000 ) ) ;
#770 = AXIS2_PLACEMENT_3D ( 'NONE', #1139, #5600, #9723 ) ;
#771 = CARTESIAN_POINT ( 'NONE',  ( 0.5740857532712967393, 0.3470877061559770049, 1.112796714638226714 ) ) ;
#772 = ORIENTED_EDGE ( 'NONE', *, *, #534, .F. ) ;
#773 = EDGE_LOOP ( 'NONE', ( #4338, #210, #1478, #6099 ) ) ;
#774 = DIRECTION ( 'NONE',  ( 0.000000000000000000, 0.000000000000000000, 1.000000000000000000 ) ) ;
#775 = ORIENTED_EDGE ( 'NONE', *, *, #9145, .T. ) ;
#776 = DIRECTION ( 'NONE',  ( 0.9396926207859080948, 0.3420201433256694346, 0.000000000000000000 ) ) ;
#777 = DIRECTION ( 'NONE',  ( 0.000000000000000000, 0.000000000000000000, 1.000000000000000000 ) ) ;
#778 = DIRECTION ( 'NONE',  ( 1.000000000000000000, -0.000000000000000000, -0.000000000000000000 ) ) ;
#779 = VECTOR ( 'NONE', #5527, 39.37007874015748143 ) ;
#780 = CARTESIAN_POINT ( 'NONE',  ( -0.9613473175948450411, 0.3470877061559771715, 2.648229785504368383 ) ) ;
#781 = EDGE_CURVE ( 'NONE', #7489, #7567, #4153, .T. ) ;
#782 = VERTEX_POINT ( 'NONE', #9023 ) ;
#783 = DIRECTION ( 'NONE',  ( 0.000000000000000000, 0.000000000000000000, 1.000000000000000000 ) ) ;
#784 = DIRECTION ( 'NONE',  ( 0.000000000000000000, 0.000000000000000000, 1.000000000000000000 ) ) ;
#785 = ORIENTED_EDGE ( 'NONE', *, *, #438, .F. ) ;
#786 = CYLINDRICAL_SURFACE ( 'NONE', #9316, 0.01968503937007875723 ) ;
#787 = VECTOR ( 'NONE', #1442, 39.37007874015748143 ) ;
#788 = DIRECTION ( 'NONE',  ( 0.000000000000000000, 0.000000000000000000, -1.000000000000000000 ) ) ;
#789 = CARTESIAN_POINT ( 'NONE',  ( 2.082782825172992514, 0.1968503937007874127, 0.000000000000000000 ) ) ;
#790 = ORIENTED_EDGE ( 'NONE', *, *, #8772, .F. ) ;
#791 = PLANE ( 'NONE',  #9079 ) ;
#792 = LINE ( 'NONE', #10417, #6776 ) ;
#793 = DIRECTION ( 'NONE',  ( 0.000000000000000000, 0.000000000000000000, 1.000000000000000000 ) ) ;
#794 = AXIS2_PLACEMENT_3D ( 'NONE', #1262, #10704, #2881 ) ;
#795 = EDGE_CURVE ( 'NONE', #4633, #5257, #10902, .T. ) ;
#796 = ORIENTED_EDGE ( 'NONE', *, *, #10091, .T. ) ;
#797 = LINE ( 'NONE', #4296, #8403 ) ;
#798 = AXIS2_PLACEMENT_3D ( 'NONE', #814, #4312, #6943 ) ;
#799 = CARTESIAN_POINT ( 'NONE',  ( 0.000000000000000000, 0.1771653543307086520, 0.9018978318456289944 ) ) ;
#800 = EDGE_CURVE ( 'NONE', #5658, #30, #8369, .T. ) ;
#801 = ORIENTED_EDGE ( 'NONE', *, *, #10495, .F. ) ;
#802 = CARTESIAN_POINT ( 'NONE',  ( 0.03655337338743770009, 0.1529109616598305632, 0.8826125590890148143 ) ) ;
#803 = EDGE_LOOP ( 'NONE', ( #9691, #5576, #975, #10270 ) ) ;
#804 = AXIS2_PLACEMENT_3D ( 'NONE', #4395, #6912, #4280 ) ;
#805 = VERTEX_POINT ( 'NONE', #6718 ) ;
#806 = EDGE_CURVE ( 'NONE', #3483, #6193, #10215, .T. ) ;
#807 = DIRECTION ( 'NONE',  ( -0.000000000000000000, -1.000000000000000000, 0.000000000000000000 ) ) ;
#808 = ADVANCED_FACE ( 'NONE', ( #1516 ), #4939, .T. ) ;
#809 = DIRECTION ( 'NONE',  ( 1.000000000000000000, -0.000000000000000000, -0.000000000000000000 ) ) ;
#810 = CARTESIAN_POINT ( 'NONE',  ( 0.8059769318792208148, 0.1968503937007874127, 4.043076020689286842 ) ) ;
#811 = CARTESIAN_POINT ( 'NONE',  ( -0.1936307821617741232, 0.3470877061559770604, 3.882804145637986704 ) ) ;
#812 = LINE ( 'NONE', #647, #7428 ) ;
#813 = VECTOR ( 'NONE', #9640, 39.37007874015748143 ) ;
#814 = CARTESIAN_POINT ( 'NONE',  ( -0.7223352850632291933, 0.1771653543307086520, 0.8737846821066108660 ) ) ;
#815 = AXIS2_PLACEMENT_3D ( 'NONE', #7900, #6883, #9758 ) ;
#816 = EDGE_LOOP ( 'NONE', ( #6142, #9304, #605, #10145 ) ) ;
#817 = ORIENTED_EDGE ( 'NONE', *, *, #7853, .F. ) ;
#818 = VERTEX_POINT ( 'NONE', #6661 ) ;
#819 = ORIENTED_EDGE ( 'NONE', *, *, #1169, .F. ) ;
#820 = EDGE_CURVE ( 'NONE', #7742, #1476, #11176, .T. ) ;
#821 = DIRECTION ( 'NONE',  ( -1.000000000000000000, -0.000000000000000000, -0.000000000000000000 ) ) ;
#822 = CARTESIAN_POINT ( 'NONE',  ( -1.498479930865239229, 0.1690115440477736319, 0.8822127924755500672 ) ) ;
#823 = CARTESIAN_POINT ( 'NONE',  ( 1.468131882424877688, 0.000000000000000000, 3.958698255697500112 ) ) ;
#824 = AXIS2_PLACEMENT_3D ( 'NONE', #9353, #701, #4201 ) ;
#825 = DIRECTION ( 'NONE',  ( 0.000000000000000000, 1.000000000000000000, -0.000000000000000000 ) ) ;
#826 = CARTESIAN_POINT ( 'NONE',  ( -0.1036709542218487573, 0.1771653543307086520, -1.198936253770385593E-17 ) ) ;
#827 = ORIENTED_EDGE ( 'NONE', *, *, #8749, .T. ) ;
#828 = DIRECTION ( 'NONE',  ( 0.000000000000000000, 0.000000000000000000, 1.000000000000000000 ) ) ;
#829 = ORIENTED_EDGE ( 'NONE', *, *, #7484, .T. ) ;
#830 = EDGE_CURVE ( 'NONE', #7986, #4584, #5383, .T. ) ;
#831 = VECTOR ( 'NONE', #2197, 39.37007874015748143 ) ;
#832 = DIRECTION ( 'NONE',  ( -1.000000000000000000, 0.000000000000000000, 0.000000000000000000 ) ) ;
#833 = ADVANCED_FACE ( 'NONE', ( #10110 ), #7524, .T. ) ;
#834 = VECTOR ( 'NONE', #10126, 39.37007874015748143 ) ;
#835 =( NAMED_UNIT ( * ) PLANE_ANGLE_UNIT ( ) SI_UNIT ( $, .RADIAN. ) );
#836 =( BOUNDED_CURVE ( )  B_SPLINE_CURVE ( 3, ( #3998, #8485, #7583, #7483 ),
 .UNSPECIFIED., .F., .F. ) 
 B_SPLINE_CURVE_WITH_KNOTS ( ( 4, 4 ),
 ( 5.934119456780719837, 6.283185307179586232 ),
 .UNSPECIFIED. ) 
 CURVE ( )  GEOMETRIC_REPRESENTATION_ITEM ( )  RATIONAL_B_SPLINE_CURVE ( ( 1.000000000000000000, 0.9898718353414720506, 0.9898718353414720506, 1.000000000000000000 ) ) 
 REPRESENTATION_ITEM ( '' )  );
#837 = CARTESIAN_POINT ( 'NONE',  ( -0.1036709542218489655, 0.1771653543307086520, 1.022836886698301750 ) ) ;
#838 = ORIENTED_EDGE ( 'NONE', *, *, #10069, .T. ) ;
#839 = ADVANCED_FACE ( 'NONE', ( #6833 ), #2374, .F. ) ;
#840 = CARTESIAN_POINT ( 'NONE',  ( -1.498479930865239229, 0.1551781507868630616, 3.953078934207833850 ) ) ;
#841 = CARTESIAN_POINT ( 'NONE',  ( 0.6640455812112221468, 0.1771653543307086520, 3.325986492997513810 ) ) ;
#842 = VERTEX_POINT ( 'NONE', #4091 ) ;
#843 = LINE ( 'NONE', #5249, #5660 ) ;
#844 = CARTESIAN_POINT ( 'NONE',  ( 0.7849846360638944587, 0.1771653543307086520, 1.669614367278699829 ) ) ;
#845 = ORIENTED_EDGE ( 'NONE', *, *, #5659, .F. ) ;
#846 = CARTESIAN_POINT ( 'NONE',  ( -0.8601305606537805737, 0.4724409448818899238, -0.2020027194681933147 ) ) ;
#847 = ORIENTED_EDGE ( 'NONE', *, *, #5834, .F. ) ;
#848 = FACE_OUTER_BOUND ( 'NONE', #6531, .T. ) ;
#849 = CARTESIAN_POINT ( 'NONE',  ( -1.490051820496300028, 0.000000000000000000, 2.473700668492355703 ) ) ;
#850 = FACE_OUTER_BOUND ( 'NONE', #5836, .T. ) ;
#851 =( BOUNDED_CURVE ( )  B_SPLINE_CURVE ( 3, ( #1886, #3482, #5757, #4736 ),
 .UNSPECIFIED., .F., .F. ) 
 B_SPLINE_CURVE_WITH_KNOTS ( ( 4, 4 ),
 ( 0.000000000000000000, 1.570796326794896558 ),
 .UNSPECIFIED. ) 
 CURVE ( )  GEOMETRIC_REPRESENTATION_ITEM ( )  RATIONAL_B_SPLINE_CURVE ( ( 1.000000000000000000, 0.8047378541243649375, 0.8047378541243649375, 1.000000000000000000 ) ) 
 REPRESENTATION_ITEM ( '' )  );
#852 = CARTESIAN_POINT ( 'NONE',  ( -0.8829187187420632910, 0.1771653543307086798, 3.337517722084657912 ) ) ;
#853 = ORIENTED_EDGE ( 'NONE', *, *, #9891, .F. ) ;
#854 = CARTESIAN_POINT ( 'NONE',  ( -1.549106938606536144, -0.2952755905511810774, 4.013548461634169229 ) ) ;
#855 = CARTESIAN_POINT ( 'NONE',  ( -0.1221688404577920273, 0.1507476349739039490, 3.186549551908898437 ) ) ;
#856 = EDGE_CURVE ( 'NONE', #4759, #10569, #4040, .T. ) ;
#857 = ORIENTED_EDGE ( 'NONE', *, *, #2840, .F. ) ;
#858 = ORIENTED_EDGE ( 'NONE', *, *, #5517, .F. ) ;
#859 = ORIENTED_EDGE ( 'NONE', *, *, #5869, .F. ) ;
#860 = ORIENTED_EDGE ( 'NONE', *, *, #9214, .F. ) ;
#861 = LINE ( 'NONE', #5214, #6746 ) ;
#862 = DIRECTION ( 'NONE',  ( -0.9396926207859080948, 0.3420201433256694346, -2.173475799305981510E-16 ) ) ;
#863 = ORIENTED_EDGE ( 'NONE', *, *, #8594, .F. ) ;
#864 = EDGE_CURVE ( 'NONE', #6118, #7945, #1456, .T. ) ;
#865 = CARTESIAN_POINT ( 'NONE',  ( -2.150469688073031183, 0.5905511811023621549, 0.3072779049789778893 ) ) ;
#866 = DIRECTION ( 'NONE',  ( -1.000000000000000000, 0.000000000000000000, 0.000000000000000000 ) ) ;
#867 = CYLINDRICAL_SURFACE ( 'NONE', #9411, 0.1377952755905511861 ) ;
#868 =( BOUNDED_CURVE ( )  B_SPLINE_CURVE ( 3, ( #10927, #9112, #5777, #5676 ),
 .UNSPECIFIED., .F., .F. ) 
 B_SPLINE_CURVE_WITH_KNOTS ( ( 4, 4 ),
 ( 0.000000000000000000, 1.570796326794896558 ),
 .UNSPECIFIED. ) 
 CURVE ( )  GEOMETRIC_REPRESENTATION_ITEM ( )  RATIONAL_B_SPLINE_CURVE ( ( 1.000000000000000000, 0.8047378541243649375, 0.8047378541243649375, 1.000000000000000000 ) ) 
 REPRESENTATION_ITEM ( '' )  );
#869 = DIRECTION ( 'NONE',  ( 0.000000000000000000, -0.000000000000000000, -1.000000000000000000 ) ) ;
#870 = AXIS2_PLACEMENT_3D ( 'NONE', #6512, #5709, #9200 ) ;
#871 = EDGE_CURVE ( 'NONE', #4053, #1077, #2320, .T. ) ;
#872 = EDGE_LOOP ( 'NONE', ( #8576, #6150, #980, #3143 ) ) ;
#873 = ADVANCED_FACE ( 'NONE', ( #9358 ), #11008, .T. ) ;
#874 = DIRECTION ( 'NONE',  ( 0.3236155771181855600, 0.8891264907159877051, -0.3236155771181855045 ) ) ;
#875 = DIRECTION ( 'NONE',  ( 0.3236155771181852825, 0.8891264907159878161, -0.3236155771181852270 ) ) ;
#876 = DIRECTION ( 'NONE',  ( 0.000000000000000000, 0.000000000000000000, 1.000000000000000000 ) ) ;
#877 = ORIENTED_EDGE ( 'NONE', *, *, #10575, .F. ) ;
#878 = VECTOR ( 'NONE', #3479, 39.37007874015748143 ) ;
#879 = LINE ( 'NONE', #2726, #8210 ) ;
#880 = ADVANCED_FACE ( 'NONE', ( #8317 ), #3183, .T. ) ;
#881 = CARTESIAN_POINT ( 'NONE',  ( 0.000000000000000000, 0.1574803149606299191, 3.972763973577912555 ) ) ;
#882 = DIRECTION ( 'NONE',  ( 0.000000000000000000, -1.000000000000000000, 0.000000000000000000 ) ) ;
#883 = EDGE_LOOP ( 'NONE', ( #858, #8130, #4820, #7504 ) ) ;
#884 = CARTESIAN_POINT ( 'NONE',  ( 0.000000000000000000, 0.1771653543307086520, 3.972763973577912555 ) ) ;
#885 = ADVANCED_FACE ( 'NONE', ( #4146 ), #2266, .T. ) ;
#886 = EDGE_CURVE ( 'NONE', #805, #10569, #3292, .T. ) ;
#887 = AXIS2_PLACEMENT_3D ( 'NONE', #436, #2369, #4986 ) ;
#888 = DIRECTION ( 'NONE',  ( -0.9396926207859080948, 0.3420201433256694346, -4.346951598611963019E-16 ) ) ;
#889 = VERTEX_POINT ( 'NONE', #2432 ) ;
#890 = CARTESIAN_POINT ( 'NONE',  ( 0.6443605418411435526, 0.1551781507868631171, 1.810238461501450846 ) ) ;
#891 = DIRECTION ( 'NONE',  ( -1.000000000000000000, 0.000000000000000000, 0.000000000000000000 ) ) ;
#892 = CARTESIAN_POINT ( 'NONE',  ( -2.267610875614410215, 0.5905511811023621549, 0.2952514739630049956 ) ) ;
#893 = ORIENTED_EDGE ( 'NONE', *, *, #7791, .T. ) ;
#894 = CARTESIAN_POINT ( 'NONE',  ( -1.475210875130817966E-17, 0.1574803149606299191, 0.2551203512652307492 ) ) ;
#895 = FACE_OUTER_BOUND ( 'NONE', #2834, .T. ) ;
#896 = ORIENTED_EDGE ( 'NONE', *, *, #6111, .T. ) ;
#897 = AXIS2_PLACEMENT_3D ( 'NONE', #2463, #9440, #1605 ) ;
#898 = EDGE_CURVE ( 'NONE', #2891, #9301, #5903, .T. ) ;
#899 = CARTESIAN_POINT ( 'NONE',  ( -0.1229562269784629791, 0.1529109616598305910, 1.809838694887986321 ) ) ;
#900 = CIRCLE ( 'NONE', #9659, 0.1007585307152496779 ) ;
#901 = DIRECTION ( 'NONE',  ( -0.000000000000000000, -1.000000000000000000, 0.000000000000000000 ) ) ;
#902 = ORIENTED_EDGE ( 'NONE', *, *, #8146, .T. ) ;
#903 = CARTESIAN_POINT ( 'NONE',  ( -1.253831348055355566, 0.4724409448818899238, -0.3004279163185869517 ) ) ;
#904 = ORIENTED_EDGE ( 'NONE', *, *, #5945, .T. ) ;
#905 = FACE_OUTER_BOUND ( 'NONE', #7638, .T. ) ;
#906 = FACE_OUTER_BOUND ( 'NONE', #7570, .T. ) ;
#907 = VECTOR ( 'NONE', #1372, 39.37007874015748143 ) ;
#908 = DIRECTION ( 'NONE',  ( -0.000000000000000000, -1.000000000000000000, 0.000000000000000000 ) ) ;
#909 = CARTESIAN_POINT ( 'NONE',  ( -0.7868182005828321390, 0.000000000000000000, 0.9382675976262138118 ) ) ;
#910 = ORIENTED_EDGE ( 'NONE', *, *, #8514, .T. ) ;
#911 = DIRECTION ( 'NONE',  ( -0.000000000000000000, -1.000000000000000000, -0.000000000000000000 ) ) ;
#912 = LINE ( 'NONE', #4350, #10519 ) ;
#913 = ADVANCED_FACE ( 'NONE', ( #4889 ), #8765, .F. ) ;
#914 = EDGE_CURVE ( 'NONE', #5449, #4646, #2546, .T. ) ;
#915 = ORIENTED_EDGE ( 'NONE', *, *, #11075, .T. ) ;
#916 = VECTOR ( 'NONE', #1861, 39.37007874015748143 ) ;
#917 = CARTESIAN_POINT ( 'NONE',  ( -1.716429773252204916, 0.1968503937007874127, 1.508456598185591748E-16 ) ) ;
#918 = DIRECTION ( 'NONE',  ( 1.000000000000000000, -0.000000000000000000, 0.000000000000000000 ) ) ;
#919 = FACE_OUTER_BOUND ( 'NONE', #10369, .T. ) ;
#920 = ORIENTED_EDGE ( 'NONE', *, *, #304, .T. ) ;
#921 = ORIENTED_EDGE ( 'NONE', *, *, #3574, .T. ) ;
#922 =( BOUNDED_CURVE ( )  B_SPLINE_CURVE ( 3, ( #8654, #6951, #822, #9646 ),
 .UNSPECIFIED., .F., .F. ) 
 B_SPLINE_CURVE_WITH_KNOTS ( ( 4, 4 ),
 ( 1.570796326794906994, 3.141592653589793116 ),
 .UNSPECIFIED. ) 
 CURVE ( )  GEOMETRIC_REPRESENTATION_ITEM ( )  RATIONAL_B_SPLINE_CURVE ( ( 1.000000000000000000, 0.8047378541243674910, 0.8047378541243674910, 1.000000000000000000 ) ) 
 REPRESENTATION_ITEM ( '' )  );
#923 = EDGE_LOOP ( 'NONE', ( #6540, #7367, #10185, #7597, #6257 ) ) ;
#924 = ORIENTED_EDGE ( 'NONE', *, *, #5475, .T. ) ;
#925 = ORIENTED_EDGE ( 'NONE', *, *, #6674, .F. ) ;
#926 = APPLICATION_CONTEXT ( 'automotive_design' ) ;
#927 = DIRECTION ( 'NONE',  ( -1.000000000000000000, 0.000000000000000000, 0.000000000000000000 ) ) ;
#928 = EDGE_CURVE ( 'NONE', #4610, #10286, #995, .T. ) ;
#929 = DIRECTION ( 'NONE',  ( 0.000000000000000000, 0.000000000000000000, 1.000000000000000000 ) ) ;
#930 = ORIENTED_EDGE ( 'NONE', *, *, #5517, .T. ) ;
#931 = CARTESIAN_POINT ( 'NONE',  ( -2.248894884923425153, 0.5905511811023621549, 0.3645887790943976858 ) ) ;
#932 = CARTESIAN_POINT ( 'NONE',  ( -2.494372953833778313E-16, 0.1968503937007874127, -1.941175947814649527 ) ) ;
#933 = CARTESIAN_POINT ( 'NONE',  ( -1.549106938606536144, -0.2952755905511810774, 4.013548461634169229 ) ) ;
#934 = AXIS2_PLACEMENT_3D ( 'NONE', #9408, #1361, #9354 ) ;
#935 = CARTESIAN_POINT ( 'NONE',  ( -2.031390403173464865, 2.287311901041906737, 0.1326429498231453119 ) ) ;
#936 = ORIENTED_EDGE ( 'NONE', *, *, #1270, .F. ) ;
#937 = FACE_OUTER_BOUND ( 'NONE', #4473, .T. ) ;
#938 = VECTOR ( 'NONE', #9492, 39.37007874015748143 ) ;
#939 = CARTESIAN_POINT ( 'NONE',  ( 1.944987549582441355, 2.287311901041906737, -0.5366483887595313584 ) ) ;
#940 = ADVANCED_FACE ( 'NONE', ( #11282 ), #4255, .T. ) ;
#941 = ORIENTED_EDGE ( 'NONE', *, *, #6135, .T. ) ;
#942 = CARTESIAN_POINT ( 'NONE',  ( -0.1317841039608670384, 0.1771653543307086520, 2.409217752972752979 ) ) ;
#943 = EDGE_CURVE ( 'NONE', #5445, #10413, #19, .T. ) ;
#944 = CARTESIAN_POINT ( 'NONE',  ( -1.814854970102599108, 0.000000000000000000, 3.148271522130164948E-16 ) ) ;
#945 = CARTESIAN_POINT ( 'NONE',  ( -0.7307633954321687275, 0.1551781507868630616, 1.810238461501450624 ) ) ;
#946 = VECTOR ( 'NONE', #7197, 39.37007874015748143 ) ;
#947 = DIRECTION ( 'NONE',  ( 1.000000000000000000, -0.000000000000000000, -5.782411586589358625E-17 ) ) ;
#948 = ORIENTED_EDGE ( 'NONE', *, *, #6664, .F. ) ;
#949 = FACE_BOUND ( 'NONE', #2518, .T. ) ;
#950 = AXIS2_PLACEMENT_3D ( 'NONE', #8609, #5242, #7755 ) ;
#951 = CARTESIAN_POINT ( 'NONE',  ( -1.716429773252205804, 0.1968503937007874127, -0.005152325767405871622 ) ) ;
#952 = ORIENTED_EDGE ( 'NONE', *, *, #8400, .T. ) ;
#953 = CARTESIAN_POINT ( 'NONE',  ( 0.8046696754339736080, 0.1551781507868630616, 2.577954996934521681 ) ) ;
#954 = CARTESIAN_POINT ( 'NONE',  ( 2.082782825172992514, 0.4724409448818898127, -1.626215317893389356 ) ) ;
#955 = EDGE_CURVE ( 'NONE', #5104, #7144, #3067, .T. ) ;
#956 = VECTOR ( 'NONE', #1899, 39.37007874015748143 ) ;
#957 = DIRECTION ( 'NONE',  ( 1.000000000000000000, -0.000000000000000000, -0.000000000000000000 ) ) ;
#958 = ORIENTED_EDGE ( 'NONE', *, *, #5382, .T. ) ;
#959 = ORIENTED_EDGE ( 'NONE', *, *, #806, .F. ) ;
#960 = VECTOR ( 'NONE', #8769, 39.37007874015748143 ) ;
#961 = CARTESIAN_POINT ( 'NONE',  ( 2.181208022023384707, 0.5905511811023621549, -1.901805869074492339 ) ) ;
#962 = ADVANCED_FACE ( 'NONE', ( #10439 ), #6886, .F. ) ;
#963 = CARTESIAN_POINT ( 'NONE',  ( 1.420230887557149213, 0.1771653543307086520, 0.8903666027584852261 ) ) ;
#964 = ORIENTED_EDGE ( 'NONE', *, *, #6174, .T. ) ;
#965 = CARTESIAN_POINT ( 'NONE',  ( -0.7223352850632289712, 0.1507476349739041432, 0.2736182375011737555 ) ) ;
#966 = CARTESIAN_POINT ( 'NONE',  ( 1.475210875130817042E-17, 0.1574803149606299191, 0.2551203512652306382 ) ) ;
#967 = ORIENTED_EDGE ( 'NONE', *, *, #8862, .F. ) ;
#968 = LINE ( 'NONE', #3731, #5565 ) ;
#969 = VERTEX_POINT ( 'NONE', #4486 ) ;
#970 = FACE_OUTER_BOUND ( 'NONE', #1924, .T. ) ;
#971 = CARTESIAN_POINT ( 'NONE',  ( 1.559627917323826551, 0.1968503937007873017, -0.2610578375784290417 ) ) ;
#972 = VECTOR ( 'NONE', #10206, 39.37007874015748143 ) ;
#973 = DIRECTION ( 'NONE',  ( 6.938893903907229364E-16, -0.000000000000000000, -1.000000000000000000 ) ) ;
#974 = ADVANCED_FACE ( 'NONE', ( #7003 ), #1802, .F. ) ;
#975 = ORIENTED_EDGE ( 'NONE', *, *, #3572, .F. ) ;
#976 = CARTESIAN_POINT ( 'NONE',  ( -0.8910725290249987829, 0.1690115440477737152, 3.953078934207834294 ) ) ;
#977 = VERTEX_POINT ( 'NONE', #7970 ) ;
#978 = CARTESIAN_POINT ( 'NONE',  ( -0.1233559935919283090, 0.1574803149606299191, 3.185362398774762571 ) ) ;
#979 = ORIENTED_EDGE ( 'NONE', *, *, #126, .T. ) ;
#980 = ORIENTED_EDGE ( 'NONE', *, *, #2793, .T. ) ;
#981 = FACE_OUTER_BOUND ( 'NONE', #6496, .T. ) ;
#982 = VECTOR ( 'NONE', #11207, 39.37007874015748143 ) ;
#983 = ORIENTED_EDGE ( 'NONE', *, *, #795, .F. ) ;
#984 = ORIENTED_EDGE ( 'NONE', *, *, #9226, .F. ) ;
#985 = EDGE_CURVE ( 'NONE', #45, #9138, #5696, .T. ) ;
#986 = EDGE_CURVE ( 'NONE', #5257, #2705, #1011, .T. ) ;
#987 = ORIENTED_EDGE ( 'NONE', *, *, #5897, .F. ) ;
#988 = ORIENTED_EDGE ( 'NONE', *, *, #9249, .F. ) ;
#989 = DIRECTION ( 'NONE',  ( 0.000000000000000000, 0.000000000000000000, 1.000000000000000000 ) ) ;
#990 = VECTOR ( 'NONE', #1991, 39.37007874015748143 ) ;
#991 = CARTESIAN_POINT ( 'NONE',  ( -2.267610875614410215, 0.1968503937007874127, 0.2952514739630049956 ) ) ;
#992 = ORIENTED_EDGE ( 'NONE', *, *, #3526, .F. ) ;
#993 = CYLINDRICAL_SURFACE ( 'NONE', #1658, 0.01968503937007875723 ) ;
#994 = CARTESIAN_POINT ( 'NONE',  ( 0.02879932971796746871, 0.1771653543307086520, 1.658083138191555728 ) ) ;
#995 = LINE ( 'NONE', #7902, #1553 ) ;
#996 = VERTEX_POINT ( 'NONE', #5107 ) ;
#997 = ORIENTED_EDGE ( 'NONE', *, *, #1459, .F. ) ;
#998 = CARTESIAN_POINT ( 'NONE',  ( 1.590656840921023774, 0.000000000000000000, 4.121816178169601663 ) ) ;
#999 = AXIS2_PLACEMENT_3D ( 'NONE', #9823, #9884, #2968 ) ;
#1000 = CYLINDRICAL_SURFACE ( 'NONE', #9564, 0.01968503937007875723 ) ;
#1001 = EDGE_LOOP ( 'NONE', ( #10555, #11073, #7643, #4765 ) ) ;
#1002 = FACE_OUTER_BOUND ( 'NONE', #6172, .T. ) ;
#1003 = FACE_OUTER_BOUND ( 'NONE', #10567, .T. ) ;
#1004 = AXIS2_PLACEMENT_3D ( 'NONE', #7679, #6717, #3291 ) ;
#1005 = DIRECTION ( 'NONE',  ( -0.000000000000000000, 1.000000000000000000, -0.000000000000000000 ) ) ;
#1006 = VECTOR ( 'NONE', #631, 39.37007874015748854 ) ;
#1007 = CARTESIAN_POINT ( 'NONE',  ( -1.498479930865239229, 0.1574803149606299191, 3.953078934207833850 ) ) ;
#1008 = ORIENTED_EDGE ( 'NONE', *, *, #1350, .F. ) ;
#1009 = CARTESIAN_POINT ( 'NONE',  ( -1.490051820496299806, 0.1771653543307086520, 3.944650823838894205 ) ) ;
#1010 = CARTESIAN_POINT ( 'NONE',  ( -1.677059694512046839, 0.5905511811023621549, 4.121816178169601663 ) ) ;
#1011 =( BOUNDED_CURVE ( )  B_SPLINE_CURVE ( 3, ( #1634, #5282, #9529, #6018 ),
 .UNSPECIFIED., .F., .F. ) 
 B_SPLINE_CURVE_WITH_KNOTS ( ( 4, 4 ),
 ( 5.934119456780720725, 6.283185307179586232 ),
 .UNSPECIFIED. ) 
 CURVE ( )  GEOMETRIC_REPRESENTATION_ITEM ( )  RATIONAL_B_SPLINE_CURVE ( ( 1.000000000000000000, 0.9898718353414720506, 0.9898718353414720506, 1.000000000000000000 ) ) 
 REPRESENTATION_ITEM ( '' )  );
#1012 = EDGE_CURVE ( 'NONE', #10368, #9864, #11233, .T. ) ;
#1013 = VERTEX_POINT ( 'NONE', #8649 ) ;
#1014 = PLANE ( 'NONE',  #7109 ) ;
#1015 = CARTESIAN_POINT ( 'NONE',  ( -1.549106938606536144, -0.2952755905511810774, 3.958430351397948854 ) ) ;
#1016 = AXIS2_PLACEMENT_3D ( 'NONE', #10321, #2487, #6460 ) ;
#1017 = CYLINDRICAL_SURFACE ( 'NONE', #1066, 0.1377952755905512972 ) ;
#1018 = VERTEX_POINT ( 'NONE', #80 ) ;
#1019 = ORIENTED_EDGE ( 'NONE', *, *, #1169, .T. ) ;
#1020 = DIRECTION ( 'NONE',  ( -0.9396926207859080948, 0.3420201433256694346, 0.000000000000000000 ) ) ;
#1021 = ORIENTED_EDGE ( 'NONE', *, *, #10897, .F. ) ;
#1022 = LINE ( 'NONE', #965, #2194 ) ;
#1023 = DIRECTION ( 'NONE',  ( -0.000000000000000000, -1.000000000000000000, 0.000000000000000000 ) ) ;
#1024 = ADVANCED_FACE ( 'NONE', ( #1692 ), #3408, .F. ) ;
#1026 = DIRECTION ( 'NONE',  ( 0.000000000000000000, 0.000000000000000000, 1.000000000000000000 ) ) ;
#1025 = VECTOR ( 'NONE', #5263, 39.37007874015748143 ) ;
#1027 = ORIENTED_EDGE ( 'NONE', *, *, #8739, .F. ) ;
#1028 = DIRECTION ( 'NONE',  ( -0.000000000000000000, 1.000000000000000000, -0.000000000000000000 ) ) ;
#1029 = CARTESIAN_POINT ( 'NONE',  ( -1.253831348055355566, 0.000000000000000000, -0.2020027194681933147 ) ) ;
#1030 = EDGE_CURVE ( 'NONE', #7128, #1851, #6074, .T. ) ;
#1031 = EDGE_CURVE ( 'NONE', #6185, #5104, #1512, .T. ) ;
#1032 = CARTESIAN_POINT ( 'NONE',  ( 0.04538125036984175936, 0.1771653543307086520, 1.050950036437319657 ) ) ;
#1033 = LINE ( 'NONE', #2820, #8307 ) ;
#1034 = LINE ( 'NONE', #6233, #3085 ) ;
#1035 = VERTEX_POINT ( 'NONE', #10554 ) ;
#1036 = VECTOR ( 'NONE', #6408, 39.37007874015748143 ) ;
#1037 = PRODUCT_DEFINITION_CONTEXT ( 'detailed design', #1586, 'design' ) ;
#1038 = CARTESIAN_POINT ( 'NONE',  ( 0.000000000000000000, 0.1771653543307086520, 1.790553422131372141 ) ) ;
#1039 = ORIENTED_EDGE ( 'NONE', *, *, #6052, .T. ) ;
#1040 = ORIENTED_EDGE ( 'NONE', *, *, #2317, .F. ) ;
#1041 = CARTESIAN_POINT ( 'NONE',  ( 0.05522377005488085522, 2.287311901041906737, -0.2610578375784296523 ) ) ;
#1042 = EDGE_CURVE ( 'NONE', #11074, #9056, #3875, .T. ) ;
#1043 = ORIENTED_EDGE ( 'NONE', *, *, #8418, .F. ) ;
#1044 = ORIENTED_EDGE ( 'NONE', *, *, #7053, .T. ) ;
#1045 = DIRECTION ( 'NONE',  ( 0.9396926207859080948, 0.3420201433256694346, 6.520427397917945022E-16 ) ) ;
#1046 = ORIENTED_EDGE ( 'NONE', *, *, #4291, .F. ) ;
#1047 = ORIENTED_EDGE ( 'NONE', *, *, #9086, .T. ) ;
#1048 = ORIENTED_EDGE ( 'NONE', *, *, #721, .F. ) ;
#1049 = ORIENTED_EDGE ( 'NONE', *, *, #2380, .T. ) ;
#1050 = FACE_OUTER_BOUND ( 'NONE', #3211, .T. ) ;
#1051 = EDGE_LOOP ( 'NONE', ( #2023, #11248, #3282, #11120 ) ) ;
#1052 = CARTESIAN_POINT ( 'NONE',  ( -0.7307633954321681724, 0.1551781507868630339, 1.042521926068380234 ) ) ;
#1053 = EDGE_CURVE ( 'NONE', #6908, #1221, #1178, .T. ) ;
#1054 = DIRECTION ( 'NONE',  ( 1.734723475976807094E-16, 0.000000000000000000, 1.000000000000000000 ) ) ;
#1055 = EDGE_CURVE ( 'NONE', #8818, #8959, #9047, .T. ) ;
#1056 = CARTESIAN_POINT ( 'NONE',  ( 1.413264230408350031, 0.1507476349739040600, 2.576767843800386704 ) ) ;
#1057 = ORIENTED_EDGE ( 'NONE', *, *, #4823, .F. ) ;
#1058 = VERTEX_POINT ( 'NONE', #3758 ) ;
#1059 = LINE ( 'NONE', #8028, #4615 ) ;
#1060 = FACE_OUTER_BOUND ( 'NONE', #4782, .T. ) ;
#1061 = ORIENTED_EDGE ( 'NONE', *, *, #8491, .T. ) ;
#1062 = ORIENTED_EDGE ( 'NONE', *, *, #400, .T. ) ;
#1063 = CARTESIAN_POINT ( 'NONE',  ( -0.8713874896549197446, 0.1771653543307086520, 1.790553422131372141 ) ) ;
#1064 = DIRECTION ( 'NONE',  ( 1.000000000000000000, -0.000000000000000000, 0.000000000000000000 ) ) ;
#1065 = EDGE_CURVE ( 'NONE', #5787, #5881, #8262, .T. ) ;
#1066 = AXIS2_PLACEMENT_3D ( 'NONE', #11303, #7923, #40 ) ;
#1067 = CARTESIAN_POINT ( 'NONE',  ( 0.000000000000000000, 0.1574803149606299191, 1.810238461501450846 ) ) ;
#1068 = ORIENTED_EDGE ( 'NONE', *, *, #7880, .F. ) ;
#1069 = LINE ( 'NONE', #211, #6836 ) ;
#1070 = CARTESIAN_POINT ( 'NONE',  ( -0.8829187187420636240, 0.1771653543307086520, 2.425799673624626340 ) ) ;
#1071 = VERTEX_POINT ( 'NONE', #1235 ) ;
#1072 = CYLINDRICAL_SURFACE ( 'NONE', #5268, 0.1377952755905512972 ) ;
#1073 = AXIS2_PLACEMENT_3D ( 'NONE', #6857, #4009, #11141 ) ;
#1074 = DIRECTION ( 'NONE',  ( -1.000000000000000000, 0.000000000000000000, -8.788338571682099792E-17 ) ) ;
#1075 = VECTOR ( 'NONE', #2805, 39.37007874015748143 ) ;
#1076 = CARTESIAN_POINT ( 'NONE',  ( 0.6640455812112221468, 0.1771653543307086520, 1.790553422131372141 ) ) ;
#1077 = VERTEX_POINT ( 'NONE', #3698 ) ;
#1078 = EDGE_LOOP ( 'NONE', ( #8540, #7947, #2896, #492 ) ) ;
#1079 = CARTESIAN_POINT ( 'NONE',  ( -1.498479930865239007, 0.1690115440477737152, 2.577954996934521681 ) ) ;
#1080 = FACE_OUTER_BOUND ( 'NONE', #4364, .T. ) ;
#1081 = ORIENTED_EDGE ( 'NONE', *, *, #39, .T. ) ;
#1082 = ORIENTED_EDGE ( 'NONE', *, *, #7361, .F. ) ;
#1083 = LINE ( 'NONE', #3600, #4755 ) ;
#1084 = EDGE_CURVE ( 'NONE', #8493, #2593, #4102, .T. ) ;
#1085 = DIRECTION ( 'NONE',  ( 0.3236155771181852270, 0.8891264907159880382, 0.3236155771181852825 ) ) ;
#1086 = VECTOR ( 'NONE', #6264, 39.37007874015748854 ) ;
#1087 = AXIS2_PLACEMENT_3D ( 'NONE', #10061, #7613, #2483 ) ;
#1088 = CARTESIAN_POINT ( 'NONE',  ( 1.866247392102125868, 0.1771653543307086520, 1.147199780013995030 ) ) ;
#1089 =( BOUNDED_CURVE ( )  B_SPLINE_CURVE ( 3, ( #6427, #9930, #4711, #8192 ),
 .UNSPECIFIED., .F., .F. ) 
 B_SPLINE_CURVE_WITH_KNOTS ( ( 4, 4 ),
 ( 3.141592653589793116, 3.490658503988660399 ),
 .UNSPECIFIED. ) 
 CURVE ( )  GEOMETRIC_REPRESENTATION_ITEM ( )  RATIONAL_B_SPLINE_CURVE ( ( 1.000000000000000000, 0.9898718353414719395, 0.9898718353414719395, 1.000000000000000000 ) ) 
 REPRESENTATION_ITEM ( '' )  );
#1090 = CARTESIAN_POINT ( 'NONE',  ( -1.253831348055354900, -0.2952755905511810774, -0.2020027194681927596 ) ) ;
#1091 = CARTESIAN_POINT ( 'NONE',  ( 1.312344623978576541, 0.1968503937007874127, 4.062761060059365548 ) ) ;
#1092 = LINE ( 'NONE', #1154, #1687 ) ;
#1093 = CARTESIAN_POINT ( 'NONE',  ( -1.549106938606535477, 0.000000000000000000, 4.013548461634169229 ) ) ;
#1094 = CARTESIAN_POINT ( 'NONE',  ( 0.8046696754339736080, 0.1574803149606299191, 0.2748053906353093989 ) ) ;
#1095 = ORIENTED_EDGE ( 'NONE', *, *, #10536, .T. ) ;
#1096 = AXIS2_PLACEMENT_3D ( 'NONE', #7115, #8243, #8342 ) ;
#1097 = EDGE_CURVE ( 'NONE', #3129, #6340, #4221, .T. ) ;
#1098 = AXIS2_PLACEMENT_3D ( 'NONE', #2999, #6470, #10023 ) ;
#1099 = CARTESIAN_POINT ( 'NONE',  ( -0.8910725290249982278, 0.1690115440477737152, 3.345671532367593404 ) ) ;
#1100 = PLANE ( 'NONE',  #5388 ) ;
#1101 = VERTEX_POINT ( 'NONE', #10841 ) ;
#1102 = ADVANCED_FACE ( 'NONE', ( #3814 ), #1923, .F. ) ;
#1103 = ORIENTED_EDGE ( 'NONE', *, *, #3109, .F. ) ;
#1104 = CARTESIAN_POINT ( 'NONE',  ( -0.8713874896549195226, 0.1771653543307086520, 3.325986492997513810 ) ) ;
#1105 = ORIENTED_EDGE ( 'NONE', *, *, #2356, .F. ) ;
#1106 = ORIENTED_EDGE ( 'NONE', *, *, #8284, .T. ) ;
#1107 = CARTESIAN_POINT ( 'NONE',  ( -0.8350177238743349273, 3.414809992080329023E-17, 1.754183656350787546 ) ) ;
#1108 = VECTOR ( 'NONE', #2443, 39.37007874015748143 ) ;
#1109 = ORIENTED_EDGE ( 'NONE', *, *, #681, .T. ) ;
#1110 = VERTEX_POINT ( 'NONE', #7240 ) ;
#1111 = ORIENTED_EDGE ( 'NONE', *, *, #8120, .F. ) ;
#1112 = ADVANCED_FACE ( 'NONE', ( #3930 ), #7181, .T. ) ;
#1113 = FACE_OUTER_BOUND ( 'NONE', #9807, .T. ) ;
#1114 = CIRCLE ( 'NONE', #4034, 0.05905511811023627516 ) ;
#1115 = EDGE_LOOP ( 'NONE', ( #7600, #3622, #247, #7062 ) ) ;
#1116 = EDGE_CURVE ( 'NONE', #1851, #1961, #3874, .T. ) ;
#1117 = CARTESIAN_POINT ( 'NONE',  ( -0.7311631620456330305, 0.1529109616598304799, 1.042122159454915709 ) ) ;
#1118 = DIRECTION ( 'NONE',  ( 0.3236155771181851160, 0.8891264907159878161, 0.3236155771181852825 ) ) ;
#1119 = CARTESIAN_POINT ( 'NONE',  ( 0.6455476949752790850, 0.1507476349739041432, 2.418833016475827602 ) ) ;
#1120 = DIRECTION ( 'NONE',  ( -1.156482317317871478E-16, 0.000000000000000000, 1.000000000000000000 ) ) ;
#1121 = ORIENTED_EDGE ( 'NONE', *, *, #3773, .T. ) ;
#1122 = CIRCLE ( 'NONE', #2580, 0.1377952755905512972 ) ;
#1123 = PLANE ( 'NONE',  #10458 ) ;
#1124 = DIRECTION ( 'NONE',  ( -0.3236155771181852825, 0.8891264907159878161, 0.3236155771181852270 ) ) ;
#1125 = ADVANCED_FACE ( 'NONE', ( #2845, #7291, #10732 ), #9991, .T. ) ;
#1126 = ORIENTED_EDGE ( 'NONE', *, *, #11033, .T. ) ;
#1127 = CARTESIAN_POINT ( 'NONE',  ( -0.1152021833089927338, 0.1771653543307086520, 3.961232744490768454 ) ) ;
#1128 = DIRECTION ( 'NONE',  ( -0.000000000000000000, -1.000000000000000000, 0.000000000000000000 ) ) ;
#1129 = VECTOR ( 'NONE', #6844, 39.37007874015748143 ) ;
#1130 = DIRECTION ( 'NONE',  ( 0.000000000000000000, 0.3420201433256694346, -0.9396926207859080948 ) ) ;
#1131 = CARTESIAN_POINT ( 'NONE',  ( 0.6455476949752787519, 0.1507476349739040600, 3.954266087341969715 ) ) ;
#1132 = VERTEX_POINT ( 'NONE', #2145 ) ;
#1133 = CARTESIAN_POINT ( 'NONE',  ( 0.6640455812112220357, 0.1574803149606299191, 0.000000000000000000 ) ) ;
#1134 = AXIS2_PLACEMENT_3D ( 'NONE', #8922, #10124, #3254 ) ;
#1135 = VECTOR ( 'NONE', #9161, 39.37007874015748143 ) ;
#1136 = CARTESIAN_POINT ( 'NONE',  ( 0.000000000000000000, 0.1574803149606299191, 0.9018978318456289944 ) ) ;
#1137 = ORIENTED_EDGE ( 'NONE', *, *, #6097, .F. ) ;
#1138 = FACE_OUTER_BOUND ( 'NONE', #8651, .T. ) ;
#1139 = CARTESIAN_POINT ( 'NONE',  ( 0.000000000000000000, 0.5905511811023621549, 4.161186256909759962 ) ) ;
#1140 = EDGE_CURVE ( 'NONE', #9844, #1279, #4945, .T. ) ;
#1141 = ADVANCED_FACE ( 'NONE', ( #9011 ), #9944, .T. ) ;
#1142 = CARTESIAN_POINT ( 'NONE',  ( 0.000000000000000000, 0.1574803149606299191, 1.790553422131372141 ) ) ;
#1143 = LINE ( 'NONE', #2163, #5585 ) ;
#1144 = VERTEX_POINT ( 'NONE', #4662 ) ;
#1145 = FACE_OUTER_BOUND ( 'NONE', #3655, .T. ) ;
#1146 = CYLINDRICAL_SURFACE ( 'NONE', #10933, 0.01968503937007875723 ) ;
#1147 = VERTEX_POINT ( 'NONE', #2093 ) ;
#1148 = CARTESIAN_POINT ( 'NONE',  ( 1.431762116644293092, 0.1771653543307086520, 1.669614367278699385 ) ) ;
#1149 = ORIENTED_EDGE ( 'NONE', *, *, #6120, .F. ) ;
#1150 = CARTESIAN_POINT ( 'NONE',  ( -0.7307633954321687275, 0.1574803149606299191, 2.417645863341691737 ) ) ;
#1151 = DIRECTION ( 'NONE',  ( 7.709882115452478166E-17, 0.000000000000000000, -1.000000000000000000 ) ) ;
#1152 = DIRECTION ( 'NONE',  ( -0.9396926207859080948, 0.3420201433256694346, 0.000000000000000000 ) ) ;
#1153 = CIRCLE ( 'NONE', #6615, 0.1377952755905512972 ) ;
#1154 = CARTESIAN_POINT ( 'NONE',  ( -0.7223352850632289712, 0.000000000000000000, 0.2187505854846457654 ) ) ;
#1155 = ADVANCED_FACE ( 'NONE', ( #5583 ), #5742, .T. ) ;
#1156 = PRESENTATION_LAYER_ASSIGNMENT (  '', '', ( #32 ) ) ;
#1157 = FACE_OUTER_BOUND ( 'NONE', #4104, .T. ) ;
#1158 = DIRECTION ( 'NONE',  ( -1.000000000000000000, 0.000000000000000000, -2.312964634635747887E-16 ) ) ;
#1159 = DIRECTION ( 'NONE',  ( 0.000000000000000000, 0.000000000000000000, -1.000000000000000000 ) ) ;
#1160 = ORIENTED_EDGE ( 'NONE', *, *, #3913, .F. ) ;
#1161 = ORIENTED_EDGE ( 'NONE', *, *, #3712, .F. ) ;
#1162 = DIRECTION ( 'NONE',  ( 1.000000000000000000, -0.000000000000000000, -0.000000000000000000 ) ) ;
#1163 = ORIENTED_EDGE ( 'NONE', *, *, #9294, .T. ) ;
#1164 =( REPRESENTATION_RELATIONSHIP ('NONE','NONE', #1175, #2416 ) REPRESENTATION_RELATIONSHIP_WITH_TRANSFORMATION ( #4936 )SHAPE_REPRESENTATION_RELATIONSHIP( ) );
#1165 = ORIENTED_EDGE ( 'NONE', *, *, #9531, .T. ) ;
#1166 = CARTESIAN_POINT ( 'NONE',  ( -1.498479930865239007, 0.1551781507868630616, 0.2748053906353093989 ) ) ;
#1167 = ORIENTED_EDGE ( 'NONE', *, *, #5779, .F. ) ;
#1168 = ORIENTED_EDGE ( 'NONE', *, *, #1183, .T. ) ;
#1169 = EDGE_CURVE ( 'NONE', #7654, #6182, #5690, .T. ) ;
#1170 = ORIENTED_EDGE ( 'NONE', *, *, #9240, .F. ) ;
#1171 = DIRECTION ( 'NONE',  ( -0.000000000000000000, -1.000000000000000000, -0.000000000000000000 ) ) ;
#1172 = ORIENTED_EDGE ( 'NONE', *, *, #10551, .F. ) ;
#1173 = CARTESIAN_POINT ( 'NONE',  ( -0.7307633954321682834, 0.1574803149606299191, 1.042521926068380456 ) ) ;
#1174 = PLANE ( 'NONE',  #7766 ) ;
#1175 = SHAPE_REPRESENTATION ( 'Calculator_Assem', ( #6037, #4409, #934 ), #4047 ) ;
#1176 = FACE_OUTER_BOUND ( 'NONE', #7642, .T. ) ;
#1177 = EDGE_CURVE ( 'NONE', #6733, #7994, #3066, .T. ) ;
#1178 = LINE ( 'NONE', #9760, #10866 ) ;
#1179 = VECTOR ( 'NONE', #11137, 39.37007874015748143 ) ;
#1180 = ORIENTED_EDGE ( 'NONE', *, *, #3925, .F. ) ;
#1181 = DIRECTION ( 'NONE',  ( -1.156482317317871478E-16, 0.000000000000000000, 1.000000000000000000 ) ) ;
#1182 = EDGE_CURVE ( 'NONE', #6533, #7144, #10099, .T. ) ;
#1183 = EDGE_CURVE ( 'NONE', #1058, #10001, #275, .T. ) ;
#1184 = CARTESIAN_POINT ( 'NONE',  ( 0.03695314000090259982, 0.1574803149606299191, 4.273565298041558010E-18 ) ) ;
#1185 = VECTOR ( 'NONE', #10288, 39.37007874015748143 ) ;
#1186 = ORIENTED_EDGE ( 'NONE', *, *, #5609, .F. ) ;
#1187 = CYLINDRICAL_SURFACE ( 'NONE', #8544, 0.01968503937007875723 ) ;
#1188 = ORIENTED_EDGE ( 'NONE', *, *, #7361, .T. ) ;
#1189 = ADVANCED_FACE ( 'NONE', ( #7453 ), #8355, .F. ) ;
#1190 = CARTESIAN_POINT ( 'NONE',  ( 1.412476843887679134, 0.1529109616598305632, 0.2744056240218447629 ) ) ;
#1191 = VECTOR ( 'NONE', #8185, 39.37007874015748143 ) ;
#1192 = ORIENTED_EDGE ( 'NONE', *, *, #2500, .F. ) ;
#1193 = CARTESIAN_POINT ( 'NONE',  ( -1.475210875130816426E-17, 0.1771653543307086520, 0.2551203512652306382 ) ) ;
#1194 = LINE ( 'NONE', #2920, #702 ) ;
#1195 = CARTESIAN_POINT ( 'NONE',  ( 1.773486704651734192, 0.000000000000000000, 1.032663144480758355 ) ) ;
#1196 = CARTESIAN_POINT ( 'NONE',  ( 0.6443605418411432195, 0.1690115440477737152, 3.953078934207834294 ) ) ;
#1197 = FACE_OUTER_BOUND ( 'NONE', #11030, .T. ) ;
#1198 = ORIENTED_EDGE ( 'NONE', *, *, #6484, .F. ) ;
#1199 = DIRECTION ( 'NONE',  ( 1.000000000000000000, -0.000000000000000000, -0.000000000000000000 ) ) ;
#1200 = CIRCLE ( 'NONE', #10879, 0.05511811023622041616 ) ;
#1201 = CARTESIAN_POINT ( 'NONE',  ( 0.6455476949752789739, 0.1507476349739041155, 1.641501217539681479 ) ) ;
#1202 = ORIENTED_EDGE ( 'NONE', *, *, #1569, .T. ) ;
#1203 = CARTESIAN_POINT ( 'NONE',  ( 0.6443605418411432195, 0.1551781507868631449, 3.185362398774762127 ) ) ;
#1204 = CARTESIAN_POINT ( 'NONE',  ( 0.6443605418411432195, 0.1574803149606299191, 3.953078934207834294 ) ) ;
#1205 = ORIENTED_EDGE ( 'NONE', *, *, #4189, .F. ) ;
#1206 = VERTEX_POINT ( 'NONE', #10997 ) ;
#1207 = DIRECTION ( 'NONE',  ( -2.312964634635742957E-16, -0.000000000000000000, 1.000000000000000000 ) ) ;
#1208 = ADVANCED_FACE ( 'NONE', ( #8306 ), #531, .T. ) ;
#1209 = CARTESIAN_POINT ( 'NONE',  ( 0.7849846360638946807, 0.1771653543307086520, 1.022836886698301750 ) ) ;
#1210 = EDGE_CURVE ( 'NONE', #4917, #7128, #3174, .T. ) ;
#1211 = VECTOR ( 'NONE', #1054, 39.37007874015748143 ) ;
#1212 = FACE_OUTER_BOUND ( 'NONE', #9069, .T. ) ;
#1213 = CARTESIAN_POINT ( 'NONE',  ( 0.000000000000000000, 0.1574803149606299191, 0.8822127924755500672 ) ) ;
#1214 = DIRECTION ( 'NONE',  ( 0.000000000000000000, -1.000000000000000000, 0.000000000000000000 ) ) ;
#1215 = ORIENTED_EDGE ( 'NONE', *, *, #1744, .T. ) ;
#1216 = DIRECTION ( 'NONE',  ( 0.000000000000000000, 0.000000000000000000, 1.000000000000000000 ) ) ;
#1217 = CARTESIAN_POINT ( 'NONE',  ( 1.767822195251732564, 0.5905511811023621549, 1.089888905898577454 ) ) ;
#1218 = ORIENTED_EDGE ( 'NONE', *, *, #7737, .T. ) ;
#1219 = DIRECTION ( 'NONE',  ( -1.541976423090495387E-16, 0.000000000000000000, -1.000000000000000000 ) ) ;
#1220 = AXIS2_PLACEMENT_3D ( 'NONE', #5573, #3863, #2186 ) ;
#1221 = VERTEX_POINT ( 'NONE', #10151 ) ;
#1222 = DIRECTION ( 'NONE',  ( -1.000000000000000000, 0.000000000000000000, 5.782411586589358625E-17 ) ) ;
#1223 = ORIENTED_EDGE ( 'NONE', *, *, #5741, .F. ) ;
#1224 = ORIENTED_EDGE ( 'NONE', *, *, #6484, .T. ) ;
#1225 = CARTESIAN_POINT ( 'NONE',  ( -0.1233559935919276984, 0.1574803149606299191, 1.042521926068380456 ) ) ;
#1226 = ORIENTED_EDGE ( 'NONE', *, *, #7553, .F. ) ;
#1227 = ORIENTED_EDGE ( 'NONE', *, *, #8514, .F. ) ;
#1228 = AXIS2_PLACEMENT_3D ( 'NONE', #2752, #6976, #10472 ) ;
#1229 = LINE ( 'NONE', #474, #7482 ) ;
#1230 = EDGE_LOOP ( 'NONE', ( #8294, #4073, #412, #4968 ) ) ;
#1231 = CYLINDRICAL_SURFACE ( 'NONE', #5686, 0.01968503937007875723 ) ;
#1232 = DIRECTION ( 'NONE',  ( 0.000000000000000000, 0.000000000000000000, -1.000000000000000000 ) ) ;
#1233 = EDGE_CURVE ( 'NONE', #818, #7726, #8508, .T. ) ;
#1234 = CARTESIAN_POINT ( 'NONE',  ( -0.1233559935919278233, 0.1574803149606299191, 2.417645863341692181 ) ) ;
#1235 = CARTESIAN_POINT ( 'NONE',  ( -1.518164970235317712, 0.1771653543307086520, 0.2551203512652306382 ) ) ;
#1236 = CARTESIAN_POINT ( 'NONE',  ( 0.8046696754339730528, 0.1551781507868630339, 2.417645863341691737 ) ) ;
#1237 = LINE ( 'NONE', #264, #7895 ) ;
#1238 = ORIENTED_EDGE ( 'NONE', *, *, #8169, .F. ) ;
#1239 = EDGE_CURVE ( 'NONE', #1281, #313, #4812, .T. ) ;
#1240 =( BOUNDED_CURVE ( )  B_SPLINE_CURVE ( 3, ( #7054, #7897, #3457, #10492 ),
 .UNSPECIFIED., .F., .F. ) 
 B_SPLINE_CURVE_WITH_KNOTS ( ( 4, 4 ),
 ( 5.934119456780721613, 6.283185307179586232 ),
 .UNSPECIFIED. ) 
 CURVE ( )  GEOMETRIC_REPRESENTATION_ITEM ( )  RATIONAL_B_SPLINE_CURVE ( ( 1.000000000000000000, 0.9898718353414720506, 0.9898718353414720506, 1.000000000000000000 ) ) 
 REPRESENTATION_ITEM ( '' )  );
#1241 = LINE ( 'NONE', #2043, #10584 ) ;
#1242 = CARTESIAN_POINT ( 'NONE',  ( 1.728452116511574488, 0.1968503937007874127, 1.147199780013995030 ) ) ;
#1243 = EDGE_CURVE ( 'NONE', #4305, #6720, #6471, .T. ) ;
#1244 = EDGE_CURVE ( 'NONE', #2209, #1071, #9053, .T. ) ;
#1245 = EDGE_LOOP ( 'NONE', ( #4016, #10626, #7765, #9721 ) ) ;
#1246 = CARTESIAN_POINT ( 'NONE',  ( -0.7504484348022470996, 0.1771653543307086520, 1.022836886698301750 ) ) ;
#1247 = ORIENTED_EDGE ( 'NONE', *, *, #8805, .T. ) ;
#1248 = CARTESIAN_POINT ( 'NONE',  ( -1.518164970235317712, 0.1574803149606299191, -7.022923771394230051E-16 ) ) ;
#1249 = CARTESIAN_POINT ( 'NONE',  ( 0.000000000000000000, 0.1574803149606299191, 3.205047438144841276 ) ) ;
#1250 = DIRECTION ( 'NONE',  ( 0.000000000000000000, -1.000000000000000000, 0.000000000000000000 ) ) ;
#1251 = DIRECTION ( 'NONE',  ( 1.000000000000000000, -0.000000000000000000, 9.251858538542971828E-16 ) ) ;
#1252 = LINE ( 'NONE', #3136, #8309 ) ;
#1253 = ORIENTED_EDGE ( 'NONE', *, *, #9150, .F. ) ;
#1254 = CYLINDRICAL_SURFACE ( 'NONE', #532, 0.01968503937007875723 ) ;
#1255 = EDGE_CURVE ( 'NONE', #4148, #6365, #8446, .T. ) ;
#1256 = FACE_OUTER_BOUND ( 'NONE', #4992, .T. ) ;
#1257 = AXIS2_PLACEMENT_3D ( 'NONE', #3398, #4578, #4246 ) ;
#1258 = CARTESIAN_POINT ( 'NONE',  ( -0.7223352850632294153, 0.1771653543307086520, 1.818666571870390269 ) ) ;
#1259 = ORIENTED_EDGE ( 'NONE', *, *, #2182, .T. ) ;
#1260 = ORIENTED_EDGE ( 'NONE', *, *, #3015, .T. ) ;
#1261 = EDGE_CURVE ( 'NONE', #1567, #1804, #10872, .T. ) ;
#1262 = CARTESIAN_POINT ( 'NONE',  ( 0.6359324314722039073, 0.1771653543307086520, 0.8737846821066108660 ) ) ;
#1263 = CIRCLE ( 'NONE', #7626, 0.09448818897637792369 ) ;
#1264 = CIRCLE ( 'NONE', #5455, 0.1377952755905512972 ) ;
#1265 = LINE ( 'NONE', #7325, #4225 ) ;
#1266 = CARTESIAN_POINT ( 'NONE',  ( 1.412077077274214387, 0.1551781507868631171, 3.345671532367592071 ) ) ;
#1267 = CARTESIAN_POINT ( 'NONE',  ( 1.431762116644293092, 0.1771653543307086520, 0.000000000000000000 ) ) ;
#1268 = ORIENTED_EDGE ( 'NONE', *, *, #7992, .T. ) ;
#1269 = ORIENTED_EDGE ( 'NONE', *, *, #11290, .F. ) ;
#1270 = EDGE_CURVE ( 'NONE', #5535, #3443, #7436, .T. ) ;
#1271 = LINE ( 'NONE', #10078, #2012 ) ;
#1272 = CARTESIAN_POINT ( 'NONE',  ( 3.675545029056271151E-15, 0.1574803149606299191, 3.972763973577912999 ) ) ;
#1273 = VERTEX_POINT ( 'NONE', #3961 ) ;
#1274 = DIRECTION ( 'NONE',  ( 0.000000000000000000, 0.000000000000000000, 1.000000000000000000 ) ) ;
#1275 = CIRCLE ( 'NONE', #4185, 0.09448818897637792369 ) ;
#1276 = ORIENTED_EDGE ( 'NONE', *, *, #10155, .T. ) ;
#1277 = LINE ( 'NONE', #415, #10432 ) ;
#1278 = CARTESIAN_POINT ( 'NONE',  ( -2.011705363803387048, 0.000000000000000000, -0.1035775226177987063 ) ) ;
#1279 = VERTEX_POINT ( 'NONE', #3000 ) ;
#1280 = FACE_OUTER_BOUND ( 'NONE', #10970, .T. ) ;
#1281 = VERTEX_POINT ( 'NONE', #9921 ) ;
#1282 = ORIENTED_EDGE ( 'NONE', *, *, #1255, .F. ) ;
#1283 = VECTOR ( 'NONE', #1758, 39.37007874015748143 ) ;
#1284 = ADVANCED_FACE ( 'NONE', ( #2076 ), #1100, .F. ) ;
#1285 = DIRECTION ( 'NONE',  ( -2.379584353717864084E-16, 0.000000000000000000, 1.000000000000000000 ) ) ;
#1286 = ORIENTED_EDGE ( 'NONE', *, *, #2628, .F. ) ;
#1287 = AXIS2_PLACEMENT_3D ( 'NONE', #10549, #5159, #929 ) ;
#1288 = PLANE ( 'NONE',  #3216 ) ;
#1289 = VECTOR ( 'NONE', #8509, 39.37007874015748143 ) ;
#1290 = DIRECTION ( 'NONE',  ( 1.000000000000000000, -0.000000000000000000, 0.000000000000000000 ) ) ;
#1291 = DIRECTION ( 'NONE',  ( 1.000000000000000000, -0.000000000000000000, -4.625929269271485914E-16 ) ) ;
#1292 = CARTESIAN_POINT ( 'NONE',  ( 1.559627917323826551, 0.4724409448818899238, -0.005152325767405393706 ) ) ;
#1293 = CARTESIAN_POINT ( 'NONE',  ( -0.8910725290249986719, 0.1551781507868630616, 3.953078934207833850 ) ) ;
#1294 = VECTOR ( 'NONE', #9154, 39.37007874015748143 ) ;
#1295 = EDGE_CURVE ( 'NONE', #6208, #3009, #2688, .T. ) ;
#1296 = ORIENTED_EDGE ( 'NONE', *, *, #4111, .T. ) ;
#1297 = DIRECTION ( 'NONE',  ( 0.000000000000000000, 0.3420201433256694346, -0.9396926207859080948 ) ) ;
#1298 = LINE ( 'NONE', #6328, #9511 ) ;
#1299 =( LENGTH_UNIT ( ) NAMED_UNIT ( * ) SI_UNIT ( $, .METRE. ) );
#1300 = VERTEX_POINT ( 'NONE', #6528 ) ;
#1301 = VECTOR ( 'NONE', #2370, 39.37007874015748143 ) ;
#1302 = DIRECTION ( 'NONE',  ( -1.000000000000000000, 0.000000000000000000, 0.000000000000000000 ) ) ;
#1303 = LINE ( 'NONE', #4289, #8410 ) ;
#1304 = DIRECTION ( 'NONE',  ( 6.938893903907229364E-16, -0.000000000000000000, -1.000000000000000000 ) ) ;
#1305 = EDGE_CURVE ( 'NONE', #462, #8829, #240, .T. ) ;
#1306 = ORIENTED_EDGE ( 'NONE', *, *, #3853, .T. ) ;
#1307 = CARTESIAN_POINT ( 'NONE',  ( -0.1229562269784630069, 0.1529109616598305355, 3.345271765754127991 ) ) ;
#1308 = FACE_OUTER_BOUND ( 'NONE', #620, .T. ) ;
#1309 = DIRECTION ( 'NONE',  ( 1.000000000000000000, -0.000000000000000000, -0.000000000000000000 ) ) ;
#1310 =( BOUNDED_CURVE ( )  B_SPLINE_CURVE ( 3, ( #7076, #2620, #3717, #6088 ),
 .UNSPECIFIED., .F., .F. ) 
 B_SPLINE_CURVE_WITH_KNOTS ( ( 4, 4 ),
 ( 2.792526803190928053, 3.141592653589793116 ),
 .UNSPECIFIED. ) 
 CURVE ( )  GEOMETRIC_REPRESENTATION_ITEM ( )  RATIONAL_B_SPLINE_CURVE ( ( 1.000000000000000000, 0.9898718353414720506, 0.9898718353414720506, 1.000000000000000000 ) ) 
 REPRESENTATION_ITEM ( '' )  );
#1311 = EDGE_CURVE ( 'NONE', #5973, #6970, #3193, .T. ) ;
#1312 = DIRECTION ( 'NONE',  ( -0.3420201433256694346, 0.9396926207859080948, 0.000000000000000000 ) ) ;
#1313 = CARTESIAN_POINT ( 'NONE',  ( 0.7849846360638946807, 0.1771653543307086520, 1.022836886698301750 ) ) ;
#1314 = ORIENTED_EDGE ( 'NONE', *, *, #6982, .T. ) ;
#1315 = DIRECTION ( 'NONE',  ( 0.000000000000000000, 0.000000000000000000, 1.000000000000000000 ) ) ;
#1316 = CIRCLE ( 'NONE', #6029, 0.1377952755905511584 ) ;
#1317 = CARTESIAN_POINT ( 'NONE',  ( -0.1152021833089929420, 0.1771653543307084577, 3.193516209057697619 ) ) ;
#1318 = DIRECTION ( 'NONE',  ( 0.000000000000000000, 0.000000000000000000, 1.000000000000000000 ) ) ;
#1319 = EDGE_LOOP ( 'NONE', ( #1745, #10493, #10698, #7273 ) ) ;
#1320 = ORIENTED_EDGE ( 'NONE', *, *, #2707, .T. ) ;
#1321 = CARTESIAN_POINT ( 'NONE',  ( 0.000000000000000000, 0.1771653543307086520, 3.972763973577912555 ) ) ;
#1322 = ADVANCED_FACE ( 'NONE', ( #9106 ), #4642, .T. ) ;
#1323 = CARTESIAN_POINT ( 'NONE',  ( 1.728452116511573600, 0.000000000000000000, 0.1257531860436190418 ) ) ;
#1324 = LINE ( 'NONE', #1596, #4963 ) ;
#1325 = VECTOR ( 'NONE', #7918, 39.37007874015748143 ) ;
#1326 = DIRECTION ( 'NONE',  ( 1.000000000000000000, 0.000000000000000000, 0.000000000000000000 ) ) ;
#1327 = ORIENTED_EDGE ( 'NONE', *, *, #4432, .F. ) ;
#1329 = ORIENTED_EDGE ( 'NONE', *, *, #2669, .F. ) ;
#1328 = LINE ( 'NONE', #7490, #7039 ) ;
#1330 = EDGE_CURVE ( 'NONE', #5046, #9951, #302, .T. ) ;
#1331 = CYLINDRICAL_SURFACE ( 'NONE', #375, 0.01968503937007875723 ) ;
#1332 = DIRECTION ( 'NONE',  ( -9.251858538542930412E-16, 0.000000000000000000, -1.000000000000000000 ) ) ;
#1333 = ORIENTED_EDGE ( 'NONE', *, *, #1140, .F. ) ;
#1334 = LINE ( 'NONE', #3002, #3651 ) ;
#1335 = ORIENTED_EDGE ( 'NONE', *, *, #10259, .T. ) ;
#1336 = DIRECTION ( 'NONE',  ( 0.000000000000000000, 1.000000000000000000, -0.000000000000000000 ) ) ;
#1337 = VERTEX_POINT ( 'NONE', #7275 ) ;
#1338 = VECTOR ( 'NONE', #5084, 39.37007874015748143 ) ;
#1339 = CARTESIAN_POINT ( 'NONE',  ( 1.312344623978576541, 0.4724409448818898127, 4.062761060059365548 ) ) ;
#1340 = EDGE_CURVE ( 'NONE', #10058, #8756, #2619, .T. ) ;
#1341 = AXIS2_PLACEMENT_3D ( 'NONE', #9856, #3795, #1959 ) ;
#1342 = ORIENTED_EDGE ( 'NONE', *, *, #1295, .T. ) ;
#1343 = EDGE_LOOP ( 'NONE', ( #2773, #1218, #10192, #1329 ) ) ;
#1344 = DIRECTION ( 'NONE',  ( 1.000000000000000000, -0.000000000000000000, -0.000000000000000000 ) ) ;
#1345 = ORIENTED_EDGE ( 'NONE', *, *, #2975, .T. ) ;
#1346 = VECTOR ( 'NONE', #6275, 39.37007874015748143 ) ;
#1347 = ORIENTED_EDGE ( 'NONE', *, *, #7326, .T. ) ;
#1348 = CARTESIAN_POINT ( 'NONE',  ( -2.494372953833778313E-16, 0.5905511811023621549, -1.941175947814649527 ) ) ;
#1349 = CARTESIAN_POINT ( 'NONE',  ( 0.8059769318792208148, 0.4724409448818898127, 3.905280745098735906 ) ) ;
#1350 = EDGE_CURVE ( 'NONE', #5454, #3378, #1381, .T. ) ;
#1351 = CARTESIAN_POINT ( 'NONE',  ( -2.129815600023859279, 0.1968503937007874127, -1.901805869074491673 ) ) ;
#1352 = EDGE_CURVE ( 'NONE', #1972, #4626, #10822, .T. ) ;
#1353 = CARTESIAN_POINT ( 'NONE',  ( -2.169185678764017133, 0.5905511811023621549, -1.941175947814649305 ) ) ;
#1354 = AXIS2_PLACEMENT_3D ( 'NONE', #7611, #9348, #2481 ) ;
#1355 = CARTESIAN_POINT ( 'NONE',  ( 0.000000000000000000, 0.1574803149606299191, 1.790553422131372141 ) ) ;
#1356 = CYLINDRICAL_SURFACE ( 'NONE', #6966, 0.01968503937007875723 ) ;
#1357 = DIMENSIONAL_EXPONENTS ( 1.000000000000000000, 0.000000000000000000, 0.000000000000000000, 0.000000000000000000, 0.000000000000000000, 0.000000000000000000, 0.000000000000000000 ) ;
#1358 = CLOSED_SHELL ( 'NONE', ( #6697, #3876, #2430, #962, #4954, #4097, #7445, #10916, #5669, #8547, #1284, #9287, #2839, #1189, #5436, #11112, #587, #5789, #147, #3188, #11147, #1208, #7634, #5460, #5452, #6444, #8198, #3446, #8232, #7865, #10870, #3403, #11080, #1125, #7112, #2774, #4611, #9448, #6893, #10150, #9152, #1690, #6280, #9419, #671, #10421, #404, #2156, #9556, #2301, #9713, #4980, #5734, #7893, #1503, #913, #5017, #7969, #6753, #4260, #5283, #6492, #5935, #1801, #5054, #2528, #6047, #3207, #1, #2283, #7536, #10786, #10983, #8046, #10190, #3783, #1155, #9919, #6965, #7778, #1817, #606 ) ) ;
#1359 = DIRECTION ( 'NONE',  ( 0.000000000000000000, 0.000000000000000000, 1.000000000000000000 ) ) ;
#1360 = DIRECTION ( 'NONE',  ( 0.000000000000000000, 0.000000000000000000, -1.000000000000000000 ) ) ;
#1361 = DIRECTION ( 'NONE',  ( 0.000000000000000000, 0.000000000000000000, 1.000000000000000000 ) ) ;
#1362 = EDGE_LOOP ( 'NONE', ( #5077, #5235, #5154, #1238 ) ) ;
#1363 = CARTESIAN_POINT ( 'NONE',  ( 3.657332709098509593E-15, 0.1574803149606299191, 3.953078934207834294 ) ) ;
#1364 = VERTEX_POINT ( 'NONE', #731 ) ;
#1365 = CARTESIAN_POINT ( 'NONE',  ( 1.905617470842284167, 0.4724409448818898127, -1.626215317893389356 ) ) ;
#1366 = VECTOR ( 'NONE', #4385, 39.37007874015748143 ) ;
#1367 = LINE ( 'NONE', #445, #170 ) ;
#1368 = DIRECTION ( 'NONE',  ( -0.3236155771181855045, 0.8891264907159878161, 0.3236155771181852270 ) ) ;
#1369 = CARTESIAN_POINT ( 'NONE',  ( -0.7307633954321682834, 0.1574803149606299191, 1.042521926068380456 ) ) ;
#1370 = DIRECTION ( 'NONE',  ( -0.000000000000000000, 1.000000000000000000, 0.000000000000000000 ) ) ;
#1371 = PLANE ( 'NONE',  #6186 ) ;
#1372 = DIRECTION ( 'NONE',  ( 0.000000000000000000, -0.000000000000000000, -1.000000000000000000 ) ) ;
#1373 = VECTOR ( 'NONE', #5764, 39.37007874015748143 ) ;
#1374 = CARTESIAN_POINT ( 'NONE',  ( 0.7849846360638947917, 0.1771653543307086520, 0.2551203512652306382 ) ) ;
#1375 = ORIENTED_EDGE ( 'NONE', *, *, #5586, .F. ) ;
#1376 = ORIENTED_EDGE ( 'NONE', *, *, #4441, .T. ) ;
#1377 = CARTESIAN_POINT ( 'NONE',  ( 0.6640455812112220357, 0.1771653543307086520, 3.205047438144841276 ) ) ;
#1378 = EDGE_CURVE ( 'NONE', #9443, #3567, #10241, .T. ) ;
#1379 = CARTESIAN_POINT ( 'NONE',  ( -0.08257150553567020601, 0.4724409448818899238, -0.3988531131689799225 ) ) ;
#1380 = LINE ( 'NONE', #10917, #11181 ) ;
#1381 = CIRCLE ( 'NONE', #9230, 0.1377952755905511584 ) ;
#1382 = APPLICATION_CONTEXT ( 'automotive_design' ) ;
#1383 = AXIS2_PLACEMENT_3D ( 'NONE', #8673, #11253, #1657 ) ;
#1384 = CARTESIAN_POINT ( 'NONE',  ( 0.8034825222998372984, 0.1507476349739041155, 1.809051308367315425 ) ) ;
#1385 = ORIENTED_EDGE ( 'NONE', *, *, #5528, .F. ) ;
#1386 = ORIENTED_EDGE ( 'NONE', *, *, #6418, .T. ) ;
#1387 = DIRECTION ( 'NONE',  ( 0.000000000000000000, 1.000000000000000000, -0.000000000000000000 ) ) ;
#1388 = DIRECTION ( 'NONE',  ( 1.156482317317871478E-16, -0.000000000000000000, -1.000000000000000000 ) ) ;
#1389 = VERTEX_POINT ( 'NONE', #2289 ) ;
#1390 = ADVANCED_FACE ( 'NONE', ( #1437 ), #6580, .T. ) ;
#1391 = DIRECTION ( 'NONE',  ( -0.000000000000000000, -1.000000000000000000, -0.000000000000000000 ) ) ;
#1392 = EDGE_LOOP ( 'NONE', ( #11179, #6744, #2330, #9867 ) ) ;
#1393 = VECTOR ( 'NONE', #9270, 39.37007874015748143 ) ;
#1394 = DIRECTION ( 'NONE',  ( -1.000000000000000000, 0.000000000000000000, 0.000000000000000000 ) ) ;
#1396 = CARTESIAN_POINT ( 'NONE',  ( -2.129815600023859279, 0.000000000000000000, -1.901805869074491673 ) ) ;
#1395 = VECTOR ( 'NONE', #11090, 39.37007874015748143 ) ;
#1397 = EDGE_CURVE ( 'NONE', #3684, #175, #1544, .T. ) ;
#1398 = EDGE_CURVE ( 'NONE', #8318, #6687, #9338, .T. ) ;
#1399 = ORIENTED_EDGE ( 'NONE', *, *, #10403, .T. ) ;
#1400 = LINE ( 'NONE', #4821, #7586 ) ;
#1401 = ORIENTED_EDGE ( 'NONE', *, *, #5561, .T. ) ;
#1402 =( BOUNDED_CURVE ( )  B_SPLINE_CURVE ( 3, ( #5221, #10214, #3352, #2491 ),
 .UNSPECIFIED., .F., .F. ) 
 B_SPLINE_CURVE_WITH_KNOTS ( ( 4, 4 ),
 ( 3.141592653589793116, 4.712388980384689674 ),
 .UNSPECIFIED. ) 
 CURVE ( )  GEOMETRIC_REPRESENTATION_ITEM ( )  RATIONAL_B_SPLINE_CURVE ( ( 1.000000000000000000, 0.8047378541243649375, 0.8047378541243649375, 1.000000000000000000 ) ) 
 REPRESENTATION_ITEM ( '' )  );
#1403 = VECTOR ( 'NONE', #4340, 39.37007874015748143 ) ;
#1404 = CARTESIAN_POINT ( 'NONE',  ( 0.03576598686676719235, 0.1507476349739040600, 3.344484379233457094 ) ) ;
#1405 = EDGE_CURVE ( 'NONE', #9630, #5165, #9382, .T. ) ;
#1406 = VERTEX_POINT ( 'NONE', #566 ) ;
#1407 = CARTESIAN_POINT ( 'NONE',  ( -0.7868182005828323611, 0.000000000000000000, 2.409217752972752535 ) ) ;
#1408 = EDGE_CURVE ( 'NONE', #6700, #3683, #2238, .T. ) ;
#1409 = CARTESIAN_POINT ( 'NONE',  ( 0.000000000000000000, 0.1771653543307086520, 0.9018978318456288834 ) ) ;
#1410 = AXIS2_PLACEMENT_3D ( 'NONE', #7512, #4831, #3813 ) ;
#1411 = DIRECTION ( 'NONE',  ( -1.000000000000000000, 0.000000000000000000, 0.000000000000000000 ) ) ;
#1412 = EDGE_CURVE ( 'NONE', #5196, #9636, #1488, .T. ) ;
#1413 = EDGE_CURVE ( 'NONE', #6365, #1018, #8499, .T. ) ;
#1414 = CARTESIAN_POINT ( 'NONE',  ( -2.011705363803387048, 0.000000000000000000, -1.409679884822523377 ) ) ;
#1415 = CYLINDRICAL_SURFACE ( 'NONE', #5, 0.1377952755905511584 ) ;
#1416 = CARTESIAN_POINT ( 'NONE',  ( -0.8910725290249985608, 0.1574803149606299191, 3.185362398774762571 ) ) ;
#1417 = CONTEXT_DEPENDENT_SHAPE_REPRESENTATION ( #9563, #4213 ) ;
#1418 = EDGE_LOOP ( 'NONE', ( #9948, #7255, #9996, #6613 ) ) ;
#1419 = CARTESIAN_POINT ( 'NONE',  ( 0.7004153469918068531, 0.000000000000000000, 3.944650823838894649 ) ) ;
#1420 = FACE_OUTER_BOUND ( 'NONE', #5223, .T. ) ;
#1421 = CARTESIAN_POINT ( 'NONE',  ( -2.267610875614410215, 0.1771653543307086520, 0.2952514739630051066 ) ) ;
#1422 = CARTESIAN_POINT ( 'NONE',  ( -1.490051820496300028, 0.1507476349739041432, 2.418833016475827602 ) ) ;
#1423 = ADVANCED_FACE ( 'NONE', ( #619 ), #3262, .F. ) ;
#1424 = CYLINDRICAL_SURFACE ( 'NONE', #356, 0.01968503937007875723 ) ;
#1425 = CARTESIAN_POINT ( 'NONE',  ( 1.728452116511574488, 0.5905511811023621549, 1.147199780013995030 ) ) ;
#1426 = CARTESIAN_POINT ( 'NONE',  ( -1.498879697478704198, 0.1529109616598305355, 0.8826125590890150363 ) ) ;
#1427 = VERTEX_POINT ( 'NONE', #11142 ) ;
#1428 = EDGE_LOOP ( 'NONE', ( #7956, #8937, #7669, #4089 ) ) ;
#1429 = CARTESIAN_POINT ( 'NONE',  ( 0.8034825222998376315, 0.1507476349739041432, 3.176934288405823370 ) ) ;
#1430 = DIRECTION ( 'NONE',  ( 0.000000000000000000, 1.000000000000000000, -0.000000000000000000 ) ) ;
#1431 = CARTESIAN_POINT ( 'NONE',  ( 0.6525143521240781563, 0.1771653543307086798, 1.658083138191555728 ) ) ;
#1432 = LINE ( 'NONE', #6794, #1697 ) ;
#1433 = CARTESIAN_POINT ( 'NONE',  ( 0.04538125036984171773, 0.000000000000000000, 1.705984133059284646 ) ) ;
#1434 = VERTEX_POINT ( 'NONE', #8340 ) ;
#1435 = EDGE_CURVE ( 'NONE', #9056, #518, #512, .T. ) ;
#1436 = LINE ( 'NONE', #2341, #1995 ) ;
#1437 = FACE_OUTER_BOUND ( 'NONE', #5953, .T. ) ;
#1438 = DIRECTION ( 'NONE',  ( 1.000000000000000000, -0.000000000000000000, 4.625929269271484928E-16 ) ) ;
#1439 = VERTEX_POINT ( 'NONE', #10981 ) ;
#1440 = CARTESIAN_POINT ( 'NONE',  ( 1.767822195251732786, 0.4724409448818898127, -1.764010593483940736 ) ) ;
#1441 = AXIS2_PLACEMENT_3D ( 'NONE', #8835, #876, #7976 ) ;
#1442 = DIRECTION ( 'NONE',  ( 1.000000000000000000, -0.000000000000000000, -0.000000000000000000 ) ) ;
#1443 = ORIENTED_EDGE ( 'NONE', *, *, #7053, .F. ) ;
#1444 = CARTESIAN_POINT ( 'NONE',  ( -0.8910725290249987829, 0.1574803149606299191, 0.8822127924755501782 ) ) ;
#1445 = VERTEX_POINT ( 'NONE', #7646 ) ;
#1446 = ORIENTED_EDGE ( 'NONE', *, *, #11066, .F. ) ;
#1447 = ADVANCED_FACE ( 'NONE', ( #3156 ), #6743, .F. ) ;
#1448 = VECTOR ( 'NONE', #1828, 39.37007874015748143 ) ;
#1449 = AXIS2_PLACEMENT_3D ( 'NONE', #11027, #559, #4904 ) ;
#1450 = ADVANCED_FACE ( 'NONE', ( #674 ), #10184, .T. ) ;
#1451 = CARTESIAN_POINT ( 'NONE',  ( 0.05522377005488087603, 0.4724409448818899238, -0.1429476013579570881 ) ) ;
#1452 = ORIENTED_EDGE ( 'NONE', *, *, #5122, .F. ) ;
#1453 = DIRECTION ( 'NONE',  ( 0.000000000000000000, -0.000000000000000000, -1.000000000000000000 ) ) ;
#1454 = AXIS2_PLACEMENT_3D ( 'NONE', #6500, #1986, #8155 ) ;
#1455 = AXIS2_PLACEMENT_3D ( 'NONE', #4795, #807, #9633 ) ;
#1456 =( BOUNDED_CURVE ( )  B_SPLINE_CURVE ( 3, ( #6608, #9192, #1577, #3238 ),
 .UNSPECIFIED., .F., .T. ) 
 B_SPLINE_CURVE_WITH_KNOTS ( ( 4, 4 ),
 ( 0.000000000000000000, 1.570796326794896558 ),
 .UNSPECIFIED. ) 
 CURVE ( )  GEOMETRIC_REPRESENTATION_ITEM ( )  RATIONAL_B_SPLINE_CURVE ( ( 1.000000000000000000, 0.8047378541243649375, 0.8047378541243649375, 1.000000000000000000 ) ) 
 REPRESENTATION_ITEM ( '' )  );
#1457 = EDGE_CURVE ( 'NONE', #9982, #6733, #5824, .T. ) ;
#1458 = CARTESIAN_POINT ( 'NONE',  ( 0.7486148702833099744, 1.707404996040164512E-17, 2.521900191783858158 ) ) ;
#1459 = EDGE_CURVE ( 'NONE', #4788, #9859, #9329, .T. ) ;
#1460 = AXIS2_PLACEMENT_3D ( 'NONE', #4814, #6583, #9109 ) ;
#1461 = CARTESIAN_POINT ( 'NONE',  ( -1.554534736015902530, 0.000000000000000000, 3.944650823838894205 ) ) ;
#1462 = CARTESIAN_POINT ( 'NONE',  ( 1.925302510212362650, 0.4724409448818898127, -1.882120829704413190 ) ) ;
#1463 = ORIENTED_EDGE ( 'NONE', *, *, #2707, .F. ) ;
#1464 = CARTESIAN_POINT ( 'NONE',  ( 1.925302510212361318, 0.1771653543307086520, -0.2020027194681925098 ) ) ;
#1465 = ORIENTED_EDGE ( 'NONE', *, *, #8735, .T. ) ;
#1466 = EDGE_LOOP ( 'NONE', ( #7664, #7702, #2213, #11174 ) ) ;
#1467 = AXIS2_PLACEMENT_3D ( 'NONE', #8280, #342, #10808 ) ;
#1468 = ADVANCED_FACE ( 'NONE', ( #6802 ), #2461, .T. ) ;
#1469 = CARTESIAN_POINT ( 'NONE',  ( -1.253831348055354900, -0.2952755905511810774, -0.2020027194681927596 ) ) ;
#1470 = DIRECTION ( 'NONE',  ( 0.000000000000000000, -0.000000000000000000, -1.000000000000000000 ) ) ;
#1471 = LINE ( 'NONE', #4895, #7285 ) ;
#1472 = CARTESIAN_POINT ( 'NONE',  ( -2.011705363803387048, -0.2952755905511810774, -1.783695632854019442 ) ) ;
#1473 = VECTOR ( 'NONE', #9890, 39.37007874015748143 ) ;
#1474 = CARTESIAN_POINT ( 'NONE',  ( 0.8046696754339736080, 0.1574803149606299191, 0.2748053906353093989 ) ) ;
#1475 = EDGE_LOOP ( 'NONE', ( #2338, #9925, #4271, #8257 ) ) ;
#1476 = VERTEX_POINT ( 'NONE', #4510 ) ;
#1477 = LINE ( 'NONE', #8384, #8114 ) ;
#1478 = ORIENTED_EDGE ( 'NONE', *, *, #7350, .F. ) ;
#1479 = EDGE_CURVE ( 'NONE', #5603, #8710, #8825, .T. ) ;
#1480 = FACE_OUTER_BOUND ( 'NONE', #7497, .T. ) ;
#1481 = ADVANCED_FACE ( 'NONE', ( #895 ), #8614, .T. ) ;
#1482 = AXIS2_PLACEMENT_3D ( 'NONE', #7394, #2184, #2294 ) ;
#1483 = LINE ( 'NONE', #7540, #6061 ) ;
#1484 = CARTESIAN_POINT ( 'NONE',  ( -1.498479930865239007, 0.1574803149606299191, -6.931862171605421277E-16 ) ) ;
#1485 = VERTEX_POINT ( 'NONE', #1714 ) ;
#1486 = ORIENTED_EDGE ( 'NONE', *, *, #6483, .F. ) ;
#1487 = DIRECTION ( 'NONE',  ( -0.000000000000000000, -1.000000000000000000, -0.000000000000000000 ) ) ;
#1488 = LINE ( 'NONE', #5073, #1395 ) ;
#1489 = VERTEX_POINT ( 'NONE', #10348 ) ;
#1490 = DIRECTION ( 'NONE',  ( -3.965082230804131403E-15, 0.000000000000000000, 1.000000000000000000 ) ) ;
#1491 = EDGE_LOOP ( 'NONE', ( #4701, #2292, #9380, #153 ) ) ;
#1492 = CARTESIAN_POINT ( 'NONE',  ( 0.6447603084546079666, 0.1529109616598304799, 1.650329094522085649 ) ) ;
#1493 = ORIENTED_EDGE ( 'NONE', *, *, #7469, .T. ) ;
#1494 = DIRECTION ( 'NONE',  ( 7.930164461608262806E-15, 0.000000000000000000, 1.000000000000000000 ) ) ;
#1495 = VECTOR ( 'NONE', #8386, 39.37007874015748143 ) ;
#1496 = FACE_OUTER_BOUND ( 'NONE', #6021, .T. ) ;
#1497 = CARTESIAN_POINT ( 'NONE',  ( -0.7223352850632291933, 0.000000000000000000, 0.9382675976262138118 ) ) ;
#1498 = AXIS2_PLACEMENT_3D ( 'NONE', #6902, #832, #11299 ) ;
#1499 = ORIENTED_EDGE ( 'NONE', *, *, #7753, .F. ) ;
#1500 = DIRECTION ( 'NONE',  ( 0.000000000000000000, 1.000000000000000000, -0.000000000000000000 ) ) ;
#1501 = VECTOR ( 'NONE', #8000, 39.37007874015748143 ) ;
#1502 = CARTESIAN_POINT ( 'NONE',  ( 1.278924360686168216, 0.4724409448818898127, 3.929080006889733134 ) ) ;
#1503 = ADVANCED_FACE ( 'NONE', ( #9667 ), #6858, .F. ) ;
#1504 = AXIS2_PLACEMENT_3D ( 'NONE', #3499, #3608, #6230 ) ;
#1505 = CARTESIAN_POINT ( 'NONE',  ( 1.925302510212361318, 0.000000000000000000, -0.2020027194681925098 ) ) ;
#1506 = ORIENTED_EDGE ( 'NONE', *, *, #10259, .F. ) ;
#1507 = VECTOR ( 'NONE', #9365, 39.37007874015748143 ) ;
#1508 = FACE_OUTER_BOUND ( 'NONE', #414, .T. ) ;
#1509 = ADVANCED_FACE ( 'NONE', ( #6095 ), #6043, .T. ) ;
#1510 = CARTESIAN_POINT ( 'NONE',  ( -0.1233559935919279898, 0.1574803149606299191, 1.649929327908620902 ) ) ;
#1511 = DIRECTION ( 'NONE',  ( 0.000000000000000000, 0.000000000000000000, 1.000000000000000000 ) ) ;
#1512 =( BOUNDED_CURVE ( )  B_SPLINE_CURVE ( 3, ( #2716, #6192, #9701, #5634 ),
 .UNSPECIFIED., .F., .F. ) 
 B_SPLINE_CURVE_WITH_KNOTS ( ( 4, 4 ),
 ( 1.570796326794896780, 3.141592653589793116 ),
 .UNSPECIFIED. ) 
 CURVE ( )  GEOMETRIC_REPRESENTATION_ITEM ( )  RATIONAL_B_SPLINE_CURVE ( ( 1.000000000000000000, 0.8047378541243650485, 0.8047378541243650485, 1.000000000000000000 ) ) 
 REPRESENTATION_ITEM ( '' )  );
#1513 =( LENGTH_UNIT ( ) NAMED_UNIT ( * ) SI_UNIT ( $, .METRE. ) );
#1514 = ORIENTED_EDGE ( 'NONE', *, *, #400, .F. ) ;
#1515 = CARTESIAN_POINT ( 'NONE',  ( -2.169185678764016245, 0.5905511811023621549, 0.1326429498231453397 ) ) ;
#1516 = FACE_OUTER_BOUND ( 'NONE', #4827, .T. ) ;
#1517 = ADVANCED_FACE ( 'NONE', ( #7813 ), #10464, .F. ) ;
#1518 = VECTOR ( 'NONE', #3020, 39.37007874015748143 ) ;
#1519 = VERTEX_POINT ( 'NONE', #3377 ) ;
#1520 = ORIENTED_EDGE ( 'NONE', *, *, #8772, .T. ) ;
#1521 = ORIENTED_EDGE ( 'NONE', *, *, #10525, .F. ) ;
#1522 = EDGE_CURVE ( 'NONE', #8352, #10901, #9609, .T. ) ;
#1523 = ORIENTED_EDGE ( 'NONE', *, *, #7554, .F. ) ;
#1524 = CARTESIAN_POINT ( 'NONE',  ( 0.7004153469918068531, 3.414809992080329023E-17, 2.521900191783858158 ) ) ;
#1525 = CYLINDRICAL_SURFACE ( 'NONE', #2347, 0.01968503937007875723 ) ;
#1526 = DIRECTION ( 'NONE',  ( -1.000000000000000000, 0.000000000000000000, 4.625929269271483942E-16 ) ) ;
#1527 = EDGE_CURVE ( 'NONE', #6091, #10382, #5322, .T. ) ;
#1528 = DIRECTION ( 'NONE',  ( 0.000000000000000000, 1.000000000000000000, -0.000000000000000000 ) ) ;
#1529 = DIRECTION ( 'NONE',  ( 0.000000000000000000, 1.000000000000000000, 0.000000000000000000 ) ) ;
#1530 = VERTEX_POINT ( 'NONE', #44 ) ;
#1531 = VERTEX_POINT ( 'NONE', #3599 ) ;
#1532 = DIRECTION ( 'NONE',  ( -0.2425356250363331356, 0.000000000000000000, -0.9701425001453318764 ) ) ;
#1533 = FACE_BOUND ( 'NONE', #3484, .T. ) ;
#1534 = VECTOR ( 'NONE', #7339, 39.37007874015748143 ) ;
#1535 = ORIENTED_EDGE ( 'NONE', *, *, #6837, .T. ) ;
#1536 = FACE_OUTER_BOUND ( 'NONE', #10807, .T. ) ;
#1537 = DIRECTION ( 'NONE',  ( 0.000000000000000000, 0.000000000000000000, 1.000000000000000000 ) ) ;
#1538 = DIRECTION ( 'NONE',  ( 0.000000000000000000, 1.000000000000000000, -0.000000000000000000 ) ) ;
#1539 = VERTEX_POINT ( 'NONE', #5986 ) ;
#1540 = ORIENTED_EDGE ( 'NONE', *, *, #5394, .T. ) ;
#1541 = LINE ( 'NONE', #616, #1393 ) ;
#1542 = AXIS2_PLACEMENT_3D ( 'NONE', #345, #3089, #2226 ) ;
#1543 = LINE ( 'NONE', #9328, #5990 ) ;
#1544 = LINE ( 'NONE', #4119, #1740 ) ;
#1545 = EDGE_LOOP ( 'NONE', ( #5538, #3597, #3940, #6076 ) ) ;
#1546 = EDGE_CURVE ( 'NONE', #5901, #2557, #3544, .T. ) ;
#1547 = CARTESIAN_POINT ( 'NONE',  ( -1.578634497661653313, 0.4724409448818898127, 3.924965784468814611 ) ) ;
#1548 = EDGE_CURVE ( 'NONE', #10992, #10033, #9495, .T. ) ;
#1549 = CARTESIAN_POINT ( 'NONE',  ( -1.854225048842757184, 0.4724409448818898127, -1.941175947814649305 ) ) ;
#1550 = ORIENTED_EDGE ( 'NONE', *, *, #3817, .T. ) ;
#1551 = LINE ( 'NONE', #10246, #3738 ) ;
#1552 = DIRECTION ( 'NONE',  ( 1.000000000000000000, -0.000000000000000000, -0.000000000000000000 ) ) ;
#1553 = VECTOR ( 'NONE', #758, 39.37007874015748143 ) ;
#1554 = VERTEX_POINT ( 'NONE', #1892 ) ;
#1555 = CARTESIAN_POINT ( 'NONE',  ( 0.04538125036984168997, 0.1771653543307086520, 2.409217752972752535 ) ) ;
#1556 = CARTESIAN_POINT ( 'NONE',  ( 1.944987549582441355, 0.5905511811023621549, 0.1326429498231457837 ) ) ;
#1557 = DIRECTION ( 'NONE',  ( 2.312964634635742957E-16, -0.000000000000000000, -1.000000000000000000 ) ) ;
#1558 = CIRCLE ( 'NONE', #7938, 0.1377952755905512139 ) ;
#1559 = AXIS2_PLACEMENT_3D ( 'NONE', #9201, #10751, #6399 ) ;
#1560 = ORIENTED_EDGE ( 'NONE', *, *, #2087, .T. ) ;
#1561 = CYLINDRICAL_SURFACE ( 'NONE', #2769, 0.01968503937007875723 ) ;
#1562 = FACE_OUTER_BOUND ( 'NONE', #7183, .T. ) ;
#1563 = VECTOR ( 'NONE', #4988, 39.37007874015748143 ) ;
#1564 = PRODUCT_DEFINITION_SHAPE ( 'NONE', 'NONE',  #10531 ) ;
#1565 = EDGE_LOOP ( 'NONE', ( #4918, #5563, #451, #3101, #2139, #526, #2781, #4890, #5825, #10338 ) ) ;
#1566 = CYLINDRICAL_SURFACE ( 'NONE', #2441, 0.01968503937007873988 ) ;
#1567 = VERTEX_POINT ( 'NONE', #10522 ) ;
#1568 = CYLINDRICAL_SURFACE ( 'NONE', #2544, 0.1377952755905512972 ) ;
#1569 = EDGE_CURVE ( 'NONE', #4753, #5961, #10510, .T. ) ;
#1570 = DIRECTION ( 'NONE',  ( 2.312964634635743943E-16, -0.000000000000000000, -1.000000000000000000 ) ) ;
#1571 = CARTESIAN_POINT ( 'NONE',  ( -0.8829187187420637350, 0.1771653543307087075, 1.658083138191555506 ) ) ;
#1572 = FACE_OUTER_BOUND ( 'NONE', #10828, .T. ) ;
#1573 = VECTOR ( 'NONE', #4190, 39.37007874015748143 ) ;
#1574 = PRODUCT_CONTEXT ( 'NONE', #926, 'mechanical' ) ;
#1575 = EDGE_LOOP ( 'NONE', ( #1126, #7472, #8615, #8032 ) ) ;
#1576 = PLANE ( 'NONE',  #7406 ) ;
#1577 = CARTESIAN_POINT ( 'NONE',  ( 0.6525143521240781563, 0.1771653543307086520, 1.034368115785445408 ) ) ;
#1578 = ORIENTED_EDGE ( 'NONE', *, *, #9591, .T. ) ;
#1579 = DIRECTION ( 'NONE',  ( -0.000000000000000000, 0.000000000000000000, 1.000000000000000000 ) ) ;
#1580 = EDGE_CURVE ( 'NONE', #10544, #2509, #5132, .T. ) ;
#1581 = VECTOR ( 'NONE', #3163, 39.37007874015748143 ) ;
#1582 = CARTESIAN_POINT ( 'NONE',  ( 0.03695314000090247492, 0.1574803149606299191, 1.810238461501450846 ) ) ;
#1583 = EDGE_CURVE ( 'NONE', #6859, #3290, #359, .T. ) ;
#1584 = LINE ( 'NONE', #6617, #5267 ) ;
#1585 = CARTESIAN_POINT ( 'NONE',  ( 0.000000000000000000, 0.1574803149606299191, 3.345671532367592516 ) ) ;
#1586 = APPLICATION_CONTEXT ( 'automotive_design' ) ;
#1587 = LINE ( 'NONE', #9423, #5516 ) ;
#1588 = VERTEX_POINT ( 'NONE', #5308 ) ;
#1589 = EDGE_LOOP ( 'NONE', ( #9568, #7032, #6250, #8816 ) ) ;
#1590 = DIRECTION ( 'NONE',  ( -0.9701425001453318764, 0.000000000000000000, 0.2425356250363331356 ) ) ;
#1591 = FACE_BOUND ( 'NONE', #11099, .T. ) ;
#1592 = ORIENTED_EDGE ( 'NONE', *, *, #7793, .F. ) ;
#1593 = CYLINDRICAL_SURFACE ( 'NONE', #5329, 0.1377952755905512972 ) ;
#1594 = ORIENTED_EDGE ( 'NONE', *, *, #3509, .T. ) ;
#1595 = DIRECTION ( 'NONE',  ( 0.000000000000000000, 1.000000000000000000, 0.000000000000000000 ) ) ;
#1596 = CARTESIAN_POINT ( 'NONE',  ( -0.7868182005828321390, 0.000000000000000000, 3.354099642736532161 ) ) ;
#1597 = EDGE_CURVE ( 'NONE', #7710, #4696, #10580, .T. ) ;
#1598 = ORIENTED_EDGE ( 'NONE', *, *, #341, .T. ) ;
#1599 = ORIENTED_EDGE ( 'NONE', *, *, #10620, .T. ) ;
#1600 = EDGE_CURVE ( 'NONE', #8697, #1539, #9978, .T. ) ;
#1601 = CARTESIAN_POINT ( 'NONE',  ( -0.8898853758908626954, 0.1507476349739041988, 3.344484379233457538 ) ) ;
#1602 = EDGE_CURVE ( 'NONE', #9679, #2841, #1252, .T. ) ;
#1603 = DIRECTION ( 'NONE',  ( -4.625929269271465206E-16, 0.000000000000000000, -1.000000000000000000 ) ) ;
#1604 = ORIENTED_EDGE ( 'NONE', *, *, #1097, .T. ) ;
#1605 = DIRECTION ( 'NONE',  ( -1.000000000000000000, 0.000000000000000000, -0.000000000000000000 ) ) ;
#1606 =( BOUNDED_CURVE ( )  B_SPLINE_CURVE ( 3, ( #9266, #10179, #1431, #8388 ),
 .UNSPECIFIED., .F., .F. ) 
 B_SPLINE_CURVE_WITH_KNOTS ( ( 4, 4 ),
 ( 0.000000000000000000, 1.570796326794896558 ),
 .UNSPECIFIED. ) 
 CURVE ( )  GEOMETRIC_REPRESENTATION_ITEM ( )  RATIONAL_B_SPLINE_CURVE ( ( 1.000000000000000000, 0.8047378541243649375, 0.8047378541243649375, 1.000000000000000000 ) ) 
 REPRESENTATION_ITEM ( '' )  );
#1607 = CARTESIAN_POINT ( 'NONE',  ( -1.253831348055354900, -0.2952755905511810774, -0.1075145304918147943 ) ) ;
#1608 = ORIENTED_EDGE ( 'NONE', *, *, #6653, .T. ) ;
#1609 = CARTESIAN_POINT ( 'NONE',  ( 1.630026919661181184, 0.5905511811023621549, 1.089888905898577454 ) ) ;
#1610 = CARTESIAN_POINT ( 'NONE',  ( -0.7307633954321685055, 0.1574803149606299191, 0.8822127924755500672 ) ) ;
#1611 = DIRECTION ( 'NONE',  ( 1.000000000000000000, -0.000000000000000000, -0.000000000000000000 ) ) ;
#1612 = LINE ( 'NONE', #7407, #6447 ) ;
#1613 = EDGE_CURVE ( 'NONE', #6240, #8787, #1143, .T. ) ;
#1614 = DIRECTION ( 'NONE',  ( -0.9701425001453318764, 0.000000000000000000, -0.2425356250363331356 ) ) ;
#1615 = AXIS2_PLACEMENT_3D ( 'NONE', #2923, #10059, #10963 ) ;
#1616 = ORIENTED_EDGE ( 'NONE', *, *, #5845, .F. ) ;
#1617 = DIRECTION ( 'NONE',  ( -1.000000000000000000, 0.000000000000000000, 0.000000000000000000 ) ) ;
#1618 =( BOUNDED_CURVE ( )  B_SPLINE_CURVE ( 3, ( #6301, #6239, #7226, #978 ),
 .UNSPECIFIED., .F., .F. ) 
 B_SPLINE_CURVE_WITH_KNOTS ( ( 4, 4 ),
 ( 5.934119456780715396, 6.283185307179586232 ),
 .UNSPECIFIED. ) 
 CURVE ( )  GEOMETRIC_REPRESENTATION_ITEM ( )  RATIONAL_B_SPLINE_CURVE ( ( 1.000000000000000000, 0.9898718353414717175, 0.9898718353414717175, 1.000000000000000000 ) ) 
 REPRESENTATION_ITEM ( '' )  );
#1619 = VECTOR ( 'NONE', #460, 39.37007874015748143 ) ;
#1620 = EDGE_CURVE ( 'NONE', #462, #465, #5011, .T. ) ;
#1621 = CIRCLE ( 'NONE', #7292, 0.1377952755905511861 ) ;
#1622 = VERTEX_POINT ( 'NONE', #8108 ) ;
#1623 = CARTESIAN_POINT ( 'NONE',  ( 0.8046696754339733859, 0.1574803149606299191, 3.953078934207833406 ) ) ;
#1624 = ORIENTED_EDGE ( 'NONE', *, *, #10312, .T. ) ;
#1625 = ORIENTED_EDGE ( 'NONE', *, *, #11066, .T. ) ;
#1626 = DIRECTION ( 'NONE',  ( 0.5031907286678232172, 0.000000000000000000, 0.8641753818425660372 ) ) ;
#1627 = DIRECTION ( 'NONE',  ( 1.151683635503274765E-16, 0.000000000000000000, 1.000000000000000000 ) ) ;
#1628 = VECTOR ( 'NONE', #2911, 39.37007874015748143 ) ;
#1629 = DIRECTION ( 'NONE',  ( 1.156482317317871971E-16, -0.000000000000000000, -1.000000000000000000 ) ) ;
#1630 = CARTESIAN_POINT ( 'NONE',  ( 0.05522377005488090379, 0.1968503937007874127, -9.579797034614689950E-18 ) ) ;
#1631 = AXIS2_PLACEMENT_3D ( 'NONE', #7417, #4623, #8220 ) ;
#1632 = EDGE_LOOP ( 'NONE', ( #6788, #117, #1167, #1043 ) ) ;
#1633 = DIRECTION ( 'NONE',  ( 0.000000000000000000, 1.000000000000000000, -0.000000000000000000 ) ) ;
#1634 = CARTESIAN_POINT ( 'NONE',  ( -0.8898853758908628064, 0.1507476349739041988, 0.2736182375011737555 ) ) ;
#1635 = VERTEX_POINT ( 'NONE', #3945 ) ;
#1636 = ORIENTED_EDGE ( 'NONE', *, *, #7799, .T. ) ;
#1637 = ORIENTED_EDGE ( 'NONE', *, *, #2100, .T. ) ;
#1638 = CYLINDRICAL_SURFACE ( 'NONE', #3905, 0.01968503937007875723 ) ;
#1639 = LINE ( 'NONE', #8596, #1507 ) ;
#1640 = AXIS2_PLACEMENT_3D ( 'NONE', #5135, #7763, #10243 ) ;
#1641 = VECTOR ( 'NONE', #10638, 39.37007874015748143 ) ;
#1642 = CARTESIAN_POINT ( 'NONE',  ( 1.341802288704367907, 0.3470877061559769494, 3.415946320937438774 ) ) ;
#1643 = CARTESIAN_POINT ( 'NONE',  ( 1.412077077274214387, 0.1690115440477737152, 3.345671532367593404 ) ) ;
#1644 = CARTESIAN_POINT ( 'NONE',  ( 1.462704085015511746, 0.4724409448818898127, 4.072603579744405344 ) ) ;
#1645 = LINE ( 'NONE', #11127, #3667 ) ;
#1646 = PLANE ( 'NONE',  #4947 ) ;
#1647 = ORIENTED_EDGE ( 'NONE', *, *, #1600, .F. ) ;
#1648 = ORIENTED_EDGE ( 'NONE', *, *, #6135, .F. ) ;
#1649 = AXIS2_PLACEMENT_3D ( 'NONE', #881, #1701, #6202 ) ;
#1650 = FACE_OUTER_BOUND ( 'NONE', #10231, .T. ) ;
#1651 = ORIENTED_EDGE ( 'NONE', *, *, #10176, .T. ) ;
#1652 = PLANE ( 'NONE',  #6785 ) ;
#1653 = EDGE_CURVE ( 'NONE', #3443, #1622, #10436, .T. ) ;
#1654 = VERTEX_POINT ( 'NONE', #3036 ) ;
#1655 = DIRECTION ( 'NONE',  ( -4.625929269271485914E-16, 0.000000000000000000, 1.000000000000000000 ) ) ;
#1656 = CARTESIAN_POINT ( 'NONE',  ( 1.559627917323826551, 0.4724409448818899238, -0.2610578375784290417 ) ) ;
#1657 = DIRECTION ( 'NONE',  ( 0.000000000000000000, 0.000000000000000000, 1.000000000000000000 ) ) ;
#1658 = AXIS2_PLACEMENT_3D ( 'NONE', #6187, #4482, #11228 ) ;
#1659 = ORIENTED_EDGE ( 'NONE', *, *, #2780, .F. ) ;
#1660 = DIRECTION ( 'NONE',  ( 1.156482317317871725E-16, -7.738554976158380845E-33, -1.000000000000000000 ) ) ;
#1661 = CARTESIAN_POINT ( 'NONE',  ( -1.518164970235318156, 0.1771653543307086520, 1.022836886698301750 ) ) ;
#1662 = VERTEX_POINT ( 'NONE', #6513 ) ;
#1663 = CARTESIAN_POINT ( 'NONE',  ( 2.162492031332400977, 0.000000000000000000, 0.3645887790943975193 ) ) ;
#1664 = CYLINDRICAL_SURFACE ( 'NONE', #9067, 0.09842519685039378963 ) ;
#1665 = ORIENTED_EDGE ( 'NONE', *, *, #9990, .T. ) ;
#1666 = EDGE_CURVE ( 'NONE', #2411, #9951, #3082, .T. ) ;
#1667 = DIRECTION ( 'NONE',  ( 0.000000000000000000, 0.000000000000000000, -1.000000000000000000 ) ) ;
#1668 = ORIENTED_EDGE ( 'NONE', *, *, #1305, .T. ) ;
#1669 = CARTESIAN_POINT ( 'NONE',  ( -1.854225048842756296, 0.1968503937007874405, 1.089888905898577232 ) ) ;
#1670 = CARTESIAN_POINT ( 'NONE',  ( -0.8601305606537805737, 2.287311901041906737, -0.2020027194681933147 ) ) ;
#1671 = ADVANCED_FACE ( 'NONE', ( #7312 ), #2215, .T. ) ;
#1672 = CARTESIAN_POINT ( 'NONE',  ( -1.494165912922255091, 0.000000000000000000, 4.009133739358497373 ) ) ;
#1673 =( BOUNDED_CURVE ( )  B_SPLINE_CURVE ( 3, ( #1404, #2089, #9004, #9877 ),
 .UNSPECIFIED., .F., .F. ) 
 B_SPLINE_CURVE_WITH_KNOTS ( ( 4, 4 ),
 ( 5.934119456780716284, 6.283185307179586232 ),
 .UNSPECIFIED. ) 
 CURVE ( )  GEOMETRIC_REPRESENTATION_ITEM ( )  RATIONAL_B_SPLINE_CURVE ( ( 1.000000000000000000, 0.9898718353414717175, 0.9898718353414717175, 1.000000000000000000 ) ) 
 REPRESENTATION_ITEM ( '' )  );
#1674 = LINE ( 'NONE', #5088, #4756 ) ;
#1675 = VERTEX_POINT ( 'NONE', #1369 ) ;
#1676 = LINE ( 'NONE', #2532, #2035 ) ;
#1677 = EDGE_CURVE ( 'NONE', #1784, #372, #10802, .T. ) ;
#1678 = VECTOR ( 'NONE', #6810, 39.37007874015748143 ) ;
#1679 = DIRECTION ( 'NONE',  ( 1.000000000000000000, -0.000000000000000000, -0.000000000000000000 ) ) ;
#1680 = ORIENTED_EDGE ( 'NONE', *, *, #1580, .F. ) ;
#1681 = ORIENTED_EDGE ( 'NONE', *, *, #10062, .T. ) ;
#1682 = CARTESIAN_POINT ( 'NONE',  ( 1.462704085015511524, -0.2952755905511810774, 4.013548461634169229 ) ) ;
#1684 = ORIENTED_EDGE ( 'NONE', *, *, #4464, .T. ) ;
#1683 = VECTOR ( 'NONE', #7430, 39.37007874015748143 ) ;
#1685 = CARTESIAN_POINT ( 'NONE',  ( 1.069003297613936532, 0.1771653543307086520, 0.000000000000000000 ) ) ;
#1686 = CYLINDRICAL_SURFACE ( 'NONE', #1287, 0.01968503937007875723 ) ;
#1687 = VECTOR ( 'NONE', #9968, 39.37007874015748143 ) ;
#1688 = CARTESIAN_POINT ( 'NONE',  ( 0.01726810063082365176, 0.1771653543307086520, 3.972763973577912555 ) ) ;
#1689 = EDGE_CURVE ( 'NONE', #6208, #8466, #5545, .T. ) ;
#1690 = ADVANCED_FACE ( 'NONE', ( #1197 ), #4685, .F. ) ;
#1691 = CARTESIAN_POINT ( 'NONE',  ( -1.549106938606535477, 0.4724409448818898127, 4.013548461634169229 ) ) ;
#1692 = FACE_OUTER_BOUND ( 'NONE', #4689, .T. ) ;
#1693 = VECTOR ( 'NONE', #9762, 39.37007874015748143 ) ;
#1694 = ORIENTED_EDGE ( 'NONE', *, *, #3703, .F. ) ;
#1695 = ORIENTED_EDGE ( 'NONE', *, *, #10201, .F. ) ;
#1696 = CARTESIAN_POINT ( 'NONE',  ( -1.490051820496300250, 0.1771653543307086520, 1.641501217539681701 ) ) ;
#1697 = VECTOR ( 'NONE', #9322, 39.37007874015748143 ) ;
#1698 = DIRECTION ( 'NONE',  ( -2.465220612327489274E-16, 0.000000000000000000, -1.000000000000000000 ) ) ;
#1699 = LINE ( 'NONE', #5170, #7463 ) ;
#1700 = DIRECTION ( 'NONE',  ( -1.000000000000000000, 0.000000000000000000, -1.156482317317872218E-16 ) ) ;
#1701 = DIRECTION ( 'NONE',  ( 1.000000000000000000, -0.000000000000000000, 0.000000000000000000 ) ) ;
#1702 = AXIS2_PLACEMENT_3D ( 'NONE', #3639, #23, #10506 ) ;
#1703 = DIRECTION ( 'NONE',  ( -0.5031907286678237723, 0.000000000000000000, 0.8641753818425657041 ) ) ;
#1704 = VERTEX_POINT ( 'NONE', #10635 ) ;
#1705 = DIRECTION ( 'NONE',  ( -1.000000000000000000, 0.000000000000000000, 1.228122814850837064E-16 ) ) ;
#1706 = ORIENTED_EDGE ( 'NONE', *, *, #1744, .F. ) ;
#1707 = CARTESIAN_POINT ( 'NONE',  ( -0.8910725290249985608, 0.1690115440477737152, 1.042521926068380456 ) ) ;
#1708 = ORIENTED_EDGE ( 'NONE', *, *, #628, .T. ) ;
#1709 = DIRECTION ( 'NONE',  ( 1.000000000000000000, -0.000000000000000000, -4.625929269271484928E-16 ) ) ;
#1710 = DIRECTION ( 'NONE',  ( 0.9396926207859080948, 0.3420201433256694346, 2.173475799305979784E-16 ) ) ;
#1711 = ORIENTED_EDGE ( 'NONE', *, *, #1731, .T. ) ;
#1712 = VERTEX_POINT ( 'NONE', #10692 ) ;
#1713 = CARTESIAN_POINT ( 'NONE',  ( 0.000000000000000000, 0.1574803149606299191, 0.2551203512652306937 ) ) ;
#1714 = CARTESIAN_POINT ( 'NONE',  ( 0.6443605418411433305, 0.1574803149606299191, 1.810238461501450624 ) ) ;
#1715 = ORIENTED_EDGE ( 'NONE', *, *, #4381, .F. ) ;
#1716 = CARTESIAN_POINT ( 'NONE',  ( -0.8350177238743350383, 0.000000000000000000, 3.944650823838894205 ) ) ;
#1717 = VECTOR ( 'NONE', #9733, 39.37007874015748143 ) ;
#1718 = EDGE_CURVE ( 'NONE', #1554, #5658, #1821, .T. ) ;
#1719 = CARTESIAN_POINT ( 'NONE',  ( -2.011705363803387048, 0.1968503937007874127, -1.409679884822523377 ) ) ;
#1720 = ORIENTED_EDGE ( 'NONE', *, *, #10551, .T. ) ;
#1721 = DIRECTION ( 'NONE',  ( -1.000000000000000000, 0.000000000000000000, 0.000000000000000000 ) ) ;
#1722 = ORIENTED_EDGE ( 'NONE', *, *, #6285, .T. ) ;
#1723 = DIRECTION ( 'NONE',  ( -0.000000000000000000, -1.000000000000000000, -0.000000000000000000 ) ) ;
#1724 = CARTESIAN_POINT ( 'NONE',  ( 1.590656840921023774, 0.1771653543307086520, 4.121816178169601663 ) ) ;
#1725 = CARTESIAN_POINT ( 'NONE',  ( 0.04538125036984168997, 0.1771653543307086520, 0.8737846821066108660 ) ) ;
#1726 = ADVANCED_FACE ( 'NONE', ( #3661 ), #2869, .F. ) ;
#1727 = LINE ( 'NONE', #9743, #8752 ) ;
#1728 = LINE ( 'NONE', #2825, #9066 ) ;
#1729 = EDGE_CURVE ( 'NONE', #1878, #11059, #11215, .T. ) ;
#1730 = ORIENTED_EDGE ( 'NONE', *, *, #871, .T. ) ;
#1731 = EDGE_CURVE ( 'NONE', #1279, #6246, #8279, .T. ) ;
#1732 = CARTESIAN_POINT ( 'NONE',  ( -0.7311631620456332525, 0.1529109616598305077, 3.345271765754127991 ) ) ;
#1733 = AXIS2_PLACEMENT_3D ( 'NONE', #2199, #4030, #4832 ) ;
#1734 = DIRECTION ( 'NONE',  ( 1.000000000000000000, 0.000000000000000000, 2.312964634635747887E-16 ) ) ;
#1735 = VERTEX_POINT ( 'NONE', #3334 ) ;
#1736 =( BOUNDED_CURVE ( )  B_SPLINE_CURVE ( 3, ( #5970, #10335, #10225, #5915 ),
 .UNSPECIFIED., .F., .F. ) 
 B_SPLINE_CURVE_WITH_KNOTS ( ( 4, 4 ),
 ( 0.000000000000000000, 1.570796326794893227 ),
 .UNSPECIFIED. ) 
 CURVE ( )  GEOMETRIC_REPRESENTATION_ITEM ( )  RATIONAL_B_SPLINE_CURVE ( ( 1.000000000000000000, 0.8047378541243658256, 0.8047378541243658256, 1.000000000000000000 ) ) 
 REPRESENTATION_ITEM ( '' )  );
#1737 = VERTEX_POINT ( 'NONE', #6815 ) ;
#1738 = ORIENTED_EDGE ( 'NONE', *, *, #4597, .T. ) ;
#1739 = EDGE_CURVE ( 'NONE', #141, #4908, #1200, .T. ) ;
#1740 = VECTOR ( 'NONE', #8394, 39.37007874015748143 ) ;
#1741 = ORIENTED_EDGE ( 'NONE', *, *, #8847, .T. ) ;
#1742 = DIRECTION ( 'NONE',  ( -0.3236155771181852825, 0.8891264907159880382, -0.3236155771181852825 ) ) ;
#1743 = CARTESIAN_POINT ( 'NONE',  ( 0.05522377005488090379, 0.4724409448818899238, -9.579797034614689950E-18 ) ) ;
#1744 = EDGE_CURVE ( 'NONE', #3483, #11254, #10936, .T. ) ;
#1745 = ORIENTED_EDGE ( 'NONE', *, *, #1945, .T. ) ;
#1746 = DIRECTION ( 'NONE',  ( 0.000000000000000000, 0.000000000000000000, -1.000000000000000000 ) ) ;
#1747 = CARTESIAN_POINT ( 'NONE',  ( -0.8906727624115340358, 0.1529109616598305355, 0.8826125590890150363 ) ) ;
#1748 = DIRECTION ( 'NONE',  ( -0.000000000000000000, 1.000000000000000000, -0.000000000000000000 ) ) ;
#1749 = VECTOR ( 'NONE', #2696, 39.37007874015748143 ) ;
#1750 = CYLINDRICAL_SURFACE ( 'NONE', #5025, 0.09842519685039378963 ) ;
#1751 = CARTESIAN_POINT ( 'NONE',  ( -0.7311631620456332525, 0.1529109616598305910, 3.953478700821297931 ) ) ;
#1752 = EDGE_LOOP ( 'NONE', ( #9032, #3022, #3759, #3529 ) ) ;
#1753 = CARTESIAN_POINT ( 'NONE',  ( 2.082782825172992514, 0.5905511811023621549, -1.941175947814649749 ) ) ;
#1754 = LINE ( 'NONE', #5227, #2422 ) ;
#1755 = EDGE_CURVE ( 'NONE', #8869, #1101, #8454, .T. ) ;
#1756 = CARTESIAN_POINT ( 'NONE',  ( 0.000000000000000000, 0.1968503937007874127, 4.043076020689286842 ) ) ;
#1757 = VECTOR ( 'NONE', #1852, 39.37007874015748143 ) ;
#1758 = DIRECTION ( 'NONE',  ( 0.000000000000000000, -1.000000000000000000, 0.000000000000000000 ) ) ;
#1759 = LINE ( 'NONE', #3647, #6939 ) ;
#1760 = DIRECTION ( 'NONE',  ( 0.000000000000000000, 0.000000000000000000, 1.000000000000000000 ) ) ;
#1761 = ORIENTED_EDGE ( 'NONE', *, *, #6425, .T. ) ;
#1762 = FACE_BOUND ( 'NONE', #6366, .T. ) ;
#1763 = CIRCLE ( 'NONE', #6491, 0.09842519685039378963 ) ;
#1764 = CARTESIAN_POINT ( 'NONE',  ( 1.412077077274214165, 0.1551781507868630616, 2.417645863341692181 ) ) ;
#1765 = EDGE_LOOP ( 'NONE', ( #4500, #122, #10327, #3636 ) ) ;
#1766 = LINE ( 'NONE', #9547, #878 ) ;
#1767 = CARTESIAN_POINT ( 'NONE',  ( -0.06730118844126424527, -3.414809992080329023E-17, 3.241417203925426094 ) ) ;
#1768 = EDGE_CURVE ( 'NONE', #1439, #9478, #4132, .T. ) ;
#1769 = FACE_OUTER_BOUND ( 'NONE', #2903, .T. ) ;
#1770 = ORIENTED_EDGE ( 'NONE', *, *, #1781, .F. ) ;
#1771 = CARTESIAN_POINT ( 'NONE',  ( 0.8046696754339732749, 0.1551781507868630616, 0.8822127924755501782 ) ) ;
#1772 = CARTESIAN_POINT ( 'NONE',  ( -1.498479930865239451, 0.1690115440477737152, 1.042521926068380456 ) ) ;
#1773 = ORIENTED_EDGE ( 'NONE', *, *, #8632, .T. ) ;
#1774 = DIRECTION ( 'NONE',  ( 0.000000000000000000, 0.000000000000000000, 1.000000000000000000 ) ) ;
#1775 = DIRECTION ( 'NONE',  ( -0.000000000000000000, -1.000000000000000000, -0.000000000000000000 ) ) ;
#1776 = DIRECTION ( 'NONE',  ( 0.000000000000000000, 0.000000000000000000, 1.000000000000000000 ) ) ;
#1777 = EDGE_LOOP ( 'NONE', ( #5416, #9754, #10188, #10418, #785 ) ) ;
#1778 = DIRECTION ( 'NONE',  ( 0.000000000000000000, 0.000000000000000000, 1.000000000000000000 ) ) ;
#1779 = FACE_OUTER_BOUND ( 'NONE', #5328, .T. ) ;
#1780 = FACE_OUTER_BOUND ( 'NONE', #3556, .T. ) ;
#1781 = EDGE_CURVE ( 'NONE', #3249, #9631, #7605, .T. ) ;
#1782 = EDGE_CURVE ( 'NONE', #1147, #5603, #7662, .T. ) ;
#1783 = DIRECTION ( 'NONE',  ( -1.000000000000000000, 0.000000000000000000, -1.156482317317871232E-16 ) ) ;
#1784 = VERTEX_POINT ( 'NONE', #7506 ) ;
#1785 = FACE_OUTER_BOUND ( 'NONE', #4224, .T. ) ;
#1786 = DIRECTION ( 'NONE',  ( 1.000000000000000000, 0.000000000000000000, 0.000000000000000000 ) ) ;
#1787 = EDGE_CURVE ( 'NONE', #5603, #4053, #10991, .T. ) ;
#1788 = ORIENTED_EDGE ( 'NONE', *, *, #7169, .F. ) ;
#1789 = ORIENTED_EDGE ( 'NONE', *, *, #5264, .F. ) ;
#1790 = EDGE_CURVE ( 'NONE', #1791, #1427, #8132, .T. ) ;
#1791 = VERTEX_POINT ( 'NONE', #5880 ) ;
#1792 = ORIENTED_EDGE ( 'NONE', *, *, #3770, .F. ) ;
#1793 = ORIENTED_EDGE ( 'NONE', *, *, #11213, .F. ) ;
#1794 = CARTESIAN_POINT ( 'NONE',  ( -0.7307633954321682834, 0.1574803149606299191, 3.185362398774762571 ) ) ;
#1795 = DIRECTION ( 'NONE',  ( 0.000000000000000000, -1.000000000000000000, 0.000000000000000000 ) ) ;
#1796 = VERTEX_POINT ( 'NONE', #3439 ) ;
#1797 = LINE ( 'NONE', #6068, #384 ) ;
#1798 = DIRECTION ( 'NONE',  ( 0.000000000000000000, 1.000000000000000000, 0.000000000000000000 ) ) ;
#1799 = FACE_OUTER_BOUND ( 'NONE', #3241, .T. ) ;
#1800 = CIRCLE ( 'NONE', #2196, 0.09842519685039363697 ) ;
#1801 = ADVANCED_FACE ( 'NONE', ( #4230 ), #7709, .T. ) ;
#1802 = PLANE ( 'NONE',  #10141 ) ;
#1803 = AXIS2_PLACEMENT_3D ( 'NONE', #5014, #6855, #5927 ) ;
#1804 = VERTEX_POINT ( 'NONE', #6915 ) ;
#1805 = LINE ( 'NONE', #4607, #7173 ) ;
#1806 = EDGE_CURVE ( 'NONE', #2435, #11275, #7764, .T. ) ;
#1807 = PLANE ( 'NONE',  #8089 ) ;
#1808 = ORIENTED_EDGE ( 'NONE', *, *, #7481, .F. ) ;
#1809 = CARTESIAN_POINT ( 'NONE',  ( 0.7146725889525192832, 0.1771653543307086520, -2.039601144665043275 ) ) ;
#1810 = EDGE_LOOP ( 'NONE', ( #3728, #1046, #4686, #3839, #4888, #3001, #3361, #1463 ) ) ;
#1811 = AXIS2_PLACEMENT_3D ( 'NONE', #7545, #5019, #11032 ) ;
#1812 = VECTOR ( 'NONE', #7309, 39.37007874015748143 ) ;
#1813 = CARTESIAN_POINT ( 'NONE',  ( 0.03695314000090241247, 0.1551781507868630339, 1.649929327908620680 ) ) ;
#1814 = FACE_OUTER_BOUND ( 'NONE', #2278, .T. ) ;
#1815 = CARTESIAN_POINT ( 'NONE',  ( 1.412077077274214387, 0.1574803149606299191, 3.953078934207833406 ) ) ;
#1816 = ORIENTED_EDGE ( 'NONE', *, *, #3346, .F. ) ;
#1817 = ADVANCED_FACE ( 'NONE', ( #5023, #2402 ), #10300, .F. ) ;
#1818 = CARTESIAN_POINT ( 'NONE',  ( -1.490051820496299806, 0.1771653543307086520, 3.944650823838894205 ) ) ;
#1819 = CIRCLE ( 'NONE', #7304, 0.1377952755905511584 ) ;
#1820 = FACE_OUTER_BOUND ( 'NONE', #4008, .T. ) ;
#1821 =( BOUNDED_CURVE ( )  B_SPLINE_CURVE ( 3, ( #9780, #222, #3720, #7203 ),
 .UNSPECIFIED., .F., .F. ) 
 B_SPLINE_CURVE_WITH_KNOTS ( ( 4, 4 ),
 ( 0.000000000000000000, 1.570796326794889231 ),
 .UNSPECIFIED. ) 
 CURVE ( )  GEOMETRIC_REPRESENTATION_ITEM ( )  RATIONAL_B_SPLINE_CURVE ( ( 1.000000000000000000, 0.8047378541243667138, 0.8047378541243667138, 1.000000000000000000 ) ) 
 REPRESENTATION_ITEM ( '' )  );
#1822 = VERTEX_POINT ( 'NONE', #11146 ) ;
#1823 = CYLINDRICAL_SURFACE ( 'NONE', #6561, 0.01968503937007875723 ) ;
#1824 = DIRECTION ( 'NONE',  ( 0.000000000000000000, 0.000000000000000000, 1.000000000000000000 ) ) ;
#1825 = LINE ( 'NONE', #10576, #9292 ) ;
#1826 = ORIENTED_EDGE ( 'NONE', *, *, #10430, .F. ) ;
#1827 = ORIENTED_EDGE ( 'NONE', *, *, #205, .T. ) ;
#1828 = DIRECTION ( 'NONE',  ( 0.000000000000000000, -1.000000000000000000, 0.000000000000000000 ) ) ;
#1829 = CARTESIAN_POINT ( 'NONE',  ( 1.412077077274214387, 0.1574803149606299191, 0.8822127924755504003 ) ) ;
#1830 = AXIS2_PLACEMENT_3D ( 'NONE', #8053, #4570, #1951 ) ;
#1831 = CARTESIAN_POINT ( 'NONE',  ( -2.169185678764016689, 0.4724409448818899238, 0.1326429498231453397 ) ) ;
#1832 = VECTOR ( 'NONE', #10835, 39.37007874015748143 ) ;
#1833 = ORIENTED_EDGE ( 'NONE', *, *, #8594, .T. ) ;
#1834 = ADVANCED_FACE ( 'NONE', ( #6805 ), #6046, .F. ) ;
#1835 = FACE_OUTER_BOUND ( 'NONE', #7004, .T. ) ;
#1836 = EDGE_CURVE ( 'NONE', #10979, #4536, #6973, .T. ) ;
#1837 = ORIENTED_EDGE ( 'NONE', *, *, #8031, .T. ) ;
#1838 = DIRECTION ( 'NONE',  ( 1.156482317317870985E-16, -0.000000000000000000, -1.000000000000000000 ) ) ;
#1839 = DIRECTION ( 'NONE',  ( 0.000000000000000000, 0.000000000000000000, 1.000000000000000000 ) ) ;
#1840 = CIRCLE ( 'NONE', #8227, 0.05511811023622041616 ) ;
#1841 = DIRECTION ( 'NONE',  ( 0.000000000000000000, 0.000000000000000000, -1.000000000000000000 ) ) ;
#1842 = DIRECTION ( 'NONE',  ( 1.000000000000000000, -1.486691679947980198E-33, -4.625929269271483942E-16 ) ) ;
#1843 = EDGE_LOOP ( 'NONE', ( #11085, #8076, #8450, #3440 ) ) ;
#1844 = CARTESIAN_POINT ( 'NONE',  ( 1.925302510212361318, 0.1771653543307086520, -0.1035775226177987063 ) ) ;
#1845 = DIRECTION ( 'NONE',  ( -0.3420201433256694346, 0.9396926207859080948, 0.000000000000000000 ) ) ;
#1846 = CARTESIAN_POINT ( 'NONE',  ( -0.8898853758908628064, 0.1507476349739041432, 2.418833016475827602 ) ) ;
#1847 = ORIENTED_EDGE ( 'NONE', *, *, #10265, .F. ) ;
#1848 = VECTOR ( 'NONE', #2912, 39.37007874015748143 ) ;
#1849 = DIRECTION ( 'NONE',  ( 0.000000000000000000, 0.000000000000000000, 1.000000000000000000 ) ) ;
#1850 = ORIENTED_EDGE ( 'NONE', *, *, #11115, .F. ) ;
#1851 = VERTEX_POINT ( 'NONE', #7817 ) ;
#1852 = DIRECTION ( 'NONE',  ( -1.000000000000000000, 0.000000000000000000, 0.000000000000000000 ) ) ;
#1853 = ORIENTED_EDGE ( 'NONE', *, *, #9515, .T. ) ;
#1854 = ORIENTED_EDGE ( 'NONE', *, *, #3765, .T. ) ;
#1855 = VERTEX_POINT ( 'NONE', #1607 ) ;
#1856 = VECTOR ( 'NONE', #7403, 39.37007874015748143 ) ;
#1857 = LINE ( 'NONE', #1917, #10942 ) ;
#1858 = AXIS2_PLACEMENT_3D ( 'NONE', #11135, #7297, #3023 ) ;
#1859 = DIRECTION ( 'NONE',  ( 0.000000000000000000, 0.3420201433256694346, 0.9396926207859080948 ) ) ;
#1860 = EDGE_LOOP ( 'NONE', ( #8912, #7925, #9664, #1198 ) ) ;
#1861 = DIRECTION ( 'NONE',  ( -1.000000000000000000, 0.000000000000000000, 1.228122814850837064E-16 ) ) ;
#1862 = FACE_OUTER_BOUND ( 'NONE', #10428, .T. ) ;
#1863 = EDGE_CURVE ( 'NONE', #6121, #9173, #10082, .T. ) ;
#1864 = FACE_OUTER_BOUND ( 'NONE', #6169, .T. ) ;
#1865 = AXIS2_PLACEMENT_3D ( 'NONE', #4496, #6897, #1703 ) ;
#1866 = DIRECTION ( 'NONE',  ( 0.000000000000000000, -1.000000000000000000, 0.000000000000000000 ) ) ;
#1867 = ORIENTED_EDGE ( 'NONE', *, *, #135, .F. ) ;
#1868 = CARTESIAN_POINT ( 'NONE',  ( 0.03576598686676682459, 0.1507476349739041432, 0.2736182375011737555 ) ) ;
#1869 = VECTOR ( 'NONE', #3093, 39.37007874015748143 ) ;
#1870 = LINE ( 'NONE', #5349, #11009 ) ;
#1871 = VERTEX_POINT ( 'NONE', #4398 ) ;
#1872 = DIRECTION ( 'NONE',  ( -0.000000000000000000, -1.000000000000000000, -0.000000000000000000 ) ) ;
#1873 = EDGE_LOOP ( 'NONE', ( #9744, #8191, #10694, #2645 ) ) ;
#1874 = EDGE_CURVE ( 'NONE', #1273, #8230, #7569, .T. ) ;
#1875 = LINE ( 'NONE', #10333, #6560 ) ;
#1876 = CARTESIAN_POINT ( 'NONE',  ( -1.498479930865239451, 0.1574803149606299191, 1.042521926068380456 ) ) ;
#1877 = PLANE ( 'NONE',  #1865 ) ;
#1878 = VERTEX_POINT ( 'NONE', #1549 ) ;
#1879 = ADVANCED_FACE ( 'NONE', ( #2520 ), #2464, .T. ) ;
#1880 = PLANE ( 'NONE',  #4997 ) ;
#1881 = LINE ( 'NONE', #4442, #5142 ) ;
#1882 = ORIENTED_EDGE ( 'NONE', *, *, #8407, .F. ) ;
#1883 = FACE_OUTER_BOUND ( 'NONE', #3962, .T. ) ;
#1884 = CARTESIAN_POINT ( 'NONE',  ( -0.7223352850632291933, 0.1507476349739040877, 3.186549551908898437 ) ) ;
#1885 = CIRCLE ( 'NONE', #3523, 0.1377952755905512972 ) ;
#1886 = CARTESIAN_POINT ( 'NONE',  ( -1.498479930865239229, 0.1574803149606299191, 3.345671532367592516 ) ) ;
#1887 = ORIENTED_EDGE ( 'NONE', *, *, #1739, .F. ) ;
#1888 = ORIENTED_EDGE ( 'NONE', *, *, #1012, .T. ) ;
#1889 = EDGE_CURVE ( 'NONE', #4700, #252, #47, .T. ) ;
#1890 = AXIS2_PLACEMENT_3D ( 'NONE', #1983, #2201, #3932 ) ;
#1891 = CARTESIAN_POINT ( 'NONE',  ( -0.04320142679551295523, 0.1771653543307086520, 0.1257531860436188198 ) ) ;
#1892 = CARTESIAN_POINT ( 'NONE',  ( -0.1233559935919279898, 0.1574803149606299191, 1.649929327908620902 ) ) ;
#1893 = CARTESIAN_POINT ( 'NONE',  ( 1.492231644070629581, 0.4724409448818898127, 3.787170508878263231 ) ) ;
#1894 = LINE ( 'NONE', #5373, #5766 ) ;
#1895 =( BOUNDED_CURVE ( )  B_SPLINE_CURVE ( 3, ( #4462, #5319, #2885, #9619 ),
 .UNSPECIFIED., .F., .F. ) 
 B_SPLINE_CURVE_WITH_KNOTS ( ( 4, 4 ),
 ( 3.141592653589793116, 3.490658503988666173 ),
 .UNSPECIFIED. ) 
 CURVE ( )  GEOMETRIC_REPRESENTATION_ITEM ( )  RATIONAL_B_SPLINE_CURVE ( ( 1.000000000000000000, 0.9898718353414716065, 0.9898718353414716065, 1.000000000000000000 ) ) 
 REPRESENTATION_ITEM ( '' )  );
#1896 = VERTEX_POINT ( 'NONE', #9442 ) ;
#1897 = DIRECTION ( 'NONE',  ( -1.000000000000000000, 0.000000000000000000, 0.000000000000000000 ) ) ;
#1898 = CARTESIAN_POINT ( 'NONE',  ( -1.814854970102599108, 0.5905511811023621549, 1.147199780013996362 ) ) ;
#1899 = DIRECTION ( 'NONE',  ( -0.000000000000000000, 1.000000000000000000, -0.000000000000000000 ) ) ;
#1900 = DIRECTION ( 'NONE',  ( 0.000000000000000000, 1.000000000000000000, 0.000000000000000000 ) ) ;
#1901 = CARTESIAN_POINT ( 'NONE',  ( 0.6359324314722039073, 0.1771653543307086520, 1.641501217539681479 ) ) ;
#1902 = ADVANCED_FACE ( 'NONE', ( #5076 ), #1664, .F. ) ;
#1903 = EDGE_CURVE ( 'NONE', #3249, #2547, #5193, .T. ) ;
#1904 = CARTESIAN_POINT ( 'NONE',  ( 1.773486704651734192, 0.1771653543307086520, 1.032663144480758355 ) ) ;
#1905 = ORIENTED_EDGE ( 'NONE', *, *, #8145, .F. ) ;
#1906 = CARTESIAN_POINT ( 'NONE',  ( 1.589037874866828009E-17, 0.1574803149606299191, 0.2748053906353093989 ) ) ;
#1907 = EDGE_LOOP ( 'NONE', ( #3490, #6907, #4622, #2744 ) ) ;
#1908 = ORIENTED_EDGE ( 'NONE', *, *, #3340, .F. ) ;
#1909 = CARTESIAN_POINT ( 'NONE',  ( 1.767822195251732786, 0.4724409448818898127, -1.941175947814649749 ) ) ;
#1910 = ORIENTED_EDGE ( 'NONE', *, *, #2998, .T. ) ;
#1911 = VERTEX_POINT ( 'NONE', #8680 ) ;
#1912 = EDGE_LOOP ( 'NONE', ( #2245, #6945, #3742, #2112 ) ) ;
#1913 = ORIENTED_EDGE ( 'NONE', *, *, #4035, .F. ) ;
#1914 = EDGE_CURVE ( 'NONE', #5550, #4470, #8559, .T. ) ;
#1915 = ORIENTED_EDGE ( 'NONE', *, *, #10943, .T. ) ;
#1916 = EDGE_CURVE ( 'NONE', #10068, #5809, #9612, .T. ) ;
#1917 = CARTESIAN_POINT ( 'NONE',  ( -0.7223352850632293043, 0.000000000000000000, 1.705984133059284646 ) ) ;
#1918 = AXIS2_PLACEMENT_3D ( 'NONE', #1464, #3353, #3131 ) ;
#1919 = ORIENTED_EDGE ( 'NONE', *, *, #8239, .F. ) ;
#1920 = PLANE ( 'NONE',  #4392 ) ;
#1921 = LINE ( 'NONE', #6016, #6502 ) ;
#1922 = CARTESIAN_POINT ( 'NONE',  ( 1.697423192914377932, 0.4724409448818899238, -0.3988531131689802001 ) ) ;
#1923 = PLANE ( 'NONE',  #5745 ) ;
#1924 = EDGE_LOOP ( 'NONE', ( #9782, #790, #1947, #3618 ) ) ;
#1925 = DIRECTION ( 'NONE',  ( -0.3420201433256694346, -0.9396926207859080948, 0.000000000000000000 ) ) ;
#1926 = VECTOR ( 'NONE', #9164, 39.37007874015748143 ) ;
#1927 = CYLINDRICAL_SURFACE ( 'NONE', #1702, 0.09842519685039378963 ) ;
#1928 = EDGE_CURVE ( 'NONE', #11021, #7891, #4674, .T. ) ;
#1929 = ORIENTED_EDGE ( 'NONE', *, *, #7979, .T. ) ;
#1930 = DIRECTION ( 'NONE',  ( 0.5031907286678232172, 0.000000000000000000, 0.8641753818425660372 ) ) ;
#1931 = PLANE ( 'NONE',  #5826 ) ;
#1932 = AXIS2_PLACEMENT_3D ( 'NONE', #2235, #7644, #510 ) ;
#1933 = CARTESIAN_POINT ( 'NONE',  ( 1.747168107202559550, 0.1771653543307086520, 1.077862474882601784 ) ) ;
#1934 = VECTOR ( 'NONE', #4848, 39.37007874015748143 ) ;
#1935 = DIRECTION ( 'NONE',  ( 1.000000000000000000, 0.000000000000000000, 0.000000000000000000 ) ) ;
#1936 = EDGE_LOOP ( 'NONE', ( #9610, #4, #4245, #8885 ) ) ;
#1937 = CYLINDRICAL_SURFACE ( 'NONE', #2637, 0.01968503937007875723 ) ;
#1938 = ADVANCED_FACE ( 'NONE', ( #8054 ), #4514, .T. ) ;
#1939 = ORIENTED_EDGE ( 'NONE', *, *, #8739, .T. ) ;
#1940 = FACE_OUTER_BOUND ( 'NONE', #11000, .T. ) ;
#1941 = EDGE_LOOP ( 'NONE', ( #8138, #1202, #2623, #6325 ) ) ;
#1942 = DIRECTION ( 'NONE',  ( 0.000000000000000000, 0.000000000000000000, 1.000000000000000000 ) ) ;
#1943 = DIRECTION ( 'NONE',  ( 0.000000000000000000, -0.9396926207859080948, 0.3420201433256694901 ) ) ;
#1944 = AXIS2_PLACEMENT_3D ( 'NONE', #622, #1290, #6598 ) ;
#1945 = EDGE_CURVE ( 'NONE', #9804, #10004, #6284, .T. ) ;
#1946 = CARTESIAN_POINT ( 'NONE',  ( 0.000000000000000000, 0.5905511811023621549, 0.000000000000000000 ) ) ;
#1947 = ORIENTED_EDGE ( 'NONE', *, *, #5475, .F. ) ;
#1948 = ORIENTED_EDGE ( 'NONE', *, *, #8935, .T. ) ;
#1949 = CARTESIAN_POINT ( 'NONE',  ( -2.169185678764017133, 0.4724409448818898127, -1.626215317893389356 ) ) ;
#1950 = DIRECTION ( 'NONE',  ( 0.000000000000000000, 1.000000000000000000, 0.000000000000000000 ) ) ;
#1951 = DIRECTION ( 'NONE',  ( 1.000000000000000000, 0.000000000000000000, 2.312964634635747887E-16 ) ) ;
#1952 = CARTESIAN_POINT ( 'NONE',  ( -0.1221688404577919856, 0.1507476349739040322, 1.651116481042756545 ) ) ;
#1953 = ORIENTED_EDGE ( 'NONE', *, *, #10029, .T. ) ;
#1955 = CARTESIAN_POINT ( 'NONE',  ( -0.1036709542218489377, 0.1574803149606299191, 0.000000000000000000 ) ) ;
#1954 = VECTOR ( 'NONE', #11219, 39.37007874015748143 ) ;
#1956 = CARTESIAN_POINT ( 'NONE',  ( -0.8713874896549197446, 0.1771653543307086520, 0.2551203512652306937 ) ) ;
#1957 = EDGE_CURVE ( 'NONE', #8701, #11022, #7993, .T. ) ;
#1958 = PLANE ( 'NONE',  #1134 ) ;
#1959 = DIRECTION ( 'NONE',  ( 0.000000000000000000, 0.000000000000000000, -1.000000000000000000 ) ) ;
#1960 = LINE ( 'NONE', #8125, #5364 ) ;
#1961 = VERTEX_POINT ( 'NONE', #10526 ) ;
#1962 = EDGE_CURVE ( 'NONE', #2677, #9165, #8916, .T. ) ;
#1963 = PLANE ( 'NONE',  #7660 ) ;
#1964 = CARTESIAN_POINT ( 'NONE',  ( 0.03695314000090240553, 0.1690115440477736874, 2.417645863341691292 ) ) ;
#1965 = VERTEX_POINT ( 'NONE', #2878 ) ;
#1966 = CYLINDRICAL_SURFACE ( 'NONE', #8051, 0.01968503937007875723 ) ;
#1967 = ORIENTED_EDGE ( 'NONE', *, *, #8461, .F. ) ;
#1968 = ORIENTED_EDGE ( 'NONE', *, *, #10201, .T. ) ;
#1969 = CARTESIAN_POINT ( 'NONE',  ( -2.011705363803387048, 0.000000000000000000, -1.685270436003625250 ) ) ;
#1970 = EDGE_CURVE ( 'NONE', #6720, #8829, #6179, .T. ) ;
#1971 = VERTEX_POINT ( 'NONE', #5312 ) ;
#1972 = VERTEX_POINT ( 'NONE', #5431 ) ;
#1973 = EDGE_CURVE ( 'NONE', #518, #11255, #9639, .T. ) ;
#1974 = ORIENTED_EDGE ( 'NONE', *, *, #5612, .T. ) ;
#1975 = CARTESIAN_POINT ( 'NONE',  ( -0.8898853758908628064, 0.1507476349739041155, 1.809051308367315425 ) ) ;
#1976 = ORIENTED_EDGE ( 'NONE', *, *, #1768, .T. ) ;
#1977 = CARTESIAN_POINT ( 'NONE',  ( 0.000000000000000000, 0.1771653543307086520, 3.205047438144841276 ) ) ;
#1978 = LINE ( 'NONE', #9883, #8139 ) ;
#1979 = EDGE_CURVE ( 'NONE', #3397, #6246, #167, .T. ) ;
#1980 = EDGE_CURVE ( 'NONE', #2248, #8818, #10644, .T. ) ;
#1981 = ORIENTED_EDGE ( 'NONE', *, *, #9956, .T. ) ;
#1982 = CARTESIAN_POINT ( 'NONE',  ( -1.498479930865239451, 0.1574803149606299191, 0.000000000000000000 ) ) ;
#1983 = CARTESIAN_POINT ( 'NONE',  ( 1.944987549582441355, 0.1968503937007874405, 0.1326429498231457837 ) ) ;
#1984 = ORIENTED_EDGE ( 'NONE', *, *, #4877, .F. ) ;
#1985 = DIRECTION ( 'NONE',  ( 0.000000000000000000, 1.000000000000000000, -0.000000000000000000 ) ) ;
#1986 = DIRECTION ( 'NONE',  ( 0.000000000000000000, 0.3420201433256694346, -0.9396926207859080948 ) ) ;
#1987 = CARTESIAN_POINT ( 'NONE',  ( -0.7307633954321681724, 0.1690115440477737152, 2.577954996934521681 ) ) ;
#1988 = VECTOR ( 'NONE', #5114, 39.37007874015748143 ) ;
#1989 = CARTESIAN_POINT ( 'NONE',  ( -0.06730118844126424527, -3.414809992080329023E-17, 0.9382675976262138118 ) ) ;
#1990 = ORIENTED_EDGE ( 'NONE', *, *, #571, .F. ) ;
#1991 = DIRECTION ( 'NONE',  ( 1.000000000000000000, -0.000000000000000000, -4.625929269271484928E-16 ) ) ;
#1992 = CARTESIAN_POINT ( 'NONE',  ( -0.1233559935919276845, 0.1551781507868630616, 2.577954996934521681 ) ) ;
#1993 = ORIENTED_EDGE ( 'NONE', *, *, #3819, .F. ) ;
#1994 = CARTESIAN_POINT ( 'NONE',  ( 0.7849846360638946807, 0.1771653543307086520, 3.205047438144841276 ) ) ;
#1995 = VECTOR ( 'NONE', #4067, 39.37007874015748143 ) ;
#1996 = CARTESIAN_POINT ( 'NONE',  ( 1.559627917323826551, 0.1968503937007874127, -0.2610578375784290417 ) ) ;
#1997 = VECTOR ( 'NONE', #8608, 39.37007874015748143 ) ;
#1998 = FACE_OUTER_BOUND ( 'NONE', #8753, .T. ) ;
#1999 = ORIENTED_EDGE ( 'NONE', *, *, #1116, .F. ) ;
#2000 = DIRECTION ( 'NONE',  ( -0.3420201433256694346, 0.9396926207859080948, 0.000000000000000000 ) ) ;
#2001 = LINE ( 'NONE', #5429, #2535 ) ;
#2002 = ORIENTED_EDGE ( 'NONE', *, *, #7094, .T. ) ;
#2003 = DIRECTION ( 'NONE',  ( 0.000000000000000000, -1.000000000000000000, 0.000000000000000000 ) ) ;
#2004 = ORIENTED_EDGE ( 'NONE', *, *, #5822, .T. ) ;
#2005 = FACE_OUTER_BOUND ( 'NONE', #7631, .T. ) ;
#2006 = EDGE_CURVE ( 'NONE', #2943, #2705, #2929, .T. ) ;
#2007 = CARTESIAN_POINT ( 'NONE',  ( -1.549106938606535477, 0.4724409448818898127, 3.954493343523932669 ) ) ;
#2008 = CARTESIAN_POINT ( 'NONE',  ( -0.8713874896549197446, 0.1771653543307086520, -2.015488446635848950E-16 ) ) ;
#2009 = CARTESIAN_POINT ( 'NONE',  ( 0.03695314000090241247, 0.1551781507868630616, 0.8822127924755500672 ) ) ;
#2010 = ORIENTED_EDGE ( 'NONE', *, *, #2466, .F. ) ;
#2011 = CIRCLE ( 'NONE', #373, 0.1377952755905511584 ) ;
#2012 = VECTOR ( 'NONE', #3739, 39.37007874015748143 ) ;
#2013 = DIRECTION ( 'NONE',  ( -0.000000000000000000, -1.000000000000000000, 0.000000000000000000 ) ) ;
#2014 = CARTESIAN_POINT ( 'NONE',  ( -0.1221688404577920550, 0.1507476349739040600, 0.8833999456096859326 ) ) ;
#2015 = EDGE_CURVE ( 'NONE', #3807, #818, #1894, .T. ) ;
#2016 = ORIENTED_EDGE ( 'NONE', *, *, #10956, .T. ) ;
#2017 = DIRECTION ( 'NONE',  ( -4.625929269271485914E-16, 0.000000000000000000, 1.000000000000000000 ) ) ;
#2018 = ORIENTED_EDGE ( 'NONE', *, *, #2106, .F. ) ;
#2019 = EDGE_CURVE ( 'NONE', #8402, #315, #8856, .T. ) ;
#2020 = EDGE_CURVE ( 'NONE', #4743, #10978, #5552, .T. ) ;
#2021 = EDGE_LOOP ( 'NONE', ( #2976, #11025, #74, #6238 ) ) ;
#2022 = VECTOR ( 'NONE', #5760, 39.37007874015748143 ) ;
#2023 = ORIENTED_EDGE ( 'NONE', *, *, #5655, .T. ) ;
#2024 = ORIENTED_EDGE ( 'NONE', *, *, #2793, .F. ) ;
#2025 = ORIENTED_EDGE ( 'NONE', *, *, #8986, .T. ) ;
#2026 =( BOUNDED_CURVE ( )  B_SPLINE_CURVE ( 3, ( #5920, #6675, #10339, #4055 ),
 .UNSPECIFIED., .F., .F. ) 
 B_SPLINE_CURVE_WITH_KNOTS ( ( 4, 4 ),
 ( 1.570796326794903663, 3.141592653589793116 ),
 .UNSPECIFIED. ) 
 CURVE ( )  GEOMETRIC_REPRESENTATION_ITEM ( )  RATIONAL_B_SPLINE_CURVE ( ( 1.000000000000000000, 0.8047378541243667138, 0.8047378541243667138, 1.000000000000000000 ) ) 
 REPRESENTATION_ITEM ( '' )  );
#2027 = DIRECTION ( 'NONE',  ( -4.625929269271485914E-16, 0.000000000000000000, 1.000000000000000000 ) ) ;
#2028 = AXIS2_PLACEMENT_3D ( 'NONE', #5747, #9248, #6712 ) ;
#2029 = EDGE_CURVE ( 'NONE', #9173, #11035, #7371, .T. ) ;
#2030 = ORIENTED_EDGE ( 'NONE', *, *, #10814, .F. ) ;
#2031 = CYLINDRICAL_SURFACE ( 'NONE', #11152, 0.01968503937007875723 ) ;
#2032 = CARTESIAN_POINT ( 'NONE',  ( 0.6640455812112220357, 0.1771653543307086520, 0.9018978318456289944 ) ) ;
#2033 = DIRECTION ( 'NONE',  ( -0.000000000000000000, -1.000000000000000000, -0.000000000000000000 ) ) ;
#2034 = CARTESIAN_POINT ( 'NONE',  ( -1.498479930865239229, 0.1574803149606299191, 1.649929327908621346 ) ) ;
#2035 = VECTOR ( 'NONE', #7043, 39.37007874015748143 ) ;
#2036 = DIRECTION ( 'NONE',  ( -0.000000000000000000, -0.000000000000000000, 1.000000000000000000 ) ) ;
#2037 = DIRECTION ( 'NONE',  ( -0.3236155771181852270, 0.8891264907159878161, -0.3236155771181854490 ) ) ;
#2038 = ORIENTED_EDGE ( 'NONE', *, *, #1177, .F. ) ;
#2039 = VERTEX_POINT ( 'NONE', #1952 ) ;
#2040 = EDGE_CURVE ( 'NONE', #7726, #10096, #10756, .T. ) ;
#2041 =( BOUNDED_CURVE ( )  B_SPLINE_CURVE ( 3, ( #7019, #6960, #156, #7141 ),
 .UNSPECIFIED., .F., .F. ) 
 B_SPLINE_CURVE_WITH_KNOTS ( ( 4, 4 ),
 ( 3.141592653589793116, 3.490658503988654626 ),
 .UNSPECIFIED. ) 
 CURVE ( )  GEOMETRIC_REPRESENTATION_ITEM ( )  RATIONAL_B_SPLINE_CURVE ( ( 1.000000000000000000, 0.9898718353414723836, 0.9898718353414723836, 1.000000000000000000 ) ) 
 REPRESENTATION_ITEM ( '' )  );
#2042 = EDGE_CURVE ( 'NONE', #5109, #6866, #4692, .T. ) ;
#2043 = CARTESIAN_POINT ( 'NONE',  ( 1.413264230408350031, 0.1507476349739040877, 1.641501217539681479 ) ) ;
#2044 = VECTOR ( 'NONE', #4265, 39.37007874015748143 ) ;
#2045 = FACE_OUTER_BOUND ( 'NONE', #4021, .T. ) ;
#2046 = ORIENTED_EDGE ( 'NONE', *, *, #9768, .T. ) ;
#2047 = CYLINDRICAL_SURFACE ( 'NONE', #72, 0.01968503937007875723 ) ;
#2048 = CIRCLE ( 'NONE', #10444, 0.1377952755905512972 ) ;
#2049 = ORIENTED_EDGE ( 'NONE', *, *, #7323, .F. ) ;
#2050 = CARTESIAN_POINT ( 'NONE',  ( 1.412077077274214609, 0.1574803149606299191, 2.417645863341692181 ) ) ;
#2051 = VERTEX_POINT ( 'NONE', #7028 ) ;
#2052 = DIRECTION ( 'NONE',  ( 1.000000000000000000, -0.000000000000000000, 0.000000000000000000 ) ) ;
#2053 = DIRECTION ( 'NONE',  ( 0.000000000000000000, 0.000000000000000000, 1.000000000000000000 ) ) ;
#2054 = CARTESIAN_POINT ( 'NONE',  ( 0.8130977858029124761, 0.000000000000000000, 1.705984133059284646 ) ) ;
#2055 = DIRECTION ( 'NONE',  ( -0.000000000000000000, -1.000000000000000000, -0.000000000000000000 ) ) ;
#2056 = ORIENTED_EDGE ( 'NONE', *, *, #9145, .F. ) ;
#2057 = CARTESIAN_POINT ( 'NONE',  ( -0.1221688404577920273, 0.1507476349739041432, 3.354099642736532161 ) ) ;
#2058 = AXIS2_PLACEMENT_3D ( 'NONE', #5238, #6144, #2676 ) ;
#2059 = CARTESIAN_POINT ( 'NONE',  ( 0.6455476949752789739, 0.1507476349739041155, 3.176934288405823370 ) ) ;
#2060 = ORIENTED_EDGE ( 'NONE', *, *, #2917, .T. ) ;
#2061 = DIRECTION ( 'NONE',  ( 0.000000000000000000, 0.000000000000000000, 1.000000000000000000 ) ) ;
#2062 = CARTESIAN_POINT ( 'NONE',  ( -0.9613473175948450411, 0.3470877061559770604, 1.579654539338774422 ) ) ;
#2063 = VECTOR ( 'NONE', #6290, 39.37007874015748143 ) ;
#2064 = ORIENTED_EDGE ( 'NONE', *, *, #8174, .T. ) ;
#2065 = DIRECTION ( 'NONE',  ( 1.000000000000000000, -0.000000000000000000, -9.251858538542969855E-16 ) ) ;
#2066 =( BOUNDED_CURVE ( )  B_SPLINE_CURVE ( 3, ( #1474, #5862, #4951, #1374 ),
 .UNSPECIFIED., .F., .T. ) 
 B_SPLINE_CURVE_WITH_KNOTS ( ( 4, 4 ),
 ( 0.000000000000000000, 1.570796326794896558 ),
 .UNSPECIFIED. ) 
 CURVE ( )  GEOMETRIC_REPRESENTATION_ITEM ( )  RATIONAL_B_SPLINE_CURVE ( ( 1.000000000000000000, 0.8047378541243649375, 0.8047378541243649375, 1.000000000000000000 ) ) 
 REPRESENTATION_ITEM ( '' )  );
#2067 = CYLINDRICAL_SURFACE ( 'NONE', #3141, 0.01968503937007875723 ) ;
#2068 = LINE ( 'NONE', #2008, #7175 ) ;
#2069 = AXIS2_PLACEMENT_3D ( 'NONE', #7985, #1250, #5484 ) ;
#2070 = LINE ( 'NONE', #3850, #6322 ) ;
#2071 = ORIENTED_EDGE ( 'NONE', *, *, #5867, .T. ) ;
#2072 = ORIENTED_EDGE ( 'NONE', *, *, #7667, .T. ) ;
#2073 = UNCERTAINTY_MEASURE_WITH_UNIT (LENGTH_MEASURE( 1.000000000000000082E-05 ), #329, 'distance_accuracy_value', 'NONE');
#2074 = EDGE_CURVE ( 'NONE', #4205, #3433, #3234, .T. ) ;
#2075 = PLANE ( 'NONE',  #1098 ) ;
#2076 = FACE_OUTER_BOUND ( 'NONE', #6353, .T. ) ;
#2077 = EDGE_LOOP ( 'NONE', ( #4537, #554, #3750, #6993 ) ) ;
#2078 = DIRECTION ( 'NONE',  ( -0.000000000000000000, 0.000000000000000000, 1.000000000000000000 ) ) ;
#2079 = ORIENTED_EDGE ( 'NONE', *, *, #287, .T. ) ;
#2080 = CARTESIAN_POINT ( 'NONE',  ( -1.518164970235316602, 0.1574803149606299191, -7.022923771394225121E-16 ) ) ;
#2081 = CARTESIAN_POINT ( 'NONE',  ( 1.420230887557149213, 0.1771653543307086520, 0.2666515803523745176 ) ) ;
#2082 = ORIENTED_EDGE ( 'NONE', *, *, #9233, .F. ) ;
#2083 = PLANE ( 'NONE',  #5943 ) ;
#2084 = EDGE_LOOP ( 'NONE', ( #10114, #10819, #2343, #5905 ) ) ;
#2085 = EDGE_LOOP ( 'NONE', ( #3852, #8943, #4822, #344 ) ) ;
#2086 = ADVANCED_FACE ( 'NONE', ( #7319 ), #10268, .T. ) ;
#2087 = EDGE_CURVE ( 'NONE', #10507, #1791, #3289, .T. ) ;
#2088 = AXIS2_PLACEMENT_3D ( 'NONE', #5842, #6823, #8310 ) ;
#2089 = CARTESIAN_POINT ( 'NONE',  ( 0.03655337338743817194, 0.1529109616598305077, 3.345271765754127991 ) ) ;
#2090 = VERTEX_POINT ( 'NONE', #5795 ) ;
#2091 = LINE ( 'NONE', #2904, #6948 ) ;
#2092 = DIRECTION ( 'NONE',  ( -4.346951598611962033E-16, 0.3420201433256694346, 0.9396926207859080948 ) ) ;
#2093 = CARTESIAN_POINT ( 'NONE',  ( 1.412077077274214387, 0.1574803149606299191, 3.345671532367592516 ) ) ;
#2094 = ADVANCED_FACE ( 'NONE', ( #643 ), #2264, .F. ) ;
#2095 = CARTESIAN_POINT ( 'NONE',  ( 1.468131882424877688, 6.829619984160658046E-17, 1.754183656350787546 ) ) ;
#2096 = CARTESIAN_POINT ( 'NONE',  ( 2.043412746432834215, 0.1771653543307086520, 0.2952514739630046625 ) ) ;
#2097 = AXIS2_PLACEMENT_3D ( 'NONE', #10972, #2448, #5974 ) ;
#2098 = ORIENTED_EDGE ( 'NONE', *, *, #2584, .T. ) ;
#2099 = ORIENTED_EDGE ( 'NONE', *, *, #4651, .T. ) ;
#2100 = EDGE_CURVE ( 'NONE', #1439, #2490, #9275, .T. ) ;
#2101 = CARTESIAN_POINT ( 'NONE',  ( 0.6447603084546081886, 0.1529109616598305632, 2.418045629955156262 ) ) ;
#2102 = CARTESIAN_POINT ( 'NONE',  ( -1.549106938606535477, 0.000000000000000000, 4.072603579744405344 ) ) ;
#2103 = ORIENTED_EDGE ( 'NONE', *, *, #1979, .T. ) ;
#2104 = DIRECTION ( 'NONE',  ( 0.000000000000000000, 0.000000000000000000, -1.000000000000000000 ) ) ;
#2105 = VECTOR ( 'NONE', #7405, 39.37007874015748854 ) ;
#2106 = EDGE_CURVE ( 'NONE', #4433, #2984, #3808, .T. ) ;
#2107 = CARTESIAN_POINT ( 'NONE',  ( 1.420230887557149213, 0.1771653543307086798, 1.658083138191555728 ) ) ;
#2108 = DIRECTION ( 'NONE',  ( 0.000000000000000000, 0.000000000000000000, 1.000000000000000000 ) ) ;
#2109 = CARTESIAN_POINT ( 'NONE',  ( 7.632456370201919441E-16, 0.1574803149606299191, 1.649929327908621346 ) ) ;
#2110 =( BOUNDED_CURVE ( )  B_SPLINE_CURVE ( 3, ( #4113, #7591, #3315, #3374 ),
 .UNSPECIFIED., .F., .F. ) 
 B_SPLINE_CURVE_WITH_KNOTS ( ( 4, 4 ),
 ( 4.712388980384686121, 6.283185307179586232 ),
 .UNSPECIFIED. ) 
 CURVE ( )  GEOMETRIC_REPRESENTATION_ITEM ( )  RATIONAL_B_SPLINE_CURVE ( ( 1.000000000000000000, 0.8047378541243641603, 0.8047378541243641603, 1.000000000000000000 ) ) 
 REPRESENTATION_ITEM ( '' )  );
#2111 = CARTESIAN_POINT ( 'NONE',  ( 0.6443605418411432195, 0.1574803149606299191, 3.953078934207834294 ) ) ;
#2112 = ORIENTED_EDGE ( 'NONE', *, *, #126, .F. ) ;
#2113 = DIRECTION ( 'NONE',  ( -0.000000000000000000, 1.000000000000000000, -0.000000000000000000 ) ) ;
#2114 = DIRECTION ( 'NONE',  ( 1.284980352575412206E-16, -0.000000000000000000, 1.000000000000000000 ) ) ;
#2115 = CARTESIAN_POINT ( 'NONE',  ( 0.000000000000000000, 0.4724409448818898127, 0.000000000000000000 ) ) ;
#2116 = DIRECTION ( 'NONE',  ( -0.3420201433256694346, -0.9396926207859080948, 0.000000000000000000 ) ) ;
#2117 = VECTOR ( 'NONE', #7001, 39.37007874015748143 ) ;
#2118 = EDGE_CURVE ( 'NONE', #9841, #4715, #7521, .T. ) ;
#2119 = VECTOR ( 'NONE', #10582, 39.37007874015748143 ) ;
#2120 = DIRECTION ( 'NONE',  ( 0.000000000000000000, 0.000000000000000000, 1.000000000000000000 ) ) ;
#2121 = EDGE_CURVE ( 'NONE', #4794, #4729, #4143, .T. ) ;
#2122 = LINE ( 'NONE', #1213, #8421 ) ;
#2123 = CARTESIAN_POINT ( 'NONE',  ( 1.747168107202559550, 0.1968503937007874127, 1.077862474882601784 ) ) ;
#2124 = ORIENTED_EDGE ( 'NONE', *, *, #10123, .T. ) ;
#2125 = ORIENTED_EDGE ( 'NONE', *, *, #7649, .F. ) ;
#2126 = CARTESIAN_POINT ( 'NONE',  ( -1.253831348055355566, 0.1968503937007874127, -0.2020027194681933147 ) ) ;
#2127 = CARTESIAN_POINT ( 'NONE',  ( 1.412077077274214387, 0.1574803149606299191, 0.000000000000000000 ) ) ;
#2128 = ORIENTED_EDGE ( 'NONE', *, *, #110, .F. ) ;
#2129 = LINE ( 'NONE', #3626, #11130 ) ;
#2130 = AXIS2_PLACEMENT_3D ( 'NONE', #9171, #10032, #4019 ) ;
#2131 = VERTEX_POINT ( 'NONE', #3180 ) ;
#2132 = DIRECTION ( 'NONE',  ( -5.947623346206197105E-15, 0.000000000000000000, 1.000000000000000000 ) ) ;
#2133 = ORIENTED_EDGE ( 'NONE', *, *, #2015, .T. ) ;
#2134 = DIRECTION ( 'NONE',  ( -0.000000000000000000, -1.000000000000000000, -0.000000000000000000 ) ) ;
#2135 = ORIENTED_EDGE ( 'NONE', *, *, #8356, .T. ) ;
#2136 = ORIENTED_EDGE ( 'NONE', *, *, #7169, .T. ) ;
#2137 = VECTOR ( 'NONE', #3237, 39.37007874015748143 ) ;
#2138 = CARTESIAN_POINT ( 'NONE',  ( 0.03695314000090241940, 0.1574803149606299191, 2.417645863341691737 ) ) ;
#2139 = ORIENTED_EDGE ( 'NONE', *, *, #78, .F. ) ;
#2140 = ADVANCED_FACE ( 'NONE', ( #1572 ), #2987, .T. ) ;
#2141 = DIRECTION ( 'NONE',  ( 0.000000000000000000, 0.000000000000000000, -1.000000000000000000 ) ) ;
#2142 = CARTESIAN_POINT ( 'NONE',  ( 6.568220433224385909E-16, 0.1771653543307086520, 4.259611453760153488 ) ) ;
#2143 = CARTESIAN_POINT ( 'NONE',  ( -2.129815600023859279, 0.1771653543307086520, -2.039601144665042831 ) ) ;
#2144 = CARTESIAN_POINT ( 'NONE',  ( 0.01726810063082374544, 0.1771653543307086520, 2.558269957564442976 ) ) ;
#2145 = CARTESIAN_POINT ( 'NONE',  ( -0.1036709542218489655, 0.1771653543307086520, 1.790553422131372141 ) ) ;
#2146 = EDGE_CURVE ( 'NONE', #7489, #10004, #8363, .T. ) ;
#2147 = FACE_BOUND ( 'NONE', #9521, .T. ) ;
#2148 = LINE ( 'NONE', #10676, #3007 ) ;
#2149 = VERTEX_POINT ( 'NONE', #5044 ) ;
#2150 = CARTESIAN_POINT ( 'NONE',  ( 1.728452116511574932, 0.1771653543307086520, 4.121816178169601663 ) ) ;
#2151 = ADVANCED_FACE ( 'NONE', ( #7564 ), #10211, .F. ) ;
#2152 = CARTESIAN_POINT ( 'NONE',  ( -0.8601305606537805737, 0.000000000000000000, -0.3004279163185869517 ) ) ;
#2153 = CARTESIAN_POINT ( 'NONE',  ( -0.1233559935919276984, 0.1574803149606299191, 1.810238461501451068 ) ) ;
#2154 = VERTEX_POINT ( 'NONE', #1462 ) ;
#2155 = CARTESIAN_POINT ( 'NONE',  ( 0.000000000000000000, 0.1574803149606299191, 1.022836886698301750 ) ) ;
#2156 = ADVANCED_FACE ( 'NONE', ( #11173 ), #5848, .F. ) ;
#2157 = EDGE_CURVE ( 'NONE', #4908, #2910, #473, .T. ) ;
#2158 = ORIENTED_EDGE ( 'NONE', *, *, #7452, .T. ) ;
#2159 = DIRECTION ( 'NONE',  ( -0.9396926207859080948, 0.3420201433256694346, -2.173475799305981510E-16 ) ) ;
#2160 = CARTESIAN_POINT ( 'NONE',  ( 0.03695314000090243328, 0.1574803149606299191, 0.8822127924755501782 ) ) ;
#2161 = DIRECTION ( 'NONE',  ( 0.000000000000000000, 0.000000000000000000, -1.000000000000000000 ) ) ;
#2162 = CARTESIAN_POINT ( 'NONE',  ( 0.6525143521240781563, 0.1771653543307086798, 3.961232744490770230 ) ) ;
#2163 = CARTESIAN_POINT ( 'NONE',  ( 0.000000000000000000, 0.1574803149606299191, 0.2748053906353094544 ) ) ;
#2164 = EDGE_LOOP ( 'NONE', ( #3309, #637 ) ) ;
#2165 = LINE ( 'NONE', #4627, #5813 ) ;
#2166 = CARTESIAN_POINT ( 'NONE',  ( -0.1233559935919283090, 0.1574803149606299191, 3.185362398774762571 ) ) ;
#2167 = ADVANCED_FACE ( 'NONE', ( #10158 ), #6829, .T. ) ;
#2168 = ORIENTED_EDGE ( 'NONE', *, *, #4512, .T. ) ;
#2169 = EDGE_LOOP ( 'NONE', ( #2493, #8382, #5128, #11093 ) ) ;
#2170 = VECTOR ( 'NONE', #8676, 39.37007874015748143 ) ;
#2171 = DIRECTION ( 'NONE',  ( -1.156482317317871478E-16, 0.000000000000000000, 1.000000000000000000 ) ) ;
#2172 = CARTESIAN_POINT ( 'NONE',  ( -0.7868182005828323611, 0.000000000000000000, 2.473700668492355703 ) ) ;
#2173 = CARTESIAN_POINT ( 'NONE',  ( -1.814854970102598664, 0.000000000000000000, 1.147199780013996362 ) ) ;
#2174 = ORIENTED_EDGE ( 'NONE', *, *, #2854, .F. ) ;
#2175 = CARTESIAN_POINT ( 'NONE',  ( 2.181208022023385595, 0.000000000000000000, -1.004824633837119412E-15 ) ) ;
#2176 = CARTESIAN_POINT ( 'NONE',  ( -0.8601305606537800186, -0.2952755905511810774, -0.2020027194681925098 ) ) ;
#2177 = ORIENTED_EDGE ( 'NONE', *, *, #2934, .F. ) ;
#2178 = VECTOR ( 'NONE', #10562, 39.37007874015748143 ) ;
#2179 = ADVANCED_FACE ( 'NONE', ( #7733 ), #11229, .F. ) ;
#2180 = DIRECTION ( 'NONE',  ( -1.000000000000000000, 0.000000000000000000, 0.000000000000000000 ) ) ;
#2181 = AXIS2_PLACEMENT_3D ( 'NONE', #2335, #666, #8489 ) ;
#2182 = EDGE_CURVE ( 'NONE', #8242, #1132, #1921, .T. ) ;
#2183 = ORIENTED_EDGE ( 'NONE', *, *, #1527, .T. ) ;
#2184 = DIRECTION ( 'NONE',  ( -1.000000000000000000, 0.000000000000000000, 0.000000000000000000 ) ) ;
#2185 = VERTEX_POINT ( 'NONE', #7057 ) ;
#2186 = DIRECTION ( 'NONE',  ( 0.000000000000000000, 0.000000000000000000, 1.000000000000000000 ) ) ;
#2187 = ORIENTED_EDGE ( 'NONE', *, *, #135, .T. ) ;
#2188 = ORIENTED_EDGE ( 'NONE', *, *, #7499, .T. ) ;
#2189 = CIRCLE ( 'NONE', #6391, 0.05905511811023627516 ) ;
#2190 = AXIS2_PLACEMENT_3D ( 'NONE', #6539, #3060, #4825 ) ;
#2191 =( BOUNDED_CURVE ( )  B_SPLINE_CURVE ( 3, ( #9025, #1070, #8219, #4730 ),
 .UNSPECIFIED., .F., .F. ) 
 B_SPLINE_CURVE_WITH_KNOTS ( ( 4, 4 ),
 ( 1.570796326794896558, 3.141592653589793116 ),
 .UNSPECIFIED. ) 
 CURVE ( )  GEOMETRIC_REPRESENTATION_ITEM ( )  RATIONAL_B_SPLINE_CURVE ( ( 1.000000000000000000, 0.8047378541243649375, 0.8047378541243649375, 1.000000000000000000 ) ) 
 REPRESENTATION_ITEM ( '' )  );
#2192 = CARTESIAN_POINT ( 'NONE',  ( -0.8910725290249981168, 0.1551781507868631449, 3.345671532367592071 ) ) ;
#2193 = ORIENTED_EDGE ( 'NONE', *, *, #5437, .T. ) ;
#2194 = VECTOR ( 'NONE', #8679, 39.37007874015748143 ) ;
#2195 = LINE ( 'NONE', #4134, #7508 ) ;
#2196 = AXIS2_PLACEMENT_3D ( 'NONE', #301, #2013, #3910 ) ;
#2197 = DIRECTION ( 'NONE',  ( -0.000000000000000000, 1.000000000000000000, -0.000000000000000000 ) ) ;
#2198 = CARTESIAN_POINT ( 'NONE',  ( 0.03695314000090248185, 0.1690115440477736874, 2.577954996934522125 ) ) ;
#2199 = CARTESIAN_POINT ( 'NONE',  ( -1.838012277137266892, 0.1968503937007874127, 1.070234996814104500 ) ) ;
#2200 = DIRECTION ( 'NONE',  ( 0.000000000000000000, 0.000000000000000000, 1.000000000000000000 ) ) ;
#2201 = DIRECTION ( 'NONE',  ( 0.000000000000000000, 1.000000000000000000, -0.000000000000000000 ) ) ;
#2202 = AXIS2_PLACEMENT_3D ( 'NONE', #8405, #1500, #527 ) ;
#2203 = EDGE_CURVE ( 'NONE', #9725, #7818, #2713, .T. ) ;
#2204 = CARTESIAN_POINT ( 'NONE',  ( 0.000000000000000000, 0.1574803149606299191, 3.325986492997513810 ) ) ;
#2205 = DIRECTION ( 'NONE',  ( -1.000000000000000000, 0.000000000000000000, 0.000000000000000000 ) ) ;
#2206 = ORIENTED_EDGE ( 'NONE', *, *, #10845, .T. ) ;
#2207 = AXIS2_PLACEMENT_3D ( 'NONE', #8009, #2762, #8131 ) ;
#2208 = DIRECTION ( 'NONE',  ( -0.3236155771181852825, 0.8891264907159878161, 0.3236155771181852270 ) ) ;
#2209 = VERTEX_POINT ( 'NONE', #5161 ) ;
#2210 = DIRECTION ( 'NONE',  ( 1.156482317317870985E-16, 3.716729199869950496E-34, -1.000000000000000000 ) ) ;
#2211 = DIRECTION ( 'NONE',  ( 0.000000000000000000, 0.9396926207859080948, 0.3420201433256694346 ) ) ;
#2212 = EDGE_CURVE ( 'NONE', #10058, #8318, #6188, .T. ) ;
#2213 = ORIENTED_EDGE ( 'NONE', *, *, #3118, .F. ) ;
#2214 = CARTESIAN_POINT ( 'NONE',  ( 7.723517969990729201E-16, 0.1574803149606299191, 1.669614367278699829 ) ) ;
#2215 = CYLINDRICAL_SURFACE ( 'NONE', #1559, 0.01968503937007875723 ) ;
#2216 = LINE ( 'NONE', #6066, #2935 ) ;
#2217 = AXIS2_PLACEMENT_3D ( 'NONE', #4411, #7886, #7666 ) ;
#2218 = EDGE_CURVE ( 'NONE', #6719, #6304, #9699, .T. ) ;
#2219 = FACE_OUTER_BOUND ( 'NONE', #9167, .T. ) ;
#2220 = ADVANCED_FACE ( 'NONE', ( #1862 ), #10496, .F. ) ;
#2221 = CARTESIAN_POINT ( 'NONE',  ( 1.468131882424877688, 3.414809992080329023E-17, 0.2187505854846458486 ) ) ;
#2222 = VECTOR ( 'NONE', #10816, 39.37007874015748143 ) ;
#2223 = DIRECTION ( 'NONE',  ( -0.000000000000000000, -0.000000000000000000, -1.000000000000000000 ) ) ;
#2224 = ORIENTED_EDGE ( 'NONE', *, *, #33, .T. ) ;
#2225 = EDGE_LOOP ( 'NONE', ( #4043, #1021, #2804, #3642 ) ) ;
#2226 = DIRECTION ( 'NONE',  ( -5.782411586589351229E-17, 0.000000000000000000, 1.000000000000000000 ) ) ;
#2227 = AXIS2_PLACEMENT_3D ( 'NONE', #10564, #3771, #7192 ) ;
#2228 = DIRECTION ( 'NONE',  ( -1.000000000000000000, 0.000000000000000000, -6.938893903907197809E-16 ) ) ;
#2229 = PLANE ( 'NONE',  #4077 ) ;
#2230 = EDGE_CURVE ( 'NONE', #1434, #1110, #2543, .T. ) ;
#2231 = VECTOR ( 'NONE', #3079, 39.37007874015748854 ) ;
#2232 = CARTESIAN_POINT ( 'NONE',  ( -0.7223352850632294153, 0.1771653543307086520, 2.409217752972752535 ) ) ;
#2233 = EDGE_LOOP ( 'NONE', ( #1160, #7612, #9228, #11116 ) ) ;
#2234 = ORIENTED_EDGE ( 'NONE', *, *, #5310, .T. ) ;
#2235 = CARTESIAN_POINT ( 'NONE',  ( -2.011705363803387048, 0.1968503937007874127, -0.2020027194681925098 ) ) ;
#2236 = DIRECTION ( 'NONE',  ( 0.000000000000000000, 0.3420201433256694346, 0.9396926207859080948 ) ) ;
#2237 = EDGE_CURVE ( 'NONE', #8404, #5735, #7000, .T. ) ;
#2238 = LINE ( 'NONE', #7596, #4666 ) ;
#2239 = ORIENTED_EDGE ( 'NONE', *, *, #8299, .T. ) ;
#2240 = DIRECTION ( 'NONE',  ( -8.693903197223926038E-16, 0.3420201433256694346, 0.9396926207859080948 ) ) ;
#2241 = VERTEX_POINT ( 'NONE', #8762 ) ;
#2242 = DIRECTION ( 'NONE',  ( -1.000000000000000000, 0.000000000000000000, -2.312964634635747887E-16 ) ) ;
#2243 = CARTESIAN_POINT ( 'NONE',  ( 1.412077077274214387, 0.1574803149606299191, 0.2748053906353094544 ) ) ;
#2244 = VECTOR ( 'NONE', #4429, 39.37007874015748143 ) ;
#2245 = ORIENTED_EDGE ( 'NONE', *, *, #7715, .T. ) ;
#2246 = LINE ( 'NONE', #5733, #7419 ) ;
#2247 =( GEOMETRIC_REPRESENTATION_CONTEXT ( 3 ) GLOBAL_UNCERTAINTY_ASSIGNED_CONTEXT ( ( #4580 ) ) GLOBAL_UNIT_ASSIGNED_CONTEXT ( ( #8784, #835, #3540 ) ) REPRESENTATION_CONTEXT ( 'NONE', 'WORKASPACE' ) );
#2248 = VERTEX_POINT ( 'NONE', #5219 ) ;
#2249 = EDGE_CURVE ( 'NONE', #4873, #5511, #8824, .T. ) ;
#2250 = EDGE_CURVE ( 'NONE', #4994, #6277, #3460, .T. ) ;
#2251 = CARTESIAN_POINT ( 'NONE',  ( 1.675061507801341776, 0.5905511811023621549, 0.9753522703653394466 ) ) ;
#2252 = AXIS2_PLACEMENT_3D ( 'NONE', #5802, #4998, #5857 ) ;
#2253 = ORIENTED_EDGE ( 'NONE', *, *, #8698, .F. ) ;
#2254 = CARTESIAN_POINT ( 'NONE',  ( -1.518164970235316824, 0.1574803149606299191, -7.022923771394226107E-16 ) ) ;
#2255 = DIRECTION ( 'NONE',  ( 0.000000000000000000, -0.9396926207859080948, 0.3420201433256694346 ) ) ;
#2256 = CARTESIAN_POINT ( 'NONE',  ( -0.01910166514976123844, 0.000000000000000000, 2.409217752972752535 ) ) ;
#2257 =( BOUNDED_CURVE ( )  B_SPLINE_CURVE ( 3, ( #1246, #7252, #2977, #8159 ),
 .UNSPECIFIED., .F., .F. ) 
 B_SPLINE_CURVE_WITH_KNOTS ( ( 4, 4 ),
 ( 1.570796326794896558, 3.141592653589793116 ),
 .UNSPECIFIED. ) 
 CURVE ( )  GEOMETRIC_REPRESENTATION_ITEM ( )  RATIONAL_B_SPLINE_CURVE ( ( 1.000000000000000000, 0.8047378541243649375, 0.8047378541243649375, 1.000000000000000000 ) ) 
 REPRESENTATION_ITEM ( '' )  );
#2258 = EDGE_CURVE ( 'NONE', #4844, #2943, #6107, .T. ) ;
#2259 = FACE_BOUND ( 'NONE', #2689, .T. ) ;
#2260 = CARTESIAN_POINT ( 'NONE',  ( 1.475210875130817042E-17, 0.1574803149606299191, 0.2551203512652306382 ) ) ;
#2261 = AXIS2_PLACEMENT_3D ( 'NONE', #1396, #3161, #6639 ) ;
#2262 = CARTESIAN_POINT ( 'NONE',  ( 1.905617470842284167, 0.1968503937007874127, -1.626215317893389356 ) ) ;
#2263 = CARTESIAN_POINT ( 'NONE',  ( -0.8713874896549199667, 0.1771653543307086520, 1.669614367278699829 ) ) ;
#2264 = PLANE ( 'NONE',  #10332 ) ;
#2265 = ORIENTED_EDGE ( 'NONE', *, *, #706, .F. ) ;
#2266 = CYLINDRICAL_SURFACE ( 'NONE', #7560, 0.01968503937007875723 ) ;
#2267 = ORIENTED_EDGE ( 'NONE', *, *, #8007, .F. ) ;
#2268 = ORIENTED_EDGE ( 'NONE', *, *, #10766, .T. ) ;
#2269 = DIRECTION ( 'NONE',  ( -1.000000000000000000, 0.000000000000000000, -1.156482317317871232E-16 ) ) ;
#2270 = VECTOR ( 'NONE', #3308, 39.37007874015748143 ) ;
#2271 = EDGE_CURVE ( 'NONE', #5828, #5550, #7843, .T. ) ;
#2272 = CARTESIAN_POINT ( 'NONE',  ( 0.03695314000090248185, 0.1574803149606299191, 1.042521926068380234 ) ) ;
#2273 = CYLINDRICAL_SURFACE ( 'NONE', #870, 0.01968503937007875723 ) ;
#2274 = DIRECTION ( 'NONE',  ( -1.156482317317871528E-15, 0.000000000000000000, 1.000000000000000000 ) ) ;
#2275 = DIRECTION ( 'NONE',  ( 0.000000000000000000, 1.000000000000000000, -0.000000000000000000 ) ) ;
#2276 = AXIS2_PLACEMENT_3D ( 'NONE', #7846, #5963, #2492 ) ;
#2277 = LINE ( 'NONE', #5761, #6961 ) ;
#2278 = EDGE_LOOP ( 'NONE', ( #988, #6937, #6044, #10087 ) ) ;
#2279 = ORIENTED_EDGE ( 'NONE', *, *, #9934, .T. ) ;
#2280 = EDGE_CURVE ( 'NONE', #4710, #11064, #139, .T. ) ;
#2281 = DIRECTION ( 'NONE',  ( 2.312964634635742957E-16, -0.000000000000000000, -1.000000000000000000 ) ) ;
#2282 = DIRECTION ( 'NONE',  ( -0.000000000000000000, -1.000000000000000000, -0.000000000000000000 ) ) ;
#2283 = ADVANCED_FACE ( 'NONE', ( #9638 ), #7119, .T. ) ;
#2284 = CARTESIAN_POINT ( 'NONE',  ( 0.000000000000000000, 0.1771653543307086520, -1.645900357263467839 ) ) ;
#2285 = AXIS2_PLACEMENT_3D ( 'NONE', #6634, #3100, #10132 ) ;
#2286 = CARTESIAN_POINT ( 'NONE',  ( -1.365327214277193946, 0.4724409448818898127, 3.929080006889733134 ) ) ;
#2287 = DIRECTION ( 'NONE',  ( -4.625929269271465206E-16, 0.000000000000000000, -1.000000000000000000 ) ) ;
#2288 = LINE ( 'NONE', #3261, #5812 ) ;
#2289 = CARTESIAN_POINT ( 'NONE',  ( -0.1221688404577920273, 0.1507476349739041988, 0.2736182375011737555 ) ) ;
#2290 = ORIENTED_EDGE ( 'NONE', *, *, #5891, .F. ) ;
#2291 = DIRECTION ( 'NONE',  ( -0.000000000000000000, 1.000000000000000000, -0.000000000000000000 ) ) ;
#2292 = ORIENTED_EDGE ( 'NONE', *, *, #7284, .T. ) ;
#2293 = AXIS2_PLACEMENT_3D ( 'NONE', #8536, #7774, #6928 ) ;
#2294 = DIRECTION ( 'NONE',  ( 0.000000000000000000, 0.000000000000000000, 1.000000000000000000 ) ) ;
#2295 = EDGE_CURVE ( 'NONE', #8795, #8978, #2776, .T. ) ;
#2297 = DIRECTION ( 'NONE',  ( -1.000000000000000000, 0.000000000000000000, 0.000000000000000000 ) ) ;
#2296 = VECTOR ( 'NONE', #7085, 39.37007874015748143 ) ;
#2298 = CARTESIAN_POINT ( 'NONE',  ( -1.490051820496299806, 0.000000000000000000, 4.009133739358497373 ) ) ;
#2299 = ORIENTED_EDGE ( 'NONE', *, *, #7667, .F. ) ;
#2300 = ORIENTED_EDGE ( 'NONE', *, *, #10836, .F. ) ;
#2301 = ADVANCED_FACE ( 'NONE', ( #9988 ), #1174, .T. ) ;
#2302 = VECTOR ( 'NONE', #528, 39.37007874015748143 ) ;
#2303 = DIRECTION ( 'NONE',  ( 0.9701425001453318764, 0.000000000000000000, 0.2425356250363331356 ) ) ;
#2304 = ORIENTED_EDGE ( 'NONE', *, *, #7283, .T. ) ;
#2305 = ORIENTED_EDGE ( 'NONE', *, *, #1889, .F. ) ;
#2306 = CARTESIAN_POINT ( 'NONE',  ( -0.7223352850632289712, 0.1771653543307086520, 2.586383107303460882 ) ) ;
#2307 = ADVANCED_FACE ( 'NONE', ( #6371 ), #1288, .F. ) ;
#2308 = DIRECTION ( 'NONE',  ( -0.3236155771181852270, 0.8891264907159878161, -0.3236155771181853380 ) ) ;
#2309 = DIRECTION ( 'NONE',  ( 0.000000000000000000, 1.000000000000000000, 0.000000000000000000 ) ) ;
#2310 = AXIS2_PLACEMENT_3D ( 'NONE', #7777, #5889, #7668 ) ;
#2311 = AXIS2_PLACEMENT_3D ( 'NONE', #8236, #4699, #8181 ) ;
#2312 = DIRECTION ( 'NONE',  ( -0.3420201433256694346, -0.9396926207859080948, 0.000000000000000000 ) ) ;
#2313 =( CONVERSION_BASED_UNIT ( 'INCH', #6711 ) LENGTH_UNIT ( ) NAMED_UNIT ( #10702 ) );
#2314 = LINE ( 'NONE', #5794, #3674 ) ;
#2315 = EDGE_CURVE ( 'NONE', #8959, #3772, #10729, .T. ) ;
#2316 = DIRECTION ( 'NONE',  ( 0.000000000000000000, 0.000000000000000000, 1.000000000000000000 ) ) ;
#2317 = EDGE_CURVE ( 'NONE', #3690, #4696, #8950, .T. ) ;
#2318 = PRODUCT_CONTEXT ( 'NONE', #11083, 'mechanical' ) ;
#2319 = EDGE_LOOP ( 'NONE', ( #3545, #6215 ) ) ;
#2320 = LINE ( 'NONE', #1363, #3752 ) ;
#2321 = EDGE_LOOP ( 'NONE', ( #2004, #3341, #8098, #3425 ) ) ;
#2322 = CARTESIAN_POINT ( 'NONE',  ( 1.431762116644293092, 0.1771653543307086520, 3.972763973577912111 ) ) ;
#2323 = DIRECTION ( 'NONE',  ( 1.000000000000000000, 0.000000000000000000, 4.625929269271465206E-16 ) ) ;
#2324 = LINE ( 'NONE', #765, #3635 ) ;
#2325 = DIRECTION ( 'NONE',  ( 0.000000000000000000, 0.000000000000000000, -1.000000000000000000 ) ) ;
#2326 = CARTESIAN_POINT ( 'NONE',  ( -0.7307633954321685055, 0.1574803149606299191, 1.649929327908621346 ) ) ;
#2327 = EDGE_CURVE ( 'NONE', #8471, #9876, #5631, .T. ) ;
#2328 = EDGE_CURVE ( 'NONE', #4715, #2846, #5395, .T. ) ;
#2329 = CARTESIAN_POINT ( 'NONE',  ( 1.413264230408350031, 0.1507476349739041432, 0.8833999456096859326 ) ) ;
#2330 = ORIENTED_EDGE ( 'NONE', *, *, #4805, .F. ) ;
#2331 = ORIENTED_EDGE ( 'NONE', *, *, #8986, .F. ) ;
#2332 = FACE_BOUND ( 'NONE', #5480, .T. ) ;
#2333 = ORIENTED_EDGE ( 'NONE', *, *, #4072, .T. ) ;
#2334 = DIRECTION ( 'NONE',  ( -0.3420201433256694346, -0.9396926207859080948, 0.000000000000000000 ) ) ;
#2335 = CARTESIAN_POINT ( 'NONE',  ( -1.253831348055354900, 0.000000000000000000, -0.2020027194681927596 ) ) ;
#2336 = DIRECTION ( 'NONE',  ( -0.000000000000000000, -1.000000000000000000, 0.000000000000000000 ) ) ;
#2337 = DIRECTION ( 'NONE',  ( 0.000000000000000000, 0.000000000000000000, 1.000000000000000000 ) ) ;
#2338 = ORIENTED_EDGE ( 'NONE', *, *, #3847, .F. ) ;
#2339 = EDGE_LOOP ( 'NONE', ( #2591, #6975, #5921, #9545 ) ) ;
#2340 = CARTESIAN_POINT ( 'NONE',  ( 1.412476843887679356, 0.1529109616598305355, 1.042122159454915709 ) ) ;
#2341 = CARTESIAN_POINT ( 'NONE',  ( -0.7223352850632293043, 0.1507476349739040877, 1.651116481042756767 ) ) ;
#2342 = CARTESIAN_POINT ( 'NONE',  ( 0.04538125036984175242, 0.000000000000000000, 1.754183656350787546 ) ) ;
#2343 = ORIENTED_EDGE ( 'NONE', *, *, #8930, .F. ) ;
#2344 = CARTESIAN_POINT ( 'NONE',  ( 1.412077077274214387, 0.1574803149606299191, 0.000000000000000000 ) ) ;
#2345 = ADVANCED_FACE ( 'NONE', ( #6315 ), #4603, .T. ) ;
#2346 = ORIENTED_EDGE ( 'NONE', *, *, #9012, .F. ) ;
#2347 = AXIS2_PLACEMENT_3D ( 'NONE', #5911, #656, #11069 ) ;
#2348 = CARTESIAN_POINT ( 'NONE',  ( -0.7319505485663042599, 0.1507476349739041155, 1.651116481042756767 ) ) ;
#2349 = ORIENTED_EDGE ( 'NONE', *, *, #985, .T. ) ;
#2350 = DIRECTION ( 'NONE',  ( -1.156482317317871528E-15, 0.000000000000000000, 1.000000000000000000 ) ) ;
#2351 = VERTEX_POINT ( 'NONE', #9818 ) ;
#2352 = VECTOR ( 'NONE', #3838, 39.37007874015748143 ) ;
#2353 = EDGE_CURVE ( 'NONE', #1281, #5730, #8082, .T. ) ;
#2354 = CARTESIAN_POINT ( 'NONE',  ( -0.7307633954321682834, 0.1690115440477737707, 3.185362398774762571 ) ) ;
#2355 = EDGE_LOOP ( 'NONE', ( #10442, #3517, #3538, #11317 ) ) ;
#2356 = EDGE_CURVE ( 'NONE', #2445, #2573, #4524, .T. ) ;
#2357 = ORIENTED_EDGE ( 'NONE', *, *, #10062, .F. ) ;
#2358 = CARTESIAN_POINT ( 'NONE',  ( -2.504880698959022168E-16, 0.1771653543307086520, -2.039601144665043275 ) ) ;
#2359 = ADVANCED_FACE ( 'NONE', ( #9882 ), #9941, .T. ) ;
#2360 = CARTESIAN_POINT ( 'NONE',  ( -0.8910725290249985608, 0.1574803149606299191, 2.577954996934521681 ) ) ;
#2361 = LINE ( 'NONE', #10366, #3406 ) ;
#2362 = AXIS2_PLACEMENT_3D ( 'NONE', #2204, #9404, #1359 ) ;
#2363 = VECTOR ( 'NONE', #3782, 39.37007874015748143 ) ;
#2364 = CARTESIAN_POINT ( 'NONE',  ( 0.8130977858029125871, 0.1771653543307086520, 3.176934288405823370 ) ) ;
#2365 = EDGE_CURVE ( 'NONE', #3909, #2039, #6489, .T. ) ;
#2366 = VERTEX_POINT ( 'NONE', #5689 ) ;
#2367 = VECTOR ( 'NONE', #7675, 39.37007874015748143 ) ;
#2368 = AXIS2_PLACEMENT_3D ( 'NONE', #2824, #7946, #7095 ) ;
#2369 = DIRECTION ( 'NONE',  ( 0.000000000000000000, 1.000000000000000000, 0.000000000000000000 ) ) ;
#2370 = DIRECTION ( 'NONE',  ( 1.000000000000000000, -0.000000000000000000, -0.000000000000000000 ) ) ;
#2371 =( NAMED_UNIT ( * ) PLANE_ANGLE_UNIT ( ) SI_UNIT ( $, .RADIAN. ) );
#2372 = ORIENTED_EDGE ( 'NONE', *, *, #6521, .F. ) ;
#2373 = DIRECTION ( 'NONE',  ( 0.000000000000000000, -1.000000000000000000, 0.000000000000000000 ) ) ;
#2374 = PLANE ( 'NONE',  #3029 ) ;
#2375 = AXIS2_PLACEMENT_3D ( 'NONE', #8228, #9907, #2061 ) ;
#2376 = VERTEX_POINT ( 'NONE', #3173 ) ;
#2377 = CARTESIAN_POINT ( 'NONE',  ( -0.8601305606537800186, -0.2952755905511810774, -0.2020027194681925098 ) ) ;
#2378 = CARTESIAN_POINT ( 'NONE',  ( 2.043412746432833327, 0.5905511811023621549, -1.901805869074492339 ) ) ;
#2379 = ADVANCED_FACE ( 'NONE', ( #6544 ), #9125, .F. ) ;
#2380 = EDGE_CURVE ( 'NONE', #9932, #4610, #3396, .T. ) ;
#2381 = DIRECTION ( 'NONE',  ( -0.9396926207859080948, 0.3420201433256694346, 0.000000000000000000 ) ) ;
#2382 = CARTESIAN_POINT ( 'NONE',  ( 0.6525143521240781563, 0.1771653543307086520, 0.2666515803523745176 ) ) ;
#2383 = VECTOR ( 'NONE', #6999, 39.37007874015748854 ) ;
#2384 = CARTESIAN_POINT ( 'NONE',  ( -0.8713874896549199667, 0.1771653543307086520, 3.972763973577912555 ) ) ;
#2385 = LINE ( 'NONE', #4216, #8057 ) ;
#2386 = ORIENTED_EDGE ( 'NONE', *, *, #2826, .F. ) ;
#2387 = ORIENTED_EDGE ( 'NONE', *, *, #2466, .T. ) ;
#2388 = FACE_OUTER_BOUND ( 'NONE', #6949, .T. ) ;
#2389 = ORIENTED_EDGE ( 'NONE', *, *, #1055, .T. ) ;
#2390 = CARTESIAN_POINT ( 'NONE',  ( 0.6640455812112220357, 0.1771653543307086520, 2.558269957564442976 ) ) ;
#2391 = VERTEX_POINT ( 'NONE', #9072 ) ;
#2392 = LINE ( 'NONE', #725, #6376 ) ;
#2393 = SURFACE_STYLE_USAGE ( .BOTH. , #10975 ) ;
#2394 = FACE_OUTER_BOUND ( 'NONE', #4900, .T. ) ;
#2395 = VERTEX_POINT ( 'NONE', #4774 ) ;
#2396 = ORIENTED_EDGE ( 'NONE', *, *, #6778, .F. ) ;
#2397 = PLANE ( 'NONE',  #3633 ) ;
#2398 = CARTESIAN_POINT ( 'NONE',  ( -0.7389172057151033313, 0.1771653543307086520, 3.337517722084657912 ) ) ;
#2399 = ORIENTED_EDGE ( 'NONE', *, *, #7026, .T. ) ;
#2400 = LINE ( 'NONE', #1547, #536 ) ;
#2401 =( BOUNDED_CURVE ( )  B_SPLINE_CURVE ( 3, ( #4798, #6567, #1203, #9096 ),
 .UNSPECIFIED., .F., .F. ) 
 B_SPLINE_CURVE_WITH_KNOTS ( ( 4, 4 ),
 ( 2.792526803190936935, 3.141592653589793116 ),
 .UNSPECIFIED. ) 
 CURVE ( )  GEOMETRIC_REPRESENTATION_ITEM ( )  RATIONAL_B_SPLINE_CURVE ( ( 1.000000000000000000, 0.9898718353414726057, 0.9898718353414726057, 1.000000000000000000 ) ) 
 REPRESENTATION_ITEM ( '' )  );
#2402 = FACE_BOUND ( 'NONE', #8068, .T. ) ;
#2403 = VERTEX_POINT ( 'NONE', #5740 ) ;
#2404 = AXIS2_PLACEMENT_3D ( 'NONE', #716, #6621, #10119 ) ;
#2405 = LINE ( 'NONE', #10189, #6468 ) ;
#2406 = DIRECTION ( 'NONE',  ( -0.000000000000000000, -1.000000000000000000, -0.000000000000000000 ) ) ;
#2407 = VECTOR ( 'NONE', #8368, 39.37007874015748143 ) ;
#2408 = EDGE_CURVE ( 'NONE', #91, #3951, #3872, .T. ) ;
#2409 = CARTESIAN_POINT ( 'NONE',  ( -0.7319505485663041489, 0.1507476349739041155, 3.186549551908898437 ) ) ;
#2410 = AXIS2_PLACEMENT_3D ( 'NONE', #10973, #10178, #6625 ) ;
#2411 = VERTEX_POINT ( 'NONE', #10042 ) ;
#2412 = CARTESIAN_POINT ( 'NONE',  ( -0.8910725290249985608, 0.1574803149606299191, 2.577954996934521681 ) ) ;
#2413 = CARTESIAN_POINT ( 'NONE',  ( -1.118385876196545374E-15, 0.1574803149606299191, 2.417645863341691292 ) ) ;
#2414 = EDGE_CURVE ( 'NONE', #3465, #6803, #8260, .T. ) ;
#2415 = FACE_OUTER_BOUND ( 'NONE', #3801, .T. ) ;
#2416 = SHAPE_REPRESENTATION ( 'Calculator_Body_V2', ( #8599 ), #5698 ) ;
#2417 = AXIS2_PLACEMENT_3D ( 'NONE', #7906, #6133, #6321 ) ;
#2418 = EDGE_CURVE ( 'NONE', #1654, #175, #8149, .T. ) ;
#2419 = EDGE_LOOP ( 'NONE', ( #9806, #3915, #11200, #4267 ) ) ;
#2420 = DIRECTION ( 'NONE',  ( 0.000000000000000000, 0.000000000000000000, -1.000000000000000000 ) ) ;
#2421 = EDGE_LOOP ( 'NONE', ( #3422, #5015, #3508, #9668 ) ) ;
#2422 = VECTOR ( 'NONE', #8714, 39.37007874015748143 ) ;
#2423 = CARTESIAN_POINT ( 'NONE',  ( 7.723517969990729201E-16, 0.1771653543307086520, 1.669614367278699829 ) ) ;
#2424 = CARTESIAN_POINT ( 'NONE',  ( -0.1036709542218490210, 0.1771653543307086520, 3.205047438144841276 ) ) ;
#2425 = CARTESIAN_POINT ( 'NONE',  ( 0.7486148702833095303, 0.000000000000000000, 0.9382675976262138118 ) ) ;
#2426 = DIRECTION ( 'NONE',  ( 0.000000000000000000, 0.9396926207859080948, 0.3420201433256694346 ) ) ;
#2427 = DIRECTION ( 'NONE',  ( 0.000000000000000000, 0.000000000000000000, 1.000000000000000000 ) ) ;
#2428 = ORIENTED_EDGE ( 'NONE', *, *, #3165, .T. ) ;
#2429 = CARTESIAN_POINT ( 'NONE',  ( 0.03695314000090290513, 0.1574803149606299191, 3.345671532367592516 ) ) ;
#2430 = ADVANCED_FACE ( 'NONE', ( #3976 ), #9241, .F. ) ;
#2431 = CARTESIAN_POINT ( 'NONE',  ( 0.000000000000000000, 0.1771653543307086520, 2.558269957564442976 ) ) ;
#2432 = CARTESIAN_POINT ( 'NONE',  ( 1.747168107202559773, 0.5905511811023621549, 1.077862474882602006 ) ) ;
#2433 = CIRCLE ( 'NONE', #3919, 0.09842519685039378963 ) ;
#2434 = ORIENTED_EDGE ( 'NONE', *, *, #3574, .F. ) ;
#2435 = VERTEX_POINT ( 'NONE', #7404 ) ;
#2436 = VERTEX_POINT ( 'NONE', #8304 ) ;
#2437 = CARTESIAN_POINT ( 'NONE',  ( -0.8910725290249986719, 0.1574803149606299191, 3.953078934207833850 ) ) ;
#2438 = EDGE_CURVE ( 'NONE', #1206, #8494, #216, .T. ) ;
#2439 = DIRECTION ( 'NONE',  ( 0.000000000000000000, -1.000000000000000000, 0.000000000000000000 ) ) ;
#2440 = CARTESIAN_POINT ( 'NONE',  ( -0.1221688404577920273, 0.1507476349739041988, 2.418833016475827602 ) ) ;
#2441 = AXIS2_PLACEMENT_3D ( 'NONE', #7670, #5038, #3176 ) ;
#2442 = CARTESIAN_POINT ( 'NONE',  ( -0.1317841039608669551, 0.1771653543307086520, 3.354099642736532161 ) ) ;
#2443 = DIRECTION ( 'NONE',  ( 1.000000000000000000, -0.000000000000000000, -0.000000000000000000 ) ) ;
#2444 = FACE_OUTER_BOUND ( 'NONE', #1362, .T. ) ;
#2445 = VERTEX_POINT ( 'NONE', #479 ) ;
#2446 = EDGE_LOOP ( 'NONE', ( #7163, #2016, #5717, #6456 ) ) ;
#2447 = ADVANCED_FACE ( 'NONE', ( #10939 ), #8202, .F. ) ;
#2448 = DIRECTION ( 'NONE',  ( 0.000000000000000000, -1.000000000000000000, 0.000000000000000000 ) ) ;
#2449 = AXIS2_PLACEMENT_3D ( 'NONE', #9227, #10988, #5571 ) ;
#2450 = ORIENTED_EDGE ( 'NONE', *, *, #986, .F. ) ;
#2451 = CARTESIAN_POINT ( 'NONE',  ( 1.412476843887679356, 0.1529109616598305632, 2.418045629955156262 ) ) ;
#2452 = ORIENTED_EDGE ( 'NONE', *, *, #7040, .F. ) ;
#2453 = CARTESIAN_POINT ( 'NONE',  ( 0.7849846360638953469, 0.1574803149606299191, 1.815641701948199236E-16 ) ) ;
#2454 = DIRECTION ( 'NONE',  ( 0.000000000000000000, -1.000000000000000000, 0.000000000000000000 ) ) ;
#2455 =( BOUNDED_CURVE ( )  B_SPLINE_CURVE ( 3, ( #2243, #7500, #2081, #2953 ),
 .UNSPECIFIED., .F., .T. ) 
 B_SPLINE_CURVE_WITH_KNOTS ( ( 4, 4 ),
 ( 0.000000000000000000, 1.570796326794896558 ),
 .UNSPECIFIED. ) 
 CURVE ( )  GEOMETRIC_REPRESENTATION_ITEM ( )  RATIONAL_B_SPLINE_CURVE ( ( 1.000000000000000000, 0.8047378541243649375, 0.8047378541243649375, 1.000000000000000000 ) ) 
 REPRESENTATION_ITEM ( '' )  );
#2456 = CYLINDRICAL_SURFACE ( 'NONE', #1803, 0.01968503937007873988 ) ;
#2457 = EDGE_LOOP ( 'NONE', ( #8524, #5704, #3563, #4712 ) ) ;
#2458 = ORIENTED_EDGE ( 'NONE', *, *, #943, .F. ) ;
#2459 = AXIS2_PLACEMENT_3D ( 'NONE', #7568, #10272, #4204 ) ;
#2460 = CYLINDRICAL_SURFACE ( 'NONE', #7290, 0.01968503937007875723 ) ;
#2461 = CYLINDRICAL_SURFACE ( 'NONE', #8660, 0.01968503937007875723 ) ;
#2462 = EDGE_LOOP ( 'NONE', ( #8913, #670, #9765, #2870 ) ) ;
#2463 = CARTESIAN_POINT ( 'NONE',  ( 1.559627917323826551, 2.287311901041906737, -0.3988531131689802001 ) ) ;
#2464 = CYLINDRICAL_SURFACE ( 'NONE', #4850, 0.01968503937007875723 ) ;
#2465 = ORIENTED_EDGE ( 'NONE', *, *, #7790, .F. ) ;
#2466 = EDGE_CURVE ( 'NONE', #3399, #1911, #8354, .T. ) ;
#2467 = CARTESIAN_POINT ( 'NONE',  ( -0.01910166514976116905, -1.707404996040164512E-17, 0.9864671209177166000 ) ) ;
#2468 = FACE_OUTER_BOUND ( 'NONE', #10055, .T. ) ;
#2469 = AXIS2_PLACEMENT_3D ( 'NONE', #7514, #10941, #3120 ) ;
#2470 = CARTESIAN_POINT ( 'NONE',  ( 0.6640455812112221468, 0.1771653543307086520, 2.437330902711770886 ) ) ;
#2471 = DIRECTION ( 'NONE',  ( 1.000000000000000000, -0.000000000000000000, -0.000000000000000000 ) ) ;
#2472 =( BOUNDED_CURVE ( )  B_SPLINE_CURVE ( 3, ( #9708, #8715, #4492, #10561 ),
 .UNSPECIFIED., .F., .T. ) 
 B_SPLINE_CURVE_WITH_KNOTS ( ( 4, 4 ),
 ( 3.141592653589793116, 3.490658503988663952 ),
 .UNSPECIFIED. ) 
 CURVE ( )  GEOMETRIC_REPRESENTATION_ITEM ( )  RATIONAL_B_SPLINE_CURVE ( ( 1.000000000000000000, 0.9898718353414717175, 0.9898718353414717175, 1.000000000000000000 ) ) 
 REPRESENTATION_ITEM ( '' )  );
#2473 = CARTESIAN_POINT ( 'NONE',  ( -0.8910725290249985608, 0.1574803149606299191, 1.810238461501450846 ) ) ;
#2474 = AXIS2_PLACEMENT_3D ( 'NONE', #7033, #7937, #1778 ) ;
#2475 = VECTOR ( 'NONE', #8732, 39.37007874015748143 ) ;
#2476 = ORIENTED_EDGE ( 'NONE', *, *, #3228, .T. ) ;
#2477 = CARTESIAN_POINT ( 'NONE',  ( 1.925302510212362650, 0.000000000000000000, -1.882120829704413190 ) ) ;
#2478 = CYLINDRICAL_SURFACE ( 'NONE', #7241, 0.01968503937007875723 ) ;
#2479 = VECTOR ( 'NONE', #3519, 39.37007874015748143 ) ;
#2480 = ORIENTED_EDGE ( 'NONE', *, *, #9407, .T. ) ;
#2481 = DIRECTION ( 'NONE',  ( 1.000000000000000000, 0.000000000000000000, 4.625929269271465206E-16 ) ) ;
#2482 = ORIENTED_EDGE ( 'NONE', *, *, #10845, .F. ) ;
#2483 = DIRECTION ( 'NONE',  ( 0.000000000000000000, 0.000000000000000000, 1.000000000000000000 ) ) ;
#2484 = EDGE_CURVE ( 'NONE', #11254, #4148, #10996, .T. ) ;
#2485 = DIRECTION ( 'NONE',  ( -0.3420201433256694346, -0.9396926207859080948, 0.000000000000000000 ) ) ;
#2486 = CYLINDRICAL_SURFACE ( 'NONE', #3869, 0.01968503937007873988 ) ;
#2487 = DIRECTION ( 'NONE',  ( -1.000000000000000000, 0.000000000000000000, 0.000000000000000000 ) ) ;
#2488 = VECTOR ( 'NONE', #2134, 39.37007874015748143 ) ;
#2489 = ADVANCED_FACE ( 'NONE', ( #5790 ), #320, .T. ) ;
#2490 = VERTEX_POINT ( 'NONE', #7289 ) ;
#2491 = CARTESIAN_POINT ( 'NONE',  ( 1.431762116644293092, 0.1771653543307086520, 2.437330902711770886 ) ) ;
#2492 = DIRECTION ( 'NONE',  ( 0.000000000000000000, 0.000000000000000000, -1.000000000000000000 ) ) ;
#2493 = ORIENTED_EDGE ( 'NONE', *, *, #9000, .T. ) ;
#2494 = ORIENTED_EDGE ( 'NONE', *, *, #7465, .F. ) ;
#2495 = ORIENTED_EDGE ( 'NONE', *, *, #628, .F. ) ;
#2496 = CARTESIAN_POINT ( 'NONE',  ( -0.1233559935919276984, 0.1690115440477737152, 0.2748053906353093989 ) ) ;
#2497 = LINE ( 'NONE', #9306, #3527 ) ;
#2498 = VECTOR ( 'NONE', #4919, 39.37007874015748143 ) ;
#2499 = CARTESIAN_POINT ( 'NONE',  ( 0.8130977858029123650, 0.000000000000000000, 1.754183656350787546 ) ) ;
#2500 = EDGE_CURVE ( 'NONE', #5787, #6719, #480, .T. ) ;
#2501 = CARTESIAN_POINT ( 'NONE',  ( 1.431762116644293092, 0.1771653543307086520, 3.325986492997513810 ) ) ;
#2502 = PLANE ( 'NONE',  #10958 ) ;
#2503 = FACE_OUTER_BOUND ( 'NONE', #7148, .T. ) ;
#2504 = ORIENTED_EDGE ( 'NONE', *, *, #3228, .F. ) ;
#2505 = ORIENTED_EDGE ( 'NONE', *, *, #10482, .T. ) ;
#2506 = EDGE_CURVE ( 'NONE', #11021, #8404, #9942, .T. ) ;
#2507 = CARTESIAN_POINT ( 'NONE',  ( -0.8995006393939379841, 0.1771653543307086520, 3.176934288405823370 ) ) ;
#2508 = CARTESIAN_POINT ( 'NONE',  ( -1.814854970102598219, 0.5905511811023621549, 4.121816178169601663 ) ) ;
#2509 = VERTEX_POINT ( 'NONE', #10203 ) ;
#2510 = DIRECTION ( 'NONE',  ( -0.000000000000000000, 1.000000000000000000, -0.000000000000000000 ) ) ;
#2511 = DIRECTION ( 'NONE',  ( -0.000000000000000000, 1.000000000000000000, -0.000000000000000000 ) ) ;
#2512 = CARTESIAN_POINT ( 'NONE',  ( -1.518164970235317712, 0.1574803149606299191, -7.022923771394230051E-16 ) ) ;
#2513 = VERTEX_POINT ( 'NONE', #8458 ) ;
#2514 = VERTEX_POINT ( 'NONE', #9453 ) ;
#2515 = ADVANCED_FACE ( 'NONE', ( #2589 ), #2478, .T. ) ;
#2516 = FACE_OUTER_BOUND ( 'NONE', #5016, .T. ) ;
#2517 = CARTESIAN_POINT ( 'NONE',  ( -1.518164970235317934, 0.1574803149606299191, 0.000000000000000000 ) ) ;
#2518 = EDGE_LOOP ( 'NONE', ( #2743, #7523, #6020, #8104 ) ) ;
#2519 = CARTESIAN_POINT ( 'NONE',  ( -1.118385876196545965E-15, 0.1574803149606299191, 2.417645863341692181 ) ) ;
#2520 = FACE_OUTER_BOUND ( 'NONE', #3046, .T. ) ;
#2521 = ORIENTED_EDGE ( 'NONE', *, *, #10724, .T. ) ;
#2522 = DIRECTION ( 'NONE',  ( -1.000000000000000000, 0.000000000000000000, -0.000000000000000000 ) ) ;
#2523 = ORIENTED_EDGE ( 'NONE', *, *, #8031, .F. ) ;
#2524 = LINE ( 'NONE', #3327, #2498 ) ;
#2525 = DIRECTION ( 'NONE',  ( 1.000000000000000000, -0.000000000000000000, 0.000000000000000000 ) ) ;
#2526 = FACE_BOUND ( 'NONE', #9657, .T. ) ;
#2527 = EDGE_CURVE ( 'NONE', #3951, #6845, #10427, .T. ) ;
#2528 = ADVANCED_FACE ( 'NONE', ( #1562 ), #4244, .F. ) ;
#2529 = LINE ( 'NONE', #9394, #1289 ) ;
#2530 = AXIS2_PLACEMENT_3D ( 'NONE', #2214, #9090, #10856 ) ;
#2531 = ORIENTED_EDGE ( 'NONE', *, *, #8196, .T. ) ;
#2532 = CARTESIAN_POINT ( 'NONE',  ( -0.8910725290249980057, 0.1574803149606299191, -2.061019246530251858E-16 ) ) ;
#2533 = CARTESIAN_POINT ( 'NONE',  ( 0.7849846360638944587, 0.1771653543307086520, 1.790553422131372141 ) ) ;
#2534 = VERTEX_POINT ( 'NONE', #9398 ) ;
#2535 = VECTOR ( 'NONE', #3725, 39.37007874015748143 ) ;
#2536 = AXIS2_PLACEMENT_3D ( 'NONE', #268, #1985, #7245 ) ;
#2537 = ORIENTED_EDGE ( 'NONE', *, *, #9070, .T. ) ;
#2538 = CARTESIAN_POINT ( 'NONE',  ( 0.03695314000090243328, 0.1574803149606299191, 0.8822127924755501782 ) ) ;
#2539 = CYLINDRICAL_SURFACE ( 'NONE', #8376, 0.01968503937007875723 ) ;
#2540 = DIRECTION ( 'NONE',  ( 0.000000000000000000, 0.000000000000000000, -1.000000000000000000 ) ) ;
#2541 = VECTOR ( 'NONE', #1570, 39.37007874015748143 ) ;
#2542 = LINE ( 'NONE', #6015, #2962 ) ;
#2543 = LINE ( 'NONE', #811, #6318 ) ;
#2544 = AXIS2_PLACEMENT_3D ( 'NONE', #9202, #1370, #1315 ) ;
#2545 = DIRECTION ( 'NONE',  ( 0.000000000000000000, 0.000000000000000000, -1.000000000000000000 ) ) ;
#2546 = LINE ( 'NONE', #9642, #7217 ) ;
#2547 = VERTEX_POINT ( 'NONE', #6819 ) ;
#2548 = CYLINDRICAL_SURFACE ( 'NONE', #6796, 0.09448818897637797920 ) ;
#2549 = AXIS2_PLACEMENT_3D ( 'NONE', #8291, #2180, #1274 ) ;
#2550 =( BOUNDED_CURVE ( )  B_SPLINE_CURVE ( 3, ( #10865, #1266, #8981, #8124 ),
 .UNSPECIFIED., .F., .F. ) 
 B_SPLINE_CURVE_WITH_KNOTS ( ( 4, 4 ),
 ( 3.141592653589793116, 3.490658503988653738 ),
 .UNSPECIFIED. ) 
 CURVE ( )  GEOMETRIC_REPRESENTATION_ITEM ( )  RATIONAL_B_SPLINE_CURVE ( ( 1.000000000000000000, 0.9898718353414723836, 0.9898718353414723836, 1.000000000000000000 ) ) 
 REPRESENTATION_ITEM ( '' )  );
#2551 = EDGE_CURVE ( 'NONE', #4941, #2209, #4135, .T. ) ;
#2552 = LINE ( 'NONE', #4262, #11283 ) ;
#2553 = DIRECTION ( 'NONE',  ( -1.000000000000000000, 0.000000000000000000, 0.000000000000000000 ) ) ;
#2554 = DIRECTION ( 'NONE',  ( -0.000000000000000000, -1.000000000000000000, -0.000000000000000000 ) ) ;
#2555 = CARTESIAN_POINT ( 'NONE',  ( -0.6604886068623220252, 0.3470877061559770604, 3.882804145637986704 ) ) ;
#2556 = FACE_OUTER_BOUND ( 'NONE', #2085, .T. ) ;
#2557 = VERTEX_POINT ( 'NONE', #6062 ) ;
#2558 = VECTOR ( 'NONE', #769, 39.37007874015748143 ) ;
#2559 = CARTESIAN_POINT ( 'NONE',  ( 0.000000000000000000, 0.1574803149606299191, 1.790553422131372141 ) ) ;
#2560 = ORIENTED_EDGE ( 'NONE', *, *, #8655, .T. ) ;
#2561 = EDGE_CURVE ( 'NONE', #6731, #5427, #3427, .T. ) ;
#2562 = DIRECTION ( 'NONE',  ( 0.000000000000000000, 0.9396926207859080948, 0.3420201433256694346 ) ) ;
#2563 = FACE_OUTER_BOUND ( 'NONE', #7449, .T. ) ;
#2564 = FACE_OUTER_BOUND ( 'NONE', #883, .T. ) ;
#2565 = EDGE_CURVE ( 'NONE', #6182, #4105, #2361, .T. ) ;
#2566 = DIRECTION ( 'NONE',  ( -0.3236155771181853380, 0.8891264907159880382, -0.3236155771181850604 ) ) ;
#2567 = ORIENTED_EDGE ( 'NONE', *, *, #7656, .T. ) ;
#2568 = ORIENTED_EDGE ( 'NONE', *, *, #8123, .T. ) ;
#2569 = EDGE_CURVE ( 'NONE', #8466, #2534, #11230, .T. ) ;
#2570 = EDGE_LOOP ( 'NONE', ( #564, #5919, #2030, #7437 ) ) ;
#2571 = CARTESIAN_POINT ( 'NONE',  ( -1.499667083999374873, 0.1507476349739040600, 3.954266087341969271 ) ) ;
#2572 = CARTESIAN_POINT ( 'NONE',  ( -1.506633741148174499, 0.1771653543307086520, 1.034368115785445408 ) ) ;
#2573 = VERTEX_POINT ( 'NONE', #4297 ) ;
#2574 = CARTESIAN_POINT ( 'NONE',  ( -0.1233559935919276984, 0.1551781507868631171, 1.810238461501450624 ) ) ;
#2575 = DIRECTION ( 'NONE',  ( 0.000000000000000000, -0.000000000000000000, 1.000000000000000000 ) ) ;
#2576 = VERTEX_POINT ( 'NONE', #1502 ) ;
#2577 = LINE ( 'NONE', #4343, #7552 ) ;
#2578 = EDGE_LOOP ( 'NONE', ( #10598, #7707, #5334, #10578 ) ) ;
#2579 = CARTESIAN_POINT ( 'NONE',  ( -0.8910725290249985608, 0.1690115440477737152, 0.2748053906353095099 ) ) ;
#2580 = AXIS2_PLACEMENT_3D ( 'NONE', #8933, #7951, #123 ) ;
#2581 = EDGE_CURVE ( 'NONE', #4536, #2851, #11162, .T. ) ;
#2582 = CARTESIAN_POINT ( 'NONE',  ( -1.838012277137266892, 0.000000000000000000, 1.070234996814104500 ) ) ;
#2583 = CARTESIAN_POINT ( 'NONE',  ( -1.518164970235317934, 0.1771653543307086520, 0.000000000000000000 ) ) ;
#2584 = EDGE_CURVE ( 'NONE', #1144, #6772, #108, .T. ) ;
#2585 = DIRECTION ( 'NONE',  ( 1.156482317317870985E-16, -0.000000000000000000, -1.000000000000000000 ) ) ;
#2586 = VECTOR ( 'NONE', #3648, 39.37007874015748143 ) ;
#2587 = ORIENTED_EDGE ( 'NONE', *, *, #2581, .T. ) ;
#2588 = LINE ( 'NONE', #5948, #3877 ) ;
#2589 = FACE_OUTER_BOUND ( 'NONE', #5680, .T. ) ;
#2590 = ADVANCED_FACE ( 'NONE', ( #9343 ), #3451, .T. ) ;
#2591 = ORIENTED_EDGE ( 'NONE', *, *, #681, .F. ) ;
#2592 = ORIENTED_EDGE ( 'NONE', *, *, #3640, .F. ) ;
#2593 = VERTEX_POINT ( 'NONE', #11102 ) ;
#2595 = ORIENTED_EDGE ( 'NONE', *, *, #6963, .F. ) ;
#2594 = VECTOR ( 'NONE', #7368, 39.37007874015748143 ) ;
#2596 = FACE_OUTER_BOUND ( 'NONE', #2077, .T. ) ;
#2597 = CARTESIAN_POINT ( 'NONE',  ( -1.518164970235318156, 0.1771653543307086520, 1.669614367278700051 ) ) ;
#2598 = PLANE ( 'NONE',  #7327 ) ;
#2599 = DIRECTION ( 'NONE',  ( 0.000000000000000000, 0.9396926207859080948, 0.3420201433256694346 ) ) ;
#2600 = CARTESIAN_POINT ( 'NONE',  ( -1.498479930865239229, 0.1574803149606299191, 3.345671532367592516 ) ) ;
#2601 = EDGE_CURVE ( 'NONE', #3666, #11169, #3278, .T. ) ;
#2602 = CARTESIAN_POINT ( 'NONE',  ( 1.462704085015511524, -0.2952755905511810774, 4.013548461634169229 ) ) ;
#2603 = VECTOR ( 'NONE', #4834, 39.37007874015748143 ) ;
#2604 = ORIENTED_EDGE ( 'NONE', *, *, #3124, .T. ) ;
#2605 = ORIENTED_EDGE ( 'NONE', *, *, #2157, .F. ) ;
#2606 = CARTESIAN_POINT ( 'NONE',  ( -0.1233559935919276845, 0.1574803149606299191, 0.2748053906353094544 ) ) ;
#2607 = DIRECTION ( 'NONE',  ( 9.251858538542930412E-16, 0.000000000000000000, -1.000000000000000000 ) ) ;
#2608 = CARTESIAN_POINT ( 'NONE',  ( 0.7849846360638947917, 0.1771653543307086520, 2.558269957564442976 ) ) ;
#2609 = ORIENTED_EDGE ( 'NONE', *, *, #3436, .T. ) ;
#2610 = CYLINDRICAL_SURFACE ( 'NONE', #699, 0.01968503937007873988 ) ;
#2611 = DIRECTION ( 'NONE',  ( 0.000000000000000000, 0.000000000000000000, -1.000000000000000000 ) ) ;
#2612 = AXIS2_PLACEMENT_3D ( 'NONE', #8910, #1074, #4565 ) ;
#2613 = CARTESIAN_POINT ( 'NONE',  ( 1.431762116644293092, 0.1574803149606299191, 0.000000000000000000 ) ) ;
#2614 = ORIENTED_EDGE ( 'NONE', *, *, #1042, .F. ) ;
#2615 = CARTESIAN_POINT ( 'NONE',  ( 2.181208022023385595, 0.5905511811023621549, -1.004824633837119412E-15 ) ) ;
#2616 = EDGE_CURVE ( 'NONE', #8417, #6643, #6704, .T. ) ;
#2617 = ADVANCED_FACE ( 'NONE', ( #7722 ), #6759, .T. ) ;
#2618 = CARTESIAN_POINT ( 'NONE',  ( 0.04538125036984216182, 0.1507476349739040877, 3.344484379233457094 ) ) ;
#2619 =( BOUNDED_CURVE ( )  B_SPLINE_CURVE ( 3, ( #411, #7389, #4703, #4758 ),
 .UNSPECIFIED., .F., .T. ) 
 B_SPLINE_CURVE_WITH_KNOTS ( ( 4, 4 ),
 ( 0.000000000000000000, 1.570796326794896558 ),
 .UNSPECIFIED. ) 
 CURVE ( )  GEOMETRIC_REPRESENTATION_ITEM ( )  RATIONAL_B_SPLINE_CURVE ( ( 1.000000000000000000, 0.8047378541243649375, 0.8047378541243649375, 1.000000000000000000 ) ) 
 REPRESENTATION_ITEM ( '' )  );
#2620 = CARTESIAN_POINT ( 'NONE',  ( 0.8042699088205093050, 0.1529109616598305355, 3.345271765754127991 ) ) ;
#2621 = DIRECTION ( 'NONE',  ( 0.000000000000000000, 0.9396926207859080948, 0.3420201433256694346 ) ) ;
#2622 = CARTESIAN_POINT ( 'NONE',  ( -0.8910725290249985608, 0.1574803149606299191, 1.042521926068380234 ) ) ;
#2623 = ORIENTED_EDGE ( 'NONE', *, *, #9634, .F. ) ;
#2624 = ORIENTED_EDGE ( 'NONE', *, *, #6222, .T. ) ;
#2625 = CARTESIAN_POINT ( 'NONE',  ( -0.1233559935919276984, 0.1551781507868631171, 0.2748053906353093989 ) ) ;
#2626 = CARTESIAN_POINT ( 'NONE',  ( 0.000000000000000000, 0.1771653543307086520, 3.325986492997513810 ) ) ;
#2627 = VERTEX_POINT ( 'NONE', #3339 ) ;
#2628 = EDGE_CURVE ( 'NONE', #3009, #4372, #10257, .T. ) ;
#2629 = DIRECTION ( 'NONE',  ( -1.734723475976806897E-15, 0.000000000000000000, 1.000000000000000000 ) ) ;
#2630 = DIRECTION ( 'NONE',  ( 0.000000000000000000, 1.000000000000000000, -0.000000000000000000 ) ) ;
#2631 = EDGE_CURVE ( 'NONE', #332, #63, #10341, .T. ) ;
#2632 = ORIENTED_EDGE ( 'NONE', *, *, #5338, .T. ) ;
#2633 = CARTESIAN_POINT ( 'NONE',  ( -1.499667083999374873, 0.1507476349739040600, 3.344484379233457094 ) ) ;
#2634 = CARTESIAN_POINT ( 'NONE',  ( 1.431762116644293092, 0.1574803149606299191, 0.000000000000000000 ) ) ;
#2635 = DIRECTION ( 'NONE',  ( -0.000000000000000000, 1.000000000000000000, -0.000000000000000000 ) ) ;
#2636 = LINE ( 'NONE', #6162, #5591 ) ;
#2637 = AXIS2_PLACEMENT_3D ( 'NONE', #2559, #5417, #4268 ) ;
#2638 = CARTESIAN_POINT ( 'NONE',  ( -0.7504484348022470996, 0.1771653543307086520, 0.2551203512652306937 ) ) ;
#2639 = ADVANCED_FACE ( 'NONE', ( #3564 ), #10483, .F. ) ;
#2640 = ORIENTED_EDGE ( 'NONE', *, *, #8507, .T. ) ;
#2641 = CYLINDRICAL_SURFACE ( 'NONE', #2217, 0.01968503937007875723 ) ;
#2642 = VECTOR ( 'NONE', #11061, 39.37007874015748143 ) ;
#2643 = EDGE_CURVE ( 'NONE', #8242, #10583, #7299, .T. ) ;
#2644 = LINE ( 'NONE', #8012, #7958 ) ;
#2645 = ORIENTED_EDGE ( 'NONE', *, *, #2899, .F. ) ;
#2646 = ORIENTED_EDGE ( 'NONE', *, *, #800, .T. ) ;
#2647 = EDGE_LOOP ( 'NONE', ( #7768, #958, #4320, #7936 ) ) ;
#2648 = ORIENTED_EDGE ( 'NONE', *, *, #9226, .T. ) ;
#2649 = ORIENTED_EDGE ( 'NONE', *, *, #10682, .F. ) ;
#2650 = CARTESIAN_POINT ( 'NONE',  ( -0.7223352850632291933, 0.1771653543307086520, 3.354099642736532161 ) ) ;
#2651 = EDGE_CURVE ( 'NONE', #8984, #1519, #2765, .T. ) ;
#2652 = FACE_OUTER_BOUND ( 'NONE', #3952, .T. ) ;
#2653 = ORIENTED_EDGE ( 'NONE', *, *, #10559, .F. ) ;
#2654 = LINE ( 'NONE', #4423, #2761 ) ;
#2655 = DIRECTION ( 'NONE',  ( -0.3236155771181852825, 0.8891264907159880382, -0.3236155771181852825 ) ) ;
#2656 = CARTESIAN_POINT ( 'NONE',  ( -0.1233559935919276984, 0.1690115440477737152, 2.577954996934521681 ) ) ;
#2657 = AXIS2_PLACEMENT_3D ( 'NONE', #8083, #17, #258 ) ;
#2658 = LINE ( 'NONE', #79, #6853 ) ;
#2659 = CARTESIAN_POINT ( 'NONE',  ( -0.7307633954321685055, 0.1551781507868631171, 3.953078934207833850 ) ) ;
#2660 = VECTOR ( 'NONE', #4773, 39.37007874015748143 ) ;
#2661 = ORIENTED_EDGE ( 'NONE', *, *, #1602, .F. ) ;
#2662 = ORIENTED_EDGE ( 'NONE', *, *, #4325, .F. ) ;
#2663 = CARTESIAN_POINT ( 'NONE',  ( 1.630026919661180962, 0.1968503937007874127, 3.787170508878263231 ) ) ;
#2664 = DIRECTION ( 'NONE',  ( -0.000000000000000000, 1.000000000000000000, -0.000000000000000000 ) ) ;
#2665 = ORIENTED_EDGE ( 'NONE', *, *, #8387, .T. ) ;
#2666 = LINE ( 'NONE', #3583, #9851 ) ;
#2667 = EDGE_CURVE ( 'NONE', #6929, #321, #4356, .T. ) ;
#2668 = VECTOR ( 'NONE', #3967, 39.37007874015748143 ) ;
#2669 = EDGE_CURVE ( 'NONE', #1337, #1434, #2644, .T. ) ;
#2670 = CARTESIAN_POINT ( 'NONE',  ( 1.420230887557149213, 0.1771653543307086520, 3.337517722084657912 ) ) ;
#2671 = CARTESIAN_POINT ( 'NONE',  ( 1.431762116644293092, 0.1574803149606299191, 0.000000000000000000 ) ) ;
#2672 = CARTESIAN_POINT ( 'NONE',  ( -1.739587080286873144, 0.5905511811023621549, 1.012924122698684926 ) ) ;
#2673 = VERTEX_POINT ( 'NONE', #9626 ) ;
#2674 = CYLINDRICAL_SURFACE ( 'NONE', #7210, 0.1007585307152496779 ) ;
#2675 = AXIS2_PLACEMENT_3D ( 'NONE', #10247, #4076, #5994 ) ;
#2676 = DIRECTION ( 'NONE',  ( -1.000000000000000000, 0.000000000000000000, 0.000000000000000000 ) ) ;
#2677 = VERTEX_POINT ( 'NONE', #7047 ) ;
#2678 = DIRECTION ( 'NONE',  ( 0.000000000000000000, 1.000000000000000000, 0.000000000000000000 ) ) ;
#2679 = CARTESIAN_POINT ( 'NONE',  ( 1.905617470842284167, 0.1968503937007874127, -1.764010593483940736 ) ) ;
#2680 = CYLINDRICAL_SURFACE ( 'NONE', #2913, 0.01968503937007875723 ) ;
#2681 = ORIENTED_EDGE ( 'NONE', *, *, #7656, .F. ) ;
#2682 = LINE ( 'NONE', #3543, #9473 ) ;
#2683 = VERTEX_POINT ( 'NONE', #1107 ) ;
#2684 = CARTESIAN_POINT ( 'NONE',  ( -1.253831348055354900, -0.2952755905511810774, -0.2020027194681927596 ) ) ;
#2685 = CARTESIAN_POINT ( 'NONE',  ( 1.412077077274214387, 0.1574803149606299191, 1.042521926068380234 ) ) ;
#2686 = VERTEX_POINT ( 'NONE', #9687 ) ;
#2687 = CARTESIAN_POINT ( 'NONE',  ( -1.498479930865239007, 0.1574803149606299191, 1.810238461501450846 ) ) ;
#2688 =( BOUNDED_CURVE ( )  B_SPLINE_CURVE ( 3, ( #3740, #7221, #5618, #2890 ),
 .UNSPECIFIED., .F., .F. ) 
 B_SPLINE_CURVE_WITH_KNOTS ( ( 4, 4 ),
 ( 1.570796326794896558, 3.141592653589793116 ),
 .UNSPECIFIED. ) 
 CURVE ( )  GEOMETRIC_REPRESENTATION_ITEM ( )  RATIONAL_B_SPLINE_CURVE ( ( 1.000000000000000000, 0.8047378541243649375, 0.8047378541243649375, 1.000000000000000000 ) ) 
 REPRESENTATION_ITEM ( '' )  );
#2689 = EDGE_LOOP ( 'NONE', ( #5384, #1854, #2099, #6998 ) ) ;
#2690 = PLANE ( 'NONE',  #3947 ) ;
#2691 = CARTESIAN_POINT ( 'NONE',  ( 1.747168107202559550, 0.1771653543307086520, 1.077862474882601784 ) ) ;
#2692 = CARTESIAN_POINT ( 'NONE',  ( -0.8713874896549199667, 0.1771653543307086520, 0.9018978318456289944 ) ) ;
#2693 = EDGE_LOOP ( 'NONE', ( #249, #6985, #11007, #2188 ) ) ;
#2694 = ADVANCED_FACE ( 'NONE', ( #4590 ), #9751, .T. ) ;
#2695 = DIRECTION ( 'NONE',  ( -0.8641753818425658151, 0.000000000000000000, -0.5031907286678241054 ) ) ;
#2696 = DIRECTION ( 'NONE',  ( 1.151683635503274765E-16, 0.000000000000000000, 1.000000000000000000 ) ) ;
#2697 = ORIENTED_EDGE ( 'NONE', *, *, #192, .T. ) ;
#2698 = DIRECTION ( 'NONE',  ( 0.000000000000000000, -1.000000000000000000, 0.000000000000000000 ) ) ;
#2699 = ORIENTED_EDGE ( 'NONE', *, *, #7804, .T. ) ;
#2700 = VERTEX_POINT ( 'NONE', #1969 ) ;
#2701 = CARTESIAN_POINT ( 'NONE',  ( -0.7307633954321687275, 0.1690115440477737152, 1.810238461501450846 ) ) ;
#2702 = ORIENTED_EDGE ( 'NONE', *, *, #2029, .F. ) ;
#2703 = ORIENTED_EDGE ( 'NONE', *, *, #7869, .T. ) ;
#2704 = EDGE_CURVE ( 'NONE', #11169, #4478, #7230, .T. ) ;
#2705 = VERTEX_POINT ( 'NONE', #5331 ) ;
#2706 = ORIENTED_EDGE ( 'NONE', *, *, #5437, .F. ) ;
#2707 = EDGE_CURVE ( 'NONE', #4743, #4710, #8071, .T. ) ;
#2708 = DIRECTION ( 'NONE',  ( 1.000000000000000000, -0.000000000000000000, -4.625929269271485914E-16 ) ) ;
#2709 = ADVANCED_FACE ( 'NONE', ( #919 ), #4534, .F. ) ;
#2710 = LINE ( 'NONE', #6184, #176 ) ;
#2711 = ORIENTED_EDGE ( 'NONE', *, *, #11265, .F. ) ;
#2712 = CARTESIAN_POINT ( 'NONE',  ( -1.498479930865239229, 0.1574803149606299191, 2.417645863341691737 ) ) ;
#2713 = LINE ( 'NONE', #3405, #11240 ) ;
#2714 = CARTESIAN_POINT ( 'NONE',  ( -1.549106938606535477, 0.4724409448818898127, 4.013548461634169229 ) ) ;
#2715 = VECTOR ( 'NONE', #43, 39.37007874015748143 ) ;
#2716 = CARTESIAN_POINT ( 'NONE',  ( 0.01726810063082366911, 0.1771653543307086520, 3.205047438144841276 ) ) ;
#2717 = ORIENTED_EDGE ( 'NONE', *, *, #9621, .T. ) ;
#2718 = EDGE_LOOP ( 'NONE', ( #4158, #5954, #3010, #5005 ) ) ;
#2719 = EDGE_CURVE ( 'NONE', #10838, #6118, #3011, .T. ) ;
#2720 = LINE ( 'NONE', #10504, #3335 ) ;
#2721 = DIRECTION ( 'NONE',  ( 1.000000000000000000, -0.000000000000000000, 0.000000000000000000 ) ) ;
#2722 = ORIENTED_EDGE ( 'NONE', *, *, #4355, .T. ) ;
#2723 = PLANE ( 'NONE',  #6367 ) ;
#2724 = VECTOR ( 'NONE', #1526, 39.37007874015748143 ) ;
#2725 = CIRCLE ( 'NONE', #1631, 0.1377952755905511584 ) ;
#2726 = CARTESIAN_POINT ( 'NONE',  ( 1.492231644070629581, 0.1968503937007874127, 3.924965784468814611 ) ) ;
#2727 = FACE_OUTER_BOUND ( 'NONE', #475, .T. ) ;
#2728 = CARTESIAN_POINT ( 'NONE',  ( -1.854225048842757184, 0.1968503937007874127, -1.941175947814649305 ) ) ;
#2729 = LINE ( 'NONE', #7746, #1129 ) ;
#2730 = ORIENTED_EDGE ( 'NONE', *, *, #7458, .F. ) ;
#2731 = DIRECTION ( 'NONE',  ( -1.000000000000000000, 0.000000000000000000, -6.033820786006287689E-16 ) ) ;
#2732 = CARTESIAN_POINT ( 'NONE',  ( 1.420230887557149213, 0.1771653543307086520, 2.569801186651586633 ) ) ;
#2733 = AXIS2_PLACEMENT_3D ( 'NONE', #6971, #10466, #3668 ) ;
#2734 = EDGE_CURVE ( 'NONE', #1822, #7742, #7168, .T. ) ;
#2735 = VECTOR ( 'NONE', #10726, 39.37007874015748143 ) ;
#2736 = ORIENTED_EDGE ( 'NONE', *, *, #11145, .F. ) ;
#2737 = CARTESIAN_POINT ( 'NONE',  ( 2.082782825172992514, 0.5905511811023621549, -1.941175947814649749 ) ) ;
#2738 = ADVANCED_FACE ( 'NONE', ( #981 ), #4471, .T. ) ;
#2739 = VERTEX_POINT ( 'NONE', #10661 ) ;
#2740 = DIRECTION ( 'NONE',  ( 0.000000000000000000, -0.000000000000000000, -1.000000000000000000 ) ) ;
#2741 = DIRECTION ( 'NONE',  ( 0.5031907286678238833, 0.000000000000000000, -0.8641753818425657041 ) ) ;
#2742 = CARTESIAN_POINT ( 'NONE',  ( -1.490051820496300250, 0.1771653543307086520, 1.050950036437319657 ) ) ;
#2743 = ORIENTED_EDGE ( 'NONE', *, *, #4777, .T. ) ;
#2744 = ORIENTED_EDGE ( 'NONE', *, *, #6060, .F. ) ;
#2745 = CARTESIAN_POINT ( 'NONE',  ( 0.7965158651510391152, 0.1771653543307086798, 3.337517722084657912 ) ) ;
#2746 = VECTOR ( 'NONE', #8501, 39.37007874015748143 ) ;
#2747 = DIRECTION ( 'NONE',  ( -1.734723475976807094E-16, 0.000000000000000000, -1.000000000000000000 ) ) ;
#2748 = VECTOR ( 'NONE', #3273, 39.37007874015748143 ) ;
#2749 = CARTESIAN_POINT ( 'NONE',  ( -1.578634497661653313, 0.4724409448818898127, 3.787170508878263231 ) ) ;
#2750 = DIRECTION ( 'NONE',  ( 0.000000000000000000, -0.000000000000000000, -1.000000000000000000 ) ) ;
#2751 = ORIENTED_EDGE ( 'NONE', *, *, #5945, .F. ) ;
#2752 = CARTESIAN_POINT ( 'NONE',  ( 0.04538125036984175936, 0.1771653543307086520, 1.050950036437319657 ) ) ;
#2753 = ADVANCED_FACE ( 'NONE', ( #6305 ), #128, .T. ) ;
#2754 = CARTESIAN_POINT ( 'NONE',  ( -0.8713874896549191895, 0.1574803149606299191, -2.015488446635847471E-16 ) ) ;
#2755 = AXIS2_PLACEMENT_3D ( 'NONE', #9557, #9669, #2747 ) ;
#2756 = PLANE ( 'NONE',  #2980 ) ;
#2757 = PLANE ( 'NONE',  #9278 ) ;
#2758 = VERTEX_POINT ( 'NONE', #855 ) ;
#2759 = FACE_OUTER_BOUND ( 'NONE', #5367, .T. ) ;
#2760 = ORIENTED_EDGE ( 'NONE', *, *, #1718, .T. ) ;
#2761 = VECTOR ( 'NONE', #3404, 39.37007874015748143 ) ;
#2762 = DIRECTION ( 'NONE',  ( -0.000000000000000000, 1.000000000000000000, 0.000000000000000000 ) ) ;
#2763 = ORIENTED_EDGE ( 'NONE', *, *, #6377, .F. ) ;
#2764 = ORIENTED_EDGE ( 'NONE', *, *, #7952, .F. ) ;
#2765 = LINE ( 'NONE', #9571, #2880 ) ;
#2766 = EDGE_CURVE ( 'NONE', #3683, #4860, #6117, .T. ) ;
#2767 = ORIENTED_EDGE ( 'NONE', *, *, #10886, .F. ) ;
#2768 = ORIENTED_EDGE ( 'NONE', *, *, #9347, .T. ) ;
#2769 = AXIS2_PLACEMENT_3D ( 'NONE', #2254, #6542, #5034 ) ;
#2770 = ORIENTED_EDGE ( 'NONE', *, *, #7793, .T. ) ;
#2771 = CARTESIAN_POINT ( 'NONE',  ( 1.590656840921023774, 0.5905511811023621549, 4.259611453760153488 ) ) ;
#2772 = VECTOR ( 'NONE', #5995, 39.37007874015748143 ) ;
#2773 = ORIENTED_EDGE ( 'NONE', *, *, #9866, .T. ) ;
#2774 = ADVANCED_FACE ( 'NONE', ( #7442 ), #10931, .F. ) ;
#2775 = CARTESIAN_POINT ( 'NONE',  ( 1.420230887557149213, 0.1771653543307086520, 1.802084651218515798 ) ) ;
#2776 = LINE ( 'NONE', #8584, #1211 ) ;
#2777 =( BOUNDED_CURVE ( )  B_SPLINE_CURVE ( 3, ( #9234, #3868, #2192, #3013 ),
 .UNSPECIFIED., .F., .F. ) 
 B_SPLINE_CURVE_WITH_KNOTS ( ( 4, 4 ),
 ( 5.934119456780727830, 6.283185307179586232 ),
 .UNSPECIFIED. ) 
 CURVE ( )  GEOMETRIC_REPRESENTATION_ITEM ( )  RATIONAL_B_SPLINE_CURVE ( ( 1.000000000000000000, 0.9898718353414723836, 0.9898718353414723836, 1.000000000000000000 ) ) 
 REPRESENTATION_ITEM ( '' )  );
#2778 = CARTESIAN_POINT ( 'NONE',  ( 0.6640455812112229239, 0.1574803149606299191, 1.535913945127694713E-16 ) ) ;
#2779 = CARTESIAN_POINT ( 'NONE',  ( 1.773486704651734192, 0.000000000000000000, 1.032663144480758355 ) ) ;
#2780 = EDGE_CURVE ( 'NONE', #7890, #2573, #4872, .T. ) ;
#2781 = ORIENTED_EDGE ( 'NONE', *, *, #1352, .T. ) ;
#2782 = ORIENTED_EDGE ( 'NONE', *, *, #8696, .F. ) ;
#2783 = DIRECTION ( 'NONE',  ( -0.000000000000000000, 1.000000000000000000, -0.000000000000000000 ) ) ;
#2784 = CIRCLE ( 'NONE', #9928, 0.1377952755905512972 ) ;
#2785 = CARTESIAN_POINT ( 'NONE',  ( 0.03695314000090247492, 0.1574803149606299191, 1.810238461501450846 ) ) ;
#2786 = EDGE_LOOP ( 'NONE', ( #2640, #8027, #10213, #2206 ) ) ;
#2787 = CARTESIAN_POINT ( 'NONE',  ( 0.7965158651510385601, 0.1771653543307086798, 2.569801186651586633 ) ) ;
#2788 = ORIENTED_EDGE ( 'NONE', *, *, #4151, .T. ) ;
#2789 = EDGE_CURVE ( 'NONE', #7924, #6208, #1400, .T. ) ;
#2790 = AXIS2_PLACEMENT_3D ( 'NONE', #432, #10306, #2200 ) ;
#2791 = ORIENTED_EDGE ( 'NONE', *, *, #6007, .T. ) ;
#2792 = CARTESIAN_POINT ( 'NONE',  ( 2.082782825172992514, 0.1968503937007874127, 0.2379405998475863648 ) ) ;
#2793 = EDGE_CURVE ( 'NONE', #10207, #2686, #635, .T. ) ;
#2794 = VECTOR ( 'NONE', #11082, 39.37007874015748143 ) ;
#2795 = ADVANCED_FACE ( 'NONE', ( #3110 ), #6589, .F. ) ;
#2796 = ORIENTED_EDGE ( 'NONE', *, *, #1689, .T. ) ;
#2797 = FACE_OUTER_BOUND ( 'NONE', #10774, .T. ) ;
#2798 = ORIENTED_EDGE ( 'NONE', *, *, #7838, .F. ) ;
#2799 = DIRECTION ( 'NONE',  ( 1.000000000000000000, 0.000000000000000000, 4.625929269271483942E-16 ) ) ;
#2800 =( BOUNDED_CURVE ( )  B_SPLINE_CURVE ( 3, ( #8429, #5004, #1426, #7478 ),
 .UNSPECIFIED., .F., .F. ) 
 B_SPLINE_CURVE_WITH_KNOTS ( ( 4, 4 ),
 ( 3.141592653589793116, 3.490658503988659067 ),
 .UNSPECIFIED. ) 
 CURVE ( )  GEOMETRIC_REPRESENTATION_ITEM ( )  RATIONAL_B_SPLINE_CURVE ( ( 1.000000000000000000, 0.9898718353414720506, 0.9898718353414720506, 1.000000000000000000 ) ) 
 REPRESENTATION_ITEM ( '' )  );
#2801 = PLANE ( 'NONE',  #7185 ) ;
#2802 = CARTESIAN_POINT ( 'NONE',  ( 1.412077077274214387, 0.1574803149606299191, 2.577954996934521681 ) ) ;
#2803 = ORIENTED_EDGE ( 'NONE', *, *, #4528, .T. ) ;
#2804 = ORIENTED_EDGE ( 'NONE', *, *, #3817, .F. ) ;
#2805 = DIRECTION ( 'NONE',  ( 1.000000000000000000, 0.000000000000000000, 0.000000000000000000 ) ) ;
#2806 = AXIS2_PLACEMENT_3D ( 'NONE', #280, #2865, #1943 ) ;
#2807 = CARTESIAN_POINT ( 'NONE',  ( 0.8042699088205084168, 0.1529109616598305077, 0.8826125590890150363 ) ) ;
#2808 = VERTEX_POINT ( 'NONE', #10881 ) ;
#2809 = ORIENTED_EDGE ( 'NONE', *, *, #629, .T. ) ;
#2810 = ADVANCED_FACE ( 'NONE', ( #8996 ), #2083, .T. ) ;
#2811 = DIRECTION ( 'NONE',  ( 0.000000000000000000, 0.000000000000000000, 1.000000000000000000 ) ) ;
#2812 = DIRECTION ( 'NONE',  ( -1.000000000000000000, 0.000000000000000000, -0.000000000000000000 ) ) ;
#2813 = DIMENSIONAL_EXPONENTS ( 1.000000000000000000, 0.000000000000000000, 0.000000000000000000, 0.000000000000000000, 0.000000000000000000, 0.000000000000000000, 0.000000000000000000 ) ;
#2814 = ORIENTED_EDGE ( 'NONE', *, *, #10538, .F. ) ;
#2815 = CARTESIAN_POINT ( 'NONE',  ( -1.518164970235317934, 0.1771653543307086520, 2.437330902711770442 ) ) ;
#2816 = DIRECTION ( 'NONE',  ( 0.000000000000000000, 0.000000000000000000, 1.000000000000000000 ) ) ;
#2817 = DIRECTION ( 'NONE',  ( 1.151683635503274765E-16, 0.000000000000000000, 1.000000000000000000 ) ) ;
#2818 = VECTOR ( 'NONE', #535, 39.37007874015748143 ) ;
#2819 = CYLINDRICAL_SURFACE ( 'NONE', #8612, 0.1377952755905512972 ) ;
#2820 = CARTESIAN_POINT ( 'NONE',  ( -1.735145763943189756, 0.5905511811023621549, 1.020551600767184430 ) ) ;
#2821 = CARTESIAN_POINT ( 'NONE',  ( 1.403648966905274964, 0.1771653543307086520, 3.176934288405823370 ) ) ;
#2822 = ORIENTED_EDGE ( 'NONE', *, *, #6295, .T. ) ;
#2823 = AXIS2_PLACEMENT_3D ( 'NONE', #417, #4233, #1667 ) ;
#2824 = CARTESIAN_POINT ( 'NONE',  ( -1.578634497661653313, 0.5905511811023621549, 3.787170508878263231 ) ) ;
#2825 = CARTESIAN_POINT ( 'NONE',  ( -1.475210875130817966E-17, 0.1771653543307086520, 0.2551203512652307492 ) ) ;
#2826 = EDGE_CURVE ( 'NONE', #8471, #3923, #6535, .T. ) ;
#2827 = EDGE_CURVE ( 'NONE', #8494, #245, #2246, .T. ) ;
#2828 = ORIENTED_EDGE ( 'NONE', *, *, #1666, .F. ) ;
#2829 = CARTESIAN_POINT ( 'NONE',  ( -0.9613473175948451521, 0.3470877061559770049, 3.115087610204916313 ) ) ;
#2830 = EDGE_LOOP ( 'NONE', ( #2595, #4786, #1816, #2861 ) ) ;
#2831 = ORIENTED_EDGE ( 'NONE', *, *, #6896, .F. ) ;
#2832 = DIRECTION ( 'NONE',  ( -2.312964634635742957E-16, 0.000000000000000000, 1.000000000000000000 ) ) ;
#2833 = AXIS2_PLACEMENT_3D ( 'NONE', #1818, #7803, #5179 ) ;
#2834 = EDGE_LOOP ( 'NONE', ( #9, #10535, #2060, #6101 ) ) ;
#2835 = ORIENTED_EDGE ( 'NONE', *, *, #2551, .F. ) ;
#2836 = ORIENTED_EDGE ( 'NONE', *, *, #5804, .F. ) ;
#2837 = CYLINDRICAL_SURFACE ( 'NONE', #4554, 0.01968503937007875723 ) ;
#2838 = AXIS2_PLACEMENT_3D ( 'NONE', #1272, #8128, #1332 ) ;
#2839 = ADVANCED_FACE ( 'NONE', ( #9980 ), #311, .T. ) ;
#2840 = EDGE_CURVE ( 'NONE', #3169, #2576, #9074, .T. ) ;
#2841 = VERTEX_POINT ( 'NONE', #9229 ) ;
#2842 = CARTESIAN_POINT ( 'NONE',  ( 1.431762116644293092, 0.1771653543307086520, 1.790553422131372141 ) ) ;
#2843 = CARTESIAN_POINT ( 'NONE',  ( -0.1233559935919276984, 0.1574803149606299191, 1.042521926068380456 ) ) ;
#2844 = DIRECTION ( 'NONE',  ( -1.000000000000000000, 0.000000000000000000, -2.312964634635732603E-16 ) ) ;
#2845 = FACE_BOUND ( 'NONE', #2319, .T. ) ;
#2846 = VERTEX_POINT ( 'NONE', #1225 ) ;
#2847 = VERTEX_POINT ( 'NONE', #8345 ) ;
#2848 = FACE_OUTER_BOUND ( 'NONE', #4995, .T. ) ;
#2849 = AXIS2_PLACEMENT_3D ( 'NONE', #1351, #2309, #9243 ) ;
#2850 = DIRECTION ( 'NONE',  ( 0.000000000000000000, 0.000000000000000000, 1.000000000000000000 ) ) ;
#2851 = VERTEX_POINT ( 'NONE', #3805 ) ;
#2852 = CARTESIAN_POINT ( 'NONE',  ( -1.838012277137266892, 0.1771653543307086520, 1.070234996814104500 ) ) ;
#2853 =( BOUNDED_CURVE ( )  B_SPLINE_CURVE ( 3, ( #9088, #8162, #10006, #2160 ),
 .UNSPECIFIED., .F., .F. ) 
 B_SPLINE_CURVE_WITH_KNOTS ( ( 4, 4 ),
 ( 1.570796326794896780, 3.141592653589793116 ),
 .UNSPECIFIED. ) 
 CURVE ( )  GEOMETRIC_REPRESENTATION_ITEM ( )  RATIONAL_B_SPLINE_CURVE ( ( 1.000000000000000000, 0.8047378541243650485, 0.8047378541243650485, 1.000000000000000000 ) ) 
 REPRESENTATION_ITEM ( '' )  );
#2854 = EDGE_CURVE ( 'NONE', #7229, #372, #9115, .T. ) ;
#2855 = CARTESIAN_POINT ( 'NONE',  ( -0.8713874896549197446, 0.1771653543307086520, 0.2551203512652306937 ) ) ;
#2856 = AXIS2_PLACEMENT_3D ( 'NONE', #2778, #5344, #2844 ) ;
#2857 = FACE_OUTER_BOUND ( 'NONE', #9107, .T. ) ;
#2858 = CARTESIAN_POINT ( 'NONE',  ( 1.925302510212361318, 0.1771653543307086520, -1.409679884822523377 ) ) ;
#2859 = ORIENTED_EDGE ( 'NONE', *, *, #69, .T. ) ;
#2860 = DIRECTION ( 'NONE',  ( 1.000000000000000000, -0.000000000000000000, 0.000000000000000000 ) ) ;
#2861 = ORIENTED_EDGE ( 'NONE', *, *, #9175, .F. ) ;
#2862 = DIRECTION ( 'NONE',  ( 0.000000000000000000, 0.000000000000000000, 1.000000000000000000 ) ) ;
#2863 = ORIENTED_EDGE ( 'NONE', *, *, #2840, .T. ) ;
#2864 = CARTESIAN_POINT ( 'NONE',  ( 0.8046696754339733859, 0.1690115440477737152, 3.185362398774763015 ) ) ;
#2865 = DIRECTION ( 'NONE',  ( 0.000000000000000000, 0.3420201433256694901, 0.9396926207859080948 ) ) ;
#2866 = EDGE_CURVE ( 'NONE', #1434, #2241, #7280, .T. ) ;
#2867 = AXIS2_PLACEMENT_3D ( 'NONE', #966, #3727, #230 ) ;
#2868 = CARTESIAN_POINT ( 'NONE',  ( -0.06730118844126400934, -3.414809992080329023E-17, 2.473700668492356147 ) ) ;
#2869 = PLANE ( 'NONE',  #4112 ) ;
#2870 = ORIENTED_EDGE ( 'NONE', *, *, #93, .F. ) ;
#2871 = ORIENTED_EDGE ( 'NONE', *, *, #8788, .T. ) ;
#2872 = CARTESIAN_POINT ( 'NONE',  ( -0.7223352850632289712, 0.1771653543307086520, 2.586383107303460882 ) ) ;
#2873 = EDGE_CURVE ( 'NONE', #5074, #9862, #1089, .T. ) ;
#2874 = CARTESIAN_POINT ( 'NONE',  ( 0.7146725889525192832, 0.1968503937007874127, 0.000000000000000000 ) ) ;
#2875 = EDGE_CURVE ( 'NONE', #5397, #6919, #10775, .T. ) ;
#2876 = ORIENTED_EDGE ( 'NONE', *, *, #5804, .T. ) ;
#2877 = CARTESIAN_POINT ( 'NONE',  ( -1.518164970235318156, 0.1771653543307086520, 0.000000000000000000 ) ) ;
#2878 = CARTESIAN_POINT ( 'NONE',  ( 1.630026919661181184, 0.4724409448818898127, 3.787170508878263231 ) ) ;
#2879 = ORIENTED_EDGE ( 'NONE', *, *, #11220, .T. ) ;
#2881 = DIRECTION ( 'NONE',  ( -0.3420201433256694346, 0.9396926207859080948, 0.000000000000000000 ) ) ;
#2880 = VECTOR ( 'NONE', #4413, 39.37007874015748143 ) ;
#2882 = PLANE ( 'NONE',  #398 ) ;
#2883 = CARTESIAN_POINT ( 'NONE',  ( -0.7223352850632291933, 0.1771653543307086520, 3.176934288405823370 ) ) ;
#2884 = DIRECTION ( 'NONE',  ( 0.000000000000000000, 1.000000000000000000, -0.000000000000000000 ) ) ;
#2885 = CARTESIAN_POINT ( 'NONE',  ( -0.8906727624115340358, 0.1529109616598304799, 1.650329094522085649 ) ) ;
#2886 = ADVANCED_FACE ( 'NONE', ( #1280 ), #8248, .F. ) ;
#2887 = DIRECTION ( 'NONE',  ( 0.000000000000000000, -0.000000000000000000, -1.000000000000000000 ) ) ;
#2888 = ORIENTED_EDGE ( 'NONE', *, *, #4818, .F. ) ;
#2889 = CARTESIAN_POINT ( 'NONE',  ( -2.031390403173464865, 0.4724409448818899238, -0.005152325767405871622 ) ) ;
#2890 = CARTESIAN_POINT ( 'NONE',  ( 0.8046696754339730528, 0.1574803149606299191, 2.417645863341691737 ) ) ;
#2891 = VERTEX_POINT ( 'NONE', #10358 ) ;
#2892 = CARTESIAN_POINT ( 'NONE',  ( 0.000000000000000000, 0.4724409448818898127, 3.924965784468814611 ) ) ;
#2893 = EDGE_LOOP ( 'NONE', ( #722, #10468, #2767, #4813 ) ) ;
#2894 = ORIENTED_EDGE ( 'NONE', *, *, #9289, .T. ) ;
#2895 = CARTESIAN_POINT ( 'NONE',  ( 0.000000000000000000, 0.1574803149606299191, 1.022836886698301750 ) ) ;
#2896 = ORIENTED_EDGE ( 'NONE', *, *, #8565, .T. ) ;
#2897 = EDGE_LOOP ( 'NONE', ( #3973, #6863 ) ) ;
#2898 = ADVANCED_FACE ( 'NONE', ( #4127 ), #7769, .T. ) ;
#2899 = EDGE_CURVE ( 'NONE', #8092, #5181, #2524, .T. ) ;
#2900 = ORIENTED_EDGE ( 'NONE', *, *, #591, .F. ) ;
#2901 = AXIS2_PLACEMENT_3D ( 'NONE', #1682, #6292, #5153 ) ;
#2902 = LINE ( 'NONE', #9815, #5661 ) ;
#2903 = EDGE_LOOP ( 'NONE', ( #760, #10727, #9878, #4546, #1625, #9918, #1708, #4176, #8190, #5621, #3901, #5972, #2158, #5564, #6065, #4940 ) ) ;
#2904 = CARTESIAN_POINT ( 'NONE',  ( -0.7868182005828321390, 0.000000000000000000, 0.8737846821066108660 ) ) ;
#2905 = CARTESIAN_POINT ( 'NONE',  ( 1.462704085015511524, -0.2952755905511810774, 4.013548461634169229 ) ) ;
#2906 = DIRECTION ( 'NONE',  ( 0.000000000000000000, 0.000000000000000000, 1.000000000000000000 ) ) ;
#2907 = CARTESIAN_POINT ( 'NONE',  ( -1.498879697478704420, 0.1529109616598304244, 1.650329094522085871 ) ) ;
#2908 = LINE ( 'NONE', #8896, #1693 ) ;
#2909 = CARTESIAN_POINT ( 'NONE',  ( -0.8910725290249986719, 0.1574803149606299191, 3.953078934207833850 ) ) ;
#2910 = VERTEX_POINT ( 'NONE', #573 ) ;
#2911 = DIRECTION ( 'NONE',  ( 1.000000000000000000, -0.000000000000000000, -0.000000000000000000 ) ) ;
#2912 = DIRECTION ( 'NONE',  ( 1.000000000000000000, -0.000000000000000000, 0.000000000000000000 ) ) ;
#2913 = AXIS2_PLACEMENT_3D ( 'NONE', #1142, #7143, #6337 ) ;
#2914 = ORIENTED_EDGE ( 'NONE', *, *, #10495, .T. ) ;
#2915 = DIRECTION ( 'NONE',  ( 4.625929269271465206E-16, 0.000000000000000000, -1.000000000000000000 ) ) ;
#2916 = DIRECTION ( 'NONE',  ( -0.000000000000000000, -1.000000000000000000, 0.000000000000000000 ) ) ;
#2917 = EDGE_CURVE ( 'NONE', #1796, #6193, #9710, .T. ) ;
#2918 = VERTEX_POINT ( 'NONE', #5782 ) ;
#2919 = EDGE_CURVE ( 'NONE', #11254, #11054, #680, .T. ) ;
#2920 = CARTESIAN_POINT ( 'NONE',  ( 0.000000000000000000, 0.1574803149606299191, 3.953078934207833850 ) ) ;
#2921 = LINE ( 'NONE', #1195, #6800 ) ;
#2922 =( BOUNDED_CURVE ( )  B_SPLINE_CURVE ( 3, ( #6211, #5301, #890, #219 ),
 .UNSPECIFIED., .F., .F. ) 
 B_SPLINE_CURVE_WITH_KNOTS ( ( 4, 4 ),
 ( 5.934119456780721613, 6.283185307179586232 ),
 .UNSPECIFIED. ) 
 CURVE ( )  GEOMETRIC_REPRESENTATION_ITEM ( )  RATIONAL_B_SPLINE_CURVE ( ( 1.000000000000000000, 0.9898718353414720506, 0.9898718353414720506, 1.000000000000000000 ) ) 
 REPRESENTATION_ITEM ( '' )  );
#2923 = CARTESIAN_POINT ( 'NONE',  ( 6.568220433224385909E-16, 0.1771653543307086520, 4.259611453760153488 ) ) ;
#2924 = ORIENTED_EDGE ( 'NONE', *, *, #1600, .T. ) ;
#2925 = PLANE ( 'NONE',  #5471 ) ;
#2926 = PRODUCT_RELATED_PRODUCT_CATEGORY ( 'part', '', ( #7959 ) ) ;
#2927 = CARTESIAN_POINT ( 'NONE',  ( 0.000000000000000000, 0.000000000000000000, 0.000000000000000000 ) ) ;
#2928 = DIRECTION ( 'NONE',  ( -4.346951598611960061E-16, 0.3420201433256694346, 0.9396926207859080948 ) ) ;
#2929 = LINE ( 'NONE', #6221, #4300 ) ;
#2930 = ORIENTED_EDGE ( 'NONE', *, *, #5720, .F. ) ;
#2931 = ORIENTED_EDGE ( 'NONE', *, *, #7610, .F. ) ;
#2932 = LINE ( 'NONE', #7322, #1036 ) ;
#2933 = AXIS2_PLACEMENT_3D ( 'NONE', #5291, #8773, #4436 ) ;
#2934 = EDGE_CURVE ( 'NONE', #10022, #7229, #6867, .T. ) ;
#2935 = VECTOR ( 'NONE', #10433, 39.37007874015748143 ) ;
#2936 = CARTESIAN_POINT ( 'NONE',  ( 0.6443605418411432195, 0.1690115440477737152, 3.185362398774763015 ) ) ;
#2937 = ORIENTED_EDGE ( 'NONE', *, *, #7486, .F. ) ;
#2938 = DIRECTION ( 'NONE',  ( 0.000000000000000000, 0.000000000000000000, 1.000000000000000000 ) ) ;
#2939 = ADVANCED_FACE ( 'NONE', ( #5883 ), #11151, .F. ) ;
#2940 = ADVANCED_FACE ( 'NONE', ( #9390 ), #11040, .F. ) ;
#2941 = CYLINDRICAL_SURFACE ( 'NONE', #1341, 0.1377952755905511584 ) ;
#2942 = PLANE ( 'NONE',  #9468 ) ;
#2943 = VERTEX_POINT ( 'NONE', #1444 ) ;
#2944 = VECTOR ( 'NONE', #4071, 39.37007874015748143 ) ;
#2945 = VECTOR ( 'NONE', #2303, 39.37007874015748143 ) ;
#2946 = DIRECTION ( 'NONE',  ( 0.000000000000000000, 0.000000000000000000, 1.000000000000000000 ) ) ;
#2947 = CARTESIAN_POINT ( 'NONE',  ( 0.02879932971796746177, 0.1771653543307086520, 2.425799673624626340 ) ) ;
#2948 = ORIENTED_EDGE ( 'NONE', *, *, #9231, .F. ) ;
#2949 = CYLINDRICAL_SURFACE ( 'NONE', #1460, 0.01968503937007875723 ) ;
#2950 = ORIENTED_EDGE ( 'NONE', *, *, #4893, .F. ) ;
#2951 = DIRECTION ( 'NONE',  ( -0.3236155771181852825, 0.8891264907159880382, 0.3236155771181852825 ) ) ;
#2952 = EDGE_CURVE ( 'NONE', #4908, #8, #6751, .T. ) ;
#2953 = CARTESIAN_POINT ( 'NONE',  ( 1.431762116644293092, 0.1771653543307086520, 0.2551203512652306937 ) ) ;
#2954 = VERTEX_POINT ( 'NONE', #10193 ) ;
#2955 = DIRECTION ( 'NONE',  ( 0.000000000000000000, 1.000000000000000000, -0.000000000000000000 ) ) ;
#2956 = VECTOR ( 'NONE', #1005, 39.37007874015748143 ) ;
#2957 = ORIENTED_EDGE ( 'NONE', *, *, #8640, .F. ) ;
#2958 = EDGE_CURVE ( 'NONE', #10471, #10397, #5036, .T. ) ;
#2959 = VERTEX_POINT ( 'NONE', #8399 ) ;
#2960 = ORIENTED_EDGE ( 'NONE', *, *, #3765, .F. ) ;
#2961 = DIRECTION ( 'NONE',  ( -1.156482317317871478E-16, -0.000000000000000000, 1.000000000000000000 ) ) ;
#2962 = VECTOR ( 'NONE', #8646, 39.37007874015748143 ) ;
#2963 = ORIENTED_EDGE ( 'NONE', *, *, #7224, .F. ) ;
#2964 = LINE ( 'NONE', #10728, #5498 ) ;
#2965 = ADVANCED_FACE ( 'NONE', ( #2468 ), #4287, .T. ) ;
#2966 = CARTESIAN_POINT ( 'NONE',  ( -1.490051820496299806, 0.1771653543307086520, 1.818666571870390269 ) ) ;
#2967 = CARTESIAN_POINT ( 'NONE',  ( -0.1152021833089928171, 0.1771653543307086520, 2.425799673624626340 ) ) ;
#2968 = DIRECTION ( 'NONE',  ( 0.000000000000000000, 0.000000000000000000, 1.000000000000000000 ) ) ;
#2969 = AXIS2_PLACEMENT_3D ( 'NONE', #3975, #10938, #6597 ) ;
#2970 = CARTESIAN_POINT ( 'NONE',  ( -1.490051820496299806, 0.1771653543307086520, 0.2832335010042487111 ) ) ;
#2971 = LINE ( 'NONE', #1184, #779 ) ;
#2972 = ORIENTED_EDGE ( 'NONE', *, *, #9849, .F. ) ;
#2973 = CARTESIAN_POINT ( 'NONE',  ( 1.407763059331230693, 0.000000000000000000, 4.009133739358496484 ) ) ;
#2974 = CARTESIAN_POINT ( 'NONE',  ( 0.01726810063082365176, 0.1771653543307086520, 3.972763973577912555 ) ) ;
#2975 = EDGE_CURVE ( 'NONE', #5569, #4162, #5830, .T. ) ;
#2976 = ORIENTED_EDGE ( 'NONE', *, *, #2019, .T. ) ;
#2977 = CARTESIAN_POINT ( 'NONE',  ( -0.7307633954321681724, 0.1690115440477737152, 1.042521926068380456 ) ) ;
#2978 = VECTOR ( 'NONE', #2171, 39.37007874015748143 ) ;
#2979 = CARTESIAN_POINT ( 'NONE',  ( -2.169185678764016689, 0.1968503937007874127, -1.626215317893389356 ) ) ;
#2980 = AXIS2_PLACEMENT_3D ( 'NONE', #8567, #741, #173 ) ;
#2981 = DIRECTION ( 'NONE',  ( 0.000000000000000000, 0.000000000000000000, -1.000000000000000000 ) ) ;
#2982 = CARTESIAN_POINT ( 'NONE',  ( -1.518164970235317712, 0.1771653543307086520, 1.790553422131372141 ) ) ;
#2983 = CARTESIAN_POINT ( 'NONE',  ( -0.8995006393939379841, 0.1771653543307086520, 0.8737846821066108660 ) ) ;
#2984 = VERTEX_POINT ( 'NONE', #9336 ) ;
#2985 = FACE_BOUND ( 'NONE', #8276, .T. ) ;
#2986 = EDGE_CURVE ( 'NONE', #1704, #761, #118, .T. ) ;
#2987 = CYLINDRICAL_SURFACE ( 'NONE', #1016, 0.01968503937007875723 ) ;
#2988 = VECTOR ( 'NONE', #10402, 39.37007874015748143 ) ;
#2989 = VERTEX_POINT ( 'NONE', #4974 ) ;
#2990 = ORIENTED_EDGE ( 'NONE', *, *, #1408, .T. ) ;
#2991 = DIRECTION ( 'NONE',  ( -0.000000000000000000, -1.000000000000000000, 0.000000000000000000 ) ) ;
#2992 = CARTESIAN_POINT ( 'NONE',  ( -0.7307633954321685055, 0.1574803149606299191, 3.953078934207833850 ) ) ;
#2993 = AXIS2_PLACEMENT_3D ( 'NONE', #9565, #8686, #10589 ) ;
#2994 = LINE ( 'NONE', #4577, #3714 ) ;
#2995 = CARTESIAN_POINT ( 'NONE',  ( 1.697423192914377932, 0.4724409448818899238, -0.005152325767405393706 ) ) ;
#2996 = ORIENTED_EDGE ( 'NONE', *, *, #495, .F. ) ;
#2997 = ORIENTED_EDGE ( 'NONE', *, *, #10403, .F. ) ;
#2998 = EDGE_CURVE ( 'NONE', #7390, #8940, #5140, .T. ) ;
#2999 = CARTESIAN_POINT ( 'NONE',  ( 0.000000000000000000, 0.4724409448818898127, 3.924965784468814611 ) ) ;
#3000 = CARTESIAN_POINT ( 'NONE',  ( -1.499667083999375317, 0.1507476349739040600, 1.651116481042756767 ) ) ;
#3001 = ORIENTED_EDGE ( 'NONE', *, *, #615, .T. ) ;
#3002 = CARTESIAN_POINT ( 'NONE',  ( -2.011705363803387048, 0.1968503937007874127, -1.508105081672917125 ) ) ;
#3003 = ADVANCED_FACE ( 'NONE', ( #8621 ), #791, .F. ) ;
#3004 = ORIENTED_EDGE ( 'NONE', *, *, #7729, .F. ) ;
#3005 = DIRECTION ( 'NONE',  ( 1.000000000000000000, -0.000000000000000000, 0.000000000000000000 ) ) ;
#3006 = LINE ( 'NONE', #362, #9211 ) ;
#3007 = VECTOR ( 'NONE', #5637, 39.37007874015748143 ) ;
#3008 = DIRECTION ( 'NONE',  ( 0.000000000000000000, -0.000000000000000000, -1.000000000000000000 ) ) ;
#3009 = VERTEX_POINT ( 'NONE', #3606 ) ;
#3010 = ORIENTED_EDGE ( 'NONE', *, *, #7718, .F. ) ;
#3011 =( BOUNDED_CURVE ( )  B_SPLINE_CURVE ( 3, ( #184, #3685, #7889, #64 ),
 .UNSPECIFIED., .F., .T. ) 
 B_SPLINE_CURVE_WITH_KNOTS ( ( 4, 4 ),
 ( 5.934119456780720725, 6.283185307179586232 ),
 .UNSPECIFIED. ) 
 CURVE ( )  GEOMETRIC_REPRESENTATION_ITEM ( )  RATIONAL_B_SPLINE_CURVE ( ( 1.000000000000000000, 0.9898718353414720506, 0.9898718353414720506, 1.000000000000000000 ) ) 
 REPRESENTATION_ITEM ( '' )  );
#3012 = EDGE_CURVE ( 'NONE', #6845, #409, #7088, .T. ) ;
#3013 = CARTESIAN_POINT ( 'NONE',  ( -0.8910725290249982278, 0.1574803149606299191, 3.345671532367592516 ) ) ;
#3014 = ORIENTED_EDGE ( 'NONE', *, *, #11222, .F. ) ;
#3015 = EDGE_CURVE ( 'NONE', #7994, #2185, #4458, .T. ) ;
#3016 = DIRECTION ( 'NONE',  ( -0.000000000000000000, 1.000000000000000000, -0.000000000000000000 ) ) ;
#3017 = DIRECTION ( 'NONE',  ( 1.000000000000000000, -0.000000000000000000, 0.000000000000000000 ) ) ;
#3018 = CARTESIAN_POINT ( 'NONE',  ( 0.000000000000000000, 0.000000000000000000, -0.4978645713515195692 ) ) ;
#3019 = FACE_BOUND ( 'NONE', #5360, .T. ) ;
#3020 = DIRECTION ( 'NONE',  ( -1.000000000000000000, -0.000000000000000000, -0.000000000000000000 ) ) ;
#3021 = EDGE_CURVE ( 'NONE', #321, #7582, #7821, .T. ) ;
#3022 = ORIENTED_EDGE ( 'NONE', *, *, #7663, .F. ) ;
#3023 = DIRECTION ( 'NONE',  ( -1.000000000000000000, 0.000000000000000000, 0.000000000000000000 ) ) ;
#3024 = CARTESIAN_POINT ( 'NONE',  ( 0.04538125036984168997, 0.1507476349739041155, 0.8833999456096859326 ) ) ;
#3025 = CARTESIAN_POINT ( 'NONE',  ( 0.6443605418411432195, 0.1574803149606299191, 1.649929327908620680 ) ) ;
#3026 = CARTESIAN_POINT ( 'NONE',  ( -2.011705363803387048, 0.000000000000000000, -1.783695632854019442 ) ) ;
#3027 = ORIENTED_EDGE ( 'NONE', *, *, #1244, .F. ) ;
#3028 = DIRECTION ( 'NONE',  ( 1.000000000000000000, 0.000000000000000000, 0.000000000000000000 ) ) ;
#3029 = AXIS2_PLACEMENT_3D ( 'NONE', #10325, #593, #7681 ) ;
#3030 = CARTESIAN_POINT ( 'NONE',  ( 1.412077077274214387, 0.1574803149606299191, 1.649929327908620680 ) ) ;
#3031 = CARTESIAN_POINT ( 'NONE',  ( 0.000000000000000000, 0.1771653543307086520, 1.022836886698301750 ) ) ;
#3032 = CARTESIAN_POINT ( 'NONE',  ( -1.475210875130816426E-17, 0.1574803149606299191, 0.2551203512652306382 ) ) ;
#3033 = EDGE_CURVE ( 'NONE', #1427, #4721, #3672, .T. ) ;
#3034 = ADVANCED_FACE ( 'NONE', ( #970 ), #5197, .T. ) ;
#3035 = FACE_OUTER_BOUND ( 'NONE', #1115, .T. ) ;
#3036 = CARTESIAN_POINT ( 'NONE',  ( -2.011705363803387048, 0.000000000000000000, -1.689207443877641435 ) ) ;
#3037 = ORIENTED_EDGE ( 'NONE', *, *, #11280, .F. ) ;
#3038 = DIRECTION ( 'NONE',  ( 0.000000000000000000, 0.9396926207859080948, 0.3420201433256694346 ) ) ;
#3039 = DIRECTION ( 'NONE',  ( 0.000000000000000000, 1.000000000000000000, -0.000000000000000000 ) ) ;
#3040 = CARTESIAN_POINT ( 'NONE',  ( -0.7504484348022472107, 0.1771653543307086520, 0.9018978318456288834 ) ) ;
#3041 = PLANE ( 'NONE',  #6291 ) ;
#3042 = VECTOR ( 'NONE', #4660, 39.37007874015748854 ) ;
#3043 = LINE ( 'NONE', #6522, #7517 ) ;
#3044 = DIRECTION ( 'NONE',  ( -0.000000000000000000, 1.000000000000000000, -0.000000000000000000 ) ) ;
#3045 = DIRECTION ( 'NONE',  ( 1.000000000000000000, 1.486691679947980198E-33, 4.625929269271483942E-16 ) ) ;
#3046 = EDGE_LOOP ( 'NONE', ( #1149, #7049, #6676, #8674 ) ) ;
#3047 = CARTESIAN_POINT ( 'NONE',  ( 0.04538125036984175936, 0.1771653543307086520, 2.586383107303460882 ) ) ;
#3048 = DIRECTION ( 'NONE',  ( 4.625929269271485914E-16, -0.000000000000000000, -1.000000000000000000 ) ) ;
#3049 = ORIENTED_EDGE ( 'NONE', *, *, #4829, .T. ) ;
#3050 = FACE_OUTER_BOUND ( 'NONE', #2021, .T. ) ;
#3051 = AXIS2_PLACEMENT_3D ( 'NONE', #2895, #9808, #7955 ) ;
#3052 = ORIENTED_EDGE ( 'NONE', *, *, #3065, .T. ) ;
#3053 = CARTESIAN_POINT ( 'NONE',  ( 0.01726810063082366911, 0.1771653543307086520, 0.9018978318456289944 ) ) ;
#3054 = ORIENTED_EDGE ( 'NONE', *, *, #928, .F. ) ;
#3055 = VERTEX_POINT ( 'NONE', #11267 ) ;
#3056 = DIRECTION ( 'NONE',  ( -1.000000000000000000, -0.000000000000000000, -4.625929269271483942E-16 ) ) ;
#3057 = ORIENTED_EDGE ( 'NONE', *, *, #4690, .T. ) ;
#3058 = EDGE_LOOP ( 'NONE', ( #997, #9325, #8186, #4531, #4463, #3365 ) ) ;
#3059 = ADVANCED_FACE ( 'NONE', ( #6049 ), #2690, .F. ) ;
#3060 = DIRECTION ( 'NONE',  ( 0.000000000000000000, 1.000000000000000000, -0.000000000000000000 ) ) ;
#3061 = EDGE_LOOP ( 'NONE', ( #7214, #223, #2056, #2764 ) ) ;
#3062 = CARTESIAN_POINT ( 'NONE',  ( -0.8829187187420636240, 0.1771653543307086798, 2.569801186651586633 ) ) ;
#3063 = CARTESIAN_POINT ( 'NONE',  ( -0.1229562269784630069, 0.1529109616598305632, 1.042122159454915709 ) ) ;
#3064 = DIRECTION ( 'NONE',  ( 0.000000000000000000, -0.9396926207859080948, 0.3420201433256694346 ) ) ;
#3065 = EDGE_CURVE ( 'NONE', #1013, #4269, #8688, .T. ) ;
#3066 = LINE ( 'NONE', #2256, #11041 ) ;
#3067 =( BOUNDED_CURVE ( )  B_SPLINE_CURVE ( 3, ( #5164, #10380, #8827, #8708 ),
 .UNSPECIFIED., .F., .F. ) 
 B_SPLINE_CURVE_WITH_KNOTS ( ( 4, 4 ),
 ( 3.141592653589793116, 3.490658503988659067 ),
 .UNSPECIFIED. ) 
 CURVE ( )  GEOMETRIC_REPRESENTATION_ITEM ( )  RATIONAL_B_SPLINE_CURVE ( ( 1.000000000000000000, 0.9898718353414720506, 0.9898718353414720506, 1.000000000000000000 ) ) 
 REPRESENTATION_ITEM ( '' )  );
#3068 = CARTESIAN_POINT ( 'NONE',  ( -1.253831348055355566, 0.1968503937007874127, -0.1012441887529436368 ) ) ;
#3069 = EDGE_CURVE ( 'NONE', #3923, #1911, #10898, .T. ) ;
#3070 = ADVANCED_FACE ( 'NONE', ( #848 ), #10587, .F. ) ;
#3071 = CARTESIAN_POINT ( 'NONE',  ( -0.7223352850632291933, 0.000000000000000000, 3.289616727216929437 ) ) ;
#3072 =( NAMED_UNIT ( * ) PLANE_ANGLE_UNIT ( ) SI_UNIT ( $, .RADIAN. ) );
#3073 = LINE ( 'NONE', #9999, #7837 ) ;
#3074 =( CONVERSION_BASED_UNIT ( 'INCH', #10269 ) LENGTH_UNIT ( ) NAMED_UNIT ( #1357 ) );
#3075 = ORIENTED_EDGE ( 'NONE', *, *, #6838, .T. ) ;
#3076 = EDGE_CURVE ( 'NONE', #8417, #3321, #10875, .T. ) ;
#3077 = CARTESIAN_POINT ( 'NONE',  ( -0.9613473175948450411, 0.3470877061559771715, 0.3450801792051558792 ) ) ;
#3078 = ORIENTED_EDGE ( 'NONE', *, *, #10018, .T. ) ;
#3079 = DIRECTION ( 'NONE',  ( 0.3236155771181851160, 0.8891264907159878161, 0.3236155771181852825 ) ) ;
#3080 = CARTESIAN_POINT ( 'NONE',  ( -1.716429773252204694, 0.4724409448818898127, 4.161186256909759962 ) ) ;
#3081 = LINE ( 'NONE', #1422, #8921 ) ;
#3082 = LINE ( 'NONE', #6563, #7939 ) ;
#3083 = CARTESIAN_POINT ( 'NONE',  ( 0.8059769318792208148, 0.1968503937007874127, 3.905280745098735906 ) ) ;
#3084 = LINE ( 'NONE', #9094, #11103 ) ;
#3085 = VECTOR ( 'NONE', #9740, 39.37007874015748143 ) ;
#3086 = DIRECTION ( 'NONE',  ( 0.000000000000000000, 0.9396926207859080948, 0.3420201433256694346 ) ) ;
#3087 = VERTEX_POINT ( 'NONE', #8920 ) ;
#3088 = EDGE_CURVE ( 'NONE', #6400, #3464, #6102, .T. ) ;
#3089 = DIRECTION ( 'NONE',  ( -1.000000000000000000, 0.000000000000000000, -5.782411586589357392E-17 ) ) ;
#3090 = ADVANCED_FACE ( 'NONE', ( #905 ), #51, .T. ) ;
#3091 = AXIS2_PLACEMENT_3D ( 'NONE', #8278, #2114, #7263 ) ;
#3092 = VECTOR ( 'NONE', #6334, 39.37007874015748143 ) ;
#3093 = DIRECTION ( 'NONE',  ( -1.000000000000000000, 0.000000000000000000, -0.000000000000000000 ) ) ;
#3094 = DIRECTION ( 'NONE',  ( 0.3236155771181852270, 0.8891264907159880382, 0.3236155771181852825 ) ) ;
#3095 = DIRECTION ( 'NONE',  ( -4.346951598611961540E-16, 0.3420201433256694346, 0.9396926207859080948 ) ) ;
#3096 = EDGE_LOOP ( 'NONE', ( #7549, #11216, #6537, #8455 ) ) ;
#3097 = CARTESIAN_POINT ( 'NONE',  ( -0.1036709542218489655, 0.1771653543307086520, 2.558269957564442976 ) ) ;
#3098 = ORIENTED_EDGE ( 'NONE', *, *, #7040, .T. ) ;
#3099 = DIRECTION ( 'NONE',  ( 0.3236155771181852270, 0.8891264907159880382, 0.3236155771181852825 ) ) ;
#3100 = DIRECTION ( 'NONE',  ( -0.9396926207859080948, 0.3420201433256694346, 0.000000000000000000 ) ) ;
#3101 = ORIENTED_EDGE ( 'NONE', *, *, #8418, .T. ) ;
#3102 = CIRCLE ( 'NONE', #9481, 0.1377952755905512972 ) ;
#3103 = FACE_OUTER_BOUND ( 'NONE', #5602, .T. ) ;
#3104 = VECTOR ( 'NONE', #10990, 39.37007874015748143 ) ;
#3105 = ORIENTED_EDGE ( 'NONE', *, *, #2667, .F. ) ;
#3106 = CARTESIAN_POINT ( 'NONE',  ( -0.8906727624115337028, 0.1529109616598305355, 2.418045629955156262 ) ) ;
#3107 = ADVANCED_FACE ( 'NONE', ( #10416 ), #8860, .T. ) ;
#3108 = ORIENTED_EDGE ( 'NONE', *, *, #4678, .F. ) ;
#3109 = EDGE_CURVE ( 'NONE', #2705, #8881, #10813, .T. ) ;
#3110 = FACE_OUTER_BOUND ( 'NONE', #1912, .T. ) ;
#3111 = ORIENTED_EDGE ( 'NONE', *, *, #864, .F. ) ;
#3112 = AXIS2_PLACEMENT_3D ( 'NONE', #5674, #10925, #9975 ) ;
#3113 = CARTESIAN_POINT ( 'NONE',  ( 2.181208022023385595, 0.000000000000000000, 0.2952514739630042184 ) ) ;
#3114 = ORIENTED_EDGE ( 'NONE', *, *, #9654, .T. ) ;
#3115 = ORIENTED_EDGE ( 'NONE', *, *, #8630, .T. ) ;
#3116 = AXIS2_PLACEMENT_3D ( 'NONE', #10860, #2003, #5492 ) ;
#3117 = CARTESIAN_POINT ( 'NONE',  ( 1.420230887557149213, 0.1771653543307086520, 3.193516209057697619 ) ) ;
#3118 = EDGE_CURVE ( 'NONE', #245, #8242, #7153, .T. ) ;
#3119 = CARTESIAN_POINT ( 'NONE',  ( 0.04538125036984168997, 0.1771653543307086520, 1.641501217539681701 ) ) ;
#3120 = DIRECTION ( 'NONE',  ( 0.000000000000000000, 0.000000000000000000, 1.000000000000000000 ) ) ;
#3121 = DIRECTION ( 'NONE',  ( 0.000000000000000000, 0.000000000000000000, 1.000000000000000000 ) ) ;
#3122 = CARTESIAN_POINT ( 'NONE',  ( -1.575506140063154877E-17, 0.1771653543307086520, 0.1257531860436188198 ) ) ;
#3123 = VECTOR ( 'NONE', #138, 39.37007874015748854 ) ;
#3124 = EDGE_CURVE ( 'NONE', #8049, #4759, #6462, .T. ) ;
#3125 = DIRECTION ( 'NONE',  ( 1.000000000000000000, -0.000000000000000000, -0.000000000000000000 ) ) ;
#3126 = DIRECTION ( 'NONE',  ( 1.000000000000000000, -0.000000000000000000, 0.000000000000000000 ) ) ;
#3127 = ADVANCED_FACE ( 'NONE', ( #5608 ), #8979, .T. ) ;
#3128 = ITEM_DEFINED_TRANSFORMATION ( 'NONE', 'NONE', #934,  #8599 ) ;
#3129 = VERTEX_POINT ( 'NONE', #8694 ) ;
#3130 = CIRCLE ( 'NONE', #7146, 0.1377952755905512972 ) ;
#3131 = DIRECTION ( 'NONE',  ( 0.000000000000000000, 0.000000000000000000, 1.000000000000000000 ) ) ;
#3132 = CARTESIAN_POINT ( 'NONE',  ( -2.267610875614410215, 0.000000000000000000, 2.611570337134368189E-16 ) ) ;
#3133 = LINE ( 'NONE', #3187, #4975 ) ;
#3134 = VERTEX_POINT ( 'NONE', #5555 ) ;
#3135 = LINE ( 'NONE', #10008, #5805 ) ;
#3136 = CARTESIAN_POINT ( 'NONE',  ( 1.341802288704367907, 0.3470877061559771715, 3.115087610204915869 ) ) ;
#3137 = AXIS2_PLACEMENT_3D ( 'NONE', #3247, #4157, #6671 ) ;
#3138 = EDGE_CURVE ( 'NONE', #1101, #11074, #9965, .T. ) ;
#3139 = CARTESIAN_POINT ( 'NONE',  ( 1.468131882424877688, 3.414809992080329023E-17, 0.9382675976262138118 ) ) ;
#3140 = DIRECTION ( 'NONE',  ( -1.156482317317871478E-16, 0.000000000000000000, 1.000000000000000000 ) ) ;
#3141 = AXIS2_PLACEMENT_3D ( 'NONE', #5435, #5559, #9045 ) ;
#3142 = CYLINDRICAL_SURFACE ( 'NONE', #9527, 0.05905511811023627516 ) ;
#3143 = ORIENTED_EDGE ( 'NONE', *, *, #10155, .F. ) ;
#3144 = VERTEX_POINT ( 'NONE', #4634 ) ;
#3145 = EDGE_CURVE ( 'NONE', #4737, #2376, #1763, .T. ) ;
#3146 = CARTESIAN_POINT ( 'NONE',  ( 2.043412746432833327, 0.000000000000000000, -2.039601144665043719 ) ) ;
#3147 = CARTESIAN_POINT ( 'NONE',  ( -2.011705363803387048, 0.4724409448818898127, -1.783695632854019442 ) ) ;
#3148 = LINE ( 'NONE', #7640, #9552 ) ;
#3149 = AXIS2_PLACEMENT_3D ( 'NONE', #9774, #2916, #3654 ) ;
#3150 = DIRECTION ( 'NONE',  ( 0.000000000000000000, 1.000000000000000000, -0.000000000000000000 ) ) ;
#3151 = ORIENTED_EDGE ( 'NONE', *, *, #477, .T. ) ;
#3152 = EDGE_LOOP ( 'NONE', ( #1826, #3617, #8947, #310 ) ) ;
#3153 = EDGE_CURVE ( 'NONE', #9039, #4193, #6499, .T. ) ;
#3154 = VECTOR ( 'NONE', #9914, 39.37007874015748143 ) ;
#3155 = LINE ( 'NONE', #6632, #6916 ) ;
#3156 = FACE_OUTER_BOUND ( 'NONE', #9147, .T. ) ;
#3157 = ORIENTED_EDGE ( 'NONE', *, *, #8749, .F. ) ;
#3158 = CARTESIAN_POINT ( 'NONE',  ( 6.568220433224385909E-16, 0.1968503937007874127, 4.259611453760153488 ) ) ;
#3159 = VERTEX_POINT ( 'NONE', #9848 ) ;
#3160 = CYLINDRICAL_SURFACE ( 'NONE', #560, 0.01968503937007875723 ) ;
#3161 = DIRECTION ( 'NONE',  ( -0.000000000000000000, -1.000000000000000000, 0.000000000000000000 ) ) ;
#3162 = CIRCLE ( 'NONE', #2790, 0.09842519685039378963 ) ;
#3163 = DIRECTION ( 'NONE',  ( 1.156482317317871478E-16, -0.000000000000000000, -1.000000000000000000 ) ) ;
#3164 = AXIS2_PLACEMENT_3D ( 'NONE', #10457, #2454, #4332 ) ;
#3165 = EDGE_CURVE ( 'NONE', #1364, #3055, #2932, .T. ) ;
#3166 = EDGE_CURVE ( 'NONE', #9862, #6193, #9911, .T. ) ;
#3167 = CYLINDRICAL_SURFACE ( 'NONE', #10204, 0.1377952755905511861 ) ;
#3168 = CARTESIAN_POINT ( 'NONE',  ( 0.8046696754339779378, 0.1574803149606299191, 9.305862509213063970E-16 ) ) ;
#3169 = VERTEX_POINT ( 'NONE', #7618 ) ;
#3170 = AXIS2_PLACEMENT_3D ( 'NONE', #939, #7908, #84 ) ;
#3171 = ORIENTED_EDGE ( 'NONE', *, *, #9488, .T. ) ;
#3172 = CARTESIAN_POINT ( 'NONE',  ( -0.7307633954321687275, 0.1574803149606299191, 1.810238461501450624 ) ) ;
#3173 = CARTESIAN_POINT ( 'NONE',  ( -2.011705363803387048, 0.1771653543307086520, -0.1035775226177987063 ) ) ;
#3174 = LINE ( 'NONE', #6599, #6302 ) ;
#3175 = VECTOR ( 'NONE', #7409, 39.37007874015748143 ) ;
#3176 = DIRECTION ( 'NONE',  ( 1.000000000000000000, 0.000000000000000000, 1.011922027653137266E-16 ) ) ;
#3177 = DIRECTION ( 'NONE',  ( -2.312964634635742957E-16, 0.000000000000000000, 1.000000000000000000 ) ) ;
#3178 = ORIENTED_EDGE ( 'NONE', *, *, #914, .F. ) ;
#3179 = DIRECTION ( 'NONE',  ( -0.000000000000000000, -0.000000000000000000, 1.000000000000000000 ) ) ;
#3180 = CARTESIAN_POINT ( 'NONE',  ( 1.728452116511574932, 0.000000000000000000, 4.121816178169601663 ) ) ;
#3181 = DIRECTION ( 'NONE',  ( 1.000000000000000000, 0.000000000000000000, 0.000000000000000000 ) ) ;
#3182 = ORIENTED_EDGE ( 'NONE', *, *, #7838, .T. ) ;
#3183 = CYLINDRICAL_SURFACE ( 'NONE', #3385, 0.09448818897637797920 ) ;
#3184 = ORIENTED_EDGE ( 'NONE', *, *, #7933, .F. ) ;
#3185 = CARTESIAN_POINT ( 'NONE',  ( -0.1221688404577920134, 0.1507476349739041432, 3.344484379233457094 ) ) ;
#3186 = CIRCLE ( 'NONE', #6480, 0.1377952755905512972 ) ;
#3187 = CARTESIAN_POINT ( 'NONE',  ( -2.011705363803387048, 0.1968503937007874127, -0.3004279163185862855 ) ) ;
#3188 = ADVANCED_FACE ( 'NONE', ( #6885 ), #3407, .T. ) ;
#3189 = LINE ( 'NONE', #6780, #7998 ) ;
#3190 =( BOUNDED_CURVE ( )  B_SPLINE_CURVE ( 3, ( #5252, #4456, #9673, #6157 ),
 .UNSPECIFIED., .F., .T. ) 
 B_SPLINE_CURVE_WITH_KNOTS ( ( 4, 4 ),
 ( 3.141592653589793116, 3.490658503988656403 ),
 .UNSPECIFIED. ) 
 CURVE ( )  GEOMETRIC_REPRESENTATION_ITEM ( )  RATIONAL_B_SPLINE_CURVE ( ( 1.000000000000000000, 0.9898718353414720506, 0.9898718353414720506, 1.000000000000000000 ) ) 
 REPRESENTATION_ITEM ( '' )  );
#3191 = CARTESIAN_POINT ( 'NONE',  ( -0.1036709542218490071, 0.1771653543307086520, 0.9018978318456288834 ) ) ;
#3192 = DIRECTION ( 'NONE',  ( -1.000000000000000000, 0.000000000000000000, -0.000000000000000000 ) ) ;
#3193 = CIRCLE ( 'NONE', #7745, 0.09448818897637799308 ) ;
#3194 = DIRECTION ( 'NONE',  ( 0.3236155771181850049, 0.8891264907159880382, 0.3236155771181853380 ) ) ;
#3195 = ORIENTED_EDGE ( 'NONE', *, *, #3469, .F. ) ;
#3196 = ORIENTED_EDGE ( 'NONE', *, *, #6618, .T. ) ;
#3197 = FACE_BOUND ( 'NONE', #3662, .T. ) ;
#3198 = ORIENTED_EDGE ( 'NONE', *, *, #629, .F. ) ;
#3199 = ADVANCED_FACE ( 'NONE', ( #10323 ), #1576, .F. ) ;
#3200 = CARTESIAN_POINT ( 'NONE',  ( 0.8130977858029125871, 0.1771653543307086520, 3.944650823838894205 ) ) ;
#3201 = LINE ( 'NONE', #611, #1997 ) ;
#3202 = CARTESIAN_POINT ( 'NONE',  ( -0.7311631620456331415, 0.1529109616598305355, 2.577555230321057156 ) ) ;
#3203 = AXIS2_PLACEMENT_3D ( 'NONE', #4175, #901, #2629 ) ;
#3204 = CARTESIAN_POINT ( 'NONE',  ( -0.1233559935919278927, 0.1574803149606299191, 0.8822127924755500672 ) ) ;
#3206 = EDGE_LOOP ( 'NONE', ( #194, #10930, #7433, #503 ) ) ;
#3205 = CARTESIAN_POINT ( 'NONE',  ( -2.011705363803387048, -0.2952755905511810774, -1.878183821830397449 ) ) ;
#3207 = ADVANCED_FACE ( 'NONE', ( #4145 ), #867, .T. ) ;
#3208 = CARTESIAN_POINT ( 'NONE',  ( 1.413264230408350031, 0.1507476349739041432, 1.041334772934244812 ) ) ;
#3209 = CARTESIAN_POINT ( 'NONE',  ( -0.7307633954321685055, 0.1574803149606299191, 3.345671532367592516 ) ) ;
#3210 = DIRECTION ( 'NONE',  ( 1.000000000000000000, 0.000000000000000000, 2.312964634635747887E-16 ) ) ;
#3211 = EDGE_LOOP ( 'NONE', ( #8882, #896, #11244, #10245 ) ) ;
#3212 = DIRECTION ( 'NONE',  ( 0.000000000000000000, 0.000000000000000000, -1.000000000000000000 ) ) ;
#3213 =( BOUNDED_CURVE ( )  B_SPLINE_CURVE ( 3, ( #5746, #10209, #4087, #7562 ),
 .UNSPECIFIED., .F., .F. ) 
 B_SPLINE_CURVE_WITH_KNOTS ( ( 4, 4 ),
 ( 0.000000000000000000, 1.570796326794896558 ),
 .UNSPECIFIED. ) 
 CURVE ( )  GEOMETRIC_REPRESENTATION_ITEM ( )  RATIONAL_B_SPLINE_CURVE ( ( 1.000000000000000000, 0.8047378541243649375, 0.8047378541243649375, 1.000000000000000000 ) ) 
 REPRESENTATION_ITEM ( '' )  );
#3214 = ORIENTED_EDGE ( 'NONE', *, *, #3076, .F. ) ;
#3215 = AXIS2_PLACEMENT_3D ( 'NONE', #3250, #1532, #1590 ) ;
#3217 = DIRECTION ( 'NONE',  ( 1.000000000000000000, 0.000000000000000000, -4.606734542013097089E-16 ) ) ;
#3216 = AXIS2_PLACEMENT_3D ( 'NONE', #3695, #7179, #5580 ) ;
#3218 = DIRECTION ( 'NONE',  ( -1.000000000000000000, 0.000000000000000000, 0.000000000000000000 ) ) ;
#3219 = EDGE_CURVE ( 'NONE', #1635, #5261, #3416, .T. ) ;
#3220 = ORIENTED_EDGE ( 'NONE', *, *, #6874, .F. ) ;
#3221 = VECTOR ( 'NONE', #3017, 39.37007874015748143 ) ;
#3222 = CARTESIAN_POINT ( 'NONE',  ( -0.7307633954321682834, 0.1574803149606299191, 3.185362398774762571 ) ) ;
#3223 = CARTESIAN_POINT ( 'NONE',  ( -1.549106938606536144, 0.000000000000000000, 4.013548461634169229 ) ) ;
#3224 = VERTEX_POINT ( 'NONE', #6017 ) ;
#3225 = LINE ( 'NONE', #10039, #3313 ) ;
#3226 = CARTESIAN_POINT ( 'NONE',  ( 0.8046696754339731639, 0.1690115440477737152, 1.810238461501450846 ) ) ;
#3227 = EDGE_CURVE ( 'NONE', #1206, #2149, #812, .T. ) ;
#3228 = EDGE_CURVE ( 'NONE', #4372, #7924, #1402, .T. ) ;
#3229 = SHAPE_REPRESENTATION ( 'Calculator_Plate', ( #8599 ), #8254 ) ;
#3230 = CARTESIAN_POINT ( 'NONE',  ( 2.043412746432833327, 0.1771653543307086520, -2.039601144665043719 ) ) ;
#3231 = ORIENTED_EDGE ( 'NONE', *, *, #4086, .T. ) ;
#3232 = CARTESIAN_POINT ( 'NONE',  ( -1.833570960793583726, 0.5905511811023621549, 1.077862474882603339 ) ) ;
#3233 = LINE ( 'NONE', #4935, #6022 ) ;
#3234 = LINE ( 'NONE', #6714, #5593 ) ;
#3235 = APPLICATION_PROTOCOL_DEFINITION ( 'draft international standard', 'automotive_design', 1998, #1382 ) ;
#3236 = VERTEX_POINT ( 'NONE', #8587 ) ;
#3237 = DIRECTION ( 'NONE',  ( 2.312964634635742957E-16, -0.000000000000000000, -1.000000000000000000 ) ) ;
#3238 = CARTESIAN_POINT ( 'NONE',  ( 0.6640455812112220357, 0.1771653543307086520, 1.022836886698301750 ) ) ;
#3239 = ORIENTED_EDGE ( 'NONE', *, *, #4938, .T. ) ;
#3240 = ORIENTED_EDGE ( 'NONE', *, *, #11043, .F. ) ;
#3241 = EDGE_LOOP ( 'NONE', ( #7811, #7894, #5989, #5870 ) ) ;
#3242 = LINE ( 'NONE', #8372, #7878 ) ;
#3243 = CARTESIAN_POINT ( 'NONE',  ( -0.1036709542218486463, 0.1574803149606299191, -1.198936253770385131E-17 ) ) ;
#3244 = CARTESIAN_POINT ( 'NONE',  ( 1.468131882424878132, -3.414809992080329023E-17, 2.473700668492356147 ) ) ;
#3245 = CARTESIAN_POINT ( 'NONE',  ( 0.7849846360638992326, 0.1574803149606299191, 9.078208509741042528E-16 ) ) ;
#3246 = CARTESIAN_POINT ( 'NONE',  ( -0.7319505485663042599, 0.1507476349739041155, 1.651116481042756767 ) ) ;
#3247 = CARTESIAN_POINT ( 'NONE',  ( 0.7849846360638947917, 0.1574803149606299191, 1.815641701948198250E-16 ) ) ;
#3248 = ORIENTED_EDGE ( 'NONE', *, *, #1546, .T. ) ;
#3249 = VERTEX_POINT ( 'NONE', #9582 ) ;
#3250 = CARTESIAN_POINT ( 'NONE',  ( 0.9997202581320655534, 0.4724409448818898127, 3.998881032528259105 ) ) ;
#3251 = CARTESIAN_POINT ( 'NONE',  ( 0.6443605418411432195, 0.1574803149606299191, 3.953078934207834294 ) ) ;
#3252 = EDGE_CURVE ( 'NONE', #10413, #9138, #5163, .T. ) ;
#3253 = ORIENTED_EDGE ( 'NONE', *, *, #5082, .T. ) ;
#3254 = DIRECTION ( 'NONE',  ( 1.368951553890978336E-17, 0.000000000000000000, -1.000000000000000000 ) ) ;
#3255 = ORIENTED_EDGE ( 'NONE', *, *, #9811, .T. ) ;
#3256 = FILL_AREA_STYLE_COLOUR ( '', #3338 ) ;
#3257 = DIRECTION ( 'NONE',  ( 0.000000000000000000, 0.000000000000000000, 1.000000000000000000 ) ) ;
#3258 = ORIENTED_EDGE ( 'NONE', *, *, #9471, .F. ) ;
#3259 = ORIENTED_EDGE ( 'NONE', *, *, #7457, .F. ) ;
#3260 = CARTESIAN_POINT ( 'NONE',  ( 1.925302510212361318, -0.2952755905511810774, -1.878183821830397449 ) ) ;
#3261 = CARTESIAN_POINT ( 'NONE',  ( 0.8130977858029124761, 0.1771653543307086520, 1.641501217539681701 ) ) ;
#3262 = PLANE ( 'NONE',  #9245 ) ;
#3263 = ORIENTED_EDGE ( 'NONE', *, *, #7410, .T. ) ;
#3264 = EDGE_CURVE ( 'NONE', #7393, #4324, #5850, .T. ) ;
#3265 = CARTESIAN_POINT ( 'NONE',  ( -0.8898853758908628064, 0.1507476349739042265, 2.576767843800386704 ) ) ;
#3266 = ORIENTED_EDGE ( 'NONE', *, *, #8299, .F. ) ;
#3267 = AXIS2_PLACEMENT_3D ( 'NONE', #4292, #10361, #7773 ) ;
#3268 = AXIS2_PLACEMENT_3D ( 'NONE', #8972, #7020, #9662 ) ;
#3269 = CARTESIAN_POINT ( 'NONE',  ( -1.490051820496299806, 0.000000000000000000, 2.521900191783858158 ) ) ;
#3270 = EDGE_CURVE ( 'NONE', #609, #9575, #11281, .T. ) ;
#3271 = CARTESIAN_POINT ( 'NONE',  ( -0.06730118844126409261, 0.000000000000000000, 0.8737846821066108660 ) ) ;
#3272 =( BOUNDED_CURVE ( )  B_SPLINE_CURVE ( 3, ( #5871, #4222, #11251, #9321 ),
 .UNSPECIFIED., .F., .T. ) 
 B_SPLINE_CURVE_WITH_KNOTS ( ( 4, 4 ),
 ( 2.792526803190920059, 3.141592653589793116 ),
 .UNSPECIFIED. ) 
 CURVE ( )  GEOMETRIC_REPRESENTATION_ITEM ( )  RATIONAL_B_SPLINE_CURVE ( ( 1.000000000000000000, 0.9898718353414716065, 0.9898718353414716065, 1.000000000000000000 ) ) 
 REPRESENTATION_ITEM ( '' )  );
#3273 = DIRECTION ( 'NONE',  ( 0.5031907286678237723, 0.000000000000000000, -0.8641753818425659261 ) ) ;
#3274 = ADVANCED_FACE ( 'NONE', ( #4991 ), #10437, .T. ) ;
#3275 = ORIENTED_EDGE ( 'NONE', *, *, #4650, .F. ) ;
#3276 = CARTESIAN_POINT ( 'NONE',  ( 1.412077077274214387, 0.1574803149606299191, 3.185362398774762571 ) ) ;
#3277 = EDGE_CURVE ( 'NONE', #1855, #2673, #5610, .T. ) ;
#3278 = LINE ( 'NONE', #746, #6677 ) ;
#3279 = AXIS2_PLACEMENT_3D ( 'NONE', #8580, #4849, #4306 ) ;
#3280 = EDGE_LOOP ( 'NONE', ( #95, #1837, #853, #6760 ) ) ;
#3281 = LINE ( 'NONE', #11001, #972 ) ;
#3282 = ORIENTED_EDGE ( 'NONE', *, *, #1957, .F. ) ;
#3283 = DIRECTION ( 'NONE',  ( 0.000000000000000000, -0.000000000000000000, -1.000000000000000000 ) ) ;
#3284 = AXIS2_PLACEMENT_3D ( 'NONE', #2684, #9611, #1774 ) ;
#3285 = EDGE_CURVE ( 'NONE', #8990, #4994, #6831, .T. ) ;
#3286 = AXIS2_PLACEMENT_3D ( 'NONE', #8141, #9985, #7505 ) ;
#3287 = SURFACE_STYLE_FILL_AREA ( #4837 ) ;
#3288 = DIRECTION ( 'NONE',  ( 0.000000000000000000, 0.000000000000000000, 1.000000000000000000 ) ) ;
#3289 = LINE ( 'NONE', #1630, #9602 ) ;
#3290 = VERTEX_POINT ( 'NONE', #7787 ) ;
#3291 = DIRECTION ( 'NONE',  ( -8.788338571682101024E-17, 0.000000000000000000, -1.000000000000000000 ) ) ;
#3292 = LINE ( 'NONE', #7466, #6486 ) ;
#3293 = VERTEX_POINT ( 'NONE', #8467 ) ;
#3294 = ORIENTED_EDGE ( 'NONE', *, *, #6633, .F. ) ;
#3295 = VERTEX_POINT ( 'NONE', #2429 ) ;
#3296 = CIRCLE ( 'NONE', #8392, 0.09842519685039378963 ) ;
#3297 = CARTESIAN_POINT ( 'NONE',  ( 0.04538125036984168997, 0.1771653543307086520, 3.176934288405823370 ) ) ;
#3298 = DIRECTION ( 'NONE',  ( -4.625929269271485914E-16, 0.000000000000000000, 1.000000000000000000 ) ) ;
#3299 = LINE ( 'NONE', #1642, #1988 ) ;
#3300 = ORIENTED_EDGE ( 'NONE', *, *, #497, .T. ) ;
#3301 = EDGE_CURVE ( 'NONE', #3391, #1221, #5902, .T. ) ;
#3302 = EDGE_CURVE ( 'NONE', #8917, #6267, #485, .T. ) ;
#3303 = CARTESIAN_POINT ( 'NONE',  ( 0.000000000000000000, 0.1574803149606299191, 1.810238461501450846 ) ) ;
#3304 = DIRECTION ( 'NONE',  ( -1.000000000000000000, 0.000000000000000000, 0.000000000000000000 ) ) ;
#3305 = CYLINDRICAL_SURFACE ( 'NONE', #402, 0.01968503937007875723 ) ;
#3306 = ORIENTED_EDGE ( 'NONE', *, *, #8507, .F. ) ;
#3307 = ORIENTED_EDGE ( 'NONE', *, *, #10363, .T. ) ;
#3308 = DIRECTION ( 'NONE',  ( -0.000000000000000000, 1.000000000000000000, -0.000000000000000000 ) ) ;
#3309 = ORIENTED_EDGE ( 'NONE', *, *, #3548, .T. ) ;
#3310 = CYLINDRICAL_SURFACE ( 'NONE', #1498, 0.01968503937007875723 ) ;
#3311 = ORIENTED_EDGE ( 'NONE', *, *, #4706, .F. ) ;
#3312 = DIRECTION ( 'NONE',  ( -0.000000000000000000, -1.000000000000000000, -0.000000000000000000 ) ) ;
#3313 = VECTOR ( 'NONE', #1453, 39.37007874015748143 ) ;
#3314 = DIRECTION ( 'NONE',  ( -0.000000000000000000, -1.000000000000000000, 0.000000000000000000 ) ) ;
#3315 = CARTESIAN_POINT ( 'NONE',  ( -0.7307633954321686165, 0.1690115440477737707, 1.649929327908621568 ) ) ;
#3316 = ORIENTED_EDGE ( 'NONE', *, *, #1053, .T. ) ;
#3317 = DIRECTION ( 'NONE',  ( 0.000000000000000000, 1.000000000000000000, -0.000000000000000000 ) ) ;
#3318 = VECTOR ( 'NONE', #4335, 39.37007874015748143 ) ;
#3319 = LINE ( 'NONE', #5876, #8533 ) ;
#3320 = DIRECTION ( 'NONE',  ( -1.000000000000000000, -0.000000000000000000, -0.000000000000000000 ) ) ;
#3321 = VERTEX_POINT ( 'NONE', #2600 ) ;
#3322 = CARTESIAN_POINT ( 'NONE',  ( 0.000000000000000000, 0.1574803149606299191, 0.9018978318456289944 ) ) ;
#3323 = CARTESIAN_POINT ( 'NONE',  ( 0.000000000000000000, 0.1574803149606299191, 0.9018978318456289944 ) ) ;
#3324 = ORIENTED_EDGE ( 'NONE', *, *, #10679, .T. ) ;
#3325 = AXIS2_PLACEMENT_3D ( 'NONE', #8538, #6729, #10066 ) ;
#3326 = CARTESIAN_POINT ( 'NONE',  ( 0.6443605418411432195, 0.1690115440477737152, 2.577954996934521681 ) ) ;
#3327 = CARTESIAN_POINT ( 'NONE',  ( 0.7004153469918068531, 0.000000000000000000, 0.8737846821066108660 ) ) ;
#3328 = FACE_OUTER_BOUND ( 'NONE', #107, .T. ) ;
#3329 = VECTOR ( 'NONE', #2282, 39.37007874015748143 ) ;
#3330 = DIRECTION ( 'NONE',  ( -0.9396926207859080948, 0.3420201433256694346, -9.508956621963668180E-17 ) ) ;
#3331 = EDGE_CURVE ( 'NONE', #360, #3159, #10877, .T. ) ;
#3332 = EDGE_CURVE ( 'NONE', #3087, #366, #1558, .T. ) ;
#3333 = DIRECTION ( 'NONE',  ( -1.000000000000000000, 0.000000000000000000, 0.000000000000000000 ) ) ;
#3334 = CARTESIAN_POINT ( 'NONE',  ( -1.814854970102598219, 0.000000000000000000, 4.121816178169601663 ) ) ;
#3335 = VECTOR ( 'NONE', #5525, 39.37007874015748143 ) ;
#3336 = ORIENTED_EDGE ( 'NONE', *, *, #8290, .T. ) ;
#3337 = LINE ( 'NONE', #3682, #8578 ) ;
#3338 = COLOUR_RGB ( '',0.7921568627450980005, 0.8196078431372548767, 0.9333333333333333481 ) ;
#3339 = CARTESIAN_POINT ( 'NONE',  ( -1.498479930865239229, 0.1574803149606299191, 2.417645863341691737 ) ) ;
#3340 = EDGE_CURVE ( 'NONE', #3579, #6929, #11163, .T. ) ;
#3341 = ORIENTED_EDGE ( 'NONE', *, *, #9544, .T. ) ;
#3342 = DIRECTION ( 'NONE',  ( -0.000000000000000000, -1.000000000000000000, -0.000000000000000000 ) ) ;
#3343 = ORIENTED_EDGE ( 'NONE', *, *, #6691, .F. ) ;
#3344 = VECTOR ( 'NONE', #6212, 39.37007874015748143 ) ;
#3345 = DIRECTION ( 'NONE',  ( 8.788338571682099792E-17, 0.000000000000000000, -1.000000000000000000 ) ) ;
#3346 = EDGE_CURVE ( 'NONE', #7378, #9636, #295, .T. ) ;
#3347 = DIRECTION ( 'NONE',  ( -1.156482317317871478E-16, 0.000000000000000000, 1.000000000000000000 ) ) ;
#3348 = VERTEX_POINT ( 'NONE', #1056 ) ;
#3349 = DIRECTION ( 'NONE',  ( 0.000000000000000000, 0.000000000000000000, 1.000000000000000000 ) ) ;
#3350 = DIRECTION ( 'NONE',  ( 0.000000000000000000, 0.000000000000000000, 1.000000000000000000 ) ) ;
#3351 = ORIENTED_EDGE ( 'NONE', *, *, #1210, .T. ) ;
#3352 = CARTESIAN_POINT ( 'NONE',  ( 1.420230887557149213, 0.1771653543307086798, 2.425799673624626340 ) ) ;
#3353 = DIRECTION ( 'NONE',  ( 0.000000000000000000, 1.000000000000000000, -0.000000000000000000 ) ) ;
#3354 = ORIENTED_EDGE ( 'NONE', *, *, #3145, .F. ) ;
#3355 = EDGE_LOOP ( 'NONE', ( #1446, #10440, #693, #9683 ) ) ;
#3356 = EDGE_CURVE ( 'NONE', #3453, #9283, #6129, .T. ) ;
#3357 = DIRECTION ( 'NONE',  ( 0.000000000000000000, 0.000000000000000000, -1.000000000000000000 ) ) ;
#3358 = LINE ( 'NONE', #6839, #9937 ) ;
#3359 =( BOUNDED_CURVE ( )  B_SPLINE_CURVE ( 3, ( #3185, #1307, #7468, #7416 ),
 .UNSPECIFIED., .F., .F. ) 
 B_SPLINE_CURVE_WITH_KNOTS ( ( 4, 4 ),
 ( 5.934119456780720725, 6.283185307179586232 ),
 .UNSPECIFIED. ) 
 CURVE ( )  GEOMETRIC_REPRESENTATION_ITEM ( )  RATIONAL_B_SPLINE_CURVE ( ( 1.000000000000000000, 0.9898718353414720506, 0.9898718353414720506, 1.000000000000000000 ) ) 
 REPRESENTATION_ITEM ( '' )  );
#3360 = DIRECTION ( 'NONE',  ( -1.000000000000000000, -0.000000000000000000, -0.000000000000000000 ) ) ;
#3361 = ORIENTED_EDGE ( 'NONE', *, *, #2280, .F. ) ;
#3362 = CARTESIAN_POINT ( 'NONE',  ( 0.8034825222998376315, 0.1507476349739041155, 3.186549551908898437 ) ) ;
#3363 = DIRECTION ( 'NONE',  ( 1.000000000000000000, 0.000000000000000000, 1.156482317317871725E-16 ) ) ;
#3364 = CYLINDRICAL_SURFACE ( 'NONE', #3137, 0.01968503937007875723 ) ;
#3365 = ORIENTED_EDGE ( 'NONE', *, *, #104, .T. ) ;
#3366 = ORIENTED_EDGE ( 'NONE', *, *, #2218, .F. ) ;
#3367 = FACE_BOUND ( 'NONE', #7551, .T. ) ;
#3368 = VECTOR ( 'NONE', #5027, 39.37007874015748143 ) ;
#3369 = ORIENTED_EDGE ( 'NONE', *, *, #2506, .T. ) ;
#3370 = EDGE_CURVE ( 'NONE', #9301, #8869, #1978, .T. ) ;
#3371 = CARTESIAN_POINT ( 'NONE',  ( -1.498879697478703532, 0.1529109616598305632, 2.577555230321057156 ) ) ;
#3372 = EDGE_CURVE ( 'NONE', #9686, #9804, #9010, .T. ) ;
#3373 = DIRECTION ( 'NONE',  ( -2.312964634635742957E-16, 0.000000000000000000, 1.000000000000000000 ) ) ;
#3374 = CARTESIAN_POINT ( 'NONE',  ( -0.7307633954321685055, 0.1574803149606299191, 1.649929327908621346 ) ) ;
#3375 = AXIS2_PLACEMENT_3D ( 'NONE', #6207, #9653, #774 ) ;
#3376 = DIRECTION ( 'NONE',  ( 0.3236155771181853935, 0.8891264907159878161, -0.3236155771181854490 ) ) ;
#3377 = CARTESIAN_POINT ( 'NONE',  ( -0.8713874896549197446, 0.1771653543307086520, 2.437330902711770442 ) ) ;
#3378 = VERTEX_POINT ( 'NONE', #3696 ) ;
#3379 = CARTESIAN_POINT ( 'NONE',  ( 2.043412746432834215, 0.000000000000000000, 0.2952514739630043294 ) ) ;
#3380 = DIRECTION ( 'NONE',  ( 0.000000000000000000, 1.000000000000000000, 0.000000000000000000 ) ) ;
#3381 = ORIENTED_EDGE ( 'NONE', *, *, #3548, .F. ) ;
#3382 = DIRECTION ( 'NONE',  ( -1.156482317317871478E-16, 0.000000000000000000, 1.000000000000000000 ) ) ;
#3383 = VERTEX_POINT ( 'NONE', #9820 ) ;
#3384 = CARTESIAN_POINT ( 'NONE',  ( 0.000000000000000000, 0.1574803149606299191, 1.790553422131372141 ) ) ;
#3385 = AXIS2_PLACEMENT_3D ( 'NONE', #491, #3986, #5048 ) ;
#3386 = DIRECTION ( 'NONE',  ( -0.3236155771181851715, 0.8891264907159878161, -0.3236155771181855600 ) ) ;
#3387 = PLANE ( 'NONE',  #759 ) ;
#3388 = LINE ( 'NONE', #9285, #5670 ) ;
#3389 = CIRCLE ( 'NONE', #3767, 0.09842519685039378963 ) ;
#3390 = VECTOR ( 'NONE', #5714, 39.37007874015748143 ) ;
#3391 = VERTEX_POINT ( 'NONE', #10730 ) ;
#3392 = CARTESIAN_POINT ( 'NONE',  ( -0.7307633954321685055, 0.1551781507868630616, 3.345671532367592071 ) ) ;
#3393 = CARTESIAN_POINT ( 'NONE',  ( -1.506633741148173833, 0.1771653543307086798, 1.802084651218516242 ) ) ;
#3394 = EDGE_CURVE ( 'NONE', #6898, #8792, #9791, .T. ) ;
#3395 = EDGE_LOOP ( 'NONE', ( #7097, #8699, #3452, #1227 ) ) ;
#3396 = CIRCLE ( 'NONE', #9803, 0.1377952755905512972 ) ;
#3397 = VERTEX_POINT ( 'NONE', #196 ) ;
#3398 = CARTESIAN_POINT ( 'NONE',  ( 1.431762116644293092, 0.1574803149606299191, 0.000000000000000000 ) ) ;
#3399 = VERTEX_POINT ( 'NONE', #1922 ) ;
#3400 = FACE_OUTER_BOUND ( 'NONE', #11107, .T. ) ;
#3401 = CARTESIAN_POINT ( 'NONE',  ( 0.8046696754339729418, 0.1574803149606299191, 1.649929327908620902 ) ) ;
#3402 = VERTEX_POINT ( 'NONE', #7180 ) ;
#3403 = ADVANCED_FACE ( 'NONE', ( #1864 ), #7121, .F. ) ;
#3404 = DIRECTION ( 'NONE',  ( 0.000000000000000000, 0.000000000000000000, 1.000000000000000000 ) ) ;
#3405 = CARTESIAN_POINT ( 'NONE',  ( 2.181208022023385595, 0.000000000000000000, 0.2952514739630042184 ) ) ;
#3406 = VECTOR ( 'NONE', #8634, 39.37007874015748143 ) ;
#3407 = PLANE ( 'NONE',  #1004 ) ;
#3408 = PLANE ( 'NONE',  #798 ) ;
#3409 = ORIENTED_EDGE ( 'NONE', *, *, #2249, .T. ) ;
#3410 = EDGE_CURVE ( 'NONE', #9585, #2513, #4671, .T. ) ;
#3411 = EDGE_LOOP ( 'NONE', ( #2434, #10868, #2279, #9986 ) ) ;
#3412 = ORIENTED_EDGE ( 'NONE', *, *, #11263, .F. ) ;
#3413 = ADVANCED_FACE ( 'NONE', ( #1799 ), #3575, .T. ) ;
#3414 = DIRECTION ( 'NONE',  ( 0.000000000000000000, 0.000000000000000000, 1.000000000000000000 ) ) ;
#3415 = CYLINDRICAL_SURFACE ( 'NONE', #4807, 0.09448818897637792369 ) ;
#3416 = CIRCLE ( 'NONE', #9819, 0.05905511811023627516 ) ;
#3417 = CARTESIAN_POINT ( 'NONE',  ( 0.03695314000090248185, 0.1690115440477736874, 1.810238461501451068 ) ) ;
#3418 = CARTESIAN_POINT ( 'NONE',  ( -1.716429773252204694, 0.1968503937007874405, 3.787170508878263231 ) ) ;
#3419 = ADVANCED_FACE ( 'NONE', ( #1176 ), #8826, .T. ) ;
#3420 = CARTESIAN_POINT ( 'NONE',  ( -0.8906727624115337028, 0.1529109616598305355, 1.042122159454915709 ) ) ;
#3421 = LINE ( 'NONE', #6955, #9345 ) ;
#3422 = ORIENTED_EDGE ( 'NONE', *, *, #3623, .F. ) ;
#3423 = FACE_OUTER_BOUND ( 'NONE', #563, .T. ) ;
#3424 = EDGE_CURVE ( 'NONE', #1300, #10992, #7652, .T. ) ;
#3425 = ORIENTED_EDGE ( 'NONE', *, *, #4984, .F. ) ;
#3426 = LINE ( 'NONE', #4163, #8800 ) ;
#3427 =( BOUNDED_CURVE ( )  B_SPLINE_CURVE ( 3, ( #11273, #9513, #3393, #6875 ),
 .UNSPECIFIED., .F., .F. ) 
 B_SPLINE_CURVE_WITH_KNOTS ( ( 4, 4 ),
 ( 3.141592653589793116, 4.712388980384689674 ),
 .UNSPECIFIED. ) 
 CURVE ( )  GEOMETRIC_REPRESENTATION_ITEM ( )  RATIONAL_B_SPLINE_CURVE ( ( 1.000000000000000000, 0.8047378541243649375, 0.8047378541243649375, 1.000000000000000000 ) ) 
 REPRESENTATION_ITEM ( '' )  );
#3428 = ORIENTED_EDGE ( 'NONE', *, *, #9121, .F. ) ;
#3429 = CARTESIAN_POINT ( 'NONE',  ( -0.8601305606537805737, 0.000000000000000000, -0.1035775226177996777 ) ) ;
#3430 = LINE ( 'NONE', #9601, #4066 ) ;
#3431 = DIRECTION ( 'NONE',  ( -0.3236155771181852825, 0.8891264907159878161, 0.3236155771181852270 ) ) ;
#3432 = ORIENTED_EDGE ( 'NONE', *, *, #3553, .F. ) ;
#3433 = VERTEX_POINT ( 'NONE', #1119 ) ;
#3434 = LINE ( 'NONE', #5131, #6373 ) ;
#3435 = EDGE_LOOP ( 'NONE', ( #9550, #7758, #6910, #7904 ) ) ;
#3436 = EDGE_CURVE ( 'NONE', #10382, #11022, #703, .T. ) ;
#3437 = DIRECTION ( 'NONE',  ( 1.000000000000000000, -0.000000000000000000, 0.000000000000000000 ) ) ;
#3438 = ADVANCED_FACE ( 'NONE', ( #7901 ), #4604, .F. ) ;
#3439 = CARTESIAN_POINT ( 'NONE',  ( -0.7307633954321685055, 0.1574803149606299191, 0.8822127924755500672 ) ) ;
#3440 = ORIENTED_EDGE ( 'NONE', *, *, #898, .F. ) ;
#3441 = ORIENTED_EDGE ( 'NONE', *, *, #7511, .F. ) ;
#3442 = CYLINDRICAL_SURFACE ( 'NONE', #3880, 0.09842519685039365085 ) ;
#3443 = VERTEX_POINT ( 'NONE', #3757 ) ;
#3444 = DIRECTION ( 'NONE',  ( -0.3420201433256694346, -0.9396926207859080948, 0.000000000000000000 ) ) ;
#3445 = CARTESIAN_POINT ( 'NONE',  ( -1.578634497661653313, 0.1968503937007874127, 3.924965784468814611 ) ) ;
#3446 = ADVANCED_FACE ( 'NONE', ( #10174 ), #5120, .T. ) ;
#3447 = VECTOR ( 'NONE', #86, 39.37007874015748143 ) ;
#3448 = ADVANCED_FACE ( 'NONE', ( #11192 ), #6848, .T. ) ;
#3449 = ORIENTED_EDGE ( 'NONE', *, *, #10091, .F. ) ;
#3450 = CARTESIAN_POINT ( 'NONE',  ( 0.03695314000090248185, 0.1574803149606299191, 2.577954996934521681 ) ) ;
#3451 = CYLINDRICAL_SURFACE ( 'NONE', #9992, 0.01968503937007875723 ) ;
#3452 = ORIENTED_EDGE ( 'NONE', *, *, #1546, .F. ) ;
#3453 = VERTEX_POINT ( 'NONE', #5404 ) ;
#3454 = ORIENTED_EDGE ( 'NONE', *, *, #6324, .F. ) ;
#3455 = DIRECTION ( 'NONE',  ( 0.000000000000000000, 0.000000000000000000, 1.000000000000000000 ) ) ;
#3456 = ADVANCED_FACE ( 'NONE', ( #197 ), #1750, .F. ) ;
#3457 = CARTESIAN_POINT ( 'NONE',  ( 1.412077077274214387, 0.1551781507868631171, 1.810238461501450846 ) ) ;
#3458 = AXIS2_PLACEMENT_3D ( 'NONE', #10447, #6028, #9538 ) ;
#3459 = LINE ( 'NONE', #755, #916 ) ;
#3460 = LINE ( 'NONE', #10435, #296 ) ;
#3461 = VECTOR ( 'NONE', #9522, 39.37007874015748143 ) ;
#3462 = CARTESIAN_POINT ( 'NONE',  ( 0.5740857532712967393, 0.3470877061559770049, 1.579654539338774422 ) ) ;
#3463 = DIRECTION ( 'NONE',  ( 1.000000000000000000, 0.000000000000000000, -1.151683635503274519E-16 ) ) ;
#3464 = VERTEX_POINT ( 'NONE', #3521 ) ;
#3465 = VERTEX_POINT ( 'NONE', #10499 ) ;
#3466 = LINE ( 'NONE', #5052, #8807 ) ;
#3467 = FACE_OUTER_BOUND ( 'NONE', #5194, .T. ) ;
#3468 = AXIS2_PLACEMENT_3D ( 'NONE', #3859, #1859, #5339 ) ;
#3469 = EDGE_CURVE ( 'NONE', #91, #409, #2658, .T. ) ;
#3470 = AXIS2_PLACEMENT_3D ( 'NONE', #5628, #10781, #4655 ) ;
#3471 = CARTESIAN_POINT ( 'NONE',  ( 2.181208022023385595, 0.1771653543307086520, -1.004824633837119412E-15 ) ) ;
#3472 = EDGE_CURVE ( 'NONE', #4993, #10736, #6861, .T. ) ;
#3473 = CARTESIAN_POINT ( 'NONE',  ( -2.504880698959022168E-16, 0.000000000000000000, -2.039601144665043275 ) ) ;
#3474 = CARTESIAN_POINT ( 'NONE',  ( -0.8898853758908630285, 0.1507476349739041432, 1.041334772934244812 ) ) ;
#3475 = ORIENTED_EDGE ( 'NONE', *, *, #3227, .F. ) ;
#3476 = VECTOR ( 'NONE', #7411, 39.37007874015748143 ) ;
#3477 = FACE_OUTER_BOUND ( 'NONE', #3280, .T. ) ;
#3478 = CARTESIAN_POINT ( 'NONE',  ( -0.8829187187420636240, 0.1771653543307086798, 1.034368115785445408 ) ) ;
#3479 = DIRECTION ( 'NONE',  ( 1.000000000000000000, -0.000000000000000000, -0.000000000000000000 ) ) ;
#3480 = CARTESIAN_POINT ( 'NONE',  ( -0.7223352850632289712, 0.1771653543307086520, 0.2832335010042487111 ) ) ;
#3481 = ADVANCED_FACE ( 'NONE', ( #7352 ), #6650, .T. ) ;
#3482 = CARTESIAN_POINT ( 'NONE',  ( -1.498479930865239007, 0.1690115440477737152, 3.345671532367593404 ) ) ;
#3483 = VERTEX_POINT ( 'NONE', #909 ) ;
#3484 = EDGE_LOOP ( 'NONE', ( #8880, #5894 ) ) ;
#3485 = VECTOR ( 'NONE', #437, 39.37007874015748143 ) ;
#3486 = EDGE_LOOP ( 'NONE', ( #1486, #2648, #1443, #925 ) ) ;
#3487 = FACE_OUTER_BOUND ( 'NONE', #5402, .T. ) ;
#3488 = EDGE_CURVE ( 'NONE', #782, #6246, #1895, .T. ) ;
#3489 = DIRECTION ( 'NONE',  ( 1.000000000000000000, 0.000000000000000000, 2.312964634635747887E-16 ) ) ;
#3490 = ORIENTED_EDGE ( 'NONE', *, *, #8632, .F. ) ;
#3491 = CYLINDRICAL_SURFACE ( 'NONE', #1830, 0.01968503937007875723 ) ;
#3492 = DIRECTION ( 'NONE',  ( -2.379584353717864084E-16, 0.000000000000000000, 1.000000000000000000 ) ) ;
#3493 = EDGE_LOOP ( 'NONE', ( #1215, #6887, #7335, #6320 ) ) ;
#3494 = CARTESIAN_POINT ( 'NONE',  ( 2.043412746432833327, 0.1771653543307086520, -2.039601144665043719 ) ) ;
#3495 = PRODUCT ( 'Calculator_Assem', 'Calculator_Assem', '', ( #2318 ) ) ;
#3496 = DIRECTION ( 'NONE',  ( -2.312964634635742957E-16, 0.000000000000000000, 1.000000000000000000 ) ) ;
#3497 = CIRCLE ( 'NONE', #6595, 0.1377952755905511861 ) ;
#3498 = CARTESIAN_POINT ( 'NONE',  ( 1.697423192914377932, 0.4724409448818899238, -0.2610578375784290417 ) ) ;
#3499 = CARTESIAN_POINT ( 'NONE',  ( 0.000000000000000000, 0.1771653543307086520, 0.000000000000000000 ) ) ;
#3500 = CARTESIAN_POINT ( 'NONE',  ( -0.1233559935919283090, 0.1574803149606299191, 3.185362398774762571 ) ) ;
#3501 = EDGE_CURVE ( 'NONE', #8, #6116, #8982, .T. ) ;
#3502 = DIRECTION ( 'NONE',  ( 0.000000000000000000, -1.000000000000000000, 0.000000000000000000 ) ) ;
#3503 = ORIENTED_EDGE ( 'NONE', *, *, #2146, .T. ) ;
#3504 = CARTESIAN_POINT ( 'NONE',  ( 1.944987549582441355, 0.5905511811023621549, 0.2379405998475863648 ) ) ;
#3505 = VECTOR ( 'NONE', #6736, 39.37007874015748143 ) ;
#3506 = DIRECTION ( 'NONE',  ( -1.000000000000000000, 0.000000000000000000, 0.000000000000000000 ) ) ;
#3507 = VERTEX_POINT ( 'NONE', #3500 ) ;
#3508 = ORIENTED_EDGE ( 'NONE', *, *, #7609, .T. ) ;
#3509 = EDGE_CURVE ( 'NONE', #6171, #4269, #2636, .T. ) ;
#3510 = EDGE_CURVE ( 'NONE', #4729, #1704, #1033, .T. ) ;
#3511 = ORIENTED_EDGE ( 'NONE', *, *, #428, .T. ) ;
#3513 = ORIENTED_EDGE ( 'NONE', *, *, #5447, .T. ) ;
#3512 = AXIS2_PLACEMENT_3D ( 'NONE', #4680, #6332, #6451 ) ;
#3514 = DIRECTION ( 'NONE',  ( 0.000000000000000000, -0.000000000000000000, -1.000000000000000000 ) ) ;
#3515 = DIRECTION ( 'NONE',  ( 0.000000000000000000, 0.000000000000000000, 1.000000000000000000 ) ) ;
#3516 = CIRCLE ( 'NONE', #4243, 0.09842519685039363697 ) ;
#3517 = ORIENTED_EDGE ( 'NONE', *, *, #6521, .T. ) ;
#3518 = CYLINDRICAL_SURFACE ( 'NONE', #10966, 0.09842519685039378963 ) ;
#3519 = DIRECTION ( 'NONE',  ( -1.000000000000000000, 0.000000000000000000, 1.284980352575412206E-16 ) ) ;
#3520 = DIRECTION ( 'NONE',  ( -0.000000000000000000, -1.000000000000000000, 0.000000000000000000 ) ) ;
#3521 = CARTESIAN_POINT ( 'NONE',  ( -0.06730118844126405098, 3.414809992080329023E-17, 1.754183656350787546 ) ) ;
#3522 = CARTESIAN_POINT ( 'NONE',  ( -0.7223352850632291933, 0.1507476349739040877, 3.344484379233457094 ) ) ;
#3523 = AXIS2_PLACEMENT_3D ( 'NONE', #10443, #21, #4373 ) ;
#3524 = ORIENTED_EDGE ( 'NONE', *, *, #3069, .F. ) ;
#3525 = CARTESIAN_POINT ( 'NONE',  ( 3.675545029056271151E-15, 0.1771653543307086520, 3.972763973577912999 ) ) ;
#3526 = EDGE_CURVE ( 'NONE', #11035, #5730, #9678, .T. ) ;
#3527 = VECTOR ( 'NONE', #5053, 39.37007874015748854 ) ;
#3528 = CARTESIAN_POINT ( 'NONE',  ( -0.1036709542218490210, 0.1771653543307086520, 1.669614367278699829 ) ) ;
#3529 = ORIENTED_EDGE ( 'NONE', *, *, #5543, .F. ) ;
#3530 = FACE_OUTER_BOUND ( 'NONE', #5677, .T. ) ;
#3531 = FACE_OUTER_BOUND ( 'NONE', #8175, .T. ) ;
#3532 = DIRECTION ( 'NONE',  ( 0.000000000000000000, 0.000000000000000000, -1.000000000000000000 ) ) ;
#3533 = LINE ( 'NONE', #826, #208 ) ;
#3534 = ORIENTED_EDGE ( 'NONE', *, *, #555, .F. ) ;
#3535 = CARTESIAN_POINT ( 'NONE',  ( 0.6443605418411432195, 0.1574803149606299191, 0.000000000000000000 ) ) ;
#3536 = FACE_OUTER_BOUND ( 'NONE', #4588, .T. ) ;
#3537 = EDGE_CURVE ( 'NONE', #10014, #4861, #10153, .T. ) ;
#3538 = ORIENTED_EDGE ( 'NONE', *, *, #4929, .F. ) ;
#3539 = CARTESIAN_POINT ( 'NONE',  ( -0.7504484348022470996, 0.1771653543307086520, 3.205047438144841276 ) ) ;
#3540 =( NAMED_UNIT ( * ) SI_UNIT ( $, .STERADIAN. ) SOLID_ANGLE_UNIT ( ) );
#3541 = LINE ( 'NONE', #9779, #517 ) ;
#3542 = ORIENTED_EDGE ( 'NONE', *, *, #1459, .T. ) ;
#3543 = CARTESIAN_POINT ( 'NONE',  ( -0.1221688404577920967, 0.1507476349739041432, 1.641501217539681479 ) ) ;
#3544 = LINE ( 'NONE', #9554, #6494 ) ;
#3545 = ORIENTED_EDGE ( 'NONE', *, *, #3219, .F. ) ;
#3546 = LINE ( 'NONE', #4453, #8956 ) ;
#3547 = DIRECTION ( 'NONE',  ( 0.000000000000000000, -0.000000000000000000, -1.000000000000000000 ) ) ;
#3548 = EDGE_CURVE ( 'NONE', #10688, #1804, #3389, .T. ) ;
#3549 = DIRECTION ( 'NONE',  ( 0.000000000000000000, 0.000000000000000000, -1.000000000000000000 ) ) ;
#3550 = ORIENTED_EDGE ( 'NONE', *, *, #9012, .T. ) ;
#3551 = CARTESIAN_POINT ( 'NONE',  ( 0.04538125036984168997, 0.1771653543307086520, 2.409217752972752535 ) ) ;
#3552 = DIRECTION ( 'NONE',  ( 0.5031907286678232172, 0.000000000000000000, 0.8641753818425660372 ) ) ;
#3553 = EDGE_CURVE ( 'NONE', #2149, #10583, #1541, .T. ) ;
#3554 = CYLINDRICAL_SURFACE ( 'NONE', #3709, 0.05511811023622041616 ) ;
#3555 = CIRCLE ( 'NONE', #4649, 0.05511811023622041616 ) ;
#3556 = EDGE_LOOP ( 'NONE', ( #3670, #8067, #4526, #1847 ) ) ;
#3557 = CARTESIAN_POINT ( 'NONE',  ( -0.8713874896549191895, 0.1574803149606299191, -2.015488446635847471E-16 ) ) ;
#3558 = CARTESIAN_POINT ( 'NONE',  ( -2.267610875614410215, 0.1771653543307086520, 2.611570337134368189E-16 ) ) ;
#3559 = EDGE_LOOP ( 'NONE', ( #6381, #6913, #10744, #1616 ) ) ;
#3560 = CARTESIAN_POINT ( 'NONE',  ( -2.129815600023859279, 0.1771653543307086520, -1.901805869074491673 ) ) ;
#3561 = ADVANCED_FACE ( 'NONE', ( #5071 ), #10077, .T. ) ;
#3563 = ORIENTED_EDGE ( 'NONE', *, *, #6106, .F. ) ;
#3562 = AXIS2_PLACEMENT_3D ( 'NONE', #6255, #9073, #4775 ) ;
#3564 = FACE_OUTER_BOUND ( 'NONE', #9624, .T. ) ;
#3565 = ORIENTED_EDGE ( 'NONE', *, *, #4137, .F. ) ;
#3566 = ORIENTED_EDGE ( 'NONE', *, *, #1435, .F. ) ;
#3567 = VERTEX_POINT ( 'NONE', #6578 ) ;
#3568 = VECTOR ( 'NONE', #9728, 39.37007874015748143 ) ;
#3569 = DIRECTION ( 'NONE',  ( -1.000000000000000000, 0.000000000000000000, 0.000000000000000000 ) ) ;
#3570 = PLANE ( 'NONE',  #4191 ) ;
#3571 = EDGE_LOOP ( 'NONE', ( #7205, #553, #9191, #9084 ) ) ;
#3572 = EDGE_CURVE ( 'NONE', #7617, #6720, #6562, .T. ) ;
#3573 =( BOUNDED_CURVE ( )  B_SPLINE_CURVE ( 3, ( #3040, #4852, #4631, #5715 ),
 .UNSPECIFIED., .F., .T. ) 
 B_SPLINE_CURVE_WITH_KNOTS ( ( 4, 4 ),
 ( 4.712388980384689674, 6.283185307179586232 ),
 .UNSPECIFIED. ) 
 CURVE ( )  GEOMETRIC_REPRESENTATION_ITEM ( )  RATIONAL_B_SPLINE_CURVE ( ( 1.000000000000000000, 0.8047378541243649375, 0.8047378541243649375, 1.000000000000000000 ) ) 
 REPRESENTATION_ITEM ( '' )  );
#3574 = EDGE_CURVE ( 'NONE', #1530, #360, #4116, .T. ) ;
#3575 = CYLINDRICAL_SURFACE ( 'NONE', #2856, 0.01968503937007875723 ) ;
#3576 = AXIS2_PLACEMENT_3D ( 'NONE', #4484, #3520, #77 ) ;
#3577 = DIRECTION ( 'NONE',  ( -0.000000000000000000, -1.000000000000000000, -0.000000000000000000 ) ) ;
#3578 = VECTOR ( 'NONE', #9038, 39.37007874015748143 ) ;
#3579 = VERTEX_POINT ( 'NONE', #3097 ) ;
#3580 = DIRECTION ( 'NONE',  ( 1.000000000000000000, 0.000000000000000000, 1.156482317317871725E-16 ) ) ;
#3581 = CARTESIAN_POINT ( 'NONE',  ( -2.011705363803387048, 0.4724409448818898127, -1.685270436003625694 ) ) ;
#3582 = EDGE_LOOP ( 'NONE', ( #6115, #2822, #863, #8560 ) ) ;
#3583 = CARTESIAN_POINT ( 'NONE',  ( 0.7486148702833096413, 0.000000000000000000, 0.8737846821066108660 ) ) ;
#3584 = AXIS2_PLACEMENT_3D ( 'NONE', #376, #7351, #6436 ) ;
#3585 = CARTESIAN_POINT ( 'NONE',  ( -0.1036709542218489377, 0.1574803149606299191, 0.000000000000000000 ) ) ;
#3586 = FACE_OUTER_BOUND ( 'NONE', #544, .T. ) ;
#3587 = CARTESIAN_POINT ( 'NONE',  ( -1.499667083999375095, 0.1507476349739041155, 3.186549551908898437 ) ) ;
#3588 = ORIENTED_EDGE ( 'NONE', *, *, #4894, .T. ) ;
#3589 = DIRECTION ( 'NONE',  ( -0.000000000000000000, -1.000000000000000000, -0.000000000000000000 ) ) ;
#3590 = AXIS2_PLACEMENT_3D ( 'NONE', #9463, #1633, #6942 ) ;
#3591 = LINE ( 'NONE', #2737, #946 ) ;
#3592 = ORIENTED_EDGE ( 'NONE', *, *, #3370, .T. ) ;
#3593 = CARTESIAN_POINT ( 'NONE',  ( 0.8034825222998377425, 0.1507476349739041155, 2.576767843800386260 ) ) ;
#3594 = DIRECTION ( 'NONE',  ( -0.3236155771181852825, 0.8891264907159880382, -0.3236155771181852825 ) ) ;
#3595 = DIRECTION ( 'NONE',  ( 2.379584353717864084E-16, 0.000000000000000000, -1.000000000000000000 ) ) ;
#3596 = ORIENTED_EDGE ( 'NONE', *, *, #2704, .T. ) ;
#3597 = ORIENTED_EDGE ( 'NONE', *, *, #3640, .T. ) ;
#3598 = LINE ( 'NONE', #227, #9863 ) ;
#3599 = CARTESIAN_POINT ( 'NONE',  ( -0.1036709542218489377, 0.1771653543307086520, 3.972763973577912555 ) ) ;
#3600 = CARTESIAN_POINT ( 'NONE',  ( 1.431762116644293092, 0.1771653543307086520, 0.000000000000000000 ) ) ;
#3601 = ADVANCED_FACE ( 'NONE', ( #7434 ), #8496, .F. ) ;
#3602 = CARTESIAN_POINT ( 'NONE',  ( 0.6447603084546081886, 0.1529109616598305355, 3.953478700821298819 ) ) ;
#3603 = ORIENTED_EDGE ( 'NONE', *, *, #1962, .F. ) ;
#3604 = CARTESIAN_POINT ( 'NONE',  ( -1.498479930865239007, 0.1551781507868630616, 1.810238461501450846 ) ) ;
#3605 = ORIENTED_EDGE ( 'NONE', *, *, #6523, .T. ) ;
#3606 = CARTESIAN_POINT ( 'NONE',  ( 0.8046696754339730528, 0.1574803149606299191, 2.417645863341691737 ) ) ;
#3607 = CARTESIAN_POINT ( 'NONE',  ( -2.129815600023859279, 0.1771653543307086520, -2.039601144665042831 ) ) ;
#3608 = DIRECTION ( 'NONE',  ( 0.000000000000000000, 1.000000000000000000, -0.000000000000000000 ) ) ;
#3609 = CARTESIAN_POINT ( 'NONE',  ( -2.169185678764016245, 0.1968503937007874405, 0.2379405998475850048 ) ) ;
#3610 = LINE ( 'NONE', #3797, #3318 ) ;
#3611 = EDGE_CURVE ( 'NONE', #1445, #3293, #9244, .T. ) ;
#3612 = DIRECTION ( 'NONE',  ( -1.228122814850837064E-16, 0.000000000000000000, -1.000000000000000000 ) ) ;
#3613 = ORIENTED_EDGE ( 'NONE', *, *, #3302, .T. ) ;
#3614 = EDGE_CURVE ( 'NONE', #2954, #6388, #6109, .T. ) ;
#3615 = EDGE_LOOP ( 'NONE', ( #7975, #1401, #9456, #9199 ) ) ;
#3616 = CARTESIAN_POINT ( 'NONE',  ( -0.7307633954321685055, 0.1574803149606299191, 1.649929327908621346 ) ) ;
#3617 = ORIENTED_EDGE ( 'NONE', *, *, #8626, .T. ) ;
#3618 = ORIENTED_EDGE ( 'NONE', *, *, #1479, .F. ) ;
#3619 = CARTESIAN_POINT ( 'NONE',  ( -0.7504484348022464335, 0.1574803149606299191, -1.735760689815342948E-16 ) ) ;
#3620 = EDGE_LOOP ( 'NONE', ( #10027, #6716, #6990, #8877 ) ) ;
#3621 = ORIENTED_EDGE ( 'NONE', *, *, #4118, .F. ) ;
#3622 = ORIENTED_EDGE ( 'NONE', *, *, #8480, .T. ) ;
#3623 = EDGE_CURVE ( 'NONE', #6343, #842, #7855, .T. ) ;
#3624 = ORIENTED_EDGE ( 'NONE', *, *, #521, .T. ) ;
#3625 = CARTESIAN_POINT ( 'NONE',  ( 0.6640455812112220357, 0.1574803149606299191, 0.000000000000000000 ) ) ;
#3626 = CARTESIAN_POINT ( 'NONE',  ( -0.8713874896549171911, 0.1771653543307086520, -6.046465339907528608E-16 ) ) ;
#3627 = ADVANCED_FACE ( 'NONE', ( #2727 ), #11187, .T. ) ;
#3628 = ORIENTED_EDGE ( 'NONE', *, *, #1718, .F. ) ;
#3629 = EDGE_CURVE ( 'NONE', #10289, #8493, #4527, .T. ) ;
#3630 = FACE_OUTER_BOUND ( 'NONE', #3716, .T. ) ;
#3631 = DIRECTION ( 'NONE',  ( 0.000000000000000000, 0.000000000000000000, 1.000000000000000000 ) ) ;
#3632 = DIRECTION ( 'NONE',  ( 0.000000000000000000, 1.000000000000000000, -0.000000000000000000 ) ) ;
#3633 = AXIS2_PLACEMENT_3D ( 'NONE', #4862, #11089, #4171 ) ;
#3634 = CARTESIAN_POINT ( 'NONE',  ( -0.7307633954321685055, 0.1574803149606299191, 3.953078934207833850 ) ) ;
#3635 = VECTOR ( 'NONE', #5055, 39.37007874015748143 ) ;
#3636 = ORIENTED_EDGE ( 'NONE', *, *, #8303, .F. ) ;
#3637 = VERTEX_POINT ( 'NONE', #1846 ) ;
#3638 = DIRECTION ( 'NONE',  ( 0.000000000000000000, 0.000000000000000000, 1.000000000000000000 ) ) ;
#3639 = CARTESIAN_POINT ( 'NONE',  ( 1.925302510212361318, 0.1968503937007874127, -1.409679884822523377 ) ) ;
#3640 = EDGE_CURVE ( 'NONE', #1071, #8881, #1728, .T. ) ;
#3641 = FACE_OUTER_BOUND ( 'NONE', #9496, .T. ) ;
#3642 = ORIENTED_EDGE ( 'NONE', *, *, #9403, .F. ) ;
#3643 = DIRECTION ( 'NONE',  ( 1.000000000000000000, 0.000000000000000000, -4.606734542013097089E-16 ) ) ;
#3644 = VECTOR ( 'NONE', #4851, 39.37007874015748143 ) ;
#3645 =( BOUNDED_CURVE ( )  B_SPLINE_CURVE ( 3, ( #4847, #2162, #1196, #2111 ),
 .UNSPECIFIED., .F., .F. ) 
 B_SPLINE_CURVE_WITH_KNOTS ( ( 4, 4 ),
 ( 1.570796326794896558, 3.141592653589793116 ),
 .UNSPECIFIED. ) 
 CURVE ( )  GEOMETRIC_REPRESENTATION_ITEM ( )  RATIONAL_B_SPLINE_CURVE ( ( 1.000000000000000000, 0.8047378541243649375, 0.8047378541243649375, 1.000000000000000000 ) ) 
 REPRESENTATION_ITEM ( '' )  );
#3646 = LINE ( 'NONE', #10624, #1086 ) ;
#3647 = CARTESIAN_POINT ( 'NONE',  ( 1.925302510212361318, -0.2952755905511810774, -1.689207443877641435 ) ) ;
#3648 = DIRECTION ( 'NONE',  ( -0.3236155771181852825, 0.8891264907159880382, -0.3236155771181852825 ) ) ;
#3649 = ORIENTED_EDGE ( 'NONE', *, *, #3903, .T. ) ;
#3650 = FACE_OUTER_BOUND ( 'NONE', #7828, .T. ) ;
#3651 = VECTOR ( 'NONE', #1391, 39.37007874015748143 ) ;
#3652 = AXIS2_PLACEMENT_3D ( 'NONE', #2872, #3664, #3038 ) ;
#3653 = ORIENTED_EDGE ( 'NONE', *, *, #8169, .T. ) ;
#3654 = DIRECTION ( 'NONE',  ( 0.000000000000000000, 0.000000000000000000, 1.000000000000000000 ) ) ;
#3655 = EDGE_LOOP ( 'NONE', ( #8244, #4579, #10034, #10541 ) ) ;
#3656 = DIRECTION ( 'NONE',  ( 0.000000000000000000, 0.000000000000000000, 1.000000000000000000 ) ) ;
#3657 = LINE ( 'NONE', #2109, #4628 ) ;
#3658 = EDGE_CURVE ( 'NONE', #3985, #4253, #912, .T. ) ;
#3659 = EDGE_CURVE ( 'NONE', #5681, #6441, #6925, .T. ) ;
#3660 = CARTESIAN_POINT ( 'NONE',  ( -0.8601305606537800186, -0.2952755905511810774, -0.2020027194681925098 ) ) ;
#3661 = FACE_OUTER_BOUND ( 'NONE', #1843, .T. ) ;
#3662 = EDGE_LOOP ( 'NONE', ( #5906, #8664, #6461, #7029, #9781, #7046 ) ) ;
#3663 = ORIENTED_EDGE ( 'NONE', *, *, #743, .T. ) ;
#3664 = DIRECTION ( 'NONE',  ( 0.000000000000000000, 0.3420201433256694346, -0.9396926207859080948 ) ) ;
#3665 = CYLINDRICAL_SURFACE ( 'NONE', #6551, 0.01968503937007875723 ) ;
#3666 = VERTEX_POINT ( 'NONE', #352 ) ;
#3667 = VECTOR ( 'NONE', #6842, 39.37007874015748143 ) ;
#3668 = DIRECTION ( 'NONE',  ( 1.000000000000000000, 0.000000000000000000, 2.312964634635747887E-16 ) ) ;
#3669 = CARTESIAN_POINT ( 'NONE',  ( -1.814854970102599108, 0.1771653543307086520, 3.148271522130164948E-16 ) ) ;
#3670 = ORIENTED_EDGE ( 'NONE', *, *, #1255, .T. ) ;
#3671 = CARTESIAN_POINT ( 'NONE',  ( 0.8130977858029123650, 0.1507476349739041432, 2.418833016475827602 ) ) ;
#3672 = LINE ( 'NONE', #112, #10166 ) ;
#3673 = DIRECTION ( 'NONE',  ( 0.000000000000000000, 0.000000000000000000, 1.000000000000000000 ) ) ;
#3674 = VECTOR ( 'NONE', #9297, 39.37007874015748143 ) ;
#3675 = CARTESIAN_POINT ( 'NONE',  ( -1.589037874866827393E-17, 0.1574803149606299191, 0.2748053906353093989 ) ) ;
#3676 = DIRECTION ( 'NONE',  ( -0.3420201433256694346, 0.9396926207859080948, 0.000000000000000000 ) ) ;
#3677 = ORIENTED_EDGE ( 'NONE', *, *, #9891, .T. ) ;
#3678 = UNCERTAINTY_MEASURE_WITH_UNIT (LENGTH_MEASURE( 1.000000000000000082E-05 ), #2313, 'distance_accuracy_value', 'NONE');
#3679 = CARTESIAN_POINT ( 'NONE',  ( -0.7389172057151032202, 0.1771653543307085965, 0.2666515803523745731 ) ) ;
#3680 = VERTEX_POINT ( 'NONE', #4062 ) ;
#3681 = ORIENTED_EDGE ( 'NONE', *, *, #1412, .F. ) ;
#3682 = CARTESIAN_POINT ( 'NONE',  ( -0.1317841039608669551, 0.1771653543307086520, 3.354099642736532161 ) ) ;
#3683 = VERTEX_POINT ( 'NONE', #408 ) ;
#3684 = VERTEX_POINT ( 'NONE', #3205 ) ;
#3685 = CARTESIAN_POINT ( 'NONE',  ( 0.6447603084546081886, 0.1529109616598305355, 1.042122159454915709 ) ) ;
#3686 = ADVANCED_FACE ( 'NONE', ( #7385 ), #5666, .F. ) ;
#3687 = EDGE_LOOP ( 'NONE', ( #8008, #1578, #10693, #2888 ) ) ;
#3688 = ORIENTED_EDGE ( 'NONE', *, *, #7511, .T. ) ;
#3689 = EDGE_CURVE ( 'NONE', #6278, #3169, #1328, .T. ) ;
#3690 = VERTEX_POINT ( 'NONE', #9149 ) ;
#3691 = PRODUCT_DEFINITION_FORMATION_WITH_SPECIFIED_SOURCE ( 'ANY', '', #7959, .NOT_KNOWN. ) ;
#3692 = CARTESIAN_POINT ( 'NONE',  ( 1.413264230408350031, 0.1507476349739041432, 1.041334772934244812 ) ) ;
#3693 = ORIENTED_EDGE ( 'NONE', *, *, #6506, .F. ) ;
#3694 = LINE ( 'NONE', #7118, #6412 ) ;
#3695 = CARTESIAN_POINT ( 'NONE',  ( 0.04538125036984175936, 0.1771653543307086520, 2.586383107303460882 ) ) ;
#3696 = CARTESIAN_POINT ( 'NONE',  ( 1.630026919661181184, 0.5905511811023621549, 1.089888905898577454 ) ) ;
#3697 = EDGE_CURVE ( 'NONE', #3224, #7357, #10168, .T. ) ;
#3698 = CARTESIAN_POINT ( 'NONE',  ( 1.412077077274214387, 0.1574803149606299191, 3.953078934207833406 ) ) ;
#3699 = VERTEX_POINT ( 'NONE', #9588 ) ;
#3700 = ORIENTED_EDGE ( 'NONE', *, *, #6097, .T. ) ;
#3701 = DIRECTION ( 'NONE',  ( -0.000000000000000000, -1.000000000000000000, 0.000000000000000000 ) ) ;
#3702 = EDGE_CURVE ( 'NONE', #4633, #3453, #3610, .T. ) ;
#3703 = EDGE_CURVE ( 'NONE', #10803, #1554, #7810, .T. ) ;
#3704 = LINE ( 'NONE', #7186, #586 ) ;
#3705 = EDGE_LOOP ( 'NONE', ( #5638, #4474, #1888, #10741 ) ) ;
#3706 = DIRECTION ( 'NONE',  ( -4.625929269271485914E-16, 0.000000000000000000, 1.000000000000000000 ) ) ;
#3707 = CARTESIAN_POINT ( 'NONE',  ( -2.129815600023859279, 0.000000000000000000, -2.039601144665042831 ) ) ;
#3708 = CARTESIAN_POINT ( 'NONE',  ( -1.716429773252204694, 0.5905511811023621549, 4.161186256909759962 ) ) ;
#3709 = AXIS2_PLACEMENT_3D ( 'NONE', #5318, #2635, #793 ) ;
#3710 =( NAMED_UNIT ( * ) SI_UNIT ( $, .STERADIAN. ) SOLID_ANGLE_UNIT ( ) );
#3711 = ORIENTED_EDGE ( 'NONE', *, *, #10041, .T. ) ;
#3712 = EDGE_CURVE ( 'NONE', #6919, #10109, #10089, .T. ) ;
#3713 = DIRECTION ( 'NONE',  ( -1.000000000000000000, 0.000000000000000000, 0.000000000000000000 ) ) ;
#3714 = VECTOR ( 'NONE', #6465, 39.37007874015748143 ) ;
#3715 = CARTESIAN_POINT ( 'NONE',  ( -1.490051820496300028, 0.1771653543307086520, 0.8737846821066108660 ) ) ;
#3716 = EDGE_LOOP ( 'NONE', ( #5390, #2760, #8034, #490 ) ) ;
#3717 = CARTESIAN_POINT ( 'NONE',  ( 0.8046696754339741631, 0.1551781507868630616, 3.345671532367592516 ) ) ;
#3718 = FACE_OUTER_BOUND ( 'NONE', #6357, .T. ) ;
#3719 = LINE ( 'NONE', #2054, #6168 ) ;
#3720 = CARTESIAN_POINT ( 'NONE',  ( -0.1152021833089928865, 0.1771653543307086243, 1.658083138191556172 ) ) ;
#3721 = ORIENTED_EDGE ( 'NONE', *, *, #1548, .F. ) ;
#3722 = EDGE_LOOP ( 'NONE', ( #2002, #5330, #5853, #9604 ) ) ;
#3723 = DIRECTION ( 'NONE',  ( -1.000000000000000000, 0.000000000000000000, -0.000000000000000000 ) ) ;
#3724 = VECTOR ( 'NONE', #11182, 39.37007874015748143 ) ;
#3725 = DIRECTION ( 'NONE',  ( 1.000000000000000000, -0.000000000000000000, -0.000000000000000000 ) ) ;
#3726 = CARTESIAN_POINT ( 'NONE',  ( -0.8601305606537800186, 0.000000000000000000, -0.2020027194681925098 ) ) ;
#3727 = DIRECTION ( 'NONE',  ( -1.000000000000000000, 0.000000000000000000, 5.782411586589358625E-17 ) ) ;
#3728 = ORIENTED_EDGE ( 'NONE', *, *, #5149, .F. ) ;
#3729 = CARTESIAN_POINT ( 'NONE',  ( 0.03576598686676674826, 0.1507476349739041432, 3.944650823838894205 ) ) ;
#3730 = ADVANCED_FACE ( 'NONE', ( #3641 ), #1356, .T. ) ;
#3731 = CARTESIAN_POINT ( 'NONE',  ( 0.000000000000000000, 0.000000000000000000, -1.645900357263467839 ) ) ;
#3732 = ADVANCED_FACE ( 'NONE', ( #2415 ), #5065, .T. ) ;
#3733 = CARTESIAN_POINT ( 'NONE',  ( 2.082782825172992958, 0.4724409448818899238, -0.5366483887595313584 ) ) ;
#3734 = LINE ( 'NONE', #3675, #2063 ) ;
#3735 = CARTESIAN_POINT ( 'NONE',  ( 1.925302510212362650, 0.000000000000000000, -1.783695632854019442 ) ) ;
#3736 = CARTESIAN_POINT ( 'NONE',  ( -0.1229562269784630485, 0.1529109616598305355, 2.418045629955156706 ) ) ;
#3737 = ORIENTED_EDGE ( 'NONE', *, *, #8074, .T. ) ;
#3738 = VECTOR ( 'NONE', #6865, 39.37007874015748143 ) ;
#3739 = DIRECTION ( 'NONE',  ( -0.000000000000000000, 1.000000000000000000, -0.000000000000000000 ) ) ;
#3740 = CARTESIAN_POINT ( 'NONE',  ( 0.7849846360638944587, 0.1771653543307086520, 2.437330902711770442 ) ) ;
#3741 = ORIENTED_EDGE ( 'NONE', *, *, #52, .F. ) ;
#3742 = ORIENTED_EDGE ( 'NONE', *, *, #5867, .F. ) ;
#3743 = CYLINDRICAL_SURFACE ( 'NONE', #2207, 0.1377952755905512972 ) ;
#3744 = ORIENTED_EDGE ( 'NONE', *, *, #4086, .F. ) ;
#3745 = EDGE_LOOP ( 'NONE', ( #2103, #7632, #8624, #4654 ) ) ;
#3746 = CARTESIAN_POINT ( 'NONE',  ( 0.8130977858029132532, 0.000000000000000000, 3.289616727216929437 ) ) ;
#3747 = VECTOR ( 'NONE', #2065, 39.37007874015748143 ) ;
#3748 = EDGE_LOOP ( 'NONE', ( #7635, #1465, #3788, #4713 ) ) ;
#3749 = ORIENTED_EDGE ( 'NONE', *, *, #2203, .T. ) ;
#3750 = ORIENTED_EDGE ( 'NONE', *, *, #5363, .F. ) ;
#3751 = CARTESIAN_POINT ( 'NONE',  ( -0.1221688404577920967, 0.1507476349739041432, 3.176934288405823370 ) ) ;
#3752 = VECTOR ( 'NONE', #4842, 39.37007874015748143 ) ;
#3753 = ORIENTED_EDGE ( 'NONE', *, *, #2100, .F. ) ;
#3754 = PLANE ( 'NONE',  #10424 ) ;
#3755 = CARTESIAN_POINT ( 'NONE',  ( 1.341802288704367907, 0.3470877061559771715, 1.579654539338774422 ) ) ;
#3756 = EDGE_CURVE ( 'NONE', #5828, #214, #6710, .T. ) ;
#3757 = CARTESIAN_POINT ( 'NONE',  ( 0.6455476949752787519, 0.1507476349739042265, 2.576767843800386704 ) ) ;
#3758 = CARTESIAN_POINT ( 'NONE',  ( -2.011705363803387048, 0.1771653543307086520, -1.311254687972129407 ) ) ;
#3759 = ORIENTED_EDGE ( 'NONE', *, *, #6838, .F. ) ;
#3760 = LINE ( 'NONE', #4489, #2244 ) ;
#3761 = VECTOR ( 'NONE', #11034, 39.37007874015748143 ) ;
#3762 = LINE ( 'NONE', #4720, #3175 ) ;
#3763 = ORIENTED_EDGE ( 'NONE', *, *, #5095, .F. ) ;
#3764 = FACE_OUTER_BOUND ( 'NONE', #10610, .T. ) ;
#3765 = EDGE_CURVE ( 'NONE', #4993, #4122, #9238, .T. ) ;
#3766 = CARTESIAN_POINT ( 'NONE',  ( 0.6455476949752790850, 0.1507476349739041432, 2.418833016475827602 ) ) ;
#3767 = AXIS2_PLACEMENT_3D ( 'NONE', #3735, #1900, #8866 ) ;
#3768 = CARTESIAN_POINT ( 'NONE',  ( 0.03695314000090240553, 0.1574803149606299191, 3.953078934207834294 ) ) ;
#3769 = VECTOR ( 'NONE', #4367, 39.37007874015748143 ) ;
#3770 = EDGE_CURVE ( 'NONE', #11148, #6308, #5379, .T. ) ;
#3771 = DIRECTION ( 'NONE',  ( 1.000000000000000000, -0.000000000000000000, 0.000000000000000000 ) ) ;
#3772 = VERTEX_POINT ( 'NONE', #10953 ) ;
#3773 = EDGE_CURVE ( 'NONE', #7133, #625, #1303, .T. ) ;
#3774 = DIRECTION ( 'NONE',  ( 2.312964634635743943E-16, -0.000000000000000000, -1.000000000000000000 ) ) ;
#3775 = DIRECTION ( 'NONE',  ( 0.000000000000000000, -0.000000000000000000, -1.000000000000000000 ) ) ;
#3776 = VERTEX_POINT ( 'NONE', #2691 ) ;
#3777 = FACE_OUTER_BOUND ( 'NONE', #8611, .T. ) ;
#3778 = DIRECTION ( 'NONE',  ( -0.000000000000000000, -1.000000000000000000, 0.000000000000000000 ) ) ;
#3779 = DIRECTION ( 'NONE',  ( 0.9396926207859080948, 0.3420201433256694346, 2.173475799305981510E-16 ) ) ;
#3780 = CARTESIAN_POINT ( 'NONE',  ( 0.6443605418411432195, 0.1551781507868631449, 2.577954996934521681 ) ) ;
#3781 = ORIENTED_EDGE ( 'NONE', *, *, #10605, .T. ) ;
#3782 = DIRECTION ( 'NONE',  ( -0.000000000000000000, -0.000000000000000000, -1.000000000000000000 ) ) ;
#3783 = ADVANCED_FACE ( 'NONE', ( #4288 ), #10533, .T. ) ;
#3784 = CARTESIAN_POINT ( 'NONE',  ( 0.000000000000000000, 0.1771653543307086520, 1.022836886698301750 ) ) ;
#3785 = CARTESIAN_POINT ( 'NONE',  ( -1.554534736015902974, 0.000000000000000000, 3.241417203925426094 ) ) ;
#3786 = CARTESIAN_POINT ( 'NONE',  ( 0.8046696754339729418, 0.1574803149606299191, 1.649929327908620902 ) ) ;
#3787 = ADVANCED_FACE ( 'NONE', ( #906 ), #9446, .T. ) ;
#3788 = ORIENTED_EDGE ( 'NONE', *, *, #3659, .T. ) ;
#3789 = ORIENTED_EDGE ( 'NONE', *, *, #10590, .T. ) ;
#3790 = CARTESIAN_POINT ( 'NONE',  ( -0.7307633954321687275, 0.1551781507868630339, 2.417645863341691737 ) ) ;
#3792 = CARTESIAN_POINT ( 'NONE',  ( 0.7146725889525192832, 0.000000000000000000, -2.039601144665043275 ) ) ;
#3791 = VECTOR ( 'NONE', #2406, 39.37007874015748143 ) ;
#3793 = CIRCLE ( 'NONE', #11154, 0.1377952755905511584 ) ;
#3794 = DIRECTION ( 'NONE',  ( 2.312964634635742957E-16, -0.000000000000000000, -1.000000000000000000 ) ) ;
#3795 = DIRECTION ( 'NONE',  ( 0.000000000000000000, -1.000000000000000000, 0.000000000000000000 ) ) ;
#3796 = CARTESIAN_POINT ( 'NONE',  ( -1.854225048842757184, 0.1968503937007874127, -1.764010593483940736 ) ) ;
#3797 = CARTESIAN_POINT ( 'NONE',  ( -1.490051820496299806, 0.000000000000000000, 0.2187505854846457654 ) ) ;
#3798 = EDGE_CURVE ( 'NONE', #2891, #11255, #7940, .T. ) ;
#3799 = PLANE ( 'NONE',  #5833 ) ;
#3800 = DIRECTION ( 'NONE',  ( 0.3236155771181852825, 0.8891264907159878161, -0.3236155771181851160 ) ) ;
#3801 = EDGE_LOOP ( 'NONE', ( #7268, #3511, #7509, #2128 ) ) ;
#3802 = CARTESIAN_POINT ( 'NONE',  ( -1.554534736015902974, 0.000000000000000000, 3.176934288405823370 ) ) ;
#3803 = DIRECTION ( 'NONE',  ( 0.000000000000000000, 0.000000000000000000, -1.000000000000000000 ) ) ;
#3804 = EDGE_LOOP ( 'NONE', ( #5755, #1741, #6994, #5266 ) ) ;
#3805 = CARTESIAN_POINT ( 'NONE',  ( 0.6640455812112220357, 0.1771653543307086520, 0.2551203512652306937 ) ) ;
#3806 = VERTEX_POINT ( 'NONE', #6160 ) ;
#3807 = VERTEX_POINT ( 'NONE', #2470 ) ;
#3808 =( BOUNDED_CURVE ( )  B_SPLINE_CURVE ( 3, ( #9298, #11113, #8464, #343 ),
 .UNSPECIFIED., .F., .T. ) 
 B_SPLINE_CURVE_WITH_KNOTS ( ( 4, 4 ),
 ( 4.712388980384689674, 6.283185307179586232 ),
 .UNSPECIFIED. ) 
 CURVE ( )  GEOMETRIC_REPRESENTATION_ITEM ( )  RATIONAL_B_SPLINE_CURVE ( ( 1.000000000000000000, 0.8047378541243649375, 0.8047378541243649375, 1.000000000000000000 ) ) 
 REPRESENTATION_ITEM ( '' )  );
#3809 = EDGE_CURVE ( 'NONE', #7187, #4908, #9617, .T. ) ;
#3810 = PLANE ( 'NONE',  #712 ) ;
#3811 = ORIENTED_EDGE ( 'NONE', *, *, #9075, .F. ) ;
#3812 = DIRECTION ( 'NONE',  ( -1.000000000000000000, 0.000000000000000000, -0.000000000000000000 ) ) ;
#3813 = DIRECTION ( 'NONE',  ( 0.000000000000000000, 0.000000000000000000, -1.000000000000000000 ) ) ;
#3814 = FACE_OUTER_BOUND ( 'NONE', #7204, .T. ) ;
#3815 = CARTESIAN_POINT ( 'NONE',  ( 0.000000000000000000, 0.1771653543307086520, 2.558269957564442976 ) ) ;
#3816 = CARTESIAN_POINT ( 'NONE',  ( 0.000000000000000000, 0.1574803149606299191, 0.9018978318456289944 ) ) ;
#3817 = EDGE_CURVE ( 'NONE', #7133, #10507, #6232, .T. ) ;
#3818 = ORIENTED_EDGE ( 'NONE', *, *, #2271, .T. ) ;
#3819 = EDGE_CURVE ( 'NONE', #476, #3858, #22, .T. ) ;
#3820 = DIRECTION ( 'NONE',  ( 0.000000000000000000, 0.000000000000000000, 1.000000000000000000 ) ) ;
#3821 = AXIS2_PLACEMENT_3D ( 'NONE', #5566, #2236, #6415 ) ;
#3822 = DIRECTION ( 'NONE',  ( 0.000000000000000000, 0.9396926207859080948, 0.3420201433256694346 ) ) ;
#3823 = AXIS2_PLACEMENT_3D ( 'NONE', #3471, #3643, #4434 ) ;
#3824 = CARTESIAN_POINT ( 'NONE',  ( -0.1152021833089927616, 0.1771653543307086798, 1.802084651218516242 ) ) ;
#3825 = ORIENTED_EDGE ( 'NONE', *, *, #6874, .T. ) ;
#3826 = DIRECTION ( 'NONE',  ( 1.000000000000000000, 0.000000000000000000, 4.625929269271484928E-16 ) ) ;
#3827 = ADVANCED_FACE ( 'NONE', ( #8564 ), #7712, .T. ) ;
#3828 = EDGE_LOOP ( 'NONE', ( #7885, #4515, #4511, #4676 ) ) ;
#3829 = CARTESIAN_POINT ( 'NONE',  ( -0.1233559935919277123, 0.1574803149606299191, 2.577954996934521681 ) ) ;
#3830 = CYLINDRICAL_SURFACE ( 'NONE', #4359, 0.01968503937007875723 ) ;
#3831 = VECTOR ( 'NONE', #6402, 39.37007874015748143 ) ;
#3832 = CARTESIAN_POINT ( 'NONE',  ( -0.7504484348022472107, 0.1771653543307086520, 3.972763973577912555 ) ) ;
#3833 = VECTOR ( 'NONE', #1655, 39.37007874015748143 ) ;
#3834 = EDGE_CURVE ( 'NONE', #1273, #9017, #9562, .T. ) ;
#3835 = LINE ( 'NONE', #7372, #7454 ) ;
#3836 = ORIENTED_EDGE ( 'NONE', *, *, #9849, .T. ) ;
#3837 = FACE_OUTER_BOUND ( 'NONE', #3745, .T. ) ;
#3838 = DIRECTION ( 'NONE',  ( -0.000000000000000000, -0.000000000000000000, -1.000000000000000000 ) ) ;
#3839 = ORIENTED_EDGE ( 'NONE', *, *, #5854, .T. ) ;
#3840 = CARTESIAN_POINT ( 'NONE',  ( 0.000000000000000000, 0.5905511811023621549, 4.161186256909759962 ) ) ;
#3841 = DIRECTION ( 'NONE',  ( 0.000000000000000000, 0.9396926207859080948, 0.3420201433256694346 ) ) ;
#3842 = ORIENTED_EDGE ( 'NONE', *, *, #10239, .T. ) ;
#3843 = CARTESIAN_POINT ( 'NONE',  ( -0.7319505485663044819, 0.1507476349739041155, 2.418833016475827602 ) ) ;
#3844 = VECTOR ( 'NONE', #4141, 39.37007874015748143 ) ;
#3845 = CIRCLE ( 'NONE', #1455, 0.1377952755905511584 ) ;
#3846 = CARTESIAN_POINT ( 'NONE',  ( 0.8046696754339733859, 0.1574803149606299191, 1.042521926068380456 ) ) ;
#3847 = EDGE_CURVE ( 'NONE', #3399, #5289, #7158, .T. ) ;
#3848 = FACE_OUTER_BOUND ( 'NONE', #9615, .T. ) ;
#3849 = FACE_OUTER_BOUND ( 'NONE', #254, .T. ) ;
#3850 = CARTESIAN_POINT ( 'NONE',  ( -0.04320142679551294829, 0.1968503937007874127, -0.4978645713515195692 ) ) ;
#3851 = ORIENTED_EDGE ( 'NONE', *, *, #2087, .F. ) ;
#3852 = ORIENTED_EDGE ( 'NONE', *, *, #2121, .T. ) ;
#3853 = EDGE_CURVE ( 'NONE', #10068, #9933, #6868, .T. ) ;
#3854 = VECTOR ( 'NONE', #621, 39.37007874015748143 ) ;
#3855 = AXIS2_PLACEMENT_3D ( 'NONE', #9920, #353, #1216 ) ;
#3856 = CARTESIAN_POINT ( 'NONE',  ( 0.000000000000000000, 0.1574803149606299191, 2.558269957564442976 ) ) ;
#3857 = CARTESIAN_POINT ( 'NONE',  ( 0.8130977858029123650, 0.1771653543307086520, 2.409217752972752535 ) ) ;
#3858 = VERTEX_POINT ( 'NONE', #7770 ) ;
#3859 = CARTESIAN_POINT ( 'NONE',  ( -0.7223352850632291933, 0.1771653543307086520, 3.944650823838894205 ) ) ;
#3860 = ORIENTED_EDGE ( 'NONE', *, *, #10590, .F. ) ;
#3861 = FACE_OUTER_BOUND ( 'NONE', #8605, .T. ) ;
#3862 = CARTESIAN_POINT ( 'NONE',  ( 0.03695314000090554885, 0.1574803149606299191, 2.938076142403805623E-17 ) ) ;
#3863 = DIRECTION ( 'NONE',  ( 0.000000000000000000, 1.000000000000000000, 0.000000000000000000 ) ) ;
#3864 = VECTOR ( 'NONE', #5372, 39.37007874015748143 ) ;
#3865 = ADVANCED_FACE ( 'NONE', ( #1779 ), #53, .T. ) ;
#3866 = EDGE_LOOP ( 'NONE', ( #10346, #10485, #5171, #282 ) ) ;
#3867 = ORIENTED_EDGE ( 'NONE', *, *, #1597, .T. ) ;
#3868 = CARTESIAN_POINT ( 'NONE',  ( -0.8906727624115335917, 0.1529109616598306187, 3.345271765754127991 ) ) ;
#3869 = AXIS2_PLACEMENT_3D ( 'NONE', #5958, #1629, #8582 ) ;
#3870 = ORIENTED_EDGE ( 'NONE', *, *, #706, .T. ) ;
#3871 = DIRECTION ( 'NONE',  ( 0.000000000000000000, -0.9396926207859080948, 0.3420201433256694346 ) ) ;
#3872 = LINE ( 'NONE', #2143, #831 ) ;
#3873 = EDGE_CURVE ( 'NONE', #5468, #7393, #11161, .T. ) ;
#3874 = LINE ( 'NONE', #3018, #8653 ) ;
#3875 =( BOUNDED_CURVE ( )  B_SPLINE_CURVE ( 3, ( #431, #6375, #9128, #7353 ),
 .UNSPECIFIED., .F., .F. ) 
 B_SPLINE_CURVE_WITH_KNOTS ( ( 4, 4 ),
 ( 5.934119456780720725, 6.283185307179586232 ),
 .UNSPECIFIED. ) 
 CURVE ( )  GEOMETRIC_REPRESENTATION_ITEM ( )  RATIONAL_B_SPLINE_CURVE ( ( 1.000000000000000000, 0.9898718353414720506, 0.9898718353414720506, 1.000000000000000000 ) ) 
 REPRESENTATION_ITEM ( '' )  );
#3876 = ADVANCED_FACE ( 'NONE', ( #3328 ), #3442, .F. ) ;
#3877 = VECTOR ( 'NONE', #2698, 39.37007874015748143 ) ;
#3878 = FACE_BOUND ( 'NONE', #1936, .T. ) ;
#3879 = DIRECTION ( 'NONE',  ( 0.000000000000000000, 1.000000000000000000, 0.000000000000000000 ) ) ;
#3880 = AXIS2_PLACEMENT_3D ( 'NONE', #1670, #6978, #10473 ) ;
#3881 = ORIENTED_EDGE ( 'NONE', *, *, #3165, .F. ) ;
#3882 = LINE ( 'NONE', #5640, #5998 ) ;
#3883 = CIRCLE ( 'NONE', #10632, 0.09448818897637792369 ) ;
#3884 = CARTESIAN_POINT ( 'NONE',  ( -1.253831348055354900, -0.2952755905511810774, -0.1075145304918147943 ) ) ;
#3885 =( CONVERSION_BASED_UNIT ( 'INCH', #7364 ) LENGTH_UNIT ( ) NAMED_UNIT ( #6382 ) );
#3886 = EDGE_LOOP ( 'NONE', ( #6555, #8209, #2876, #5539 ) ) ;
#3887 = CARTESIAN_POINT ( 'NONE',  ( -1.127492036175426941E-15, 0.1574803149606299191, 2.437330902711770442 ) ) ;
#3888 = EDGE_CURVE ( 'NONE', #5289, #5410, #8622, .T. ) ;
#3889 = ORIENTED_EDGE ( 'NONE', *, *, #65, .T. ) ;
#3890 = LINE ( 'NONE', #9196, #2594 ) ;
#3891 = DIRECTION ( 'NONE',  ( 0.000000000000000000, 1.000000000000000000, -0.000000000000000000 ) ) ;
#3892 = CARTESIAN_POINT ( 'NONE',  ( 0.000000000000000000, 0.1771653543307086520, 3.325986492997513810 ) ) ;
#3893 = CARTESIAN_POINT ( 'NONE',  ( 0.6443605418411433305, 0.1574803149606299191, 3.345671532367592516 ) ) ;
#3894 = ORIENTED_EDGE ( 'NONE', *, *, #8696, .T. ) ;
#3895 = CARTESIAN_POINT ( 'NONE',  ( -0.8350177238743349273, 0.000000000000000000, 2.521900191783858158 ) ) ;
#3896 = CIRCLE ( 'NONE', #7691, 0.05511811023622041616 ) ;
#3897 = DIRECTION ( 'NONE',  ( -0.000000000000000000, 1.000000000000000000, -0.000000000000000000 ) ) ;
#3898 = DIRECTION ( 'NONE',  ( 0.000000000000000000, 1.000000000000000000, -0.000000000000000000 ) ) ;
#3899 = VECTOR ( 'NONE', #891, 39.37007874015748143 ) ;
#3900 = ORIENTED_EDGE ( 'NONE', *, *, #5031, .F. ) ;
#3901 = ORIENTED_EDGE ( 'NONE', *, *, #9150, .T. ) ;
#3902 = FACE_OUTER_BOUND ( 'NONE', #4469, .T. ) ;
#3903 = EDGE_CURVE ( 'NONE', #366, #1704, #792, .T. ) ;
#3904 = CARTESIAN_POINT ( 'NONE',  ( -1.253831348055354900, -0.2952755905511810774, -0.2964909084445707665 ) ) ;
#3905 = AXIS2_PLACEMENT_3D ( 'NONE', #763, #5167, #4258 ) ;
#3906 = DIRECTION ( 'NONE',  ( 0.9396926207859080948, 0.3420201433256694346, 1.086737899652990755E-16 ) ) ;
#3907 = VECTOR ( 'NONE', #4733, 39.37007874015748143 ) ;
#3908 = PLANE ( 'NONE',  #9114 ) ;
#3909 = VERTEX_POINT ( 'NONE', #8742 ) ;
#3910 = DIRECTION ( 'NONE',  ( 0.000000000000000000, 0.000000000000000000, 1.000000000000000000 ) ) ;
#3911 = CARTESIAN_POINT ( 'NONE',  ( 2.082782825172992514, 0.5905511811023621549, 0.000000000000000000 ) ) ;
#3912 = EDGE_LOOP ( 'NONE', ( #6631, #2239, #4855, #4329 ) ) ;
#3913 = EDGE_CURVE ( 'NONE', #2627, #3402, #7877, .T. ) ;
#3914 = DIRECTION ( 'NONE',  ( -2.312964634635742957E-16, 0.000000000000000000, 1.000000000000000000 ) ) ;
#3915 = ORIENTED_EDGE ( 'NONE', *, *, #4768, .T. ) ;
#3916 = FACE_OUTER_BOUND ( 'NONE', #241, .T. ) ;
#3917 = ORIENTED_EDGE ( 'NONE', *, *, #4606, .F. ) ;
#3918 = ADVANCED_FACE ( 'NONE', ( #10304 ), #4749, .T. ) ;
#3919 = AXIS2_PLACEMENT_3D ( 'NONE', #1505, #9246, #2420 ) ;
#3920 = ADVANCED_FACE ( 'NONE', ( #7270 ), #6464, .F. ) ;
#3921 = DIRECTION ( 'NONE',  ( -1.000000000000000000, 0.000000000000000000, 1.228122814850837064E-16 ) ) ;
#3922 = ORIENTED_EDGE ( 'NONE', *, *, #8356, .F. ) ;
#3923 = VERTEX_POINT ( 'NONE', #3733 ) ;
#3924 = DIRECTION ( 'NONE',  ( -1.000000000000000000, 0.000000000000000000, -2.379584353717864084E-16 ) ) ;
#3925 = EDGE_CURVE ( 'NONE', #9165, #6308, #297, .T. ) ;
#3926 = ORIENTED_EDGE ( 'NONE', *, *, #4597, .F. ) ;
#3927 = CARTESIAN_POINT ( 'NONE',  ( 1.697423192914377932, 0.1968503937007874127, -0.005152325767405393706 ) ) ;
#3928 = VECTOR ( 'NONE', #3382, 39.37007874015748143 ) ;
#3929 = CARTESIAN_POINT ( 'NONE',  ( 0.04538125036984168997, 0.1771653543307086520, 2.409217752972752535 ) ) ;
#3930 = FACE_OUTER_BOUND ( 'NONE', #6769, .T. ) ;
#3931 = FACE_BOUND ( 'NONE', #10684, .T. ) ;
#3932 = DIRECTION ( 'NONE',  ( 0.000000000000000000, 0.000000000000000000, 1.000000000000000000 ) ) ;
#3933 = EDGE_CURVE ( 'NONE', #6700, #1489, #9172, .T. ) ;
#3934 = ADVANCED_FACE ( 'NONE', ( #10708 ), #10588, .T. ) ;
#3935 =( LENGTH_UNIT ( ) NAMED_UNIT ( * ) SI_UNIT ( $, .METRE. ) );
#3936 = LINE ( 'NONE', #3884, #4764 ) ;
#3937 = ORIENTED_EDGE ( 'NONE', *, *, #864, .T. ) ;
#3938 = CARTESIAN_POINT ( 'NONE',  ( 1.412077077274214387, 0.1574803149606299191, 0.2748053906353094544 ) ) ;
#3939 = VECTOR ( 'NONE', #3048, 39.37007874015748143 ) ;
#3940 = ORIENTED_EDGE ( 'NONE', *, *, #5070, .T. ) ;
#3941 = EDGE_LOOP ( 'NONE', ( #7588, #11285, #9490, #5724 ) ) ;
#3942 = FACE_OUTER_BOUND ( 'NONE', #1319, .T. ) ;
#3943 = DIRECTION ( 'NONE',  ( 1.734723475976807094E-16, 0.000000000000000000, 1.000000000000000000 ) ) ;
#3944 = DIRECTION ( 'NONE',  ( 1.000000000000000000, -0.000000000000000000, -0.000000000000000000 ) ) ;
#3945 = CARTESIAN_POINT ( 'NONE',  ( -1.549106938606535477, 0.4724409448818898127, 3.954493343523932669 ) ) ;
#3946 = DIRECTION ( 'NONE',  ( -0.000000000000000000, -1.000000000000000000, -0.000000000000000000 ) ) ;
#3947 = AXIS2_PLACEMENT_3D ( 'NONE', #8684, #9675, #8798 ) ;
#3948 = ADVANCED_FACE ( 'NONE', ( #3848 ), #2882, .F. ) ;
#3949 = FACE_OUTER_BOUND ( 'NONE', #161, .T. ) ;
#3950 = DIRECTION ( 'NONE',  ( 0.000000000000000000, 0.000000000000000000, 1.000000000000000000 ) ) ;
#3951 = VERTEX_POINT ( 'NONE', #3607 ) ;
#3952 = EDGE_LOOP ( 'NONE', ( #6053, #7137, #4295, #1320 ) ) ;
#3953 = CARTESIAN_POINT ( 'NONE',  ( 0.6640455812112221468, 0.1574803149606299191, 0.000000000000000000 ) ) ;
#3954 = VECTOR ( 'NONE', #9846, 39.37007874015748143 ) ;
#3955 = CARTESIAN_POINT ( 'NONE',  ( -0.7307633954321685055, 0.1574803149606299191, 0.000000000000000000 ) ) ;
#3956 = CARTESIAN_POINT ( 'NONE',  ( 2.181208022023384707, 0.1771653543307086520, -1.901805869074492339 ) ) ;
#3957 = CARTESIAN_POINT ( 'NONE',  ( 1.312344623978576541, 0.1968503937007874127, 3.924965784468814611 ) ) ;
#3958 = VERTEX_POINT ( 'NONE', #9967 ) ;
#3959 = EDGE_CURVE ( 'NONE', #6091, #9981, #1265, .T. ) ;
#3960 = LINE ( 'NONE', #7435, #10035 ) ;
#3961 = CARTESIAN_POINT ( 'NONE',  ( -2.248894884923425153, 0.000000000000000000, 0.3645887790943977969 ) ) ;
#3962 = EDGE_LOOP ( 'NONE', ( #3258, #4911, #7051, #4953 ) ) ;
#3963 = LINE ( 'NONE', #8821, #8556 ) ;
#3964 = VERTEX_POINT ( 'NONE', #10762 ) ;
#3965 = DIRECTION ( 'NONE',  ( 0.000000000000000000, 0.000000000000000000, 1.000000000000000000 ) ) ;
#3966 = EDGE_LOOP ( 'NONE', ( #6019, #5762, #4416, #5098 ) ) ;
#3967 = DIRECTION ( 'NONE',  ( -0.000000000000000000, 1.000000000000000000, -0.000000000000000000 ) ) ;
#3968 = ORIENTED_EDGE ( 'NONE', *, *, #7892, .T. ) ;
#3969 = EDGE_CURVE ( 'NONE', #1635, #4861, #6350, .T. ) ;
#3970 = VECTOR ( 'NONE', #7776, 39.37007874015748143 ) ;
#3971 = EDGE_CURVE ( 'NONE', #9927, #6278, #2048, .T. ) ;
#3972 = CYLINDRICAL_SURFACE ( 'NONE', #10411, 0.01968503937007875723 ) ;
#3973 = ORIENTED_EDGE ( 'NONE', *, *, #6069, .T. ) ;
#3974 = ORIENTED_EDGE ( 'NONE', *, *, #4241, .F. ) ;
#3975 = CARTESIAN_POINT ( 'NONE',  ( 7.723517969990729201E-16, 0.1574803149606299191, 1.669614367278699829 ) ) ;
#3976 = FACE_OUTER_BOUND ( 'NONE', #727, .T. ) ;
#3977 = CARTESIAN_POINT ( 'NONE',  ( 0.04538125036984168997, 0.1771653543307086520, 3.176934288405823370 ) ) ;
#3978 = EDGE_CURVE ( 'NONE', #5448, #45, #10017, .T. ) ;
#3979 = CARTESIAN_POINT ( 'NONE',  ( 0.000000000000000000, 0.1574803149606299191, 2.558269957564442976 ) ) ;
#3980 = CYLINDRICAL_SURFACE ( 'NONE', #1354, 0.01968503937007875723 ) ;
#3981 = EDGE_CURVE ( 'NONE', #9746, #889, #6603, .T. ) ;
#3982 = SURFACE_SIDE_STYLE ('',( #3287 ) ) ;
#3983 = CYLINDRICAL_SURFACE ( 'NONE', #7503, 0.1377952755905511584 ) ;
#3984 = SHAPE_DEFINITION_REPRESENTATION ( #6226, #2416 ) ;
#3985 = VERTEX_POINT ( 'NONE', #1898 ) ;
#3986 = DIRECTION ( 'NONE',  ( -0.000000000000000000, 1.000000000000000000, -0.000000000000000000 ) ) ;
#3987 = ADVANCED_FACE ( 'NONE', ( #1212 ), #2067, .T. ) ;
#3988 = ORIENTED_EDGE ( 'NONE', *, *, #10776, .T. ) ;
#3989 = CARTESIAN_POINT ( 'NONE',  ( 0.8130977858029125871, 0.1771653543307086520, 0.8737846821066108660 ) ) ;
#3990 = LINE ( 'NONE', #5706, #3092 ) ;
#3991 = CARTESIAN_POINT ( 'NONE',  ( 0.6443605418411432195, 0.1574803149606299191, 0.8822127924755504003 ) ) ;
#3992 = CARTESIAN_POINT ( 'NONE',  ( 0.7965158651510385601, 0.1771653543307086798, 1.034368115785445408 ) ) ;
#3993 = CARTESIAN_POINT ( 'NONE',  ( -0.1036709542218489377, 0.1771653543307086520, 0.000000000000000000 ) ) ;
#3994 = AXIS2_PLACEMENT_3D ( 'NONE', #1946, #5243, #5303 ) ;
#3995 = CARTESIAN_POINT ( 'NONE',  ( 1.630026919661181184, 0.1968503937007874127, 1.089888905898577454 ) ) ;
#3996 = ORIENTED_EDGE ( 'NONE', *, *, #1874, .T. ) ;
#3997 = ORIENTED_EDGE ( 'NONE', *, *, #4298, .F. ) ;
#3998 = CARTESIAN_POINT ( 'NONE',  ( 0.6455476949752789739, 0.1507476349739041432, 0.2736182375011737555 ) ) ;
#3999 = AXIS2_PLACEMENT_3D ( 'NONE', #894, #5246, #8728 ) ;
#4000 = ADVANCED_FACE ( 'NONE', ( #4697 ), #5378, .T. ) ;
#4001 = VECTOR ( 'NONE', #2510, 39.37007874015748143 ) ;
#4002 = DIRECTION ( 'NONE',  ( 0.000000000000000000, 0.000000000000000000, 1.000000000000000000 ) ) ;
#4003 = EDGE_CURVE ( 'NONE', #228, #8230, #10649, .T. ) ;
#4004 = CARTESIAN_POINT ( 'NONE',  ( 1.468131882424877688, 3.414809992080329023E-17, 4.009133739358496484 ) ) ;
#4005 = CARTESIAN_POINT ( 'NONE',  ( 0.6443605418411432195, 0.1574803149606299191, 0.2748053906353094544 ) ) ;
#4006 = ORIENTED_EDGE ( 'NONE', *, *, #8935, .F. ) ;
#4008 = EDGE_LOOP ( 'NONE', ( #6329, #4173, #11087, #6967 ) ) ;
#4007 = DIRECTION ( 'NONE',  ( 0.000000000000000000, 0.9396926207859080948, 0.3420201433256694346 ) ) ;
#4009 = DIRECTION ( 'NONE',  ( 0.000000000000000000, 1.000000000000000000, 0.000000000000000000 ) ) ;
#4010 = CARTESIAN_POINT ( 'NONE',  ( -3.657332709098509593E-15, 0.1574803149606299191, 3.953078934207833850 ) ) ;
#4011 = VERTEX_POINT ( 'NONE', #6289 ) ;
#4012 = PRESENTATION_LAYER_ASSIGNMENT (  '', '', ( #8941 ) ) ;
#4013 = DIRECTION ( 'NONE',  ( -0.000000000000000000, 1.000000000000000000, -0.000000000000000000 ) ) ;
#4014 =( BOUNDED_CURVE ( )  B_SPLINE_CURVE ( 3, ( #3362, #9592, #10392, #8600 ),
 .UNSPECIFIED., .F., .F. ) 
 B_SPLINE_CURVE_WITH_KNOTS ( ( 4, 4 ),
 ( 5.934119456780718060, 6.283185307179586232 ),
 .UNSPECIFIED. ) 
 CURVE ( )  GEOMETRIC_REPRESENTATION_ITEM ( )  RATIONAL_B_SPLINE_CURVE ( ( 1.000000000000000000, 0.9898718353414719395, 0.9898718353414719395, 1.000000000000000000 ) ) 
 REPRESENTATION_ITEM ( '' )  );
#4015 = CIRCLE ( 'NONE', #10049, 0.1377952755905512972 ) ;
#4016 = ORIENTED_EDGE ( 'NONE', *, *, #4118, .T. ) ;
#4017 = PLANE ( 'NONE',  #4039 ) ;
#4018 = EDGE_LOOP ( 'NONE', ( #4621, #9332 ) ) ;
#4019 = DIRECTION ( 'NONE',  ( -1.734723475976807094E-16, 0.000000000000000000, -1.000000000000000000 ) ) ;
#4020 = ADVANCED_FACE ( 'NONE', ( #9793 ), #1958, .T. ) ;
#4021 = EDGE_LOOP ( 'NONE', ( #3700, #7781, #5514, #7961 ) ) ;
#4022 = AXIS2_PLACEMENT_3D ( 'NONE', #6860, #4967, #3212 ) ;
#4023 = FACE_OUTER_BOUND ( 'NONE', #1245, .T. ) ;
#4024 = DIRECTION ( 'NONE',  ( -1.000000000000000000, 0.000000000000000000, 0.000000000000000000 ) ) ;
#4025 = ORIENTED_EDGE ( 'NONE', *, *, #3553, .T. ) ;
#4026 = EDGE_LOOP ( 'NONE', ( #3566, #11077, #1205, #286 ) ) ;
#4027 = VECTOR ( 'NONE', #7991, 39.37007874015748143 ) ;
#4028 = LINE ( 'NONE', #1348, #8571 ) ;
#4029 = CARTESIAN_POINT ( 'NONE',  ( -2.011705363803387048, 0.000000000000000000, -1.783695632854019442 ) ) ;
#4030 = DIRECTION ( 'NONE',  ( 0.8641753818425661482, 0.000000000000000000, -0.5031907286678233282 ) ) ;
#4031 = EDGE_CURVE ( 'NONE', #3433, #4327, #3043, .T. ) ;
#4032 =( BOUNDED_CURVE ( )  B_SPLINE_CURVE ( 3, ( #6423, #5570, #9926, #4645 ),
 .UNSPECIFIED., .F., .F. ) 
 B_SPLINE_CURVE_WITH_KNOTS ( ( 4, 4 ),
 ( 3.141592653589793116, 3.490658503988657735 ),
 .UNSPECIFIED. ) 
 CURVE ( )  GEOMETRIC_REPRESENTATION_ITEM ( )  RATIONAL_B_SPLINE_CURVE ( ( 1.000000000000000000, 0.9898718353414720506, 0.9898718353414720506, 1.000000000000000000 ) ) 
 REPRESENTATION_ITEM ( '' )  );
#4033 = DIRECTION ( 'NONE',  ( 1.000000000000000000, 0.000000000000000000, 1.252855843761027209E-16 ) ) ;
#4034 = AXIS2_PLACEMENT_3D ( 'NONE', #5642, #9137, #4784 ) ;
#4035 = EDGE_CURVE ( 'NONE', #8351, #8417, #10864, .T. ) ;
#4036 = LINE ( 'NONE', #1461, #9894 ) ;
#4037 = DIRECTION ( 'NONE',  ( -1.000000000000000000, 0.000000000000000000, 0.000000000000000000 ) ) ;
#4038 = EDGE_LOOP ( 'NONE', ( #7122, #6199, #3366, #5187 ) ) ;
#4039 = AXIS2_PLACEMENT_3D ( 'NONE', #8246, #1336, #10085 ) ;
#4040 = LINE ( 'NONE', #5852, #2642 ) ;
#4041 = EDGE_CURVE ( 'NONE', #8318, #45, #4903, .T. ) ;
#4042 = EDGE_CURVE ( 'NONE', #1737, #7924, #9157, .T. ) ;
#4043 = ORIENTED_EDGE ( 'NONE', *, *, #7247, .F. ) ;
#4044 = DIRECTION ( 'NONE',  ( 2.312964634635742957E-16, -0.000000000000000000, -1.000000000000000000 ) ) ;
#4045 = DIRECTION ( 'NONE',  ( 1.000000000000000000, -0.000000000000000000, -0.000000000000000000 ) ) ;
#4046 = FACE_OUTER_BOUND ( 'NONE', #5166, .T. ) ;
#4047 =( GEOMETRIC_REPRESENTATION_CONTEXT ( 3 ) GLOBAL_UNCERTAINTY_ASSIGNED_CONTEXT ( ( #9742 ) ) GLOBAL_UNIT_ASSIGNED_CONTEXT ( ( #3074, #2371, #6768 ) ) REPRESENTATION_CONTEXT ( 'NONE', 'WORKASPACE' ) );
#4048 = DIRECTION ( 'NONE',  ( 0.3236155771181851160, 0.8891264907159878161, 0.3236155771181852825 ) ) ;
#4049 = EDGE_CURVE ( 'NONE', #124, #2391, #506, .T. ) ;
#4050 = DIRECTION ( 'NONE',  ( 0.000000000000000000, -1.000000000000000000, 0.000000000000000000 ) ) ;
#4051 = VECTOR ( 'NONE', #1611, 39.37007874015748143 ) ;
#4052 = CARTESIAN_POINT ( 'NONE',  ( -0.06730118844126403710, 0.000000000000000000, 0.2187505854846457376 ) ) ;
#4053 = VERTEX_POINT ( 'NONE', #6678 ) ;
#4054 = ORIENTED_EDGE ( 'NONE', *, *, #9719, .F. ) ;
#4055 = CARTESIAN_POINT ( 'NONE',  ( 0.8046696754339732749, 0.1574803149606299191, 0.8822127924755501782 ) ) ;
#4056 = DIRECTION ( 'NONE',  ( 1.156482317317871478E-16, -0.000000000000000000, -1.000000000000000000 ) ) ;
#4057 = DIRECTION ( 'NONE',  ( 0.000000000000000000, 0.000000000000000000, -1.000000000000000000 ) ) ;
#4058 = LINE ( 'NONE', #3956, #6981 ) ;
#4059 = AXIS2_PLACEMENT_3D ( 'NONE', #10112, #9087, #2269 ) ;
#4060 = CARTESIAN_POINT ( 'NONE',  ( 0.01726810063082366911, 0.1771653543307086520, 3.205047438144841276 ) ) ;
#4061 = VERTEX_POINT ( 'NONE', #1323 ) ;
#4063 = EDGE_LOOP ( 'NONE', ( #984, #3198, #10530, #8516 ) ) ;
#4062 = CARTESIAN_POINT ( 'NONE',  ( -1.554534736015902530, 0.000000000000000000, 3.958698255697500112 ) ) ;
#4064 = ORIENTED_EDGE ( 'NONE', *, *, #9837, .T. ) ;
#4065 = DIRECTION ( 'NONE',  ( 1.000000000000000000, -0.000000000000000000, -4.625929269271484928E-16 ) ) ;
#4066 = VECTOR ( 'NONE', #2511, 39.37007874015748143 ) ;
#4067 = DIRECTION ( 'NONE',  ( 1.000000000000000000, 2.946752822468554575E-32, -4.625929269271484928E-16 ) ) ;
#4068 = DIRECTION ( 'NONE',  ( 0.000000000000000000, 0.9396926207859080948, 0.3420201433256694346 ) ) ;
#4069 = EDGE_LOOP ( 'NONE', ( #4652, #6663, #10182, #10371 ) ) ;
#4070 = EDGE_CURVE ( 'NONE', #224, #8834, #9726, .T. ) ;
#4071 = DIRECTION ( 'NONE',  ( 0.000000000000000000, -1.000000000000000000, 0.000000000000000000 ) ) ;
#4072 = EDGE_CURVE ( 'NONE', #5737, #977, #4787, .T. ) ;
#4073 = ORIENTED_EDGE ( 'NONE', *, *, #7610, .T. ) ;
#4074 = CARTESIAN_POINT ( 'NONE',  ( -1.549106938606536144, 0.000000000000000000, 3.958430351397948854 ) ) ;
#4075 = AXIS2_PLACEMENT_3D ( 'NONE', #7455, #322, #9076 ) ;
#4076 = DIRECTION ( 'NONE',  ( 0.000000000000000000, 0.3420201433256694346, -0.9396926207859080948 ) ) ;
#4077 = AXIS2_PLACEMENT_3D ( 'NONE', #5721, #6681, #10073 ) ;
#4078 =( BOUNDED_CURVE ( )  B_SPLINE_CURVE ( 3, ( #4437, #3420, #7744, #7800 ),
 .UNSPECIFIED., .F., .F. ) 
 B_SPLINE_CURVE_WITH_KNOTS ( ( 4, 4 ),
 ( 5.934119456780720725, 6.283185307179586232 ),
 .UNSPECIFIED. ) 
 CURVE ( )  GEOMETRIC_REPRESENTATION_ITEM ( )  RATIONAL_B_SPLINE_CURVE ( ( 1.000000000000000000, 0.9898718353414720506, 0.9898718353414720506, 1.000000000000000000 ) ) 
 REPRESENTATION_ITEM ( '' )  );
#4079 = CARTESIAN_POINT ( 'NONE',  ( -0.7307633954321682834, 0.1574803149606299191, 3.185362398774762571 ) ) ;
#4080 = ORIENTED_EDGE ( 'NONE', *, *, #8407, .T. ) ;
#4081 = LINE ( 'NONE', #7510, #10253 ) ;
#4082 = DIRECTION ( 'NONE',  ( 0.000000000000000000, 0.000000000000000000, 1.000000000000000000 ) ) ;
#4083 = CYLINDRICAL_SURFACE ( 'NONE', #8819, 0.01968503937007872254 ) ;
#4084 = ORIENTED_EDGE ( 'NONE', *, *, #10985, .T. ) ;
#4085 = VECTOR ( 'NONE', #8918, 39.37007874015748143 ) ;
#4086 = EDGE_CURVE ( 'NONE', #996, #8917, #4804, .T. ) ;
#4087 = CARTESIAN_POINT ( 'NONE',  ( 0.02879932971796754157, 0.1771653543307086798, 0.2666515803523745176 ) ) ;
#4088 = CARTESIAN_POINT ( 'NONE',  ( -0.8898853758908631395, 0.1507476349739042265, 3.186549551908898437 ) ) ;
#4089 = ORIENTED_EDGE ( 'NONE', *, *, #306, .F. ) ;
#4090 = PRODUCT_RELATED_PRODUCT_CATEGORY ( 'part', '', ( #3495 ) ) ;
#4091 = CARTESIAN_POINT ( 'NONE',  ( 1.462704085015511746, 0.000000000000000000, 4.072603579744405344 ) ) ;
#4092 = ORIENTED_EDGE ( 'NONE', *, *, #9745, .T. ) ;
#4093 = VERTEX_POINT ( 'NONE', #1379 ) ;
#4094 = CARTESIAN_POINT ( 'NONE',  ( -1.992020324433308343, 0.4724409448818898127, -1.626215317893389356 ) ) ;
#4095 = VECTOR ( 'NONE', #2860, 39.37007874015748143 ) ;
#4096 = CARTESIAN_POINT ( 'NONE',  ( 1.728452116511574932, 0.000000000000000000, 4.121816178169601663 ) ) ;
#4097 = ADVANCED_FACE ( 'NONE', ( #4858 ), #7485, .F. ) ;
#4098 = LINE ( 'NONE', #146, #8725 ) ;
#4099 = EDGE_CURVE ( 'NONE', #2436, #7862, #11026, .T. ) ;
#4100 = LINE ( 'NONE', #7578, #10398 ) ;
#4101 = CARTESIAN_POINT ( 'NONE',  ( 0.04538125036984175936, 0.1507476349739041432, 1.041334772934244590 ) ) ;
#4102 = CIRCLE ( 'NONE', #4843, 0.1377952755905511584 ) ;
#4103 = DIRECTION ( 'NONE',  ( 0.000000000000000000, 0.000000000000000000, -1.000000000000000000 ) ) ;
#4104 = EDGE_LOOP ( 'NONE', ( #5513, #4466, #1375, #1057 ) ) ;
#4105 = VERTEX_POINT ( 'NONE', #10071 ) ;
#4106 = FACE_OUTER_BOUND ( 'NONE', #7212, .T. ) ;
#4107 = ORIENTED_EDGE ( 'NONE', *, *, #2958, .T. ) ;
#4108 = CARTESIAN_POINT ( 'NONE',  ( 1.431762116644293092, 0.1771653543307086520, 0.000000000000000000 ) ) ;
#4109 = CARTESIAN_POINT ( 'NONE',  ( -0.1233559935919277123, 0.1574803149606299191, 2.577954996934521681 ) ) ;
#4110 = CARTESIAN_POINT ( 'NONE',  ( -0.8829187187420638461, 0.1771653543307087075, 0.8903666027584853371 ) ) ;
#4111 = EDGE_CURVE ( 'NONE', #5341, #6581, #9320, .T. ) ;
#4112 = AXIS2_PLACEMENT_3D ( 'NONE', #6338, #1710, #1845 ) ;
#4113 = CARTESIAN_POINT ( 'NONE',  ( -0.7504484348022473217, 0.1771653543307086520, 1.669614367278700051 ) ) ;
#4114 = ORIENTED_EDGE ( 'NONE', *, *, #2, .T. ) ;
#4115 = EDGE_LOOP ( 'NONE', ( #7261, #9532 ) ) ;
#4116 = LINE ( 'NONE', #3260, #466 ) ;
#4117 = DIRECTION ( 'NONE',  ( 4.625929269271485914E-16, -0.000000000000000000, -1.000000000000000000 ) ) ;
#4118 = EDGE_CURVE ( 'NONE', #3249, #8850, #9265, .T. ) ;
#4119 = CARTESIAN_POINT ( 'NONE',  ( -2.011705363803387048, -0.2952755905511810774, -1.878183821830397449 ) ) ;
#4120 = ORIENTED_EDGE ( 'NONE', *, *, #9357, .F. ) ;
#4121 = PLANE ( 'NONE',  #897 ) ;
#4122 = VERTEX_POINT ( 'NONE', #2390 ) ;
#4123 = AXIS2_PLACEMENT_3D ( 'NONE', #933, #4543, #10670 ) ;
#4125 = DIRECTION ( 'NONE',  ( -4.606734542013097089E-16, 0.000000000000000000, -1.000000000000000000 ) ) ;
#4124 = VECTOR ( 'NONE', #1118, 39.37007874015748854 ) ;
#4126 = ORIENTED_EDGE ( 'NONE', *, *, #7751, .F. ) ;
#4127 = FACE_OUTER_BOUND ( 'NONE', #5875, .T. ) ;
#4128 = ORIENTED_EDGE ( 'NONE', *, *, #4381, .T. ) ;
#4129 = ADVANCED_FACE ( 'NONE', ( #1536 ), #10915, .F. ) ;
#4130 = VECTOR ( 'NONE', #3008, 39.37007874015748143 ) ;
#4131 = DIRECTION ( 'NONE',  ( -0.000000000000000000, 1.000000000000000000, -0.000000000000000000 ) ) ;
#4132 = LINE ( 'NONE', #10094, #5926 ) ;
#4133 = ORIENTED_EDGE ( 'NONE', *, *, #4099, .F. ) ;
#4134 = CARTESIAN_POINT ( 'NONE',  ( 0.8046696754339739410, 0.1574803149606299191, 3.722345003685207247E-16 ) ) ;
#4135 = LINE ( 'NONE', #799, #305 ) ;
#4136 = AXIS2_PLACEMENT_3D ( 'NONE', #9735, #9561, #8741 ) ;
#4137 = EDGE_CURVE ( 'NONE', #1035, #4433, #5814, .T. ) ;
#4138 = ADVANCED_FACE ( 'NONE', ( #1480 ), #8434, .T. ) ;
#4139 = LINE ( 'NONE', #10314, #5886 ) ;
#4140 = ORIENTED_EDGE ( 'NONE', *, *, #1116, .T. ) ;
#4141 = DIRECTION ( 'NONE',  ( -0.000000000000000000, -1.000000000000000000, -0.000000000000000000 ) ) ;
#4142 = FACE_OUTER_BOUND ( 'NONE', #3096, .T. ) ;
#4143 = LINE ( 'NONE', #11006, #5203 ) ;
#4144 = ORIENTED_EDGE ( 'NONE', *, *, #6052, .F. ) ;
#4145 = FACE_OUTER_BOUND ( 'NONE', #10883, .T. ) ;
#4146 = FACE_OUTER_BOUND ( 'NONE', #10322, .T. ) ;
#4147 = ORIENTED_EDGE ( 'NONE', *, *, #10015, .T. ) ;
#4148 = VERTEX_POINT ( 'NONE', #403 ) ;
#4149 = ORIENTED_EDGE ( 'NONE', *, *, #4035, .T. ) ;
#4150 = CARTESIAN_POINT ( 'NONE',  ( 0.8130977858029125871, 0.1771653543307086520, 3.944650823838894205 ) ) ;
#4151 = EDGE_CURVE ( 'NONE', #2673, #9585, #610, .T. ) ;
#4152 = FACE_OUTER_BOUND ( 'NONE', #10545, .T. ) ;
#4153 =( BOUNDED_CURVE ( )  B_SPLINE_CURVE ( 3, ( #6450, #1190, #8270, #3938 ),
 .UNSPECIFIED., .F., .F. ) 
 B_SPLINE_CURVE_WITH_KNOTS ( ( 4, 4 ),
 ( 5.934119456780718949, 6.283185307179586232 ),
 .UNSPECIFIED. ) 
 CURVE ( )  GEOMETRIC_REPRESENTATION_ITEM ( )  RATIONAL_B_SPLINE_CURVE ( ( 1.000000000000000000, 0.9898718353414719395, 0.9898718353414719395, 1.000000000000000000 ) ) 
 REPRESENTATION_ITEM ( '' )  );
#4154 = CARTESIAN_POINT ( 'NONE',  ( 0.6447603084546081886, 0.1529109616598305910, 0.8826125590890150363 ) ) ;
#4155 = LINE ( 'NONE', #5860, #2724 ) ;
#4156 = CARTESIAN_POINT ( 'NONE',  ( -0.7311631620456333636, 0.1529109616598305355, 1.650329094522086093 ) ) ;
#4157 = DIRECTION ( 'NONE',  ( -2.312964634635742957E-16, 0.000000000000000000, 1.000000000000000000 ) ) ;
#4158 = ORIENTED_EDGE ( 'NONE', *, *, #287, .F. ) ;
#4159 = ORIENTED_EDGE ( 'NONE', *, *, #3252, .F. ) ;
#4160 = EDGE_CURVE ( 'NONE', #6407, #969, #8024, .T. ) ;
#4161 = FACE_BOUND ( 'NONE', #2786, .T. ) ;
#4162 = VERTEX_POINT ( 'NONE', #9213 ) ;
#4163 = CARTESIAN_POINT ( 'NONE',  ( 0.04538125036984168997, 0.000000000000000000, 0.9382675976262138118 ) ) ;
#4164 = ADVANCED_FACE ( 'NONE', ( #7017 ), #8666, .F. ) ;
#4165 = FACE_OUTER_BOUND ( 'NONE', #2830, .T. ) ;
#4166 = LINE ( 'NONE', #2284, #5148 ) ;
#4167 = DIRECTION ( 'NONE',  ( -4.625929269271485914E-16, 0.000000000000000000, 1.000000000000000000 ) ) ;
#4168 = ORIENTED_EDGE ( 'NONE', *, *, #2569, .T. ) ;
#4169 = EDGE_LOOP ( 'NONE', ( #5453, #1684, #6403, #1608 ) ) ;
#4170 = CARTESIAN_POINT ( 'NONE',  ( 7.632456370201920427E-16, 0.1574803149606299191, 1.649929327908620902 ) ) ;
#4171 = DIRECTION ( 'NONE',  ( -1.000000000000000000, 0.000000000000000000, -0.000000000000000000 ) ) ;
#4172 = CARTESIAN_POINT ( 'NONE',  ( 1.630026919661181184, 0.1968503937007874127, 1.432522845093851605E-16 ) ) ;
#4173 = ORIENTED_EDGE ( 'NONE', *, *, #6644, .F. ) ;
#4174 = LINE ( 'NONE', #9498, #6933 ) ;
#4175 = CARTESIAN_POINT ( 'NONE',  ( -0.08257150553567030316, 0.1968503937007873017, -0.1429476013579570604 ) ) ;
#4176 = ORIENTED_EDGE ( 'NONE', *, *, #5521, .T. ) ;
#4177 = AXIS2_PLACEMENT_3D ( 'NONE', #7424, #10697, #9843 ) ;
#4178 = ADVANCED_FACE ( 'NONE', ( #6850 ), #3310, .T. ) ;
#4179 = CARTESIAN_POINT ( 'NONE',  ( -2.169185678764017133, 0.1968503937007874127, -1.626215317893389356 ) ) ;
#4180 = DIRECTION ( 'NONE',  ( 0.9396926207859080948, 0.3420201433256694346, 0.000000000000000000 ) ) ;
#4181 = ORIENTED_EDGE ( 'NONE', *, *, #3981, .F. ) ;
#4182 = EDGE_CURVE ( 'NONE', #2509, #1662, #4594, .T. ) ;
#4183 = FACE_BOUND ( 'NONE', #8527, .T. ) ;
#4184 = AXIS2_PLACEMENT_3D ( 'NONE', #8035, #207, #326 ) ;
#4185 = AXIS2_PLACEMENT_3D ( 'NONE', #5815, #7589, #6851 ) ;
#4186 = CARTESIAN_POINT ( 'NONE',  ( -0.7389172057151032202, 0.1771653543307087075, 3.193516209057697619 ) ) ;
#4187 = ORIENTED_EDGE ( 'NONE', *, *, #9240, .T. ) ;
#4188 = CARTESIAN_POINT ( 'NONE',  ( 1.431762116644293092, 0.1574803149606299191, 0.000000000000000000 ) ) ;
#4189 = EDGE_CURVE ( 'NONE', #3958, #10368, #7697, .T. ) ;
#4190 = DIRECTION ( 'NONE',  ( -0.000000000000000000, -0.000000000000000000, 1.000000000000000000 ) ) ;
#4191 = AXIS2_PLACEMENT_3D ( 'NONE', #6826, #862, #2485 ) ;
#4192 = VECTOR ( 'NONE', #3345, 39.37007874015748143 ) ;
#4193 = VERTEX_POINT ( 'NONE', #7861 ) ;
#4194 = CARTESIAN_POINT ( 'NONE',  ( -1.554534736015902530, 1.707404996040164512E-17, 3.289616727216929437 ) ) ;
#4195 = EDGE_LOOP ( 'NONE', ( #2024, #8704, #915, #4248 ) ) ;
#4196 = CARTESIAN_POINT ( 'NONE',  ( 1.413264230408350031, 0.1507476349739041155, 0.2736182375011737555 ) ) ;
#4197 = VECTOR ( 'NONE', #4582, 39.37007874015748143 ) ;
#4198 = LINE ( 'NONE', #8581, #5092 ) ;
#4199 = CARTESIAN_POINT ( 'NONE',  ( -0.7868182005828318060, 1.707404996040164512E-17, 2.521900191783858158 ) ) ;
#4200 = EDGE_CURVE ( 'NONE', #7582, #3507, #10516, .T. ) ;
#4201 = DIRECTION ( 'NONE',  ( 0.000000000000000000, 0.000000000000000000, -1.000000000000000000 ) ) ;
#4202 = EDGE_CURVE ( 'NONE', #7229, #7891, #6791, .T. ) ;
#4203 = ORIENTED_EDGE ( 'NONE', *, *, #4877, .T. ) ;
#4204 = DIRECTION ( 'NONE',  ( 0.000000000000000000, 0.000000000000000000, -1.000000000000000000 ) ) ;
#4205 = VERTEX_POINT ( 'NONE', #8606 ) ;
#4206 = ORIENTED_EDGE ( 'NONE', *, *, #1973, .T. ) ;
#4207 = ORIENTED_EDGE ( 'NONE', *, *, #9514, .T. ) ;
#4208 = AXIS2_PLACEMENT_3D ( 'NONE', #9730, #11311, #5430 ) ;
#4209 = DIRECTION ( 'NONE',  ( -0.9396926207859080948, 0.3420201433256694346, -1.086737899652990755E-16 ) ) ;
#4210 = CARTESIAN_POINT ( 'NONE',  ( -2.011705363803387048, -0.2952755905511810774, -1.783695632854019442 ) ) ;
#4211 = DIRECTION ( 'NONE',  ( -1.000000000000000000, 0.000000000000000000, 0.000000000000000000 ) ) ;
#4212 = CARTESIAN_POINT ( 'NONE',  ( -1.127492036175426152E-15, 0.1574803149606299191, 2.437330902711769998 ) ) ;
#4213 = PRODUCT_DEFINITION_SHAPE ( 'NONE', 'NONE',  #11321 ) ;
#4214 = AXIS2_PLACEMENT_3D ( 'NONE', #6882, #10377, #10494 ) ;
#4215 = DIRECTION ( 'NONE',  ( -2.312964634635742957E-16, -0.000000000000000000, 1.000000000000000000 ) ) ;
#4216 = CARTESIAN_POINT ( 'NONE',  ( -1.549106938606535477, 0.4724409448818898127, 4.072603579744405344 ) ) ;
#4217 = ORIENTED_EDGE ( 'NONE', *, *, #3819, .T. ) ;
#4218 = ORIENTED_EDGE ( 'NONE', *, *, #5063, .F. ) ;
#4219 = FACE_BOUND ( 'NONE', #3493, .T. ) ;
#4220 = CARTESIAN_POINT ( 'NONE',  ( 1.413264230408350031, 0.1507476349739041155, 2.418833016475827602 ) ) ;
#4221 =( BOUNDED_CURVE ( )  B_SPLINE_CURVE ( 3, ( #6317, #4544, #8085, #8204 ),
 .UNSPECIFIED., .F., .F. ) 
 B_SPLINE_CURVE_WITH_KNOTS ( ( 4, 4 ),
 ( 1.570796326794896780, 3.141592653589793116 ),
 .UNSPECIFIED. ) 
 CURVE ( )  GEOMETRIC_REPRESENTATION_ITEM ( )  RATIONAL_B_SPLINE_CURVE ( ( 1.000000000000000000, 0.8047378541243650485, 0.8047378541243650485, 1.000000000000000000 ) ) 
 REPRESENTATION_ITEM ( '' )  );
#4222 = CARTESIAN_POINT ( 'NONE',  ( 1.412476843887679356, 0.1529109616598304799, 1.650329094522085649 ) ) ;
#4223 = PLANE ( 'NONE',  #692 ) ;
#4224 = EDGE_LOOP ( 'NONE', ( #9263, #3870, #6947, #9254 ) ) ;
#4225 = VECTOR ( 'NONE', #235, 39.37007874015748143 ) ;
#4226 = FACE_OUTER_BOUND ( 'NONE', #10173, .T. ) ;
#4227 = ORIENTED_EDGE ( 'NONE', *, *, #1084, .F. ) ;
#4228 = CARTESIAN_POINT ( 'NONE',  ( -0.08257150553567031703, 2.287311901041906737, -0.3988531131689807552 ) ) ;
#4229 = ADVANCED_FACE ( 'NONE', ( #9546 ), #5010, .T. ) ;
#4230 = FACE_OUTER_BOUND ( 'NONE', #5653, .T. ) ;
#4231 = ORIENTED_EDGE ( 'NONE', *, *, #591, .T. ) ;
#4232 = VECTOR ( 'NONE', #552, 39.37007874015748143 ) ;
#4233 = DIRECTION ( 'NONE',  ( 0.000000000000000000, -1.000000000000000000, 0.000000000000000000 ) ) ;
#4234 = CARTESIAN_POINT ( 'NONE',  ( 0.8130977858029125871, 0.1771653543307086520, 3.176934288405823370 ) ) ;
#4235 = CARTESIAN_POINT ( 'NONE',  ( -0.08257150553567034479, 0.1968503937007873017, -0.2610578375784295968 ) ) ;
#4236 = FACE_OUTER_BOUND ( 'NONE', #1941, .T. ) ;
#4237 = ADVANCED_FACE ( 'NONE', ( #3536 ), #6959, .F. ) ;
#4238 = FACE_OUTER_BOUND ( 'NONE', #1632, .T. ) ;
#4239 = VECTOR ( 'NONE', #2471, 39.37007874015748143 ) ;
#4240 = ORIENTED_EDGE ( 'NONE', *, *, #306, .T. ) ;
#4241 = EDGE_CURVE ( 'NONE', #1871, #1101, #10454, .T. ) ;
#4242 = CARTESIAN_POINT ( 'NONE',  ( 0.8130977858029126981, 0.1771653543307086520, 2.586383107303460882 ) ) ;
#4243 = AXIS2_PLACEMENT_3D ( 'NONE', #5664, #2336, #10235 ) ;
#4244 = CYLINDRICAL_SURFACE ( 'NONE', #7246, 0.1377952755905512139 ) ;
#4245 = ORIENTED_EDGE ( 'NONE', *, *, #1522, .T. ) ;
#4246 = DIRECTION ( 'NONE',  ( -1.000000000000000000, 0.000000000000000000, 0.000000000000000000 ) ) ;
#4247 = EDGE_CURVE ( 'NONE', #805, #8092, #3426, .T. ) ;
#4248 = ORIENTED_EDGE ( 'NONE', *, *, #8842, .F. ) ;
#4249 = AXIS2_PLACEMENT_3D ( 'NONE', #4210, #6723, #1470 ) ;
#4250 = LINE ( 'NONE', #2423, #8942 ) ;
#4251 = EDGE_CURVE ( 'NONE', #9530, #4372, #10367, .T. ) ;
#4252 = CARTESIAN_POINT ( 'NONE',  ( 1.925302510212361318, -0.2952755905511810774, -1.783695632854019442 ) ) ;
#4253 = VERTEX_POINT ( 'NONE', #2508 ) ;
#4254 = DIRECTION ( 'NONE',  ( 0.000000000000000000, -1.000000000000000000, 0.000000000000000000 ) ) ;
#4255 = PLANE ( 'NONE',  #11225 ) ;
#4256 = VERTEX_POINT ( 'NONE', #5976 ) ;
#4257 = ORIENTED_EDGE ( 'NONE', *, *, #3264, .F. ) ;
#4258 = DIRECTION ( 'NONE',  ( -4.625929269271465206E-16, 0.000000000000000000, -1.000000000000000000 ) ) ;
#4259 = LINE ( 'NONE', #1421, #8428 ) ;
#4260 = ADVANCED_FACE ( 'NONE', ( #7637 ), #1593, .F. ) ;
#4261 = ADVANCED_FACE ( 'NONE', ( #8722 ), #1652, .F. ) ;
#4262 = CARTESIAN_POINT ( 'NONE',  ( 0.7146725889525192832, 0.1771653543307086520, 0.000000000000000000 ) ) ;
#4263 = CARTESIAN_POINT ( 'NONE',  ( -2.169185678764016689, 0.4724409448818899238, -0.5366483887595320246 ) ) ;
#4264 = LINE ( 'NONE', #2728, #379 ) ;
#4265 = DIRECTION ( 'NONE',  ( -0.3236155771181852825, 0.8891264907159880382, 0.3236155771181852825 ) ) ;
#4266 = ORIENTED_EDGE ( 'NONE', *, *, #5172, .T. ) ;
#4267 = ORIENTED_EDGE ( 'NONE', *, *, #10573, .F. ) ;
#4268 = DIRECTION ( 'NONE',  ( 0.000000000000000000, 0.000000000000000000, 1.000000000000000000 ) ) ;
#4269 = VERTEX_POINT ( 'NONE', #11249 ) ;
#4270 = CARTESIAN_POINT ( 'NONE',  ( -0.7223352850632293043, 0.1771653543307086520, 1.641501217539681701 ) ) ;
#4271 = ORIENTED_EDGE ( 'NONE', *, *, #8123, .F. ) ;
#4272 = FACE_OUTER_BOUND ( 'NONE', #3435, .T. ) ;
#4273 = CYLINDRICAL_SURFACE ( 'NONE', #3164, 0.1377952755905512972 ) ;
#4274 = ADVANCED_FACE ( 'NONE', ( #2797 ), #10568, .F. ) ;
#4275 = EDGE_CURVE ( 'NONE', #2989, #4387, #4501, .T. ) ;
#4276 = DIRECTION ( 'NONE',  ( 0.000000000000000000, 0.000000000000000000, 1.000000000000000000 ) ) ;
#4277 = ORIENTED_EDGE ( 'NONE', *, *, #4741, .F. ) ;
#4278 = AXIS2_PLACEMENT_3D ( 'NONE', #8891, #8026, #198 ) ;
#4279 = LINE ( 'NONE', #4336, #2170 ) ;
#4280 = DIRECTION ( 'NONE',  ( 0.000000000000000000, 0.000000000000000000, 1.000000000000000000 ) ) ;
#4281 = VERTEX_POINT ( 'NONE', #2979 ) ;
#4282 = CARTESIAN_POINT ( 'NONE',  ( 0.04538125036984175936, 0.1771653543307086520, 0.2832335010042487111 ) ) ;
#4283 = DIRECTION ( 'NONE',  ( 0.000000000000000000, 0.000000000000000000, -1.000000000000000000 ) ) ;
#4284 = ORIENTED_EDGE ( 'NONE', *, *, #9934, .F. ) ;
#4285 = CARTESIAN_POINT ( 'NONE',  ( 0.000000000000000000, 0.1574803149606299191, 2.558269957564442976 ) ) ;
#4286 = EDGE_LOOP ( 'NONE', ( #10663, #2136, #4952, #2997 ) ) ;
#4287 = CYLINDRICAL_SURFACE ( 'NONE', #7599, 0.01968503937007875723 ) ;
#4288 = FACE_OUTER_BOUND ( 'NONE', #7971, .T. ) ;
#4289 = CARTESIAN_POINT ( 'NONE',  ( -1.716429773252205804, 0.1968503937007874127, -0.3988531131689809217 ) ) ;
#4290 = FACE_OUTER_BOUND ( 'NONE', #923, .T. ) ;
#4291 = EDGE_CURVE ( 'NONE', #4626, #3666, #3591, .T. ) ;
#4292 = CARTESIAN_POINT ( 'NONE',  ( 0.000000000000000000, 0.1574803149606299191, 3.205047438144841276 ) ) ;
#4293 = AXIS2_PLACEMENT_3D ( 'NONE', #10921, #7798, #10511 ) ;
#4294 = AXIS2_PLACEMENT_3D ( 'NONE', #4965, #8554, #5772 ) ;
#4295 = ORIENTED_EDGE ( 'NONE', *, *, #2020, .F. ) ;
#4296 = CARTESIAN_POINT ( 'NONE',  ( -0.8898853758908630285, 0.1507476349739041155, 1.641501217539681479 ) ) ;
#4297 = CARTESIAN_POINT ( 'NONE',  ( 0.6443605418411432195, 0.1574803149606299191, 0.8822127924755504003 ) ) ;
#4298 = EDGE_CURVE ( 'NONE', #578, #10031, #4960, .T. ) ;
#4299 = ORIENTED_EDGE ( 'NONE', *, *, #11115, .T. ) ;
#4300 = VECTOR ( 'NONE', #8977, 39.37007874015748143 ) ;
#4301 = EDGE_CURVE ( 'NONE', #3964, #8957, #3896, .T. ) ;
#4302 = EDGE_LOOP ( 'NONE', ( #9391, #132, #6136, #8904, #8667, #7909, #11158, #10791, #9814, #2863, #1882, #1049, #8344, #9334 ) ) ;
#4303 = DIRECTION ( 'NONE',  ( 0.9396926207859080948, 0.3420201433256694346, 0.000000000000000000 ) ) ;
#4304 = ORIENTED_EDGE ( 'NONE', *, *, #349, .T. ) ;
#4305 = VERTEX_POINT ( 'NONE', #333 ) ;
#4306 = DIRECTION ( 'NONE',  ( 0.000000000000000000, 0.000000000000000000, 1.000000000000000000 ) ) ;
#4307 = LINE ( 'NONE', #7783, #10946 ) ;
#4308 = CARTESIAN_POINT ( 'NONE',  ( -0.1936307821617741787, 0.3470877061559772270, 1.880513250071297549 ) ) ;
#4309 = AXIS2_PLACEMENT_3D ( 'NONE', #8813, #5206, #8750 ) ;
#4310 = CARTESIAN_POINT ( 'NONE',  ( -0.8923797854702465449, 0.4724409448818898127, 4.043076020689286842 ) ) ;
#4311 = EDGE_CURVE ( 'NONE', #1427, #5333, #4562, .T. ) ;
#4312 = DIRECTION ( 'NONE',  ( -0.9396926207859080948, 0.3420201433256694346, -2.173475799305981510E-16 ) ) ;
#4313 = ORIENTED_EDGE ( 'NONE', *, *, #6896, .T. ) ;
#4314 = ORIENTED_EDGE ( 'NONE', *, *, #683, .F. ) ;
#4315 = ORIENTED_EDGE ( 'NONE', *, *, #5085, .T. ) ;
#4316 = DIRECTION ( 'NONE',  ( 0.3236155771181852270, 0.8891264907159878161, -0.3236155771181854490 ) ) ;
#4317 = EDGE_CURVE ( 'NONE', #4253, #3465, #2784, .T. ) ;
#4318 = CARTESIAN_POINT ( 'NONE',  ( 1.413264230408350031, 0.1507476349739040322, 1.651116481042756545 ) ) ;
#4319 = LINE ( 'NONE', #1756, #8205 ) ;
#4320 = ORIENTED_EDGE ( 'NONE', *, *, #10985, .F. ) ;
#4321 = CARTESIAN_POINT ( 'NONE',  ( -1.549106938606536144, -0.2952755905511810774, 4.068666571870389603 ) ) ;
#4322 = CARTESIAN_POINT ( 'NONE',  ( 1.925302510212361318, 0.000000000000000000, -1.409679884822523377 ) ) ;
#4323 = DIRECTION ( 'NONE',  ( 0.8641753818425661482, 0.000000000000000000, -0.5031907286678234392 ) ) ;
#4324 = VERTEX_POINT ( 'NONE', #6209 ) ;
#4325 = EDGE_CURVE ( 'NONE', #10527, #996, #9540, .T. ) ;
#4326 = CARTESIAN_POINT ( 'NONE',  ( -2.031390403173464865, 0.1968503937007874127, -0.3988531131689810882 ) ) ;
#4327 = VERTEX_POINT ( 'NONE', #94 ) ;
#4328 = CARTESIAN_POINT ( 'NONE',  ( -1.499667083999374873, 0.1507476349739041155, 2.576767843800386260 ) ) ;
#4329 = ORIENTED_EDGE ( 'NONE', *, *, #5158, .T. ) ;
#4330 = CYLINDRICAL_SURFACE ( 'NONE', #10934, 0.1377952755905512972 ) ;
#4331 = VECTOR ( 'NONE', #749, 39.37007874015748143 ) ;
#4332 = DIRECTION ( 'NONE',  ( 0.000000000000000000, 0.000000000000000000, -1.000000000000000000 ) ) ;
#4333 = CARTESIAN_POINT ( 'NONE',  ( -1.716429773252204694, 0.1968503937007874127, 3.787170508878263231 ) ) ;
#4334 = ORIENTED_EDGE ( 'NONE', *, *, #10018, .F. ) ;
#4335 = DIRECTION ( 'NONE',  ( -1.000000000000000000, -0.000000000000000000, -5.782411586589359857E-17 ) ) ;
#4336 = CARTESIAN_POINT ( 'NONE',  ( 1.675061507801341776, 0.1968503937007874127, 0.9753522703653394466 ) ) ;
#4337 = CARTESIAN_POINT ( 'NONE',  ( 0.6443605418411433305, 0.1574803149606299191, 3.345671532367592516 ) ) ;
#4338 = ORIENTED_EDGE ( 'NONE', *, *, #781, .T. ) ;
#4339 = CARTESIAN_POINT ( 'NONE',  ( -0.1233559935919276984, 0.1574803149606299191, 1.810238461501451068 ) ) ;
#4340 = DIRECTION ( 'NONE',  ( 0.000000000000000000, 0.000000000000000000, 1.000000000000000000 ) ) ;
#4341 = ORIENTED_EDGE ( 'NONE', *, *, #8216, .F. ) ;
#4342 = ADVANCED_FACE ( 'NONE', ( #1820 ), #7982, .T. ) ;
#4343 = CARTESIAN_POINT ( 'NONE',  ( 1.559627917323826551, 0.1968503937007874127, -0.3988531131689802001 ) ) ;
#4344 = EDGE_CURVE ( 'NONE', #6929, #2677, #293, .T. ) ;
#4345 = ORIENTED_EDGE ( 'NONE', *, *, #6832, .T. ) ;
#4346 = CARTESIAN_POINT ( 'NONE',  ( 0.7146725889525192832, 0.1968503937007874127, -2.039601144665043275 ) ) ;
#4347 = DIRECTION ( 'NONE',  ( 0.000000000000000000, -1.000000000000000000, 0.000000000000000000 ) ) ;
#4348 = DIRECTION ( 'NONE',  ( 1.000000000000000000, 0.000000000000000000, 0.000000000000000000 ) ) ;
#4349 = CARTESIAN_POINT ( 'NONE',  ( -0.8910725290249986719, 0.1574803149606299191, 3.953078934207833850 ) ) ;
#4350 = CARTESIAN_POINT ( 'NONE',  ( -1.814854970102599330, 0.5905511811023621549, 4.722407283195248408E-16 ) ) ;
#4351 = VECTOR ( 'NONE', #1251, 39.37007874015748143 ) ;
#4352 = ORIENTED_EDGE ( 'NONE', *, *, #8862, .T. ) ;
#4353 = DIRECTION ( 'NONE',  ( -0.000000000000000000, 1.000000000000000000, -0.000000000000000000 ) ) ;
#4354 = ADVANCED_FACE ( 'NONE', ( #9720 ), #7307, .T. ) ;
#4355 = EDGE_CURVE ( 'NONE', #2959, #5658, #1881, .T. ) ;
#4356 = LINE ( 'NONE', #7, #9257 ) ;
#4357 = ORIENTED_EDGE ( 'NONE', *, *, #2315, .F. ) ;
#4358 = CIRCLE ( 'NONE', #10769, 0.09842519685039378963 ) ;
#4359 = AXIS2_PLACEMENT_3D ( 'NONE', #6452, #10799, #2981 ) ;
#4360 = ORIENTED_EDGE ( 'NONE', *, *, #2418, .F. ) ;
#4361 = ORIENTED_EDGE ( 'NONE', *, *, #3069, .T. ) ;
#4362 = CARTESIAN_POINT ( 'NONE',  ( -0.1036709542218490071, 0.1771653543307086520, 0.9018978318456288834 ) ) ;
#4363 = CARTESIAN_POINT ( 'NONE',  ( -1.506633741148174277, 0.1771653543307086798, 1.658083138191556394 ) ) ;
#4364 = EDGE_LOOP ( 'NONE', ( #4744, #2124, #4601, #1887 ) ) ;
#4365 = AXIS2_PLACEMENT_3D ( 'NONE', #4212, #11186, #8481 ) ;
#4366 = FACE_OUTER_BOUND ( 'NONE', #8411, .T. ) ;
#4367 = DIRECTION ( 'NONE',  ( 0.9701425001453318764, 0.000000000000000000, 0.2425356250363331356 ) ) ;
#4368 =( BOUNDED_CURVE ( )  B_SPLINE_CURVE ( 3, ( #6968, #163, #2625, #8790 ),
 .UNSPECIFIED., .F., .F. ) 
 B_SPLINE_CURVE_WITH_KNOTS ( ( 4, 4 ),
 ( 5.934119456780721613, 6.283185307179586232 ),
 .UNSPECIFIED. ) 
 CURVE ( )  GEOMETRIC_REPRESENTATION_ITEM ( )  RATIONAL_B_SPLINE_CURVE ( ( 1.000000000000000000, 0.9898718353414720506, 0.9898718353414720506, 1.000000000000000000 ) ) 
 REPRESENTATION_ITEM ( '' )  );
#4369 = AXIS2_PLACEMENT_3D ( 'NONE', #7113, #253, #8945 ) ;
#4370 = EDGE_CURVE ( 'NONE', #4324, #5511, #10639, .T. ) ;
#4371 = DIRECTION ( 'NONE',  ( -0.000000000000000000, 1.000000000000000000, -0.000000000000000000 ) ) ;
#4372 = VERTEX_POINT ( 'NONE', #2050 ) ;
#4373 = DIRECTION ( 'NONE',  ( 0.000000000000000000, 0.000000000000000000, 1.000000000000000000 ) ) ;
#4374 = CARTESIAN_POINT ( 'NONE',  ( -2.169185678764016245, 0.5905511811023621549, 5.347521247254649409E-16 ) ) ;
#4375 = CIRCLE ( 'NONE', #1096, 0.1377952755905511584 ) ;
#4376 = VECTOR ( 'NONE', #911, 39.37007874015748143 ) ;
#4377 = DIRECTION ( 'NONE',  ( 1.000000000000000000, -0.000000000000000000, 0.000000000000000000 ) ) ;
#4378 = ADVANCED_FACE ( 'NONE', ( #1940 ), #7138, .F. ) ;
#4379 = CYLINDRICAL_SURFACE ( 'NONE', #7107, 0.01968503937007873988 ) ;
#4380 = DIRECTION ( 'NONE',  ( -1.000000000000000000, 0.000000000000000000, 0.000000000000000000 ) ) ;
#4381 = EDGE_CURVE ( 'NONE', #6749, #4856, #5420, .T. ) ;
#4382 = ORIENTED_EDGE ( 'NONE', *, *, #3145, .T. ) ;
#4383 = EDGE_CURVE ( 'NONE', #1519, #3402, #2191, .T. ) ;
#4384 = CIRCLE ( 'NONE', #6205, 0.1377952755905512972 ) ;
#4385 = DIRECTION ( 'NONE',  ( -1.000000000000000000, 0.000000000000000000, -0.000000000000000000 ) ) ;
#4386 = CARTESIAN_POINT ( 'NONE',  ( -3.675545029056271939E-15, 0.1771653543307086520, 3.972763973577912555 ) ) ;
#4387 = VERTEX_POINT ( 'NONE', #8907 ) ;
#4388 = DIRECTION ( 'NONE',  ( 0.000000000000000000, 1.000000000000000000, 0.000000000000000000 ) ) ;
#4389 = LINE ( 'NONE', #7807, #6442 ) ;
#4390 = CARTESIAN_POINT ( 'NONE',  ( -0.1036709542218489377, 0.1771653543307086520, 0.2551203512652306382 ) ) ;
#4391 = ORIENTED_EDGE ( 'NONE', *, *, #7729, .T. ) ;
#4392 = AXIS2_PLACEMENT_3D ( 'NONE', #4602, #5458, #3871 ) ;
#4393 = EDGE_CURVE ( 'NONE', #6701, #3236, #10056, .T. ) ;
#4394 = DIRECTION ( 'NONE',  ( 0.9701425001453318764, 0.000000000000000000, -0.2425356250363331356 ) ) ;
#4395 = CARTESIAN_POINT ( 'NONE',  ( -2.031390403173464865, 0.5905511811023621549, -0.5366483887595320246 ) ) ;
#4396 = VERTEX_POINT ( 'NONE', #545 ) ;
#4397 = CARTESIAN_POINT ( 'NONE',  ( 1.413264230408350031, 0.1507476349739041155, 2.418833016475827602 ) ) ;
#4398 = CARTESIAN_POINT ( 'NONE',  ( 0.6455476949752789739, 0.1507476349739040600, 3.344484379233456650 ) ) ;
#4399 = VERTEX_POINT ( 'NONE', #8420 ) ;
#4400 = CARTESIAN_POINT ( 'NONE',  ( 1.468131882424877688, 6.829619984160658046E-17, 0.9864671209177167110 ) ) ;
#4401 = ORIENTED_EDGE ( 'NONE', *, *, #7723, .T. ) ;
#4402 = DIRECTION ( 'NONE',  ( 0.000000000000000000, 0.000000000000000000, 1.000000000000000000 ) ) ;
#4403 = VECTOR ( 'NONE', #6702, 39.37007874015748143 ) ;
#4404 = CARTESIAN_POINT ( 'NONE',  ( 0.000000000000000000, 0.1574803149606299191, 0.9018978318456289944 ) ) ;
#4405 = FACE_BOUND ( 'NONE', #6176, .T. ) ;
#4406 = EDGE_CURVE ( 'NONE', #4305, #9596, #7717, .T. ) ;
#4407 = EDGE_CURVE ( 'NONE', #2673, #1855, #7166, .T. ) ;
#4408 = FACE_OUTER_BOUND ( 'NONE', #2446, .T. ) ;
#4409 = AXIS2_PLACEMENT_3D ( 'NONE', #9190, #5796, #3181 ) ;
#4410 = ORIENTED_EDGE ( 'NONE', *, *, #9108, .F. ) ;
#4411 = CARTESIAN_POINT ( 'NONE',  ( 0.000000000000000000, 0.1574803149606299191, 3.205047438144841276 ) ) ;
#4412 = AXIS2_PLACEMENT_3D ( 'NONE', #4235, #5317, #1839 ) ;
#4413 = DIRECTION ( 'NONE',  ( -0.000000000000000000, 0.000000000000000000, 1.000000000000000000 ) ) ;
#4414 = ORIENTED_EDGE ( 'NONE', *, *, #6523, .F. ) ;
#4415 = EDGE_LOOP ( 'NONE', ( #7295, #3818, #9828, #6901 ) ) ;
#4416 = ORIENTED_EDGE ( 'NONE', *, *, #6757, .T. ) ;
#4417 = ORIENTED_EDGE ( 'NONE', *, *, #1210, .F. ) ;
#4418 = AXIS2_PLACEMENT_3D ( 'NONE', #1248, #10005, #4789 ) ;
#4419 = DIRECTION ( 'NONE',  ( -0.5031907286678237723, 0.000000000000000000, 0.8641753818425659261 ) ) ;
#4420 = LINE ( 'NONE', #1743, #2367 ) ;
#4421 = AXIS2_PLACEMENT_3D ( 'NONE', #7864, #37, #1824 ) ;
#4422 = VERTEX_POINT ( 'NONE', #4094 ) ;
#4423 = CARTESIAN_POINT ( 'NONE',  ( -1.498479930865239229, 0.1574803149606299191, 0.000000000000000000 ) ) ;
#4424 = DIRECTION ( 'NONE',  ( 1.734723475976807094E-16, 0.000000000000000000, 1.000000000000000000 ) ) ;
#4425 = DIRECTION ( 'NONE',  ( 0.000000000000000000, 0.000000000000000000, 1.000000000000000000 ) ) ;
#4426 = DIRECTION ( 'NONE',  ( 7.950815931560366507E-16, -0.000000000000000000, -1.000000000000000000 ) ) ;
#4427 = VECTOR ( 'NONE', #8625, 39.37007874015748143 ) ;
#4428 = EDGE_LOOP ( 'NONE', ( #1335, #1598, #457, #948 ) ) ;
#4429 = DIRECTION ( 'NONE',  ( -0.000000000000000000, -1.000000000000000000, -0.000000000000000000 ) ) ;
#4430 = VECTOR ( 'NONE', #1309, 39.37007874015748143 ) ;
#4431 = CARTESIAN_POINT ( 'NONE',  ( -2.011705363803387048, -0.2952755905511810774, -1.783695632854019442 ) ) ;
#4432 = EDGE_CURVE ( 'NONE', #6696, #1662, #7573, .T. ) ;
#4433 = VERTEX_POINT ( 'NONE', #9255 ) ;
#4434 = DIRECTION ( 'NONE',  ( -4.606734542013097089E-16, 0.000000000000000000, -1.000000000000000000 ) ) ;
#4435 =( BOUNDED_CURVE ( )  B_SPLINE_CURVE ( 3, ( #9198, #2864, #494, #1994 ),
 .UNSPECIFIED., .F., .F. ) 
 B_SPLINE_CURVE_WITH_KNOTS ( ( 4, 4 ),
 ( 0.000000000000000000, 1.570796326794896558 ),
 .UNSPECIFIED. ) 
 CURVE ( )  GEOMETRIC_REPRESENTATION_ITEM ( )  RATIONAL_B_SPLINE_CURVE ( ( 1.000000000000000000, 0.8047378541243649375, 0.8047378541243649375, 1.000000000000000000 ) ) 
 REPRESENTATION_ITEM ( '' )  );
#4436 = DIRECTION ( 'NONE',  ( 0.000000000000000000, -0.9396926207859080948, 0.3420201433256694346 ) ) ;
#4437 = CARTESIAN_POINT ( 'NONE',  ( -0.8898853758908630285, 0.1507476349739041432, 1.041334772934244812 ) ) ;
#4438 = CARTESIAN_POINT ( 'NONE',  ( -1.498479930865239229, 0.1551781507868631171, 3.185362398774762571 ) ) ;
#4439 = EDGE_LOOP ( 'NONE', ( #8301, #5579, #7397, #4054 ) ) ;
#4440 = DIRECTION ( 'NONE',  ( 0.3236155771181852825, 0.8891264907159880382, -0.3236155771181852825 ) ) ;
#4441 = EDGE_CURVE ( 'NONE', #10033, #6118, #3890, .T. ) ;
#4442 = CARTESIAN_POINT ( 'NONE',  ( -0.1036709542218488406, 0.1771653543307086520, -1.198936253770387750E-17 ) ) ;
#4443 = EDGE_LOOP ( 'NONE', ( #8650, #1039, #910, #3842 ) ) ;
#4444 = CARTESIAN_POINT ( 'NONE',  ( 0.03576598686676672051, 0.1507476349739040877, 3.186549551908898437 ) ) ;
#4445 = CARTESIAN_POINT ( 'NONE',  ( 0.000000000000000000, 0.1574803149606299191, 3.185362398774762571 ) ) ;
#4446 = ADVANCED_FACE ( 'NONE', ( #1420 ), #4942, .T. ) ;
#4447 = CARTESIAN_POINT ( 'NONE',  ( -0.8910725290249984498, 0.1551781507868631449, 2.577954996934522125 ) ) ;
#4448 = VERTEX_POINT ( 'NONE', #2322 ) ;
#4449 = ORIENTED_EDGE ( 'NONE', *, *, #830, .F. ) ;
#4450 = LINE ( 'NONE', #8613, #6177 ) ;
#4451 = CARTESIAN_POINT ( 'NONE',  ( 0.6525143521240783784, 0.1771653543307086798, 3.337517722084657912 ) ) ;
#4452 = ORIENTED_EDGE ( 'NONE', *, *, #3331, .T. ) ;
#4453 = CARTESIAN_POINT ( 'NONE',  ( 0.8130977858029126981, 0.1507476349739041432, 1.041334772934244590 ) ) ;
#4454 = VECTOR ( 'NONE', #2522, 39.37007874015748143 ) ;
#4455 = CARTESIAN_POINT ( 'NONE',  ( 0.8130977858029126981, 0.1771653543307086520, 0.2832335010042487111 ) ) ;
#4456 = CARTESIAN_POINT ( 'NONE',  ( 0.03695314000090248185, 0.1551781507868631171, 2.577954996934522125 ) ) ;
#4457 = ORIENTED_EDGE ( 'NONE', *, *, #9764, .T. ) ;
#4458 = LINE ( 'NONE', #3551, #8861 ) ;
#4459 = ADVANCED_FACE ( 'NONE', ( #10853 ), #6558, .T. ) ;
#4460 = DIRECTION ( 'NONE',  ( -1.000000000000000000, 0.000000000000000000, 0.000000000000000000 ) ) ;
#4461 = FACE_OUTER_BOUND ( 'NONE', #10263, .T. ) ;
#4462 = CARTESIAN_POINT ( 'NONE',  ( -0.8910725290249986719, 0.1574803149606299191, 1.649929327908620902 ) ) ;
#4463 = ORIENTED_EDGE ( 'NONE', *, *, #7458, .T. ) ;
#4464 = EDGE_CURVE ( 'NONE', #9981, #2989, #3242, .T. ) ;
#4465 = CARTESIAN_POINT ( 'NONE',  ( -2.011705363803387048, 0.1968503937007874127, -1.311254687972129407 ) ) ;
#4466 = ORIENTED_EDGE ( 'NONE', *, *, #6163, .T. ) ;
#4467 = ORIENTED_EDGE ( 'NONE', *, *, #8671, .F. ) ;
#4468 = DIRECTION ( 'NONE',  ( 1.000000000000000000, 0.000000000000000000, 4.625929269271465206E-16 ) ) ;
#4469 = EDGE_LOOP ( 'NONE', ( #6792, #309, #4277, #10665 ) ) ;
#4470 = VERTEX_POINT ( 'NONE', #7526 ) ;
#4471 = CYLINDRICAL_SURFACE ( 'NONE', #3051, 0.01968503937007875723 ) ;
#4472 = ADVANCED_FACE ( 'NONE', ( #9953 ), #5598, .T. ) ;
#4473 = EDGE_LOOP ( 'NONE', ( #8593, #6472, #2494, #8472 ) ) ;
#4474 = ORIENTED_EDGE ( 'NONE', *, *, #4189, .T. ) ;
#4475 = EDGE_LOOP ( 'NONE', ( #3454, #6878, #3027, #5313 ) ) ;
#4476 = VECTOR ( 'NONE', #7711, 39.37007874015748854 ) ;
#4477 = VECTOR ( 'NONE', #3320, 39.37007874015748143 ) ;
#4478 = VERTEX_POINT ( 'NONE', #1365 ) ;
#4479 = DIRECTION ( 'NONE',  ( 0.000000000000000000, -0.000000000000000000, -1.000000000000000000 ) ) ;
#4480 = DIRECTION ( 'NONE',  ( -0.000000000000000000, 1.000000000000000000, -0.000000000000000000 ) ) ;
#4481 = ORIENTED_EDGE ( 'NONE', *, *, #6952, .F. ) ;
#4482 = DIRECTION ( 'NONE',  ( -1.000000000000000000, 0.000000000000000000, 0.000000000000000000 ) ) ;
#4483 = CARTESIAN_POINT ( 'NONE',  ( -1.004802778931537466, 0.4724409448818898127, 4.019211115726147199 ) ) ;
#4484 = CARTESIAN_POINT ( 'NONE',  ( -1.253831348055354900, 0.000000000000000000, -0.2020027194681927596 ) ) ;
#4485 = ADVANCED_FACE ( 'NONE', ( #3942 ), #6508, .F. ) ;
#4486 = CARTESIAN_POINT ( 'NONE',  ( -0.8713874896549197446, 0.1771653543307086520, 1.022836886698301750 ) ) ;
#4487 = EDGE_CURVE ( 'NONE', #5445, #10058, #3359, .T. ) ;
#4488 = ORIENTED_EDGE ( 'NONE', *, *, #3971, .F. ) ;
#4489 = CARTESIAN_POINT ( 'NONE',  ( -2.011705363803387048, 0.1968503937007874127, -0.1035775226177987063 ) ) ;
#4490 = FACE_OUTER_BOUND ( 'NONE', #7281, .T. ) ;
#4491 = ORIENTED_EDGE ( 'NONE', *, *, #5869, .T. ) ;
#4492 = CARTESIAN_POINT ( 'NONE',  ( 0.03655337338743769315, 0.1529109616598304799, 2.418045629955156262 ) ) ;
#4493 = VECTOR ( 'NONE', #5949, 39.37007874015748143 ) ;
#4494 = CARTESIAN_POINT ( 'NONE',  ( -1.814854970102598219, 0.1771653543307086520, 4.121816178169601663 ) ) ;
#4495 = DIRECTION ( 'NONE',  ( 0.000000000000000000, -1.000000000000000000, 0.000000000000000000 ) ) ;
#4496 = CARTESIAN_POINT ( 'NONE',  ( 1.773486704651734192, 0.1968503937007874127, 1.032663144480758355 ) ) ;
#4497 = EDGE_LOOP ( 'NONE', ( #5501, #4315, #8066, #9750 ) ) ;
#4498 = DIRECTION ( 'NONE',  ( 0.000000000000000000, 0.3420201433256694346, 0.9396926207859080948 ) ) ;
#4499 = VECTOR ( 'NONE', #1723, 39.37007874015748143 ) ;
#4500 = ORIENTED_EDGE ( 'NONE', *, *, #9811, .F. ) ;
#4501 = LINE ( 'NONE', #1193, #1325 ) ;
#4502 = ORIENTED_EDGE ( 'NONE', *, *, #11015, .F. ) ;
#4503 = DIRECTION ( 'NONE',  ( 4.625929269271465206E-16, 0.000000000000000000, -1.000000000000000000 ) ) ;
#4504 = PLANE ( 'NONE',  #770 ) ;
#4505 = FACE_OUTER_BOUND ( 'NONE', #5024, .T. ) ;
#4506 = ORIENTED_EDGE ( 'NONE', *, *, #5502, .T. ) ;
#4507 = ORIENTED_EDGE ( 'NONE', *, *, #6390, .T. ) ;
#4508 = CARTESIAN_POINT ( 'NONE',  ( 0.03695314000090290513, 0.1574803149606299191, 3.345671532367592516 ) ) ;
#4509 = CARTESIAN_POINT ( 'NONE',  ( 0.6640455812112221468, 0.1771653543307086520, 1.790553422131372141 ) ) ;
#4510 = CARTESIAN_POINT ( 'NONE',  ( 0.7486148702833096413, 3.414809992080329023E-17, 4.009133739358497373 ) ) ;
#4511 = ORIENTED_EDGE ( 'NONE', *, *, #7182, .T. ) ;
#4512 = EDGE_CURVE ( 'NONE', #465, #7357, #5756, .T. ) ;
#4513 = CARTESIAN_POINT ( 'NONE',  ( 0.03695314000090265533, 0.1574803149606299191, 3.739369635786367784E-18 ) ) ;
#4514 = CYLINDRICAL_SURFACE ( 'NONE', #2867, 0.01968503937007872254 ) ;
#4515 = ORIENTED_EDGE ( 'NONE', *, *, #9634, .T. ) ;
#4516 = FACE_OUTER_BOUND ( 'NONE', #1589, .T. ) ;
#4517 = EDGE_CURVE ( 'NONE', #1911, #9917, #443, .T. ) ;
#4518 = ORIENTED_EDGE ( 'NONE', *, *, #9796, .F. ) ;
#4519 = CARTESIAN_POINT ( 'NONE',  ( 0.000000000000000000, 0.1574803149606299191, 3.325986492997513810 ) ) ;
#4520 = CARTESIAN_POINT ( 'NONE',  ( -2.011705363803387048, -0.2952755905511810774, -1.783695632854019442 ) ) ;
#4521 = CARTESIAN_POINT ( 'NONE',  ( -0.1317841039608670384, 0.1771653543307086520, 0.8737846821066108660 ) ) ;
#4522 = CYLINDRICAL_SURFACE ( 'NONE', #327, 0.1377952755905511861 ) ;
#4523 = ORIENTED_EDGE ( 'NONE', *, *, #8208, .F. ) ;
#4524 =( BOUNDED_CURVE ( )  B_SPLINE_CURVE ( 3, ( #2032, #5523, #9008, #8144 ),
 .UNSPECIFIED., .F., .T. ) 
 B_SPLINE_CURVE_WITH_KNOTS ( ( 4, 4 ),
 ( 1.570796326794896558, 3.141592653589793116 ),
 .UNSPECIFIED. ) 
 CURVE ( )  GEOMETRIC_REPRESENTATION_ITEM ( )  RATIONAL_B_SPLINE_CURVE ( ( 1.000000000000000000, 0.8047378541243649375, 0.8047378541243649375, 1.000000000000000000 ) ) 
 REPRESENTATION_ITEM ( '' )  );
#4525 = DIRECTION ( 'NONE',  ( -0.5031907286678239943, 0.000000000000000000, 0.8641753818425657041 ) ) ;
#4526 = ORIENTED_EDGE ( 'NONE', *, *, #8426, .F. ) ;
#4527 = LINE ( 'NONE', #3558, #1749 ) ;
#4528 = EDGE_CURVE ( 'NONE', #3055, #1971, #10960, .T. ) ;
#4529 = ORIENTED_EDGE ( 'NONE', *, *, #6982, .F. ) ;
#4530 = DIRECTION ( 'NONE',  ( -0.000000000000000000, 1.000000000000000000, -0.000000000000000000 ) ) ;
#4531 = ORIENTED_EDGE ( 'NONE', *, *, #1677, .F. ) ;
#4532 = EDGE_CURVE ( 'NONE', #1476, #4700, #5226, .T. ) ;
#4533 = ORIENTED_EDGE ( 'NONE', *, *, #4767, .T. ) ;
#4534 = PLANE ( 'NONE',  #4309 ) ;
#4535 = ORIENTED_EDGE ( 'NONE', *, *, #3834, .F. ) ;
#4536 = VERTEX_POINT ( 'NONE', #5856 ) ;
#4537 = ORIENTED_EDGE ( 'NONE', *, *, #8763, .F. ) ;
#4538 = VECTOR ( 'NONE', #2566, 39.37007874015748143 ) ;
#4539 = DIRECTION ( 'NONE',  ( 2.465220612327489274E-16, 0.000000000000000000, 1.000000000000000000 ) ) ;
#4540 = EDGE_CURVE ( 'NONE', #4696, #5809, #6023, .T. ) ;
#4541 = EDGE_LOOP ( 'NONE', ( #3049, #11134, #3381, #10959 ) ) ;
#4542 = FACE_OUTER_BOUND ( 'NONE', #1392, .T. ) ;
#4543 = DIRECTION ( 'NONE',  ( 0.000000000000000000, -1.000000000000000000, 0.000000000000000000 ) ) ;
#4544 = CARTESIAN_POINT ( 'NONE',  ( 0.02879932971796754157, 0.1771653543307086798, 1.034368115785445186 ) ) ;
#4545 = AXIS2_PLACEMENT_3D ( 'NONE', #5540, #10747, #2211 ) ;
#4546 = ORIENTED_EDGE ( 'NONE', *, *, #3981, .T. ) ;
#4547 = ORIENTED_EDGE ( 'NONE', *, *, #914, .T. ) ;
#4548 = CYLINDRICAL_SURFACE ( 'NONE', #11177, 0.01968503937007873988 ) ;
#4549 = LINE ( 'NONE', #4609, #8629 ) ;
#4550 = ORIENTED_EDGE ( 'NONE', *, *, #2328, .T. ) ;
#4551 = CYLINDRICAL_SURFACE ( 'NONE', #4735, 0.01968503937007875723 ) ;
#4552 = CIRCLE ( 'NONE', #4184, 0.09842519685039363697 ) ;
#4553 = EDGE_CURVE ( 'NONE', #5535, #8343, #6077, .T. ) ;
#4554 = AXIS2_PLACEMENT_3D ( 'NONE', #8820, #927, #989 ) ;
#4555 = ADVANCED_FACE ( 'NONE', ( #8529 ), #709, .F. ) ;
#4556 = LINE ( 'NONE', #9295, #2541 ) ;
#4557 = LINE ( 'NONE', #9082, #3476 ) ;
#4558 = CARTESIAN_POINT ( 'NONE',  ( 0.5740857532712967393, 0.3470877061559770604, 3.115087610204915869 ) ) ;
#4559 = VERTEX_POINT ( 'NONE', #7684 ) ;
#4560 = VECTOR ( 'NONE', #10376, 39.37007874015748143 ) ;
#4561 = AXIS2_PLACEMENT_3D ( 'NONE', #1904, #2695, #4525 ) ;
#4562 = LINE ( 'NONE', #951, #5526 ) ;
#4563 = ORIENTED_EDGE ( 'NONE', *, *, #10620, .F. ) ;
#4564 = CARTESIAN_POINT ( 'NONE',  ( -1.490051820496300250, 0.000000000000000000, 1.705984133059284646 ) ) ;
#4565 = DIRECTION ( 'NONE',  ( -8.788338571682099792E-17, 0.000000000000000000, 1.000000000000000000 ) ) ;
#4566 = LINE ( 'NONE', #8848, #10928 ) ;
#4567 = ORIENTED_EDGE ( 'NONE', *, *, #2157, .T. ) ;
#4568 = CARTESIAN_POINT ( 'NONE',  ( 0.03695314000090289125, 0.1690115440477737152, 3.345671532367593404 ) ) ;
#4569 = CYLINDRICAL_SURFACE ( 'NONE', #4177, 0.01968503937007875723 ) ;
#4570 = DIRECTION ( 'NONE',  ( -2.312964634635742957E-16, 0.000000000000000000, 1.000000000000000000 ) ) ;
#4571 = CARTESIAN_POINT ( 'NONE',  ( -1.490051820496300028, 0.1771653543307086520, 2.409217752972752535 ) ) ;
#4572 = ORIENTED_EDGE ( 'NONE', *, *, #6566, .T. ) ;
#4573 = CARTESIAN_POINT ( 'NONE',  ( 0.04538125036984175936, 0.1771653543307086520, 0.2832335010042487111 ) ) ;
#4574 = CARTESIAN_POINT ( 'NONE',  ( -1.506633741148173833, 0.1771653543307086798, 2.425799673624626340 ) ) ;
#4575 = DIRECTION ( 'NONE',  ( -1.000000000000000000, 0.000000000000000000, -1.156482317317871232E-16 ) ) ;
#4576 = VECTOR ( 'NONE', #9352, 39.37007874015748143 ) ;
#4577 = CARTESIAN_POINT ( 'NONE',  ( 0.6443605418411433305, 0.1574803149606299191, 0.000000000000000000 ) ) ;
#4578 = DIRECTION ( 'NONE',  ( 0.000000000000000000, -0.000000000000000000, -1.000000000000000000 ) ) ;
#4579 = ORIENTED_EDGE ( 'NONE', *, *, #1548, .T. ) ;
#4580 = UNCERTAINTY_MEASURE_WITH_UNIT (LENGTH_MEASURE( 1.000000000000000082E-05 ), #8784, 'distance_accuracy_value', 'NONE');
#4581 = EDGE_CURVE ( 'NONE', #7480, #6866, #5532, .T. ) ;
#4582 = DIRECTION ( 'NONE',  ( 1.000000000000000000, -0.000000000000000000, -0.000000000000000000 ) ) ;
#4583 = DIRECTION ( 'NONE',  ( -1.734723475976807094E-16, 0.000000000000000000, -1.000000000000000000 ) ) ;
#4584 = VERTEX_POINT ( 'NONE', #10329 ) ;
#4585 = EDGE_LOOP ( 'NONE', ( #6921, #3624, #6378, #9771, #1808, #10606, #4231, #5932, #2681, #6946 ) ) ;
#4586 = VECTOR ( 'NONE', #2017, 39.37007874015748143 ) ;
#4587 = CYLINDRICAL_SURFACE ( 'NONE', #200, 0.05511811023622041616 ) ;
#4588 = EDGE_LOOP ( 'NONE', ( #9335, #7342, #7386, #11119 ) ) ;
#4589 = ORIENTED_EDGE ( 'NONE', *, *, #886, .T. ) ;
#4590 = FACE_OUTER_BOUND ( 'NONE', #6740, .T. ) ;
#4591 = ORIENTED_EDGE ( 'NONE', *, *, #1970, .T. ) ;
#4592 = ORIENTED_EDGE ( 'NONE', *, *, #2280, .T. ) ;
#4593 = ADVANCED_FACE ( 'NONE', ( #5112 ), #10218, .T. ) ;
#4594 =( BOUNDED_CURVE ( )  B_SPLINE_CURVE ( 3, ( #11194, #34, #3371, #4328 ),
 .UNSPECIFIED., .F., .F. ) 
 B_SPLINE_CURVE_WITH_KNOTS ( ( 4, 4 ),
 ( 3.141592653589793116, 3.490658503988661288 ),
 .UNSPECIFIED. ) 
 CURVE ( )  GEOMETRIC_REPRESENTATION_ITEM ( )  RATIONAL_B_SPLINE_CURVE ( ( 1.000000000000000000, 0.9898718353414719395, 0.9898718353414719395, 1.000000000000000000 ) ) 
 REPRESENTATION_ITEM ( '' )  );
#4595 = EDGE_LOOP ( 'NONE', ( #5271, #3653, #2025, #330 ) ) ;
#4596 = VECTOR ( 'NONE', #1760, 39.37007874015748143 ) ;
#4597 = EDGE_CURVE ( 'NONE', #1018, #6478, #9212, .T. ) ;
#4598 = CARTESIAN_POINT ( 'NONE',  ( -2.169185678764016245, 0.1968503937007874127, 5.347521247254649409E-16 ) ) ;
#4599 = ADVANCED_FACE ( 'NONE', ( #9586 ), #1638, .T. ) ;
#4600 = VECTOR ( 'NONE', #3386, 39.37007874015748143 ) ;
#4601 = ORIENTED_EDGE ( 'NONE', *, *, #3809, .T. ) ;
#4602 = CARTESIAN_POINT ( 'NONE',  ( 0.8130977858029125871, 0.1771653543307086520, 3.944650823838894205 ) ) ;
#4603 = CYLINDRICAL_SURFACE ( 'NONE', #9420, 0.05511811023622041616 ) ;
#4604 = PLANE ( 'NONE',  #2657 ) ;
#4605 = ORIENTED_EDGE ( 'NONE', *, *, #7840, .F. ) ;
#4606 = EDGE_CURVE ( 'NONE', #9709, #6395, #1885, .T. ) ;
#4607 = CARTESIAN_POINT ( 'NONE',  ( 0.8130977858029123650, 0.1507476349739040877, 1.809051308367315425 ) ) ;
#4608 = AXIS2_PLACEMENT_3D ( 'NONE', #1469, #6610, #5753 ) ;
#4609 = CARTESIAN_POINT ( 'NONE',  ( 1.341802288704367907, 0.3470877061559772825, 2.347371074771845478 ) ) ;
#4610 = VERTEX_POINT ( 'NONE', #7738 ) ;
#4611 = ADVANCED_FACE ( 'NONE', ( #11236 ), #6722, .T. ) ;
#4612 = CARTESIAN_POINT ( 'NONE',  ( -0.1233559935919276984, 0.1690115440477737152, 3.953078934207834294 ) ) ;
#4613 = CYLINDRICAL_SURFACE ( 'NONE', #9680, 0.01968503937007875723 ) ;
#4614 = CYLINDRICAL_SURFACE ( 'NONE', #550, 0.1377952755905512972 ) ;
#4615 = VECTOR ( 'NONE', #6379, 39.37007874015748854 ) ;
#4616 = DIRECTION ( 'NONE',  ( -1.000000000000000000, 0.000000000000000000, 0.000000000000000000 ) ) ;
#4617 = ORIENTED_EDGE ( 'NONE', *, *, #1084, .T. ) ;
#4618 = DIRECTION ( 'NONE',  ( 0.000000000000000000, -0.000000000000000000, -1.000000000000000000 ) ) ;
#4619 = VECTOR ( 'NONE', #7699, 39.37007874015748143 ) ;
#4620 = ADVANCED_FACE ( 'NONE', ( #10385 ), #2548, .T. ) ;
#4621 = ORIENTED_EDGE ( 'NONE', *, *, #8196, .F. ) ;
#4622 = ORIENTED_EDGE ( 'NONE', *, *, #10894, .F. ) ;
#4623 = DIRECTION ( 'NONE',  ( 0.000000000000000000, 1.000000000000000000, -0.000000000000000000 ) ) ;
#4624 = CYLINDRICAL_SURFACE ( 'NONE', #10284, 0.01968503937007875723 ) ;
#4625 = PLANE ( 'NONE',  #3994 ) ;
#4626 = VERTEX_POINT ( 'NONE', #1753 ) ;
#4627 = CARTESIAN_POINT ( 'NONE',  ( -1.833570960793583726, 0.1771653543307086520, 1.077862474882603339 ) ) ;
#4628 = VECTOR ( 'NONE', #10748, 39.37007874015748143 ) ;
#4629 = CYLINDRICAL_SURFACE ( 'NONE', #8006, 0.09448818897637792369 ) ;
#4630 = ORIENTED_EDGE ( 'NONE', *, *, #8890, .T. ) ;
#4631 = CARTESIAN_POINT ( 'NONE',  ( -0.7307633954321685055, 0.1690115440477737152, 0.8822127924755500672 ) ) ;
#4632 = CARTESIAN_POINT ( 'NONE',  ( 0.6455476949752787519, 0.1507476349739040600, 3.954266087341969715 ) ) ;
#4633 = VERTEX_POINT ( 'NONE', #7794 ) ;
#4634 = CARTESIAN_POINT ( 'NONE',  ( -0.7319505485663040378, 0.1507476349739040877, 1.041334772934244590 ) ) ;
#4635 = CARTESIAN_POINT ( 'NONE',  ( 1.412077077274214387, 0.1574803149606299191, 2.577954996934521681 ) ) ;
#4636 = EDGE_CURVE ( 'NONE', #5210, #4193, #652, .T. ) ;
#4637 = DIRECTION ( 'NONE',  ( 0.000000000000000000, 1.000000000000000000, 0.000000000000000000 ) ) ;
#4638 = CARTESIAN_POINT ( 'NONE',  ( -2.129815600023859279, 0.5905511811023621549, -2.039601144665042831 ) ) ;
#4639 = CARTESIAN_POINT ( 'NONE',  ( 0.8042699088205085278, 0.1529109616598305355, 3.953478700821298375 ) ) ;
#4640 = ORIENTED_EDGE ( 'NONE', *, *, #4658, .F. ) ;
#4641 = CARTESIAN_POINT ( 'NONE',  ( 1.773486704651734192, 0.1771653543307086520, 1.032663144480758355 ) ) ;
#4642 = CYLINDRICAL_SURFACE ( 'NONE', #2838, 0.01968503937007875723 ) ;
#4643 = ORIENTED_EDGE ( 'NONE', *, *, #4003, .F. ) ;
#4644 = EDGE_LOOP ( 'NONE', ( #3004, #9195, #9910, #8182 ) ) ;
#4645 = CARTESIAN_POINT ( 'NONE',  ( -0.8898853758908628064, 0.1507476349739041155, 1.809051308367315425 ) ) ;
#4646 = VERTEX_POINT ( 'NONE', #2437 ) ;
#4647 = ORIENTED_EDGE ( 'NONE', *, *, #5215, .F. ) ;
#4648 = DIRECTION ( 'NONE',  ( -0.3420201433256694346, 0.9396926207859080948, 0.000000000000000000 ) ) ;
#4649 = AXIS2_PLACEMENT_3D ( 'NONE', #6463, #2991, #4857 ) ;
#4650 = EDGE_CURVE ( 'NONE', #1712, #1279, #5908, .T. ) ;
#4651 = EDGE_CURVE ( 'NONE', #4122, #4399, #11287, .T. ) ;
#4652 = ORIENTED_EDGE ( 'NONE', *, *, #10605, .F. ) ;
#4653 = ORIENTED_EDGE ( 'NONE', *, *, #4938, .F. ) ;
#4654 = ORIENTED_EDGE ( 'NONE', *, *, #9003, .F. ) ;
#4655 = DIRECTION ( 'NONE',  ( 3.965082230804131403E-15, 0.000000000000000000, 1.000000000000000000 ) ) ;
#4656 = VECTOR ( 'NONE', #4426, 39.37007874015748143 ) ;
#4657 = ORIENTED_EDGE ( 'NONE', *, *, #1863, .F. ) ;
#4658 = EDGE_CURVE ( 'NONE', #518, #3290, #3466, .T. ) ;
#4659 = LINE ( 'NONE', #319, #4933 ) ;
#4660 = DIRECTION ( 'NONE',  ( -0.3236155771181852825, 0.8891264907159878161, -0.3236155771181851160 ) ) ;
#4661 = DIRECTION ( 'NONE',  ( 1.000000000000000000, -0.000000000000000000, 0.000000000000000000 ) ) ;
#4662 = CARTESIAN_POINT ( 'NONE',  ( 2.162492031332400533, 0.1771653543307086520, 0.3645887790943976858 ) ) ;
#4663 = EDGE_CURVE ( 'NONE', #2395, #2411, #1805, .T. ) ;
#4664 = EDGE_LOOP ( 'NONE', ( #8229, #5419, #1062, #5269 ) ) ;
#4665 = CARTESIAN_POINT ( 'NONE',  ( -0.1221688404577920412, 0.1507476349739041988, 1.041334772934244812 ) ) ;
#4666 = VECTOR ( 'NONE', #5020, 39.37007874015748143 ) ;
#4667 = APPLICATION_CONTEXT ( 'automotive_design' ) ;
#4668 = CARTESIAN_POINT ( 'NONE',  ( 1.492231644070629581, 0.1968503937007874127, 3.787170508878263231 ) ) ;
#4669 = ORIENTED_EDGE ( 'NONE', *, *, #11015, .T. ) ;
#4670 = FACE_OUTER_BOUND ( 'NONE', #3620, .T. ) ;
#4671 = CIRCLE ( 'NONE', #3576, 0.09448818897637797920 ) ;
#4672 = ADVANCED_FACE ( 'NONE', ( #937 ), #4548, .T. ) ;
#4673 = CARTESIAN_POINT ( 'NONE',  ( -1.677059694512046839, 0.1771653543307086520, 4.121816178169601663 ) ) ;
#4674 = CIRCLE ( 'NONE', #11051, 0.1377952755905512972 ) ;
#4675 = CARTESIAN_POINT ( 'NONE',  ( 0.000000000000000000, 0.000000000000000000, 0.000000000000000000 ) ) ;
#4676 = ORIENTED_EDGE ( 'NONE', *, *, #8222, .T. ) ;
#4677 = DIRECTION ( 'NONE',  ( -0.000000000000000000, -0.000000000000000000, 1.000000000000000000 ) ) ;
#4678 = EDGE_CURVE ( 'NONE', #6304, #4396, #1153, .T. ) ;
#4679 = ORIENTED_EDGE ( 'NONE', *, *, #1097, .F. ) ;
#4680 = CARTESIAN_POINT ( 'NONE',  ( 1.925302510212361318, 0.000000000000000000, -1.409679884822523377 ) ) ;
#4681 = CARTESIAN_POINT ( 'NONE',  ( 0.04538125036984175936, 0.1507476349739041432, 0.2736182375011737555 ) ) ;
#4682 = DIRECTION ( 'NONE',  ( -0.000000000000000000, 1.000000000000000000, -0.000000000000000000 ) ) ;
#4683 = VECTOR ( 'NONE', #10989, 39.37007874015748143 ) ;
#4684 = DIRECTION ( 'NONE',  ( 0.000000000000000000, -0.000000000000000000, -1.000000000000000000 ) ) ;
#4685 = CYLINDRICAL_SURFACE ( 'NONE', #9413, 0.09842519685039378963 ) ;
#4686 = ORIENTED_EDGE ( 'NONE', *, *, #10547, .T. ) ;
#4687 = DIRECTION ( 'NONE',  ( 0.000000000000000000, 0.000000000000000000, 1.000000000000000000 ) ) ;
#4688 = LINE ( 'NONE', #3784, #3831 ) ;
#4689 = EDGE_LOOP ( 'NONE', ( #9395, #9383, #959, #278 ) ) ;
#4690 = EDGE_CURVE ( 'NONE', #2436, #11191, #1059, .T. ) ;
#4691 = LINE ( 'NONE', #10064, #5491 ) ;
#4692 = LINE ( 'NONE', #8173, #9984 ) ;
#4693 = ORIENTED_EDGE ( 'NONE', *, *, #886, .F. ) ;
#4695 = DIRECTION ( 'NONE',  ( -0.3420201433256694346, -0.9396926207859080948, 0.000000000000000000 ) ) ;
#4694 = AXIS2_PLACEMENT_3D ( 'NONE', #1669, #9445, #1494 ) ;
#4696 = VERTEX_POINT ( 'NONE', #5408 ) ;
#4697 = FACE_OUTER_BOUND ( 'NONE', #8048, .T. ) ;
#4698 = DIRECTION ( 'NONE',  ( 1.000000000000000000, -0.000000000000000000, 0.000000000000000000 ) ) ;
#4699 = DIRECTION ( 'NONE',  ( 0.000000000000000000, -0.000000000000000000, -1.000000000000000000 ) ) ;
#4700 = VERTEX_POINT ( 'NONE', #10675 ) ;
#4701 = ORIENTED_EDGE ( 'NONE', *, *, #985, .F. ) ;
#4702 = DIRECTION ( 'NONE',  ( 0.000000000000000000, 0.000000000000000000, 1.000000000000000000 ) ) ;
#4703 = CARTESIAN_POINT ( 'NONE',  ( -0.1152021833089927338, 0.1771653543307086520, 3.337517722084657912 ) ) ;
#4704 = ADVANCED_FACE ( 'NONE', ( #2848 ), #9826, .T. ) ;
#4705 = CARTESIAN_POINT ( 'NONE',  ( 1.590656840921023774, 0.1771653543307086520, 4.259611453760153488 ) ) ;
#4706 = EDGE_CURVE ( 'NONE', #2248, #6171, #2908, .T. ) ;
#4707 = ORIENTED_EDGE ( 'NONE', *, *, #8045, .F. ) ;
#4708 = DIRECTION ( 'NONE',  ( -0.000000000000000000, -1.000000000000000000, 0.000000000000000000 ) ) ;
#4709 = ORIENTED_EDGE ( 'NONE', *, *, #753, .F. ) ;
#4710 = VERTEX_POINT ( 'NONE', #263 ) ;
#4711 = CARTESIAN_POINT ( 'NONE',  ( -0.7311631620456332525, 0.1529109616598305632, 0.2744056240218447629 ) ) ;
#4712 = ORIENTED_EDGE ( 'NONE', *, *, #6163, .F. ) ;
#4713 = ORIENTED_EDGE ( 'NONE', *, *, #8713, .F. ) ;
#4714 = FACE_OUTER_BOUND ( 'NONE', #1466, .T. ) ;
#4715 = VERTEX_POINT ( 'NONE', #4665 ) ;
#4716 = DIRECTION ( 'NONE',  ( 1.000000000000000000, 0.000000000000000000, 2.312964634635747887E-16 ) ) ;
#4717 = CARTESIAN_POINT ( 'NONE',  ( -0.1233559935919277817, 0.1690115440477737152, 2.417645863341692181 ) ) ;
#4718 = CARTESIAN_POINT ( 'NONE',  ( -2.129815600023858835, 0.1771653543307086520, 0.2952514739630051066 ) ) ;
#4719 = CARTESIAN_POINT ( 'NONE',  ( -0.7223352850632294153, 0.000000000000000000, 2.473700668492355703 ) ) ;
#4720 = CARTESIAN_POINT ( 'NONE',  ( -0.7223352850632289712, 0.1771653543307086520, 0.2832335010042487111 ) ) ;
#4721 = VERTEX_POINT ( 'NONE', #9885 ) ;
#4722 = EDGE_CURVE ( 'NONE', #4753, #9844, #9014, .T. ) ;
#4723 = DIRECTION ( 'NONE',  ( 0.000000000000000000, 0.3420201433256694346, 0.9396926207859080948 ) ) ;
#4724 = AXIS2_PLACEMENT_3D ( 'NONE', #9623, #2585, #1783 ) ;
#4725 = VECTOR ( 'NONE', #3595, 39.37007874015748143 ) ;
#4726 = SHAPE_REPRESENTATION_RELATIONSHIP ( 'NONE' , 'NONE' ,  #2416, #9242 ) ;
#4727 = ORIENTED_EDGE ( 'NONE', *, *, #5659, .T. ) ;
#4728 = CYLINDRICAL_SURFACE ( 'NONE', #10491, 0.01968503937007875723 ) ;
#4729 = VERTEX_POINT ( 'NONE', #5466 ) ;
#4730 = CARTESIAN_POINT ( 'NONE',  ( -0.8910725290249985608, 0.1574803149606299191, 2.417645863341691737 ) ) ;
#4731 = DIRECTION ( 'NONE',  ( 0.000000000000000000, 0.000000000000000000, -1.000000000000000000 ) ) ;
#4732 = VECTOR ( 'NONE', #7705, 39.37007874015748143 ) ;
#4733 = DIRECTION ( 'NONE',  ( 1.000000000000000000, -0.000000000000000000, -0.000000000000000000 ) ) ;
#4734 = EDGE_CURVE ( 'NONE', #2376, #63, #3760, .T. ) ;
#4735 = AXIS2_PLACEMENT_3D ( 'NONE', #206, #3706, #7188 ) ;
#4736 = CARTESIAN_POINT ( 'NONE',  ( -1.518164970235317934, 0.1771653543307086520, 3.325986492997513810 ) ) ;
#4737 = VERTEX_POINT ( 'NONE', #5285 ) ;
#4738 = CARTESIAN_POINT ( 'NONE',  ( 7.723517969990729201E-16, 0.1574803149606299191, 1.669614367278699829 ) ) ;
#4739 = EDGE_CURVE ( 'NONE', #663, #1972, #9705, .T. ) ;
#4740 = FACE_OUTER_BOUND ( 'NONE', #6630, .T. ) ;
#4741 = EDGE_CURVE ( 'NONE', #6487, #3807, #8954, .T. ) ;
#4742 = CARTESIAN_POINT ( 'NONE',  ( -1.833570960793583726, 0.000000000000000000, 1.077862474882603339 ) ) ;
#4743 = VERTEX_POINT ( 'NONE', #7063 ) ;
#4744 = ORIENTED_EDGE ( 'NONE', *, *, #349, .F. ) ;
#4745 = COLOUR_RGB ( '',0.7921568627450980005, 0.8196078431372548767, 0.9333333333333333481 ) ;
#4746 =( BOUNDED_CURVE ( )  B_SPLINE_CURVE ( 3, ( #7084, #10581, #6220, #46 ),
 .UNSPECIFIED., .F., .T. ) 
 B_SPLINE_CURVE_WITH_KNOTS ( ( 4, 4 ),
 ( 5.934119456780719837, 6.283185307179586232 ),
 .UNSPECIFIED. ) 
 CURVE ( )  GEOMETRIC_REPRESENTATION_ITEM ( )  RATIONAL_B_SPLINE_CURVE ( ( 1.000000000000000000, 0.9898718353414720506, 0.9898718353414720506, 1.000000000000000000 ) ) 
 REPRESENTATION_ITEM ( '' )  );
#4747 = VECTOR ( 'NONE', #6825, 39.37007874015748143 ) ;
#4748 = CARTESIAN_POINT ( 'NONE',  ( 3.075110483914067217E-17, 2.287311901041906737, -0.3988531131689807552 ) ) ;
#4749 = CYLINDRICAL_SURFACE ( 'NONE', #7685, 0.01968503937007873988 ) ;
#4750 = CARTESIAN_POINT ( 'NONE',  ( 0.7486148702833094193, 0.000000000000000000, 2.473700668492355703 ) ) ;
#4751 = ADVANCED_FACE ( 'NONE', ( #8150 ), #1123, .F. ) ;
#4752 = FACE_OUTER_BOUND ( 'NONE', #8730, .T. ) ;
#4753 = VERTEX_POINT ( 'NONE', #8087 ) ;
#4754 = EDGE_LOOP ( 'NONE', ( #5386, #3781, #199, #2653 ) ) ;
#4755 = VECTOR ( 'NONE', #7027, 39.37007874015748143 ) ;
#4756 = VECTOR ( 'NONE', #4131, 39.37007874015748143 ) ;
#4757 = DIRECTION ( 'NONE',  ( 0.000000000000000000, 0.000000000000000000, 1.000000000000000000 ) ) ;
#4758 = CARTESIAN_POINT ( 'NONE',  ( -0.1036709542218489377, 0.1771653543307086520, 3.325986492997513810 ) ) ;
#4759 = VERTEX_POINT ( 'NONE', #1868 ) ;
#4760 = DIRECTION ( 'NONE',  ( 0.000000000000000000, 0.000000000000000000, 1.000000000000000000 ) ) ;
#4761 = ORIENTED_EDGE ( 'NONE', *, *, #856, .T. ) ;
#4762 = LINE ( 'NONE', #8247, #11024 ) ;
#4763 = CARTESIAN_POINT ( 'NONE',  ( -1.499667083999374873, 0.1507476349739041432, 0.2736182375011737555 ) ) ;
#4764 = VECTOR ( 'NONE', #6386, 39.37007874015748143 ) ;
#4765 = ORIENTED_EDGE ( 'NONE', *, *, #4393, .F. ) ;
#4766 = ORIENTED_EDGE ( 'NONE', *, *, #6206, .F. ) ;
#4767 = EDGE_CURVE ( 'NONE', #4448, #9480, #5348, .T. ) ;
#4768 = EDGE_CURVE ( 'NONE', #2847, #4193, #10733, .T. ) ;
#4769 = LINE ( 'NONE', #6368, #6725 ) ;
#4770 = AXIS2_PLACEMENT_3D ( 'NONE', #9817, #9007, #374 ) ;
#4771 = ORIENTED_EDGE ( 'NONE', *, *, #4182, .F. ) ;
#4772 = FACE_OUTER_BOUND ( 'NONE', #1777, .T. ) ;
#4773 = DIRECTION ( 'NONE',  ( 1.000000000000000000, 0.000000000000000000, -1.541976423090495387E-16 ) ) ;
#4774 = CARTESIAN_POINT ( 'NONE',  ( 1.413264230408350031, 0.1507476349739041432, 1.809051308367315425 ) ) ;
#4775 = DIRECTION ( 'NONE',  ( 0.000000000000000000, 0.000000000000000000, 1.000000000000000000 ) ) ;
#4776 = AXIS2_PLACEMENT_3D ( 'NONE', #8809, #3005, #5509 ) ;
#4777 = EDGE_CURVE ( 'NONE', #7994, #4205, #2720, .T. ) ;
#4778 = LINE ( 'NONE', #3815, #4239 ) ;
#4779 = CARTESIAN_POINT ( 'NONE',  ( -0.8898853758908630285, 0.1507476349739041155, 3.954266087341969271 ) ) ;
#4780 = CARTESIAN_POINT ( 'NONE',  ( -0.8713874896549171911, 0.1574803149606299191, -6.046465339907528608E-16 ) ) ;
#4781 = VECTOR ( 'NONE', #3552, 39.37007874015748143 ) ;
#4782 = EDGE_LOOP ( 'NONE', ( #10911, #7957, #10539, #1592 ) ) ;
#4783 = DIRECTION ( 'NONE',  ( 1.000000000000000000, 0.000000000000000000, 4.625929269271482956E-16 ) ) ;
#4784 = DIRECTION ( 'NONE',  ( 0.000000000000000000, 0.000000000000000000, 1.000000000000000000 ) ) ;
#4785 = LENGTH_MEASURE_WITH_UNIT ( LENGTH_MEASURE( 0.02539999999999999897 ), #1299 );
#4786 = ORIENTED_EDGE ( 'NONE', *, *, #7499, .F. ) ;
#4787 = CIRCLE ( 'NONE', #10449, 0.09842519685039378963 ) ;
#4788 = VERTEX_POINT ( 'NONE', #2663 ) ;
#4789 = DIRECTION ( 'NONE',  ( 1.000000000000000000, 0.000000000000000000, 4.625929269271465206E-16 ) ) ;
#4790 = ADVANCED_FACE ( 'NONE', ( #6195 ), #6258, .T. ) ;
#4791 = FACE_OUTER_BOUND ( 'NONE', #2570, .T. ) ;
#4792 = LINE ( 'NONE', #11011, #10659 ) ;
#4793 = DIRECTION ( 'NONE',  ( -0.000000000000000000, -1.000000000000000000, 0.000000000000000000 ) ) ;
#4794 = VERTEX_POINT ( 'NONE', #9447 ) ;
#4795 = CARTESIAN_POINT ( 'NONE',  ( 1.767822195251732564, 0.1968503937007874405, 1.089888905898577454 ) ) ;
#4796 = AXIS2_PLACEMENT_3D ( 'NONE', #4996, #8595, #3414 ) ;
#4797 = CARTESIAN_POINT ( 'NONE',  ( -2.267610875614410215, 0.1771653543307086520, 0.2952514739630051066 ) ) ;
#4798 = CARTESIAN_POINT ( 'NONE',  ( 0.6455476949752787519, 0.1507476349739042265, 3.186549551908897548 ) ) ;
#4799 = VECTOR ( 'NONE', #4682, 39.37007874015748143 ) ;
#4800 = ORIENTED_EDGE ( 'NONE', *, *, #11167, .T. ) ;
#4801 = ORIENTED_EDGE ( 'NONE', *, *, #125, .F. ) ;
#4802 = EDGE_CURVE ( 'NONE', #3453, #2686, #7293, .T. ) ;
#4803 = CARTESIAN_POINT ( 'NONE',  ( 1.728452116511574932, 0.5905511811023621549, 4.121816178169601663 ) ) ;
#4804 = LINE ( 'NONE', #8285, #10273 ) ;
#4805 = EDGE_CURVE ( 'NONE', #6267, #10673, #10944, .T. ) ;
#4806 =( LENGTH_UNIT ( ) NAMED_UNIT ( * ) SI_UNIT ( $, .METRE. ) );
#4807 = AXIS2_PLACEMENT_3D ( 'NONE', #4431, #2664, #5168 ) ;
#4808 = DIRECTION ( 'NONE',  ( 2.465220612327489274E-16, 0.000000000000000000, 1.000000000000000000 ) ) ;
#4809 = VERTEX_POINT ( 'NONE', #1353 ) ;
#4810 = ORIENTED_EDGE ( 'NONE', *, *, #3853, .F. ) ;
#4811 = LINE ( 'NONE', #7388, #6392 ) ;
#4812 = LINE ( 'NONE', #6416, #8851 ) ;
#4813 = ORIENTED_EDGE ( 'NONE', *, *, #5208, .F. ) ;
#4814 = CARTESIAN_POINT ( 'NONE',  ( -3.675545029056271939E-15, 0.1574803149606299191, 3.972763973577912555 ) ) ;
#4815 =( BOUNDED_CURVE ( )  B_SPLINE_CURVE ( 3, ( #5723, #9268, #9970, #350 ),
 .UNSPECIFIED., .F., .F. ) 
 B_SPLINE_CURVE_WITH_KNOTS ( ( 4, 4 ),
 ( 1.570796326794896558, 3.141592653589793116 ),
 .UNSPECIFIED. ) 
 CURVE ( )  GEOMETRIC_REPRESENTATION_ITEM ( )  RATIONAL_B_SPLINE_CURVE ( ( 1.000000000000000000, 0.8047378541243649375, 0.8047378541243649375, 1.000000000000000000 ) ) 
 REPRESENTATION_ITEM ( '' )  );
#4816 = ORIENTED_EDGE ( 'NONE', *, *, #7338, .F. ) ;
#4817 = DIRECTION ( 'NONE',  ( 0.000000000000000000, -0.000000000000000000, -1.000000000000000000 ) ) ;
#4818 = EDGE_CURVE ( 'NONE', #11022, #7489, #1612, .T. ) ;
#4819 = ORIENTED_EDGE ( 'NONE', *, *, #7784, .F. ) ;
#4820 = ORIENTED_EDGE ( 'NONE', *, *, #8778, .T. ) ;
#4821 = CARTESIAN_POINT ( 'NONE',  ( -1.127492036175426152E-15, 0.1771653543307086520, 2.437330902711769998 ) ) ;
#4822 = ORIENTED_EDGE ( 'NONE', *, *, #3903, .F. ) ;
#4823 = EDGE_CURVE ( 'NONE', #5210, #6400, #11153, .T. ) ;
#4824 = VECTOR ( 'NONE', #10156, 39.37007874015748854 ) ;
#4825 = DIRECTION ( 'NONE',  ( 0.000000000000000000, 0.000000000000000000, 1.000000000000000000 ) ) ;
#4826 = ORIENTED_EDGE ( 'NONE', *, *, #9855, .T. ) ;
#4827 = EDGE_LOOP ( 'NONE', ( #10460, #8460, #1990, #4313 ) ) ;
#4828 = CARTESIAN_POINT ( 'NONE',  ( 1.559627917323826551, 0.1968503937007874127, -0.3988531131689802001 ) ) ;
#4829 = EDGE_CURVE ( 'NONE', #2154, #1567, #3162, .T. ) ;
#4830 = AXIS2_PLACEMENT_3D ( 'NONE', #5195, #10529, #7086 ) ;
#4831 = DIRECTION ( 'NONE',  ( -0.000000000000000000, -1.000000000000000000, -0.000000000000000000 ) ) ;
#4832 = DIRECTION ( 'NONE',  ( -0.5031907286678232172, 0.000000000000000000, -0.8641753818425660372 ) ) ;
#4833 =( BOUNDED_CURVE ( )  B_SPLINE_CURVE ( 3, ( #10783, #7238, #2775, #2842 ),
 .UNSPECIFIED., .F., .T. ) 
 B_SPLINE_CURVE_WITH_KNOTS ( ( 4, 4 ),
 ( 0.000000000000000000, 1.570796326794896558 ),
 .UNSPECIFIED. ) 
 CURVE ( )  GEOMETRIC_REPRESENTATION_ITEM ( )  RATIONAL_B_SPLINE_CURVE ( ( 1.000000000000000000, 0.8047378541243649375, 0.8047378541243649375, 1.000000000000000000 ) ) 
 REPRESENTATION_ITEM ( '' )  );
#4834 = DIRECTION ( 'NONE',  ( -1.156482317317871478E-16, -0.000000000000000000, 1.000000000000000000 ) ) ;
#4835 = DIRECTION ( 'NONE',  ( 0.000000000000000000, 0.000000000000000000, 1.000000000000000000 ) ) ;
#4836 = VECTOR ( 'NONE', #542, 39.37007874015748854 ) ;
#4837 = FILL_AREA_STYLE ('',( #486 ) ) ;
#4838 = LINE ( 'NONE', #538, #8039 ) ;
#4839 = ADVANCED_FACE ( 'NONE', ( #6601 ), #5584, .F. ) ;
#4840 = ADVANCED_FACE ( 'NONE', ( #8308 ), #5884, .F. ) ;
#4841 = ORIENTED_EDGE ( 'NONE', *, *, #10208, .T. ) ;
#4842 = DIRECTION ( 'NONE',  ( 1.000000000000000000, -0.000000000000000000, -9.251858538542969855E-16 ) ) ;
#4843 = AXIS2_PLACEMENT_3D ( 'NONE', #4718, #8148, #10615 ) ;
#4844 = VERTEX_POINT ( 'NONE', #8506 ) ;
#4845 = CARTESIAN_POINT ( 'NONE',  ( 1.944987549582441355, 0.1968503937007873017, -0.3988531131689802001 ) ) ;
#4846 = CARTESIAN_POINT ( 'NONE',  ( -0.8350177238743351493, 6.829619984160658046E-17, 3.241417203925426538 ) ) ;
#4847 = CARTESIAN_POINT ( 'NONE',  ( 0.6640455812112220357, 0.1771653543307086520, 3.972763973577912999 ) ) ;
#4848 = DIRECTION ( 'NONE',  ( -0.000000000000000000, -0.000000000000000000, -1.000000000000000000 ) ) ;
#4849 = DIRECTION ( 'NONE',  ( 0.000000000000000000, 1.000000000000000000, 0.000000000000000000 ) ) ;
#4850 = AXIS2_PLACEMENT_3D ( 'NONE', #3323, #11314, #788 ) ;
#4851 = DIRECTION ( 'NONE',  ( 0.000000000000000000, -0.000000000000000000, -1.000000000000000000 ) ) ;
#4852 = CARTESIAN_POINT ( 'NONE',  ( -0.7389172057151033313, 0.1771653543307086798, 0.8903666027584850040 ) ) ;
#4853 = EDGE_CURVE ( 'NONE', #10971, #5776, #4778, .T. ) ;
#4854 = CARTESIAN_POINT ( 'NONE',  ( -1.854225048842757184, 0.1968503937007874127, -1.941175947814649305 ) ) ;
#4855 = ORIENTED_EDGE ( 'NONE', *, *, #9075, .T. ) ;
#4856 = VERTEX_POINT ( 'NONE', #2095 ) ;
#4857 = DIRECTION ( 'NONE',  ( 0.000000000000000000, 0.000000000000000000, 1.000000000000000000 ) ) ;
#4858 = FACE_OUTER_BOUND ( 'NONE', #1418, .T. ) ;
#4859 = CARTESIAN_POINT ( 'NONE',  ( -1.952650245693150044, 0.000000000000000000, 1.147199780013996362 ) ) ;
#4860 = VERTEX_POINT ( 'NONE', #3068 ) ;
#4861 = VERTEX_POINT ( 'NONE', #6812 ) ;
#4862 = CARTESIAN_POINT ( 'NONE',  ( 0.000000000000000000, 0.4724409448818898127, 4.043076020689286842 ) ) ;
#4863 = DIRECTION ( 'NONE',  ( 0.3236155771181853935, 0.8891264907159878161, -0.3236155771181852270 ) ) ;
#4864 = ORIENTED_EDGE ( 'NONE', *, *, #8249, .F. ) ;
#4865 = LINE ( 'NONE', #4705, #6198 ) ;
#4866 = AXIS2_PLACEMENT_3D ( 'NONE', #1339, #2955, #7502 ) ;
#4867 = EDGE_CURVE ( 'NONE', #3009, #9951, #8900, .T. ) ;
#4868 = EDGE_LOOP ( 'NONE', ( #1521, #10083, #6526, #6623 ) ) ;
#4869 = CARTESIAN_POINT ( 'NONE',  ( -0.8898853758908628064, 0.1507476349739041432, 2.418833016475827602 ) ) ;
#4870 = EDGE_LOOP ( 'NONE', ( #669, #10929, #3988, #5060 ) ) ;
#4871 = EDGE_LOOP ( 'NONE', ( #8133, #3316, #8375, #9732 ) ) ;
#4872 = LINE ( 'NONE', #7396, #4683 ) ;
#4873 = VERTEX_POINT ( 'NONE', #10100 ) ;
#4874 = AXIS2_PLACEMENT_3D ( 'NONE', #6694, #4180, #5940 ) ;
#4875 = ADVANCED_FACE ( 'NONE', ( #6438 ), #9130, .T. ) ;
#4876 = CARTESIAN_POINT ( 'NONE',  ( 0.7486148702833095303, 0.000000000000000000, 1.641501217539681701 ) ) ;
#4877 = EDGE_CURVE ( 'NONE', #2403, #7144, #8206, .T. ) ;
#4878 = EDGE_LOOP ( 'NONE', ( #10128, #4257, #10080, #8443 ) ) ;
#4879 = ADVANCED_FACE ( 'NONE', ( #3878, #6548, #7354, #10842, #3931, #2259, #5029, #9185, #3019, #682, #4183, #6493, #9993, #2147, #5635, #7879, #11211, #7036, #5996, #7823, #4405, #8743, #7090, #2526, #6980 ), #10360, .T. ) ;
#4880 = CARTESIAN_POINT ( 'NONE',  ( 0.000000000000000000, 0.1574803149606299191, 3.185362398774762571 ) ) ;
#4881 = CARTESIAN_POINT ( 'NONE',  ( 1.559627917323826551, 0.4724409448818899238, -0.3988531131689802001 ) ) ;
#4882 = DIRECTION ( 'NONE',  ( 0.000000000000000000, 0.000000000000000000, 1.000000000000000000 ) ) ;
#4883 = ORIENTED_EDGE ( 'NONE', *, *, #10884, .T. ) ;
#4884 = DIRECTION ( 'NONE',  ( 0.3236155771181852825, 0.8891264907159878161, -0.3236155771181854490 ) ) ;
#4885 = ADVANCED_FACE ( 'NONE', ( #10477 ), #3387, .F. ) ;
#4886 = CARTESIAN_POINT ( 'NONE',  ( -0.7868182005828320280, 0.000000000000000000, 0.2187505854846457654 ) ) ;
#4887 = DIRECTION ( 'NONE',  ( 0.5031907286678229951, 0.000000000000000000, 0.8641753818425662592 ) ) ;
#4888 = ORIENTED_EDGE ( 'NONE', *, *, #5609, .T. ) ;
#4889 = FACE_OUTER_BOUND ( 'NONE', #7222, .T. ) ;
#4890 = ORIENTED_EDGE ( 'NONE', *, *, #4291, .T. ) ;
#4891 = DIRECTION ( 'NONE',  ( 1.000000000000000000, -0.000000000000000000, 0.000000000000000000 ) ) ;
#4892 = CARTESIAN_POINT ( 'NONE',  ( 0.8034825222998384087, 0.1507476349739041432, 3.344484379233457094 ) ) ;
#4893 = EDGE_CURVE ( 'NONE', #2910, #3680, #6057, .T. ) ;
#4894 = EDGE_CURVE ( 'NONE', #4162, #663, #7884, .T. ) ;
#4895 = CARTESIAN_POINT ( 'NONE',  ( 0.000000000000000000, 0.1771653543307086520, 3.205047438144841276 ) ) ;
#4896 = DIRECTION ( 'NONE',  ( -0.000000000000000000, 1.000000000000000000, -0.000000000000000000 ) ) ;
#4897 = CARTESIAN_POINT ( 'NONE',  ( 0.7486148702833097524, 0.000000000000000000, 0.2187505854846457654 ) ) ;
#4898 = DIRECTION ( 'NONE',  ( 1.000000000000000000, -0.000000000000000000, 4.625929269271482956E-16 ) ) ;
#4899 = ORIENTED_EDGE ( 'NONE', *, *, #2934, .T. ) ;
#4900 = EDGE_LOOP ( 'NONE', ( #6481, #8641, #8397, #1967 ) ) ;
#4901 = DIRECTION ( 'NONE',  ( 0.9396926207859080948, 0.3420201433256694346, 2.173475799305981510E-16 ) ) ;
#4902 = VECTOR ( 'NONE', #5671, 39.37007874015748143 ) ;
#4903 = LINE ( 'NONE', #3955, #4950 ) ;
#4904 = DIRECTION ( 'NONE',  ( 0.000000000000000000, 0.000000000000000000, 1.000000000000000000 ) ) ;
#4905 = DIRECTION ( 'NONE',  ( -0.000000000000000000, 1.000000000000000000, -0.000000000000000000 ) ) ;
#4906 = LINE ( 'NONE', #1267, #640 ) ;
#4908 = VERTEX_POINT ( 'NONE', #1672 ) ;
#4907 = CARTESIAN_POINT ( 'NONE',  ( 0.03576598686676681071, 0.1507476349739041432, 1.809051308367315425 ) ) ;
#4909 = DIRECTION ( 'NONE',  ( 1.000000000000000000, -0.000000000000000000, 0.000000000000000000 ) ) ;
#4910 = CARTESIAN_POINT ( 'NONE',  ( -0.1233559935919276429, 0.1574803149606299191, -1.426590253242409685E-17 ) ) ;
#4911 = ORIENTED_EDGE ( 'NONE', *, *, #737, .F. ) ;
#4912 = LINE ( 'NONE', #6688, #2746 ) ;
#4913 = AXIS2_PLACEMENT_3D ( 'NONE', #3083, #10316, #3455 ) ;
#4914 = ORIENTED_EDGE ( 'NONE', *, *, #8630, .F. ) ;
#4915 = CYLINDRICAL_SURFACE ( 'NONE', #1482, 0.01968503937007875723 ) ;
#4916 = CARTESIAN_POINT ( 'NONE',  ( -1.490051820496300250, 0.1507476349739041432, 1.041334772934244590 ) ) ;
#4917 = VERTEX_POINT ( 'NONE', #11319 ) ;
#4918 = ORIENTED_EDGE ( 'NONE', *, *, #2327, .F. ) ;
#4919 = DIRECTION ( 'NONE',  ( 0.000000000000000000, -0.000000000000000000, -1.000000000000000000 ) ) ;
#4920 = EDGE_LOOP ( 'NONE', ( #4605, #9314, #2730, #7253, #5245, #4391, #9665, #7920, #2900, #5366, #678, #6261 ) ) ;
#4921 = VECTOR ( 'NONE', #809, 39.37007874015748143 ) ;
#4922 = AXIS2_PLACEMENT_3D ( 'NONE', #3557, #6166, #1158 ) ;
#4923 = ADVANCED_FACE ( 'NONE', ( #4236 ), #55, .T. ) ;
#4924 = CARTESIAN_POINT ( 'NONE',  ( 1.431762116644293092, 0.1771653543307086520, 2.437330902711770886 ) ) ;
#4925 = PRODUCT_RELATED_PRODUCT_CATEGORY ( 'part', '', ( #11150 ) ) ;
#4926 = EDGE_LOOP ( 'NONE', ( #5139, #3182, #10550, #2828 ) ) ;
#4927 = CARTESIAN_POINT ( 'NONE',  ( 2.181208022023385595, 0.000000000000000000, -1.004824633837119412E-15 ) ) ;
#4928 = CARTESIAN_POINT ( 'NONE',  ( -2.504880698959022168E-16, 0.1771653543307086520, -2.039601144665043275 ) ) ;
#4929 = EDGE_CURVE ( 'NONE', #2351, #8352, #5143, .T. ) ;
#4930 = ADVANCED_FACE ( 'NONE', ( #4290 ), #3554, .T. ) ;
#4931 = EDGE_CURVE ( 'NONE', #3806, #1654, #7942, .T. ) ;
#4932 = CARTESIAN_POINT ( 'NONE',  ( 0.04538125036984168997, 0.1771653543307086520, 1.641501217539681701 ) ) ;
#4933 = VECTOR ( 'NONE', #9987, 39.37007874015748143 ) ;
#4934 = PRESENTATION_STYLE_ASSIGNMENT (( #588 ) ) ;
#4935 = CARTESIAN_POINT ( 'NONE',  ( 0.7004153469918070751, 0.000000000000000000, 2.409217752972752979 ) ) ;
#4936 = ITEM_DEFINED_TRANSFORMATION ( 'NONE', 'NONE', #4409,  #8599 ) ;
#4937 = ORIENTED_EDGE ( 'NONE', *, *, #10002, .F. ) ;
#4938 = EDGE_CURVE ( 'NONE', #2376, #4737, #6087, .T. ) ;
#4939 = CYLINDRICAL_SURFACE ( 'NONE', #2459, 0.01968503937007875723 ) ;
#4940 = ORIENTED_EDGE ( 'NONE', *, *, #4317, .T. ) ;
#4941 = VERTEX_POINT ( 'NONE', #2692 ) ;
#4942 = CYLINDRICAL_SURFACE ( 'NONE', #4059, 0.01968503937007873988 ) ;
#4943 = ADVANCED_FACE ( 'NONE', ( #1780 ), #6869, .T. ) ;
#4944 = CYLINDRICAL_SURFACE ( 'NONE', #8623, 0.01968503937007875723 ) ;
#4945 =( BOUNDED_CURVE ( )  B_SPLINE_CURVE ( 3, ( #2034, #8952, #2907, #5524 ),
 .UNSPECIFIED., .F., .F. ) 
 B_SPLINE_CURVE_WITH_KNOTS ( ( 4, 4 ),
 ( 3.141592653589793116, 3.490658503988668837 ),
 .UNSPECIFIED. ) 
 CURVE ( )  GEOMETRIC_REPRESENTATION_ITEM ( )  RATIONAL_B_SPLINE_CURVE ( ( 1.000000000000000000, 0.9898718353414714954, 0.9898718353414714954, 1.000000000000000000 ) ) 
 REPRESENTATION_ITEM ( '' )  );
#4946 = DIRECTION ( 'NONE',  ( -1.000000000000000000, 0.000000000000000000, -0.000000000000000000 ) ) ;
#4947 = AXIS2_PLACEMENT_3D ( 'NONE', #6031, #4323, #9651 ) ;
#4948 = DIRECTION ( 'NONE',  ( -1.000000000000000000, 0.000000000000000000, -0.000000000000000000 ) ) ;
#4949 = LINE ( 'NONE', #1585, #6013 ) ;
#4950 = VECTOR ( 'NONE', #5663, 39.37007874015748143 ) ;
#4951 = CARTESIAN_POINT ( 'NONE',  ( 0.7965158651510385601, 0.1771653543307086798, 0.2666515803523744621 ) ) ;
#4952 = ORIENTED_EDGE ( 'NONE', *, *, #3124, .F. ) ;
#4953 = ORIENTED_EDGE ( 'NONE', *, *, #2438, .F. ) ;
#4954 = ADVANCED_FACE ( 'NONE', ( #850 ), #6161, .F. ) ;
#4955 = PLANE ( 'NONE',  #2097 ) ;
#4956 = ORIENTED_EDGE ( 'NONE', *, *, #8017, .F. ) ;
#4957 = DIRECTION ( 'NONE',  ( 6.938893903907229364E-16, -0.000000000000000000, -1.000000000000000000 ) ) ;
#4958 = LINE ( 'NONE', #5012, #4001 ) ;
#4959 = DIRECTION ( 'NONE',  ( 1.011922027653137636E-16, -0.000000000000000000, -1.000000000000000000 ) ) ;
#4960 = CIRCLE ( 'NONE', #3512, 0.09842519685039378963 ) ;
#4961 = LINE ( 'NONE', #613, #8575 ) ;
#4962 = ORIENTED_EDGE ( 'NONE', *, *, #6536, .F. ) ;
#4963 = VECTOR ( 'NONE', #9548, 39.37007874015748143 ) ;
#4964 = DIRECTION ( 'NONE',  ( -1.000000000000000000, 0.000000000000000000, -2.312964634635747887E-16 ) ) ;
#4965 = CARTESIAN_POINT ( 'NONE',  ( 1.925302510212361318, -0.2952755905511810774, -1.783695632854019442 ) ) ;
#4966 = ORIENTED_EDGE ( 'NONE', *, *, #8720, .F. ) ;
#4967 = DIRECTION ( 'NONE',  ( -0.000000000000000000, -1.000000000000000000, -0.000000000000000000 ) ) ;
#4968 = ORIENTED_EDGE ( 'NONE', *, *, #4540, .F. ) ;
#4969 = EDGE_CURVE ( 'NONE', #4646, #2090, #6105, .T. ) ;
#4970 = CARTESIAN_POINT ( 'NONE',  ( -0.04320142679551295523, 0.1968503937007874127, 0.1257531860436188198 ) ) ;
#4971 = VECTOR ( 'NONE', #7243, 39.37007874015748143 ) ;
#4972 = ORIENTED_EDGE ( 'NONE', *, *, #10766, .F. ) ;
#4973 = ORIENTED_EDGE ( 'NONE', *, *, #7392, .T. ) ;
#4974 = CARTESIAN_POINT ( 'NONE',  ( 0.7849846360638947917, 0.1771653543307086520, 0.2551203512652306382 ) ) ;
#4975 = VECTOR ( 'NONE', #10113, 39.37007874015748143 ) ;
#4976 = DIRECTION ( 'NONE',  ( 0.000000000000000000, 0.000000000000000000, -1.000000000000000000 ) ) ;
#4977 = DIRECTION ( 'NONE',  ( 1.000000000000000000, -0.000000000000000000, -0.000000000000000000 ) ) ;
#4978 = ORIENTED_EDGE ( 'NONE', *, *, #1781, .T. ) ;
#4979 = CARTESIAN_POINT ( 'NONE',  ( 1.431762116644293092, 0.1771653543307086520, 3.205047438144841276 ) ) ;
#4980 = ADVANCED_FACE ( 'NONE', ( #4461 ), #2756, .F. ) ;
#4981 = CARTESIAN_POINT ( 'NONE',  ( -1.518164970235318156, 0.1574803149606299191, 0.000000000000000000 ) ) ;
#4982 = CARTESIAN_POINT ( 'NONE',  ( -0.8601305606537800186, -0.2952755905511810774, -0.2964909084445704890 ) ) ;
#4983 = ORIENTED_EDGE ( 'NONE', *, *, #3277, .F. ) ;
#4984 = EDGE_CURVE ( 'NONE', #11054, #10162, #1092, .T. ) ;
#4985 = VECTOR ( 'NONE', #8504, 39.37007874015748143 ) ;
#4986 = DIRECTION ( 'NONE',  ( 0.000000000000000000, 0.000000000000000000, 1.000000000000000000 ) ) ;
#4987 = LINE ( 'NONE', #11172, #4576 ) ;
#4988 = DIRECTION ( 'NONE',  ( -1.000000000000000000, -0.000000000000000000, -5.782411586589357392E-17 ) ) ;
#4989 = EDGE_CURVE ( 'NONE', #5165, #1439, #7328, .T. ) ;
#4990 = EDGE_LOOP ( 'NONE', ( #3115, #2304, #3428, #5451 ) ) ;
#4991 = FACE_OUTER_BOUND ( 'NONE', #2084, .T. ) ;
#4992 = EDGE_LOOP ( 'NONE', ( #10503, #8433, #10523, #10637 ) ) ;
#4993 = VERTEX_POINT ( 'NONE', #7157 ) ;
#4994 = VERTEX_POINT ( 'NONE', #10652 ) ;
#4995 = EDGE_LOOP ( 'NONE', ( #11138, #9647, #2614, #9510 ) ) ;
#4996 = CARTESIAN_POINT ( 'NONE',  ( 1.462704085015511524, 0.000000000000000000, 4.013548461634169229 ) ) ;
#4997 = AXIS2_PLACEMENT_3D ( 'NONE', #1009, #4498, #7135 ) ;
#4998 = DIRECTION ( 'NONE',  ( 0.000000000000000000, -1.000000000000000000, 0.000000000000000000 ) ) ;
#4999 = CARTESIAN_POINT ( 'NONE',  ( 0.000000000000000000, 0.1574803149606299191, 1.810238461501450846 ) ) ;
#5000 = EDGE_CURVE ( 'NONE', #1147, #4256, #2550, .T. ) ;
#5001 = LINE ( 'NONE', #8535, #5086 ) ;
#5002 = DIRECTION ( 'NONE',  ( -0.000000000000000000, -0.000000000000000000, -1.000000000000000000 ) ) ;
#5003 = VECTOR ( 'NONE', #9412, 39.37007874015748143 ) ;
#5004 = CARTESIAN_POINT ( 'NONE',  ( -1.498479930865239451, 0.1551781507868630616, 0.8822127924755501782 ) ) ;
#5005 = ORIENTED_EDGE ( 'NONE', *, *, #2106, .T. ) ;
#5006 = ORIENTED_EDGE ( 'NONE', *, *, #4734, .T. ) ;
#5007 = EDGE_CURVE ( 'NONE', #8944, #9155, #7216, .T. ) ;
#5008 = CARTESIAN_POINT ( 'NONE',  ( -0.8350177238743350383, 0.000000000000000000, 3.176934288405823370 ) ) ;
#5009 = ORIENTED_EDGE ( 'NONE', *, *, #9837, .F. ) ;
#5010 = CYLINDRICAL_SURFACE ( 'NONE', #2058, 0.01968503937007875723 ) ;
#5011 =( BOUNDED_CURVE ( )  B_SPLINE_CURVE ( 3, ( #1313, #3992, #5710, #10964 ),
 .UNSPECIFIED., .F., .F. ) 
 B_SPLINE_CURVE_WITH_KNOTS ( ( 4, 4 ),
 ( 1.570796326794896558, 3.141592653589793116 ),
 .UNSPECIFIED. ) 
 CURVE ( )  GEOMETRIC_REPRESENTATION_ITEM ( )  RATIONAL_B_SPLINE_CURVE ( ( 1.000000000000000000, 0.8047378541243649375, 0.8047378541243649375, 1.000000000000000000 ) ) 
 REPRESENTATION_ITEM ( '' )  );
#5012 = CARTESIAN_POINT ( 'NONE',  ( -1.814854970102598219, 0.1968503937007874127, 4.121816178169601663 ) ) ;
#5013 = AXIS2_PLACEMENT_3D ( 'NONE', #9091, #7475, #7260 ) ;
#5014 = CARTESIAN_POINT ( 'NONE',  ( -0.1036709542218488406, 0.1574803149606299191, -1.198936253770387750E-17 ) ) ;
#5015 = ORIENTED_EDGE ( 'NONE', *, *, #10538, .T. ) ;
#5016 = EDGE_LOOP ( 'NONE', ( #2265, #7365, #291, #10249 ) ) ;
#5017 = ADVANCED_FACE ( 'NONE', ( #3849 ), #2819, .F. ) ;
#5018 = DIRECTION ( 'NONE',  ( -0.000000000000000000, 1.000000000000000000, -0.000000000000000000 ) ) ;
#5019 = DIRECTION ( 'NONE',  ( 0.000000000000000000, 1.000000000000000000, -0.000000000000000000 ) ) ;
#5020 = DIRECTION ( 'NONE',  ( -0.000000000000000000, 1.000000000000000000, -0.000000000000000000 ) ) ;
#5021 = ORIENTED_EDGE ( 'NONE', *, *, #5396, .T. ) ;
#5022 = CARTESIAN_POINT ( 'NONE',  ( -0.1233559935919276845, 0.1574803149606299191, 3.953078934207833850 ) ) ;
#5023 = FACE_OUTER_BOUND ( 'NONE', #4018, .T. ) ;
#5024 = EDGE_LOOP ( 'NONE', ( #724, #9180, #458, #5554 ) ) ;
#5025 = AXIS2_PLACEMENT_3D ( 'NONE', #5281, #7845, #18 ) ;
#5027 = DIRECTION ( 'NONE',  ( 1.000000000000000000, 0.000000000000000000, 0.000000000000000000 ) ) ;
#5026 = AXIS2_PLACEMENT_3D ( 'NONE', #539, #4037, #1511 ) ;
#5028 = CARTESIAN_POINT ( 'NONE',  ( -0.8601305606537800186, 0.000000000000000000, -0.2020027194681925098 ) ) ;
#5029 = FACE_BOUND ( 'NONE', #3722, .T. ) ;
#5030 = EDGE_CURVE ( 'NONE', #7567, #6064, #3734, .T. ) ;
#5031 = EDGE_CURVE ( 'NONE', #1961, #5217, #9794, .T. ) ;
#5032 = DIRECTION ( 'NONE',  ( 0.000000000000000000, -0.000000000000000000, -1.000000000000000000 ) ) ;
#5033 = ORIENTED_EDGE ( 'NONE', *, *, #830, .T. ) ;
#5034 = DIRECTION ( 'NONE',  ( 1.000000000000000000, 0.000000000000000000, 4.625929269271465206E-16 ) ) ;
#5035 = CARTESIAN_POINT ( 'NONE',  ( 0.8046696754339731639, 0.1574803149606299191, 1.810238461501450624 ) ) ;
#5036 = CIRCLE ( 'NONE', #8154, 0.09448818897637797920 ) ;
#5037 = VERTEX_POINT ( 'NONE', #405 ) ;
#5038 = DIRECTION ( 'NONE',  ( -1.011922027653137513E-16, 0.000000000000000000, 1.000000000000000000 ) ) ;
#5039 = ORIENTED_EDGE ( 'NONE', *, *, #1065, .F. ) ;
#5040 = ADVANCED_FACE ( 'NONE', ( #10709 ), #6413, .F. ) ;
#5041 = LINE ( 'NONE', #1685, #6384 ) ;
#5042 = LINE ( 'NONE', #8520, #4921 ) ;
#5043 = CARTESIAN_POINT ( 'NONE',  ( -0.7223352850632291933, 0.1771653543307086520, 0.8737846821066108660 ) ) ;
#5044 = CARTESIAN_POINT ( 'NONE',  ( -0.1233559935919276984, 0.1574803149606299191, 1.810238461501451068 ) ) ;
#5045 = PRODUCT_CONTEXT ( 'NONE', #4667, 'mechanical' ) ;
#5046 = VERTEX_POINT ( 'NONE', #4750 ) ;
#5047 = DIRECTION ( 'NONE',  ( 0.9396926207859080948, 0.3420201433256694346, 0.000000000000000000 ) ) ;
#5048 = DIRECTION ( 'NONE',  ( 0.000000000000000000, 0.000000000000000000, 1.000000000000000000 ) ) ;
#5049 = ORIENTED_EDGE ( 'NONE', *, *, #5907, .F. ) ;
#5050 = EDGE_LOOP ( 'NONE', ( #1694, #8134, #5352, #3628 ) ) ;
#5051 = ORIENTED_EDGE ( 'NONE', *, *, #3658, .F. ) ;
#5052 = CARTESIAN_POINT ( 'NONE',  ( 0.6443605418411442187, 0.1574803149606299191, 1.490383145233290326E-16 ) ) ;
#5053 = DIRECTION ( 'NONE',  ( -0.3236155771181851715, 0.8891264907159878161, -0.3236155771181854490 ) ) ;
#5054 = ADVANCED_FACE ( 'NONE', ( #10763 ), #2941, .T. ) ;
#5055 = DIRECTION ( 'NONE',  ( -0.000000000000000000, 0.000000000000000000, 1.000000000000000000 ) ) ;
#5056 = CARTESIAN_POINT ( 'NONE',  ( 0.6443605418411432195, 0.1574803149606299191, 0.2748053906353094544 ) ) ;
#5057 = CARTESIAN_POINT ( 'NONE',  ( 0.8034825222998376315, 0.1507476349739041432, 0.8737846821066108660 ) ) ;
#5058 = CARTESIAN_POINT ( 'NONE',  ( -1.854225048842757184, 0.4724409448818898127, -1.764010593483940736 ) ) ;
#5059 = ORIENTED_EDGE ( 'NONE', *, *, #6864, .F. ) ;
#5060 = ORIENTED_EDGE ( 'NONE', *, *, #11050, .F. ) ;
#5061 = DIRECTION ( 'NONE',  ( -2.312964634635742957E-16, -0.000000000000000000, 1.000000000000000000 ) ) ;
#5062 = VERTEX_POINT ( 'NONE', #5438 ) ;
#5063 = EDGE_CURVE ( 'NONE', #1796, #6365, #2122, .T. ) ;
#5064 = CARTESIAN_POINT ( 'NONE',  ( -0.8713874896549197446, 0.1771653543307086520, 1.022836886698301750 ) ) ;
#5065 = CYLINDRICAL_SURFACE ( 'NONE', #1858, 0.01968503937007875723 ) ;
#5066 = DIRECTION ( 'NONE',  ( -0.000000000000000000, -1.000000000000000000, 0.000000000000000000 ) ) ;
#5067 = AXIS2_PLACEMENT_3D ( 'NONE', #7625, #9418, #6724 ) ;
#5068 = CARTESIAN_POINT ( 'NONE',  ( 1.944987549582441355, 0.1968503937007873017, -0.5366483887595313584 ) ) ;
#5069 = ORIENTED_EDGE ( 'NONE', *, *, #9110, .F. ) ;
#5070 = EDGE_CURVE ( 'NONE', #8881, #4941, #2068, .T. ) ;
#5071 = FACE_OUTER_BOUND ( 'NONE', #2339, .T. ) ;
#5072 = CARTESIAN_POINT ( 'NONE',  ( -1.518164970235317934, 0.1771653543307086520, 3.325986492997513810 ) ) ;
#5073 = CARTESIAN_POINT ( 'NONE',  ( -1.838012277137266892, 0.000000000000000000, 1.070234996814104500 ) ) ;
#5074 = VERTEX_POINT ( 'NONE', #8235 ) ;
#5075 = LINE ( 'NONE', #11260, #8021 ) ;
#5076 = FACE_OUTER_BOUND ( 'NONE', #6034, .T. ) ;
#5077 = ORIENTED_EDGE ( 'NONE', *, *, #2365, .T. ) ;
#5078 = CIRCLE ( 'NONE', #1811, 0.09842519685039363697 ) ;
#5079 = AXIS2_PLACEMENT_3D ( 'NONE', #10801, #9146, #4684 ) ;
#5080 = DIRECTION ( 'NONE',  ( 0.000000000000000000, 0.000000000000000000, -1.000000000000000000 ) ) ;
#5081 = DIRECTION ( 'NONE',  ( 0.000000000000000000, 0.000000000000000000, 1.000000000000000000 ) ) ;
#5082 = EDGE_CURVE ( 'NONE', #7862, #1712, #5560, .T. ) ;
#5083 = DIRECTION ( 'NONE',  ( 0.000000000000000000, 0.000000000000000000, 1.000000000000000000 ) ) ;
#5084 = DIRECTION ( 'NONE',  ( 1.000000000000000000, -0.000000000000000000, 4.625929269271483942E-16 ) ) ;
#5085 = EDGE_CURVE ( 'NONE', #10096, #1485, #2994, .T. ) ;
#5086 = VECTOR ( 'NONE', #5913, 39.37007874015748143 ) ;
#5087 = VECTOR ( 'NONE', #8723, 39.37007874015748143 ) ;
#5088 = CARTESIAN_POINT ( 'NONE',  ( 2.181208022023384707, 0.1968503937007874127, -1.901805869074492339 ) ) ;
#5089 = ORIENTED_EDGE ( 'NONE', *, *, #9871, .T. ) ;
#5090 = CARTESIAN_POINT ( 'NONE',  ( -0.1221688404577920550, 0.1507476349739042543, 3.954266087341968827 ) ) ;
#5091 = CARTESIAN_POINT ( 'NONE',  ( -1.499667083999374873, 0.1507476349739040877, 3.944650823838894205 ) ) ;
#5092 = VECTOR ( 'NONE', #3347, 39.37007874015748143 ) ;
#5093 = EDGE_CURVE ( 'NONE', #218, #5454, #5614, .T. ) ;
#5094 = VECTOR ( 'NONE', #6938, 39.37007874015748143 ) ;
#5095 = EDGE_CURVE ( 'NONE', #9155, #1364, #10104, .T. ) ;
#5096 = ORIENTED_EDGE ( 'NONE', *, *, #10152, .F. ) ;
#5097 = DIRECTION ( 'NONE',  ( -0.000000000000000000, 1.000000000000000000, -0.000000000000000000 ) ) ;
#5098 = ORIENTED_EDGE ( 'NONE', *, *, #8263, .F. ) ;
#5099 = DIRECTION ( 'NONE',  ( -0.000000000000000000, 1.000000000000000000, -0.000000000000000000 ) ) ;
#5100 = VECTOR ( 'NONE', #6895, 39.37007874015748143 ) ;
#5101 = PLANE ( 'NONE',  #711 ) ;
#5102 = CARTESIAN_POINT ( 'NONE',  ( -1.498879697478704198, 0.1529109616598304799, 2.418045629955156262 ) ) ;
#5103 = DIRECTION ( 'NONE',  ( 0.000000000000000000, 0.3420201433256694346, -0.9396926207859080948 ) ) ;
#5104 = VERTEX_POINT ( 'NONE', #10020 ) ;
#5105 = CARTESIAN_POINT ( 'NONE',  ( -2.031390403173464865, 0.1968503937007874405, 0.2379405998475849493 ) ) ;
#5106 = EDGE_CURVE ( 'NONE', #124, #8700, #5380, .T. ) ;
#5107 = CARTESIAN_POINT ( 'NONE',  ( 1.559627917323826551, 0.1968503937007874127, -0.1429476013579565608 ) ) ;
#5108 = ORIENTED_EDGE ( 'NONE', *, *, #10429, .T. ) ;
#5109 = VERTEX_POINT ( 'NONE', #4004 ) ;
#5110 = ORIENTED_EDGE ( 'NONE', *, *, #3697, .F. ) ;
#5111 = VECTOR ( 'NONE', #9189, 39.37007874015748143 ) ;
#5112 = FACE_OUTER_BOUND ( 'NONE', #186, .T. ) ;
#5113 = DIRECTION ( 'NONE',  ( 0.000000000000000000, 1.000000000000000000, 0.000000000000000000 ) ) ;
#5114 = DIRECTION ( 'NONE',  ( -0.3236155771181852825, 0.8891264907159880382, 0.3236155771181852825 ) ) ;
#5115 = CARTESIAN_POINT ( 'NONE',  ( 1.412077077274214387, 0.1574803149606299191, 3.345671532367592516 ) ) ;
#5116 = CARTESIAN_POINT ( 'NONE',  ( -1.490051820496299806, 0.000000000000000000, 1.754183656350787546 ) ) ;
#5117 = DIRECTION ( 'NONE',  ( 0.8641753818425663702, 0.000000000000000000, -0.5031907286678231062 ) ) ;
#5118 = EDGE_LOOP ( 'NONE', ( #1637, #8292, #7228, #10287 ) ) ;
#5119 = ORIENTED_EDGE ( 'NONE', *, *, #928, .T. ) ;
#5120 = PLANE ( 'NONE',  #3215 ) ;
#5121 = DIRECTION ( 'NONE',  ( -0.3420201433256694346, 0.9396926207859080948, 0.000000000000000000 ) ) ;
#5122 = EDGE_CURVE ( 'NONE', #321, #9165, #8164, .T. ) ;
#5123 = ORIENTED_EDGE ( 'NONE', *, *, #2601, .F. ) ;
#5124 = DIRECTION ( 'NONE',  ( 1.000000000000000000, -0.000000000000000000, 0.000000000000000000 ) ) ;
#5125 = VECTOR ( 'NONE', #10513, 39.37007874015748143 ) ;
#5126 = CARTESIAN_POINT ( 'NONE',  ( -1.549106938606535477, 0.4724409448818898127, 4.072603579744405344 ) ) ;
#5127 = DIRECTION ( 'NONE',  ( -0.3420201433256694346, -0.9396926207859080948, 0.000000000000000000 ) ) ;
#5128 = ORIENTED_EDGE ( 'NONE', *, *, #1755, .F. ) ;
#5129 = AXIS2_PLACEMENT_3D ( 'NONE', #1724, #9505, #5199 ) ;
#5130 = ORIENTED_EDGE ( 'NONE', *, *, #4487, .F. ) ;
#5131 = CARTESIAN_POINT ( 'NONE',  ( 0.9997202581320655534, 0.4724409448818898127, 3.998881032528259105 ) ) ;
#5132 = LINE ( 'NONE', #5247, #6103 ) ;
#5133 = ORIENTED_EDGE ( 'NONE', *, *, #6541, .F. ) ;
#5134 = ADVANCED_FACE ( 'NONE', ( #10125 ), #2229, .F. ) ;
#5135 = CARTESIAN_POINT ( 'NONE',  ( 0.000000000000000000, 0.1574803149606299191, 2.558269957564442976 ) ) ;
#5136 = CARTESIAN_POINT ( 'NONE',  ( 0.01726810063082377319, 0.1771653543307086520, 1.997025303321327490E-18 ) ) ;
#5137 = CARTESIAN_POINT ( 'NONE',  ( -0.8350177238743349273, 0.000000000000000000, 2.409217752972752535 ) ) ;
#5138 = EDGE_CURVE ( 'NONE', #6733, #6441, #1380, .T. ) ;
#5139 = ORIENTED_EDGE ( 'NONE', *, *, #6174, .F. ) ;
#5140 = LINE ( 'NONE', #4234, #4476 ) ;
#5141 = CARTESIAN_POINT ( 'NONE',  ( -0.8923797854702465449, 0.1968503937007874127, 3.905280745098735906 ) ) ;
#5142 = VECTOR ( 'NONE', #5359, 39.37007874015748143 ) ;
#5143 = LINE ( 'NONE', #2583, #4427 ) ;
#5144 = CYLINDRICAL_SURFACE ( 'NONE', #3267, 0.01968503937007875723 ) ;
#5145 = EDGE_CURVE ( 'NONE', #1622, #10736, #6574, .T. ) ;
#5146 = ORIENTED_EDGE ( 'NONE', *, *, #5215, .T. ) ;
#5147 = CYLINDRICAL_SURFACE ( 'NONE', #5316, 0.05511811023622041616 ) ;
#5148 = VECTOR ( 'NONE', #9159, 39.37007874015748143 ) ;
#5149 = EDGE_CURVE ( 'NONE', #3666, #4743, #1432, .T. ) ;
#5150 = DIRECTION ( 'NONE',  ( -1.000000000000000000, 0.000000000000000000, 0.000000000000000000 ) ) ;
#5151 = ORIENTED_EDGE ( 'NONE', *, *, #3033, .T. ) ;
#5152 = ORIENTED_EDGE ( 'NONE', *, *, #1479, .T. ) ;
#5153 = DIRECTION ( 'NONE',  ( 0.000000000000000000, 0.000000000000000000, -1.000000000000000000 ) ) ;
#5154 = ORIENTED_EDGE ( 'NONE', *, *, #2118, .F. ) ;
#5155 = ORIENTED_EDGE ( 'NONE', *, *, #7283, .F. ) ;
#5156 = VECTOR ( 'NONE', #710, 39.37007874015748143 ) ;
#5157 = DIRECTION ( 'NONE',  ( 0.000000000000000000, -0.000000000000000000, -1.000000000000000000 ) ) ;
#5158 = EDGE_CURVE ( 'NONE', #10556, #4011, #3516, .T. ) ;
#5159 = DIRECTION ( 'NONE',  ( -1.000000000000000000, 0.000000000000000000, 0.000000000000000000 ) ) ;
#5160 = FACE_OUTER_BOUND ( 'NONE', #7087, .T. ) ;
#5161 = CARTESIAN_POINT ( 'NONE',  ( -1.518164970235317934, 0.1771653543307086520, 0.9018978318456289944 ) ) ;
#5162 =( BOUNDED_CURVE ( )  B_SPLINE_CURVE ( 3, ( #3222, #2354, #4186, #11044 ),
 .UNSPECIFIED., .F., .F. ) 
 B_SPLINE_CURVE_WITH_KNOTS ( ( 4, 4 ),
 ( 0.000000000000000000, 1.570796326794900111 ),
 .UNSPECIFIED. ) 
 CURVE ( )  GEOMETRIC_REPRESENTATION_ITEM ( )  RATIONAL_B_SPLINE_CURVE ( ( 1.000000000000000000, 0.8047378541243641603, 0.8047378541243641603, 1.000000000000000000 ) ) 
 REPRESENTATION_ITEM ( '' )  );
#5163 = LINE ( 'NONE', #8706, #6128 ) ;
#5164 = CARTESIAN_POINT ( 'NONE',  ( 0.03695314000090243328, 0.1574803149606299191, 3.185362398774762571 ) ) ;
#5165 = VERTEX_POINT ( 'NONE', #9215 ) ;
#5166 = EDGE_LOOP ( 'NONE', ( #7059, #5626, #10962, #9224 ) ) ;
#5167 = DIRECTION ( 'NONE',  ( 1.000000000000000000, -0.000000000000000000, -4.625929269271483942E-16 ) ) ;
#5168 = DIRECTION ( 'NONE',  ( 0.000000000000000000, 0.000000000000000000, 1.000000000000000000 ) ) ;
#5169 = CIRCLE ( 'NONE', #6283, 0.09842519685039363697 ) ;
#5170 = CARTESIAN_POINT ( 'NONE',  ( -0.7504484348022464335, 0.1771653543307086520, -1.735760689815342948E-16 ) ) ;
#5171 = ORIENTED_EDGE ( 'NONE', *, *, #33, .F. ) ;
#5172 = EDGE_CURVE ( 'NONE', #1896, #1588, #4166, .T. ) ;
#5173 = EDGE_CURVE ( 'NONE', #6866, #3964, #9931, .T. ) ;
#5174 = CARTESIAN_POINT ( 'NONE',  ( 0.03576598686676674133, 0.1507476349739041432, 1.651116481042756767 ) ) ;
#5175 = AXIS2_PLACEMENT_3D ( 'NONE', #5817, #10181, #7641 ) ;
#5176 = DIRECTION ( 'NONE',  ( 0.000000000000000000, -1.000000000000000000, 0.000000000000000000 ) ) ;
#5177 = CARTESIAN_POINT ( 'NONE',  ( -1.490051820496299806, 0.000000000000000000, 3.289616727216929437 ) ) ;
#5178 = ORIENTED_EDGE ( 'NONE', *, *, #6546, .F. ) ;
#5179 = DIRECTION ( 'NONE',  ( -0.3420201433256694346, -0.9396926207859080948, 0.000000000000000000 ) ) ;
#5180 = VECTOR ( 'NONE', #10566, 39.37007874015748143 ) ;
#5181 = VERTEX_POINT ( 'NONE', #11028 ) ;
#5182 = CARTESIAN_POINT ( 'NONE',  ( -0.8910725290249985608, 0.1574803149606299191, 1.042521926068380234 ) ) ;
#5183 = ORIENTED_EDGE ( 'NONE', *, *, #4151, .F. ) ;
#5184 = DIRECTION ( 'NONE',  ( 0.000000000000000000, -1.000000000000000000, 0.000000000000000000 ) ) ;
#5185 = FACE_OUTER_BOUND ( 'NONE', #9117, .T. ) ;
#5186 = FACE_OUTER_BOUND ( 'NONE', #8894, .T. ) ;
#5187 = ORIENTED_EDGE ( 'NONE', *, *, #6035, .T. ) ;
#5188 = ORIENTED_EDGE ( 'NONE', *, *, #1311, .F. ) ;
#5189 = VECTOR ( 'NONE', #10892, 39.37007874015748143 ) ;
#5190 = DIRECTION ( 'NONE',  ( -1.000000000000000000, 0.000000000000000000, 0.000000000000000000 ) ) ;
#5191 = ORIENTED_EDGE ( 'NONE', *, *, #4041, .T. ) ;
#5192 = LINE ( 'NONE', #1716, #9133 ) ;
#5193 = LINE ( 'NONE', #9385, #11234 ) ;
#5194 = EDGE_LOOP ( 'NONE', ( #7196, #7841, #10642, #11105 ) ) ;
#5195 = CARTESIAN_POINT ( 'NONE',  ( -0.7504484348022472107, 0.1574803149606299191, 0.000000000000000000 ) ) ;
#5196 = VERTEX_POINT ( 'NONE', #9267 ) ;
#5197 = CYLINDRICAL_SURFACE ( 'NONE', #11068, 0.01968503937007875723 ) ;
#5198 = VECTOR ( 'NONE', #103, 39.37007874015748143 ) ;
#5199 = DIRECTION ( 'NONE',  ( 0.000000000000000000, 0.000000000000000000, 1.000000000000000000 ) ) ;
#5200 = CARTESIAN_POINT ( 'NONE',  ( -2.011705363803387048, 0.1771653543307086520, -0.2020027194681925098 ) ) ;
#5201 = EDGE_CURVE ( 'NONE', #6395, #9551, #4058, .T. ) ;
#5202 = AXIS2_PLACEMENT_3D ( 'NONE', #11140, #3317, #8552 ) ;
#5203 = VECTOR ( 'NONE', #4887, 39.37007874015748854 ) ;
#5204 = ORIENTED_EDGE ( 'NONE', *, *, #3356, .T. ) ;
#5205 = LINE ( 'NONE', #917, #7154 ) ;
#5206 = DIRECTION ( 'NONE',  ( 0.9396926207859080948, 0.3420201433256694346, 0.000000000000000000 ) ) ;
#5207 = ORIENTED_EDGE ( 'NONE', *, *, #795, .T. ) ;
#5208 = EDGE_CURVE ( 'NONE', #6772, #10177, #3148, .T. ) ;
#5209 = AXIS2_PLACEMENT_3D ( 'NONE', #9291, #4661, #8147 ) ;
#5210 = VERTEX_POINT ( 'NONE', #2172 ) ;
#5211 = ORIENTED_EDGE ( 'NONE', *, *, #3153, .T. ) ;
#5212 = ORIENTED_EDGE ( 'NONE', *, *, #11012, .F. ) ;
#5213 = EDGE_CURVE ( 'NONE', #818, #5887, #1483, .T. ) ;
#5214 = CARTESIAN_POINT ( 'NONE',  ( -1.518164970235316602, 0.1771653543307086520, -7.022923771394225121E-16 ) ) ;
#5215 = EDGE_CURVE ( 'NONE', #2943, #4941, #7513, .T. ) ;
#5216 = FACE_OUTER_BOUND ( 'NONE', #8518, .T. ) ;
#5217 = VERTEX_POINT ( 'NONE', #507 ) ;
#5218 = FACE_OUTER_BOUND ( 'NONE', #11245, .T. ) ;
#5219 = CARTESIAN_POINT ( 'NONE',  ( -1.814854970102598664, 0.1771653543307086520, 1.147199780013996362 ) ) ;
#5220 = VECTOR ( 'NONE', #1838, 39.37007874015748143 ) ;
#5221 = CARTESIAN_POINT ( 'NONE',  ( 1.412077077274214609, 0.1574803149606299191, 2.417645863341692181 ) ) ;
#5222 = CARTESIAN_POINT ( 'NONE',  ( -1.814854970102599552, 0.1968503937007874127, -0.4978645713515195692 ) ) ;
#5223 = EDGE_LOOP ( 'NONE', ( #3475, #9386, #8200, #3037 ) ) ;
#5224 = ORIENTED_EDGE ( 'NONE', *, *, #4706, .T. ) ;
#5225 = EDGE_CURVE ( 'NONE', #4715, #3144, #8490, .T. ) ;
#5226 = LINE ( 'NONE', #4150, #6984 ) ;
#5227 = CARTESIAN_POINT ( 'NONE',  ( 0.04538125036984163446, 0.000000000000000000, 4.009133739358497373 ) ) ;
#5228 = FACE_OUTER_BOUND ( 'NONE', #5506, .T. ) ;
#5229 = MANIFOLD_SOLID_BREP ( 'Cut-Extrude1', #1358 ) ;
#5230 = ORIENTED_EDGE ( 'NONE', *, *, #9175, .T. ) ;
#5231 =( BOUNDED_CURVE ( )  B_SPLINE_CURVE ( 3, ( #10623, #10446, #2787, #2608 ),
 .UNSPECIFIED., .F., .F. ) 
 B_SPLINE_CURVE_WITH_KNOTS ( ( 4, 4 ),
 ( 3.141592653589793116, 4.712388980384689674 ),
 .UNSPECIFIED. ) 
 CURVE ( )  GEOMETRIC_REPRESENTATION_ITEM ( )  RATIONAL_B_SPLINE_CURVE ( ( 1.000000000000000000, 0.8047378541243649375, 0.8047378541243649375, 1.000000000000000000 ) ) 
 REPRESENTATION_ITEM ( '' )  );
#5232 = CARTESIAN_POINT ( 'NONE',  ( 1.431762116644293092, 0.1771653543307086520, 1.022836886698301750 ) ) ;
#5233 = CARTESIAN_POINT ( 'NONE',  ( -0.7319505485663044819, 0.1507476349739041155, 1.809051308367315425 ) ) ;
#5234 = LINE ( 'NONE', #8718, #7162 ) ;
#5235 = ORIENTED_EDGE ( 'NONE', *, *, #8461, .T. ) ;
#5236 = PLANE ( 'NONE',  #3375 ) ;
#5237 = EDGE_CURVE ( 'NONE', #9303, #1337, #1324, .T. ) ;
#5238 = CARTESIAN_POINT ( 'NONE',  ( 0.6640455812112221468, 0.1574803149606299191, 0.000000000000000000 ) ) ;
#5239 = EDGE_CURVE ( 'NONE', #11169, #9876, #8669, .T. ) ;
#5240 = FACE_OUTER_BOUND ( 'NONE', #7724, .T. ) ;
#5241 = VECTOR ( 'NONE', #10591, 39.37007874015748143 ) ;
#5242 = DIRECTION ( 'NONE',  ( -1.156482317317871478E-16, 0.000000000000000000, 1.000000000000000000 ) ) ;
#5243 = DIRECTION ( 'NONE',  ( 0.000000000000000000, 1.000000000000000000, -0.000000000000000000 ) ) ;
#5244 = ORIENTED_EDGE ( 'NONE', *, *, #1030, .F. ) ;
#5245 = ORIENTED_EDGE ( 'NONE', *, *, #8295, .F. ) ;
#5246 = DIRECTION ( 'NONE',  ( -1.000000000000000000, 0.000000000000000000, -5.782411586589359857E-17 ) ) ;
#5247 = CARTESIAN_POINT ( 'NONE',  ( 0.000000000000000000, 0.1574803149606299191, 2.577954996934521681 ) ) ;
#5248 = EDGE_LOOP ( 'NONE', ( #8843, #1833, #2722, #2646 ) ) ;
#5249 = CARTESIAN_POINT ( 'NONE',  ( 1.925302510212361318, 0.1968503937007874127, -1.311254687972129407 ) ) ;
#5250 = DIRECTION ( 'NONE',  ( 0.000000000000000000, -1.000000000000000000, 0.000000000000000000 ) ) ;
#5251 = ORIENTED_EDGE ( 'NONE', *, *, #3702, .T. ) ;
#5252 = CARTESIAN_POINT ( 'NONE',  ( 0.03695314000090248185, 0.1574803149606299191, 2.577954996934521681 ) ) ;
#5253 = ORIENTED_EDGE ( 'NONE', *, *, #7718, .T. ) ;
#5254 = CARTESIAN_POINT ( 'NONE',  ( -0.7307633954321676173, 0.1574803149606299191, -1.690229889920938314E-16 ) ) ;
#5255 = DIRECTION ( 'NONE',  ( 0.000000000000000000, 0.000000000000000000, -1.000000000000000000 ) ) ;
#5256 = CARTESIAN_POINT ( 'NONE',  ( -1.518164970235318156, 0.1574803149606299191, 0.000000000000000000 ) ) ;
#5257 = VERTEX_POINT ( 'NONE', #5979 ) ;
#5258 = LINE ( 'NONE', #4465, #4376 ) ;
#5259 = AXIS2_PLACEMENT_3D ( 'NONE', #742, #5032, #3333 ) ;
#5260 = AXIS2_PLACEMENT_3D ( 'NONE', #6326, #9766, #7129 ) ;
#5261 = VERTEX_POINT ( 'NONE', #5126 ) ;
#5262 = DIRECTION ( 'NONE',  ( -1.000000000000000000, 0.000000000000000000, 0.000000000000000000 ) ) ;
#5263 = DIRECTION ( 'NONE',  ( -0.000000000000000000, -1.000000000000000000, -0.000000000000000000 ) ) ;
#5264 = EDGE_CURVE ( 'NONE', #9864, #6859, #6038, .T. ) ;
#5265 = ORIENTED_EDGE ( 'NONE', *, *, #2719, .T. ) ;
#5266 = ORIENTED_EDGE ( 'NONE', *, *, #3689, .T. ) ;
#5267 = VECTOR ( 'NONE', #4048, 39.37007874015748854 ) ;
#5268 = AXIS2_PLACEMENT_3D ( 'NONE', #7200, #2678, #3656 ) ;
#5269 = ORIENTED_EDGE ( 'NONE', *, *, #7486, .T. ) ;
#5270 = EDGE_LOOP ( 'NONE', ( #10340, #8158, #2587, #7025 ) ) ;
#5271 = ORIENTED_EDGE ( 'NONE', *, *, #7603, .T. ) ;
#5272 = LINE ( 'NONE', #4598, #9134 ) ;
#5273 = LINE ( 'NONE', #6881, #4560 ) ;
#5274 = ORIENTED_EDGE ( 'NONE', *, *, #6331, .T. ) ;
#5275 = CIRCLE ( 'NONE', #367, 0.09842519685039378963 ) ;
#5276 = EDGE_CURVE ( 'NONE', #2984, #2490, #6089, .T. ) ;
#5277 = LINE ( 'NONE', #7842, #8234 ) ;
#5278 = CARTESIAN_POINT ( 'NONE',  ( -0.8910725290249987829, 0.1574803149606299191, 0.8822127924755501782 ) ) ;
#5279 = AXIS2_PLACEMENT_3D ( 'NONE', #10608, #5337, #4419 ) ;
#5280 = CARTESIAN_POINT ( 'NONE',  ( -1.952650245693150044, 0.000000000000000000, 1.147199780013996362 ) ) ;
#5281 = CARTESIAN_POINT ( 'NONE',  ( -2.011705363803387048, 0.1968503937007874127, -0.2020027194681925098 ) ) ;
#5282 = CARTESIAN_POINT ( 'NONE',  ( -0.8906727624115337028, 0.1529109616598305355, 0.2744056240218447629 ) ) ;
#5283 = ADVANCED_FACE ( 'NONE', ( #5185 ), #4273, .T. ) ;
#5284 = ORIENTED_EDGE ( 'NONE', *, *, #4070, .T. ) ;
#5285 = CARTESIAN_POINT ( 'NONE',  ( -2.011705363803387048, 0.1771653543307086520, -0.3004279163185862855 ) ) ;
#5286 = CARTESIAN_POINT ( 'NONE',  ( 2.162492031332400533, 0.1771653543307086520, 0.3645887790943978524 ) ) ;
#5287 = AXIS2_PLACEMENT_3D ( 'NONE', #4282, #10187, #5827 ) ;
#5288 = VECTOR ( 'NONE', #239, 39.37007874015748854 ) ;
#5289 = VERTEX_POINT ( 'NONE', #1656 ) ;
#5290 = FACE_OUTER_BOUND ( 'NONE', #4926, .T. ) ;
#5291 = CARTESIAN_POINT ( 'NONE',  ( -1.490051820496300028, 0.1771653543307086520, 2.409217752972752535 ) ) ;
#5292 = EDGE_CURVE ( 'NONE', #1896, #7145, #4389, .T. ) ;
#5293 = CYLINDRICAL_SURFACE ( 'NONE', #7127, 0.1377952755905511584 ) ;
#5294 = FACE_OUTER_BOUND ( 'NONE', #6032, .T. ) ;
#5295 = ORIENTED_EDGE ( 'NONE', *, *, #7585, .F. ) ;
#5296 = CIRCLE ( 'NONE', #7492, 0.09448818897637797920 ) ;
#5297 = LINE ( 'NONE', #3535, #9219 ) ;
#5298 = ADVANCED_FACE ( 'NONE', ( #6962 ), #8724, .F. ) ;
#5299 = DIRECTION ( 'NONE',  ( 1.000000000000000000, 0.000000000000000000, 1.011922027653137266E-16 ) ) ;
#5300 = ORIENTED_EDGE ( 'NONE', *, *, #3252, .T. ) ;
#5301 = CARTESIAN_POINT ( 'NONE',  ( 0.6447603084546082997, 0.1529109616598305632, 1.809838694887986321 ) ) ;
#5302 = DIRECTION ( 'NONE',  ( -0.000000000000000000, -1.000000000000000000, 0.000000000000000000 ) ) ;
#5303 = DIRECTION ( 'NONE',  ( 0.000000000000000000, 0.000000000000000000, 1.000000000000000000 ) ) ;
#5304 = ORIENTED_EDGE ( 'NONE', *, *, #4853, .T. ) ;
#5305 = ORIENTED_EDGE ( 'NONE', *, *, #9796, .T. ) ;
#5306 = AXIS2_PLACEMENT_3D ( 'NONE', #9123, #5630, #4716 ) ;
#5307 = CARTESIAN_POINT ( 'NONE',  ( -1.498879697478704198, 0.1529109616598305077, 3.953478700821298375 ) ) ;
#5308 = CARTESIAN_POINT ( 'NONE',  ( -1.814854970102599330, 0.1771653543307086520, -1.645900357263467839 ) ) ;
#5309 = ORIENTED_EDGE ( 'NONE', *, *, #898, .T. ) ;
#5310 = EDGE_CURVE ( 'NONE', #2841, #3348, #7922, .T. ) ;
#5311 = CARTESIAN_POINT ( 'NONE',  ( 0.8130977858029126981, 0.000000000000000000, 0.9864671209177166000 ) ) ;
#5312 = CARTESIAN_POINT ( 'NONE',  ( -2.267610875614410215, 0.000000000000000000, 0.2952514739630049956 ) ) ;
#5313 = ORIENTED_EDGE ( 'NONE', *, *, #5720, .T. ) ;
#5314 = ORIENTED_EDGE ( 'NONE', *, *, #5542, .F. ) ;
#5315 = DIRECTION ( 'NONE',  ( -1.000000000000000000, 0.000000000000000000, 0.000000000000000000 ) ) ;
#5316 = AXIS2_PLACEMENT_3D ( 'NONE', #854, #4353, #10481 ) ;
#5317 = DIRECTION ( 'NONE',  ( -0.000000000000000000, -1.000000000000000000, 0.000000000000000000 ) ) ;
#5318 = CARTESIAN_POINT ( 'NONE',  ( 1.462704085015511524, -0.2952755905511810774, 4.013548461634169229 ) ) ;
#5319 = CARTESIAN_POINT ( 'NONE',  ( -0.8910725290249986719, 0.1551781507868630339, 1.649929327908620680 ) ) ;
#5320 = AXIS2_PLACEMENT_3D ( 'NONE', #8122, #113, #9913 ) ;
#5321 = EDGE_LOOP ( 'NONE', ( #8269, #649, #4962, #10461 ) ) ;
#5322 =( BOUNDED_CURVE ( )  B_SPLINE_CURVE ( 3, ( #11258, #963, #6153, #1829 ),
 .UNSPECIFIED., .F., .F. ) 
 B_SPLINE_CURVE_WITH_KNOTS ( ( 4, 4 ),
 ( 1.570796326794896558, 3.141592653589793116 ),
 .UNSPECIFIED. ) 
 CURVE ( )  GEOMETRIC_REPRESENTATION_ITEM ( )  RATIONAL_B_SPLINE_CURVE ( ( 1.000000000000000000, 0.8047378541243649375, 0.8047378541243649375, 1.000000000000000000 ) ) 
 REPRESENTATION_ITEM ( '' )  );
#5323 = DIRECTION ( 'NONE',  ( 0.000000000000000000, 0.000000000000000000, -1.000000000000000000 ) ) ;
#5324 = EDGE_CURVE ( 'NONE', #8092, #6194, #97, .T. ) ;
#5325 = EDGE_CURVE ( 'NONE', #4269, #8818, #3430, .T. ) ;
#5326 = ORIENTED_EDGE ( 'NONE', *, *, #3021, .F. ) ;
#5327 = CARTESIAN_POINT ( 'NONE',  ( -0.7307633954321685055, 0.1574803149606299191, 3.345671532367592516 ) ) ;
#5328 = EDGE_LOOP ( 'NONE', ( #4518, #8965, #3108, #2396 ) ) ;
#5329 = AXIS2_PLACEMENT_3D ( 'NONE', #9484, #9598, #9430 ) ;
#5330 = ORIENTED_EDGE ( 'NONE', *, *, #10735, .T. ) ;
#5331 = CARTESIAN_POINT ( 'NONE',  ( -0.8910725290249985608, 0.1574803149606299191, 0.2748053906353095099 ) ) ;
#5332 = VERTEX_POINT ( 'NONE', #10294 ) ;
#5333 = VERTEX_POINT ( 'NONE', #9487 ) ;
#5334 = ORIENTED_EDGE ( 'NONE', *, *, #6664, .T. ) ;
#5336 = ORIENTED_EDGE ( 'NONE', *, *, #9866, .F. ) ;
#5335 = AXIS2_PLACEMENT_3D ( 'NONE', #9375, #1430, #4002 ) ;
#5337 = DIRECTION ( 'NONE',  ( -0.8641753818425659261, 0.000000000000000000, -0.5031907286678237723 ) ) ;
#5338 = EDGE_CURVE ( 'NONE', #8551, #2248, #9363, .T. ) ;
#5339 = DIRECTION ( 'NONE',  ( 0.000000000000000000, -0.9396926207859080948, 0.3420201433256694346 ) ) ;
#5340 = MECHANICAL_DESIGN_GEOMETRIC_PRESENTATION_REPRESENTATION (  '', ( #32 ), #2247 ) ;
#5341 = VERTEX_POINT ( 'NONE', #1767 ) ;
#5342 = DIRECTION ( 'NONE',  ( -0.3420201433256694346, -0.9396926207859080948, 0.000000000000000000 ) ) ;
#5343 = DIRECTION ( 'NONE',  ( 5.433689498264955623E-17, 0.3420201433256694346, -0.9396926207859080948 ) ) ;
#5344 = DIRECTION ( 'NONE',  ( 2.312964634635740985E-16, -0.000000000000000000, -1.000000000000000000 ) ) ;
#5345 = DIRECTION ( 'NONE',  ( -1.000000000000000000, 0.000000000000000000, -0.000000000000000000 ) ) ;
#5346 = AXIS2_PLACEMENT_3D ( 'NONE', #3297, #4209, #6890 ) ;
#5347 = EDGE_LOOP ( 'NONE', ( #10487, #8415, #2450, #8528 ) ) ;
#5348 = LINE ( 'NONE', #3525, #423 ) ;
#5349 = CARTESIAN_POINT ( 'NONE',  ( 0.000000000000000000, 0.4724409448818898127, 4.043076020689286842 ) ) ;
#5350 = ADVANCED_FACE ( 'NONE', ( #2564 ), #5924, .T. ) ;
#5351 = DIRECTION ( 'NONE',  ( 0.000000000000000000, 1.000000000000000000, 0.000000000000000000 ) ) ;
#5352 = ORIENTED_EDGE ( 'NONE', *, *, #800, .F. ) ;
#5353 = DIRECTION ( 'NONE',  ( -2.312964634635742957E-16, 0.000000000000000000, 1.000000000000000000 ) ) ;
#5354 = EDGE_CURVE ( 'NONE', #3290, #3295, #11252, .T. ) ;
#5355 = DIRECTION ( 'NONE',  ( 0.000000000000000000, 1.000000000000000000, 0.000000000000000000 ) ) ;
#5356 = CARTESIAN_POINT ( 'NONE',  ( 0.7849846360638946807, 0.1771653543307086520, 0.9018978318456289944 ) ) ;
#5357 = ORIENTED_EDGE ( 'NONE', *, *, #10429, .F. ) ;
#5358 = CARTESIAN_POINT ( 'NONE',  ( 1.412077077274214387, 0.1690115440477737152, 2.577954996934521681 ) ) ;
#5359 = DIRECTION ( 'NONE',  ( -1.156482317317871971E-16, 0.000000000000000000, 1.000000000000000000 ) ) ;
#5360 = EDGE_LOOP ( 'NONE', ( #6849, #5490, #2871, #1651 ) ) ;
#5361 = CARTESIAN_POINT ( 'NONE',  ( 0.8046696754339736080, 0.1574803149606299191, 2.577954996934521681 ) ) ;
#5362 = LINE ( 'NONE', #8846, #1346 ) ;
#5363 = EDGE_CURVE ( 'NONE', #5062, #9724, #7358, .T. ) ;
#5364 = VECTOR ( 'NONE', #5097, 39.37007874015748143 ) ;
#5365 = DIRECTION ( 'NONE',  ( 0.000000000000000000, 0.000000000000000000, -1.000000000000000000 ) ) ;
#5366 = ORIENTED_EDGE ( 'NONE', *, *, #10547, .F. ) ;
#5367 = EDGE_LOOP ( 'NONE', ( #10260, #9355, #9374, #9360 ) ) ;
#5368 = EDGE_CURVE ( 'NONE', #10673, #9451, #10278, .T. ) ;
#5369 = CARTESIAN_POINT ( 'NONE',  ( 0.6525143521240783784, 0.1771653543307086520, 1.802084651218515798 ) ) ;
#5370 = EDGE_CURVE ( 'NONE', #8697, #9443, #2921, .T. ) ;
#5371 = CARTESIAN_POINT ( 'NONE',  ( -0.7504484348022470996, 0.1574803149606299191, -1.735760689815344427E-16 ) ) ;
#5372 = DIRECTION ( 'NONE',  ( -1.000000000000000000, -0.000000000000000000, -0.000000000000000000 ) ) ;
#5373 = CARTESIAN_POINT ( 'NONE',  ( -1.127492036175426941E-15, 0.1771653543307086520, 2.437330902711770442 ) ) ;
#5374 = ORIENTED_EDGE ( 'NONE', *, *, #3394, .F. ) ;
#5375 = LINE ( 'NONE', #8858, #9572 ) ;
#5376 = ORIENTED_EDGE ( 'NONE', *, *, #9044, .F. ) ;
#5377 = DIRECTION ( 'NONE',  ( 0.000000000000000000, 0.000000000000000000, 1.000000000000000000 ) ) ;
#5378 = CYLINDRICAL_SURFACE ( 'NONE', #5519, 0.09448818897637792369 ) ;
#5379 = LINE ( 'NONE', #2883, #5694 ) ;
#5380 = LINE ( 'NONE', #1032, #1501 ) ;
#5381 = DIRECTION ( 'NONE',  ( 0.000000000000000000, -1.000000000000000000, 0.000000000000000000 ) ) ;
#5382 = EDGE_CURVE ( 'NONE', #4256, #5553, #5541, .T. ) ;
#5383 = CIRCLE ( 'NONE', #1918, 0.09842519685039378963 ) ;
#5384 = ORIENTED_EDGE ( 'NONE', *, *, #7465, .T. ) ;
#5385 = CARTESIAN_POINT ( 'NONE',  ( -0.8829187187420638461, 0.1771653543307086798, 3.961232744490768454 ) ) ;
#5386 = ORIENTED_EDGE ( 'NONE', *, *, #4512, .F. ) ;
#5387 = LINE ( 'NONE', #6476, #11157 ) ;
#5389 = ORIENTED_EDGE ( 'NONE', *, *, #4606, .T. ) ;
#5388 = AXIS2_PLACEMENT_3D ( 'NONE', #10923, #6298, #4583 ) ;
#5390 = ORIENTED_EDGE ( 'NONE', *, *, #9644, .F. ) ;
#5391 = DIRECTION ( 'NONE',  ( 0.000000000000000000, -1.000000000000000000, 0.000000000000000000 ) ) ;
#5392 = ORIENTED_EDGE ( 'NONE', *, *, #5276, .F. ) ;
#5393 = EDGE_LOOP ( 'NONE', ( #6237, #1296, #4457, #3550 ) ) ;
#5394 = EDGE_CURVE ( 'NONE', #6898, #141, #389, .T. ) ;
#5395 =( BOUNDED_CURVE ( )  B_SPLINE_CURVE ( 3, ( #8259, #3063, #6543, #2843 ),
 .UNSPECIFIED., .F., .F. ) 
 B_SPLINE_CURVE_WITH_KNOTS ( ( 4, 4 ),
 ( 5.934119456780721613, 6.283185307179586232 ),
 .UNSPECIFIED. ) 
 CURVE ( )  GEOMETRIC_REPRESENTATION_ITEM ( )  RATIONAL_B_SPLINE_CURVE ( ( 1.000000000000000000, 0.9898718353414720506, 0.9898718353414720506, 1.000000000000000000 ) ) 
 REPRESENTATION_ITEM ( '' )  );
#5396 = EDGE_CURVE ( 'NONE', #6308, #2758, #8106, .T. ) ;
#5397 = VERTEX_POINT ( 'NONE', #8221 ) ;
#5398 = VECTOR ( 'NONE', #1842, 39.37007874015748143 ) ;
#5399 = VECTOR ( 'NONE', #8510, 39.37007874015748143 ) ;
#5400 = EDGE_LOOP ( 'NONE', ( #5685, #7231, #6834, #6175 ) ) ;
#5401 = LINE ( 'NONE', #2650, #10221 ) ;
#5402 = EDGE_LOOP ( 'NONE', ( #3300, #6448, #8214, #1788 ) ) ;
#5403 = LINE ( 'NONE', #1977, #739 ) ;
#5404 = CARTESIAN_POINT ( 'NONE',  ( -1.554534736015902530, 0.000000000000000000, 0.2187505854846457654 ) ) ;
#5405 = DIRECTION ( 'NONE',  ( -1.000000000000000000, 0.000000000000000000, -0.000000000000000000 ) ) ;
#5406 = VECTOR ( 'NONE', #9989, 39.37007874015748143 ) ;
#5407 = ORIENTED_EDGE ( 'NONE', *, *, #2651, .F. ) ;
#5408 = CARTESIAN_POINT ( 'NONE',  ( -1.499667083999374873, 0.1507476349739041155, 1.809051308367315425 ) ) ;
#5409 = FACE_OUTER_BOUND ( 'NONE', #4585, .T. ) ;
#5410 = VERTEX_POINT ( 'NONE', #1996 ) ;
#5411 = DIRECTION ( 'NONE',  ( 0.000000000000000000, 0.000000000000000000, 1.000000000000000000 ) ) ;
#5412 = AXIS2_PLACEMENT_3D ( 'NONE', #3119, #10098, #2255 ) ;
#5413 = CARTESIAN_POINT ( 'NONE',  ( 1.559627917323826551, 0.4724409448818899238, -0.1429476013579565608 ) ) ;
#5414 = CARTESIAN_POINT ( 'NONE',  ( -0.1233559935919276845, 0.1574803149606299191, 3.345671532367592516 ) ) ;
#5415 = LINE ( 'NONE', #7132, #8783 ) ;
#5416 = ORIENTED_EDGE ( 'NONE', *, *, #4532, .T. ) ;
#5417 = DIRECTION ( 'NONE',  ( -1.000000000000000000, 0.000000000000000000, 0.000000000000000000 ) ) ;
#5418 = VECTOR ( 'NONE', #9410, 39.37007874015748854 ) ;
#5419 = ORIENTED_EDGE ( 'NONE', *, *, #10328, .T. ) ;
#5420 = LINE ( 'NONE', #6272, #6439 ) ;
#5421 = ADVANCED_FACE ( 'NONE', ( #9955 ), #220, .F. ) ;
#5422 = ORIENTED_EDGE ( 'NONE', *, *, #3021, .T. ) ;
#5423 = CARTESIAN_POINT ( 'NONE',  ( -1.814854970102599552, 0.1771653543307086520, -0.4978645713515195692 ) ) ;
#5424 = FACE_BOUND ( 'NONE', #7167, .T. ) ;
#5425 = CARTESIAN_POINT ( 'NONE',  ( 0.7004153469918068531, 0.000000000000000000, 1.641501217539681479 ) ) ;
#5426 = EDGE_LOOP ( 'NONE', ( #9462, #8337, #8814, #11178 ) ) ;
#5427 = VERTEX_POINT ( 'NONE', #2982 ) ;
#5428 = CARTESIAN_POINT ( 'NONE',  ( 0.8046696754339736080, 0.1551781507868630616, 0.2748053906353093434 ) ) ;
#5429 = CARTESIAN_POINT ( 'NONE',  ( -1.490051820496300028, 0.000000000000000000, 3.241417203925426094 ) ) ;
#5430 = DIRECTION ( 'NONE',  ( 0.000000000000000000, 0.000000000000000000, -1.000000000000000000 ) ) ;
#5431 = CARTESIAN_POINT ( 'NONE',  ( 2.082782825172992514, 0.5905511811023621549, 0.2379405998475863648 ) ) ;
#5432 = EDGE_CURVE ( 'NONE', #9173, #4305, #3657, .T. ) ;
#5433 = DIRECTION ( 'NONE',  ( -1.000000000000000000, 0.000000000000000000, 0.000000000000000000 ) ) ;
#5434 = CARTESIAN_POINT ( 'NONE',  ( -0.7504484348022475437, 0.1771653543307086520, 0.000000000000000000 ) ) ;
#5435 = CARTESIAN_POINT ( 'NONE',  ( -0.8713874896549197446, 0.1574803149606299191, -2.015488446635848950E-16 ) ) ;
#5436 = ADVANCED_FACE ( 'NONE', ( #6453, #5424, #8044, #6397, #9029, #9901, #10633 ), #2801, .F. ) ;
#5437 = EDGE_CURVE ( 'NONE', #2593, #1273, #5362, .T. ) ;
#5438 = CARTESIAN_POINT ( 'NONE',  ( 1.905617470842284167, 0.1968503937007874127, -1.626215317893389356 ) ) ;
#5439 = DIRECTION ( 'NONE',  ( -5.782411586589351229E-17, 0.000000000000000000, 1.000000000000000000 ) ) ;
#5440 = DIRECTION ( 'NONE',  ( -0.000000000000000000, 1.000000000000000000, 0.000000000000000000 ) ) ;
#5441 = ORIENTED_EDGE ( 'NONE', *, *, #11075, .F. ) ;
#5442 = LINE ( 'NONE', #10655, #8383 ) ;
#5443 = DIRECTION ( 'NONE',  ( 0.000000000000000000, -0.000000000000000000, -1.000000000000000000 ) ) ;
#5444 = ORIENTED_EDGE ( 'NONE', *, *, #2565, .F. ) ;
#5445 = VERTEX_POINT ( 'NONE', #6335 ) ;
#5446 = FACE_OUTER_BOUND ( 'NONE', #9627, .T. ) ;
#5447 = EDGE_CURVE ( 'NONE', #10736, #5104, #8163, .T. ) ;
#5448 = VERTEX_POINT ( 'NONE', #3832 ) ;
#5449 = VERTEX_POINT ( 'NONE', #7310 ) ;
#5450 = CARTESIAN_POINT ( 'NONE',  ( 2.082782825172992514, 0.4724409448818898127, -1.626215317893389356 ) ) ;
#5451 = ORIENTED_EDGE ( 'NONE', *, *, #1806, .F. ) ;
#5452 = ADVANCED_FACE ( 'NONE', ( #3718 ), #4504, .T. ) ;
#5453 = ORIENTED_EDGE ( 'NONE', *, *, #3959, .T. ) ;
#5454 = VERTEX_POINT ( 'NONE', #10800 ) ;
#5455 = AXIS2_PLACEMENT_3D ( 'NONE', #8107, #4793, #7259 ) ;
#5456 = CARTESIAN_POINT ( 'NONE',  ( -0.9613473175948450411, 0.3470877061559770604, 2.347371074771845478 ) ) ;
#5457 = ORIENTED_EDGE ( 'NONE', *, *, #217, .F. ) ;
#5458 = DIRECTION ( 'NONE',  ( 8.693903197223924066E-16, 0.3420201433256694346, 0.9396926207859080948 ) ) ;
#5459 = ADVANCED_FACE ( 'NONE', ( #9089 ), #9839, .F. ) ;
#5460 = ADVANCED_FACE ( 'NONE', ( #7142 ), #9777, .T. ) ;
#5461 = CARTESIAN_POINT ( 'NONE',  ( 0.03695314000090240553, 0.1690115440477737152, 1.649929327908620902 ) ) ;
#5462 = VECTOR ( 'NONE', #5771, 39.37007874015748143 ) ;
#5463 = CARTESIAN_POINT ( 'NONE',  ( 0.01726810063082377319, 0.1574803149606299191, 1.997025303321327490E-18 ) ) ;
#5464 = AXIS2_PLACEMENT_3D ( 'NONE', #10401, #1595, #1537 ) ;
#5465 = ORIENTED_EDGE ( 'NONE', *, *, #8788, .F. ) ;
#5466 = CARTESIAN_POINT ( 'NONE',  ( -1.735145763943189756, 0.5905511811023621549, 1.020551600767184430 ) ) ;
#5467 = CARTESIAN_POINT ( 'NONE',  ( 0.8034825222998376315, 0.1507476349739041155, 0.8833999456096859326 ) ) ;
#5468 = VERTEX_POINT ( 'NONE', #7201 ) ;
#5469 = FACE_BOUND ( 'NONE', #646, .T. ) ;
#5470 = AXIS2_PLACEMENT_3D ( 'NONE', #11291, #5355, #8836 ) ;
#5471 = AXIS2_PLACEMENT_3D ( 'NONE', #10753, #7314, #2000 ) ;
#5472 = FACE_OUTER_BOUND ( 'NONE', #1491, .T. ) ;
#5473 = CARTESIAN_POINT ( 'NONE',  ( -0.7307633954321681724, 0.1574803149606299191, 2.577954996934522125 ) ) ;
#5474 = ADVANCED_FACE ( 'NONE', ( #10690 ), #4624, .T. ) ;
#5475 = EDGE_CURVE ( 'NONE', #8710, #10658, #8274, .T. ) ;
#5476 = DIRECTION ( 'NONE',  ( -0.000000000000000000, -1.000000000000000000, 0.000000000000000000 ) ) ;
#5477 = EDGE_LOOP ( 'NONE', ( #5212, #10318, #9194, #8171, #7302 ) ) ;
#5478 = CARTESIAN_POINT ( 'NONE',  ( -2.031390403173464865, 0.5905511811023621549, 0.2379405998475849493 ) ) ;
#5479 = VECTOR ( 'NONE', #5988, 39.37007874015748143 ) ;
#5480 = EDGE_LOOP ( 'NONE', ( #10075, #1385 ) ) ;
#5481 = CARTESIAN_POINT ( 'NONE',  ( 0.01726810063082391891, 0.1574803149606299191, 1.747397140406176239E-18 ) ) ;
#5482 = ORIENTED_EDGE ( 'NONE', *, *, #9719, .T. ) ;
#5483 = DIRECTION ( 'NONE',  ( -1.156482317317871478E-16, 0.000000000000000000, 1.000000000000000000 ) ) ;
#5484 = DIRECTION ( 'NONE',  ( 0.000000000000000000, 0.000000000000000000, -1.000000000000000000 ) ) ;
#5485 = LINE ( 'NONE', #221, #4725 ) ;
#5486 = DIRECTION ( 'NONE',  ( -1.000000000000000000, 0.000000000000000000, -0.000000000000000000 ) ) ;
#5487 = ORIENTED_EDGE ( 'NONE', *, *, #5822, .F. ) ;
#5488 = DIRECTION ( 'NONE',  ( -1.156482317317871478E-16, 0.000000000000000000, 1.000000000000000000 ) ) ;
#5489 = DIRECTION ( 'NONE',  ( -0.3236155771181852825, 0.8891264907159878161, 0.3236155771181852270 ) ) ;
#5490 = ORIENTED_EDGE ( 'NONE', *, *, #7418, .T. ) ;
#5491 = VECTOR ( 'NONE', #7265, 39.37007874015748143 ) ;
#5492 = DIRECTION ( 'NONE',  ( 0.000000000000000000, 0.000000000000000000, -1.000000000000000000 ) ) ;
#5493 = ADVANCED_FACE ( 'NONE', ( #5650 ), #9144, .T. ) ;
#5494 = CARTESIAN_POINT ( 'NONE',  ( 1.767822195251732786, 0.4724409448818898127, -1.941175947814649749 ) ) ;
#5495 = ORIENTED_EDGE ( 'NONE', *, *, #188, .T. ) ;
#5496 = PLANE ( 'NONE',  #5574 ) ;
#5497 = DIRECTION ( 'NONE',  ( -2.312964634635742957E-16, -0.000000000000000000, 1.000000000000000000 ) ) ;
#5498 = VECTOR ( 'NONE', #9940, 39.37007874015748143 ) ;
#5499 = CARTESIAN_POINT ( 'NONE',  ( 1.492231644070629581, 0.4724409448818898127, 3.787170508878263231 ) ) ;
#5500 = FACE_OUTER_BOUND ( 'NONE', #1860, .T. ) ;
#5501 = ORIENTED_EDGE ( 'NONE', *, *, #8930, .T. ) ;
#5502 = EDGE_CURVE ( 'NONE', #8967, #4281, #4792, .T. ) ;
#5503 = UNCERTAINTY_MEASURE_WITH_UNIT (LENGTH_MEASURE( 1.000000000000000082E-05 ), #3885, 'distance_accuracy_value', 'NONE');
#5504 = DIRECTION ( 'NONE',  ( -0.000000000000000000, -1.000000000000000000, 0.000000000000000000 ) ) ;
#5505 = DIRECTION ( 'NONE',  ( 0.000000000000000000, -1.000000000000000000, 0.000000000000000000 ) ) ;
#5506 = EDGE_LOOP ( 'NONE', ( #11139, #7725, #1506, #10163 ) ) ;
#5507 = EDGE_CURVE ( 'NONE', #8438, #4917, #1639, .T. ) ;
#5508 = EDGE_LOOP ( 'NONE', ( #2948, #6635, #920, #3231 ) ) ;
#5509 = DIRECTION ( 'NONE',  ( 0.000000000000000000, 0.000000000000000000, -1.000000000000000000 ) ) ;
#5510 = DIRECTION ( 'NONE',  ( 0.000000000000000000, -1.000000000000000000, 0.000000000000000000 ) ) ;
#5511 = VERTEX_POINT ( 'NONE', #10219 ) ;
#5512 = DIRECTION ( 'NONE',  ( 1.000000000000000000, -0.000000000000000000, 0.000000000000000000 ) ) ;
#5513 = ORIENTED_EDGE ( 'NONE', *, *, #4636, .T. ) ;
#5514 = ORIENTED_EDGE ( 'NONE', *, *, #11033, .F. ) ;
#5515 = ORIENTED_EDGE ( 'NONE', *, *, #6309, .F. ) ;
#5516 = VECTOR ( 'NONE', #2223, 39.37007874015748143 ) ;
#5517 = EDGE_CURVE ( 'NONE', #6340, #8700, #6705, .T. ) ;
#5518 = LINE ( 'NONE', #9177, #6752 ) ;
#5519 = AXIS2_PLACEMENT_3D ( 'NONE', #4520, #7999, #3673 ) ;
#5520 = ORIENTED_EDGE ( 'NONE', *, *, #806, .T. ) ;
#5521 = EDGE_CURVE ( 'NONE', #8448, #9643, #8271, .T. ) ;
#5522 = FACE_OUTER_BOUND ( 'NONE', #11294, .T. ) ;
#5523 = CARTESIAN_POINT ( 'NONE',  ( 0.6525143521240781563, 0.1771653543307086520, 0.8903666027584852261 ) ) ;
#5524 = CARTESIAN_POINT ( 'NONE',  ( -1.499667083999375317, 0.1507476349739040600, 1.651116481042756767 ) ) ;
#5525 = DIRECTION ( 'NONE',  ( 1.000000000000000000, -0.000000000000000000, 4.625929269271484928E-16 ) ) ;
#5526 = VECTOR ( 'NONE', #9898, 39.37007874015748143 ) ;
#5527 = DIRECTION ( 'NONE',  ( -1.156482317317871478E-16, 0.000000000000000000, 1.000000000000000000 ) ) ;
#5528 = EDGE_CURVE ( 'NONE', #5332, #8928, #9193, .T. ) ;
#5529 = ORIENTED_EDGE ( 'NONE', *, *, #1183, .F. ) ;
#5530 = CARTESIAN_POINT ( 'NONE',  ( 1.925302510212361318, 0.000000000000000000, -0.3004279163185862855 ) ) ;
#5531 = CARTESIAN_POINT ( 'NONE',  ( 0.8034825222998377425, 0.1507476349739041432, 0.2736182375011737555 ) ) ;
#5532 = CIRCLE ( 'NONE', #4796, 0.05511811023622041616 ) ;
#5533 =( BOUNDED_CURVE ( )  B_SPLINE_CURVE ( 3, ( #10628, #2732, #5358, #8840 ),
 .UNSPECIFIED., .F., .F. ) 
 B_SPLINE_CURVE_WITH_KNOTS ( ( 4, 4 ),
 ( 1.570796326794896558, 3.141592653589793116 ),
 .UNSPECIFIED. ) 
 CURVE ( )  GEOMETRIC_REPRESENTATION_ITEM ( )  RATIONAL_B_SPLINE_CURVE ( ( 1.000000000000000000, 0.8047378541243649375, 0.8047378541243649375, 1.000000000000000000 ) ) 
 REPRESENTATION_ITEM ( '' )  );
#5534 = CARTESIAN_POINT ( 'NONE',  ( 1.069003297613936532, 0.1968503937007874127, -1.645900357263467617 ) ) ;
#5535 = VERTEX_POINT ( 'NONE', #1524 ) ;
#5536 = CYLINDRICAL_SURFACE ( 'NONE', #617, 0.01968503937007875723 ) ;
#5537 = AXIS2_PLACEMENT_3D ( 'NONE', #2096, #3879, #2850 ) ;
#5538 = ORIENTED_EDGE ( 'NONE', *, *, #1244, .T. ) ;
#5539 = ORIENTED_EDGE ( 'NONE', *, *, #5237, .T. ) ;
#5540 = CARTESIAN_POINT ( 'NONE',  ( -1.490051820496300250, 0.1771653543307086520, 1.050950036437319657 ) ) ;
#5541 = LINE ( 'NONE', #7257, #9739 ) ;
#5542 = EDGE_CURVE ( 'NONE', #977, #5737, #7713, .T. ) ;
#5543 = EDGE_CURVE ( 'NONE', #383, #2131, #7624, .T. ) ;
#5544 = CARTESIAN_POINT ( 'NONE',  ( 0.6443605418411433305, 0.1551781507868630339, 3.345671532367592071 ) ) ;
#5545 = LINE ( 'NONE', #9031, #1934 ) ;
#5546 = ORIENTED_EDGE ( 'NONE', *, *, #1405, .T. ) ;
#5547 = CARTESIAN_POINT ( 'NONE',  ( -2.129815600023859279, 0.000000000000000000, -1.901805869074491673 ) ) ;
#5548 = AXIS2_PLACEMENT_3D ( 'NONE', #3816, #9827, #378 ) ;
#5549 = PLANE ( 'NONE',  #5641 ) ;
#5550 = VERTEX_POINT ( 'NONE', #9470 ) ;
#5551 = CYLINDRICAL_SURFACE ( 'NONE', #1467, 0.1377952755905512972 ) ;
#5552 = LINE ( 'NONE', #5494, #8479 ) ;
#5553 = VERTEX_POINT ( 'NONE', #4892 ) ;
#5554 = ORIENTED_EDGE ( 'NONE', *, *, #1597, .F. ) ;
#5555 = CARTESIAN_POINT ( 'NONE',  ( -1.518164970235317934, 0.1771653543307086520, 2.437330902711770442 ) ) ;
#5556 =( BOUNDED_CURVE ( )  B_SPLINE_CURVE ( 3, ( #537, #10899, #11171, #697 ),
 .UNSPECIFIED., .F., .F. ) 
 B_SPLINE_CURVE_WITH_KNOTS ( ( 4, 4 ),
 ( 3.141592653589793116, 3.490658503988647965 ),
 .UNSPECIFIED. ) 
 CURVE ( )  GEOMETRIC_REPRESENTATION_ITEM ( )  RATIONAL_B_SPLINE_CURVE ( ( 1.000000000000000000, 0.9898718353414726057, 0.9898718353414726057, 1.000000000000000000 ) ) 
 REPRESENTATION_ITEM ( '' )  );
#5557 = CARTESIAN_POINT ( 'NONE',  ( 0.04538125036984168997, 0.1771653543307086520, 3.944650823838894205 ) ) ;
#5558 = ORIENTED_EDGE ( 'NONE', *, *, #9176, .F. ) ;
#5559 = DIRECTION ( 'NONE',  ( 2.312964634635742957E-16, -0.000000000000000000, -1.000000000000000000 ) ) ;
#5560 = LINE ( 'NONE', #9046, #581 ) ;
#5561 = EDGE_CURVE ( 'NONE', #8230, #8493, #4259, .T. ) ;
#5562 = CARTESIAN_POINT ( 'NONE',  ( 0.000000000000000000, 0.4724409448818898127, 0.000000000000000000 ) ) ;
#5563 = ORIENTED_EDGE ( 'NONE', *, *, #2826, .T. ) ;
#5564 = ORIENTED_EDGE ( 'NONE', *, *, #6963, .T. ) ;
#5565 = VECTOR ( 'NONE', #10470, 39.37007874015748143 ) ;
#5566 = CARTESIAN_POINT ( 'NONE',  ( -1.490051820496300028, 0.1771653543307086520, 3.176934288405823370 ) ) ;
#5567 = ORIENTED_EDGE ( 'NONE', *, *, #7124, .F. ) ;
#5568 = LINE ( 'NONE', #9166, #7117 ) ;
#5569 = VERTEX_POINT ( 'NONE', #547 ) ;
#5570 = CARTESIAN_POINT ( 'NONE',  ( -0.8910725290249985608, 0.1551781507868631171, 1.810238461501450846 ) ) ;
#5571 = DIRECTION ( 'NONE',  ( 1.000000000000000000, 0.000000000000000000, 4.625929269271495775E-16 ) ) ;
#5572 = ORIENTED_EDGE ( 'NONE', *, *, #4722, .T. ) ;
#5573 = CARTESIAN_POINT ( 'NONE',  ( -1.253831348055355566, 0.1968503937007874127, -0.2020027194681933147 ) ) ;
#5574 = AXIS2_PLACEMENT_3D ( 'NONE', #4748, #1151, #8332 ) ;
#5575 = ORIENTED_EDGE ( 'NONE', *, *, #5237, .F. ) ;
#5576 = ORIENTED_EDGE ( 'NONE', *, *, #1243, .T. ) ;
#5577 = ADVANCED_FACE ( 'NONE', ( #598 ), #4944, .T. ) ;
#5578 = CARTESIAN_POINT ( 'NONE',  ( -0.7223352850632291933, 0.1507476349739040877, 3.954266087341969271 ) ) ;
#5579 = ORIENTED_EDGE ( 'NONE', *, *, #10152, .T. ) ;
#5580 = DIRECTION ( 'NONE',  ( 0.000000000000000000, 0.9396926207859080948, 0.3420201433256694346 ) ) ;
#5581 = DIRECTION ( 'NONE',  ( -1.982541115402063729E-15, 0.000000000000000000, 1.000000000000000000 ) ) ;
#5582 = ADVANCED_FACE ( 'NONE', ( #4152 ), #5910, .F. ) ;
#5583 = FACE_OUTER_BOUND ( 'NONE', #8224, .T. ) ;
#5584 = PLANE ( 'NONE',  #4075 ) ;
#5585 = VECTOR ( 'NONE', #8322, 39.37007874015748143 ) ;
#5586 = EDGE_CURVE ( 'NONE', #6400, #6701, #2497, .T. ) ;
#5587 = EDGE_CURVE ( 'NONE', #5973, #10471, #8531, .T. ) ;
#5588 = DIRECTION ( 'NONE',  ( 0.000000000000000000, 0.000000000000000000, 1.000000000000000000 ) ) ;
#5589 = ORIENTED_EDGE ( 'NONE', *, *, #8347, .T. ) ;
#5590 = CARTESIAN_POINT ( 'NONE',  ( 0.000000000000000000, 0.1574803149606299191, 3.972763973577912555 ) ) ;
#5591 = VECTOR ( 'NONE', #7943, 39.37007874015748143 ) ;
#5592 = DIRECTION ( 'NONE',  ( -1.000000000000000000, 0.000000000000000000, -0.000000000000000000 ) ) ;
#5593 = VECTOR ( 'NONE', #9461, 39.37007874015748854 ) ;
#5594 =( NAMED_UNIT ( * ) PLANE_ANGLE_UNIT ( ) SI_UNIT ( $, .RADIAN. ) );
#5595 = ORIENTED_EDGE ( 'NONE', *, *, #3611, .F. ) ;
#5596 = ADVANCED_FACE ( 'NONE', ( #5966 ), #7574, .T. ) ;
#5597 = DIRECTION ( 'NONE',  ( -2.379584353717864084E-16, 0.000000000000000000, 1.000000000000000000 ) ) ;
#5598 = CYLINDRICAL_SURFACE ( 'NONE', #4418, 0.01968503937007875723 ) ;
#5599 = CARTESIAN_POINT ( 'NONE',  ( 0.01726810063082404034, 0.1574803149606299191, 1.997025303321358305E-18 ) ) ;
#5600 = DIRECTION ( 'NONE',  ( 0.000000000000000000, 0.000000000000000000, -1.000000000000000000 ) ) ;
#5601 = FACE_OUTER_BOUND ( 'NONE', #7331, .T. ) ;
#5602 = EDGE_LOOP ( 'NONE', ( #2791, #10373, #728, #1223 ) ) ;
#5603 = VERTEX_POINT ( 'NONE', #6611 ) ;
#5604 = CARTESIAN_POINT ( 'NONE',  ( 0.000000000000000000, 0.1771653543307086520, 2.437330902711770442 ) ) ;
#5605 = CARTESIAN_POINT ( 'NONE',  ( -0.8601305606537800186, -0.2952755905511810774, -0.1075145304918145167 ) ) ;
#5606 = PLANE ( 'NONE',  #10054 ) ;
#5607 = ORIENTED_EDGE ( 'NONE', *, *, #2899, .T. ) ;
#5608 = FACE_OUTER_BOUND ( 'NONE', #10038, .T. ) ;
#5609 = EDGE_CURVE ( 'NONE', #7694, #1878, #7528, .T. ) ;
#5611 = CARTESIAN_POINT ( 'NONE',  ( -2.150469688073031627, 0.1968503937007874127, 0.3072779049789776673 ) ) ;
#5610 = CIRCLE ( 'NONE', #654, 0.09448818897637799308 ) ;
#5612 = EDGE_CURVE ( 'NONE', #3129, #7945, #3358, .T. ) ;
#5613 = CARTESIAN_POINT ( 'NONE',  ( -0.7307633954321685055, 0.1690115440477737152, 3.953078934207834294 ) ) ;
#5614 = LINE ( 'NONE', #8923, #6620 ) ;
#5615 = CARTESIAN_POINT ( 'NONE',  ( -0.7504484348022472107, 0.1771653543307086520, 0.9018978318456288834 ) ) ;
#5616 = ORIENTED_EDGE ( 'NONE', *, *, #5703, .F. ) ;
#5617 = LINE ( 'NONE', #2175, #4902 ) ;
#5618 = CARTESIAN_POINT ( 'NONE',  ( 0.8046696754339731639, 0.1690115440477737152, 2.417645863341691737 ) ) ;
#5619 = DIRECTION ( 'NONE',  ( -6.938893903907229364E-16, 0.000000000000000000, 1.000000000000000000 ) ) ;
#5620 =( BOUNDED_CURVE ( )  B_SPLINE_CURVE ( 3, ( #162, #8050, #1079, #6401 ),
 .UNSPECIFIED., .F., .T. ) 
 B_SPLINE_CURVE_WITH_KNOTS ( ( 4, 4 ),
 ( 1.570796326794896558, 3.141592653589793116 ),
 .UNSPECIFIED. ) 
 CURVE ( )  GEOMETRIC_REPRESENTATION_ITEM ( )  RATIONAL_B_SPLINE_CURVE ( ( 1.000000000000000000, 0.8047378541243649375, 0.8047378541243649375, 1.000000000000000000 ) ) 
 REPRESENTATION_ITEM ( '' )  );
#5621 = ORIENTED_EDGE ( 'NONE', *, *, #5095, .T. ) ;
#5622 = CARTESIAN_POINT ( 'NONE',  ( -0.8910725290249985608, 0.1551781507868630616, 2.417645863341692181 ) ) ;
#5623 = DIRECTION ( 'NONE',  ( -1.000000000000000000, 0.000000000000000000, -5.782411586589359857E-17 ) ) ;
#5624 = ORIENTED_EDGE ( 'NONE', *, *, #7790, .T. ) ;
#5625 = DIRECTION ( 'NONE',  ( -1.000000000000000000, 0.000000000000000000, -0.000000000000000000 ) ) ;
#5626 = ORIENTED_EDGE ( 'NONE', *, *, #6224, .F. ) ;
#5627 = ORIENTED_EDGE ( 'NONE', *, *, #10725, .F. ) ;
#5628 = CARTESIAN_POINT ( 'NONE',  ( -2.129815600023858835, 0.000000000000000000, 0.2952514739630049956 ) ) ;
#5629 = ORIENTED_EDGE ( 'NONE', *, *, #5213, .T. ) ;
#5630 = DIRECTION ( 'NONE',  ( -2.312964634635742957E-16, 0.000000000000000000, 1.000000000000000000 ) ) ;
#5631 = LINE ( 'NONE', #6435, #8873 ) ;
#5632 = EDGE_CURVE ( 'NONE', #4737, #332, #3133, .T. ) ;
#5633 = CARTESIAN_POINT ( 'NONE',  ( 6.568220433224385909E-16, 0.5905511811023621549, 4.259611453760153488 ) ) ;
#5634 = CARTESIAN_POINT ( 'NONE',  ( 0.03695314000090243328, 0.1574803149606299191, 3.185362398774762571 ) ) ;
#5635 = FACE_BOUND ( 'NONE', #5248, .T. ) ;
#5636 = VECTOR ( 'NONE', #3045, 39.37007874015748143 ) ;
#5637 = DIRECTION ( 'NONE',  ( -0.3236155771181852825, 0.8891264907159880382, 0.3236155771181852825 ) ) ;
#5638 = ORIENTED_EDGE ( 'NONE', *, *, #7530, .T. ) ;
#5639 = ADVANCED_FACE ( 'NONE', ( #6665 ), #11067, .T. ) ;
#5640 = CARTESIAN_POINT ( 'NONE',  ( -0.7223352850632289712, 0.000000000000000000, 0.9864671209177166000 ) ) ;
#5641 = AXIS2_PLACEMENT_3D ( 'NONE', #2874, #8052, #448 ) ;
#5642 = CARTESIAN_POINT ( 'NONE',  ( 1.462704085015511746, 0.4724409448818898127, 4.013548461634169229 ) ) ;
#5643 = AXIS2_PLACEMENT_3D ( 'NONE', #6026, #9537, #5803 ) ;
#5644 = ADVANCED_FACE ( 'NONE', ( #1060 ), #1927, .F. ) ;
#5645 = CARTESIAN_POINT ( 'NONE',  ( 0.6640455812112221468, 0.1771653543307086520, 2.437330902711770886 ) ) ;
#5646 = ORIENTED_EDGE ( 'NONE', *, *, #2230, .T. ) ;
#5647 = FACE_OUTER_BOUND ( 'NONE', #9097, .T. ) ;
#5648 = ORIENTED_EDGE ( 'NONE', *, *, #8312, .F. ) ;
#5649 = DIRECTION ( 'NONE',  ( -9.251858538542930412E-16, 0.000000000000000000, -1.000000000000000000 ) ) ;
#5650 = FACE_OUTER_BOUND ( 'NONE', #2462, .T. ) ;
#5651 = VECTOR ( 'NONE', #9954, 39.37007874015748143 ) ;
#5652 = CARTESIAN_POINT ( 'NONE',  ( 0.6455476949752789739, 0.1507476349739040600, 3.344484379233456650 ) ) ;
#5653 = EDGE_LOOP ( 'NONE', ( #1008, #7620, #1226, #7847 ) ) ;
#5654 = CARTESIAN_POINT ( 'NONE',  ( 2.082782825172992958, 0.4724409448818899238, -0.3988531131689802001 ) ) ;
#5655 = EDGE_CURVE ( 'NONE', #10199, #5820, #10386, .T. ) ;
#5656 = CARTESIAN_POINT ( 'NONE',  ( -0.1233559935919277539, 0.1690115440477735764, 3.185362398774763015 ) ) ;
#5657 = LINE ( 'NONE', #2877, #9327 ) ;
#5658 = VERTEX_POINT ( 'NONE', #3528 ) ;
#5659 = EDGE_CURVE ( 'NONE', #10001, #1058, #7888, .T. ) ;
#5660 = VECTOR ( 'NONE', #6282, 39.37007874015748143 ) ;
#5661 = VECTOR ( 'NONE', #4479, 39.37007874015748143 ) ;
#5662 = CARTESIAN_POINT ( 'NONE',  ( 1.925302510212361318, 0.000000000000000000, -1.878183821830397449 ) ) ;
#5663 = DIRECTION ( 'NONE',  ( 0.000000000000000000, 0.000000000000000000, 1.000000000000000000 ) ) ;
#5664 = CARTESIAN_POINT ( 'NONE',  ( -1.253831348055355566, 0.1968503937007873017, -0.2020027194681933147 ) ) ;
#5665 = CARTESIAN_POINT ( 'NONE',  ( 0.8042699088205081948, 0.1529109616598305077, 1.809838694887985877 ) ) ;
#5667 = VERTEX_POINT ( 'NONE', #7850 ) ;
#5666 = PLANE ( 'NONE',  #636 ) ;
#5668 = VECTOR ( 'NONE', #7913, 39.37007874015748143 ) ;
#5669 = ADVANCED_FACE ( 'NONE', ( #5409 ), #1807, .T. ) ;
#5670 = VECTOR ( 'NONE', #6871, 39.37007874015748143 ) ;
#5671 = DIRECTION ( 'NONE',  ( 4.606734542013097089E-16, 0.000000000000000000, 1.000000000000000000 ) ) ;
#5672 = CARTESIAN_POINT ( 'NONE',  ( 1.925302510212362650, 0.4724409448818898127, -1.685270436003625694 ) ) ;
#5673 = EDGE_LOOP ( 'NONE', ( #1680, #1095, #8953, #10067 ) ) ;
#5674 = CARTESIAN_POINT ( 'NONE',  ( -0.7504484348022475437, 0.1574803149606299191, 0.000000000000000000 ) ) ;
#5675 = ORIENTED_EDGE ( 'NONE', *, *, #9994, .F. ) ;
#5676 = CARTESIAN_POINT ( 'NONE',  ( -0.8713874896549199667, 0.1771653543307086520, 3.205047438144841276 ) ) ;
#5677 = EDGE_LOOP ( 'NONE', ( #8555, #10850, #1827, #2299 ) ) ;
#5678 = DIRECTION ( 'NONE',  ( -1.000000000000000000, -0.000000000000000000, -4.625929269271482956E-16 ) ) ;
#5679 = VECTOR ( 'NONE', #8353, 39.37007874015748143 ) ;
#5680 = EDGE_LOOP ( 'NONE', ( #5495, #1376, #7911, #7581 ) ) ;
#5681 = VERTEX_POINT ( 'NONE', #2785 ) ;
#5682 = VECTOR ( 'NONE', #11199, 39.37007874015748143 ) ;
#5683 = ADVANCED_FACE ( 'NONE', ( #3467 ), #3415, .T. ) ;
#5684 = CARTESIAN_POINT ( 'NONE',  ( 1.925302510212361318, 0.1968503937007874127, -1.508105081672917125 ) ) ;
#5685 = ORIENTED_EDGE ( 'NONE', *, *, #1613, .F. ) ;
#5686 = AXIS2_PLACEMENT_3D ( 'NONE', #8143, #8022, #6434 ) ;
#5687 = EDGE_LOOP ( 'NONE', ( #8167, #2930, #2835, #4647 ) ) ;
#5688 = FACE_OUTER_BOUND ( 'NONE', #1765, .T. ) ;
#5689 = CARTESIAN_POINT ( 'NONE',  ( -2.011705363803387048, 0.000000000000000000, -1.882120829704413412 ) ) ;
#5690 = LINE ( 'NONE', #1409, #5189 ) ;
#5691 = VECTOR ( 'NONE', #9396, 39.37007874015748143 ) ;
#5692 = CARTESIAN_POINT ( 'NONE',  ( 0.8042699088205084168, 0.1529109616598304799, 2.418045629955156262 ) ) ;
#5693 = CARTESIAN_POINT ( 'NONE',  ( -1.499667083999375095, 0.1507476349739041155, 2.418833016475827602 ) ) ;
#5694 = VECTOR ( 'NONE', #5999, 39.37007874015748854 ) ;
#5695 = ORIENTED_EDGE ( 'NONE', *, *, #5324, .F. ) ;
#5696 =( BOUNDED_CURVE ( )  B_SPLINE_CURVE ( 3, ( #3634, #2659, #1751, #6130 ),
 .UNSPECIFIED., .F., .F. ) 
 B_SPLINE_CURVE_WITH_KNOTS ( ( 4, 4 ),
 ( 3.141592653589793116, 3.490658503988655514 ),
 .UNSPECIFIED. ) 
 CURVE ( )  GEOMETRIC_REPRESENTATION_ITEM ( )  RATIONAL_B_SPLINE_CURVE ( ( 1.000000000000000000, 0.9898718353414721616, 0.9898718353414721616, 1.000000000000000000 ) ) 
 REPRESENTATION_ITEM ( '' )  );
#5697 = CARTESIAN_POINT ( 'NONE',  ( 1.944987549582441355, 0.1968503937007874127, -0.005152325767405393706 ) ) ;
#5698 =( GEOMETRIC_REPRESENTATION_CONTEXT ( 3 ) GLOBAL_UNCERTAINTY_ASSIGNED_CONTEXT ( ( #2073 ) ) GLOBAL_UNIT_ASSIGNED_CONTEXT ( ( #329, #5594, #3710 ) ) REPRESENTATION_CONTEXT ( 'NONE', 'WORKASPACE' ) );
#5699 = CARTESIAN_POINT ( 'NONE',  ( 2.082782825172992514, 0.1968503937007874127, 0.1326429498231457837 ) ) ;
#5700 = APPLICATION_PROTOCOL_DEFINITION ( 'draft international standard', 'automotive_design', 1998, #4667 ) ;
#5701 = ORIENTED_EDGE ( 'NONE', *, *, #1140, .T. ) ;
#5702 = CARTESIAN_POINT ( 'NONE',  ( -0.7223352850632291933, 0.1771653543307086520, 0.8737846821066108660 ) ) ;
#5703 = EDGE_CURVE ( 'NONE', #4788, #1965, #9535, .T. ) ;
#5704 = ORIENTED_EDGE ( 'NONE', *, *, #9471, .T. ) ;
#5705 = CARTESIAN_POINT ( 'NONE',  ( 0.000000000000000000, 0.1574803149606299191, 3.972763973577912555 ) ) ;
#5706 = CARTESIAN_POINT ( 'NONE',  ( -0.7319505485663042599, 0.1507476349739041155, 1.641501217539681701 ) ) ;
#5707 = ORIENTED_EDGE ( 'NONE', *, *, #7402, .F. ) ;
#5708 = ADVANCED_FACE ( 'NONE', ( #7740 ), #1000, .T. ) ;
#5709 = DIRECTION ( 'NONE',  ( -1.000000000000000000, 0.000000000000000000, 0.000000000000000000 ) ) ;
#5710 = CARTESIAN_POINT ( 'NONE',  ( 0.8046696754339736080, 0.1690115440477737152, 1.042521926068380456 ) ) ;
#5711 = DIRECTION ( 'NONE',  ( 0.000000000000000000, 0.000000000000000000, -1.000000000000000000 ) ) ;
#5712 = AXIS2_PLACEMENT_3D ( 'NONE', #8652, #8474, #3357 ) ;
#5713 = LINE ( 'NONE', #10117, #3644 ) ;
#5714 = DIRECTION ( 'NONE',  ( 0.000000000000000000, 0.000000000000000000, 1.000000000000000000 ) ) ;
#5715 = CARTESIAN_POINT ( 'NONE',  ( -0.7307633954321685055, 0.1574803149606299191, 0.8822127924755500672 ) ) ;
#5716 = CARTESIAN_POINT ( 'NONE',  ( 1.431762116644293092, 0.1574803149606299191, 0.000000000000000000 ) ) ;
#5717 = ORIENTED_EDGE ( 'NONE', *, *, #9251, .F. ) ;
#5718 = EDGE_LOOP ( 'NONE', ( #2071, #3867, #1040, #10597 ) ) ;
#5719 = DIRECTION ( 'NONE',  ( -1.000000000000000000, 0.000000000000000000, -0.000000000000000000 ) ) ;
#5720 = EDGE_CURVE ( 'NONE', #2209, #2514, #922, .T. ) ;
#5721 = CARTESIAN_POINT ( 'NONE',  ( 1.069003297613936532, 0.1968503937007874127, 0.000000000000000000 ) ) ;
#5722 = AXIS2_PLACEMENT_3D ( 'NONE', #2378, #5754, #7686 ) ;
#5723 = CARTESIAN_POINT ( 'NONE',  ( -1.518164970235317712, 0.1771653543307086520, 0.2551203512652306382 ) ) ;
#5724 = ORIENTED_EDGE ( 'NONE', *, *, #6618, .F. ) ;
#5725 = EDGE_CURVE ( 'NONE', #5881, #1144, #6025, .T. ) ;
#5726 = FACE_OUTER_BOUND ( 'NONE', #8136, .T. ) ;
#5727 = CARTESIAN_POINT ( 'NONE',  ( 0.04538125036984175242, 0.1771653543307086520, 1.818666571870390269 ) ) ;
#5728 = ORIENTED_EDGE ( 'NONE', *, *, #5967, .F. ) ;
#5729 = DIRECTION ( 'NONE',  ( 0.000000000000000000, -0.9396926207859080948, 0.3420201433256694346 ) ) ;
#5730 = VERTEX_POINT ( 'NONE', #4318 ) ;
#5731 = DIRECTION ( 'NONE',  ( 0.000000000000000000, -1.000000000000000000, 0.000000000000000000 ) ) ;
#5732 = CYLINDRICAL_SURFACE ( 'NONE', #2449, 0.01968503937007875723 ) ;
#5733 = CARTESIAN_POINT ( 'NONE',  ( -1.127492036175426744E-15, 0.1771653543307086520, 2.437330902711770886 ) ) ;
#5734 = ADVANCED_FACE ( 'NONE', ( #7795 ), #6078, .F. ) ;
#5735 = VERTEX_POINT ( 'NONE', #9587 ) ;
#5736 = CARTESIAN_POINT ( 'NONE',  ( 1.728452116511573600, 0.1968503937007874127, 4.112997612601467148E-16 ) ) ;
#5737 = VERTEX_POINT ( 'NONE', #3581 ) ;
#5738 = CARTESIAN_POINT ( 'NONE',  ( 1.559627917323826551, 0.1968503937007874127, -0.005152325767405393706 ) ) ;
#5739 = VECTOR ( 'NONE', #5719, 39.37007874015748143 ) ;
#5740 = CARTESIAN_POINT ( 'NONE',  ( 0.03576598686676681765, 0.1507476349739041432, 2.576767843800386260 ) ) ;
#5741 = EDGE_CURVE ( 'NONE', #392, #2891, #1754, .T. ) ;
#5742 = CYLINDRICAL_SURFACE ( 'NONE', #2849, 0.1377952755905512972 ) ;
#5743 = ADVANCED_FACE ( 'NONE', ( #7126 ), #7064, .T. ) ;
#5744 = CARTESIAN_POINT ( 'NONE',  ( 1.944987549582441355, 0.5905511811023621549, 0.2379405998475863648 ) ) ;
#5745 = AXIS2_PLACEMENT_3D ( 'NONE', #10787, #259, #5405 ) ;
#5746 = CARTESIAN_POINT ( 'NONE',  ( 0.03695314000090250267, 0.1574803149606299191, 0.2748053906353094544 ) ) ;
#5747 = CARTESIAN_POINT ( 'NONE',  ( 2.082782825172992514, 0.4724409448818898127, -1.626215317893389356 ) ) ;
#5748 = CARTESIAN_POINT ( 'NONE',  ( -1.518164970235317934, 0.1574803149606299191, 0.000000000000000000 ) ) ;
#5749 = ORIENTED_EDGE ( 'NONE', *, *, #1340, .T. ) ;
#5750 = DIRECTION ( 'NONE',  ( 0.000000000000000000, -0.000000000000000000, -1.000000000000000000 ) ) ;
#5751 = VECTOR ( 'NONE', #1388, 39.37007874015748143 ) ;
#5752 = ORIENTED_EDGE ( 'NONE', *, *, #495, .T. ) ;
#5753 = DIRECTION ( 'NONE',  ( 0.000000000000000000, 0.000000000000000000, -1.000000000000000000 ) ) ;
#5754 = DIRECTION ( 'NONE',  ( 0.000000000000000000, 1.000000000000000000, -0.000000000000000000 ) ) ;
#5755 = ORIENTED_EDGE ( 'NONE', *, *, #10076, .T. ) ;
#5756 =( BOUNDED_CURVE ( )  B_SPLINE_CURVE ( 3, ( #10164, #10904, #9305, #8273 ),
 .UNSPECIFIED., .F., .T. ) 
 B_SPLINE_CURVE_WITH_KNOTS ( ( 4, 4 ),
 ( 3.141592653589793116, 3.490658503988663952 ),
 .UNSPECIFIED. ) 
 CURVE ( )  GEOMETRIC_REPRESENTATION_ITEM ( )  RATIONAL_B_SPLINE_CURVE ( ( 1.000000000000000000, 0.9898718353414717175, 0.9898718353414717175, 1.000000000000000000 ) ) 
 REPRESENTATION_ITEM ( '' )  );
#5757 = CARTESIAN_POINT ( 'NONE',  ( -1.506633741148173833, 0.1771653543307086520, 3.337517722084657912 ) ) ;
#5758 = AXIS2_PLACEMENT_3D ( 'NONE', #7677, #6658, #3350 ) ;
#5759 = LINE ( 'NONE', #9259, #10043 ) ;
#5760 = DIRECTION ( 'NONE',  ( 1.156482317317871528E-15, -0.000000000000000000, -1.000000000000000000 ) ) ;
#5761 = CARTESIAN_POINT ( 'NONE',  ( 1.697423192914377932, 2.287311901041906737, -0.005152325767405393706 ) ) ;
#5762 = ORIENTED_EDGE ( 'NONE', *, *, #9590, .T. ) ;
#5763 = ORIENTED_EDGE ( 'NONE', *, *, #9983, .T. ) ;
#5764 = DIRECTION ( 'NONE',  ( 0.000000000000000000, -1.000000000000000000, 0.000000000000000000 ) ) ;
#5765 = EDGE_CURVE ( 'NONE', #4324, #4610, #1870, .T. ) ;
#5766 = VECTOR ( 'NONE', #8115, 39.37007874015748143 ) ;
#5767 = DIRECTION ( 'NONE',  ( -0.9396926207859080948, 0.3420201433256694346, -1.086737899652990705E-15 ) ) ;
#5768 = CARTESIAN_POINT ( 'NONE',  ( 1.462704085015511524, 0.000000000000000000, 4.013548461634169229 ) ) ;
#5769 = CARTESIAN_POINT ( 'NONE',  ( 1.431762116644293092, 0.1771653543307086520, 2.558269957564442976 ) ) ;
#5770 = ORIENTED_EDGE ( 'NONE', *, *, #9559, .T. ) ;
#5771 = DIRECTION ( 'NONE',  ( 8.788338571682102257E-17, 0.000000000000000000, 1.000000000000000000 ) ) ;
#5772 = DIRECTION ( 'NONE',  ( 0.000000000000000000, 0.000000000000000000, 1.000000000000000000 ) ) ;
#5773 = ORIENTED_EDGE ( 'NONE', *, *, #10824, .F. ) ;
#5774 = ADVANCED_FACE ( 'NONE', ( #4490 ), #7974, .T. ) ;
#5775 = FACE_OUTER_BOUND ( 'NONE', #4286, .T. ) ;
#5776 = VERTEX_POINT ( 'NONE', #203 ) ;
#5777 = CARTESIAN_POINT ( 'NONE',  ( -0.8829187187420638461, 0.1771653543307086798, 3.193516209057697619 ) ) ;
#5778 = DIRECTION ( 'NONE',  ( -0.000000000000000000, 1.000000000000000000, -0.000000000000000000 ) ) ;
#5779 = EDGE_CURVE ( 'NONE', #10120, #9078, #8811, .T. ) ;
#5780 = ORIENTED_EDGE ( 'NONE', *, *, #4325, .T. ) ;
#5781 = ADVANCED_FACE ( 'NONE', ( #8207 ), #9016, .T. ) ;
#5782 = CARTESIAN_POINT ( 'NONE',  ( 1.492231644070629581, 0.1968503937007874127, 3.924965784468814611 ) ) ;
#5783 = ORIENTED_EDGE ( 'NONE', *, *, #6196, .T. ) ;
#5784 = DIRECTION ( 'NONE',  ( -0.000000000000000000, -0.000000000000000000, -1.000000000000000000 ) ) ;
#5785 = ORIENTED_EDGE ( 'NONE', *, *, #255, .F. ) ;
#5786 = ADVANCED_FACE ( 'NONE', ( #6549 ), #7356, .T. ) ;
#5787 = VERTEX_POINT ( 'NONE', #6440 ) ;
#5788 = DIRECTION ( 'NONE',  ( -1.000000000000000000, 0.000000000000000000, 1.284980352575412206E-16 ) ) ;
#5789 = ADVANCED_FACE ( 'NONE', ( #10896 ), #10734, .F. ) ;
#5790 = FACE_OUTER_BOUND ( 'NONE', #6132, .T. ) ;
#5791 = LINE ( 'NONE', #9293, #7381 ) ;
#5792 = EDGE_CURVE ( 'NONE', #9178, #7079, #3704, .T. ) ;
#5793 = CARTESIAN_POINT ( 'NONE',  ( -1.490051820496300028, 0.000000000000000000, 0.9382675976262138118 ) ) ;
#5794 = CARTESIAN_POINT ( 'NONE',  ( -1.253831348055355566, 2.287311901041906737, -0.1035775226177996777 ) ) ;
#5795 = CARTESIAN_POINT ( 'NONE',  ( -0.8910725290249982278, 0.1574803149606299191, 3.345671532367592516 ) ) ;
#5796 = DIRECTION ( 'NONE',  ( 0.000000000000000000, 0.000000000000000000, 1.000000000000000000 ) ) ;
#5797 = ORIENTED_EDGE ( 'NONE', *, *, #7272, .T. ) ;
#5798 = DIRECTION ( 'NONE',  ( 0.000000000000000000, 0.000000000000000000, -1.000000000000000000 ) ) ;
#5799 = ORIENTED_EDGE ( 'NONE', *, *, #11155, .T. ) ;
#5800 = ORIENTED_EDGE ( 'NONE', *, *, #9567, .F. ) ;
#5801 = CARTESIAN_POINT ( 'NONE',  ( -1.490051820496299806, 0.1771653543307086520, 2.586383107303460882 ) ) ;
#5802 = CARTESIAN_POINT ( 'NONE',  ( 1.925302510212361318, 0.000000000000000000, -0.2020027194681925098 ) ) ;
#5803 = DIRECTION ( 'NONE',  ( 0.000000000000000000, 0.000000000000000000, -1.000000000000000000 ) ) ;
#5804 = EDGE_CURVE ( 'NONE', #2241, #9303, #10789, .T. ) ;
#5805 = VECTOR ( 'NONE', #8223, 39.37007874015748143 ) ;
#5806 = DIRECTION ( 'NONE',  ( -0.000000000000000000, 1.000000000000000000, -0.000000000000000000 ) ) ;
#5807 = FACE_OUTER_BOUND ( 'NONE', #3206, .T. ) ;
#5808 = EDGE_LOOP ( 'NONE', ( #5864, #4657, #4966, #8934 ) ) ;
#5809 = VERTEX_POINT ( 'NONE', #5693 ) ;
#5810 = FACE_BOUND ( 'NONE', #4443, .T. ) ;
#5811 = ORIENTED_EDGE ( 'NONE', *, *, #6263, .T. ) ;
#5812 = VECTOR ( 'NONE', #3376, 39.37007874015748143 ) ;
#5813 = VECTOR ( 'NONE', #2113, 39.37007874015748143 ) ;
#5814 = LINE ( 'NONE', #8233, #1869 ) ;
#5815 = CARTESIAN_POINT ( 'NONE',  ( 1.925302510212361318, -0.2952755905511810774, -1.783695632854019442 ) ) ;
#5816 = DIRECTION ( 'NONE',  ( 0.000000000000000000, -1.000000000000000000, 0.000000000000000000 ) ) ;
#5817 = CARTESIAN_POINT ( 'NONE',  ( -1.549106938606535477, 0.000000000000000000, 4.013548461634169229 ) ) ;
#5818 = ORIENTED_EDGE ( 'NONE', *, *, #8062, .T. ) ;
#5819 = ORIENTED_EDGE ( 'NONE', *, *, #3219, .T. ) ;
#5820 = VERTEX_POINT ( 'NONE', #5467 ) ;
#5821 = EDGE_CURVE ( 'NONE', #6340, #10992, #2971, .T. ) ;
#5822 = EDGE_CURVE ( 'NONE', #11054, #1389, #1237, .T. ) ;
#5823 = CARTESIAN_POINT ( 'NONE',  ( -0.8713874896549195226, 0.1574803149606299191, -2.015488446635848950E-16 ) ) ;
#5824 = LINE ( 'NONE', #2342, #4477 ) ;
#5825 = ORIENTED_EDGE ( 'NONE', *, *, #2601, .T. ) ;
#5826 = AXIS2_PLACEMENT_3D ( 'NONE', #269, #1297, #9949 ) ;
#5827 = DIRECTION ( 'NONE',  ( 0.000000000000000000, 0.9396926207859080948, 0.3420201433256694346 ) ) ;
#5828 = VERTEX_POINT ( 'NONE', #9187 ) ;
#5829 = LINE ( 'NONE', #4970, #982 ) ;
#5830 = LINE ( 'NONE', #738, #88 ) ;
#5831 = AXIS2_PLACEMENT_3D ( 'NONE', #3158, #1219, #8187 ) ;
#5832 = EDGE_CURVE ( 'NONE', #2918, #4788, #433, .T. ) ;
#5833 = AXIS2_PLACEMENT_3D ( 'NONE', #10713, #6355, #9860 ) ;
#5834 = EDGE_CURVE ( 'NONE', #6749, #9530, #4549, .T. ) ;
#5835 = DIRECTION ( 'NONE',  ( 0.000000000000000000, 0.000000000000000000, -1.000000000000000000 ) ) ;
#5836 = EDGE_LOOP ( 'NONE', ( #8719, #10395, #967, #6889 ) ) ;
#5837 = DIRECTION ( 'NONE',  ( 1.000000000000000000, 0.000000000000000000, -1.228122814850837064E-16 ) ) ;
#5838 = VECTOR ( 'NONE', #10625, 39.37007874015748143 ) ;
#5839 = CARTESIAN_POINT ( 'NONE',  ( 1.412077077274214387, 0.1690115440477737152, 3.185362398774763015 ) ) ;
#5840 = DIRECTION ( 'NONE',  ( 0.000000000000000000, 0.000000000000000000, 1.000000000000000000 ) ) ;
#5841 = EDGE_CURVE ( 'NONE', #10162, #9862, #3762, .T. ) ;
#5842 = CARTESIAN_POINT ( 'NONE',  ( -0.1317841039608670384, 0.1771653543307086520, 3.176934288405823370 ) ) ;
#5843 = AXIS2_PLACEMENT_3D ( 'NONE', #5898, #8522, #3349 ) ;
#5844 = ORIENTED_EDGE ( 'NONE', *, *, #5138, .T. ) ;
#5845 = EDGE_CURVE ( 'NONE', #8869, #392, #6323, .T. ) ;
#5846 = CARTESIAN_POINT ( 'NONE',  ( 1.462704085015511524, -0.2952755905511810774, 4.068666571870389603 ) ) ;
#5847 = CARTESIAN_POINT ( 'NONE',  ( -0.1233559935919277400, 0.1551781507868630616, 1.649929327908620902 ) ) ;
#5848 = CYLINDRICAL_SURFACE ( 'NONE', #824, 0.09842519685039365085 ) ;
#5849 = ORIENTED_EDGE ( 'NONE', *, *, #2561, .F. ) ;
#5850 = LINE ( 'NONE', #4310, #9997 ) ;
#5851 = CIRCLE ( 'NONE', #10974, 0.1377952755905511584 ) ;
#5852 = CARTESIAN_POINT ( 'NONE',  ( 0.03576598686676674826, 0.1507476349739041432, 0.8737846821066108660 ) ) ;
#5853 = ORIENTED_EDGE ( 'NONE', *, *, #10048, .T. ) ;
#5854 = EDGE_CURVE ( 'NONE', #4809, #7694, #10843, .T. ) ;
#5855 = ORIENTED_EDGE ( 'NONE', *, *, #1295, .F. ) ;
#5856 = CARTESIAN_POINT ( 'NONE',  ( 0.01726810063082374544, 0.1771653543307086520, 0.2551203512652306937 ) ) ;
#5857 = DIRECTION ( 'NONE',  ( 0.000000000000000000, 0.000000000000000000, -1.000000000000000000 ) ) ;
#5858 = CARTESIAN_POINT ( 'NONE',  ( 1.728452116511574488, 0.000000000000000000, 1.147199780013995030 ) ) ;
#5859 = VECTOR ( 'NONE', #4616, 39.37007874015748143 ) ;
#5860 = CARTESIAN_POINT ( 'NONE',  ( 7.723517969990728215E-16, 0.1771653543307086520, 1.669614367278700051 ) ) ;
#5861 = CARTESIAN_POINT ( 'NONE',  ( -0.06730118844126403710, 0.000000000000000000, 0.9864671209177166000 ) ) ;
#5862 = CARTESIAN_POINT ( 'NONE',  ( 0.8046696754339736080, 0.1690115440477737152, 0.2748053906353093989 ) ) ;
#5863 = EDGE_LOOP ( 'NONE', ( #7495, #7953, #9063, #6798 ) ) ;
#5864 = ORIENTED_EDGE ( 'NONE', *, *, #5432, .F. ) ;
#5865 = PLANE ( 'NONE',  #7739 ) ;
#5866 = ORIENTED_EDGE ( 'NONE', *, *, #4407, .F. ) ;
#5867 = EDGE_CURVE ( 'NONE', #2683, #7710, #2148, .T. ) ;
#5868 = DIRECTION ( 'NONE',  ( 0.000000000000000000, 0.000000000000000000, 1.000000000000000000 ) ) ;
#5869 = EDGE_CURVE ( 'NONE', #4646, #6116, #9127, .T. ) ;
#5870 = ORIENTED_EDGE ( 'NONE', *, *, #8360, .F. ) ;
#5871 = CARTESIAN_POINT ( 'NONE',  ( 1.413264230408350031, 0.1507476349739040322, 1.651116481042756545 ) ) ;
#5872 = PRESENTATION_STYLE_ASSIGNMENT (( #2393 ) ) ;
#5873 = CARTESIAN_POINT ( 'NONE',  ( -1.398747477569602271, 0.4724409448818898127, 4.062761060059365548 ) ) ;
#5874 = ORIENTED_EDGE ( 'NONE', *, *, #6206, .T. ) ;
#5875 = EDGE_LOOP ( 'NONE', ( #7672, #4025, #1981, #10565 ) ) ;
#5876 = CARTESIAN_POINT ( 'NONE',  ( 0.03576598686676674826, 0.1507476349739041432, 2.409217752972752535 ) ) ;
#5877 = CARTESIAN_POINT ( 'NONE',  ( 0.7849846360638953469, 0.1574803149606299191, 1.815641701948199236E-16 ) ) ;
#5878 = ORIENTED_EDGE ( 'NONE', *, *, #8476, .F. ) ;
#5879 = LINE ( 'NONE', #6745, #3854 ) ;
#5880 = CARTESIAN_POINT ( 'NONE',  ( 0.05522377005488087603, 0.1968503937007874127, -0.1429476013579570881 ) ) ;
#5881 = VERTEX_POINT ( 'NONE', #9131 ) ;
#5882 = LINE ( 'NONE', #4179, #3368 ) ;
#5883 = FACE_OUTER_BOUND ( 'NONE', #5718, .T. ) ;
#5884 = PLANE ( 'NONE',  #9186 ) ;
#5885 = CARTESIAN_POINT ( 'NONE',  ( -0.7311631620456330305, 0.1529109616598305077, 3.185762165388227540 ) ) ;
#5886 = VECTOR ( 'NONE', #8459, 39.37007874015748143 ) ;
#5887 = VERTEX_POINT ( 'NONE', #9886 ) ;
#5888 = CARTESIAN_POINT ( 'NONE',  ( -0.8910725290249985608, 0.1690115440477737152, 2.577954996934521681 ) ) ;
#5889 = DIRECTION ( 'NONE',  ( -1.000000000000000000, 0.000000000000000000, 0.000000000000000000 ) ) ;
#5890 =( BOUNDED_CURVE ( )  B_SPLINE_CURVE ( 3, ( #4508, #4568, #6279, #9783 ),
 .UNSPECIFIED., .F., .T. ) 
 B_SPLINE_CURVE_WITH_KNOTS ( ( 4, 4 ),
 ( 0.000000000000000000, 1.570796326794896780 ),
 .UNSPECIFIED. ) 
 CURVE ( )  GEOMETRIC_REPRESENTATION_ITEM ( )  RATIONAL_B_SPLINE_CURVE ( ( 1.000000000000000000, 0.8047378541243649375, 0.8047378541243649375, 1.000000000000000000 ) ) 
 REPRESENTATION_ITEM ( '' )  );
#5891 = EDGE_CURVE ( 'NONE', #4061, #5217, #8151, .T. ) ;
#5892 = ORIENTED_EDGE ( 'NONE', *, *, #10886, .T. ) ;
#5893 = FACE_OUTER_BOUND ( 'NONE', #3966, .T. ) ;
#5894 = ORIENTED_EDGE ( 'NONE', *, *, #3331, .F. ) ;
#5895 = DIRECTION ( 'NONE',  ( -1.000000000000000000, 0.000000000000000000, 0.000000000000000000 ) ) ;
#5896 = LINE ( 'NONE', #5793, #10779 ) ;
#5897 = EDGE_CURVE ( 'NONE', #214, #9709, #6761, .T. ) ;
#5898 = CARTESIAN_POINT ( 'NONE',  ( -2.011705363803387048, 0.000000000000000000, -1.783695632854019442 ) ) ;
#5899 = CARTESIAN_POINT ( 'NONE',  ( -0.1936307821617741232, 0.3470877061559770049, 1.112796714638226714 ) ) ;
#5900 = DIRECTION ( 'NONE',  ( 1.000000000000000000, 0.000000000000000000, 0.000000000000000000 ) ) ;
#5901 = VERTEX_POINT ( 'NONE', #1458 ) ;
#5902 = LINE ( 'NONE', #3462, #5418 ) ;
#5903 = LINE ( 'NONE', #1419, #5003 ) ;
#5904 = ADVANCED_FACE ( 'NONE', ( #584 ), #11166, .F. ) ;
#5905 = ORIENTED_EDGE ( 'NONE', *, *, #9488, .F. ) ;
#5906 = ORIENTED_EDGE ( 'NONE', *, *, #438, .T. ) ;
#5907 = EDGE_CURVE ( 'NONE', #8940, #2841, #4139, .T. ) ;
#5908 = LINE ( 'NONE', #1696, #9935 ) ;
#5909 = VECTOR ( 'NONE', #7213, 39.37007874015748143 ) ;
#5910 = PLANE ( 'NONE',  #10475 ) ;
#5911 = CARTESIAN_POINT ( 'NONE',  ( 0.6640455812112220357, 0.1574803149606299191, 0.000000000000000000 ) ) ;
#5912 =( BOUNDED_CURVE ( )  B_SPLINE_CURVE ( 3, ( #2263, #1571, #10951, #7563 ),
 .UNSPECIFIED., .F., .F. ) 
 B_SPLINE_CURVE_WITH_KNOTS ( ( 4, 4 ),
 ( 1.570796326794893227, 3.141592653589793116 ),
 .UNSPECIFIED. ) 
 CURVE ( )  GEOMETRIC_REPRESENTATION_ITEM ( )  RATIONAL_B_SPLINE_CURVE ( ( 1.000000000000000000, 0.8047378541243641603, 0.8047378541243641603, 1.000000000000000000 ) ) 
 REPRESENTATION_ITEM ( '' )  );
#5913 = DIRECTION ( 'NONE',  ( 0.9701425001453318764, 0.000000000000000000, -0.2425356250363331356 ) ) ;
#5914 = ADVANCED_FACE ( 'NONE', ( #10261 ), #638, .F. ) ;
#5915 = CARTESIAN_POINT ( 'NONE',  ( 0.7849846360638946807, 0.1771653543307086520, 3.972763973577912555 ) ) ;
#5916 = AXIS2_PLACEMENT_3D ( 'NONE', #8468, #11118, #648 ) ;
#5917 = PLANE ( 'NONE',  #2404 ) ;
#5918 = ORIENTED_EDGE ( 'NONE', *, *, #2616, .T. ) ;
#5919 = ORIENTED_EDGE ( 'NONE', *, *, #4200, .T. ) ;
#5920 = CARTESIAN_POINT ( 'NONE',  ( 0.7849846360638946807, 0.1771653543307086520, 0.9018978318456289944 ) ) ;
#5921 = ORIENTED_EDGE ( 'NONE', *, *, #5792, .F. ) ;
#5922 = CARTESIAN_POINT ( 'NONE',  ( 1.403648966905274964, 0.1771653543307086520, 1.641501217539681479 ) ) ;
#5923 = DIRECTION ( 'NONE',  ( 1.000000000000000000, 0.000000000000000000, 2.312964634635747887E-16 ) ) ;
#5924 = CYLINDRICAL_SURFACE ( 'NONE', #950, 0.01968503937007873988 ) ;
#5925 = VECTOR ( 'NONE', #1552, 39.37007874015748143 ) ;
#5926 = VECTOR ( 'NONE', #1557, 39.37007874015748143 ) ;
#5927 = DIRECTION ( 'NONE',  ( -1.000000000000000000, 0.000000000000000000, -1.156482317317872218E-16 ) ) ;
#5928 = ORIENTED_EDGE ( 'NONE', *, *, #10391, .T. ) ;
#5929 = ORIENTED_EDGE ( 'NONE', *, *, #1979, .F. ) ;
#5930 = DIRECTION ( 'NONE',  ( -0.3236155771181852825, 0.8891264907159880382, 0.3236155771181852825 ) ) ;
#5931 = CARTESIAN_POINT ( 'NONE',  ( 7.723517969990729201E-16, 0.1574803149606299191, 1.669614367278699829 ) ) ;
#5932 = ORIENTED_EDGE ( 'NONE', *, *, #6024, .T. ) ;
#5933 = EDGE_CURVE ( 'NONE', #2391, #6908, #11106, .T. ) ;
#5934 = CARTESIAN_POINT ( 'NONE',  ( -1.716429773252205804, 0.4724409448818899238, -0.3988531131689809217 ) ) ;
#5935 = ADVANCED_FACE ( 'NONE', ( #7516 ), #8358, .F. ) ;
#5936 = CARTESIAN_POINT ( 'NONE',  ( -1.253831348055355566, 0.1968503937007874127, -0.2020027194681933147 ) ) ;
#5937 = EDGE_LOOP ( 'NONE', ( #10594, #1048, #6273, #5274 ) ) ;
#5939 = CARTESIAN_POINT ( 'NONE',  ( -2.129815600023859279, 0.000000000000000000, -2.039601144665042831 ) ) ;
#5938 = VECTOR ( 'NONE', #9731, 39.37007874015748143 ) ;
#5940 = DIRECTION ( 'NONE',  ( -0.3420201433256694346, 0.9396926207859080948, 0.000000000000000000 ) ) ;
#5941 = DIRECTION ( 'NONE',  ( 0.000000000000000000, 0.000000000000000000, -1.000000000000000000 ) ) ;
#5942 = CARTESIAN_POINT ( 'NONE',  ( 0.8034825222998372984, 0.1507476349739041155, 2.418833016475827602 ) ) ;
#5943 = AXIS2_PLACEMENT_3D ( 'NONE', #8135, #10088, #3921 ) ;
#5944 = CARTESIAN_POINT ( 'NONE',  ( -0.8829187187420636240, 0.1771653543307086520, 1.802084651218515798 ) ) ;
#5945 = EDGE_CURVE ( 'NONE', #8438, #2547, #7459, .T. ) ;
#5946 =( BOUNDED_CURVE ( )  B_SPLINE_CURVE ( 3, ( #9280, #3326, #9333, #6692 ),
 .UNSPECIFIED., .F., .F. ) 
 B_SPLINE_CURVE_WITH_KNOTS ( ( 4, 4 ),
 ( 0.000000000000000000, 1.570796326794896558 ),
 .UNSPECIFIED. ) 
 CURVE ( )  GEOMETRIC_REPRESENTATION_ITEM ( )  RATIONAL_B_SPLINE_CURVE ( ( 1.000000000000000000, 0.8047378541243649375, 0.8047378541243649375, 1.000000000000000000 ) ) 
 REPRESENTATION_ITEM ( '' )  );
#5947 = ORIENTED_EDGE ( 'NONE', *, *, #8412, .T. ) ;
#5948 = CARTESIAN_POINT ( 'NONE',  ( -2.267610875614410659, 0.000000000000000000, -1.901805869074491673 ) ) ;
#5949 = DIRECTION ( 'NONE',  ( 1.000000000000000000, 0.000000000000000000, -1.228122814850837064E-16 ) ) ;
#5950 = VECTOR ( 'NONE', #1207, 39.37007874015748143 ) ;
#5951 = ORIENTED_EDGE ( 'NONE', *, *, #1405, .F. ) ;
#5952 = DIRECTION ( 'NONE',  ( -0.9396926207859080948, 0.3420201433256694346, -2.173475799305981510E-16 ) ) ;
#5953 = EDGE_LOOP ( 'NONE', ( #1044, #796, #8845, #9560 ) ) ;
#5954 = ORIENTED_EDGE ( 'NONE', *, *, #7363, .F. ) ;
#5955 = LINE ( 'NONE', #7423, #4192 ) ;
#5956 = ADVANCED_FACE ( 'NONE', ( #483 ), #3980, .T. ) ;
#5957 = CARTESIAN_POINT ( 'NONE',  ( -2.169185678764016245, 0.1968503937007874127, -0.5366483887595320246 ) ) ;
#5958 = CARTESIAN_POINT ( 'NONE',  ( -0.1036709542218488406, 0.1574803149606299191, -1.198936253770387750E-17 ) ) ;
#5959 = CARTESIAN_POINT ( 'NONE',  ( 0.8130977858029126981, 0.1507476349739041432, 0.2736182375011737555 ) ) ;
#5960 =( BOUNDED_CURVE ( )  B_SPLINE_CURVE ( 3, ( #3991, #8377, #4154, #7687 ),
 .UNSPECIFIED., .F., .F. ) 
 B_SPLINE_CURVE_WITH_KNOTS ( ( 4, 4 ),
 ( 3.141592653589793116, 3.490658503988656847 ),
 .UNSPECIFIED. ) 
 CURVE ( )  GEOMETRIC_REPRESENTATION_ITEM ( )  RATIONAL_B_SPLINE_CURVE ( ( 1.000000000000000000, 0.9898718353414720506, 0.9898718353414720506, 1.000000000000000000 ) ) 
 REPRESENTATION_ITEM ( '' )  );
#5961 = VERTEX_POINT ( 'NONE', #10102 ) ;
#5962 = DIRECTION ( 'NONE',  ( 1.000000000000000000, 0.000000000000000000, 4.625929269271484928E-16 ) ) ;
#5963 = DIRECTION ( 'NONE',  ( -0.000000000000000000, -1.000000000000000000, -0.000000000000000000 ) ) ;
#5964 = ORIENTED_EDGE ( 'NONE', *, *, #3118, .T. ) ;
#5965 = CARTESIAN_POINT ( 'NONE',  ( 1.431762116644293092, 0.1574803149606299191, 0.000000000000000000 ) ) ;
#5966 = FACE_OUTER_BOUND ( 'NONE', #8932, .T. ) ;
#5967 = EDGE_CURVE ( 'NONE', #7390, #9679, #3281, .T. ) ;
#5968 = ADVANCED_FACE ( 'NONE', ( #6602 ), #4083, .T. ) ;
#5969 = DIRECTION ( 'NONE',  ( 0.000000000000000000, -1.000000000000000000, 0.000000000000000000 ) ) ;
#5970 = CARTESIAN_POINT ( 'NONE',  ( 0.8046696754339733859, 0.1574803149606299191, 3.953078934207833406 ) ) ;
#5971 = PLANE ( 'NONE',  #7515 ) ;
#5972 = ORIENTED_EDGE ( 'NONE', *, *, #9249, .T. ) ;
#5973 = VERTEX_POINT ( 'NONE', #4982 ) ;
#5974 = DIRECTION ( 'NONE',  ( 0.000000000000000000, -0.000000000000000000, -1.000000000000000000 ) ) ;
#5975 = ORIENTED_EDGE ( 'NONE', *, *, #2484, .F. ) ;
#5976 = CARTESIAN_POINT ( 'NONE',  ( 1.413264230408350031, 0.1507476349739041432, 3.344484379233457094 ) ) ;
#5977 = ORIENTED_EDGE ( 'NONE', *, *, #5201, .F. ) ;
#5978 = LINE ( 'NONE', #9486, #3833 ) ;
#5979 = CARTESIAN_POINT ( 'NONE',  ( -0.8898853758908628064, 0.1507476349739041988, 0.2736182375011737555 ) ) ;
#5980 = EDGE_CURVE ( 'NONE', #8928, #5332, #2433, .T. ) ;
#5981 = AXIS2_PLACEMENT_3D ( 'NONE', #2512, #4167, #726 ) ;
#5982 = CARTESIAN_POINT ( 'NONE',  ( 0.04538125036984168997, 0.1771653543307086520, 1.641501217539681701 ) ) ;
#5983 = ORIENTED_EDGE ( 'NONE', *, *, #1397, .F. ) ;
#5984 = CARTESIAN_POINT ( 'NONE',  ( 1.630026919661181184, 0.4724409448818898127, 0.000000000000000000 ) ) ;
#5985 = ADVANCED_FACE ( 'NONE', ( #7559 ), #8517, .T. ) ;
#5986 = CARTESIAN_POINT ( 'NONE',  ( 1.728452116511574488, 0.000000000000000000, 1.147199780013995030 ) ) ;
#5987 = ORIENTED_EDGE ( 'NONE', *, *, #5225, .T. ) ;
#5988 = DIRECTION ( 'NONE',  ( 1.000000000000000000, 0.000000000000000000, 4.625929269271483942E-16 ) ) ;
#5989 = ORIENTED_EDGE ( 'NONE', *, *, #6541, .T. ) ;
#5990 = VECTOR ( 'NONE', #7645, 39.37007874015748143 ) ;
#5991 = AXIS2_PLACEMENT_3D ( 'NONE', #10854, #9900, #5649 ) ;
#5992 = CARTESIAN_POINT ( 'NONE',  ( 0.000000000000000000, 0.1968503937007874127, -0.4978645713515195692 ) ) ;
#5993 = VERTEX_POINT ( 'NONE', #4194 ) ;
#5994 = DIRECTION ( 'NONE',  ( 0.000000000000000000, 0.9396926207859080948, 0.3420201433256694346 ) ) ;
#5995 = DIRECTION ( 'NONE',  ( 1.000000000000000000, -0.000000000000000000, -0.000000000000000000 ) ) ;
#5996 = FACE_BOUND ( 'NONE', #5270, .T. ) ;
#5997 = ADVANCED_FACE ( 'NONE', ( #5893 ), #1566, .T. ) ;
#5998 = VECTOR ( 'NONE', #7359, 39.37007874015748143 ) ;
#5999 = DIRECTION ( 'NONE',  ( 0.3236155771181852825, 0.8891264907159878161, -0.3236155771181852825 ) ) ;
#6000 = VECTOR ( 'NONE', #7836, 39.37007874015748143 ) ;
#6001 = PLANE ( 'NONE',  #9141 ) ;
#6002 = ORIENTED_EDGE ( 'NONE', *, *, #3925, .T. ) ;
#6003 = FACE_OUTER_BOUND ( 'NONE', #7008, .T. ) ;
#6004 = CARTESIAN_POINT ( 'NONE',  ( 0.7965158651510383381, 0.1771653543307086520, 1.802084651218515798 ) ) ;
#6005 = VECTOR ( 'NONE', #3502, 39.37007874015748143 ) ;
#6006 = ORIENTED_EDGE ( 'NONE', *, *, #7851, .T. ) ;
#6007 = EDGE_CURVE ( 'NONE', #392, #11074, #694, .T. ) ;
#6008 = EDGE_CURVE ( 'NONE', #2547, #4061, #5791, .T. ) ;
#6009 = VERTEX_POINT ( 'NONE', #9797 ) ;
#6010 = LINE ( 'NONE', #3609, #8828 ) ;
#6011 = VERTEX_POINT ( 'NONE', #6352 ) ;
#6012 = CARTESIAN_POINT ( 'NONE',  ( 0.000000000000000000, 0.1574803149606299191, 2.437330902711770442 ) ) ;
#6013 = VECTOR ( 'NONE', #3304, 39.37007874015748143 ) ;
#6014 = DIRECTION ( 'NONE',  ( 0.000000000000000000, 1.000000000000000000, -0.000000000000000000 ) ) ;
#6015 = CARTESIAN_POINT ( 'NONE',  ( 0.7004153469918068531, 0.000000000000000000, 3.176934288405823370 ) ) ;
#6016 = CARTESIAN_POINT ( 'NONE',  ( 0.000000000000000000, 0.1771653543307086520, 1.790553422131372141 ) ) ;
#6017 = CARTESIAN_POINT ( 'NONE',  ( 0.7486148702833097524, -1.707404996040164512E-17, 0.9864671209177166000 ) ) ;
#6018 = CARTESIAN_POINT ( 'NONE',  ( -0.8910725290249985608, 0.1574803149606299191, 0.2748053906353095099 ) ) ;
#6019 = ORIENTED_EDGE ( 'NONE', *, *, #3659, .F. ) ;
#6020 = ORIENTED_EDGE ( 'NONE', *, *, #1457, .T. ) ;
#6021 = EDGE_LOOP ( 'NONE', ( #6684, #10090, #7384, #3157 ) ) ;
#6022 = VECTOR ( 'NONE', #7614, 39.37007874015748143 ) ;
#6023 = LINE ( 'NONE', #6950, #6808 ) ;
#6024 = EDGE_CURVE ( 'NONE', #8431, #3087, #6010, .T. ) ;
#6025 = LINE ( 'NONE', #5286, #960 ) ;
#6026 = CARTESIAN_POINT ( 'NONE',  ( -1.398747477569602271, 0.4724409448818898127, 4.062761060059365548 ) ) ;
#6027 = EDGE_LOOP ( 'NONE', ( #9847, #61, #8126, #596 ) ) ;
#6028 = DIRECTION ( 'NONE',  ( -0.000000000000000000, -1.000000000000000000, -0.000000000000000000 ) ) ;
#6029 = AXIS2_PLACEMENT_3D ( 'NONE', #8875, #4708, #2132 ) ;
#6030 = CARTESIAN_POINT ( 'NONE',  ( 0.8393971951716289182, 0.4724409448818898127, 4.038961798268368319 ) ) ;
#6031 = CARTESIAN_POINT ( 'NONE',  ( -1.838012277137266892, 0.1771653543307086520, 1.070234996814104500 ) ) ;
#6032 = EDGE_LOOP ( 'NONE', ( #5392, #2018, #3565, #10932 ) ) ;
#6033 = FACE_OUTER_BOUND ( 'NONE', #5508, .T. ) ;
#6034 = EDGE_LOOP ( 'NONE', ( #4727, #8109, #1047, #1170 ) ) ;
#6035 = EDGE_CURVE ( 'NONE', #6719, #8795, #1960, .T. ) ;
#6036 = CARTESIAN_POINT ( 'NONE',  ( 0.8042699088205086388, 0.1529109616598305632, 2.577555230321057156 ) ) ;
#6037 = AXIS2_PLACEMENT_3D ( 'NONE', #7250, #2427, #5900 ) ;
#6038 = LINE ( 'NONE', #6904, #8079 ) ;
#6039 = CARTESIAN_POINT ( 'NONE',  ( 2.181208022023384707, 0.000000000000000000, -1.901805869074492339 ) ) ;
#6040 = ORIENTED_EDGE ( 'NONE', *, *, #9697, .F. ) ;
#6041 = AXIS2_PLACEMENT_3D ( 'NONE', #5141, #8685, #11268 ) ;
#6042 = ORIENTED_EDGE ( 'NONE', *, *, #1874, .F. ) ;
#6043 = CYLINDRICAL_SURFACE ( 'NONE', #10146, 0.01968503937007875723 ) ;
#6044 = ORIENTED_EDGE ( 'NONE', *, *, #7799, .F. ) ;
#6045 = FACE_OUTER_BOUND ( 'NONE', #4038, .T. ) ;
#6046 = PLANE ( 'NONE',  #9792 ) ;
#6047 = ADVANCED_FACE ( 'NONE', ( #10710 ), #4522, .T. ) ;
#6048 = DIRECTION ( 'NONE',  ( -1.000000000000000000, 0.000000000000000000, -0.000000000000000000 ) ) ;
#6049 = FACE_OUTER_BOUND ( 'NONE', #6181, .T. ) ;
#6050 = DIRECTION ( 'NONE',  ( 0.000000000000000000, -1.000000000000000000, 0.000000000000000000 ) ) ;
#6051 = AXIS2_PLACEMENT_3D ( 'NONE', #6573, #4957, #2228 ) ;
#6052 = EDGE_CURVE ( 'NONE', #9679, #10546, #8063, .T. ) ;
#6053 = ORIENTED_EDGE ( 'NONE', *, *, #11213, .T. ) ;
#6054 = ADVANCED_FACE ( 'NONE', ( #6879 ), #2757, .F. ) ;
#6055 = DIRECTION ( 'NONE',  ( 1.156482317317871478E-16, -0.000000000000000000, -1.000000000000000000 ) ) ;
#6056 = FACE_OUTER_BOUND ( 'NONE', #1001, .T. ) ;
#6057 = CIRCLE ( 'NONE', #9002, 0.05511811023622041616 ) ;
#6058 = ORIENTED_EDGE ( 'NONE', *, *, #4829, .F. ) ;
#6059 = DIRECTION ( 'NONE',  ( 2.312964634635743450E-16, -1.547710995231676169E-32, -1.000000000000000000 ) ) ;
#6060 = EDGE_CURVE ( 'NONE', #11059, #6011, #299, .T. ) ;
#6061 = VECTOR ( 'NONE', #4959, 39.37007874015748143 ) ;
#6062 = CARTESIAN_POINT ( 'NONE',  ( 0.8034825222998377425, 0.1507476349739041155, 2.576767843800386260 ) ) ;
#6063 = EDGE_LOOP ( 'NONE', ( #3248, #3151, #7398, #6417 ) ) ;
#6064 = VERTEX_POINT ( 'NONE', #1094 ) ;
#6065 = ORIENTED_EDGE ( 'NONE', *, *, #3658, .T. ) ;
#6066 = CARTESIAN_POINT ( 'NONE',  ( -0.7223352850632291933, 0.1507476349739041432, 0.8833999456096859326 ) ) ;
#6067 = LINE ( 'NONE', #9579, #9140 ) ;
#6068 = CARTESIAN_POINT ( 'NONE',  ( -0.1221688404577920967, 0.1507476349739041432, 0.8737846821066108660 ) ) ;
#6069 = EDGE_CURVE ( 'NONE', #9050, #8727, #6706, .T. ) ;
#6070 = CARTESIAN_POINT ( 'NONE',  ( 1.069003297613936532, 0.1968503937007874127, -2.039601144665043275 ) ) ;
#6071 = ADVANCED_FACE ( 'NONE', ( #7159 ), #8868, .T. ) ;
#6072 = DIRECTION ( 'NONE',  ( -0.000000000000000000, -1.000000000000000000, 0.000000000000000000 ) ) ;
#6073 = DIRECTION ( 'NONE',  ( 1.000000000000000000, 0.000000000000000000, 4.625929269271495775E-16 ) ) ;
#6074 = LINE ( 'NONE', #5222, #7926 ) ;
#6075 = ORIENTED_EDGE ( 'NONE', *, *, #1270, .T. ) ;
#6076 = ORIENTED_EDGE ( 'NONE', *, *, #2551, .T. ) ;
#6077 = LINE ( 'NONE', #7623, #10281 ) ;
#6078 = CYLINDRICAL_SURFACE ( 'NONE', #3170, 0.1377952755905511584 ) ;
#6079 = DIRECTION ( 'NONE',  ( -0.000000000000000000, -1.000000000000000000, 0.000000000000000000 ) ) ;
#6080 = DIRECTION ( 'NONE',  ( 0.000000000000000000, -0.000000000000000000, -1.000000000000000000 ) ) ;
#6081 = LINE ( 'NONE', #8659, #2956 ) ;
#6082 = LINE ( 'NONE', #9595, #4596 ) ;
#6083 = ORIENTED_EDGE ( 'NONE', *, *, #5093, .T. ) ;
#6084 = FACE_OUTER_BOUND ( 'NONE', #7584, .T. ) ;
#6085 = VECTOR ( 'NONE', #2281, 39.37007874015748143 ) ;
#6086 = DIRECTION ( 'NONE',  ( 1.000000000000000000, -0.000000000000000000, -0.000000000000000000 ) ) ;
#6087 = CIRCLE ( 'NONE', #6474, 0.09842519685039378963 ) ;
#6088 = CARTESIAN_POINT ( 'NONE',  ( 0.8046696754339741631, 0.1574803149606299191, 3.345671532367592516 ) ) ;
#6089 = LINE ( 'NONE', #4445, #4619 ) ;
#6090 = CARTESIAN_POINT ( 'NONE',  ( 1.590656840921023774, 0.5905511811023621549, 4.121816178169601663 ) ) ;
#6091 = VERTEX_POINT ( 'NONE', #238 ) ;
#6092 = VECTOR ( 'NONE', #10024, 39.37007874015748143 ) ;
#6093 = ORIENTED_EDGE ( 'NONE', *, *, #9518, .F. ) ;
#6094 = FACE_OUTER_BOUND ( 'NONE', #872, .T. ) ;
#6095 = FACE_OUTER_BOUND ( 'NONE', #9435, .T. ) ;
#6096 = CARTESIAN_POINT ( 'NONE',  ( -0.1221688404577920412, 0.1507476349739042265, 1.809051308367315425 ) ) ;
#6097 = EDGE_CURVE ( 'NONE', #4856, #2395, #1034, .T. ) ;
#6098 = CARTESIAN_POINT ( 'NONE',  ( 0.8046696754339729418, 0.1574803149606299191, 1.649929327908620902 ) ) ;
#6099 = ORIENTED_EDGE ( 'NONE', *, *, #2146, .F. ) ;
#6100 = CARTESIAN_POINT ( 'NONE',  ( 0.6640455812112220357, 0.1771653543307086520, 0.000000000000000000 ) ) ;
#6101 = ORIENTED_EDGE ( 'NONE', *, *, #3166, .F. ) ;
#6102 = LINE ( 'NONE', #9616, #5220 ) ;
#6103 = VECTOR ( 'NONE', #7024, 39.37007874015748143 ) ;
#6104 = DIRECTION ( 'NONE',  ( 0.000000000000000000, 0.000000000000000000, 1.000000000000000000 ) ) ;
#6105 = LINE ( 'NONE', #8801, #8997 ) ;
#6106 = EDGE_CURVE ( 'NONE', #6701, #1206, #7860, .T. ) ;
#6107 =( BOUNDED_CURVE ( )  B_SPLINE_CURVE ( 3, ( #9581, #1747, #7967, #5278 ),
 .UNSPECIFIED., .F., .F. ) 
 B_SPLINE_CURVE_WITH_KNOTS ( ( 4, 4 ),
 ( 2.792526803190927609, 3.141592653589793116 ),
 .UNSPECIFIED. ) 
 CURVE ( )  GEOMETRIC_REPRESENTATION_ITEM ( )  RATIONAL_B_SPLINE_CURVE ( ( 1.000000000000000000, 0.9898718353414720506, 0.9898718353414720506, 1.000000000000000000 ) ) 
 REPRESENTATION_ITEM ( '' )  );
#6108 = CARTESIAN_POINT ( 'NONE',  ( -2.504880698959022168E-16, 0.1771653543307086520, -2.039601144665043275 ) ) ;
#6109 = CIRCLE ( 'NONE', #4293, 0.09842519685039378963 ) ;
#6110 = VECTOR ( 'NONE', #4424, 39.37007874015748143 ) ;
#6111 = EDGE_CURVE ( 'NONE', #5667, #1622, #7218, .T. ) ;
#6112 = ORIENTED_EDGE ( 'NONE', *, *, #9813, .F. ) ;
#6113 = LINE ( 'NONE', #10540, #10805 ) ;
#6114 = DIRECTION ( 'NONE',  ( 0.000000000000000000, 0.000000000000000000, 1.000000000000000000 ) ) ;
#6115 = ORIENTED_EDGE ( 'NONE', *, *, #10679, .F. ) ;
#6116 = VERTEX_POINT ( 'NONE', #9858 ) ;
#6117 = CIRCLE ( 'NONE', #1220, 0.1007585307152496779 ) ;
#6118 = VERTEX_POINT ( 'NONE', #8001 ) ;
#6119 = ORIENTED_EDGE ( 'NONE', *, *, #5832, .T. ) ;
#6120 = EDGE_CURVE ( 'NONE', #7890, #10569, #7151, .T. ) ;
#6121 = VERTEX_POINT ( 'NONE', #8577 ) ;
#6122 = FACE_OUTER_BOUND ( 'NONE', #504, .T. ) ;
#6123 = CARTESIAN_POINT ( 'NONE',  ( -0.7319505485663040378, 0.1507476349739041155, 2.576767843800386260 ) ) ;
#6124 = ORIENTED_EDGE ( 'NONE', *, *, #8626, .F. ) ;
#6125 = ADVANCED_FACE ( 'NONE', ( #5500 ), #2942, .F. ) ;
#6126 = DIRECTION ( 'NONE',  ( -0.000000000000000000, 1.000000000000000000, -0.000000000000000000 ) ) ;
#6127 = DIRECTION ( 'NONE',  ( 1.000000000000000000, -0.000000000000000000, -0.000000000000000000 ) ) ;
#6128 = VECTOR ( 'NONE', #8648, 39.37007874015748143 ) ;
#6129 = LINE ( 'NONE', #8889, #2117 ) ;
#6130 = CARTESIAN_POINT ( 'NONE',  ( -0.7319505485663041489, 0.1507476349739040877, 3.954266087341968827 ) ) ;
#6131 = ORIENTED_EDGE ( 'NONE', *, *, #9689, .F. ) ;
#6132 = EDGE_LOOP ( 'NONE', ( #4218, #471, #819, #2253 ) ) ;
#6133 = DIRECTION ( 'NONE',  ( -7.950815931560367493E-16, 0.000000000000000000, 1.000000000000000000 ) ) ;
#6134 = CARTESIAN_POINT ( 'NONE',  ( -3.675545029056271939E-15, 0.1574803149606299191, 3.972763973577912555 ) ) ;
#6135 = EDGE_CURVE ( 'NONE', #4700, #4053, #496, .T. ) ;
#6136 = ORIENTED_EDGE ( 'NONE', *, *, #2506, .F. ) ;
#6137 = DIRECTION ( 'NONE',  ( -1.000000000000000000, 0.000000000000000000, 0.000000000000000000 ) ) ;
#6138 = ORIENTED_EDGE ( 'NONE', *, *, #2527, .T. ) ;
#6139 = DIRECTION ( 'NONE',  ( 4.625929269271485914E-16, -0.000000000000000000, -1.000000000000000000 ) ) ;
#6140 = DIRECTION ( 'NONE',  ( -0.000000000000000000, 1.000000000000000000, -0.000000000000000000 ) ) ;
#6141 = CARTESIAN_POINT ( 'NONE',  ( -1.518164970235317934, 0.1771653543307086520, 3.972763973577912555 ) ) ;
#6142 = ORIENTED_EDGE ( 'NONE', *, *, #9310, .T. ) ;
#6143 = LINE ( 'NONE', #884, #1366 ) ;
#6144 = DIRECTION ( 'NONE',  ( 0.000000000000000000, -0.000000000000000000, -1.000000000000000000 ) ) ;
#6145 = ORIENTED_EDGE ( 'NONE', *, *, #6311, .F. ) ;
#6146 = DIRECTION ( 'NONE',  ( 0.000000000000000000, -1.000000000000000000, 0.000000000000000000 ) ) ;
#6147 = DIRECTION ( 'NONE',  ( 0.000000000000000000, 0.000000000000000000, 1.000000000000000000 ) ) ;
#6148 = ADVANCED_FACE ( 'NONE', ( #1157 ), #3908, .F. ) ;
#6149 = DIRECTION ( 'NONE',  ( 0.3236155771181852825, 0.8891264907159880382, 0.3236155771181852825 ) ) ;
#6150 = ORIENTED_EDGE ( 'NONE', *, *, #58, .T. ) ;
#6151 = EDGE_LOOP ( 'NONE', ( #1761, #10869 ) ) ;
#6152 = DIRECTION ( 'NONE',  ( -1.156482317317871478E-16, 0.000000000000000000, 1.000000000000000000 ) ) ;
#6153 = CARTESIAN_POINT ( 'NONE',  ( 1.412077077274214387, 0.1690115440477737152, 0.8822127924755500672 ) ) ;
#6154 = ORIENTED_EDGE ( 'NONE', *, *, #5543, .T. ) ;
#6155 = PLANE ( 'NONE',  #2755 ) ;
#6156 = CARTESIAN_POINT ( 'NONE',  ( 1.341802288704367907, 0.3470877061559771715, 0.8119380039057036980 ) ) ;
#6157 = CARTESIAN_POINT ( 'NONE',  ( 0.03576598686676681765, 0.1507476349739041432, 2.576767843800386260 ) ) ;
#6158 = VERTEX_POINT ( 'NONE', #6575 ) ;
#6159 = CARTESIAN_POINT ( 'NONE',  ( 0.000000000000000000, 0.1574803149606299191, 3.325986492997513810 ) ) ;
#6160 = CARTESIAN_POINT ( 'NONE',  ( -2.011705363803387048, -0.2952755905511810774, -1.689207443877641435 ) ) ;
#6161 = CYLINDRICAL_SURFACE ( 'NONE', #7527, 0.09842519685039378963 ) ;
#6162 = CARTESIAN_POINT ( 'NONE',  ( -1.814854970102599108, 0.000000000000000000, 3.148271522130164948E-16 ) ) ;
#6163 = EDGE_CURVE ( 'NONE', #4193, #6701, #9216, .T. ) ;
#6164 = EDGE_CURVE ( 'NONE', #1071, #10207, #4815, .T. ) ;
#6165 = ORIENTED_EDGE ( 'NONE', *, *, #10103, .T. ) ;
#6166 = DIRECTION ( 'NONE',  ( 2.312964634635742957E-16, -0.000000000000000000, -1.000000000000000000 ) ) ;
#6167 = AXIS2_PLACEMENT_3D ( 'NONE', #601, #5806, #2325 ) ;
#6168 = VECTOR ( 'NONE', #10116, 39.37007874015748143 ) ;
#6169 = EDGE_LOOP ( 'NONE', ( #8359, #902, #11262, #8678 ) ) ;
#6170 = DIRECTION ( 'NONE',  ( 0.000000000000000000, 1.000000000000000000, -0.000000000000000000 ) ) ;
#6171 = VERTEX_POINT ( 'NONE', #2173 ) ;
#6172 = EDGE_LOOP ( 'NONE', ( #5928, #8381, #3860, #9938 ) ) ;
#6173 = CARTESIAN_POINT ( 'NONE',  ( -0.7307633954321687275, 0.1574803149606299191, 1.810238461501450624 ) ) ;
#6174 = EDGE_CURVE ( 'NONE', #2534, #2411, #9943, .T. ) ;
#6175 = ORIENTED_EDGE ( 'NONE', *, *, #9024, .F. ) ;
#6176 = EDGE_LOOP ( 'NONE', ( #1111, #4449 ) ) ;
#6177 = VECTOR ( 'NONE', #6152, 39.37007874015748143 ) ;
#6178 = AXIS2_PLACEMENT_3D ( 'NONE', #9431, #5066, #7698 ) ;
#6179 =( BOUNDED_CURVE ( )  B_SPLINE_CURVE ( 3, ( #2685, #8794, #6345, #7931 ),
 .UNSPECIFIED., .F., .T. ) 
 B_SPLINE_CURVE_WITH_KNOTS ( ( 4, 4 ),
 ( 0.000000000000000000, 1.570796326794896558 ),
 .UNSPECIFIED. ) 
 CURVE ( )  GEOMETRIC_REPRESENTATION_ITEM ( )  RATIONAL_B_SPLINE_CURVE ( ( 1.000000000000000000, 0.8047378541243649375, 0.8047378541243649375, 1.000000000000000000 ) ) 
 REPRESENTATION_ITEM ( '' )  );
#6180 = EDGE_CURVE ( 'NONE', #889, #8697, #6414, .T. ) ;
#6181 = EDGE_LOOP ( 'NONE', ( #8637, #3503, #9273, #10641 ) ) ;
#6182 = VERTEX_POINT ( 'NONE', #5615 ) ;
#6183 = DIRECTION ( 'NONE',  ( -4.625929269271485914E-16, 0.000000000000000000, 1.000000000000000000 ) ) ;
#6184 = CARTESIAN_POINT ( 'NONE',  ( 1.925302510212362650, 0.4724409448818898127, -1.882120829704413190 ) ) ;
#6185 = VERTEX_POINT ( 'NONE', #4060 ) ;
#6186 = AXIS2_PLACEMENT_3D ( 'NONE', #2442, #11070, #6565 ) ;
#6187 = CARTESIAN_POINT ( 'NONE',  ( 0.000000000000000000, 0.1574803149606299191, 1.022836886698301750 ) ) ;
#6188 = LINE ( 'NONE', #76, #8672 ) ;
#6189 = CIRCLE ( 'NONE', #4913, 0.1377952755905512972 ) ;
#6190 = DIRECTION ( 'NONE',  ( 0.000000000000000000, 0.000000000000000000, -1.000000000000000000 ) ) ;
#6191 = EDGE_CURVE ( 'NONE', #2391, #3391, #7329, .T. ) ;
#6192 = CARTESIAN_POINT ( 'NONE',  ( 0.02879932971796746177, 0.1771653543307086798, 3.193516209057697619 ) ) ;
#6193 = VERTEX_POINT ( 'NONE', #10074 ) ;
#6194 = VERTEX_POINT ( 'NONE', #9102 ) ;
#6195 = FACE_OUTER_BOUND ( 'NONE', #509, .T. ) ;
#6196 = EDGE_CURVE ( 'NONE', #6171, #9017, #7519, .T. ) ;
#6197 = CARTESIAN_POINT ( 'NONE',  ( 1.630026919661180962, 0.4724409448818898127, 3.787170508878263231 ) ) ;
#6198 = VECTOR ( 'NONE', #4013, 39.37007874015748143 ) ;
#6199 = ORIENTED_EDGE ( 'NONE', *, *, #6778, .T. ) ;
#6200 = FACE_OUTER_BOUND ( 'NONE', #7881, .T. ) ;
#6201 = CARTESIAN_POINT ( 'NONE',  ( 1.905617470842284167, 0.4724409448818898127, -1.764010593483940736 ) ) ;
#6202 = DIRECTION ( 'NONE',  ( 0.000000000000000000, 0.000000000000000000, -1.000000000000000000 ) ) ;
#6203 = CARTESIAN_POINT ( 'NONE',  ( -1.498479930865239007, 0.1690115440477737152, 3.953078934207834294 ) ) ;
#6204 = ORIENTED_EDGE ( 'NONE', *, *, #8062, .F. ) ;
#6205 = AXIS2_PLACEMENT_3D ( 'NONE', #7629, #2275, #6728 ) ;
#6206 = EDGE_CURVE ( 'NONE', #4470, #8850, #562, .T. ) ;
#6207 = CARTESIAN_POINT ( 'NONE',  ( 0.000000000000000000, 0.000000000000000000, 0.000000000000000000 ) ) ;
#6208 = VERTEX_POINT ( 'NONE', #7383 ) ;
#6209 = CARTESIAN_POINT ( 'NONE',  ( -0.8923797854702465449, 0.4724409448818898127, 4.043076020689286842 ) ) ;
#6210 = ORIENTED_EDGE ( 'NONE', *, *, #11305, .F. ) ;
#6211 = CARTESIAN_POINT ( 'NONE',  ( 0.6455476949752789739, 0.1507476349739041432, 1.809051308367315425 ) ) ;
#6212 = DIRECTION ( 'NONE',  ( -1.156482317317871478E-16, 0.000000000000000000, 1.000000000000000000 ) ) ;
#6213 = FACE_BOUND ( 'NONE', #4920, .T. ) ;
#6214 = EDGE_LOOP ( 'NONE', ( #11143, #1999, #5244, #4417 ) ) ;
#6215 = ORIENTED_EDGE ( 'NONE', *, *, #8146, .F. ) ;
#6216 = AXIS2_PLACEMENT_3D ( 'NONE', #8963, #1130, #3822 ) ;
#6217 = CARTESIAN_POINT ( 'NONE',  ( 0.6443605418411434416, 0.1690115440477737152, 1.810238461501450846 ) ) ;
#6218 = CARTESIAN_POINT ( 'NONE',  ( -1.490051820496299806, 0.1507476349739040877, 1.809051308367315425 ) ) ;
#6219 = EDGE_LOOP ( 'NONE', ( #4357, #6690, #11062, #1163 ) ) ;
#6220 = CARTESIAN_POINT ( 'NONE',  ( 0.03695314000090248185, 0.1551781507868630616, 0.2748053906353094544 ) ) ;
#6221 = CARTESIAN_POINT ( 'NONE',  ( -0.8910725290249985608, 0.1574803149606299191, -2.061019246530253337E-16 ) ) ;
#6222 = EDGE_CURVE ( 'NONE', #4281, #9104, #9916, .T. ) ;
#6223 = LINE ( 'NONE', #6100, #1717 ) ;
#6224 = EDGE_CURVE ( 'NONE', #2808, #4873, #7488, .T. ) ;
#6225 = ORIENTED_EDGE ( 'NONE', *, *, #10276, .F. ) ;
#6226 = PRODUCT_DEFINITION_SHAPE ( 'NONE', 'NONE',  #6816 ) ;
#6227 = CARTESIAN_POINT ( 'NONE',  ( -1.498479930865239229, 0.1551781507868630616, 3.345671532367592071 ) ) ;
#6228 = VECTOR ( 'NONE', #1222, 39.37007874015748143 ) ;
#6229 = DIRECTION ( 'NONE',  ( -1.000000000000000000, 0.000000000000000000, -2.312964634635747887E-16 ) ) ;
#6230 = DIRECTION ( 'NONE',  ( 0.000000000000000000, 0.000000000000000000, 1.000000000000000000 ) ) ;
#6231 = DIRECTION ( 'NONE',  ( 0.000000000000000000, 0.000000000000000000, 1.000000000000000000 ) ) ;
#6232 = CIRCLE ( 'NONE', #4412, 0.1377952755905511861 ) ;
#6233 = CARTESIAN_POINT ( 'NONE',  ( 1.341802288704367907, 0.3470877061559771715, 1.880513250071297549 ) ) ;
#6234 = ORIENTED_EDGE ( 'NONE', *, *, #8645, .F. ) ;
#6235 = LINE ( 'NONE', #1038, #4197 ) ;
#6236 = PRODUCT_DEFINITION_FORMATION_WITH_SPECIFIED_SOURCE ( 'ANY', '', #3495, .NOT_KNOWN. ) ;
#6237 = ORIENTED_EDGE ( 'NONE', *, *, #10614, .T. ) ;
#6238 = ORIENTED_EDGE ( 'NONE', *, *, #732, .T. ) ;
#6239 = CARTESIAN_POINT ( 'NONE',  ( -0.1229562269784630207, 0.1529109616598304799, 3.185762165388227984 ) ) ;
#6240 = VERTEX_POINT ( 'NONE', #4005 ) ;
#6241 = VECTOR ( 'NONE', #8488, 39.37007874015748143 ) ;
#6242 = ORIENTED_EDGE ( 'NONE', *, *, #7223, .F. ) ;
#6243 = DIRECTION ( 'NONE',  ( 1.000000000000000000, -0.000000000000000000, -0.000000000000000000 ) ) ;
#6244 = ORIENTED_EDGE ( 'NONE', *, *, #4070, .F. ) ;
#6245 = ORIENTED_EDGE ( 'NONE', *, *, #11184, .T. ) ;
#6246 = VERTEX_POINT ( 'NONE', #9048 ) ;
#6247 = VECTOR ( 'NONE', #10895, 39.37007874015748854 ) ;
#6248 = CARTESIAN_POINT ( 'NONE',  ( 1.412077077274214387, 0.1574803149606299191, 0.2748053906353094544 ) ) ;
#6249 = VECTOR ( 'NONE', #10180, 39.37007874015748143 ) ;
#6250 = ORIENTED_EDGE ( 'NONE', *, *, #10328, .F. ) ;
#6251 = CARTESIAN_POINT ( 'NONE',  ( -0.7319505485663041489, 0.1507476349739040600, 3.344484379233457094 ) ) ;
#6252 = CARTESIAN_POINT ( 'NONE',  ( 1.728452116511574266, 0.000000000000000000, -2.998386463614427293E-16 ) ) ;
#6253 = EDGE_CURVE ( 'NONE', #4917, #1961, #2070, .T. ) ;
#6254 = CARTESIAN_POINT ( 'NONE',  ( 0.01726810063082366911, 0.1771653543307086520, 1.669614367278699829 ) ) ;
#6255 = CARTESIAN_POINT ( 'NONE',  ( -1.677059694512046839, 0.1771653543307086520, 4.121816178169601663 ) ) ;
#6256 = ORIENTED_EDGE ( 'NONE', *, *, #10029, .F. ) ;
#6257 = ORIENTED_EDGE ( 'NONE', *, *, #9697, .T. ) ;
#6258 = CYLINDRICAL_SURFACE ( 'NONE', #8077, 0.01968503937007875723 ) ;
#6259 = AXIS2_PLACEMENT_3D ( 'NONE', #10558, #2721, #9706 ) ;
#6260 = CARTESIAN_POINT ( 'NONE',  ( -2.011705363803387048, 0.1771653543307086520, -1.409679884822523377 ) ) ;
#6261 = ORIENTED_EDGE ( 'NONE', *, *, #10696, .T. ) ;
#6262 = CARTESIAN_POINT ( 'NONE',  ( 1.590656840921023774, 0.000000000000000000, 4.121816178169601663 ) ) ;
#6263 = EDGE_CURVE ( 'NONE', #10658, #4448, #4906, .T. ) ;
#6264 = DIRECTION ( 'NONE',  ( -0.3236155771181852825, 0.8891264907159878161, 0.3236155771181852270 ) ) ;
#6265 = DIRECTION ( 'NONE',  ( 0.000000000000000000, 0.000000000000000000, 1.000000000000000000 ) ) ;
#6266 = ADVANCED_FACE ( 'NONE', ( #4752 ), #8390, .T. ) ;
#6267 = VERTEX_POINT ( 'NONE', #2995 ) ;
#6268 = EDGE_CURVE ( 'NONE', #9686, #7489, #407, .T. ) ;
#6269 = CARTESIAN_POINT ( 'NONE',  ( -1.490051820496299806, 0.1771653543307086520, 3.944650823838894205 ) ) ;
#6270 =( BOUNDED_CURVE ( )  B_SPLINE_CURVE ( 3, ( #6446, #7249, #1987, #5473 ),
 .UNSPECIFIED., .F., .T. ) 
 B_SPLINE_CURVE_WITH_KNOTS ( ( 4, 4 ),
 ( 1.570796326794896558, 3.141592653589793116 ),
 .UNSPECIFIED. ) 
 CURVE ( )  GEOMETRIC_REPRESENTATION_ITEM ( )  RATIONAL_B_SPLINE_CURVE ( ( 1.000000000000000000, 0.8047378541243649375, 0.8047378541243649375, 1.000000000000000000 ) ) 
 REPRESENTATION_ITEM ( '' )  );
#6271 = ORIENTED_EDGE ( 'NONE', *, *, #4989, .T. ) ;
#6272 = CARTESIAN_POINT ( 'NONE',  ( 1.468131882424877688, 0.000000000000000000, 2.409217752972752979 ) ) ;
#6273 = ORIENTED_EDGE ( 'NONE', *, *, #9436, .F. ) ;
#6274 = CARTESIAN_POINT ( 'NONE',  ( -0.08257150553567020601, 0.1968503937007874127, -0.3988531131689799225 ) ) ;
#6275 = DIRECTION ( 'NONE',  ( 0.000000000000000000, -1.000000000000000000, 0.000000000000000000 ) ) ;
#6276 = LINE ( 'NONE', #5425, #8357 ) ;
#6277 = VERTEX_POINT ( 'NONE', #5769 ) ;
#6278 = VERTEX_POINT ( 'NONE', #3957 ) ;
#6279 = CARTESIAN_POINT ( 'NONE',  ( 0.02879932971796794403, 0.1771653543307086798, 3.337517722084657912 ) ) ;
#6280 = ADVANCED_FACE ( 'NONE', ( #7432 ), #10918, .T. ) ;
#6281 = LINE ( 'NONE', #7868, #2715 ) ;
#6282 = DIRECTION ( 'NONE',  ( -0.000000000000000000, -1.000000000000000000, -0.000000000000000000 ) ) ;
#6283 = AXIS2_PLACEMENT_3D ( 'NONE', #846, #2630, #1776 ) ;
#6284 = LINE ( 'NONE', #4455, #10715 ) ;
#6285 = EDGE_CURVE ( 'NONE', #9917, #8471, #3793, .T. ) ;
#6286 = ORIENTED_EDGE ( 'NONE', *, *, #5158, .F. ) ;
#6287 = CARTESIAN_POINT ( 'NONE',  ( 2.082782825172992514, 0.1968503937007874127, -1.626215317893389356 ) ) ;
#6288 = CARTESIAN_POINT ( 'NONE',  ( -0.8910725290249985608, 0.1574803149606299191, 0.2748053906353095099 ) ) ;
#6289 = CARTESIAN_POINT ( 'NONE',  ( -1.253831348055355566, 0.1968503937007873017, -0.1035775226177996777 ) ) ;
#6290 = DIRECTION ( 'NONE',  ( -1.000000000000000000, 0.000000000000000000, -5.782411586589357392E-17 ) ) ;
#6291 = AXIS2_PLACEMENT_3D ( 'NONE', #10759, #10016, #4695 ) ;
#6292 = DIRECTION ( 'NONE',  ( 0.000000000000000000, -1.000000000000000000, 0.000000000000000000 ) ) ;
#6293 = ORIENTED_EDGE ( 'NONE', *, *, #110, .T. ) ;
#6294 = EDGE_CURVE ( 'NONE', #4061, #8850, #11084, .T. ) ;
#6295 = EDGE_CURVE ( 'NONE', #2846, #2959, #10291, .T. ) ;
#6296 = CARTESIAN_POINT ( 'NONE',  ( -0.01910166514976123844, 0.000000000000000000, 2.473700668492355703 ) ) ;
#6297 =( BOUNDED_CURVE ( )  B_SPLINE_CURVE ( 3, ( #2412, #5888, #3062, #11047 ),
 .UNSPECIFIED., .F., .F. ) 
 B_SPLINE_CURVE_WITH_KNOTS ( ( 4, 4 ),
 ( 0.000000000000000000, 1.570796326794896558 ),
 .UNSPECIFIED. ) 
 CURVE ( )  GEOMETRIC_REPRESENTATION_ITEM ( )  RATIONAL_B_SPLINE_CURVE ( ( 1.000000000000000000, 0.8047378541243649375, 0.8047378541243649375, 1.000000000000000000 ) ) 
 REPRESENTATION_ITEM ( '' )  );
#6298 = DIRECTION ( 'NONE',  ( 1.000000000000000000, 0.000000000000000000, -1.734723475976807094E-16 ) ) ;
#6299 = ORIENTED_EDGE ( 'NONE', *, *, #3109, .T. ) ;
#6300 = EDGE_LOOP ( 'NONE', ( #5183, #4983, #3078, #1314 ) ) ;
#6301 = CARTESIAN_POINT ( 'NONE',  ( -0.1221688404577920273, 0.1507476349739039490, 3.186549551908898437 ) ) ;
#6303 = EDGE_LOOP ( 'NONE', ( #267, #10771, #4206, #5178 ) ) ;
#6302 = VECTOR ( 'NONE', #6652, 39.37007874015748143 ) ;
#6304 = VERTEX_POINT ( 'NONE', #7701 ) ;
#6305 = FACE_OUTER_BOUND ( 'NONE', #10315, .T. ) ;
#6306 = VERTEX_POINT ( 'NONE', #4333 ) ;
#6307 = EDGE_LOOP ( 'NONE', ( #5520, #3688, #5975, #1706 ) ) ;
#6308 = VERTEX_POINT ( 'NONE', #6797 ) ;
#6309 = EDGE_CURVE ( 'NONE', #8959, #1013, #4961, .T. ) ;
#6310 = AXIS2_PLACEMENT_3D ( 'NONE', #734, #10412, #10244 ) ;
#6311 = EDGE_CURVE ( 'NONE', #4861, #10014, #9896, .T. ) ;
#6312 = CYLINDRICAL_SURFACE ( 'NONE', #10593, 0.01968503937007875723 ) ;
#6313 = ORIENTED_EDGE ( 'NONE', *, *, #5030, .F. ) ;
#6314 = CARTESIAN_POINT ( 'NONE',  ( 1.559627917323826551, 2.287311901041906737, -0.005152325767405393706 ) ) ;
#6315 = FACE_OUTER_BOUND ( 'NONE', #5477, .T. ) ;
#6316 = DIRECTION ( 'NONE',  ( -1.000000000000000000, 0.000000000000000000, 0.000000000000000000 ) ) ;
#6317 = CARTESIAN_POINT ( 'NONE',  ( 0.01726810063082374544, 0.1771653543307086520, 1.022836886698301750 ) ) ;
#6318 = VECTOR ( 'NONE', #2655, 39.37007874015748143 ) ;
#6319 = ORIENTED_EDGE ( 'NONE', *, *, #1731, .F. ) ;
#6320 = ORIENTED_EDGE ( 'NONE', *, *, #10455, .T. ) ;
#6321 = DIRECTION ( 'NONE',  ( 1.000000000000000000, 0.000000000000000000, 7.950815931560367493E-16 ) ) ;
#6322 = VECTOR ( 'NONE', #10976, 39.37007874015748143 ) ;
#6323 = LINE ( 'NONE', #8029, #11016 ) ;
#6324 = EDGE_CURVE ( 'NONE', #10207, #2514, #668, .T. ) ;
#6325 = ORIENTED_EDGE ( 'NONE', *, *, #9160, .T. ) ;
#6326 = CARTESIAN_POINT ( 'NONE',  ( -1.490051820496300028, 0.1771653543307086520, 0.8737846821066108660 ) ) ;
#6327 = LINE ( 'NONE', #3024, #1628 ) ;
#6328 = CARTESIAN_POINT ( 'NONE',  ( 0.000000000000000000, 0.4724409448818898127, 3.924965784468814611 ) ) ;
#6329 = ORIENTED_EDGE ( 'NONE', *, *, #9590, .F. ) ;
#6330 = CARTESIAN_POINT ( 'NONE',  ( 1.559627917323826551, 2.287311901041906737, -0.3988531131689802001 ) ) ;
#6331 = EDGE_CURVE ( 'NONE', #30, #10803, #2110, .T. ) ;
#6332 = DIRECTION ( 'NONE',  ( 0.000000000000000000, -1.000000000000000000, 0.000000000000000000 ) ) ;
#6333 = ORIENTED_EDGE ( 'NONE', *, *, #1782, .T. ) ;
#6334 = DIRECTION ( 'NONE',  ( -4.625929269271485914E-16, -0.000000000000000000, 1.000000000000000000 ) ) ;
#6335 = CARTESIAN_POINT ( 'NONE',  ( -0.1221688404577920134, 0.1507476349739041432, 3.344484379233457094 ) ) ;
#6336 = EDGE_CURVE ( 'NONE', #4873, #8404, #9641, .T. ) ;
#6337 = DIRECTION ( 'NONE',  ( 0.000000000000000000, 0.000000000000000000, 1.000000000000000000 ) ) ;
#6338 = CARTESIAN_POINT ( 'NONE',  ( 0.6359324314722039073, 0.1771653543307086520, 3.944650823838894649 ) ) ;
#6339 = ORIENTED_EDGE ( 'NONE', *, *, #4042, .T. ) ;
#6340 = VERTEX_POINT ( 'NONE', #7757 ) ;
#6341 = LINE ( 'NONE', #7262, #9875 ) ;
#6342 = DIRECTION ( 'NONE',  ( -0.000000000000000000, 1.000000000000000000, -0.000000000000000000 ) ) ;
#6343 = VERTEX_POINT ( 'NONE', #10236 ) ;
#6344 = CARTESIAN_POINT ( 'NONE',  ( 1.069003297613936532, 0.1771653543307086520, -1.645900357263467617 ) ) ;
#6345 = CARTESIAN_POINT ( 'NONE',  ( 1.420230887557149213, 0.1771653543307086520, 1.034368115785445408 ) ) ;
#6346 = DIRECTION ( 'NONE',  ( 0.000000000000000000, 0.000000000000000000, 1.000000000000000000 ) ) ;
#6347 =( BOUNDED_CURVE ( )  B_SPLINE_CURVE ( 3, ( #2409, #5885, #576, #4079 ),
 .UNSPECIFIED., .F., .F. ) 
 B_SPLINE_CURVE_WITH_KNOTS ( ( 4, 4 ),
 ( 5.934119456780717172, 6.283185307179586232 ),
 .UNSPECIFIED. ) 
 CURVE ( )  GEOMETRIC_REPRESENTATION_ITEM ( )  RATIONAL_B_SPLINE_CURVE ( ( 1.000000000000000000, 0.9898718353414717175, 0.9898718353414717175, 1.000000000000000000 ) ) 
 REPRESENTATION_ITEM ( '' )  );
#6348 = DIRECTION ( 'NONE',  ( 1.000000000000000000, -0.000000000000000000, -9.251858538542969855E-16 ) ) ;
#6349 = ADVANCED_FACE ( 'NONE', ( #5186 ), #10295, .T. ) ;
#6350 = LINE ( 'NONE', #2007, #2222 ) ;
#6351 = DIRECTION ( 'NONE',  ( -0.000000000000000000, 1.000000000000000000, -0.000000000000000000 ) ) ;
#6352 = CARTESIAN_POINT ( 'NONE',  ( -1.854225048842757184, 0.1968503937007874127, -1.764010593483940736 ) ) ;
#6353 = EDGE_LOOP ( 'NONE', ( #5051, #5230, #1939, #7037 ) ) ;
#6354 = ADVANCED_FACE ( 'NONE', ( #2394 ), #2456, .T. ) ;
#6355 = DIRECTION ( 'NONE',  ( 0.000000000000000000, 0.3420201433256694346, 0.9396926207859080948 ) ) ;
#6356 = CARTESIAN_POINT ( 'NONE',  ( 0.000000000000000000, 0.1771653543307086520, 1.022836886698301750 ) ) ;
#6357 = EDGE_LOOP ( 'NONE', ( #2174, #2177, #3114, #10994 ) ) ;
#6358 = ORIENTED_EDGE ( 'NONE', *, *, #192, .F. ) ;
#6359 = CYLINDRICAL_SURFACE ( 'NONE', #4776, 0.01968503937007875723 ) ;
#6360 = ORIENTED_EDGE ( 'NONE', *, *, #5832, .F. ) ;
#6361 = ORIENTED_EDGE ( 'NONE', *, *, #8655, .F. ) ;
#6362 = CARTESIAN_POINT ( 'NONE',  ( 0.000000000000000000, 0.4724409448818898127, 4.161186256909759962 ) ) ;
#6363 = ADVANCED_FACE ( 'NONE', ( #7809 ), #8492, .T. ) ;
#6364 = ORIENTED_EDGE ( 'NONE', *, *, #7753, .T. ) ;
#6365 = VERTEX_POINT ( 'NONE', #3204 ) ;
#6366 = EDGE_LOOP ( 'NONE', ( #10586, #7171, #10147, #3253 ) ) ;
#6367 = AXIS2_PLACEMENT_3D ( 'NONE', #942, #7852, #8033 ) ;
#6368 = CARTESIAN_POINT ( 'NONE',  ( -2.031390403173464865, 2.287311901041906737, -0.005152325767405871622 ) ) ;
#6369 = ORIENTED_EDGE ( 'NONE', *, *, #4247, .T. ) ;
#6370 = FACE_OUTER_BOUND ( 'NONE', #10383, .T. ) ;
#6371 = FACE_OUTER_BOUND ( 'NONE', #10820, .T. ) ;
#6372 = DIRECTION ( 'NONE',  ( 0.000000000000000000, 0.000000000000000000, 1.000000000000000000 ) ) ;
#6373 = VECTOR ( 'NONE', #4394, 39.37007874015748143 ) ;
#6374 = ADVANCED_FACE ( 'NONE', ( #9433 ), #4223, .F. ) ;
#6375 = CARTESIAN_POINT ( 'NONE',  ( 0.03655337338743770009, 0.1529109616598305355, 3.953478700821298375 ) ) ;
#6376 = VECTOR ( 'NONE', #11081, 39.37007874015748143 ) ;
#6377 = EDGE_CURVE ( 'NONE', #7439, #9478, #8610, .T. ) ;
#6378 = ORIENTED_EDGE ( 'NONE', *, *, #6222, .F. ) ;
#6379 = DIRECTION ( 'NONE',  ( -0.3236155771181852825, 0.8891264907159878161, 0.3236155771181852270 ) ) ;
#6380 = CARTESIAN_POINT ( 'NONE',  ( -0.8906727624115339248, 0.1529109616598305632, 3.953478700821298375 ) ) ;
#6381 = ORIENTED_EDGE ( 'NONE', *, *, #1755, .T. ) ;
#6382 = DIMENSIONAL_EXPONENTS ( 1.000000000000000000, 0.000000000000000000, 0.000000000000000000, 0.000000000000000000, 0.000000000000000000, 0.000000000000000000, 0.000000000000000000 ) ;
#6383 = VECTOR ( 'NONE', #9080, 39.37007874015748143 ) ;
#6384 = VECTOR ( 'NONE', #5157, 39.37007874015748143 ) ;
#6385 = CARTESIAN_POINT ( 'NONE',  ( -0.01910166514976072497, 0.000000000000000000, 3.289616727216929437 ) ) ;
#6386 = DIRECTION ( 'NONE',  ( -0.000000000000000000, 1.000000000000000000, -0.000000000000000000 ) ) ;
#6387 = DIRECTION ( 'NONE',  ( 1.000000000000000000, 0.000000000000000000, -1.541976423090495387E-16 ) ) ;
#6388 = VERTEX_POINT ( 'NONE', #6906 ) ;
#6389 = CARTESIAN_POINT ( 'NONE',  ( 7.632456370201917469E-16, 0.1574803149606299191, 1.649929327908620458 ) ) ;
#6390 = EDGE_CURVE ( 'NONE', #5109, #252, #6682, .T. ) ;
#6391 = AXIS2_PLACEMENT_3D ( 'NONE', #9923, #463, #4760 ) ;
#6392 = VECTOR ( 'NONE', #10871, 39.37007874015748143 ) ;
#6393 = ORIENTED_EDGE ( 'NONE', *, *, #3773, .F. ) ;
#6394 = DIRECTION ( 'NONE',  ( 0.000000000000000000, 0.000000000000000000, 1.000000000000000000 ) ) ;
#6395 = VERTEX_POINT ( 'NONE', #6039 ) ;
#6396 = CARTESIAN_POINT ( 'NONE',  ( 0.8046696754339732749, 0.1574803149606299191, 0.8822127924755501782 ) ) ;
#6397 = FACE_BOUND ( 'NONE', #8086, .T. ) ;
#6398 = CARTESIAN_POINT ( 'NONE',  ( 0.01726810063082680896, 0.1574803149606299191, 1.372954896033654359E-17 ) ) ;
#6399 = DIRECTION ( 'NONE',  ( 4.625929269271465206E-16, 0.000000000000000000, -1.000000000000000000 ) ) ;
#6400 = VERTEX_POINT ( 'NONE', #2868 ) ;
#6401 = CARTESIAN_POINT ( 'NONE',  ( -1.498479930865239007, 0.1574803149606299191, 2.577954996934521681 ) ) ;
#6402 = DIRECTION ( 'NONE',  ( 1.000000000000000000, -0.000000000000000000, -0.000000000000000000 ) ) ;
#6403 = ORIENTED_EDGE ( 'NONE', *, *, #4275, .T. ) ;
#6404 = VECTOR ( 'NONE', #6501, 39.37007874015748143 ) ;
#6405 = CARTESIAN_POINT ( 'NONE',  ( -0.7307633954321682834, 0.1574803149606299191, -1.690229889920940040E-16 ) ) ;
#6406 = CARTESIAN_POINT ( 'NONE',  ( 0.8046696754339732749, 0.1551781507868630339, 1.649929327908620680 ) ) ;
#6407 = VERTEX_POINT ( 'NONE', #2622 ) ;
#6408 = DIRECTION ( 'NONE',  ( 0.000000000000000000, -1.000000000000000000, 0.000000000000000000 ) ) ;
#6409 = LINE ( 'NONE', #9912, #3747 ) ;
#6410 = EDGE_CURVE ( 'NONE', #6803, #383, #6726, .T. ) ;
#6411 = DIRECTION ( 'NONE',  ( -0.000000000000000000, -1.000000000000000000, 0.000000000000000000 ) ) ;
#6412 = VECTOR ( 'NONE', #9071, 39.37007874015748143 ) ;
#6413 = PLANE ( 'NONE',  #8802 ) ;
#6414 = LINE ( 'NONE', #2123, #9536 ) ;
#6415 = DIRECTION ( 'NONE',  ( 0.000000000000000000, -0.9396926207859080948, 0.3420201433256694346 ) ) ;
#6416 = CARTESIAN_POINT ( 'NONE',  ( 1.468131882424877688, 0.000000000000000000, 1.641501217539681479 ) ) ;
#6417 = ORIENTED_EDGE ( 'NONE', *, *, #10239, .F. ) ;
#6418 = EDGE_CURVE ( 'NONE', #9478, #10544, #557, .T. ) ;
#6419 = CARTESIAN_POINT ( 'NONE',  ( -1.554534736015903196, 0.000000000000000000, 0.9382675976262138118 ) ) ;
#6420 =( BOUNDED_CURVE ( )  B_SPLINE_CURVE ( 3, ( #9829, #1127, #4612, #6737 ),
 .UNSPECIFIED., .F., .F. ) 
 B_SPLINE_CURVE_WITH_KNOTS ( ( 4, 4 ),
 ( 1.570796326794896558, 3.141592653589793116 ),
 .UNSPECIFIED. ) 
 CURVE ( )  GEOMETRIC_REPRESENTATION_ITEM ( )  RATIONAL_B_SPLINE_CURVE ( ( 1.000000000000000000, 0.8047378541243649375, 0.8047378541243649375, 1.000000000000000000 ) ) 
 REPRESENTATION_ITEM ( '' )  );
#6421 = EDGE_LOOP ( 'NONE', ( #5648, #5785 ) ) ;
#6422 = AXIS2_PLACEMENT_3D ( 'NONE', #9279, #5731, #4817 ) ;
#6423 = CARTESIAN_POINT ( 'NONE',  ( -0.8910725290249985608, 0.1574803149606299191, 1.810238461501450846 ) ) ;
#6424 = VERTEX_POINT ( 'NONE', #892 ) ;
#6425 = EDGE_CURVE ( 'NONE', #6970, #5973, #151, .T. ) ;
#6426 = ORIENTED_EDGE ( 'NONE', *, *, #9881, .T. ) ;
#6427 = CARTESIAN_POINT ( 'NONE',  ( -0.7307633954321682834, 0.1574803149606299191, 0.2748053906353095655 ) ) ;
#6428 = ORIENTED_EDGE ( 'NONE', *, *, #10115, .F. ) ;
#6429 = EDGE_LOOP ( 'NONE', ( #5844, #8503, #7747, #2038 ) ) ;
#6430 = AXIS2_PLACEMENT_3D ( 'NONE', #2858, #272, #10794 ) ;
#6431 = ADVANCED_FACE ( 'NONE', ( #4505 ), #2680, .T. ) ;
#6432 = AXIS2_PLACEMENT_3D ( 'NONE', #1029, #4637, #2938 ) ;
#6433 = ORIENTED_EDGE ( 'NONE', *, *, #10559, .T. ) ;
#6434 = DIRECTION ( 'NONE',  ( 1.000000000000000000, 0.000000000000000000, 4.625929269271495775E-16 ) ) ;
#6435 = CARTESIAN_POINT ( 'NONE',  ( 2.082782825172992514, 0.1968503937007874127, 0.000000000000000000 ) ) ;
#6436 = DIRECTION ( 'NONE',  ( 0.000000000000000000, 0.000000000000000000, 1.000000000000000000 ) ) ;
#6437 = DIRECTION ( 'NONE',  ( 1.000000000000000000, 0.000000000000000000, 1.156482317317871725E-16 ) ) ;
#6438 = FACE_OUTER_BOUND ( 'NONE', #5673, .T. ) ;
#6439 = VECTOR ( 'NONE', #3775, 39.37007874015748143 ) ;
#6440 = CARTESIAN_POINT ( 'NONE',  ( 1.747168107202559550, 0.000000000000000000, 1.077862474882601784 ) ) ;
#6441 = VERTEX_POINT ( 'NONE', #7202 ) ;
#6442 = VECTOR ( 'NONE', #11197, 39.37007874015748143 ) ;
#6443 = EDGE_CURVE ( 'NONE', #8829, #9596, #3541, .T. ) ;
#6444 = ADVANCED_FACE ( 'NONE', ( #1769, #6213 ), #4625, .T. ) ;
#6445 = CARTESIAN_POINT ( 'NONE',  ( 0.04538125036984168997, 0.1771653543307086520, 3.176934288405823370 ) ) ;
#6446 = CARTESIAN_POINT ( 'NONE',  ( -0.7504484348022469886, 0.1771653543307086520, 2.558269957564442976 ) ) ;
#6447 = VECTOR ( 'NONE', #9392, 39.37007874015748143 ) ;
#6448 = ORIENTED_EDGE ( 'NONE', *, *, #1613, .T. ) ;
#6449 = EDGE_CURVE ( 'NONE', #7862, #3699, #10634, .T. ) ;
#6450 = CARTESIAN_POINT ( 'NONE',  ( 1.413264230408350031, 0.1507476349739041155, 0.2736182375011737555 ) ) ;
#6451 = DIRECTION ( 'NONE',  ( 0.000000000000000000, 0.000000000000000000, -1.000000000000000000 ) ) ;
#6452 = CARTESIAN_POINT ( 'NONE',  ( 0.000000000000000000, 0.1574803149606299191, 0.9018978318456289944 ) ) ;
#6453 = FACE_BOUND ( 'NONE', #2164, .T. ) ;
#6454 = CYLINDRICAL_SURFACE ( 'NONE', #9119, 0.01968503937007873988 ) ;
#6455 = DIRECTION ( 'NONE',  ( -0.000000000000000000, -1.000000000000000000, -0.000000000000000000 ) ) ;
#6456 = ORIENTED_EDGE ( 'NONE', *, *, #10536, .F. ) ;
#6457 = CARTESIAN_POINT ( 'NONE',  ( 0.7486148702833097524, 0.000000000000000000, 3.241417203925426094 ) ) ;
#6458 = LINE ( 'NONE', #1201, #2352 ) ;
#6459 = FACE_BOUND ( 'NONE', #6421, .T. ) ;
#6460 = DIRECTION ( 'NONE',  ( 0.000000000000000000, 0.000000000000000000, 1.000000000000000000 ) ) ;
#6461 = ORIENTED_EDGE ( 'NONE', *, *, #5173, .F. ) ;
#6462 = LINE ( 'NONE', #4573, #8331 ) ;
#6463 = CARTESIAN_POINT ( 'NONE',  ( -1.549106938606536144, 0.000000000000000000, 4.013548461634169229 ) ) ;
#6464 = PLANE ( 'NONE',  #9915 ) ;
#6465 = DIRECTION ( 'NONE',  ( 0.000000000000000000, -0.000000000000000000, -1.000000000000000000 ) ) ;
#6466 = CARTESIAN_POINT ( 'NONE',  ( 0.000000000000000000, 0.000000000000000000, -1.645900357263467839 ) ) ;
#6467 = VERTEX_POINT ( 'NONE', #8726 ) ;
#6468 = VECTOR ( 'NONE', #5778, 39.37007874015748143 ) ;
#6469 = EDGE_CURVE ( 'NONE', #6533, #10384, #1825, .T. ) ;
#6470 = DIRECTION ( 'NONE',  ( 0.000000000000000000, 0.000000000000000000, -1.000000000000000000 ) ) ;
#6471 = LINE ( 'NONE', #2127, #1191 ) ;
#6472 = ORIENTED_EDGE ( 'NONE', *, *, #3472, .F. ) ;
#6473 = FACE_OUTER_BOUND ( 'NONE', #10355, .T. ) ;
#6474 = AXIS2_PLACEMENT_3D ( 'NONE', #5200, #7714, #6922 ) ;
#6475 = EDGE_LOOP ( 'NONE', ( #2649, #10795, #5130, #7647 ) ) ;
#6476 = CARTESIAN_POINT ( 'NONE',  ( 0.8130977858029125871, 0.1507476349739041155, 0.8833999456096859326 ) ) ;
#6477 = FACE_OUTER_BOUND ( 'NONE', #567, .T. ) ;
#6478 = VERTEX_POINT ( 'NONE', #4390 ) ;
#6479 = CARTESIAN_POINT ( 'NONE',  ( -0.8995006393939378730, 0.1771653543307086520, 2.409217752972752535 ) ) ;
#6480 = AXIS2_PLACEMENT_3D ( 'NONE', #1088, #10812, #505 ) ;
#6481 = ORIENTED_EDGE ( 'NONE', *, *, #10186, .T. ) ;
#6482 = ORIENTED_EDGE ( 'NONE', *, *, #10002, .T. ) ;
#6483 = EDGE_CURVE ( 'NONE', #365, #3348, #8253, .T. ) ;
#6484 = EDGE_CURVE ( 'NONE', #3391, #2051, #6276, .T. ) ;
#6485 = FACE_OUTER_BOUND ( 'NONE', #5321, .T. ) ;
#6486 = VECTOR ( 'NONE', #8526, 39.37007874015748854 ) ;
#6487 = VERTEX_POINT ( 'NONE', #1076 ) ;
#6488 = CARTESIAN_POINT ( 'NONE',  ( -0.7319505485663040378, 0.1507476349739040877, 1.041334772934244590 ) ) ;
#6489 = LINE ( 'NONE', #10149, #5406 ) ;
#6490 = DIRECTION ( 'NONE',  ( 0.5031907286678238833, 0.000000000000000000, -0.8641753818425657041 ) ) ;
#6491 = AXIS2_PLACEMENT_3D ( 'NONE', #10426, #10703, #6346 ) ;
#6492 = ADVANCED_FACE ( 'NONE', ( #1998 ), #1017, .F. ) ;
#6493 = FACE_BOUND ( 'NONE', #8757, .T. ) ;
#6494 = VECTOR ( 'NONE', #8677, 39.37007874015748143 ) ;
#6495 = CARTESIAN_POINT ( 'NONE',  ( -2.169185678764017133, 0.5905511811023621549, -1.941175947814649305 ) ) ;
#6496 = EDGE_LOOP ( 'NONE', ( #7720, #7571, #50, #10705 ) ) ;
#6497 = EDGE_CURVE ( 'NONE', #3159, #360, #7099, .T. ) ;
#6498 = EDGE_CURVE ( 'NONE', #6827, #2847, #4566, .T. ) ;
#6499 =( BOUNDED_CURVE ( )  B_SPLINE_CURVE ( 3, ( #1150, #3790, #10758, #3843 ),
 .UNSPECIFIED., .F., .F. ) 
 B_SPLINE_CURVE_WITH_KNOTS ( ( 4, 4 ),
 ( 3.141592653589793116, 3.490658503988663952 ),
 .UNSPECIFIED. ) 
 CURVE ( )  GEOMETRIC_REPRESENTATION_ITEM ( )  RATIONAL_B_SPLINE_CURVE ( ( 1.000000000000000000, 0.9898718353414717175, 0.9898718353414717175, 1.000000000000000000 ) ) 
 REPRESENTATION_ITEM ( '' )  );
#6500 = CARTESIAN_POINT ( 'NONE',  ( 0.8130977858029126981, 0.1771653543307086520, 1.050950036437319657 ) ) ;
#6501 = DIRECTION ( 'NONE',  ( -2.379584353717864084E-16, 0.000000000000000000, 1.000000000000000000 ) ) ;
#6502 = VECTOR ( 'NONE', #8647, 39.37007874015748143 ) ;
#6503 = DIRECTION ( 'NONE',  ( -0.000000000000000000, -1.000000000000000000, -0.000000000000000000 ) ) ;
#6504 = ORIENTED_EDGE ( 'NONE', *, *, #9081, .F. ) ;
#6505 = CARTESIAN_POINT ( 'NONE',  ( -1.677059694512046839, 0.1968503937007874127, 4.259611453760153488 ) ) ;
#6506 = EDGE_CURVE ( 'NONE', #1851, #6009, #5485, .T. ) ;
#6507 = ORIENTED_EDGE ( 'NONE', *, *, #3702, .F. ) ;
#6508 = PLANE ( 'NONE',  #9359 ) ;
#6509 = LINE ( 'NONE', #3031, #6917 ) ;
#6510 = CARTESIAN_POINT ( 'NONE',  ( 0.000000000000000000, 0.1574803149606299191, 3.205047438144841276 ) ) ;
#6511 = AXIS2_PLACEMENT_3D ( 'NONE', #688, #582, #5840 ) ;
#6512 = CARTESIAN_POINT ( 'NONE',  ( 0.000000000000000000, 0.1574803149606299191, 1.790553422131372141 ) ) ;
#6513 = CARTESIAN_POINT ( 'NONE',  ( -1.499667083999374873, 0.1507476349739041155, 2.576767843800386260 ) ) ;
#6514 = ORIENTED_EDGE ( 'NONE', *, *, #9403, .T. ) ;
#6515 = CARTESIAN_POINT ( 'NONE',  ( 0.8046696754339736080, 0.1574803149606299191, 0.2748053906353093989 ) ) ;
#6516 = LINE ( 'NONE', #5605, #9118 ) ;
#6517 = CARTESIAN_POINT ( 'NONE',  ( 2.043412746432833327, 0.5905511811023621549, -2.039601144665043719 ) ) ;
#6518 = ORIENTED_EDGE ( 'NONE', *, *, #2917, .F. ) ;
#6519 = EDGE_LOOP ( 'NONE', ( #8064, #3968, #303, #6124 ) ) ;
#6520 = CARTESIAN_POINT ( 'NONE',  ( 0.8130977858029125871, 0.000000000000000000, 4.009133739358497373 ) ) ;
#6521 = EDGE_CURVE ( 'NONE', #3321, #8352, #851, .T. ) ;
#6522 = CARTESIAN_POINT ( 'NONE',  ( 0.6455476949752790850, 0.1507476349739041155, 2.409217752972752979 ) ) ;
#6523 = EDGE_CURVE ( 'NONE', #10622, #1281, #3719, .T. ) ;
#6524 = DIRECTION ( 'NONE',  ( 0.000000000000000000, 1.000000000000000000, 0.000000000000000000 ) ) ;
#6525 = CARTESIAN_POINT ( 'NONE',  ( 0.8046696754339730528, 0.1551781507868630616, 1.810238461501450624 ) ) ;
#6526 = ORIENTED_EDGE ( 'NONE', *, *, #6755, .F. ) ;
#6527 = CARTESIAN_POINT ( 'NONE',  ( -0.8350177238743345942, 0.000000000000000000, 3.289616727216929437 ) ) ;
#6528 = CARTESIAN_POINT ( 'NONE',  ( 0.01726810063082366911, 0.1771653543307086520, 1.669614367278699829 ) ) ;
#6529 = EDGE_LOOP ( 'NONE', ( #10480, #3937, #11309, #1604 ) ) ;
#6530 = PLANE ( 'NONE',  #8751 ) ;
#6531 = EDGE_LOOP ( 'NONE', ( #4800, #9767, #8073, #7898 ) ) ;
#6532 = CARTESIAN_POINT ( 'NONE',  ( -0.8713874896549197446, 0.1574803149606299191, -2.015488446635848950E-16 ) ) ;
#6533 = VERTEX_POINT ( 'NONE', #10906 ) ;
#6534 = EDGE_LOOP ( 'NONE', ( #5069, #10826, #261, #8839, #2125, #5818, #1919, #8430 ) ) ;
#6535 = LINE ( 'NONE', #519, #2668 ) ;
#6536 = EDGE_CURVE ( 'NONE', #8402, #1735, #1264, .T. ) ;
#6537 = ORIENTED_EDGE ( 'NONE', *, *, #9407, .F. ) ;
#6538 = EDGE_LOOP ( 'NONE', ( #7534, #10920, #2996, #8607 ) ) ;
#6539 = CARTESIAN_POINT ( 'NONE',  ( -1.854225048842756296, 0.5905511811023621549, 1.089888905898577232 ) ) ;
#6540 = ORIENTED_EDGE ( 'NONE', *, *, #541, .F. ) ;
#6541 = EDGE_CURVE ( 'NONE', #3290, #1871, #11013, .T. ) ;
#6542 = DIRECTION ( 'NONE',  ( -4.625929269271485914E-16, 0.000000000000000000, 1.000000000000000000 ) ) ;
#6543 = CARTESIAN_POINT ( 'NONE',  ( -0.1233559935919277123, 0.1551781507868631171, 1.042521926068380456 ) ) ;
#6544 = FACE_OUTER_BOUND ( 'NONE', #8760, .T. ) ;
#6545 = DIRECTION ( 'NONE',  ( -1.011922027653137636E-16, 0.000000000000000000, 1.000000000000000000 ) ) ;
#6546 = EDGE_CURVE ( 'NONE', #11074, #11255, #10750, .T. ) ;
#6547 = VECTOR ( 'NONE', #3431, 39.37007874015748854 ) ;
#6548 = FACE_BOUND ( 'NONE', #4664, .T. ) ;
#6549 = FACE_OUTER_BOUND ( 'NONE', #2893, .T. ) ;
#6550 = CARTESIAN_POINT ( 'NONE',  ( -0.7307633954321687275, 0.1574803149606299191, 2.417645863341691737 ) ) ;
#6551 = AXIS2_PLACEMENT_3D ( 'NONE', #1713, #5190, #9727 ) ;
#6552 = EDGE_CURVE ( 'NONE', #2576, #9927, #3135, .T. ) ;
#6553 = LINE ( 'NONE', #1242, #10248 ) ;
#6554 = AXIS2_PLACEMENT_3D ( 'NONE', #36, #8782, #7921 ) ;
#6555 = ORIENTED_EDGE ( 'NONE', *, *, #2669, .T. ) ;
#6556 = DIRECTION ( 'NONE',  ( -1.000000000000000000, 0.000000000000000000, -2.379584353717864084E-16 ) ) ;
#6557 = ADVANCED_FACE ( 'NONE', ( #9258 ), #8165, .F. ) ;
#6558 = CYLINDRICAL_SURFACE ( 'NONE', #6609, 0.01968503937007875723 ) ;
#6559 = DIRECTION ( 'NONE',  ( 1.000000000000000000, 0.000000000000000000, 1.156482317317871725E-16 ) ) ;
#6560 = VECTOR ( 'NONE', #6139, 39.37007874015748143 ) ;
#6561 = AXIS2_PLACEMENT_3D ( 'NONE', #8043, #2799, #4503 ) ;
#6562 =( BOUNDED_CURVE ( )  B_SPLINE_CURVE ( 3, ( #3208, #2340, #7594, #11088 ),
 .UNSPECIFIED., .F., .F. ) 
 B_SPLINE_CURVE_WITH_KNOTS ( ( 4, 4 ),
 ( 5.934119456780720725, 6.283185307179586232 ),
 .UNSPECIFIED. ) 
 CURVE ( )  GEOMETRIC_REPRESENTATION_ITEM ( )  RATIONAL_B_SPLINE_CURVE ( ( 1.000000000000000000, 0.9898718353414720506, 0.9898718353414720506, 1.000000000000000000 ) ) 
 REPRESENTATION_ITEM ( '' )  );
#6563 = CARTESIAN_POINT ( 'NONE',  ( 0.8034825222998372984, 0.1507476349739041432, 2.409217752972752535 ) ) ;
#6564 = DIRECTION ( 'NONE',  ( -0.000000000000000000, 0.000000000000000000, 1.000000000000000000 ) ) ;
#6565 = DIRECTION ( 'NONE',  ( -0.3420201433256694346, 0.9396926207859080948, 0.000000000000000000 ) ) ;
#6566 = EDGE_CURVE ( 'NONE', #8188, #8351, #3835, .T. ) ;
#6567 = CARTESIAN_POINT ( 'NONE',  ( 0.6447603084546077445, 0.1529109616598306465, 3.185762165388227540 ) ) ;
#6568 = ORIENTED_EDGE ( 'NONE', *, *, #7853, .T. ) ;
#6569 = EDGE_LOOP ( 'NONE', ( #11259, #7018, #7106, #8683 ) ) ;
#6570 = VECTOR ( 'NONE', #7650, 39.37007874015748143 ) ;
#6571 = VECTOR ( 'NONE', #1344, 39.37007874015748143 ) ;
#6572 = LINE ( 'NONE', #6520, #7557 ) ;
#6573 = CARTESIAN_POINT ( 'NONE',  ( -0.8713874896549171911, 0.1574803149606299191, -6.046465339907528608E-16 ) ) ;
#6574 = LINE ( 'NONE', #667, #6249 ) ;
#6575 = CARTESIAN_POINT ( 'NONE',  ( 1.412077077274214387, 0.1574803149606299191, 3.185362398774762571 ) ) ;
#6577 = ORIENTED_EDGE ( 'NONE', *, *, #3572, .T. ) ;
#6576 = CARTESIAN_POINT ( 'NONE',  ( -1.490051820496299806, 0.1771653543307086520, 3.354099642736532161 ) ) ;
#6578 = CARTESIAN_POINT ( 'NONE',  ( 2.162492031332400977, 0.5905511811023621549, 0.3645887790943974083 ) ) ;
#6579 = CARTESIAN_POINT ( 'NONE',  ( 0.7004153469918068531, 3.414809992080329023E-17, 0.9382675976262138118 ) ) ;
#6580 = CYLINDRICAL_SURFACE ( 'NONE', #9594, 0.01968503937007875723 ) ;
#6581 = VERTEX_POINT ( 'NONE', #9030 ) ;
#6582 = ADVANCED_FACE ( 'NONE', ( #7421 ), #337, .F. ) ;
#6583 = DIRECTION ( 'NONE',  ( 1.000000000000000000, 0.000000000000000000, 9.251858538542971828E-16 ) ) ;
#6584 = EDGE_CURVE ( 'NONE', #3958, #518, #3645, .T. ) ;
#6585 = ORIENTED_EDGE ( 'NONE', *, *, #4802, .F. ) ;
#6586 = CARTESIAN_POINT ( 'NONE',  ( -0.8910725290249985608, 0.1574803149606299191, 2.417645863341691737 ) ) ;
#6587 = ORIENTED_EDGE ( 'NONE', *, *, #190, .F. ) ;
#6588 = ORIENTED_EDGE ( 'NONE', *, *, #4042, .F. ) ;
#6589 = PLANE ( 'NONE',  #644 ) ;
#6590 = CIRCLE ( 'NONE', #7848, 0.09448818897637792369 ) ;
#6591 = ORIENTED_EDGE ( 'NONE', *, *, #2875, .F. ) ;
#6592 = LINE ( 'NONE', #7346, #1832 ) ;
#6593 = CARTESIAN_POINT ( 'NONE',  ( -1.490051820496300250, 0.1507476349739040877, 1.651116481042756767 ) ) ;
#6594 = ORIENTED_EDGE ( 'NONE', *, *, #7484, .F. ) ;
#6595 = AXIS2_PLACEMENT_3D ( 'NONE', #308, #7101, #10827 ) ;
#6596 = EDGE_LOOP ( 'NONE', ( #8754, #4883, #231, #487 ) ) ;
#6597 = DIRECTION ( 'NONE',  ( -4.625929269271465206E-16, 0.000000000000000000, -1.000000000000000000 ) ) ;
#6598 = DIRECTION ( 'NONE',  ( 0.000000000000000000, 0.000000000000000000, -1.000000000000000000 ) ) ;
#6599 = CARTESIAN_POINT ( 'NONE',  ( 0.000000000000000000, 0.1771653543307086520, -0.4978645713515195692 ) ) ;
#6600 = AXIS2_PLACEMENT_3D ( 'NONE', #11072, #1529, #11020 ) ;
#6601 = FACE_OUTER_BOUND ( 'NONE', #7251, .T. ) ;
#6602 = FACE_OUTER_BOUND ( 'NONE', #7448, .T. ) ;
#6603 = CIRCLE ( 'NONE', #5320, 0.1377952755905512972 ) ;
#6604 = ADVANCED_FACE ( 'NONE', ( #390 ), #7311, .T. ) ;
#6605 = LINE ( 'NONE', #11004, #8374 ) ;
#6606 = LINE ( 'NONE', #488, #5111 ) ;
#6607 = ORIENTED_EDGE ( 'NONE', *, *, #555, .T. ) ;
#6608 = CARTESIAN_POINT ( 'NONE',  ( 0.6443605418411432195, 0.1574803149606299191, 1.042521926068380234 ) ) ;
#6609 = AXIS2_PLACEMENT_3D ( 'NONE', #5705, #4891, #11065 ) ;
#6610 = DIRECTION ( 'NONE',  ( 0.000000000000000000, -1.000000000000000000, 0.000000000000000000 ) ) ;
#6611 = CARTESIAN_POINT ( 'NONE',  ( 0.8046696754339741631, 0.1574803149606299191, 3.345671532367592516 ) ) ;
#6612 = ADVANCED_FACE ( 'NONE', ( #8275 ), #6454, .T. ) ;
#6613 = ORIENTED_EDGE ( 'NONE', *, *, #7609, .F. ) ;
#6614 = DIRECTION ( 'NONE',  ( -7.950815931560367493E-16, 0.000000000000000000, 1.000000000000000000 ) ) ;
#6615 = AXIS2_PLACEMENT_3D ( 'NONE', #998, #3701, #7184 ) ;
#6616 = ADVANCED_FACE ( 'NONE', ( #5601 ), #446, .T. ) ;
#6617 = CARTESIAN_POINT ( 'NONE',  ( -0.7223352850632289712, 0.1771653543307086520, 1.050950036437319657 ) ) ;
#6618 = EDGE_CURVE ( 'NONE', #5809, #3637, #3081, .T. ) ;
#6619 = LINE ( 'NONE', #10118, #9153 ) ;
#6620 = VECTOR ( 'NONE', #3044, 39.37007874015748143 ) ;
#6621 = DIRECTION ( 'NONE',  ( 0.9396926207859080948, 0.3420201433256694346, 1.086737899652991125E-16 ) ) ;
#6622 = ORIENTED_EDGE ( 'NONE', *, *, #58, .F. ) ;
#6623 = ORIENTED_EDGE ( 'NONE', *, *, #428, .F. ) ;
#6624 = LINE ( 'NONE', #5008, #6085 ) ;
#6625 = DIRECTION ( 'NONE',  ( 0.000000000000000000, 0.000000000000000000, -1.000000000000000000 ) ) ;
#6626 = CARTESIAN_POINT ( 'NONE',  ( -0.7307633954321681724, 0.1551781507868630616, 2.577954996934522125 ) ) ;
#6627 = ADVANCED_FACE ( 'NONE', ( #3035 ), #2273, .T. ) ;
#6628 = AXIS2_PLACEMENT_3D ( 'NONE', #6260, #9763, #6891 ) ;
#6629 = DIRECTION ( 'NONE',  ( -0.000000000000000000, 0.000000000000000000, 1.000000000000000000 ) ) ;
#6630 = EDGE_LOOP ( 'NONE', ( #4709, #4591, #8419, #9652 ) ) ;
#6631 = ORIENTED_EDGE ( 'NONE', *, *, #10223, .F. ) ;
#6632 = CARTESIAN_POINT ( 'NONE',  ( 0.5740857532712967393, 0.3470877061559770604, 0.3450801792051558792 ) ) ;
#6633 = EDGE_CURVE ( 'NONE', #2573, #6194, #5960, .T. ) ;
#6634 = CARTESIAN_POINT ( 'NONE',  ( -0.7223352850632291933, 0.1771653543307086520, 3.354099642736532161 ) ) ;
#6635 = ORIENTED_EDGE ( 'NONE', *, *, #3888, .T. ) ;
#6636 = PLANE ( 'NONE',  #3468 ) ;
#6637 = ORIENTED_EDGE ( 'NONE', *, *, #8311, .F. ) ;
#6638 = FACE_OUTER_BOUND ( 'NONE', #7426, .T. ) ;
#6639 = DIRECTION ( 'NONE',  ( 0.000000000000000000, 0.000000000000000000, 1.000000000000000000 ) ) ;
#6640 = AXIS2_PLACEMENT_3D ( 'NONE', #4668, #9995, #5588 ) ;
#6641 = CARTESIAN_POINT ( 'NONE',  ( -1.814854970102599108, 0.1771653543307086520, 3.148271522130164948E-16 ) ) ;
#6642 = ORIENTED_EDGE ( 'NONE', *, *, #5632, .T. ) ;
#6643 = VERTEX_POINT ( 'NONE', #498 ) ;
#6644 = EDGE_CURVE ( 'NONE', #5887, #5681, #435, .T. ) ;
#6645 = LINE ( 'NONE', #10143, #346 ) ;
#6646 = ORIENTED_EDGE ( 'NONE', *, *, #9768, .F. ) ;
#6647 = ORIENTED_EDGE ( 'NONE', *, *, #7308, .T. ) ;
#6648 = FACE_OUTER_BOUND ( 'NONE', #10274, .T. ) ;
#6649 = VECTOR ( 'NONE', #4677, 39.37007874015748143 ) ;
#6650 = CYLINDRICAL_SURFACE ( 'NONE', #98, 0.01968503937007875723 ) ;
#6651 = CARTESIAN_POINT ( 'NONE',  ( -0.1936307821617741787, 0.3470877061559770604, 0.8119380039057036980 ) ) ;
#6652 = DIRECTION ( 'NONE',  ( -1.000000000000000000, 0.000000000000000000, 0.000000000000000000 ) ) ;
#6653 = EDGE_CURVE ( 'NONE', #4387, #6091, #2324, .T. ) ;
#6654 = CARTESIAN_POINT ( 'NONE',  ( 0.04538125036984168997, 0.1771653543307086520, 3.944650823838894205 ) ) ;
#6655 = AXIS2_PLACEMENT_3D ( 'NONE', #10044, #9183, #4882 ) ;
#6656 = CARTESIAN_POINT ( 'NONE',  ( -1.833570960793583726, 0.000000000000000000, 1.077862474882603339 ) ) ;
#6657 = DIRECTION ( 'NONE',  ( 0.000000000000000000, -1.000000000000000000, 0.000000000000000000 ) ) ;
#6658 = DIRECTION ( 'NONE',  ( -0.000000000000000000, -1.000000000000000000, 0.000000000000000000 ) ) ;
#6659 = SHAPE_REPRESENTATION_RELATIONSHIP ( 'NONE' , 'NONE' ,  #3229, #7716 ) ;
#6660 = ORIENTED_EDGE ( 'NONE', *, *, #5741, .T. ) ;
#6661 = CARTESIAN_POINT ( 'NONE',  ( 0.01726810063082367258, 0.1771653543307086520, 2.437330902711770442 ) ) ;
#6662 = VECTOR ( 'NONE', #2055, 39.37007874015748143 ) ;
#6663 = ORIENTED_EDGE ( 'NONE', *, *, #1620, .F. ) ;
#6664 = EDGE_CURVE ( 'NONE', #3464, #6827, #3189, .T. ) ;
#6665 = FACE_OUTER_BOUND ( 'NONE', #7835, .T. ) ;
#6666 = DIRECTION ( 'NONE',  ( 0.000000000000000000, -0.000000000000000000, -1.000000000000000000 ) ) ;
#6667 = AXIS2_PLACEMENT_3D ( 'NONE', #7060, #6316, #4425 ) ;
#6668 = VECTOR ( 'NONE', #16, 39.37007874015748143 ) ;
#6669 = CARTESIAN_POINT ( 'NONE',  ( -0.1036709542218490210, 0.1771653543307086520, 3.205047438144841276 ) ) ;
#6670 = CARTESIAN_POINT ( 'NONE',  ( 1.697423192914377932, 0.1968503937007874127, -0.3988531131689802001 ) ) ;
#6671 = DIRECTION ( 'NONE',  ( 1.000000000000000000, 0.000000000000000000, 2.312964634635747887E-16 ) ) ;
#6672 = EDGE_LOOP ( 'NONE', ( #9599, #5987, #4914, #2331 ) ) ;
#6673 = ORIENTED_EDGE ( 'NONE', *, *, #2766, .T. ) ;
#6674 = EDGE_CURVE ( 'NONE', #3348, #2557, #8477, .T. ) ;
#6675 = CARTESIAN_POINT ( 'NONE',  ( 0.7965158651510384491, 0.1771653543307086243, 0.8903666027584848930 ) ) ;
#6676 = ORIENTED_EDGE ( 'NONE', *, *, #6633, .T. ) ;
#6677 = VECTOR ( 'NONE', #4082, 39.37007874015748143 ) ;
#6678 = CARTESIAN_POINT ( 'NONE',  ( 0.8046696754339733859, 0.1574803149606299191, 3.953078934207833406 ) ) ;
#6679 = ADVANCED_FACE ( 'NONE', ( #713 ), #1525, .T. ) ;
#6680 = CARTESIAN_POINT ( 'NONE',  ( -0.8601305606537800186, -0.2952755905511810774, -0.1075145304918145167 ) ) ;
#6681 = DIRECTION ( 'NONE',  ( 1.000000000000000000, 0.000000000000000000, 0.000000000000000000 ) ) ;
#6682 = LINE ( 'NONE', #10404, #4538 ) ;
#6683 = ORIENTED_EDGE ( 'NONE', *, *, #2042, .F. ) ;
#6684 = ORIENTED_EDGE ( 'NONE', *, *, #1928, .F. ) ;
#6685 = DIRECTION ( 'NONE',  ( 0.000000000000000000, 0.000000000000000000, 1.000000000000000000 ) ) ;
#6686 = CARTESIAN_POINT ( 'NONE',  ( -0.7307633954321685055, 0.1574803149606299191, 3.345671532367592516 ) ) ;
#6687 = VERTEX_POINT ( 'NONE', #7529 ) ;
#6688 = CARTESIAN_POINT ( 'NONE',  ( 0.8046696754339736080, 0.1574803149606299191, 1.861172501842602637E-16 ) ) ;
#6689 = VECTOR ( 'NONE', #4371, 39.37007874015748143 ) ;
#6690 = ORIENTED_EDGE ( 'NONE', *, *, #6309, .T. ) ;
#6691 = EDGE_CURVE ( 'NONE', #6467, #6731, #6892, .T. ) ;
#6692 = CARTESIAN_POINT ( 'NONE',  ( 0.6640455812112220357, 0.1771653543307086520, 2.558269957564442976 ) ) ;
#6693 = VECTOR ( 'NONE', #508, 39.37007874015748143 ) ;
#6694 = CARTESIAN_POINT ( 'NONE',  ( 1.403648966905274964, 0.1771653543307086520, 0.8737846821066108660 ) ) ;
#6695 = VERTEX_POINT ( 'NONE', #6840 ) ;
#6696 = VERTEX_POINT ( 'NONE', #11014 ) ;
#6697 = ADVANCED_FACE ( 'NONE', ( #10222 ), #10280, .F. ) ;
#6698 = CARTESIAN_POINT ( 'NONE',  ( -1.004802778931537466, 0.4724409448818898127, 4.019211115726147199 ) ) ;
#6699 = DIRECTION ( 'NONE',  ( -0.000000000000000000, -1.000000000000000000, 0.000000000000000000 ) ) ;
#6700 = VERTEX_POINT ( 'NONE', #10331 ) ;
#6701 = VERTEX_POINT ( 'NONE', #2440 ) ;
#6702 = DIRECTION ( 'NONE',  ( 4.606734542013097089E-16, 0.000000000000000000, 1.000000000000000000 ) ) ;
#6703 = ADVANCED_FACE ( 'NONE', ( #548 ), #7741, .F. ) ;
#6704 = LINE ( 'NONE', #5091, #1573 ) ;
#6705 =( BOUNDED_CURVE ( )  B_SPLINE_CURVE ( 3, ( #2272, #10279, #9256, #764 ),
 .UNSPECIFIED., .F., .F. ) 
 B_SPLINE_CURVE_WITH_KNOTS ( ( 4, 4 ),
 ( 3.141592653589793116, 3.490658503988661288 ),
 .UNSPECIFIED. ) 
 CURVE ( )  GEOMETRIC_REPRESENTATION_ITEM ( )  RATIONAL_B_SPLINE_CURVE ( ( 1.000000000000000000, 0.9898718353414719395, 0.9898718353414719395, 1.000000000000000000 ) ) 
 REPRESENTATION_ITEM ( '' )  );
#6706 = CIRCLE ( 'NONE', #2901, 0.05511811023622041616 ) ;
#6707 = ORIENTED_EDGE ( 'NONE', *, *, #217, .T. ) ;
#6708 = DIRECTION ( 'NONE',  ( 0.000000000000000000, 1.000000000000000000, 0.000000000000000000 ) ) ;
#6709 = ORIENTED_EDGE ( 'NONE', *, *, #9364, .T. ) ;
#6710 = LINE ( 'NONE', #2358, #7347 ) ;
#6711 = LENGTH_MEASURE_WITH_UNIT ( LENGTH_MEASURE( 0.02539999999999999897 ), #3935 );
#6712 = DIRECTION ( 'NONE',  ( 1.000000000000000000, 0.000000000000000000, -0.000000000000000000 ) ) ;
#6713 = EDGE_CURVE ( 'NONE', #4856, #9043, #9472, .T. ) ;
#6714 = CARTESIAN_POINT ( 'NONE',  ( 0.5740857532712969613, 0.3470877061559772270, 2.347371074771845478 ) ) ;
#6715 = EDGE_CURVE ( 'NONE', #1822, #4256, #3299, .T. ) ;
#6716 = ORIENTED_EDGE ( 'NONE', *, *, #93, .T. ) ;
#6717 = DIRECTION ( 'NONE',  ( 1.000000000000000000, 0.000000000000000000, -8.788338571682101024E-17 ) ) ;
#6718 = CARTESIAN_POINT ( 'NONE',  ( -0.01910166514976124191, 0.000000000000000000, 0.9382675976262138118 ) ) ;
#6719 = VERTEX_POINT ( 'NONE', #5858 ) ;
#6720 = VERTEX_POINT ( 'NONE', #8598 ) ;
#6721 = ORIENTED_EDGE ( 'NONE', *, *, #5561, .F. ) ;
#6722 = PLANE ( 'NONE',  #5712 ) ;
#6723 = DIRECTION ( 'NONE',  ( 0.000000000000000000, -1.000000000000000000, 0.000000000000000000 ) ) ;
#6724 = DIRECTION ( 'NONE',  ( 0.000000000000000000, 0.000000000000000000, 1.000000000000000000 ) ) ;
#6725 = VECTOR ( 'NONE', #10887, 39.37007874015748143 ) ;
#6726 = CIRCLE ( 'NONE', #11104, 0.1377952755905512972 ) ;
#6727 = DIRECTION ( 'NONE',  ( 0.000000000000000000, 0.000000000000000000, -1.000000000000000000 ) ) ;
#6728 = DIRECTION ( 'NONE',  ( 0.000000000000000000, 0.000000000000000000, 1.000000000000000000 ) ) ;
#6729 = DIRECTION ( 'NONE',  ( 0.000000000000000000, -1.000000000000000000, 0.000000000000000000 ) ) ;
#6730 = EDGE_LOOP ( 'NONE', ( #1948, #137 ) ) ;
#6731 = VERTEX_POINT ( 'NONE', #11239 ) ;
#6732 = FACE_BOUND ( 'NONE', #9342, .T. ) ;
#6733 = VERTEX_POINT ( 'NONE', #10388 ) ;
#6734 = CIRCLE ( 'NONE', #6167, 0.1377952755905512972 ) ;
#6735 = AXIS2_PLACEMENT_3D ( 'NONE', #10508, #6137, #8093 ) ;
#6736 = DIRECTION ( 'NONE',  ( -1.000000000000000000, 0.000000000000000000, -0.000000000000000000 ) ) ;
#6737 = CARTESIAN_POINT ( 'NONE',  ( -0.1233559935919276845, 0.1574803149606299191, 3.953078934207833850 ) ) ;
#6738 = FILL_AREA_STYLE ('',( #3256 ) ) ;
#6739 = CARTESIAN_POINT ( 'NONE',  ( -0.1233559935919276984, 0.1574803149606299191, 1.042521926068380456 ) ) ;
#6740 = EDGE_LOOP ( 'NONE', ( #2521, #5191, #2349, #4159 ) ) ;
#6741 = EDGE_LOOP ( 'NONE', ( #3195, #8194, #6138, #8812 ) ) ;
#6742 = CARTESIAN_POINT ( 'NONE',  ( -2.267610875614410215, 0.000000000000000000, 0.2952514739630051066 ) ) ;
#6743 = PLANE ( 'NONE',  #2285 ) ;
#6744 = ORIENTED_EDGE ( 'NONE', *, *, #213, .T. ) ;
#6745 = CARTESIAN_POINT ( 'NONE',  ( 0.6640455812112220357, 0.1771653543307086520, 0.000000000000000000 ) ) ;
#6746 = VECTOR ( 'NONE', #9936, 39.37007874015748143 ) ;
#6747 = EDGE_CURVE ( 'NONE', #1896, #6845, #2552, .T. ) ;
#6748 = CARTESIAN_POINT ( 'NONE',  ( 0.8130977858029125871, 0.1507476349739040877, 3.954266087341969271 ) ) ;
#6749 = VERTEX_POINT ( 'NONE', #3244 ) ;
#6750 = DIRECTION ( 'NONE',  ( -1.000000000000000000, -0.000000000000000000, -0.000000000000000000 ) ) ;
#6751 = LINE ( 'NONE', #2298, #5925 ) ;
#6752 = VECTOR ( 'NONE', #9068, 39.37007874015748143 ) ;
#6753 = ADVANCED_FACE ( 'NONE', ( #4046 ), #10167, .T. ) ;
#6754 = CYLINDRICAL_SURFACE ( 'NONE', #2368, 0.1377952755905512972 ) ;
#6755 = EDGE_CURVE ( 'NONE', #4399, #6185, #1471, .T. ) ;
#6756 = ORIENTED_EDGE ( 'NONE', *, *, #9577, .T. ) ;
#6757 = EDGE_CURVE ( 'NONE', #7726, #2185, #2472, .T. ) ;
#6758 = AXIS2_PLACEMENT_3D ( 'NONE', #2671, #7856, #4380 ) ;
#6759 = CYLINDRICAL_SURFACE ( 'NONE', #2310, 0.01968503937007875723 ) ;
#6760 = ORIENTED_EDGE ( 'NONE', *, *, #5007, .T. ) ;
#6761 = LINE ( 'NONE', #3230, #54 ) ;
#6762 = EDGE_CURVE ( 'NONE', #5737, #2700, #4098, .T. ) ;
#6763 = ORIENTED_EDGE ( 'NONE', *, *, #7723, .F. ) ;
#6764 = LINE ( 'NONE', #8519, #3461 ) ;
#6765 = CARTESIAN_POINT ( 'NONE',  ( -2.129815600023858835, 0.1771653543307086520, 0.2952514739630051066 ) ) ;
#6766 = CARTESIAN_POINT ( 'NONE',  ( -0.8906727624115339248, 0.1529109616598306187, 3.185762165388226652 ) ) ;
#6767 =( BOUNDED_CURVE ( )  B_SPLINE_CURVE ( 3, ( #2166, #5656, #1317, #6669 ),
 .UNSPECIFIED., .F., .T. ) 
 B_SPLINE_CURVE_WITH_KNOTS ( ( 4, 4 ),
 ( 0.000000000000000000, 1.570796326794882347 ),
 .UNSPECIFIED. ) 
 CURVE ( )  GEOMETRIC_REPRESENTATION_ITEM ( )  RATIONAL_B_SPLINE_CURVE ( ( 1.000000000000000000, 0.8047378541243683792, 0.8047378541243683792, 1.000000000000000000 ) ) 
 REPRESENTATION_ITEM ( '' )  );
#6768 =( NAMED_UNIT ( * ) SI_UNIT ( $, .STERADIAN. ) SOLID_ANGLE_UNIT ( ) );
#6769 = EDGE_LOOP ( 'NONE', ( #6040, #8883, #9835, #9013 ) ) ;
#6770 = CARTESIAN_POINT ( 'NONE',  ( -1.253831348055354900, -0.2952755905511810774, -0.2020027194681927596 ) ) ;
#6771 = CARTESIAN_POINT ( 'NONE',  ( 0.7486148702833096413, 0.000000000000000000, 3.944650823838894205 ) ) ;
#6772 = VERTEX_POINT ( 'NONE', #6953 ) ;
#6773 = ORIENTED_EDGE ( 'NONE', *, *, #7544, .F. ) ;
#6774 = EDGE_LOOP ( 'NONE', ( #9459, #168, #1789, #1082 ) ) ;
#6775 = CARTESIAN_POINT ( 'NONE',  ( -0.7223352850632294153, 0.1771653543307086520, 2.409217752972752535 ) ) ;
#6776 = VECTOR ( 'NONE', #7822, 39.37007874015748854 ) ;
#6777 = CARTESIAN_POINT ( 'NONE',  ( -1.575506140063154877E-17, 0.1968503937007874127, 0.1257531860436188198 ) ) ;
#6778 = EDGE_CURVE ( 'NONE', #8978, #6304, #7796, .T. ) ;
#6779 = EDGE_CURVE ( 'NONE', #9804, #10199, #2666, .T. ) ;
#6780 = CARTESIAN_POINT ( 'NONE',  ( -0.7223352850632294153, 0.000000000000000000, 1.754183656350787546 ) ) ;
#6781 = ORIENTED_EDGE ( 'NONE', *, *, #3285, .F. ) ;
#6782 = VECTOR ( 'NONE', #11189, 39.37007874015748143 ) ;
#6783 = DIRECTION ( 'NONE',  ( -1.000000000000000000, 0.000000000000000000, 0.000000000000000000 ) ) ;
#6784 = LINE ( 'NONE', #10283, #1108 ) ;
#6785 = AXIS2_PLACEMENT_3D ( 'NONE', #4270, #888, #7752 ) ;
#6786 = CARTESIAN_POINT ( 'NONE',  ( 0.03576598686676674133, 0.1507476349739041432, 3.954266087341969271 ) ) ;
#6787 = ORIENTED_EDGE ( 'NONE', *, *, #7457, .T. ) ;
#6788 = ORIENTED_EDGE ( 'NONE', *, *, #5368, .F. ) ;
#6789 = LINE ( 'NONE', #662, #1185 ) ;
#6790 = ORIENTED_EDGE ( 'NONE', *, *, #497, .F. ) ;
#6791 = LINE ( 'NONE', #9655, #406 ) ;
#6792 = ORIENTED_EDGE ( 'NONE', *, *, #5085, .F. ) ;
#6793 = FACE_OUTER_BOUND ( 'NONE', #442, .T. ) ;
#6794 = CARTESIAN_POINT ( 'NONE',  ( 2.082782825172992514, 0.4724409448818898127, -1.941175947814649749 ) ) ;
#6795 = ADVANCED_FACE ( 'NONE', ( #1002 ), #11289, .T. ) ;
#6796 = AXIS2_PLACEMENT_3D ( 'NONE', #2377, #10277, #11121 ) ;
#6797 = CARTESIAN_POINT ( 'NONE',  ( -0.7319505485663041489, 0.1507476349739041155, 3.186549551908898437 ) ) ;
#6798 = ORIENTED_EDGE ( 'NONE', *, *, #7603, .F. ) ;
#6799 = EDGE_LOOP ( 'NONE', ( #4382, #5006, #3889, #8755 ) ) ;
#6800 = VECTOR ( 'NONE', #2741, 39.37007874015748854 ) ;
#6801 = LINE ( 'NONE', #9381, #9671 ) ;
#6802 = FACE_OUTER_BOUND ( 'NONE', #5050, .T. ) ;
#6803 = VERTEX_POINT ( 'NONE', #8771 ) ;
#6804 = DIRECTION ( 'NONE',  ( -1.000000000000000000, 0.000000000000000000, 0.000000000000000000 ) ) ;
#6805 = FACE_OUTER_BOUND ( 'NONE', #1051, .T. ) ;
#6806 = ORIENTED_EDGE ( 'NONE', *, *, #2827, .T. ) ;
#6807 = CARTESIAN_POINT ( 'NONE',  ( -2.011705363803387048, 0.000000000000000000, -1.878183821830397449 ) ) ;
#6808 = VECTOR ( 'NONE', #7849, 39.37007874015748143 ) ;
#6809 = DIRECTION ( 'NONE',  ( 4.346951598611961540E-16, 0.3420201433256694346, 0.9396926207859080948 ) ) ;
#6810 = DIRECTION ( 'NONE',  ( 1.000000000000000000, -0.000000000000000000, 0.000000000000000000 ) ) ;
#6811 = AXIS2_PLACEMENT_3D ( 'NONE', #143, #434, #10047 ) ;
#6812 = CARTESIAN_POINT ( 'NONE',  ( -1.549106938606535477, 0.000000000000000000, 3.954493343523932669 ) ) ;
#6813 = ADVANCED_FACE ( 'NONE', ( #6200 ), #7910, .F. ) ;
#6814 = FACE_OUTER_BOUND ( 'NONE', #8857, .T. ) ;
#6815 = CARTESIAN_POINT ( 'NONE',  ( 1.431762116644293092, 0.1771653543307086520, 1.790553422131372141 ) ) ;
#6816 = PRODUCT_DEFINITION ( 'UNKNOWN', '', #3691, #351 ) ;
#6817 = ORIENTED_EDGE ( 'NONE', *, *, #2986, .T. ) ;
#6818 = CARTESIAN_POINT ( 'NONE',  ( 1.431762116644293092, 0.1771653543307086520, 3.325986492997513810 ) ) ;
#6819 = CARTESIAN_POINT ( 'NONE',  ( 1.728452116511573600, 0.1771653543307086520, 0.1257531860436190418 ) ) ;
#6820 = ADVANCED_FACE ( 'NONE', ( #5228 ), #2723, .F. ) ;
#6821 = ADVANCED_FACE ( 'NONE', ( #5290 ), #26, .T. ) ;
#6822 = ORIENTED_EDGE ( 'NONE', *, *, #5239, .F. ) ;
#6823 = DIRECTION ( 'NONE',  ( 0.9396926207859080948, 0.3420201433256694346, 1.086737899652990755E-16 ) ) ;
#6824 = ORIENTED_EDGE ( 'NONE', *, *, #2380, .F. ) ;
#6825 = DIRECTION ( 'NONE',  ( 0.000000000000000000, 0.000000000000000000, 1.000000000000000000 ) ) ;
#6826 = CARTESIAN_POINT ( 'NONE',  ( -0.7223352850632291933, 0.1771653543307086520, 3.176934288405823370 ) ) ;
#6827 = VERTEX_POINT ( 'NONE', #9648 ) ;
#6828 = CARTESIAN_POINT ( 'NONE',  ( 0.000000000000000000, 0.1574803149606299191, 1.042521926068380456 ) ) ;
#6829 = CYLINDRICAL_SURFACE ( 'NONE', #10885, 0.01968503937007875723 ) ;
#6830 = ORIENTED_EDGE ( 'NONE', *, *, #2952, .T. ) ;
#6831 = LINE ( 'NONE', #7734, #2137 ) ;
#6832 = EDGE_CURVE ( 'NONE', #9809, #4994, #5231, .T. ) ;
#6833 = FACE_OUTER_BOUND ( 'NONE', #8005, .T. ) ;
#6834 = ORIENTED_EDGE ( 'NONE', *, *, #2581, .F. ) ;
#6835 = DIRECTION ( 'NONE',  ( 1.151683635503274765E-16, 0.000000000000000000, 1.000000000000000000 ) ) ;
#6836 = VECTOR ( 'NONE', #3713, 39.37007874015748143 ) ;
#6837 = EDGE_CURVE ( 'NONE', #2593, #8551, #7066, .T. ) ;
#6838 = EDGE_CURVE ( 'NONE', #2131, #315, #7808, .T. ) ;
#6839 = CARTESIAN_POINT ( 'NONE',  ( 0.000000000000000000, 0.1771653543307086520, 1.022836886698301750 ) ) ;
#6840 = CARTESIAN_POINT ( 'NONE',  ( 0.6455476949752789739, 0.1507476349739041432, 0.2736182375011737555 ) ) ;
#6841 = CARTESIAN_POINT ( 'NONE',  ( 1.728452116511573822, 0.000000000000000000, -1.645900357263467839 ) ) ;
#6842 = DIRECTION ( 'NONE',  ( 1.000000000000000000, 0.000000000000000000, -1.228122814850837064E-16 ) ) ;
#6843 = AXIS2_PLACEMENT_3D ( 'NONE', #5463, #1120, #6437 ) ;
#6844 = DIRECTION ( 'NONE',  ( -0.3236155771181852825, 0.8891264907159880382, 0.3236155771181852825 ) ) ;
#6845 = VERTEX_POINT ( 'NONE', #1809 ) ;
#6846 = ORIENTED_EDGE ( 'NONE', *, *, #6899, .T. ) ;
#6847 = ADVANCED_FACE ( 'NONE', ( #8899 ), #4551, .T. ) ;
#6848 = CYLINDRICAL_SURFACE ( 'NONE', #10706, 0.01968503937007875723 ) ;
#6849 = ORIENTED_EDGE ( 'NONE', *, *, #2651, .T. ) ;
#6850 = FACE_OUTER_BOUND ( 'NONE', #11300, .T. ) ;
#6851 = DIRECTION ( 'NONE',  ( 0.000000000000000000, 0.000000000000000000, -1.000000000000000000 ) ) ;
#6852 = CARTESIAN_POINT ( 'NONE',  ( 0.5740857532712967393, 0.3470877061559770604, 0.8119380039057036980 ) ) ;
#6853 = VECTOR ( 'NONE', #9822, 39.37007874015748143 ) ;
#6854 = VECTOR ( 'NONE', #685, 39.37007874015748143 ) ;
#6855 = DIRECTION ( 'NONE',  ( 1.156482317317871971E-16, -0.000000000000000000, -1.000000000000000000 ) ) ;
#6856 = ORIENTED_EDGE ( 'NONE', *, *, #6552, .F. ) ;
#6857 = CARTESIAN_POINT ( 'NONE',  ( 1.462704085015511746, 0.000000000000000000, 4.013548461634169229 ) ) ;
#6858 = CYLINDRICAL_SURFACE ( 'NONE', #804, 0.1377952755905511584 ) ;
#6859 = VERTEX_POINT ( 'NONE', #10678 ) ;
#6860 = CARTESIAN_POINT ( 'NONE',  ( -2.011705363803387048, 0.4724409448818898127, -1.783695632854019442 ) ) ;
#6861 =( BOUNDED_CURVE ( )  B_SPLINE_CURVE ( 3, ( #2144, #9126, #2198, #430 ),
 .UNSPECIFIED., .F., .F. ) 
 B_SPLINE_CURVE_WITH_KNOTS ( ( 4, 4 ),
 ( 1.570796326794896780, 3.141592653589793116 ),
 .UNSPECIFIED. ) 
 CURVE ( )  GEOMETRIC_REPRESENTATION_ITEM ( )  RATIONAL_B_SPLINE_CURVE ( ( 1.000000000000000000, 0.8047378541243650485, 0.8047378541243650485, 1.000000000000000000 ) ) 
 REPRESENTATION_ITEM ( '' )  );
#6862 = DIRECTION ( 'NONE',  ( 1.156482317317871478E-16, -0.000000000000000000, -1.000000000000000000 ) ) ;
#6863 = ORIENTED_EDGE ( 'NONE', *, *, #11012, .T. ) ;
#6864 = EDGE_CURVE ( 'NONE', #7065, #7193, #1699, .T. ) ;
#6865 = DIRECTION ( 'NONE',  ( -4.625929269271485914E-16, -0.000000000000000000, 1.000000000000000000 ) ) ;
#6866 = VERTEX_POINT ( 'NONE', #823 ) ;
#6867 = LINE ( 'NONE', #10303, #3791 ) ;
#6868 = LINE ( 'NONE', #849, #2772 ) ;
#6869 = CYLINDRICAL_SURFACE ( 'NONE', #7696, 0.01968503937007873988 ) ;
#6870 = VECTOR ( 'NONE', #1679, 39.37007874015748143 ) ;
#6871 = DIRECTION ( 'NONE',  ( -1.156482317317871528E-15, -0.000000000000000000, 1.000000000000000000 ) ) ;
#6872 = ORIENTED_EDGE ( 'NONE', *, *, #6713, .T. ) ;
#6873 = DIRECTION ( 'NONE',  ( 8.788338571682102257E-17, 0.000000000000000000, 1.000000000000000000 ) ) ;
#6874 = EDGE_CURVE ( 'NONE', #7393, #10286, #4319, .T. ) ;
#6875 = CARTESIAN_POINT ( 'NONE',  ( -1.518164970235317712, 0.1771653543307086520, 1.790553422131372141 ) ) ;
#6876 = AXIS2_PLACEMENT_3D ( 'NONE', #8525, #6072, #705 ) ;
#6877 = ORIENTED_EDGE ( 'NONE', *, *, #8447, .T. ) ;
#6878 = ORIENTED_EDGE ( 'NONE', *, *, #6164, .F. ) ;
#6879 = FACE_OUTER_BOUND ( 'NONE', #9516, .T. ) ;
#6880 = CYLINDRICAL_SURFACE ( 'NONE', #7651, 0.01968503937007875723 ) ;
#6881 = CARTESIAN_POINT ( 'NONE',  ( -1.490051820496300028, 0.1507476349739041155, 0.8833999456096859326 ) ) ;
#6882 = CARTESIAN_POINT ( 'NONE',  ( 0.6640455812112220357, 0.1574803149606299191, 0.000000000000000000 ) ) ;
#6883 = DIRECTION ( 'NONE',  ( 4.346951598611962526E-16, 0.3420201433256694901, 0.9396926207859080948 ) ) ;
#6884 = ADVANCED_FACE ( 'NONE', ( #3530 ), #7009, .T. ) ;
#6885 = FACE_OUTER_BOUND ( 'NONE', #6888, .T. ) ;
#6886 = CYLINDRICAL_SURFACE ( 'NONE', #2276, 0.09842519685039378963 ) ;
#6887 = ORIENTED_EDGE ( 'NONE', *, *, #2919, .T. ) ;
#6888 = EDGE_LOOP ( 'NONE', ( #7479, #827, #5627, #6846, #8484, #4899 ) ) ;
#6889 = ORIENTED_EDGE ( 'NONE', *, *, #39, .F. ) ;
#6890 = DIRECTION ( 'NONE',  ( -0.3420201433256694346, -0.9396926207859080948, 0.000000000000000000 ) ) ;
#6891 = DIRECTION ( 'NONE',  ( 0.000000000000000000, 0.000000000000000000, 1.000000000000000000 ) ) ;
#6892 = LINE ( 'NONE', #4999, #10574 ) ;
#6893 = ADVANCED_FACE ( 'NONE', ( #3764, #5469 ), #8958, .T. ) ;
#6894 = DIRECTION ( 'NONE',  ( 1.156482317317871478E-16, -0.000000000000000000, -1.000000000000000000 ) ) ;
#6895 = DIRECTION ( 'NONE',  ( 0.000000000000000000, -0.000000000000000000, -1.000000000000000000 ) ) ;
#6896 = EDGE_CURVE ( 'NONE', #1531, #9454, #6420, .T. ) ;
#6897 = DIRECTION ( 'NONE',  ( -0.8641753818425659261, 0.000000000000000000, -0.5031907286678238833 ) ) ;
#6898 = VERTEX_POINT ( 'NONE', #10737 ) ;
#6899 = EDGE_CURVE ( 'NONE', #761, #10205, #2392, .T. ) ;
#6900 = FACE_OUTER_BOUND ( 'NONE', #11091, .T. ) ;
#6901 = ORIENTED_EDGE ( 'NONE', *, *, #11237, .F. ) ;
#6902 = CARTESIAN_POINT ( 'NONE',  ( 0.000000000000000000, 0.1574803149606299191, 3.325986492997513810 ) ) ;
#6903 = CYLINDRICAL_SURFACE ( 'NONE', #5464, 0.1377952755905512972 ) ;
#6904 = CARTESIAN_POINT ( 'NONE',  ( 0.000000000000000000, 0.1771653543307086520, 3.325986492997513810 ) ) ;
#6905 = VECTOR ( 'NONE', #7576, 39.37007874015748143 ) ;
#6906 = CARTESIAN_POINT ( 'NONE',  ( -2.011705363803387048, 0.000000000000000000, -1.311254687972129407 ) ) ;
#6907 = ORIENTED_EDGE ( 'NONE', *, *, #8561, .F. ) ;
#6908 = VERTEX_POINT ( 'NONE', #11136 ) ;
#6909 = ADVANCED_FACE ( 'NONE', ( #4272 ), #9377, .F. ) ;
#6910 = ORIENTED_EDGE ( 'NONE', *, *, #5528, .T. ) ;
#6911 = CARTESIAN_POINT ( 'NONE',  ( 0.8046696754339732749, 0.1574803149606299191, 0.8822127924755501782 ) ) ;
#6912 = DIRECTION ( 'NONE',  ( 0.000000000000000000, 1.000000000000000000, 0.000000000000000000 ) ) ;
#6913 = ORIENTED_EDGE ( 'NONE', *, *, #3138, .T. ) ;
#6914 = DIRECTION ( 'NONE',  ( -1.000000000000000000, 0.000000000000000000, -0.000000000000000000 ) ) ;
#6915 = CARTESIAN_POINT ( 'NONE',  ( 1.925302510212362650, 0.000000000000000000, -1.685270436003625694 ) ) ;
#6916 = VECTOR ( 'NONE', #5930, 39.37007874015748143 ) ;
#6917 = VECTOR ( 'NONE', #8320, 39.37007874015748143 ) ;
#6918 = LINE ( 'NONE', #789, #8635 ) ;
#6919 = VERTEX_POINT ( 'NONE', #3429 ) ;
#6920 = CARTESIAN_POINT ( 'NONE',  ( 2.043412746432833327, 0.1968503937007874127, -1.901805869074492339 ) ) ;
#6921 = ORIENTED_EDGE ( 'NONE', *, *, #7649, .T. ) ;
#6922 = DIRECTION ( 'NONE',  ( 0.000000000000000000, 0.000000000000000000, 1.000000000000000000 ) ) ;
#6923 = EDGE_CURVE ( 'NONE', #1735, #4253, #4958, .T. ) ;
#6924 = CIRCLE ( 'NONE', #3279, 0.1007585307152496779 ) ;
#6925 =( BOUNDED_CURVE ( )  B_SPLINE_CURVE ( 3, ( #11086, #10127, #8439, #4907 ),
 .UNSPECIFIED., .F., .F. ) 
 B_SPLINE_CURVE_WITH_KNOTS ( ( 4, 4 ),
 ( 3.141592653589793116, 3.490658503988656403 ),
 .UNSPECIFIED. ) 
 CURVE ( )  GEOMETRIC_REPRESENTATION_ITEM ( )  RATIONAL_B_SPLINE_CURVE ( ( 1.000000000000000000, 0.9898718353414720506, 0.9898718353414720506, 1.000000000000000000 ) ) 
 REPRESENTATION_ITEM ( '' )  );
#6926 = EDGE_CURVE ( 'NONE', #6306, #8072, #10390, .T. ) ;
#6927 = CYLINDRICAL_SURFACE ( 'NONE', #4724, 0.01968503937007873988 ) ;
#6928 = DIRECTION ( 'NONE',  ( 0.000000000000000000, 0.000000000000000000, 1.000000000000000000 ) ) ;
#6929 = VERTEX_POINT ( 'NONE', #4109 ) ;
#6930 = PLANE ( 'NONE',  #394 ) ;
#6931 = DIRECTION ( 'NONE',  ( 0.3236155771181852270, 0.8891264907159880382, 0.3236155771181852825 ) ) ;
#6932 = DIRECTION ( 'NONE',  ( 1.000000000000000000, 0.000000000000000000, 0.000000000000000000 ) ) ;
#6933 = VECTOR ( 'NONE', #1438, 39.37007874015748143 ) ;
#6934 = CIRCLE ( 'NONE', #10602, 0.1377952755905511861 ) ;
#6935 = VERTEX_POINT ( 'NONE', #8549 ) ;
#6936 = ORIENTED_EDGE ( 'NONE', *, *, #9559, .F. ) ;
#6937 = ORIENTED_EDGE ( 'NONE', *, *, #9346, .F. ) ;
#6938 = DIRECTION ( 'NONE',  ( -0.000000000000000000, 1.000000000000000000, -0.000000000000000000 ) ) ;
#6939 = VECTOR ( 'NONE', #6140, 39.37007874015748143 ) ;
#6940 = DIRECTION ( 'NONE',  ( 1.000000000000000000, 0.000000000000000000, 0.000000000000000000 ) ) ;
#6941 = CARTESIAN_POINT ( 'NONE',  ( 0.7486148702833096413, 0.000000000000000000, 3.176934288405823370 ) ) ;
#6942 = DIRECTION ( 'NONE',  ( 0.000000000000000000, 0.000000000000000000, 1.000000000000000000 ) ) ;
#6943 = DIRECTION ( 'NONE',  ( -0.3420201433256694346, -0.9396926207859080948, 0.000000000000000000 ) ) ;
#6944 = EDGE_LOOP ( 'NONE', ( #6428, #2814 ) ) ;
#6945 = ORIENTED_EDGE ( 'NONE', *, *, #11050, .T. ) ;
#6946 = ORIENTED_EDGE ( 'NONE', *, *, #3270, .T. ) ;
#6947 = ORIENTED_EDGE ( 'NONE', *, *, #9881, .F. ) ;
#6948 = VECTOR ( 'NONE', #8081, 39.37007874015748143 ) ;
#6949 = EDGE_LOOP ( 'NONE', ( #4535, #3996, #4643, #2224, #9040, #2537, #5457, #3693, #4140, #9922, #2290, #7343, #4766, #9049, #4092, #5389, #3789, #5892, #5039, #10616, #585, #7279, #3412, #3052, #127, #5783 ) ) ;
#6950 = CARTESIAN_POINT ( 'NONE',  ( -1.499667083999375095, 0.1507476349739041432, 2.409217752972752535 ) ) ;
#6951 = CARTESIAN_POINT ( 'NONE',  ( -1.506633741148174499, 0.1771653543307085132, 0.8903666027584847820 ) ) ;
#6952 = EDGE_CURVE ( 'NONE', #6194, #6695, #3201, .T. ) ;
#6953 = CARTESIAN_POINT ( 'NONE',  ( 2.181208022023385595, 0.1771653543307086520, 0.2952514739630046070 ) ) ;
#6954 = CARTESIAN_POINT ( 'NONE',  ( -2.129815600023858835, 0.1968503937007874127, 0.2952514739630049956 ) ) ;
#6955 = CARTESIAN_POINT ( 'NONE',  ( -0.8898853758908630285, 0.1507476349739041155, 0.8737846821066108660 ) ) ;
#6956 = EDGE_LOOP ( 'NONE', ( #6426, #4841, #9690, #1867 ) ) ;
#6957 = CARTESIAN_POINT ( 'NONE',  ( -2.169185678764016245, 0.1968503937007874127, 0.1326429498231453397 ) ) ;
#6958 = EDGE_CURVE ( 'NONE', #5730, #4305, #3272, .T. ) ;
#6959 = PLANE ( 'NONE',  #8994 ) ;
#6960 = CARTESIAN_POINT ( 'NONE',  ( 1.412077077274214387, 0.1551781507868631171, 3.953078934207832518 ) ) ;
#6961 = VECTOR ( 'NONE', #882, 39.37007874015748143 ) ;
#6962 = FACE_OUTER_BOUND ( 'NONE', #2321, .T. ) ;
#6963 = EDGE_CURVE ( 'NONE', #9035, #3985, #11114, .T. ) ;
#6964 = DIRECTION ( 'NONE',  ( 0.000000000000000000, 1.000000000000000000, -0.000000000000000000 ) ) ;
#6965 = ADVANCED_FACE ( 'NONE', ( #4165 ), #6903, .F. ) ;
#6966 = AXIS2_PLACEMENT_3D ( 'NONE', #4780, #1304, #10957 ) ;
#6967 = ORIENTED_EDGE ( 'NONE', *, *, #1233, .T. ) ;
#6968 = CARTESIAN_POINT ( 'NONE',  ( -0.1221688404577920273, 0.1507476349739041988, 0.2736182375011737555 ) ) ;
#6969 = CARTESIAN_POINT ( 'NONE',  ( 0.8130977858029123650, 0.1771653543307086520, 2.409217752972752535 ) ) ;
#6970 = VERTEX_POINT ( 'NONE', #6680 ) ;
#6971 = CARTESIAN_POINT ( 'NONE',  ( -0.7504484348022464335, 0.1574803149606299191, -1.735760689815342948E-16 ) ) ;
#6972 = VECTOR ( 'NONE', #1326, 39.37007874015748143 ) ;
#6973 = LINE ( 'NONE', #5136, #8863 ) ;
#6974 = CARTESIAN_POINT ( 'NONE',  ( 1.944987549582441355, 2.287311901041906737, -0.005152325767405393706 ) ) ;
#6975 = ORIENTED_EDGE ( 'NONE', *, *, #9160, .F. ) ;
#6976 = DIRECTION ( 'NONE',  ( 0.000000000000000000, 0.3420201433256694346, -0.9396926207859080948 ) ) ;
#6977 = EDGE_CURVE ( 'NONE', #10033, #6935, #1606, .T. ) ;
#6978 = DIRECTION ( 'NONE',  ( -0.000000000000000000, -1.000000000000000000, -0.000000000000000000 ) ) ;
#6979 = AXIS2_PLACEMENT_3D ( 'NONE', #8844, #7074, #6394 ) ;
#6980 = FACE_OUTER_BOUND ( 'NONE', #9405, .T. ) ;
#6981 = VECTOR ( 'NONE', #4905, 39.37007874015748143 ) ;
#6982 = EDGE_CURVE ( 'NONE', #2513, #9585, #8365, .T. ) ;
#6983 = DIRECTION ( 'NONE',  ( -1.000000000000000000, 0.000000000000000000, 1.228122814850837064E-16 ) ) ;
#6984 = VECTOR ( 'NONE', #874, 39.37007874015748854 ) ;
#6985 = ORIENTED_EDGE ( 'NONE', *, *, #7139, .T. ) ;
#6986 = DIRECTION ( 'NONE',  ( 2.312964634635743943E-16, -0.000000000000000000, -1.000000000000000000 ) ) ;
#6987 = DIRECTION ( 'NONE',  ( -0.000000000000000000, -0.000000000000000000, -1.000000000000000000 ) ) ;
#6988 = CARTESIAN_POINT ( 'NONE',  ( -0.7504484348022475437, 0.1771653543307086520, 1.790553422131372141 ) ) ;
#6989 = ADVANCED_FACE ( 'NONE', ( #6793 ), #10293, .T. ) ;
#6990 = ORIENTED_EDGE ( 'NONE', *, *, #11246, .F. ) ;
#6991 = ORIENTED_EDGE ( 'NONE', *, *, #10725, .T. ) ;
#6992 = ORIENTED_EDGE ( 'NONE', *, *, #10103, .F. ) ;
#6993 = ORIENTED_EDGE ( 'NONE', *, *, #9018, .F. ) ;
#6994 = ORIENTED_EDGE ( 'NONE', *, *, #8290, .F. ) ;
#6995 = VECTOR ( 'NONE', #4884, 39.37007874015748854 ) ;
#6996 = DIRECTION ( 'NONE',  ( -0.000000000000000000, -1.000000000000000000, -0.000000000000000000 ) ) ;
#6997 = CARTESIAN_POINT ( 'NONE',  ( -0.7223352850632293043, 0.1771653543307086520, 1.641501217539681701 ) ) ;
#6998 = ORIENTED_EDGE ( 'NONE', *, *, #6755, .T. ) ;
#6999 = DIRECTION ( 'NONE',  ( -0.3236155771181852825, 0.8891264907159878161, 0.3236155771181852270 ) ) ;
#7000 = LINE ( 'NONE', #7786, #8140 ) ;
#7001 = DIRECTION ( 'NONE',  ( -4.625929269271485914E-16, 0.000000000000000000, 1.000000000000000000 ) ) ;
#7002 = ADVANCED_FACE ( 'NONE', ( #2563 ), #10343, .T. ) ;
#7003 = FACE_OUTER_BOUND ( 'NONE', #3615, .T. ) ;
#7004 = EDGE_LOOP ( 'NONE', ( #10172, #2831, #2937, #7042 ) ) ;
#7005 = ORIENTED_EDGE ( 'NONE', *, *, #820, .F. ) ;
#7006 = CARTESIAN_POINT ( 'NONE',  ( -0.7319505485663044819, 0.1507476349739041155, 2.409217752972752535 ) ) ;
#7007 = DIRECTION ( 'NONE',  ( 1.000000000000000000, 0.000000000000000000, -2.465220612327489274E-16 ) ) ;
#7008 = EDGE_LOOP ( 'NONE', ( #7044, #10111, #355, #7061 ) ) ;
#7009 = CYLINDRICAL_SURFACE ( 'NONE', #6735, 0.01968503937007875723 ) ;
#7010 = DIRECTION ( 'NONE',  ( 0.000000000000000000, 0.000000000000000000, 1.000000000000000000 ) ) ;
#7011 = CARTESIAN_POINT ( 'NONE',  ( 0.7004153469918070751, 0.000000000000000000, 1.754183656350787546 ) ) ;
#7012 = CARTESIAN_POINT ( 'NONE',  ( 0.05522377005488085522, 0.4724409448818899238, -0.2610578375784296523 ) ) ;
#7013 = EDGE_LOOP ( 'NONE', ( #3741, #1188, #7103, #8116 ) ) ;
#7014 = DIRECTION ( 'NONE',  ( 0.000000000000000000, -0.000000000000000000, -1.000000000000000000 ) ) ;
#7015 = VECTOR ( 'NONE', #2208, 39.37007874015748854 ) ;
#7016 = EDGE_CURVE ( 'NONE', #4559, #8822, #523, .T. ) ;
#7017 = FACE_OUTER_BOUND ( 'NONE', #10765, .T. ) ;
#7018 = ORIENTED_EDGE ( 'NONE', *, *, #3033, .F. ) ;
#7019 = CARTESIAN_POINT ( 'NONE',  ( 1.412077077274214387, 0.1574803149606299191, 3.953078934207833406 ) ) ;
#7020 = DIRECTION ( 'NONE',  ( -0.000000000000000000, -1.000000000000000000, 0.000000000000000000 ) ) ;
#7021 = ORIENTED_EDGE ( 'NONE', *, *, #3770, .T. ) ;
#7022 = AXIS2_PLACEMENT_3D ( 'NONE', #8416, #10161, #5798 ) ;
#7023 = CARTESIAN_POINT ( 'NONE',  ( 0.7849846360638944587, 0.1771653543307086520, 1.790553422131372141 ) ) ;
#7024 = DIRECTION ( 'NONE',  ( -1.000000000000000000, 0.000000000000000000, 0.000000000000000000 ) ) ;
#7025 = ORIENTED_EDGE ( 'NONE', *, *, #9357, .T. ) ;
#7026 = EDGE_CURVE ( 'NONE', #2739, #1530, #1275, .T. ) ;
#7027 = DIRECTION ( 'NONE',  ( -0.000000000000000000, 0.000000000000000000, 1.000000000000000000 ) ) ;
#7028 = CARTESIAN_POINT ( 'NONE',  ( 0.7004153469918067421, 3.414809992080329023E-17, 0.9864671209177167110 ) ) ;
#7029 = ORIENTED_EDGE ( 'NONE', *, *, #9214, .T. ) ;
#7030 = LINE ( 'NONE', #6974, #444 ) ;
#7031 = EDGE_CURVE ( 'NONE', #1675, #10803, #5978, .T. ) ;
#7032 = ORIENTED_EDGE ( 'NONE', *, *, #1398, .T. ) ;
#7033 = CARTESIAN_POINT ( 'NONE',  ( 1.944987549582441355, 0.4724409448818899238, -0.5366483887595313584 ) ) ;
#7034 = AXIS2_PLACEMENT_3D ( 'NONE', #8618, #5250, #7653 ) ;
#7035 = CARTESIAN_POINT ( 'NONE',  ( 0.000000000000000000, 0.1574803149606299191, 2.417645863341691737 ) ) ;
#7036 = FACE_BOUND ( 'NONE', #155, .T. ) ;
#7037 = ORIENTED_EDGE ( 'NONE', *, *, #6923, .T. ) ;
#7038 = DIRECTION ( 'NONE',  ( 0.000000000000000000, 0.000000000000000000, 1.000000000000000000 ) ) ;
#7039 = VECTOR ( 'NONE', #395, 39.37007874015748143 ) ;
#7040 = EDGE_CURVE ( 'NONE', #5553, #5603, #1310, .T. ) ;
#7041 = AXIS2_PLACEMENT_3D ( 'NONE', #10612, #1798, #3631 ) ;
#7042 = ORIENTED_EDGE ( 'NONE', *, *, #1340, .F. ) ;
#7043 = DIRECTION ( 'NONE',  ( 2.312964634635742957E-16, -0.000000000000000000, -1.000000000000000000 ) ) ;
#7044 = ORIENTED_EDGE ( 'NONE', *, *, #9591, .F. ) ;
#7045 = EDGE_CURVE ( 'NONE', #1712, #3397, #9722, .T. ) ;
#7046 = ORIENTED_EDGE ( 'NONE', *, *, #820, .T. ) ;
#7047 = CARTESIAN_POINT ( 'NONE',  ( -0.1221688404577919856, 0.1507476349739040600, 2.576767843800386260 ) ) ;
#7048 = EDGE_LOOP ( 'NONE', ( #1286, #5855, #7244, #2504 ) ) ;
#7049 = ORIENTED_EDGE ( 'NONE', *, *, #2780, .T. ) ;
#7050 = ORIENTED_EDGE ( 'NONE', *, *, #10069, .F. ) ;
#7051 = ORIENTED_EDGE ( 'NONE', *, *, #2827, .F. ) ;
#7052 = CARTESIAN_POINT ( 'NONE',  ( -1.498479930865238119, 0.1574803149606299191, -6.931862171605418319E-16 ) ) ;
#7053 = EDGE_CURVE ( 'NONE', #2557, #9809, #10220, .T. ) ;
#7054 = CARTESIAN_POINT ( 'NONE',  ( 1.413264230408350031, 0.1507476349739041432, 1.809051308367315425 ) ) ;
#7055 = ORIENTED_EDGE ( 'NONE', *, *, #1602, .T. ) ;
#7056 = CARTESIAN_POINT ( 'NONE',  ( -1.499667083999375095, 0.1507476349739041155, 2.418833016475827602 ) ) ;
#7057 = CARTESIAN_POINT ( 'NONE',  ( 0.03576598686676673439, 0.1507476349739041155, 2.418833016475827602 ) ) ;
#7058 = AXIS2_PLACEMENT_3D ( 'NONE', #6159, #1897, #5377 ) ;
#7059 = ORIENTED_EDGE ( 'NONE', *, *, #6336, .F. ) ;
#7060 = CARTESIAN_POINT ( 'NONE',  ( 0.000000000000000000, 0.1574803149606299191, 3.325986492997513810 ) ) ;
#7061 = ORIENTED_EDGE ( 'NONE', *, *, #2, .F. ) ;
#7062 = ORIENTED_EDGE ( 'NONE', *, *, #6644, .T. ) ;
#7063 = CARTESIAN_POINT ( 'NONE',  ( 1.767822195251732786, 0.4724409448818898127, -1.941175947814649749 ) ) ;
#7064 = CYLINDRICAL_SURFACE ( 'NONE', #6259, 0.01968503937007875723 ) ;
#7065 = VERTEX_POINT ( 'NONE', #3539 ) ;
#7066 = LINE ( 'NONE', #2852, #8534 ) ;
#7067 = ADVANCED_FACE ( 'NONE', ( #1883 ), #1823, .T. ) ;
#7068 = LINE ( 'NONE', #7797, #2178 ) ;
#7069 = CARTESIAN_POINT ( 'NONE',  ( -1.498879697478704420, 0.1529109616598304799, 1.042122159454915709 ) ) ;
#7070 = CYLINDRICAL_SURFACE ( 'NONE', #2227, 0.01968503937007875723 ) ;
#7071 = ORIENTED_EDGE ( 'NONE', *, *, #8145, .T. ) ;
#7072 = LINE ( 'NONE', #2615, #5180 ) ;
#7073 =( BOUNDED_CURVE ( )  B_SPLINE_CURVE ( 3, ( #5056, #9204, #2382, #8326 ),
 .UNSPECIFIED., .F., .F. ) 
 B_SPLINE_CURVE_WITH_KNOTS ( ( 4, 4 ),
 ( 0.000000000000000000, 1.570796326794896558 ),
 .UNSPECIFIED. ) 
 CURVE ( )  GEOMETRIC_REPRESENTATION_ITEM ( )  RATIONAL_B_SPLINE_CURVE ( ( 1.000000000000000000, 0.8047378541243649375, 0.8047378541243649375, 1.000000000000000000 ) ) 
 REPRESENTATION_ITEM ( '' )  );
#7074 = DIRECTION ( 'NONE',  ( -0.000000000000000000, -1.000000000000000000, 0.000000000000000000 ) ) ;
#7075 = ORIENTED_EDGE ( 'NONE', *, *, #6008, .T. ) ;
#7076 = CARTESIAN_POINT ( 'NONE',  ( 0.8034825222998384087, 0.1507476349739041432, 3.344484379233457094 ) ) ;
#7077 = CARTESIAN_POINT ( 'NONE',  ( 0.03695314000090278023, 0.1574803149606299191, 4.273565298041578039E-18 ) ) ;
#7078 = CARTESIAN_POINT ( 'NONE',  ( 1.412077077274214387, 0.1551781507868631171, 2.577954996934521681 ) ) ;
#7079 = VERTEX_POINT ( 'NONE', #10570 ) ;
#7080 = ADVANCED_FACE ( 'NONE', ( #9600 ), #1072, .T. ) ;
#7081 = DIRECTION ( 'NONE',  ( 2.312964634635740985E-16, -0.000000000000000000, -1.000000000000000000 ) ) ;
#7082 = DIRECTION ( 'NONE',  ( -2.312964634635742957E-16, 0.000000000000000000, 1.000000000000000000 ) ) ;
#7083 = ORIENTED_EDGE ( 'NONE', *, *, #1522, .F. ) ;
#7084 = CARTESIAN_POINT ( 'NONE',  ( 0.03576598686676682459, 0.1507476349739041432, 0.2736182375011737555 ) ) ;
#7085 = DIRECTION ( 'NONE',  ( -0.3236155771181852825, 0.8891264907159880382, -0.3236155771181851715 ) ) ;
#7086 = DIRECTION ( 'NONE',  ( 1.000000000000000000, 0.000000000000000000, 0.000000000000000000 ) ) ;
#7087 = EDGE_LOOP ( 'NONE', ( #8016, #1168, #4187, #8112 ) ) ;
#7088 = LINE ( 'NONE', #4346, #4499 ) ;
#7089 = CARTESIAN_POINT ( 'NONE',  ( -0.7504484348022472107, 0.1771653543307086520, 3.972763973577912555 ) ) ;
#7090 = FACE_BOUND ( 'NONE', #9319, .T. ) ;
#7091 = DIRECTION ( 'NONE',  ( 0.000000000000000000, 1.000000000000000000, 0.000000000000000000 ) ) ;
#7092 = CARTESIAN_POINT ( 'NONE',  ( 1.697423192914377932, 2.287311901041906737, -0.2610578375784290417 ) ) ;
#7093 = EDGE_LOOP ( 'NONE', ( #4080, #8620, #4467, #1665 ) ) ;
#7094 = EDGE_CURVE ( 'NONE', #7193, #3579, #1766, .T. ) ;
#7095 = DIRECTION ( 'NONE',  ( 0.000000000000000000, 0.000000000000000000, 1.000000000000000000 ) ) ;
#7096 =( BOUNDED_CURVE ( )  B_SPLINE_CURVE ( 3, ( #6586, #5622, #3106, #4869 ),
 .UNSPECIFIED., .F., .T. ) 
 B_SPLINE_CURVE_WITH_KNOTS ( ( 4, 4 ),
 ( 3.141592653589793116, 3.490658503988659067 ),
 .UNSPECIFIED. ) 
 CURVE ( )  GEOMETRIC_REPRESENTATION_ITEM ( )  RATIONAL_B_SPLINE_CURVE ( ( 1.000000000000000000, 0.9898718353414720506, 0.9898718353414720506, 1.000000000000000000 ) ) 
 REPRESENTATION_ITEM ( '' )  );
#7097 = ORIENTED_EDGE ( 'NONE', *, *, #11101, .T. ) ;
#7098 = AXIS2_PLACEMENT_3D ( 'NONE', #8497, #10297, #6685 ) ;
#7099 = CIRCLE ( 'NONE', #3268, 0.09448818897637792369 ) ;
#7100 = ORIENTED_EDGE ( 'NONE', *, *, #7530, .F. ) ;
#7101 = DIRECTION ( 'NONE',  ( 0.000000000000000000, 1.000000000000000000, -0.000000000000000000 ) ) ;
#7102 = EDGE_LOOP ( 'NONE', ( #6646, #5977, #3917, #987 ) ) ;
#7103 = ORIENTED_EDGE ( 'NONE', *, *, #1012, .F. ) ;
#7104 = CARTESIAN_POINT ( 'NONE',  ( -2.011705363803387048, 0.000000000000000000, -0.2020027194681925098 ) ) ;
#7105 = ORIENTED_EDGE ( 'NONE', *, *, #4049, .T. ) ;
#7106 = ORIENTED_EDGE ( 'NONE', *, *, #1790, .F. ) ;
#7107 = AXIS2_PLACEMENT_3D ( 'NONE', #7977, #6894, #1700 ) ;
#7108 = EDGE_CURVE ( 'NONE', #4327, #1485, #2922, .T. ) ;
#7109 = AXIS2_PLACEMENT_3D ( 'NONE', #10456, #5184, #2740 ) ;
#7110 = EDGE_LOOP ( 'NONE', ( #1386, #520, #9716, #25 ) ) ;
#7111 = ORIENTED_EDGE ( 'NONE', *, *, #4311, .T. ) ;
#7112 = ADVANCED_FACE ( 'NONE', ( #5240, #10689 ), #1014, .F. ) ;
#7113 = CARTESIAN_POINT ( 'NONE',  ( 7.723517969990725257E-16, 0.1574803149606299191, 1.669614367278699163 ) ) ;
#7114 = EDGE_CURVE ( 'NONE', #1077, #252, #2041, .T. ) ;
#7115 = CARTESIAN_POINT ( 'NONE',  ( -2.129815600023858835, 0.5905511811023621549, 0.2952514739630049956 ) ) ;
#7116 = EDGE_LOOP ( 'NONE', ( #5752, #7802, #9501, #9237 ) ) ;
#7117 = VECTOR ( 'NONE', #3914, 39.37007874015748143 ) ;
#7118 = CARTESIAN_POINT ( 'NONE',  ( 0.04538125036984175936, 0.000000000000000000, 0.2187505854846457654 ) ) ;
#7119 = CYLINDRICAL_SURFACE ( 'NONE', #7041, 0.1377952755905511861 ) ;
#7120 = CIRCLE ( 'NONE', #2190, 0.1377952755905511584 ) ;
#7121 = CYLINDRICAL_SURFACE ( 'NONE', #8478, 0.05905511811023627516 ) ;
#7122 = ORIENTED_EDGE ( 'NONE', *, *, #2295, .T. ) ;
#7123 = ORIENTED_EDGE ( 'NONE', *, *, #121, .F. ) ;
#7124 = EDGE_CURVE ( 'NONE', #383, #9746, #7984, .T. ) ;
#7125 = CARTESIAN_POINT ( 'NONE',  ( 0.000000000000000000, 0.1574803149606299191, 1.790553422131372141 ) ) ;
#7126 = FACE_OUTER_BOUND ( 'NONE', #10777, .T. ) ;
#7127 = AXIS2_PLACEMENT_3D ( 'NONE', #6954, #8601, #3532 ) ;
#7128 = VERTEX_POINT ( 'NONE', #5423 ) ;
#7129 = DIRECTION ( 'NONE',  ( 0.000000000000000000, -0.9396926207859080948, 0.3420201433256694346 ) ) ;
#7130 = CARTESIAN_POINT ( 'NONE',  ( -1.677059694512046839, 0.1771653543307086520, 4.259611453760153488 ) ) ;
#7131 = CARTESIAN_POINT ( 'NONE',  ( 2.082782825172992514, 0.1968503937007874127, -1.626215317893389356 ) ) ;
#7132 = CARTESIAN_POINT ( 'NONE',  ( 6.568220433224385909E-16, 0.000000000000000000, 4.259611453760153488 ) ) ;
#7133 = VERTEX_POINT ( 'NONE', #6274 ) ;
#7134 = VECTOR ( 'NONE', #9460, 39.37007874015748143 ) ;
#7135 = DIRECTION ( 'NONE',  ( 0.000000000000000000, -0.9396926207859080948, 0.3420201433256694346 ) ) ;
#7136 = ADVANCED_FACE ( 'NONE', ( #8668 ), #4330, .F. ) ;
#7137 = ORIENTED_EDGE ( 'NONE', *, *, #7456, .T. ) ;
#7138 = PLANE ( 'NONE',  #226 ) ;
#7139 = EDGE_CURVE ( 'NONE', #10296, #5196, #8909, .T. ) ;
#7140 = ORIENTED_EDGE ( 'NONE', *, *, #10497, .T. ) ;
#7141 = CARTESIAN_POINT ( 'NONE',  ( 1.413264230408350031, 0.1507476349739041155, 3.954266087341968827 ) ) ;
#7142 = FACE_OUTER_BOUND ( 'NONE', #3058, .T. ) ;
#7143 = DIRECTION ( 'NONE',  ( -1.000000000000000000, 0.000000000000000000, 0.000000000000000000 ) ) ;
#7144 = VERTEX_POINT ( 'NONE', #4444 ) ;
#7145 = VERTEX_POINT ( 'NONE', #11301 ) ;
#7146 = AXIS2_PLACEMENT_3D ( 'NONE', #3560, #6170, #1849 ) ;
#7147 = CARTESIAN_POINT ( 'NONE',  ( 0.000000000000000000, 0.1574803149606299191, 1.022836886698301750 ) ) ;
#7148 = EDGE_LOOP ( 'NONE', ( #10919, #2193, #10514, #9218 ) ) ;
#7149 = LINE ( 'NONE', #10643, #907 ) ;
#7150 = CARTESIAN_POINT ( 'NONE',  ( 0.8034825222998375205, 0.1507476349739041155, 1.651116481042756767 ) ) ;
#7151 =( BOUNDED_CURVE ( )  B_SPLINE_CURVE ( 3, ( #2538, #2009, #802, #116 ),
 .UNSPECIFIED., .F., .F. ) 
 B_SPLINE_CURVE_WITH_KNOTS ( ( 4, 4 ),
 ( 3.141592653589793116, 3.490658503988661288 ),
 .UNSPECIFIED. ) 
 CURVE ( )  GEOMETRIC_REPRESENTATION_ITEM ( )  RATIONAL_B_SPLINE_CURVE ( ( 1.000000000000000000, 0.9898718353414719395, 0.9898718353414719395, 1.000000000000000000 ) ) 
 REPRESENTATION_ITEM ( '' )  );
#7152 = CARTESIAN_POINT ( 'NONE',  ( -0.7307633954321681724, 0.1574803149606299191, 2.577954996934522125 ) ) ;
#7153 = LINE ( 'NONE', #5434, #8888 ) ;
#7154 = VECTOR ( 'NONE', #6873, 39.37007874015748143 ) ;
#7155 = ADVANCED_FACE ( 'NONE', ( #9658 ), #7863, .T. ) ;
#7156 = CARTESIAN_POINT ( 'NONE',  ( -2.267610875614410215, 0.000000000000000000, 2.611570337134368189E-16 ) ) ;
#7157 = CARTESIAN_POINT ( 'NONE',  ( 0.01726810063082374544, 0.1771653543307086520, 2.558269957564442976 ) ) ;
#7158 = CIRCLE ( 'NONE', #9718, 0.1377952755905511861 ) ;
#7159 = FACE_OUTER_BOUND ( 'NONE', #10833, .T. ) ;
#7160 = ORIENTED_EDGE ( 'NONE', *, *, #7387, .T. ) ;
#7161 = CARTESIAN_POINT ( 'NONE',  ( -0.7307633954321685055, 0.1690115440477736874, 0.2748053906353093989 ) ) ;
#7162 = VECTOR ( 'NONE', #947, 39.37007874015748143 ) ;
#7163 = ORIENTED_EDGE ( 'NONE', *, *, #10701, .F. ) ;
#7164 = CARTESIAN_POINT ( 'NONE',  ( -1.549106938606536144, -0.2952755905511810774, 4.013548461634169229 ) ) ;
#7165 = ORIENTED_EDGE ( 'NONE', *, *, #4049, .F. ) ;
#7166 = CIRCLE ( 'NONE', #4608, 0.09448818897637799308 ) ;
#7167 = EDGE_LOOP ( 'NONE', ( #6787, #68 ) ) ;
#7168 = LINE ( 'NONE', #3746, #10722 ) ;
#7169 = EDGE_CURVE ( 'NONE', #6695, #4759, #96, .T. ) ;
#7170 = ORIENTED_EDGE ( 'NONE', *, *, #6469, .T. ) ;
#7171 = ORIENTED_EDGE ( 'NONE', *, *, #9003, .T. ) ;
#7172 = EDGE_LOOP ( 'NONE', ( #1659, #10216, #9574, #9162 ) ) ;
#7173 = VECTOR ( 'NONE', #202, 39.37007874015748143 ) ;
#7174 = LINE ( 'NONE', #2771, #6000 ) ;
#7175 = VECTOR ( 'NONE', #7271, 39.37007874015748143 ) ;
#7176 = ORIENTED_EDGE ( 'NONE', *, *, #7094, .F. ) ;
#7177 = ADVANCED_FACE ( 'NONE', ( #1308 ), #9028, .T. ) ;
#7178 = DIRECTION ( 'NONE',  ( 1.000000000000000000, 0.000000000000000000, 0.000000000000000000 ) ) ;
#7179 = DIRECTION ( 'NONE',  ( 0.000000000000000000, 0.3420201433256694346, -0.9396926207859080948 ) ) ;
#7180 = CARTESIAN_POINT ( 'NONE',  ( -0.8910725290249985608, 0.1574803149606299191, 2.417645863341691737 ) ) ;
#7181 = PLANE ( 'NONE',  #4278 ) ;
#7182 = EDGE_CURVE ( 'NONE', #5961, #969, #6509, .T. ) ;
#7183 = EDGE_LOOP ( 'NONE', ( #4314, #10009, #9816, #7348 ) ) ;
#7184 = DIRECTION ( 'NONE',  ( 0.000000000000000000, 0.000000000000000000, 1.000000000000000000 ) ) ;
#7185 = AXIS2_PLACEMENT_3D ( 'NONE', #158, #8971, #10572 ) ;
#7186 = CARTESIAN_POINT ( 'NONE',  ( 7.723517969990725257E-16, 0.1771653543307086520, 1.669614367278699163 ) ) ;
#7187 = VERTEX_POINT ( 'NONE', #388 ) ;
#7188 = DIRECTION ( 'NONE',  ( 1.000000000000000000, 0.000000000000000000, 4.625929269271495775E-16 ) ) ;
#7189 = CARTESIAN_POINT ( 'NONE',  ( 0.6443605418411433305, 0.1574803149606299191, 2.417645863341692181 ) ) ;
#7190 = ADVANCED_FACE ( 'NONE', ( #4791 ), #10905, .T. ) ;
#7191 = LINE ( 'NONE', #9831, #1473 ) ;
#7192 = DIRECTION ( 'NONE',  ( 0.000000000000000000, 0.000000000000000000, -1.000000000000000000 ) ) ;
#7193 = VERTEX_POINT ( 'NONE', #334 ) ;
#7194 = CARTESIAN_POINT ( 'NONE',  ( -0.7504484348022475437, 0.1771653543307086520, 2.437330902711770442 ) ) ;
#7195 = EDGE_CURVE ( 'NONE', #10979, #7890, #2853, .T. ) ;
#7196 = ORIENTED_EDGE ( 'NONE', *, *, #9605, .F. ) ;
#7197 = DIRECTION ( 'NONE',  ( -0.000000000000000000, -1.000000000000000000, -0.000000000000000000 ) ) ;
#7198 = AXIS2_PLACEMENT_3D ( 'NONE', #8993, #5510, #3803 ) ;
#7199 = ORIENTED_EDGE ( 'NONE', *, *, #5082, .F. ) ;
#7200 = CARTESIAN_POINT ( 'NONE',  ( -2.129815600023859279, 0.1771653543307086520, -1.901805869074491673 ) ) ;
#7201 = CARTESIAN_POINT ( 'NONE',  ( -0.9258000487626546482, 0.1968503937007874127, 4.038961798268368319 ) ) ;
#7202 = CARTESIAN_POINT ( 'NONE',  ( 0.03576598686676681071, 0.1507476349739041432, 1.809051308367315425 ) ) ;
#7203 = CARTESIAN_POINT ( 'NONE',  ( -0.1036709542218490210, 0.1771653543307086520, 1.669614367278699829 ) ) ;
#7204 = EDGE_LOOP ( 'NONE', ( #4978, #8733, #5874, #3621 ) ) ;
#7205 = ORIENTED_EDGE ( 'NONE', *, *, #1729, .T. ) ;
#7206 = CARTESIAN_POINT ( 'NONE',  ( -1.490051820496299806, 0.1507476349739040877, 2.576767843800386260 ) ) ;
#7207 = DIRECTION ( 'NONE',  ( -1.000000000000000000, -0.000000000000000000, -0.000000000000000000 ) ) ;
#7208 = ADVANCED_FACE ( 'NONE', ( #9143 ), #3830, .T. ) ;
#7209 = DIRECTION ( 'NONE',  ( -0.000000000000000000, -1.000000000000000000, 0.000000000000000000 ) ) ;
#7210 = AXIS2_PLACEMENT_3D ( 'NONE', #8663, #8779, #828 ) ;
#7211 = CARTESIAN_POINT ( 'NONE',  ( -0.7223352850632289712, 0.1507476349739040877, 2.576767843800386260 ) ) ;
#7212 = EDGE_LOOP ( 'NONE', ( #10926, #1976, #2763, #7219 ) ) ;
#7213 = DIRECTION ( 'NONE',  ( -1.000000000000000000, 0.000000000000000000, -0.000000000000000000 ) ) ;
#7214 = ORIENTED_EDGE ( 'NONE', *, *, #4251, .T. ) ;
#7215 = DIRECTION ( 'NONE',  ( -0.3420201433256694346, -0.9396926207859080948, 0.000000000000000000 ) ) ;
#7216 = LINE ( 'NONE', #4638, #8987 ) ;
#7217 = VECTOR ( 'NONE', #9464, 39.37007874015748143 ) ;
#7218 = LINE ( 'NONE', #11224, #7621 ) ;
#7219 = ORIENTED_EDGE ( 'NONE', *, *, #484, .F. ) ;
#7220 = FACE_OUTER_BOUND ( 'NONE', #9703, .T. ) ;
#7221 = CARTESIAN_POINT ( 'NONE',  ( 0.7965158651510383381, 0.1771653543307086798, 2.425799673624626340 ) ) ;
#7222 = EDGE_LOOP ( 'NONE', ( #6204, #7491, #5773, #2465 ) ) ;
#7223 = EDGE_CURVE ( 'NONE', #1539, #2131, #1367, .T. ) ;
#7224 = EDGE_CURVE ( 'NONE', #9104, #625, #2725, .T. ) ;
#7225 = ORIENTED_EDGE ( 'NONE', *, *, #9983, .F. ) ;
#7226 = CARTESIAN_POINT ( 'NONE',  ( -0.1233559935919277400, 0.1551781507868630339, 3.185362398774762571 ) ) ;
#7228 = ORIENTED_EDGE ( 'NONE', *, *, #6418, .F. ) ;
#7227 = VECTOR ( 'NONE', #10144, 39.37007874015748143 ) ;
#7229 = VERTEX_POINT ( 'NONE', #3080 ) ;
#7230 = LINE ( 'NONE', #5450, #1757 ) ;
#7231 = ORIENTED_EDGE ( 'NONE', *, *, #8658, .T. ) ;
#7232 = VERTEX_POINT ( 'NONE', #4846 ) ;
#7233 = ORIENTED_EDGE ( 'NONE', *, *, #10824, .T. ) ;
#7234 = VECTOR ( 'NONE', #2554, 39.37007874015748143 ) ;
#7235 = CARTESIAN_POINT ( 'NONE',  ( 1.462704085015511746, 0.4724409448818898127, 3.954493343523932669 ) ) ;
#7236 = ADVANCED_FACE ( 'NONE', ( #3777 ), #7369, .T. ) ;
#7237 = ORIENTED_EDGE ( 'NONE', *, *, #6762, .F. ) ;
#7238 = CARTESIAN_POINT ( 'NONE',  ( 1.412077077274214387, 0.1690115440477737152, 1.810238461501450846 ) ) ;
#7239 = CARTESIAN_POINT ( 'NONE',  ( 0.8130977858029126981, 0.000000000000000000, 0.2187505854846457654 ) ) ;
#7240 = CARTESIAN_POINT ( 'NONE',  ( -0.1221688404577920550, 0.1507476349739042543, 3.954266087341968827 ) ) ;
#7241 = AXIS2_PLACEMENT_3D ( 'NONE', #8513, #7608, #5150 ) ;
#7242 = VERTEX_POINT ( 'NONE', #6396 ) ;
#7243 = DIRECTION ( 'NONE',  ( -0.000000000000000000, 0.000000000000000000, 1.000000000000000000 ) ) ;
#7244 = ORIENTED_EDGE ( 'NONE', *, *, #2789, .F. ) ;
#7245 = DIRECTION ( 'NONE',  ( 0.000000000000000000, 0.000000000000000000, 1.000000000000000000 ) ) ;
#7246 = AXIS2_PLACEMENT_3D ( 'NONE', #10311, #8574, #11048 ) ;
#7247 = EDGE_CURVE ( 'NONE', #11190, #4093, #1621, .T. ) ;
#7248 = CARTESIAN_POINT ( 'NONE',  ( -1.554534736015902974, 0.000000000000000000, 2.409217752972752535 ) ) ;
#7249 = CARTESIAN_POINT ( 'NONE',  ( -0.7389172057151031092, 0.1771653543307086798, 2.569801186651586633 ) ) ;
#7250 = CARTESIAN_POINT ( 'NONE',  ( 0.000000000000000000, 0.000000000000000000, 0.000000000000000000 ) ) ;
#7251 = EDGE_LOOP ( 'NONE', ( #4589, #4630, #5695, #10604 ) ) ;
#7252 = CARTESIAN_POINT ( 'NONE',  ( -0.7389172057151031092, 0.1771653543307086798, 1.034368115785445408 ) ) ;
#7253 = ORIENTED_EDGE ( 'NONE', *, *, #9654, .F. ) ;
#7254 = DIRECTION ( 'NONE',  ( -0.000000000000000000, -1.000000000000000000, 0.000000000000000000 ) ) ;
#7255 = ORIENTED_EDGE ( 'NONE', *, *, #3623, .T. ) ;
#7256 = CARTESIAN_POINT ( 'NONE',  ( -0.08257150553567034479, 0.4724409448818899238, -0.2610578375784295968 ) ) ;
#7257 = CARTESIAN_POINT ( 'NONE',  ( 0.8130977858029132532, 0.1507476349739040877, 3.344484379233457094 ) ) ;
#7258 = EDGE_CURVE ( 'NONE', #2051, #124, #7470, .T. ) ;
#7259 = DIRECTION ( 'NONE',  ( 0.000000000000000000, 0.000000000000000000, 1.000000000000000000 ) ) ;
#7260 = DIRECTION ( 'NONE',  ( 0.000000000000000000, 0.000000000000000000, 1.000000000000000000 ) ) ;
#7261 = ORIENTED_EDGE ( 'NONE', *, *, #3614, .F. ) ;
#7262 = CARTESIAN_POINT ( 'NONE',  ( 0.8130977858029125871, 0.000000000000000000, 0.9382675976262138118 ) ) ;
#7263 = DIRECTION ( 'NONE',  ( 1.000000000000000000, 0.000000000000000000, -1.284980352575412206E-16 ) ) ;
#7264 = ADVANCED_FACE ( 'NONE', ( #1138 ), #10057, .F. ) ;
#7265 = DIRECTION ( 'NONE',  ( 1.156482317317871971E-16, -0.000000000000000000, -1.000000000000000000 ) ) ;
#7266 = CARTESIAN_POINT ( 'NONE',  ( 0.8042699088205085278, 0.1529109616598304799, 1.650329094522085649 ) ) ;
#7267 = VERTEX_POINT ( 'NONE', #8105 ) ;
#7268 = ORIENTED_EDGE ( 'NONE', *, *, #6111, .F. ) ;
#7269 = DIRECTION ( 'NONE',  ( -1.000000000000000000, 0.000000000000000000, 0.000000000000000000 ) ) ;
#7270 = FACE_OUTER_BOUND ( 'NONE', #10313, .T. ) ;
#7271 = DIRECTION ( 'NONE',  ( -2.312964634635742957E-16, 0.000000000000000000, 1.000000000000000000 ) ) ;
#7272 = EDGE_CURVE ( 'NONE', #7267, #8990, #4435, .T. ) ;
#7273 = ORIENTED_EDGE ( 'NONE', *, *, #6779, .F. ) ;
#7274 = DIRECTION ( 'NONE',  ( 0.000000000000000000, 1.000000000000000000, 0.000000000000000000 ) ) ;
#7275 = CARTESIAN_POINT ( 'NONE',  ( -0.7868182005828320280, 0.000000000000000000, 4.009133739358497373 ) ) ;
#7276 = ORIENTED_EDGE ( 'NONE', *, *, #4553, .F. ) ;
#7277 = DIRECTION ( 'NONE',  ( -0.3236155771181852270, 0.8891264907159880382, -0.3236155771181852825 ) ) ;
#7278 = CARTESIAN_POINT ( 'NONE',  ( -0.7504484348022473217, 0.1771653543307086520, 1.669614367278700051 ) ) ;
#7279 = ORIENTED_EDGE ( 'NONE', *, *, #4678, .T. ) ;
#7280 = LINE ( 'NONE', #9869, #4130 ) ;
#7281 = EDGE_LOOP ( 'NONE', ( #6358, #10977, #9401, #8330 ) ) ;
#7282 = ORIENTED_EDGE ( 'NONE', *, *, #9005, .F. ) ;
#7283 = EDGE_CURVE ( 'NONE', #3144, #183, #3990, .T. ) ;
#7284 = EDGE_CURVE ( 'NONE', #45, #9454, #1194, .T. ) ;
#7285 = VECTOR ( 'NONE', #4946, 39.37007874015748143 ) ;
#7286 = LINE ( 'NONE', #5684, #9499 ) ;
#7287 = ORIENTED_EDGE ( 'NONE', *, *, #10353, .F. ) ;
#7288 = FACE_OUTER_BOUND ( 'NONE', #4069, .T. ) ;
#7289 = CARTESIAN_POINT ( 'NONE',  ( -0.8910725290249985608, 0.1574803149606299191, 3.185362398774762571 ) ) ;
#7290 = AXIS2_PLACEMENT_3D ( 'NONE', #5823, #511, #4964 ) ;
#7291 = FACE_OUTER_BOUND ( 'NONE', #4302, .T. ) ;
#7292 = AXIS2_PLACEMENT_3D ( 'NONE', #7256, #3891, #2108 ) ;
#7293 = LINE ( 'NONE', #2970, #6247 ) ;
#7294 = DIRECTION ( 'NONE',  ( 1.000000000000000000, 0.000000000000000000, -1.151683635503274765E-16 ) ) ;
#7295 = ORIENTED_EDGE ( 'NONE', *, *, #7544, .T. ) ;
#7296 = VECTOR ( 'NONE', #9247, 39.37007874015748143 ) ;
#7297 = DIRECTION ( 'NONE',  ( 0.000000000000000000, -0.000000000000000000, -1.000000000000000000 ) ) ;
#7298 = VECTOR ( 'NONE', #8758, 39.37007874015748143 ) ;
#7299 =( BOUNDED_CURVE ( )  B_SPLINE_CURVE ( 3, ( #6988, #8938, #2701, #6173 ),
 .UNSPECIFIED., .F., .F. ) 
 B_SPLINE_CURVE_WITH_KNOTS ( ( 4, 4 ),
 ( 1.570796326794896558, 3.141592653589793116 ),
 .UNSPECIFIED. ) 
 CURVE ( )  GEOMETRIC_REPRESENTATION_ITEM ( )  RATIONAL_B_SPLINE_CURVE ( ( 1.000000000000000000, 0.8047378541243649375, 0.8047378541243649375, 1.000000000000000000 ) ) 
 REPRESENTATION_ITEM ( '' )  );
#7300 = FACE_OUTER_BOUND ( 'NONE', #399, .T. ) ;
#7301 = CARTESIAN_POINT ( 'NONE',  ( 0.02879932971796746177, 0.1771653543307086798, 3.961232744490768454 ) ) ;
#7302 = ORIENTED_EDGE ( 'NONE', *, *, #8707, .F. ) ;
#7303 = FACE_OUTER_BOUND ( 'NONE', #8548, .T. ) ;
#7304 = AXIS2_PLACEMENT_3D ( 'NONE', #13, #6014, #3515 ) ;
#7305 = VECTOR ( 'NONE', #9120, 39.37007874015748143 ) ;
#7306 = ORIENTED_EDGE ( 'NONE', *, *, #7880, .T. ) ;
#7307 = CYLINDRICAL_SURFACE ( 'NONE', #7525, 0.01968503937007875723 ) ;
#7308 = EDGE_CURVE ( 'NONE', #8967, #4422, #9960, .T. ) ;
#7309 = DIRECTION ( 'NONE',  ( -1.000000000000000000, 0.000000000000000000, -0.000000000000000000 ) ) ;
#7310 = CARTESIAN_POINT ( 'NONE',  ( -1.498479930865239229, 0.1574803149606299191, 3.953078934207833850 ) ) ;
#7311 = PLANE ( 'NONE',  #5079 ) ;
#7312 = FACE_OUTER_BOUND ( 'NONE', #2457, .T. ) ;
#7313 = ORIENTED_EDGE ( 'NONE', *, *, #5845, .T. ) ;
#7314 = DIRECTION ( 'NONE',  ( 0.9396926207859080948, 0.3420201433256694346, 2.173475799305982249E-16 ) ) ;
#7315 = CARTESIAN_POINT ( 'NONE',  ( -0.1036709542218490210, 0.1771653543307086520, 2.437330902711770886 ) ) ;
#7316 = ORIENTED_EDGE ( 'NONE', *, *, #3873, .T. ) ;
#7317 = CIRCLE ( 'NONE', #2375, 0.05511811023622041616 ) ;
#7318 = FACE_OUTER_BOUND ( 'NONE', #7102, .T. ) ;
#7319 = FACE_OUTER_BOUND ( 'NONE', #7110, .T. ) ;
#7320 = ORIENTED_EDGE ( 'NONE', *, *, #1787, .F. ) ;
#7321 = EDGE_LOOP ( 'NONE', ( #5819, #10357, #6145, #9027 ) ) ;
#7322 = CARTESIAN_POINT ( 'NONE',  ( -2.267610875614410659, 0.000000000000000000, -1.901805869074491673 ) ) ;
#7323 = EDGE_CURVE ( 'NONE', #9017, #8551, #2165, .T. ) ;
#7324 = CYLINDRICAL_SURFACE ( 'NONE', #10861, 0.01968503937007875723 ) ;
#7325 = CARTESIAN_POINT ( 'NONE',  ( 0.000000000000000000, 0.1771653543307086520, 0.9018978318456289944 ) ) ;
#7326 = EDGE_CURVE ( 'NONE', #1110, #5445, #9904, .T. ) ;
#7327 = AXIS2_PLACEMENT_3D ( 'NONE', #10434, #9524, #5342 ) ;
#7328 = LINE ( 'NONE', #348, #3154 ) ;
#7329 = LINE ( 'NONE', #1433, #1135 ) ;
#7330 = ORIENTED_EDGE ( 'NONE', *, *, #2975, .F. ) ;
#7331 = EDGE_LOOP ( 'NONE', ( #3721, #7983, #11304, #133 ) ) ;
#7332 = FACE_OUTER_BOUND ( 'NONE', #7929, .T. ) ;
#7333 = DIRECTION ( 'NONE',  ( 0.000000000000000000, 1.000000000000000000, -0.000000000000000000 ) ) ;
#7334 = DIRECTION ( 'NONE',  ( -0.3236155771181852270, 0.8891264907159878161, -0.3236155771181853380 ) ) ;
#7335 = ORIENTED_EDGE ( 'NONE', *, *, #4984, .T. ) ;
#7336 = VECTOR ( 'NONE', #10148, 39.37007874015748143 ) ;
#7337 = DIRECTION ( 'NONE',  ( -0.000000000000000000, 1.000000000000000000, -0.000000000000000000 ) ) ;
#7338 = EDGE_CURVE ( 'NONE', #3923, #9451, #8110, .T. ) ;
#7339 = DIRECTION ( 'NONE',  ( -7.950815931560366507E-16, 0.000000000000000000, 1.000000000000000000 ) ) ;
#7340 = EDGE_LOOP ( 'NONE', ( #8662, #7160, #1327, #7123 ) ) ;
#7341 = CARTESIAN_POINT ( 'NONE',  ( -0.8601305606537805737, 2.287311901041906737, -0.1035775226177996777 ) ) ;
#7342 = ORIENTED_EDGE ( 'NONE', *, *, #8936, .T. ) ;
#7343 = ORIENTED_EDGE ( 'NONE', *, *, #6294, .T. ) ;
#7344 = ADVANCED_FACE ( 'NONE', ( #283 ), #10010, .F. ) ;
#7345 = DIRECTION ( 'NONE',  ( 0.3236155771181851160, 0.8891264907159878161, 0.3236155771181852825 ) ) ;
#7346 = CARTESIAN_POINT ( 'NONE',  ( 0.8046696754339731639, 0.1574803149606299191, 0.000000000000000000 ) ) ;
#7347 = VECTOR ( 'NONE', #5837, 39.37007874015748143 ) ;
#7348 = ORIENTED_EDGE ( 'NONE', *, *, #6024, .F. ) ;
#7349 = LINE ( 'NONE', #10839, #9158 ) ;
#7350 = EDGE_CURVE ( 'NONE', #10004, #6064, #8665, .T. ) ;
#7351 = DIRECTION ( 'NONE',  ( 0.000000000000000000, 1.000000000000000000, -0.000000000000000000 ) ) ;
#7352 = FACE_OUTER_BOUND ( 'NONE', #324, .T. ) ;
#7353 = CARTESIAN_POINT ( 'NONE',  ( 0.03695314000090240553, 0.1574803149606299191, 3.953078934207834294 ) ) ;
#7354 = FACE_BOUND ( 'NONE', #3705, .T. ) ;
#7355 = AXIS2_PLACEMENT_3D ( 'NONE', #3200, #5767, #2334 ) ;
#7356 = CYLINDRICAL_SURFACE ( 'NONE', #5537, 0.1377952755905511584 ) ;
#7357 = VERTEX_POINT ( 'NONE', #10695 ) ;
#7358 = CIRCLE ( 'NONE', #10453, 0.1377952755905512972 ) ;
#7359 = DIRECTION ( 'NONE',  ( -1.000000000000000000, -0.000000000000000000, -0.000000000000000000 ) ) ;
#7360 = CARTESIAN_POINT ( 'NONE',  ( 0.03695314000090240553, 0.1690115440477737152, 3.953078934207834294 ) ) ;
#7361 = EDGE_CURVE ( 'NONE', #3295, #9864, #5890, .T. ) ;
#7362 = VECTOR ( 'NONE', #1579, 39.37007874015748143 ) ;
#7363 = EDGE_CURVE ( 'NONE', #10971, #2509, #5620, .T. ) ;
#7364 = LENGTH_MEASURE_WITH_UNIT ( LENGTH_MEASURE( 0.02539999999999999897 ), #10740 );
#7365 = ORIENTED_EDGE ( 'NONE', *, *, #10140, .F. ) ;
#7366 = CARTESIAN_POINT ( 'NONE',  ( -0.7307633954321687275, 0.1690115440477737152, 2.417645863341691737 ) ) ;
#7367 = ORIENTED_EDGE ( 'NONE', *, *, #6069, .F. ) ;
#7368 = DIRECTION ( 'NONE',  ( 0.000000000000000000, -0.000000000000000000, -1.000000000000000000 ) ) ;
#7369 = CYLINDRICAL_SURFACE ( 'NONE', #9129, 0.01968503937007873988 ) ;
#7370 = DIRECTION ( 'NONE',  ( -1.000000000000000000, 0.000000000000000000, -5.782411586589357392E-17 ) ) ;
#7371 =( BOUNDED_CURVE ( )  B_SPLINE_CURVE ( 3, ( #3786, #6406, #7266, #7150 ),
 .UNSPECIFIED., .F., .T. ) 
 B_SPLINE_CURVE_WITH_KNOTS ( ( 4, 4 ),
 ( 3.141592653589793116, 3.490658503988666173 ),
 .UNSPECIFIED. ) 
 CURVE ( )  GEOMETRIC_REPRESENTATION_ITEM ( )  RATIONAL_B_SPLINE_CURVE ( ( 1.000000000000000000, 0.9898718353414716065, 0.9898718353414716065, 1.000000000000000000 ) ) 
 REPRESENTATION_ITEM ( '' )  );
#7372 = CARTESIAN_POINT ( 'NONE',  ( -0.9613473175948448191, 0.3470877061559771715, 3.415946320937439662 ) ) ;
#7373 = CARTESIAN_POINT ( 'NONE',  ( 0.6443605418411432195, 0.1574803149606299191, 2.577954996934521681 ) ) ;
#7374 = ORIENTED_EDGE ( 'NONE', *, *, #8239, .T. ) ;
#7375 = FACE_OUTER_BOUND ( 'NONE', #7321, .T. ) ;
#7376 = DIRECTION ( 'NONE',  ( -4.625929269271465206E-16, 0.000000000000000000, -1.000000000000000000 ) ) ;
#7377 = DIRECTION ( 'NONE',  ( 0.000000000000000000, -0.9396926207859080948, 0.3420201433256694346 ) ) ;
#7378 = VERTEX_POINT ( 'NONE', #225 ) ;
#7379 = CARTESIAN_POINT ( 'NONE',  ( 1.630026919661180962, 0.4724409448818898127, 4.161186256909759962 ) ) ;
#7380 = DIRECTION ( 'NONE',  ( -0.000000000000000000, 1.000000000000000000, -0.000000000000000000 ) ) ;
#7381 = VECTOR ( 'NONE', #3342, 39.37007874015748143 ) ;
#7382 = DIRECTION ( 'NONE',  ( -0.3420201433256694346, 0.9396926207859080948, 0.000000000000000000 ) ) ;
#7383 = CARTESIAN_POINT ( 'NONE',  ( 0.7849846360638944587, 0.1771653543307086520, 2.437330902711770442 ) ) ;
#7384 = ORIENTED_EDGE ( 'NONE', *, *, #6926, .F. ) ;
#7386 = ORIENTED_EDGE ( 'NONE', *, *, #7815, .F. ) ;
#7385 = FACE_OUTER_BOUND ( 'NONE', #8070, .T. ) ;
#7387 = EDGE_CURVE ( 'NONE', #9478, #1662, #7988, .T. ) ;
#7388 = CARTESIAN_POINT ( 'NONE',  ( -0.06730118844126409261, 0.000000000000000000, 1.641501217539681479 ) ) ;
#7389 = CARTESIAN_POINT ( 'NONE',  ( -0.1233559935919276984, 0.1690115440477737152, 3.345671532367593404 ) ) ;
#7390 = VERTEX_POINT ( 'NONE', #6457 ) ;
#7391 = FACE_OUTER_BOUND ( 'NONE', #4063, .T. ) ;
#7392 = EDGE_CURVE ( 'NONE', #10199, #8701, #6341, .T. ) ;
#7393 = VERTEX_POINT ( 'NONE', #9842 ) ;
#7394 = CARTESIAN_POINT ( 'NONE',  ( 0.000000000000000000, 0.1574803149606299191, 3.325986492997513810 ) ) ;
#7395 = ORIENTED_EDGE ( 'NONE', *, *, #3277, .T. ) ;
#7396 = CARTESIAN_POINT ( 'NONE',  ( 0.000000000000000000, 0.1574803149606299191, 0.8822127924755501782 ) ) ;
#7397 = ORIENTED_EDGE ( 'NONE', *, *, #5000, .T. ) ;
#7398 = ORIENTED_EDGE ( 'NONE', *, *, #2998, .F. ) ;
#7399 = ADVANCED_FACE ( 'NONE', ( #3837 ), #2925, .F. ) ;
#7400 = CARTESIAN_POINT ( 'NONE',  ( -0.8898853758908630285, 0.1507476349739041155, 3.944650823838894205 ) ) ;
#7401 = ORIENTED_EDGE ( 'NONE', *, *, #5225, .F. ) ;
#7402 = EDGE_CURVE ( 'NONE', #3055, #8944, #4015, .T. ) ;
#7403 = DIRECTION ( 'NONE',  ( 0.3236155771181852270, 0.8891264907159880382, 0.3236155771181852825 ) ) ;
#7404 = CARTESIAN_POINT ( 'NONE',  ( -0.7868182005828320280, -1.707404996040164512E-17, 0.9864671209177166000 ) ) ;
#7405 = DIRECTION ( 'NONE',  ( 0.3236155771181852825, 0.8891264907159878161, -0.3236155771181852270 ) ) ;
#7406 = AXIS2_PLACEMENT_3D ( 'NONE', #11117, #5047, #11231 ) ;
#7407 = CARTESIAN_POINT ( 'NONE',  ( 1.413264230408350031, 0.1507476349739040877, 0.8737846821066108660 ) ) ;
#7408 = VECTOR ( 'NONE', #4024, 39.37007874015748143 ) ;
#7409 = DIRECTION ( 'NONE',  ( 0.3236155771181852270, 0.8891264907159880382, 0.3236155771181852825 ) ) ;
#7410 = EDGE_CURVE ( 'NONE', #8343, #6533, #8168, .T. ) ;
#7411 = DIRECTION ( 'NONE',  ( 0.3236155771181852825, 0.8891264907159880382, 0.3236155771181852825 ) ) ;
#7412 = AXIS2_PLACEMENT_3D ( 'NONE', #10378, #5343, #2599 ) ;
#7413 = EDGE_LOOP ( 'NONE', ( #2604, #4761, #4693, #4410 ) ) ;
#7414 = DIRECTION ( 'NONE',  ( 0.000000000000000000, -1.000000000000000000, 0.000000000000000000 ) ) ;
#7415 = ORIENTED_EDGE ( 'NONE', *, *, #6449, .F. ) ;
#7416 = CARTESIAN_POINT ( 'NONE',  ( -0.1233559935919276845, 0.1574803149606299191, 3.345671532367592516 ) ) ;
#7417 = CARTESIAN_POINT ( 'NONE',  ( -2.031390403173464865, 0.1968503937007874405, -0.5366483887595320246 ) ) ;
#7418 = EDGE_CURVE ( 'NONE', #1519, #3134, #8973, .T. ) ;
#7419 = VECTOR ( 'NONE', #3056, 39.37007874015748143 ) ;
#7420 = ADVANCED_FACE ( 'NONE', ( #1145 ), #1254, .T. ) ;
#7421 = FACE_OUTER_BOUND ( 'NONE', #8872, .T. ) ;
#7422 = CARTESIAN_POINT ( 'NONE',  ( 0.6455476949752787519, 0.1507476349739042265, 2.576767843800386704 ) ) ;
#7423 = CARTESIAN_POINT ( 'NONE',  ( 1.630026919661181184, 0.5905511811023621549, 1.432522845093851605E-16 ) ) ;
#7424 = CARTESIAN_POINT ( 'NONE',  ( 0.000000000000000000, 0.1574803149606299191, 1.022836886698301750 ) ) ;
#7425 = LINE ( 'NONE', #10910, #570 ) ;
#7426 = EDGE_LOOP ( 'NONE', ( #5763, #10924 ) ) ;
#7427 = ORIENTED_EDGE ( 'NONE', *, *, #4739, .F. ) ;
#7429 = PLANE ( 'NONE',  #11031 ) ;
#7428 = VECTOR ( 'NONE', #9526, 39.37007874015748143 ) ;
#7430 = DIRECTION ( 'NONE',  ( -1.000000000000000000, -0.000000000000000000, -0.000000000000000000 ) ) ;
#7431 = LENGTH_MEASURE_WITH_UNIT ( LENGTH_MEASURE( 0.02539999999999999897 ), #4806 );
#7432 = FACE_OUTER_BOUND ( 'NONE', #8874, .T. ) ;
#7433 = ORIENTED_EDGE ( 'NONE', *, *, #4464, .F. ) ;
#7434 = FACE_OUTER_BOUND ( 'NONE', #6799, .T. ) ;
#7435 = CARTESIAN_POINT ( 'NONE',  ( -0.8713874896549195226, 0.1771653543307086520, -2.015488446635848950E-16 ) ) ;
#7436 = LINE ( 'NONE', #8989, #9236 ) ;
#7437 = ORIENTED_EDGE ( 'NONE', *, *, #5396, .F. ) ;
#7438 = LINE ( 'NONE', #10770, #7658 ) ;
#7439 = VERTEX_POINT ( 'NONE', #3895 ) ;
#7440 = FACE_OUTER_BOUND ( 'NONE', #5347, .T. ) ;
#7441 = ORIENTED_EDGE ( 'NONE', *, *, #5779, .T. ) ;
#7442 = FACE_OUTER_BOUND ( 'NONE', #751, .T. ) ;
#7443 = ORIENTED_EDGE ( 'NONE', *, *, #3537, .T. ) ;
#7444 =( BOUNDED_CURVE ( )  B_SPLINE_CURVE ( 3, ( #11005, #11056, #5847, #1510 ),
 .UNSPECIFIED., .F., .F. ) 
 B_SPLINE_CURVE_WITH_KNOTS ( ( 4, 4 ),
 ( 5.934119456780716284, 6.283185307179586232 ),
 .UNSPECIFIED. ) 
 CURVE ( )  GEOMETRIC_REPRESENTATION_ITEM ( )  RATIONAL_B_SPLINE_CURVE ( ( 1.000000000000000000, 0.9898718353414717175, 0.9898718353414717175, 1.000000000000000000 ) ) 
 REPRESENTATION_ITEM ( '' )  );
#7445 = ADVANCED_FACE ( 'NONE', ( #7375 ), #10858, .F. ) ;
#7446 = DIRECTION ( 'NONE',  ( 0.000000000000000000, 0.000000000000000000, 1.000000000000000000 ) ) ;
#7447 = DIRECTION ( 'NONE',  ( 0.000000000000000000, 0.000000000000000000, 1.000000000000000000 ) ) ;
#7448 = EDGE_LOOP ( 'NONE', ( #7858, #1738, #735, #3737 ) ) ;
#7449 = EDGE_LOOP ( 'NONE', ( #6577, #8129, #2168, #6936 ) ) ;
#7450 = LINE ( 'NONE', #4927, #4403 ) ;
#7451 = CARTESIAN_POINT ( 'NONE',  ( -0.1036709542218490210, 0.1771653543307086520, 2.437330902711770886 ) ) ;
#7452 = EDGE_CURVE ( 'NONE', #10296, #9035, #7673, .T. ) ;
#7453 = FACE_OUTER_BOUND ( 'NONE', #2693, .T. ) ;
#7454 = VECTOR ( 'NONE', #1368, 39.37007874015748143 ) ;
#7455 = CARTESIAN_POINT ( 'NONE',  ( 0.04538125036984168997, 0.1771653543307086520, 0.8737846821066108660 ) ) ;
#7456 = EDGE_CURVE ( 'NONE', #9724, #10978, #7782, .T. ) ;
#7457 = EDGE_CURVE ( 'NONE', #1489, #6700, #6924, .T. ) ;
#7458 = EDGE_CURVE ( 'NONE', #1784, #3378, #5955, .T. ) ;
#7459 = LINE ( 'NONE', #3122, #9203 ) ;
#7460 =( NAMED_UNIT ( * ) SI_UNIT ( $, .STERADIAN. ) SOLID_ANGLE_UNIT ( ) );
#7461 =( BOUNDED_CURVE ( )  B_SPLINE_CURVE ( 3, ( #152, #10336, #9476, #1815 ),
 .UNSPECIFIED., .F., .F. ) 
 B_SPLINE_CURVE_WITH_KNOTS ( ( 4, 4 ),
 ( 1.570796326794896558, 3.141592653589793116 ),
 .UNSPECIFIED. ) 
 CURVE ( )  GEOMETRIC_REPRESENTATION_ITEM ( )  RATIONAL_B_SPLINE_CURVE ( ( 1.000000000000000000, 0.8047378541243649375, 0.8047378541243649375, 1.000000000000000000 ) ) 
 REPRESENTATION_ITEM ( '' )  );
#7462 = FACE_OUTER_BOUND ( 'NONE', #6307, .T. ) ;
#7463 = VECTOR ( 'NONE', #8656, 39.37007874015748143 ) ;
#7464 = ORIENTED_EDGE ( 'NONE', *, *, #2353, .F. ) ;
#7465 = EDGE_CURVE ( 'NONE', #6185, #4993, #8277, .T. ) ;
#7466 = CARTESIAN_POINT ( 'NONE',  ( 0.04538125036984168997, 0.1771653543307086520, 0.8737846821066108660 ) ) ;
#7467 = ORIENTED_EDGE ( 'NONE', *, *, #4487, .T. ) ;
#7468 = CARTESIAN_POINT ( 'NONE',  ( -0.1233559935919276984, 0.1551781507868630616, 3.345671532367592516 ) ) ;
#7469 = EDGE_CURVE ( 'NONE', #6935, #1300, #4250, .T. ) ;
#7470 = LINE ( 'NONE', #8970, #5651 ) ;
#7471 = VECTOR ( 'NONE', #6783, 39.37007874015748143 ) ;
#7472 = ORIENTED_EDGE ( 'NONE', *, *, #1666, .T. ) ;
#7473 = VECTOR ( 'NONE', #696, 39.37007874015748143 ) ;
#7474 = CARTESIAN_POINT ( 'NONE',  ( 0.6447603084546079666, 0.1529109616598304799, 3.345271765754127991 ) ) ;
#7475 = DIRECTION ( 'NONE',  ( 0.000000000000000000, 1.000000000000000000, -0.000000000000000000 ) ) ;
#7476 = CARTESIAN_POINT ( 'NONE',  ( -0.1233559935919278927, 0.1574803149606299191, 0.8822127924755500672 ) ) ;
#7477 = CARTESIAN_POINT ( 'NONE',  ( -0.7319505485663040378, 0.1507476349739041155, 0.2736182375011737555 ) ) ;
#7478 = CARTESIAN_POINT ( 'NONE',  ( -1.499667083999375095, 0.1507476349739040877, 0.8833999456096859326 ) ) ;
#7479 = ORIENTED_EDGE ( 'NONE', *, *, #4202, .T. ) ;
#7480 = VERTEX_POINT ( 'NONE', #8323 ) ;
#7481 = EDGE_CURVE ( 'NONE', #7694, #8967, #11170, .T. ) ;
#7482 = VECTOR ( 'NONE', #2961, 39.37007874015748143 ) ;
#7483 = CARTESIAN_POINT ( 'NONE',  ( 0.6443605418411432195, 0.1574803149606299191, 0.2748053906353094544 ) ) ;
#7484 = EDGE_CURVE ( 'NONE', #10286, #9734, #6189, .T. ) ;
#7485 = CYLINDRICAL_SURFACE ( 'NONE', #2410, 0.05905511811023627516 ) ;
#7486 = EDGE_CURVE ( 'NONE', #8756, #1531, #447, .T. ) ;
#7487 = SURFACE_STYLE_FILL_AREA ( #6738 ) ;
#7488 = LINE ( 'NONE', #2286, #6693 ) ;
#7489 = VERTEX_POINT ( 'NONE', #4196 ) ;
#7491 = ORIENTED_EDGE ( 'NONE', *, *, #3270, .F. ) ;
#7490 = CARTESIAN_POINT ( 'NONE',  ( 1.312344623978576541, 0.4724409448818898127, 3.924965784468814611 ) ) ;
#7492 = AXIS2_PLACEMENT_3D ( 'NONE', #3726, #7209, #1318 ) ;
#7493 = CARTESIAN_POINT ( 'NONE',  ( 0.7849846360638952358, 0.1771653543307086520, 3.631283403896397980E-16 ) ) ;
#7494 = CARTESIAN_POINT ( 'NONE',  ( -1.490051820496300028, 0.1771653543307086520, 3.176934288405823370 ) ) ;
#7495 = ORIENTED_EDGE ( 'NONE', *, *, #9121, .T. ) ;
#7496 = LINE ( 'NONE', #991, #7831 ) ;
#7497 = EDGE_LOOP ( 'NONE', ( #10577, #4956, #2082, #2267 ) ) ;
#7498 = CARTESIAN_POINT ( 'NONE',  ( 0.000000000000000000, 0.1574803149606299191, 1.790553422131372141 ) ) ;
#7499 = EDGE_CURVE ( 'NONE', #9636, #9035, #7728, .T. ) ;
#7500 = CARTESIAN_POINT ( 'NONE',  ( 1.412077077274214387, 0.1690115440477737152, 0.2748053906353093989 ) ) ;
#7501 = ADVANCED_FACE ( 'NONE', ( #3400 ), #6880, .T. ) ;
#7502 = DIRECTION ( 'NONE',  ( 0.000000000000000000, 0.000000000000000000, 1.000000000000000000 ) ) ;
#7503 = AXIS2_PLACEMENT_3D ( 'NONE', #6765, #6657, #1360 ) ;
#7504 = ORIENTED_EDGE ( 'NONE', *, *, #7804, .F. ) ;
#7505 = DIRECTION ( 'NONE',  ( 0.000000000000000000, 0.000000000000000000, -1.000000000000000000 ) ) ;
#7506 = CARTESIAN_POINT ( 'NONE',  ( 1.630026919661180962, 0.5905511811023621549, 4.161186256909759962 ) ) ;
#7507 = ORIENTED_EDGE ( 'NONE', *, *, #10276, .T. ) ;
#7508 = VECTOR ( 'NONE', #10200, 39.37007874015748143 ) ;
#7509 = ORIENTED_EDGE ( 'NONE', *, *, #4651, .F. ) ;
#7510 = CARTESIAN_POINT ( 'NONE',  ( 0.8034825222998375205, 0.1507476349739041155, 1.641501217539681701 ) ) ;
#7511 = EDGE_CURVE ( 'NONE', #6193, #4148, #2216, .T. ) ;
#7512 = CARTESIAN_POINT ( 'NONE',  ( -1.253831348055355566, 2.287311901041906737, -0.2020027194681933147 ) ) ;
#7513 =( BOUNDED_CURVE ( )  B_SPLINE_CURVE ( 3, ( #8389, #561, #4110, #8436 ),
 .UNSPECIFIED., .F., .F. ) 
 B_SPLINE_CURVE_WITH_KNOTS ( ( 4, 4 ),
 ( 3.141592653589793116, 4.712388980384693227 ),
 .UNSPECIFIED. ) 
 CURVE ( )  GEOMETRIC_REPRESENTATION_ITEM ( )  RATIONAL_B_SPLINE_CURVE ( ( 1.000000000000000000, 0.8047378541243641603, 0.8047378541243641603, 1.000000000000000000 ) ) 
 REPRESENTATION_ITEM ( '' )  );
#7514 = CARTESIAN_POINT ( 'NONE',  ( 2.082782825172992514, 0.5905511811023621549, 0.000000000000000000 ) ) ;
#7515 = AXIS2_PLACEMENT_3D ( 'NONE', #2672, #5117, #8602 ) ;
#7516 = FACE_OUTER_BOUND ( 'NONE', #8075, .T. ) ;
#7517 = VECTOR ( 'NONE', #10019, 39.37007874015748143 ) ;
#7518 = EDGE_CURVE ( 'NONE', #4721, #7954, #8015, .T. ) ;
#7519 = CIRCLE ( 'NONE', #8985, 0.1377952755905512972 ) ;
#7520 = CARTESIAN_POINT ( 'NONE',  ( -1.716429773252204916, 0.5905511811023621549, 1.089888905898577232 ) ) ;
#7521 = LINE ( 'NONE', #5899, #10154 ) ;
#7522 = ADVANCED_FACE ( 'NONE', ( #9402 ), #2539, .T. ) ;
#7523 = ORIENTED_EDGE ( 'NONE', *, *, #10129, .T. ) ;
#7524 = CYLINDRICAL_SURFACE ( 'NONE', #7022, 0.01968503937007875723 ) ;
#7525 = AXIS2_PLACEMENT_3D ( 'NONE', #1136, #8041, #8780 ) ;
#7526 = CARTESIAN_POINT ( 'NONE',  ( 1.069003297613936532, 0.000000000000000000, -1.645900357263467617 ) ) ;
#7527 = AXIS2_PLACEMENT_3D ( 'NONE', #9677, #114, #1841 ) ;
#7528 = LINE ( 'NONE', #10961, #3724 ) ;
#7529 = CARTESIAN_POINT ( 'NONE',  ( -0.7504484348022472107, 0.1771653543307086520, 3.325986492997513810 ) ) ;
#7530 = EDGE_CURVE ( 'NONE', #6859, #3958, #6764, .T. ) ;
#7531 = CARTESIAN_POINT ( 'NONE',  ( 0.01726810063082386340, 0.1574803149606299191, 1.997025303321337890E-18 ) ) ;
#7532 = VECTOR ( 'NONE', #11302, 39.37007874015748143 ) ;
#7533 = CARTESIAN_POINT ( 'NONE',  ( 0.8130977858029132532, 0.1771653543307086520, 3.354099642736532161 ) ) ;
#7534 = ORIENTED_EDGE ( 'NONE', *, *, #2074, .T. ) ;
#7535 = ORIENTED_EDGE ( 'NONE', *, *, #9387, .F. ) ;
#7536 = ADVANCED_FACE ( 'NONE', ( #2596 ), #1568, .T. ) ;
#7537 = CARTESIAN_POINT ( 'NONE',  ( -0.7504484348022470996, 0.1771653543307086520, 1.022836886698301750 ) ) ;
#7538 = CARTESIAN_POINT ( 'NONE',  ( 1.728452116511573822, 0.1968503937007874127, -1.645900357263467839 ) ) ;
#7539 = CARTESIAN_POINT ( 'NONE',  ( -1.952650245693150044, 0.5905511811023621549, 1.147199780013996362 ) ) ;
#7540 = CARTESIAN_POINT ( 'NONE',  ( 0.01726810063082391891, 0.1771653543307086520, 1.747397140406176239E-18 ) ) ;
#7541 = AXIS2_PLACEMENT_3D ( 'NONE', #6510, #10007, #2161 ) ;
#7542 = DIRECTION ( 'NONE',  ( 0.000000000000000000, -0.9396926207859080948, 0.3420201433256694346 ) ) ;
#7543 = ORIENTED_EDGE ( 'NONE', *, *, #599, .F. ) ;
#7544 = EDGE_CURVE ( 'NONE', #9631, #5828, #5041, .T. ) ;
#7545 = CARTESIAN_POINT ( 'NONE',  ( -0.8601305606537805737, 0.4724409448818899238, -0.2020027194681933147 ) ) ;
#7546 = CARTESIAN_POINT ( 'NONE',  ( -0.7504484348022472107, 0.1771653543307086520, 3.325986492997513810 ) ) ;
#7547 = ORIENTED_EDGE ( 'NONE', *, *, #5382, .F. ) ;
#7548 = FACE_OUTER_BOUND ( 'NONE', #8391, .T. ) ;
#7549 = ORIENTED_EDGE ( 'NONE', *, *, #9095, .F. ) ;
#7550 = PLANE ( 'NONE',  #66 ) ;
#7551 = EDGE_LOOP ( 'NONE', ( #1306, #979, #4826, #8786 ) ) ;
#7552 = VECTOR ( 'NONE', #1026, 39.37007874015748143 ) ;
#7553 = EDGE_CURVE ( 'NONE', #9859, #218, #3845, .T. ) ;
#7554 = EDGE_CURVE ( 'NONE', #9303, #10413, #5401, .T. ) ;
#7555 = VERTEX_POINT ( 'NONE', #8078 ) ;
#7556 = LINE ( 'NONE', #1407, #5691 ) ;
#7557 = VECTOR ( 'NONE', #6348, 39.37007874015748143 ) ;
#7558 = DIRECTION ( 'NONE',  ( -1.000000000000000000, 0.000000000000000000, -0.000000000000000000 ) ) ;
#7559 = FACE_OUTER_BOUND ( 'NONE', #651, .T. ) ;
#7560 = AXIS2_PLACEMENT_3D ( 'NONE', #7619, #5750, #9253 ) ;
#7561 = ORIENTED_EDGE ( 'NONE', *, *, #7715, .F. ) ;
#7562 = CARTESIAN_POINT ( 'NONE',  ( 0.01726810063082374544, 0.1771653543307086520, 0.2551203512652306937 ) ) ;
#7563 = CARTESIAN_POINT ( 'NONE',  ( -0.8910725290249986719, 0.1574803149606299191, 1.649929327908620902 ) ) ;
#7564 = FACE_OUTER_BOUND ( 'NONE', #7340, .T. ) ;
#7565 =( BOUNDED_CURVE ( )  B_SPLINE_CURVE ( 3, ( #9566, #1099, #852, #3 ),
 .UNSPECIFIED., .F., .T. ) 
 B_SPLINE_CURVE_WITH_KNOTS ( ( 4, 4 ),
 ( 0.000000000000000000, 1.570796326794896558 ),
 .UNSPECIFIED. ) 
 CURVE ( )  GEOMETRIC_REPRESENTATION_ITEM ( )  RATIONAL_B_SPLINE_CURVE ( ( 1.000000000000000000, 0.8047378541243649375, 0.8047378541243649375, 1.000000000000000000 ) ) 
 REPRESENTATION_ITEM ( '' )  );
#7566 = SHAPE_DEFINITION_REPRESENTATION ( #9712, #1175 ) ;
#7567 = VERTEX_POINT ( 'NONE', #6248 ) ;
#7568 = CARTESIAN_POINT ( 'NONE',  ( 0.000000000000000000, 0.1574803149606299191, 3.972763973577912555 ) ) ;
#7569 = CIRCLE ( 'NONE', #6310, 0.1377952755905511584 ) ;
#7570 = EDGE_LOOP ( 'NONE', ( #5441, #9974, #8080, #5558 ) ) ;
#7571 = ORIENTED_EDGE ( 'NONE', *, *, #4160, .T. ) ;
#7572 = ORIENTED_EDGE ( 'NONE', *, *, #6224, .T. ) ;
#7573 = LINE ( 'NONE', #5801, #2231 ) ;
#7574 = PLANE ( 'NONE',  #4249 ) ;
#7575 = ADVANCED_FACE ( 'NONE', ( #6122 ), #134, .T. ) ;
#7576 = DIRECTION ( 'NONE',  ( -1.000000000000000000, -0.000000000000000000, -0.000000000000000000 ) ) ;
#7577 = VECTOR ( 'NONE', #9670, 39.37007874015748854 ) ;
#7578 = CARTESIAN_POINT ( 'NONE',  ( 0.000000000000000000, 0.1574803149606299191, 3.185362398774762571 ) ) ;
#7579 = CARTESIAN_POINT ( 'NONE',  ( 2.181208022023385595, 0.5905511811023621549, 0.2952514739630042184 ) ) ;
#7580 = CARTESIAN_POINT ( 'NONE',  ( 0.8130977858029123650, 0.000000000000000000, 2.473700668492355703 ) ) ;
#7581 = ORIENTED_EDGE ( 'NONE', *, *, #8541, .F. ) ;
#7582 = VERTEX_POINT ( 'NONE', #1794 ) ;
#7583 = CARTESIAN_POINT ( 'NONE',  ( 0.6443605418411433305, 0.1551781507868630616, 0.2748053906353093989 ) ) ;
#7584 = EDGE_LOOP ( 'NONE', ( #1953, #5918, #3534, #8011, #6992 ) ) ;
#7585 = EDGE_CURVE ( 'NONE', #2758, #2677, #9755, .T. ) ;
#7586 = VECTOR ( 'NONE', #5678, 39.37007874015748143 ) ;
#7587 = DIRECTION ( 'NONE',  ( -0.000000000000000000, 1.000000000000000000, -0.000000000000000000 ) ) ;
#7588 = ORIENTED_EDGE ( 'NONE', *, *, #10350, .T. ) ;
#7589 = DIRECTION ( 'NONE',  ( 0.000000000000000000, -1.000000000000000000, 0.000000000000000000 ) ) ;
#7590 = CARTESIAN_POINT ( 'NONE',  ( -0.7223352850632289712, 0.1507476349739041432, 1.041334772934244590 ) ) ;
#7591 = CARTESIAN_POINT ( 'NONE',  ( -0.7389172057151035533, 0.1771653543307087075, 1.658083138191556172 ) ) ;
#7592 = EDGE_LOOP ( 'NONE', ( #7678, #2990, #6673, #10937 ) ) ;
#7593 = ADVANCED_FACE ( 'NONE', ( #1050 ), #6312, .T. ) ;
#7594 = CARTESIAN_POINT ( 'NONE',  ( 1.412077077274214387, 0.1551781507868630616, 1.042521926068380456 ) ) ;
#7595 = LINE ( 'NONE', #5984, #10571 ) ;
#7596 = CARTESIAN_POINT ( 'NONE',  ( -1.253831348055355566, 0.000000000000000000, -0.3027612501834430203 ) ) ;
#7597 = ORIENTED_EDGE ( 'NONE', *, *, #4301, .T. ) ;
#7598 = FACE_OUTER_BOUND ( 'NONE', #7693, .T. ) ;
#7599 = AXIS2_PLACEMENT_3D ( 'NONE', #8563, #2350, #8451 ) ;
#7600 = ORIENTED_EDGE ( 'NONE', *, *, #8735, .F. ) ;
#7601 = CARTESIAN_POINT ( 'NONE',  ( 0.6443605418411432195, 0.1574803149606299191, 1.649929327908620680 ) ) ;
#7602 = DIRECTION ( 'NONE',  ( 0.000000000000000000, 0.000000000000000000, 1.000000000000000000 ) ) ;
#7603 = EDGE_CURVE ( 'NONE', #11275, #3909, #1857, .T. ) ;
#7604 = CARTESIAN_POINT ( 'NONE',  ( 0.03695314000090243328, 0.1574803149606299191, 0.8822127924755501782 ) ) ;
#7605 = LINE ( 'NONE', #8350, #5399 ) ;
#7606 = ORIENTED_EDGE ( 'NONE', *, *, #2565, .T. ) ;
#7607 = LINE ( 'NONE', #11100, #7336 ) ;
#7608 = DIRECTION ( 'NONE',  ( 0.000000000000000000, -0.000000000000000000, -1.000000000000000000 ) ) ;
#7609 = EDGE_CURVE ( 'NONE', #7703, #242, #8884, .T. ) ;
#7610 = EDGE_CURVE ( 'NONE', #6731, #2627, #71, .T. ) ;
#7611 = CARTESIAN_POINT ( 'NONE',  ( -1.518164970235316824, 0.1574803149606299191, -7.022923771394226107E-16 ) ) ;
#7612 = ORIENTED_EDGE ( 'NONE', *, *, #276, .T. ) ;
#7613 = DIRECTION ( 'NONE',  ( 0.000000000000000000, 1.000000000000000000, -0.000000000000000000 ) ) ;
#7614 = DIRECTION ( 'NONE',  ( 0.000000000000000000, -0.000000000000000000, -1.000000000000000000 ) ) ;
#7615 = DIRECTION ( 'NONE',  ( 1.734723475976807094E-16, 0.000000000000000000, 1.000000000000000000 ) ) ;
#7616 = CARTESIAN_POINT ( 'NONE',  ( 0.000000000000000000, 0.000000000000000000, 0.000000000000000000 ) ) ;
#7617 = VERTEX_POINT ( 'NONE', #3692 ) ;
#7618 = CARTESIAN_POINT ( 'NONE',  ( 1.312344623978576541, 0.4724409448818898127, 3.924965784468814611 ) ) ;
#7619 = CARTESIAN_POINT ( 'NONE',  ( 1.431762116644293092, 0.1574803149606299191, 0.000000000000000000 ) ) ;
#7620 = ORIENTED_EDGE ( 'NONE', *, *, #5093, .F. ) ;
#7621 = VECTOR ( 'NONE', #2887, 39.37007874015748143 ) ;
#7622 = ORIENTED_EDGE ( 'NONE', *, *, #9482, .T. ) ;
#7623 = CARTESIAN_POINT ( 'NONE',  ( 0.04538125036984175936, 0.000000000000000000, 2.521900191783858158 ) ) ;
#7624 = LINE ( 'NONE', #4096, #425 ) ;
#7625 = CARTESIAN_POINT ( 'NONE',  ( -1.253831348055355566, 0.000000000000000000, -0.2020027194681933147 ) ) ;
#7626 = AXIS2_PLACEMENT_3D ( 'NONE', #1472, #549, #6727 ) ;
#7627 = AXIS2_PLACEMENT_3D ( 'NONE', #2983, #3779, #1312 ) ;
#7628 = CARTESIAN_POINT ( 'NONE',  ( 1.462704085015511524, -0.2952755905511810774, 3.958430351397948854 ) ) ;
#7629 = CARTESIAN_POINT ( 'NONE',  ( 2.043412746432833327, 0.1771653543307086520, -1.901805869074492339 ) ) ;
#7630 = CARTESIAN_POINT ( 'NONE',  ( 0.8130977858029123650, 0.1771653543307086520, 1.818666571870390269 ) ) ;
#7631 = EDGE_LOOP ( 'NONE', ( #1121, #1268, #10832, #6514 ) ) ;
#7632 = ORIENTED_EDGE ( 'NONE', *, *, #10743, .T. ) ;
#7633 = FACE_BOUND ( 'NONE', #48, .T. ) ;
#7634 = ADVANCED_FACE ( 'NONE', ( #1113 ), #9693, .T. ) ;
#7635 = ORIENTED_EDGE ( 'NONE', *, *, #7108, .T. ) ;
#7636 = CIRCLE ( 'NONE', #5470, 0.09842519685039406718 ) ;
#7637 = FACE_OUTER_BOUND ( 'NONE', #4878, .T. ) ;
#7638 = EDGE_LOOP ( 'NONE', ( #6364, #4064, #3214, #1913 ) ) ;
#7639 = DIRECTION ( 'NONE',  ( 0.000000000000000000, 0.000000000000000000, 1.000000000000000000 ) ) ;
#7640 = CARTESIAN_POINT ( 'NONE',  ( 2.181208022023385595, 0.000000000000000000, 0.2952514739630046070 ) ) ;
#7641 = DIRECTION ( 'NONE',  ( 0.000000000000000000, 0.000000000000000000, 1.000000000000000000 ) ) ;
#7642 = EDGE_LOOP ( 'NONE', ( #8395, #6333, #2452, #7547 ) ) ;
#7643 = ORIENTED_EDGE ( 'NONE', *, *, #9528, .F. ) ;
#7644 = DIRECTION ( 'NONE',  ( -0.000000000000000000, -1.000000000000000000, -0.000000000000000000 ) ) ;
#7645 = DIRECTION ( 'NONE',  ( -1.000000000000000000, 0.000000000000000000, 0.000000000000000000 ) ) ;
#7646 = CARTESIAN_POINT ( 'NONE',  ( 1.925302510212361318, 0.1771653543307086520, -1.508105081672917125 ) ) ;
#7647 = ORIENTED_EDGE ( 'NONE', *, *, #7326, .F. ) ;
#7648 = AXIS2_PLACEMENT_3D ( 'NONE', #6201, #825, #7010 ) ;
#7649 = EDGE_CURVE ( 'NONE', #9575, #8822, #7896, .T. ) ;
#7650 = DIRECTION ( 'NONE',  ( 0.000000000000000000, -0.000000000000000000, -1.000000000000000000 ) ) ;
#7651 = AXIS2_PLACEMENT_3D ( 'NONE', #10374, #3283, #5895 ) ;
#7652 =( BOUNDED_CURVE ( )  B_SPLINE_CURVE ( 3, ( #6254, #994, #5461, #8951 ),
 .UNSPECIFIED., .F., .F. ) 
 B_SPLINE_CURVE_WITH_KNOTS ( ( 4, 4 ),
 ( 4.712388980384689674, 6.283185307179586232 ),
 .UNSPECIFIED. ) 
 CURVE ( )  GEOMETRIC_REPRESENTATION_ITEM ( )  RATIONAL_B_SPLINE_CURVE ( ( 1.000000000000000000, 0.8047378541243649375, 0.8047378541243649375, 1.000000000000000000 ) ) 
 REPRESENTATION_ITEM ( '' )  );
#7653 = DIRECTION ( 'NONE',  ( 0.000000000000000000, 0.000000000000000000, -1.000000000000000000 ) ) ;
#7654 = VERTEX_POINT ( 'NONE', #4362 ) ;
#7655 = CARTESIAN_POINT ( 'NONE',  ( 0.6455476949752789739, 0.1507476349739040877, 1.651116481042756545 ) ) ;
#7656 = EDGE_CURVE ( 'NONE', #609, #3087, #5272, .T. ) ;
#7657 = CARTESIAN_POINT ( 'NONE',  ( -0.7307633954321685055, 0.1551781507868630339, 0.8822127924755500672 ) ) ;
#7658 = VECTOR ( 'NONE', #136, 39.37007874015748143 ) ;
#7659 = DIRECTION ( 'NONE',  ( 1.000000000000000000, 0.000000000000000000, 0.000000000000000000 ) ) ;
#7660 = AXIS2_PLACEMENT_3D ( 'NONE', #6108, #3612, #6983 ) ;
#7661 = FACE_OUTER_BOUND ( 'NONE', #363, .T. ) ;
#7662 = LINE ( 'NONE', #10307, #7408 ) ;
#7663 = EDGE_CURVE ( 'NONE', #315, #6803, #7174, .T. ) ;
#7664 = ORIENTED_EDGE ( 'NONE', *, *, #8447, .F. ) ;
#7665 = VECTOR ( 'NONE', #3192, 39.37007874015748143 ) ;
#7666 = DIRECTION ( 'NONE',  ( 0.000000000000000000, 0.000000000000000000, -1.000000000000000000 ) ) ;
#7667 = EDGE_CURVE ( 'NONE', #3443, #2403, #10490, .T. ) ;
#7668 = DIRECTION ( 'NONE',  ( 0.000000000000000000, 0.000000000000000000, 1.000000000000000000 ) ) ;
#7669 = ORIENTED_EDGE ( 'NONE', *, *, #4251, .F. ) ;
#7670 = CARTESIAN_POINT ( 'NONE',  ( 0.01726810063082391891, 0.1574803149606299191, 1.747397140406176239E-18 ) ) ;
#7671 = VECTOR ( 'NONE', #2205, 39.37007874015748143 ) ;
#7672 = ORIENTED_EDGE ( 'NONE', *, *, #9528, .T. ) ;
#7673 = LINE ( 'NONE', #10264, #9681 ) ;
#7674 = ADVANCED_FACE ( 'NONE', ( #10666 ), #2837, .T. ) ;
#7675 = DIRECTION ( 'NONE',  ( 1.734723475976807094E-16, 0.000000000000000000, 1.000000000000000000 ) ) ;
#7676 = PLANE ( 'NONE',  #10618 ) ;
#7677 = CARTESIAN_POINT ( 'NONE',  ( -1.549106938606536144, 0.000000000000000000, 4.013548461634169229 ) ) ;
#7678 = ORIENTED_EDGE ( 'NONE', *, *, #3933, .F. ) ;
#7679 = CARTESIAN_POINT ( 'NONE',  ( -1.716429773252204916, 0.5905511811023621549, 1.508456598185591748E-16 ) ) ;
#7680 = AXIS2_PLACEMENT_3D ( 'NONE', #10425, #6986, #9512 ) ;
#7681 = DIRECTION ( 'NONE',  ( 0.000000000000000000, -0.9396926207859080948, 0.3420201433256694346 ) ) ;
#7682 = ORIENTED_EDGE ( 'NONE', *, *, #5363, .T. ) ;
#7683 = ORIENTED_EDGE ( 'NONE', *, *, #4767, .F. ) ;
#7684 = CARTESIAN_POINT ( 'NONE',  ( -2.031390403173464865, 0.4724409448818899238, -0.3988531131689810882 ) ) ;
#7685 = AXIS2_PLACEMENT_3D ( 'NONE', #347, #172, #4575 ) ;
#7686 = DIRECTION ( 'NONE',  ( 0.000000000000000000, 0.000000000000000000, 1.000000000000000000 ) ) ;
#7687 = CARTESIAN_POINT ( 'NONE',  ( 0.6455476949752787519, 0.1507476349739041988, 0.8833999456096858216 ) ) ;
#7688 = EDGE_CURVE ( 'NONE', #9454, #10058, #2902, .T. ) ;
#7689 = CYLINDRICAL_SURFACE ( 'NONE', #4365, 0.01968503937007875723 ) ;
#7690 = DIRECTION ( 'NONE',  ( -1.000000000000000000, -0.000000000000000000, -0.000000000000000000 ) ) ;
#7691 = AXIS2_PLACEMENT_3D ( 'NONE', #215, #7254, #2862 ) ;
#7692 = LINE ( 'NONE', #7580, #10258 ) ;
#7693 = EDGE_LOOP ( 'NONE', ( #7237, #2333, #1081, #1695 ) ) ;
#7694 = VERTEX_POINT ( 'NONE', #7962 ) ;
#7695 = CARTESIAN_POINT ( 'NONE',  ( 0.05522377005488087603, 0.1968503937007873017, -0.1429476013579570881 ) ) ;
#7696 = AXIS2_PLACEMENT_3D ( 'NONE', #10420, #6055, #10534 ) ;
#7697 = LINE ( 'NONE', #4386, #11168 ) ;
#7698 = DIRECTION ( 'NONE',  ( 0.000000000000000000, 0.000000000000000000, 1.000000000000000000 ) ) ;
#7699 = DIRECTION ( 'NONE',  ( 1.000000000000000000, -0.000000000000000000, 0.000000000000000000 ) ) ;
#7700 = VECTOR ( 'NONE', #7659, 39.37007874015748143 ) ;
#7701 = CARTESIAN_POINT ( 'NONE',  ( 1.728452116511574932, 0.000000000000000000, 4.121816178169601663 ) ) ;
#7702 = ORIENTED_EDGE ( 'NONE', *, *, #2643, .F. ) ;
#7703 = VERTEX_POINT ( 'NONE', #9576 ) ;
#7704 = AXIS2_PLACEMENT_3D ( 'NONE', #8059, #2884, #9101 ) ;
#7705 = DIRECTION ( 'NONE',  ( -0.000000000000000000, -1.000000000000000000, -0.000000000000000000 ) ) ;
#7706 = CARTESIAN_POINT ( 'NONE',  ( -0.7307633954321685055, 0.1690115440477737152, 3.345671532367593404 ) ) ;
#7707 = ORIENTED_EDGE ( 'NONE', *, *, #3088, .T. ) ;
#7708 = CYLINDRICAL_SURFACE ( 'NONE', #4022, 0.09842519685039378963 ) ;
#7709 = CYLINDRICAL_SURFACE ( 'NONE', #7034, 0.1377952755905511584 ) ;
#7710 = VERTEX_POINT ( 'NONE', #1975 ) ;
#7711 = DIRECTION ( 'NONE',  ( 0.3236155771181852825, 0.8891264907159878161, -0.3236155771181852270 ) ) ;
#7712 = CYLINDRICAL_SURFACE ( 'NONE', #10262, 0.01968503937007875723 ) ;
#7713 = CIRCLE ( 'NONE', #42, 0.09842519685039378963 ) ;
#7714 = DIRECTION ( 'NONE',  ( 0.000000000000000000, 1.000000000000000000, -0.000000000000000000 ) ) ;
#7715 = EDGE_CURVE ( 'NONE', #9933, #3637, #8702, .T. ) ;
#7716 = ADVANCED_BREP_SHAPE_REPRESENTATION ( '', ( #9009, #8599 ), #8254 ) ;
#7717 =( BOUNDED_CURVE ( )  B_SPLINE_CURVE ( 3, ( #3030, #493, #2107, #9142 ),
 .UNSPECIFIED., .F., .F. ) 
 B_SPLINE_CURVE_WITH_KNOTS ( ( 4, 4 ),
 ( 3.141592653589793116, 4.712388980384689674 ),
 .UNSPECIFIED. ) 
 CURVE ( )  GEOMETRIC_REPRESENTATION_ITEM ( )  RATIONAL_B_SPLINE_CURVE ( ( 1.000000000000000000, 0.8047378541243649375, 0.8047378541243649375, 1.000000000000000000 ) ) 
 REPRESENTATION_ITEM ( '' )  );
#7718 = EDGE_CURVE ( 'NONE', #4433, #10971, #861, .T. ) ;
#7719 = CARTESIAN_POINT ( 'NONE',  ( 1.925302510212361318, 0.1968503937007874127, -0.2020027194681925098 ) ) ;
#7720 = ORIENTED_EDGE ( 'NONE', *, *, #10208, .F. ) ;
#7721 = CARTESIAN_POINT ( 'NONE',  ( -0.7319505485663041489, 0.1507476349739040600, 3.344484379233457094 ) ) ;
#7722 = FACE_OUTER_BOUND ( 'NONE', #3582, .T. ) ;
#7723 = EDGE_CURVE ( 'NONE', #3224, #10622, #10036, .T. ) ;
#7724 = EDGE_LOOP ( 'NONE', ( #6647, #1773, #9979, #1186, #9439 ) ) ;
#7725 = ORIENTED_EDGE ( 'NONE', *, *, #4393, .T. ) ;
#7726 = VERTEX_POINT ( 'NONE', #2138 ) ;
#7727 = ADVANCED_FACE ( 'NONE', ( #4023 ), #3810, .T. ) ;
#7728 = LINE ( 'NONE', #11226, #5094 ) ;
#7729 = EDGE_CURVE ( 'NONE', #10205, #4729, #7120, .T. ) ;
#7730 = AXIS2_PLACEMENT_3D ( 'NONE', #10515, #9772, #1705 ) ;
#7731 = CARTESIAN_POINT ( 'NONE',  ( 1.767822195251732786, 0.4724409448818898127, -1.941175947814649749 ) ) ;
#7732 = CARTESIAN_POINT ( 'NONE',  ( -2.267610875614410659, 0.1771653543307086520, -1.901805869074491673 ) ) ;
#7733 = FACE_OUTER_BOUND ( 'NONE', #5863, .T. ) ;
#7734 = CARTESIAN_POINT ( 'NONE',  ( 0.7849846360638953469, 0.1771653543307086520, 1.815641701948199236E-16 ) ) ;
#7735 = DIRECTION ( 'NONE',  ( -1.151683635503274519E-16, 0.000000000000000000, -1.000000000000000000 ) ) ;
#7736 = ORIENTED_EDGE ( 'NONE', *, *, #743, .F. ) ;
#7737 = EDGE_CURVE ( 'NONE', #9138, #1110, #8255, .T. ) ;
#7738 = CARTESIAN_POINT ( 'NONE',  ( 0.8059769318792208148, 0.4724409448818898127, 4.043076020689286842 ) ) ;
#7739 = AXIS2_PLACEMENT_3D ( 'NONE', #2507, #4901, #5121 ) ;
#7740 = FACE_OUTER_BOUND ( 'NONE', #6303, .T. ) ;
#7741 = PLANE ( 'NONE',  #10381 ) ;
#7742 = VERTEX_POINT ( 'NONE', #10935 ) ;
#7743 = FACE_OUTER_BOUND ( 'NONE', #3152, .T. ) ;
#7744 = CARTESIAN_POINT ( 'NONE',  ( -0.8910725290249985608, 0.1551781507868630616, 1.042521926068380456 ) ) ;
#7745 = AXIS2_PLACEMENT_3D ( 'NONE', #2176, #5505, #1159 ) ;
#7746 = CARTESIAN_POINT ( 'NONE',  ( 1.341802288704367907, 0.3470877061559770604, 2.648229785504368383 ) ) ;
#7747 = ORIENTED_EDGE ( 'NONE', *, *, #3015, .F. ) ;
#7748 = ORIENTED_EDGE ( 'NONE', *, *, #4894, .F. ) ;
#7749 = FACE_BOUND ( 'NONE', #189, .T. ) ;
#7750 = ORIENTED_EDGE ( 'NONE', *, *, #9346, .T. ) ;
#7751 = EDGE_CURVE ( 'NONE', #6116, #8351, #8349, .T. ) ;
#7752 = DIRECTION ( 'NONE',  ( -0.3420201433256694346, -0.9396926207859080948, 0.000000000000000000 ) ) ;
#7753 = EDGE_CURVE ( 'NONE', #8351, #2090, #2777, .T. ) ;
#7754 = CARTESIAN_POINT ( 'NONE',  ( 1.925302510212361318, 0.1968503937007874127, -0.2020027194681925098 ) ) ;
#7755 = DIRECTION ( 'NONE',  ( 1.000000000000000000, 0.000000000000000000, 1.156482317317871725E-16 ) ) ;
#7756 = AXIS2_PLACEMENT_3D ( 'NONE', #5280, #9759, #2906 ) ;
#7757 = CARTESIAN_POINT ( 'NONE',  ( 0.03695314000090248185, 0.1574803149606299191, 1.042521926068380234 ) ) ;
#7758 = ORIENTED_EDGE ( 'NONE', *, *, #8311, .T. ) ;
#7759 = ORIENTED_EDGE ( 'NONE', *, *, #8387, .F. ) ;
#7760 = CARTESIAN_POINT ( 'NONE',  ( 0.6455476949752789739, 0.1507476349739041155, 3.944650823838894649 ) ) ;
#7761 = DIRECTION ( 'NONE',  ( -0.3420201433256694346, -0.9396926207859080948, 0.000000000000000000 ) ) ;
#7762 = ORIENTED_EDGE ( 'NONE', *, *, #6035, .F. ) ;
#7763 = DIRECTION ( 'NONE',  ( -1.000000000000000000, 0.000000000000000000, 0.000000000000000000 ) ) ;
#7764 = LINE ( 'NONE', #11205, #2475 ) ;
#7765 = ORIENTED_EDGE ( 'NONE', *, *, #6008, .F. ) ;
#7767 = CYLINDRICAL_SURFACE ( 'NONE', #8832, 0.01968503937007875723 ) ;
#7766 = AXIS2_PLACEMENT_3D ( 'NONE', #257, #9124, #8887 ) ;
#7768 = ORIENTED_EDGE ( 'NONE', *, *, #6715, .T. ) ;
#7769 = CYLINDRICAL_SURFACE ( 'NONE', #9620, 0.01968503937007875723 ) ;
#7770 = CARTESIAN_POINT ( 'NONE',  ( 2.181208022023384707, 0.000000000000000000, -1.901805869074492339 ) ) ;
#7771 = CARTESIAN_POINT ( 'NONE',  ( -1.549106938606536144, 0.000000000000000000, 4.013548461634169229 ) ) ;
#7772 = VECTOR ( 'NONE', #10785, 39.37007874015748143 ) ;
#7773 = DIRECTION ( 'NONE',  ( 0.000000000000000000, 0.000000000000000000, -1.000000000000000000 ) ) ;
#7774 = DIRECTION ( 'NONE',  ( -1.000000000000000000, 0.000000000000000000, 0.000000000000000000 ) ) ;
#7775 = ORIENTED_EDGE ( 'NONE', *, *, #69, .F. ) ;
#7776 = DIRECTION ( 'NONE',  ( -7.950815931560366507E-16, -4.633042321641727710E-32, 1.000000000000000000 ) ) ;
#7777 = CARTESIAN_POINT ( 'NONE',  ( 0.000000000000000000, 0.1574803149606299191, 1.022836886698301750 ) ) ;
#7778 = ADVANCED_FACE ( 'NONE', ( #6485 ), #524, .T. ) ;
#7779 = EDGE_LOOP ( 'NONE', ( #6591, #8586, #2135, #1161 ) ) ;
#7780 = ORIENTED_EDGE ( 'NONE', *, *, #8476, .T. ) ;
#7781 = ORIENTED_EDGE ( 'NONE', *, *, #4663, .T. ) ;
#7782 = LINE ( 'NONE', #11276, #11124 ) ;
#7783 = CARTESIAN_POINT ( 'NONE',  ( 1.468131882424877688, 0.000000000000000000, 3.944650823838893761 ) ) ;
#7784 = EDGE_CURVE ( 'NONE', #1101, #3295, #1673, .T. ) ;
#7785 = LINE ( 'NONE', #4308, #2383 ) ;
#7786 = CARTESIAN_POINT ( 'NONE',  ( -1.398747477569602271, 0.4724409448818898127, 3.924965784468814611 ) ) ;
#7787 = CARTESIAN_POINT ( 'NONE',  ( 0.6443605418411433305, 0.1574803149606299191, 3.345671532367592516 ) ) ;
#7788 = DIRECTION ( 'NONE',  ( 0.000000000000000000, 0.000000000000000000, -1.000000000000000000 ) ) ;
#7789 = ORIENTED_EDGE ( 'NONE', *, *, #3472, .T. ) ;
#7790 = EDGE_CURVE ( 'NONE', #8121, #5333, #4769, .T. ) ;
#7791 = EDGE_CURVE ( 'NONE', #9043, #5046, #5518, .T. ) ;
#7792 = ORIENTED_EDGE ( 'NONE', *, *, #7402, .T. ) ;
#7793 = EDGE_CURVE ( 'NONE', #1445, #578, #7286, .T. ) ;
#7794 = CARTESIAN_POINT ( 'NONE',  ( -0.8350177238743349273, 0.000000000000000000, 0.2187505854846457376 ) ) ;
#7795 = FACE_OUTER_BOUND ( 'NONE', #9976, .T. ) ;
#7796 = LINE ( 'NONE', #9589, #3447 ) ;
#7797 = CARTESIAN_POINT ( 'NONE',  ( -1.499667083999375095, 0.1507476349739041432, 0.8737846821066108660 ) ) ;
#7798 = DIRECTION ( 'NONE',  ( 0.000000000000000000, -1.000000000000000000, 0.000000000000000000 ) ) ;
#7799 = EDGE_CURVE ( 'NONE', #5196, #1971, #9688, .T. ) ;
#7800 = CARTESIAN_POINT ( 'NONE',  ( -0.8910725290249985608, 0.1574803149606299191, 1.042521926068380234 ) ) ;
#7801 = DIRECTION ( 'NONE',  ( -1.156482317317870985E-16, 0.000000000000000000, 1.000000000000000000 ) ) ;
#7802 = ORIENTED_EDGE ( 'NONE', *, *, #8713, .T. ) ;
#7803 = DIRECTION ( 'NONE',  ( -0.9396926207859080948, 0.3420201433256694346, 0.000000000000000000 ) ) ;
#7804 = EDGE_CURVE ( 'NONE', #8700, #6908, #1229, .T. ) ;
#7805 = DIRECTION ( 'NONE',  ( 0.000000000000000000, 0.3420201433256694346, -0.9396926207859080948 ) ) ;
#7806 = CARTESIAN_POINT ( 'NONE',  ( -2.248894884923425153, 0.1968503937007874127, 0.3645887790943977969 ) ) ;
#7807 = CARTESIAN_POINT ( 'NONE',  ( 0.7146725889525192832, 0.1968503937007874127, -1.645900357263467617 ) ) ;
#7808 = CIRCLE ( 'NONE', #8545, 0.1377952755905512972 ) ;
#7809 = FACE_OUTER_BOUND ( 'NONE', #4195, .T. ) ;
#7810 = LINE ( 'NONE', #4170, #938 ) ;
#7811 = ORIENTED_EDGE ( 'NONE', *, *, #1973, .F. ) ;
#7812 = LINE ( 'NONE', #7989, #1448 ) ;
#7813 = FACE_OUTER_BOUND ( 'NONE', #1575, .T. ) ;
#7814 = ORIENTED_EDGE ( 'NONE', *, *, #6483, .T. ) ;
#7815 = EDGE_CURVE ( 'NONE', #313, #7617, #317, .T. ) ;
#7816 = CARTESIAN_POINT ( 'NONE',  ( 2.181208022023384707, 0.1771653543307086520, -1.901805869074492339 ) ) ;
#7817 = CARTESIAN_POINT ( 'NONE',  ( -1.814854970102599552, 0.000000000000000000, -0.4978645713515195692 ) ) ;
#7818 = VERTEX_POINT ( 'NONE', #3113 ) ;
#7819 = CARTESIAN_POINT ( 'NONE',  ( 1.413264230408350031, 0.1507476349739041155, 3.954266087341968827 ) ) ;
#7820 = ORIENTED_EDGE ( 'NONE', *, *, #9813, .T. ) ;
#7821 = LINE ( 'NONE', #5254, #9441 ) ;
#7822 = DIRECTION ( 'NONE',  ( 0.5031907286678229951, 0.000000000000000000, 0.8641753818425662592 ) ) ;
#7823 = FACE_BOUND ( 'NONE', #4169, .T. ) ;
#7824 = CIRCLE ( 'NONE', #887, 0.09842519685039378963 ) ;
#7825 = VECTOR ( 'NONE', #5488, 39.37007874015748143 ) ;
#7826 = DIRECTION ( 'NONE',  ( 2.602085213965210642E-16, 0.000000000000000000, 1.000000000000000000 ) ) ;
#7827 = ADVANCED_FACE ( 'NONE', ( #4714 ), #3972, .T. ) ;
#7828 = EDGE_LOOP ( 'NONE', ( #6607, #3836, #9409, #8486, #10721 ) ) ;
#7829 = CARTESIAN_POINT ( 'NONE',  ( 1.944987549582441355, 0.4724409448818899238, -0.005152325767405393706 ) ) ;
#7830 = DIRECTION ( 'NONE',  ( 0.000000000000000000, 0.000000000000000000, -1.000000000000000000 ) ) ;
#7831 = VECTOR ( 'NONE', #4480, 39.37007874015748143 ) ;
#7832 = VECTOR ( 'NONE', #3099, 39.37007874015748143 ) ;
#7833 = ORIENTED_EDGE ( 'NONE', *, *, #8698, .T. ) ;
#7834 = ORIENTED_EDGE ( 'NONE', *, *, #5507, .T. ) ;
#7835 = EDGE_LOOP ( 'NONE', ( #180, #7905, #8193, #5295 ) ) ;
#7836 = DIRECTION ( 'NONE',  ( -0.000000000000000000, 1.000000000000000000, -0.000000000000000000 ) ) ;
#7837 = VECTOR ( 'NONE', #5592, 39.37007874015748143 ) ;
#7838 = EDGE_CURVE ( 'NONE', #2534, #3009, #6592, .T. ) ;
#7839 = DIRECTION ( 'NONE',  ( 0.000000000000000000, 0.000000000000000000, -1.000000000000000000 ) ) ;
#7840 = EDGE_CURVE ( 'NONE', #5454, #5569, #10093, .T. ) ;
#7841 = ORIENTED_EDGE ( 'NONE', *, *, #1397, .T. ) ;
#7842 = CARTESIAN_POINT ( 'NONE',  ( -0.7504484348022472107, 0.1771653543307086520, 0.000000000000000000 ) ) ;
#7843 = LINE ( 'NONE', #6070, #6668 ) ;
#7844 = CARTESIAN_POINT ( 'NONE',  ( 1.412077077274214387, 0.1551781507868631171, 0.8822127924755501782 ) ) ;
#7845 = DIRECTION ( 'NONE',  ( -0.000000000000000000, -1.000000000000000000, -0.000000000000000000 ) ) ;
#7846 = CARTESIAN_POINT ( 'NONE',  ( 1.925302510212362650, 0.4724409448818898127, -1.783695632854019442 ) ) ;
#7847 = ORIENTED_EDGE ( 'NONE', *, *, #104, .F. ) ;
#7848 = AXIS2_PLACEMENT_3D ( 'NONE', #4252, #8761, #1746 ) ;
#7849 = DIRECTION ( 'NONE',  ( -4.625929269271485914E-16, -0.000000000000000000, 1.000000000000000000 ) ) ;
#7850 = CARTESIAN_POINT ( 'NONE',  ( 0.6443605418411432195, 0.1574803149606299191, 3.185362398774762571 ) ) ;
#7851 = EDGE_CURVE ( 'NONE', #8984, #6467, #8305, .T. ) ;
#7852 = DIRECTION ( 'NONE',  ( 0.9396926207859080948, 0.3420201433256694346, 1.086737899652990385E-16 ) ) ;
#7853 = EDGE_CURVE ( 'NONE', #10415, #4633, #2529, .T. ) ;
#7854 = CARTESIAN_POINT ( 'NONE',  ( 1.728452116511574488, 0.1771653543307086520, 1.147199780013995030 ) ) ;
#7855 = LINE ( 'NONE', #1644, #7234 ) ;
#7856 = DIRECTION ( 'NONE',  ( 0.000000000000000000, -0.000000000000000000, -1.000000000000000000 ) ) ;
#7857 = FACE_OUTER_BOUND ( 'NONE', #3355, .T. ) ;
#7858 = ORIENTED_EDGE ( 'NONE', *, *, #10884, .F. ) ;
#7859 = CARTESIAN_POINT ( 'NONE',  ( 1.925302510212361318, 0.000000000000000000, -1.508105081672917125 ) ) ;
#7860 =( BOUNDED_CURVE ( )  B_SPLINE_CURVE ( 3, ( #8638, #3736, #10370, #174 ),
 .UNSPECIFIED., .F., .T. ) 
 B_SPLINE_CURVE_WITH_KNOTS ( ( 4, 4 ),
 ( 2.792526803190926277, 3.141592653589793116 ),
 .UNSPECIFIED. ) 
 CURVE ( )  GEOMETRIC_REPRESENTATION_ITEM ( )  RATIONAL_B_SPLINE_CURVE ( ( 1.000000000000000000, 0.9898718353414720506, 0.9898718353414720506, 1.000000000000000000 ) ) 
 REPRESENTATION_ITEM ( '' )  );
#7861 = CARTESIAN_POINT ( 'NONE',  ( -0.7319505485663044819, 0.1507476349739041155, 2.418833016475827602 ) ) ;
#7862 = VERTEX_POINT ( 'NONE', #9450 ) ;
#7863 = CYLINDRICAL_SURFACE ( 'NONE', #6554, 0.01968503937007875723 ) ;
#7864 = CARTESIAN_POINT ( 'NONE',  ( -1.952650245693150044, 0.1771653543307086520, 1.147199780013996362 ) ) ;
#7865 = ADVANCED_FACE ( 'NONE', ( #7661 ), #6001, .T. ) ;
#7866 = CARTESIAN_POINT ( 'NONE',  ( 1.412476843887678690, 0.1529109616598306187, 2.577555230321057156 ) ) ;
#7867 = EDGE_LOOP ( 'NONE', ( #3605, #8042, #6756, #4401 ) ) ;
#7868 = CARTESIAN_POINT ( 'NONE',  ( -0.7307633954321687275, 0.1574803149606299191, 0.000000000000000000 ) ) ;
#7869 = EDGE_CURVE ( 'NONE', #3858, #8448, #1674, .T. ) ;
#7870 = CARTESIAN_POINT ( 'NONE',  ( 0.7849846360638953469, 0.1771653543307086520, 3.325986492997513810 ) ) ;
#7871 = ORIENTED_EDGE ( 'NONE', *, *, #3756, .F. ) ;
#7872 = DIRECTION ( 'NONE',  ( 0.000000000000000000, 0.3420201433256694346, 0.9396926207859080948 ) ) ;
#7873 = ORIENTED_EDGE ( 'NONE', *, *, #6536, .T. ) ;
#7874 = CARTESIAN_POINT ( 'NONE',  ( 1.590656840921023774, 0.000000000000000000, 4.259611453760153488 ) ) ;
#7875 = EDGE_LOOP ( 'NONE', ( #5253, #5304, #7950, #8906 ) ) ;
#7876 = CARTESIAN_POINT ( 'NONE',  ( -1.498479930865239229, 0.1574803149606299191, 3.345671532367592516 ) ) ;
#7877 = LINE ( 'NONE', #7035, #1678 ) ;
#7878 = VECTOR ( 'NONE', #4044, 39.37007874015748143 ) ;
#7879 = FACE_BOUND ( 'NONE', #3828, .T. ) ;
#7880 = EDGE_CURVE ( 'NONE', #2808, #5468, #8627, .T. ) ;
#7881 = EDGE_LOOP ( 'NONE', ( #661, #8893, #2782, #7282 ) ) ;
#7882 = LINE ( 'NONE', #9800, #6005 ) ;
#7883 =( BOUNDED_CURVE ( )  B_SPLINE_CURVE ( 3, ( #7056, #5102, #10552, #2712 ),
 .UNSPECIFIED., .F., .F. ) 
 B_SPLINE_CURVE_WITH_KNOTS ( ( 4, 4 ),
 ( 5.934119456780715396, 6.283185307179586232 ),
 .UNSPECIFIED. ) 
 CURVE ( )  GEOMETRIC_REPRESENTATION_ITEM ( )  RATIONAL_B_SPLINE_CURVE ( ( 1.000000000000000000, 0.9898718353414717175, 0.9898718353414717175, 1.000000000000000000 ) ) 
 REPRESENTATION_ITEM ( '' )  );
#7884 = CIRCLE ( 'NONE', #2993, 0.1377952755905511584 ) ;
#7885 = ORIENTED_EDGE ( 'NONE', *, *, #5792, .T. ) ;
#7886 = DIRECTION ( 'NONE',  ( 1.000000000000000000, -0.000000000000000000, 0.000000000000000000 ) ) ;
#7887 = ORIENTED_EDGE ( 'NONE', *, *, #4407, .T. ) ;
#7888 = CIRCLE ( 'NONE', #6628, 0.09842519685039378963 ) ;
#7889 = CARTESIAN_POINT ( 'NONE',  ( 0.6443605418411433305, 0.1551781507868630616, 1.042521926068380456 ) ) ;
#7890 = VERTEX_POINT ( 'NONE', #7604 ) ;
#7891 = VERTEX_POINT ( 'NONE', #11156 ) ;
#7892 = EDGE_CURVE ( 'NONE', #7582, #7065, #5162, .T. ) ;
#7893 = ADVANCED_FACE ( 'NONE', ( #4238 ), #3167, .F. ) ;
#7894 = ORIENTED_EDGE ( 'NONE', *, *, #4658, .T. ) ;
#7895 = VECTOR ( 'NONE', #1124, 39.37007874015748854 ) ;
#7896 = LINE ( 'NONE', #10548, #2735 ) ;
#7897 = CARTESIAN_POINT ( 'NONE',  ( 1.412476843887679356, 0.1529109616598305632, 1.809838694887986321 ) ) ;
#7898 = ORIENTED_EDGE ( 'NONE', *, *, #7258, .F. ) ;
#7899 = DIRECTION ( 'NONE',  ( -0.000000000000000000, -1.000000000000000000, -0.000000000000000000 ) ) ;
#7900 = CARTESIAN_POINT ( 'NONE',  ( -0.7223352850632293043, 0.1771653543307086520, 1.641501217539681701 ) ) ;
#7901 = FACE_OUTER_BOUND ( 'NONE', #6538, .T. ) ;
#7902 = CARTESIAN_POINT ( 'NONE',  ( 0.8059769318792208148, 0.1968503937007874682, 4.043076020689286842 ) ) ;
#7903 = AXIS2_PLACEMENT_3D ( 'NONE', #1355, #1411, #8409 ) ;
#7904 = ORIENTED_EDGE ( 'NONE', *, *, #10015, .F. ) ;
#7905 = ORIENTED_EDGE ( 'NONE', *, *, #10430, .T. ) ;
#7906 = CARTESIAN_POINT ( 'NONE',  ( 0.01726810063082680896, 0.1574803149606299191, 1.372954896033654359E-17 ) ) ;
#7907 = ADVANCED_FACE ( 'NONE', ( #11098 ), #11214, .T. ) ;
#7908 = DIRECTION ( 'NONE',  ( 0.000000000000000000, 1.000000000000000000, 0.000000000000000000 ) ) ;
#7909 = ORIENTED_EDGE ( 'NONE', *, *, #2854, .T. ) ;
#7910 = PLANE ( 'NONE',  #5260 ) ;
#7911 = ORIENTED_EDGE ( 'NONE', *, *, #2719, .F. ) ;
#7912 = CYLINDRICAL_SURFACE ( 'NONE', #3458, 0.09842519685039378963 ) ;
#7913 = DIRECTION ( 'NONE',  ( 1.000000000000000000, 0.000000000000000000, -1.228122814850837064E-16 ) ) ;
#7914 = CARTESIAN_POINT ( 'NONE',  ( -1.498879697478703976, 0.1529109616598305910, 3.185762165388227984 ) ) ;
#7915 = ORIENTED_EDGE ( 'NONE', *, *, #533, .T. ) ;
#7916 = LINE ( 'NONE', #92, #9963 ) ;
#7917 = VECTOR ( 'NONE', #707, 39.37007874015748143 ) ;
#7918 = DIRECTION ( 'NONE',  ( 1.000000000000000000, -0.000000000000000000, 5.782411586589357392E-17 ) ) ;
#7919 = ADVANCED_FACE ( 'NONE', ( #6814 ), #10252, .F. ) ;
#7920 = ORIENTED_EDGE ( 'NONE', *, *, #683, .T. ) ;
#7921 = DIRECTION ( 'NONE',  ( -1.000000000000000000, 0.000000000000000000, -2.312964634635732603E-16 ) ) ;
#7922 = LINE ( 'NONE', #10344, #2988 ) ;
#7923 = DIRECTION ( 'NONE',  ( 0.000000000000000000, 1.000000000000000000, 0.000000000000000000 ) ) ;
#7924 = VERTEX_POINT ( 'NONE', #4924 ) ;
#7925 = ORIENTED_EDGE ( 'NONE', *, *, #8541, .T. ) ;
#7926 = VECTOR ( 'NONE', #3577, 39.37007874015748143 ) ;
#7927 = CARTESIAN_POINT ( 'NONE',  ( 2.082782825172992514, 0.1968503937007874127, -0.5366483887595313584 ) ) ;
#7928 = CARTESIAN_POINT ( 'NONE',  ( -1.498479930865239451, 0.1574803149606299191, 1.042521926068380456 ) ) ;
#7929 = EDGE_LOOP ( 'NONE', ( #5546, #6271, #273, #3306 ) ) ;
#7930 = LINE ( 'NONE', #5311, #3864 ) ;
#7931 = CARTESIAN_POINT ( 'NONE',  ( 1.431762116644293092, 0.1771653543307086520, 1.022836886698301750 ) ) ;
#7932 = ORIENTED_EDGE ( 'NONE', *, *, #9947, .F. ) ;
#7933 = EDGE_CURVE ( 'NONE', #5553, #4700, #3388, .T. ) ;
#7934 =( BOUNDED_CURVE ( )  B_SPLINE_CURVE ( 3, ( #7476, #10965, #8425, #3191 ),
 .UNSPECIFIED., .F., .T. ) 
 B_SPLINE_CURVE_WITH_KNOTS ( ( 4, 4 ),
 ( 0.000000000000000000, 1.570796326794892783 ),
 .UNSPECIFIED. ) 
 CURVE ( )  GEOMETRIC_REPRESENTATION_ITEM ( )  RATIONAL_B_SPLINE_CURVE ( ( 1.000000000000000000, 0.8047378541243658256, 0.8047378541243658256, 1.000000000000000000 ) ) 
 REPRESENTATION_ITEM ( '' )  );
#7935 = CARTESIAN_POINT ( 'NONE',  ( -0.7504484348022475437, 0.1771653543307086520, 2.437330902711770442 ) ) ;
#7936 = ORIENTED_EDGE ( 'NONE', *, *, #2734, .F. ) ;
#7937 = DIRECTION ( 'NONE',  ( -0.000000000000000000, -1.000000000000000000, 0.000000000000000000 ) ) ;
#7938 = AXIS2_PLACEMENT_3D ( 'NONE', #5105, #3632, #6372 ) ;
#7939 = VECTOR ( 'NONE', #10060, 39.37007874015748143 ) ;
#7940 = LINE ( 'NONE', #740, #4600 ) ;
#7941 = ADVANCED_FACE ( 'NONE', ( #630 ), #5144, .T. ) ;
#7942 = LINE ( 'NONE', #11269, #956 ) ;
#7943 = DIRECTION ( 'NONE',  ( 1.734723475976807094E-16, 0.000000000000000000, 1.000000000000000000 ) ) ;
#7944 = DIRECTION ( 'NONE',  ( 0.9396926207859080948, 0.3420201433256694346, 0.000000000000000000 ) ) ;
#7945 = VERTEX_POINT ( 'NONE', #9339 ) ;
#7946 = DIRECTION ( 'NONE',  ( 0.000000000000000000, 1.000000000000000000, 0.000000000000000000 ) ) ;
#7947 = ORIENTED_EDGE ( 'NONE', *, *, #6425, .F. ) ;
#7948 = DIRECTION ( 'NONE',  ( 1.000000000000000000, -0.000000000000000000, 5.782411586589359857E-17 ) ) ;
#7949 = AXIS2_PLACEMENT_3D ( 'NONE', #8523, #10107, #3841 ) ;
#7950 = ORIENTED_EDGE ( 'NONE', *, *, #9251, .T. ) ;
#7951 = DIRECTION ( 'NONE',  ( -0.000000000000000000, -1.000000000000000000, 0.000000000000000000 ) ) ;
#7952 = EDGE_CURVE ( 'NONE', #9530, #2395, #6645, .T. ) ;
#7953 = ORIENTED_EDGE ( 'NONE', *, *, #8303, .T. ) ;
#7954 = VERTEX_POINT ( 'NONE', #1451 ) ;
#7955 = DIRECTION ( 'NONE',  ( 0.000000000000000000, 0.000000000000000000, 1.000000000000000000 ) ) ;
#7956 = ORIENTED_EDGE ( 'NONE', *, *, #4867, .F. ) ;
#7957 = ORIENTED_EDGE ( 'NONE', *, *, #9518, .T. ) ;
#7958 = VECTOR ( 'NONE', #6243, 39.37007874015748143 ) ;
#7959 = PRODUCT ( 'Calculator_Body_V2', 'Calculator_Body_V2', '', ( #5045 ) ) ;
#7960 = ORIENTED_EDGE ( 'NONE', *, *, #1055, .F. ) ;
#7961 = ORIENTED_EDGE ( 'NONE', *, *, #6713, .F. ) ;
#7962 = CARTESIAN_POINT ( 'NONE',  ( -2.169185678764017133, 0.4724409448818898127, -1.941175947814649305 ) ) ;
#7963 = FACE_OUTER_BOUND ( 'NONE', #1343, .T. ) ;
#7964 = EDGE_LOOP ( 'NONE', ( #10133, #6433, #4864, #6763 ) ) ;
#7965 = CARTESIAN_POINT ( 'NONE',  ( -1.490051820496300028, 0.1771653543307086520, 0.8737846821066108660 ) ) ;
#7966 = EDGE_CURVE ( 'NONE', #6308, #7582, #6347, .T. ) ;
#7967 = CARTESIAN_POINT ( 'NONE',  ( -0.8910725290249987829, 0.1551781507868630616, 0.8822127924755501782 ) ) ;
#7968 = AXIS2_PLACEMENT_3D ( 'NONE', #1090, #1028, #2816 ) ;
#7969 = ADVANCED_FACE ( 'NONE', ( #1496 ), #6754, .F. ) ;
#7970 = CARTESIAN_POINT ( 'NONE',  ( -2.011705363803387048, 0.4724409448818898127, -1.882120829704413190 ) ) ;
#7971 = EDGE_LOOP ( 'NONE', ( #41, #10746, #1993, #2523 ) ) ;
#7972 = ORIENTED_EDGE ( 'NONE', *, *, #9629, .F. ) ;
#7973 = DIRECTION ( 'NONE',  ( -0.9396926207859080948, 0.3420201433256694346, -4.346951598611963019E-16 ) ) ;
#7974 = CYLINDRICAL_SURFACE ( 'NONE', #6811, 0.01968503937007873988 ) ;
#7975 = ORIENTED_EDGE ( 'NONE', *, *, #4003, .T. ) ;
#7976 = DIRECTION ( 'NONE',  ( 1.000000000000000000, 0.000000000000000000, 0.000000000000000000 ) ) ;
#7977 = CARTESIAN_POINT ( 'NONE',  ( -0.1036709542218486463, 0.1574803149606299191, -1.198936253770385131E-17 ) ) ;
#7978 = CARTESIAN_POINT ( 'NONE',  ( 1.468131882424877688, 0.000000000000000000, 0.8737846821066108660 ) ) ;
#7979 = EDGE_CURVE ( 'NONE', #5511, #5468, #7882, .T. ) ;
#7980 = ORIENTED_EDGE ( 'NONE', *, *, #10614, .F. ) ;
#7981 = DIRECTION ( 'NONE',  ( 2.465220612327489274E-16, 0.000000000000000000, 1.000000000000000000 ) ) ;
#7982 = CYLINDRICAL_SURFACE ( 'NONE', #9179, 0.01968503937007873988 ) ;
#7983 = ORIENTED_EDGE ( 'NONE', *, *, #3424, .F. ) ;
#7984 = LINE ( 'NONE', #10631, #5087 ) ;
#7985 = CARTESIAN_POINT ( 'NONE',  ( 1.866247392102125868, 0.1771653543307086520, 1.147199780013995030 ) ) ;
#7986 = VERTEX_POINT ( 'NONE', #1844 ) ;
#7987 = ORIENTED_EDGE ( 'NONE', *, *, #3076, .T. ) ;
#7988 = LINE ( 'NONE', #7206, #8023 ) ;
#7989 = CARTESIAN_POINT ( 'NONE',  ( 2.082782825172992514, 0.5905511811023621549, 0.1326429498231457837 ) ) ;
#7990 = ORIENTED_EDGE ( 'NONE', *, *, #3346, .T. ) ;
#7991 = DIRECTION ( 'NONE',  ( -1.011922027653137636E-16, 0.000000000000000000, 1.000000000000000000 ) ) ;
#7992 = EDGE_CURVE ( 'NONE', #625, #4559, #1727, .T. ) ;
#7993 = LINE ( 'NONE', #6156, #5938 ) ;
#7994 = VERTEX_POINT ( 'NONE', #6296 ) ;
#7995 = LINE ( 'NONE', #3671, #4085 ) ;
#7996 = ORIENTED_EDGE ( 'NONE', *, *, #6180, .F. ) ;
#7997 = CARTESIAN_POINT ( 'NONE',  ( -1.498879697478704198, 0.1529109616598305077, 3.345271765754127991 ) ) ;
#7998 = VECTOR ( 'NONE', #3360, 39.37007874015748143 ) ;
#7999 = DIRECTION ( 'NONE',  ( -0.000000000000000000, 1.000000000000000000, -0.000000000000000000 ) ) ;
#8000 = DIRECTION ( 'NONE',  ( 0.3236155771181852270, 0.8891264907159880382, 0.3236155771181852825 ) ) ;
#8001 = CARTESIAN_POINT ( 'NONE',  ( 0.6443605418411432195, 0.1574803149606299191, 1.042521926068380234 ) ) ;
#8002 = EDGE_LOOP ( 'NONE', ( #4227, #6721, #6042, #2706 ) ) ;
#8003 = ADVANCED_FACE ( 'NONE', ( #8926 ), #1963, .T. ) ;
#8004 = FACE_OUTER_BOUND ( 'NONE', #8777, .T. ) ;
#8005 = EDGE_LOOP ( 'NONE', ( #9277, #1711, #5929, #718 ) ) ;
#8006 = AXIS2_PLACEMENT_3D ( 'NONE', #8914, #6342, #10909 ) ;
#8007 = EDGE_CURVE ( 'NONE', #2090, #10901, #7565, .T. ) ;
#8008 = ORIENTED_EDGE ( 'NONE', *, *, #3436, .F. ) ;
#8009 = CARTESIAN_POINT ( 'NONE',  ( -1.992020324433308343, 0.4724409448818898127, -1.764010593483940736 ) ) ;
#8010 = ORIENTED_EDGE ( 'NONE', *, *, #2616, .F. ) ;
#8011 = ORIENTED_EDGE ( 'NONE', *, *, #10123, .F. ) ;
#8012 = CARTESIAN_POINT ( 'NONE',  ( -0.7223352850632291933, 0.000000000000000000, 4.009133739358497373 ) ) ;
#8013 = ORIENTED_EDGE ( 'NONE', *, *, #8960, .T. ) ;
#8014 = ORIENTED_EDGE ( 'NONE', *, *, #2527, .F. ) ;
#8015 = CIRCLE ( 'NONE', #1087, 0.1377952755905511861 ) ;
#8016 = ORIENTED_EDGE ( 'NONE', *, *, #8088, .F. ) ;
#8017 = EDGE_CURVE ( 'NONE', #9753, #4646, #9417, .T. ) ;
#8018 = DIRECTION ( 'NONE',  ( 1.156482317317871478E-16, -0.000000000000000000, -1.000000000000000000 ) ) ;
#8019 = ORIENTED_EDGE ( 'NONE', *, *, #276, .F. ) ;
#8020 = ADVANCED_FACE ( 'NONE', ( #2759 ), #8689, .F. ) ;
#8021 = VECTOR ( 'NONE', #733, 39.37007874015748143 ) ;
#8022 = DIRECTION ( 'NONE',  ( -4.625929269271485914E-16, 0.000000000000000000, 1.000000000000000000 ) ) ;
#8023 = VECTOR ( 'NONE', #3723, 39.37007874015748143 ) ;
#8024 =( BOUNDED_CURVE ( )  B_SPLINE_CURVE ( 3, ( #5182, #1707, #3478, #5064 ),
 .UNSPECIFIED., .F., .F. ) 
 B_SPLINE_CURVE_WITH_KNOTS ( ( 4, 4 ),
 ( 0.000000000000000000, 1.570796326794896558 ),
 .UNSPECIFIED. ) 
 CURVE ( )  GEOMETRIC_REPRESENTATION_ITEM ( )  RATIONAL_B_SPLINE_CURVE ( ( 1.000000000000000000, 0.8047378541243649375, 0.8047378541243649375, 1.000000000000000000 ) ) 
 REPRESENTATION_ITEM ( '' )  );
#8025 = CARTESIAN_POINT ( 'NONE',  ( -0.1152021833089927338, 0.1771653543307086798, 2.569801186651586633 ) ) ;
#8026 = DIRECTION ( 'NONE',  ( 0.000000000000000000, 1.000000000000000000, -0.000000000000000000 ) ) ;
#8027 = ORIENTED_EDGE ( 'NONE', *, *, #484, .T. ) ;
#8028 = CARTESIAN_POINT ( 'NONE',  ( -0.9613473175948450411, 0.3470877061559770049, 1.112796714638226714 ) ) ;
#8029 = CARTESIAN_POINT ( 'NONE',  ( -0.01910166514976123844, 0.000000000000000000, 3.944650823838894205 ) ) ;
#8030 = CIRCLE ( 'NONE', #10600, 0.1377952755905512972 ) ;
#8031 = EDGE_CURVE ( 'NONE', #9643, #476, #5442, .T. ) ;
#8032 = ORIENTED_EDGE ( 'NONE', *, *, #7791, .F. ) ;
#8033 = DIRECTION ( 'NONE',  ( -0.3420201433256694346, 0.9396926207859080948, 0.000000000000000000 ) ) ;
#8034 = ORIENTED_EDGE ( 'NONE', *, *, #4355, .F. ) ;
#8035 = CARTESIAN_POINT ( 'NONE',  ( -0.8601305606537805737, 0.000000000000000000, -0.2020027194681933147 ) ) ;
#8036 = PLANE ( 'NONE',  #6216 ) ;
#8037 = CARTESIAN_POINT ( 'NONE',  ( 0.6443605418411434416, 0.1690115440477737152, 2.417645863341692181 ) ) ;
#8038 = ORIENTED_EDGE ( 'NONE', *, *, #3065, .F. ) ;
#8039 = VECTOR ( 'NONE', #3126, 39.37007874015748143 ) ;
#8040 = LINE ( 'NONE', #331, #6649 ) ;
#8041 = DIRECTION ( 'NONE',  ( 1.000000000000000000, -0.000000000000000000, 0.000000000000000000 ) ) ;
#8042 = ORIENTED_EDGE ( 'NONE', *, *, #1239, .T. ) ;
#8043 = CARTESIAN_POINT ( 'NONE',  ( -1.127492036175426744E-15, 0.1574803149606299191, 2.437330902711770886 ) ) ;
#8044 = FACE_BOUND ( 'NONE', #10656, .T. ) ;
#8045 = EDGE_CURVE ( 'NONE', #8466, #1737, #6235, .T. ) ;
#8046 = ADVANCED_FACE ( 'NONE', ( #8004 ), #179, .F. ) ;
#8047 = DIRECTION ( 'NONE',  ( 0.000000000000000000, -1.000000000000000000, 0.000000000000000000 ) ) ;
#8048 = EDGE_LOOP ( 'NONE', ( #5983, #2957, #182, #9971 ) ) ;
#8049 = VERTEX_POINT ( 'NONE', #10478 ) ;
#8050 = CARTESIAN_POINT ( 'NONE',  ( -1.506633741148173833, 0.1771653543307086798, 2.569801186651586633 ) ) ;
#8051 = AXIS2_PLACEMENT_3D ( 'NONE', #2080, #9865, #4468 ) ;
#8052 = DIRECTION ( 'NONE',  ( 1.000000000000000000, 0.000000000000000000, 0.000000000000000000 ) ) ;
#8053 = CARTESIAN_POINT ( 'NONE',  ( -0.7504484348022470996, 0.1574803149606299191, -1.735760689815344427E-16 ) ) ;
#8054 = FACE_OUTER_BOUND ( 'NONE', #6596, .T. ) ;
#8055 = ORIENTED_EDGE ( 'NONE', *, *, #5370, .F. ) ;
#8056 = CYLINDRICAL_SURFACE ( 'NONE', #4830, 0.01968503937007875723 ) ;
#8057 = VECTOR ( 'NONE', #8483, 39.37007874015748143 ) ;
#8058 = CARTESIAN_POINT ( 'NONE',  ( -1.490051820496300250, 0.1771653543307086520, 1.641501217539681701 ) ) ;
#8059 = CARTESIAN_POINT ( 'NONE',  ( -2.129815600023859279, 0.5905511811023621549, -1.901805869074491673 ) ) ;
#8060 = DIRECTION ( 'NONE',  ( -1.000000000000000000, 0.000000000000000000, -5.782411586589359857E-17 ) ) ;
#8061 = VECTOR ( 'NONE', #5497, 39.37007874015748143 ) ;
#8062 = EDGE_CURVE ( 'NONE', #9575, #8121, #6934, .T. ) ;
#8063 = LINE ( 'NONE', #10653, #5241 ) ;
#8064 = ORIENTED_EDGE ( 'NONE', *, *, #4200, .F. ) ;
#8065 = CARTESIAN_POINT ( 'NONE',  ( 0.000000000000000000, 0.1771653543307086520, 0.9018978318456289944 ) ) ;
#8066 = ORIENTED_EDGE ( 'NONE', *, *, #7108, .F. ) ;
#8067 = ORIENTED_EDGE ( 'NONE', *, *, #1413, .T. ) ;
#8068 = EDGE_LOOP ( 'NONE', ( #6286, #515 ) ) ;
#8069 = VECTOR ( 'NONE', #4056, 39.37007874015748143 ) ;
#8070 = EDGE_LOOP ( 'NONE', ( #4572, #4149, #6256, #1850 ) ) ;
#8071 = LINE ( 'NONE', #1909, #1025 ) ;
#8072 = VERTEX_POINT ( 'NONE', #3445 ) ;
#8073 = ORIENTED_EDGE ( 'NONE', *, *, #5106, .F. ) ;
#8074 = EDGE_CURVE ( 'NONE', #4105, #5074, #8364, .T. ) ;
#8075 = EDGE_LOOP ( 'NONE', ( #10876, #7427, #7748, #7330 ) ) ;
#8076 = ORIENTED_EDGE ( 'NONE', *, *, #8360, .T. ) ;
#8077 = AXIS2_PLACEMENT_3D ( 'NONE', #7125, #10619, #3121 ) ;
#8078 = CARTESIAN_POINT ( 'NONE',  ( -1.992020324433308343, 0.1968503937007874127, -1.626215317893389356 ) ) ;
#8079 = VECTOR ( 'NONE', #778, 39.37007874015748143 ) ;
#8080 = ORIENTED_EDGE ( 'NONE', *, *, #2258, .F. ) ;
#8081 = DIRECTION ( 'NONE',  ( -2.312964634635742957E-16, 0.000000000000000000, 1.000000000000000000 ) ) ;
#8082 = LINE ( 'NONE', #3755, #3042 ) ;
#8083 = CARTESIAN_POINT ( 'NONE',  ( 0.6359324314722040183, 0.1771653543307086520, 2.409217752972752979 ) ) ;
#8084 = ADVANCED_FACE ( 'NONE', ( #6056 ), #6927, .T. ) ;
#8085 = CARTESIAN_POINT ( 'NONE',  ( 0.03695314000090248185, 0.1690115440477736874, 1.042521926068380456 ) ) ;
#8086 = EDGE_LOOP ( 'NONE', ( #1106, #2894 ) ) ;
#8087 = CARTESIAN_POINT ( 'NONE',  ( -1.498479930865239451, 0.1574803149606299191, 1.042521926068380456 ) ) ;
#8088 = EDGE_CURVE ( 'NONE', #1058, #6388, #5258, .T. ) ;
#8089 = AXIS2_PLACEMENT_3D ( 'NONE', #4374, #7007, #1698 ) ;
#8090 = ADVANCED_FACE ( 'NONE', ( #4408 ), #60, .T. ) ;
#8091 = DIRECTION ( 'NONE',  ( -0.000000000000000000, -1.000000000000000000, -0.000000000000000000 ) ) ;
#8092 = VERTEX_POINT ( 'NONE', #6579 ) ;
#8093 = DIRECTION ( 'NONE',  ( 0.000000000000000000, 0.000000000000000000, 1.000000000000000000 ) ) ;
#8094 =( BOUNDED_CURVE ( )  B_SPLINE_CURVE ( 3, ( #7194, #10686, #7366, #274 ),
 .UNSPECIFIED., .F., .F. ) 
 B_SPLINE_CURVE_WITH_KNOTS ( ( 4, 4 ),
 ( 1.570796326794896558, 3.141592653589793116 ),
 .UNSPECIFIED. ) 
 CURVE ( )  GEOMETRIC_REPRESENTATION_ITEM ( )  RATIONAL_B_SPLINE_CURVE ( ( 1.000000000000000000, 0.8047378541243649375, 0.8047378541243649375, 1.000000000000000000 ) ) 
 REPRESENTATION_ITEM ( '' )  );
#8095 = CARTESIAN_POINT ( 'NONE',  ( -2.169185678764016689, 0.4724409448818898127, -1.626215317893389356 ) ) ;
#8096 = DIRECTION ( 'NONE',  ( 0.000000000000000000, 0.000000000000000000, -1.000000000000000000 ) ) ;
#8097 = CARTESIAN_POINT ( 'NONE',  ( 0.6525143521240783784, 0.1771653543307086798, 2.425799673624626340 ) ) ;
#8098 = ORIENTED_EDGE ( 'NONE', *, *, #5841, .F. ) ;
#8099 = EDGE_CURVE ( 'NONE', #4011, #10556, #1800, .T. ) ;
#8100 = FACE_OUTER_BOUND ( 'NONE', #6529, .T. ) ;
#8101 = EDGE_LOOP ( 'NONE', ( #6369, #5607, #1399, #717 ) ) ;
#8102 = CARTESIAN_POINT ( 'NONE',  ( 1.403648966905274964, 0.1771653543307086520, 3.944650823838893761 ) ) ;
#8103 = AXIS2_PLACEMENT_3D ( 'NONE', #1955, #2750, #1721 ) ;
#8104 = ORIENTED_EDGE ( 'NONE', *, *, #1177, .T. ) ;
#8105 = CARTESIAN_POINT ( 'NONE',  ( 0.8046696754339733859, 0.1574803149606299191, 3.185362398774762571 ) ) ;
#8106 = LINE ( 'NONE', #1884, #3907 ) ;
#8107 = CARTESIAN_POINT ( 'NONE',  ( -1.677059694512046839, 0.000000000000000000, 4.121816178169601663 ) ) ;
#8108 = CARTESIAN_POINT ( 'NONE',  ( 0.6443605418411432195, 0.1574803149606299191, 2.577954996934521681 ) ) ;
#8109 = ORIENTED_EDGE ( 'NONE', *, *, #8088, .T. ) ;
#8110 = LINE ( 'NONE', #5654, #1641 ) ;
#8111 = DIRECTION ( 'NONE',  ( 0.000000000000000000, 0.000000000000000000, 1.000000000000000000 ) ) ;
#8112 = ORIENTED_EDGE ( 'NONE', *, *, #3614, .T. ) ;
#8113 = DIRECTION ( 'NONE',  ( -2.312964634635742957E-16, 0.000000000000000000, 1.000000000000000000 ) ) ;
#8114 = VECTOR ( 'NONE', #9264, 39.37007874015748143 ) ;
#8115 = DIRECTION ( 'NONE',  ( -1.000000000000000000, -0.000000000000000000, -4.625929269271484928E-16 ) ) ;
#8116 = ORIENTED_EDGE ( 'NONE', *, *, #10065, .F. ) ;
#8117 = EDGE_LOOP ( 'NONE', ( #5314, #9897 ) ) ;
#8118 = ADVANCED_FACE ( 'NONE', ( #5726 ), #1331, .T. ) ;
#8119 = FACE_OUTER_BOUND ( 'NONE', #1873, .T. ) ;
#8120 = EDGE_CURVE ( 'NONE', #4584, #7986, #11313, .T. ) ;
#8121 = VERTEX_POINT ( 'NONE', #2889 ) ;
#8122 = CARTESIAN_POINT ( 'NONE',  ( 1.866247392102125868, 0.5905511811023621549, 1.147199780013995030 ) ) ;
#8123 = EDGE_CURVE ( 'NONE', #5410, #9802, #10948, .T. ) ;
#8124 = CARTESIAN_POINT ( 'NONE',  ( 1.413264230408350031, 0.1507476349739041432, 3.344484379233457094 ) ) ;
#8125 = CARTESIAN_POINT ( 'NONE',  ( 1.728452116511574488, 0.1771653543307086520, 1.147199780013995030 ) ) ;
#8126 = ORIENTED_EDGE ( 'NONE', *, *, #9745, .F. ) ;
#8127 = LINE ( 'NONE', #8065, #10229 ) ;
#8128 = DIRECTION ( 'NONE',  ( 1.000000000000000000, -0.000000000000000000, -9.251858538542969855E-16 ) ) ;
#8129 = ORIENTED_EDGE ( 'NONE', *, *, #753, .T. ) ;
#8130 = ORIENTED_EDGE ( 'NONE', *, *, #5821, .T. ) ;
#8131 = DIRECTION ( 'NONE',  ( 0.000000000000000000, 0.000000000000000000, 1.000000000000000000 ) ) ;
#8133 = ORIENTED_EDGE ( 'NONE', *, *, #5933, .T. ) ;
#8132 = CIRCLE ( 'NONE', #3203, 0.1377952755905511861 ) ;
#8134 = ORIENTED_EDGE ( 'NONE', *, *, #6331, .F. ) ;
#8135 = CARTESIAN_POINT ( 'NONE',  ( -2.504880698959022168E-16, 0.1771653543307086520, -2.039601144665043275 ) ) ;
#8136 = EDGE_LOOP ( 'NONE', ( #3105, #1908, #7176, #6482 ) ) ;
#8137 = VERTEX_POINT ( 'NONE', #8184 ) ;
#8138 = ORIENTED_EDGE ( 'NONE', *, *, #4722, .F. ) ;
#8139 = VECTOR ( 'NONE', #8764, 39.37007874015748143 ) ;
#8140 = VECTOR ( 'NONE', #11279, 39.37007874015748143 ) ;
#8141 = CARTESIAN_POINT ( 'NONE',  ( -1.677059694512046839, 0.1968503937007874127, 4.121816178169601663 ) ) ;
#8142 = ORIENTED_EDGE ( 'NONE', *, *, #4553, .T. ) ;
#8143 = CARTESIAN_POINT ( 'NONE',  ( 0.7849846360638952358, 0.1574803149606299191, 3.631283403896397980E-16 ) ) ;
#8144 = CARTESIAN_POINT ( 'NONE',  ( 0.6443605418411432195, 0.1574803149606299191, 0.8822127924755504003 ) ) ;
#8145 = EDGE_CURVE ( 'NONE', #8792, #2910, #1271, .T. ) ;
#8146 = EDGE_CURVE ( 'NONE', #5261, #1635, #8195, .T. ) ;
#8147 = DIRECTION ( 'NONE',  ( 0.000000000000000000, 0.000000000000000000, -1.000000000000000000 ) ) ;
#8148 = DIRECTION ( 'NONE',  ( 0.000000000000000000, 1.000000000000000000, -0.000000000000000000 ) ) ;
#8149 = CIRCLE ( 'NONE', #9812, 0.09448818897637792369 ) ;
#8150 = FACE_OUTER_BOUND ( 'NONE', #181, .T. ) ;
#8151 = LINE ( 'NONE', #8266, #2818 ) ;
#8152 = ORIENTED_EDGE ( 'NONE', *, *, #6977, .T. ) ;
#8153 = ADVANCED_FACE ( 'NONE', ( #7332 ), #410, .F. ) ;
#8154 = AXIS2_PLACEMENT_3D ( 'NONE', #5028, #8505, #5081 ) ;
#8155 = DIRECTION ( 'NONE',  ( 0.000000000000000000, 0.9396926207859080948, 0.3420201433256694346 ) ) ;
#8156 = DIRECTION ( 'NONE',  ( 0.000000000000000000, -1.000000000000000000, 0.000000000000000000 ) ) ;
#8157 = EDGE_CURVE ( 'NONE', #2445, #10979, #8127, .T. ) ;
#8158 = ORIENTED_EDGE ( 'NONE', *, *, #1836, .T. ) ;
#8159 = CARTESIAN_POINT ( 'NONE',  ( -0.7307633954321682834, 0.1574803149606299191, 1.042521926068380456 ) ) ;
#8160 = ORIENTED_EDGE ( 'NONE', *, *, #5821, .F. ) ;
#8161 = DIRECTION ( 'NONE',  ( -0.9396926207859080948, 0.3420201433256694346, -4.346951598611963019E-16 ) ) ;
#8162 = CARTESIAN_POINT ( 'NONE',  ( 0.02879932971796746177, 0.1771653543307086798, 0.8903666027584852261 ) ) ;
#8163 = LINE ( 'NONE', #7077, #3344 ) ;
#8164 =( BOUNDED_CURVE ( )  B_SPLINE_CURVE ( 3, ( #454, #6626, #3202, #8334 ),
 .UNSPECIFIED., .F., .F. ) 
 B_SPLINE_CURVE_WITH_KNOTS ( ( 4, 4 ),
 ( 3.141592653589793116, 3.490658503988659067 ),
 .UNSPECIFIED. ) 
 CURVE ( )  GEOMETRIC_REPRESENTATION_ITEM ( )  RATIONAL_B_SPLINE_CURVE ( ( 1.000000000000000000, 0.9898718353414720506, 0.9898718353414720506, 1.000000000000000000 ) ) 
 REPRESENTATION_ITEM ( '' )  );
#8165 = PLANE ( 'NONE',  #1615 ) ;
#8166 = CARTESIAN_POINT ( 'NONE',  ( 1.925302510212362650, 0.4724409448818898127, -1.783695632854019442 ) ) ;
#8167 = ORIENTED_EDGE ( 'NONE', *, *, #10202, .F. ) ;
#8168 = LINE ( 'NONE', #10804, #7825 ) ;
#8169 = EDGE_CURVE ( 'NONE', #3909, #9841, #4811, .T. ) ;
#8170 = DIRECTION ( 'NONE',  ( -0.000000000000000000, -0.000000000000000000, -1.000000000000000000 ) ) ;
#8171 = ORIENTED_EDGE ( 'NONE', *, *, #5173, .T. ) ;
#8172 = FACE_OUTER_BOUND ( 'NONE', #4428, .T. ) ;
#8173 = CARTESIAN_POINT ( 'NONE',  ( 1.468131882424877688, 0.000000000000000000, 3.944650823838893761 ) ) ;
#8174 = EDGE_CURVE ( 'NONE', #8343, #2403, #9220, .T. ) ;
#8175 = EDGE_LOOP ( 'NONE', ( #9350, #3196, #7561, #4810 ) ) ;
#8176 = EDGE_CURVE ( 'NONE', #3776, #1144, #9972, .T. ) ;
#8177 = CYLINDRICAL_SURFACE ( 'NONE', #1542, 0.01968503937007875723 ) ;
#8178 = EDGE_LOOP ( 'NONE', ( #9288, #4240, #847, #4502 ) ) ;
#8179 = DIRECTION ( 'NONE',  ( 0.000000000000000000, 0.000000000000000000, -1.000000000000000000 ) ) ;
#8180 = DIRECTION ( 'NONE',  ( -0.000000000000000000, -0.000000000000000000, 1.000000000000000000 ) ) ;
#8181 = DIRECTION ( 'NONE',  ( -1.000000000000000000, 0.000000000000000000, 0.000000000000000000 ) ) ;
#8182 = ORIENTED_EDGE ( 'NONE', *, *, #3510, .F. ) ;
#8183 = ADVANCED_FACE ( 'NONE', ( #7220 ), #3799, .F. ) ;
#8184 = CARTESIAN_POINT ( 'NONE',  ( 1.431762116644293092, 0.1771653543307086520, 3.205047438144841276 ) ) ;
#8185 = DIRECTION ( 'NONE',  ( 0.000000000000000000, -0.000000000000000000, -1.000000000000000000 ) ) ;
#8186 = ORIENTED_EDGE ( 'NONE', *, *, #8348, .F. ) ;
#8187 = DIRECTION ( 'NONE',  ( -1.000000000000000000, 0.000000000000000000, 1.541976423090495387E-16 ) ) ;
#8188 = VERTEX_POINT ( 'NONE', #6527 ) ;
#8189 = CARTESIAN_POINT ( 'NONE',  ( 0.6455476949752787519, 0.1507476349739041432, 1.041334772934244812 ) ) ;
#8190 = ORIENTED_EDGE ( 'NONE', *, *, #10250, .T. ) ;
#8191 = ORIENTED_EDGE ( 'NONE', *, *, #6952, .T. ) ;
#8192 = CARTESIAN_POINT ( 'NONE',  ( -0.7319505485663040378, 0.1507476349739041155, 0.2736182375011737555 ) ) ;
#8193 = ORIENTED_EDGE ( 'NONE', *, *, #4344, .T. ) ;
#8194 = ORIENTED_EDGE ( 'NONE', *, *, #2408, .T. ) ;
#8195 = CIRCLE ( 'NONE', #8217, 0.05905511811023627516 ) ;
#8196 = EDGE_CURVE ( 'NONE', #4860, #3683, #900, .T. ) ;
#8197 = VECTOR ( 'NONE', #6149, 39.37007874015748143 ) ;
#8198 = ADVANCED_FACE ( 'NONE', ( #10821 ), #2075, .T. ) ;
#8199 = CARTESIAN_POINT ( 'NONE',  ( -0.7504484348022475437, 0.1574803149606299191, 0.000000000000000000 ) ) ;
#8200 = ORIENTED_EDGE ( 'NONE', *, *, #11184, .F. ) ;
#8201 = CARTESIAN_POINT ( 'NONE',  ( 0.7849846360638944587, 0.1574803149606299191, 0.000000000000000000 ) ) ;
#8202 = PLANE ( 'NONE',  #5412 ) ;
#8203 = CIRCLE ( 'NONE', #1073, 0.05905511811023627516 ) ;
#8204 = CARTESIAN_POINT ( 'NONE',  ( 0.03695314000090248185, 0.1574803149606299191, 1.042521926068380234 ) ) ;
#8205 = VECTOR ( 'NONE', #4377, 39.37007874015748143 ) ;
#8206 = LINE ( 'NONE', #377, #2603 ) ;
#8207 = FACE_OUTER_BOUND ( 'NONE', #11203, .T. ) ;
#8208 = EDGE_CURVE ( 'NONE', #3858, #7818, #5617, .T. ) ;
#8209 = ORIENTED_EDGE ( 'NONE', *, *, #2866, .T. ) ;
#8210 = VECTOR ( 'NONE', #5969, 39.37007874015748143 ) ;
#8211 = VECTOR ( 'NONE', #6183, 39.37007874015748143 ) ;
#8212 = FACE_OUTER_BOUND ( 'NONE', #7048, .T. ) ;
#8213 = LINE ( 'NONE', #382, #3485 ) ;
#8214 = ORIENTED_EDGE ( 'NONE', *, *, #9531, .F. ) ;
#8215 = FACE_OUTER_BOUND ( 'NONE', #10121, .T. ) ;
#8216 = EDGE_CURVE ( 'NONE', #1300, #3129, #9163, .T. ) ;
#8217 = AXIS2_PLACEMENT_3D ( 'NONE', #9105, #1387, #4702 ) ;
#8218 = ORIENTED_EDGE ( 'NONE', *, *, #2237, .T. ) ;
#8219 = CARTESIAN_POINT ( 'NONE',  ( -0.8910725290249985608, 0.1690115440477737152, 2.417645863341691737 ) ) ;
#8220 = DIRECTION ( 'NONE',  ( 0.000000000000000000, 0.000000000000000000, 1.000000000000000000 ) ) ;
#8221 = CARTESIAN_POINT ( 'NONE',  ( -0.8601305606537805737, 0.4724409448818899238, -0.1035775226177996777 ) ) ;
#8222 = EDGE_CURVE ( 'NONE', #969, #9178, #3960, .T. ) ;
#8223 = DIRECTION ( 'NONE',  ( 0.000000000000000000, -1.000000000000000000, 0.000000000000000000 ) ) ;
#8224 = EDGE_LOOP ( 'NONE', ( #3763, #10880, #5707, #3881 ) ) ;
#8225 = DIRECTION ( 'NONE',  ( 1.000000000000000000, -0.000000000000000000, -4.625929269271485914E-16 ) ) ;
#8226 = FACE_OUTER_BOUND ( 'NONE', #1810, .T. ) ;
#8227 = AXIS2_PLACEMENT_3D ( 'NONE', #8837, #5176, #2611 ) ;
#8228 = CARTESIAN_POINT ( 'NONE',  ( 1.462704085015511524, 0.000000000000000000, 4.013548461634169229 ) ) ;
#8229 = ORIENTED_EDGE ( 'NONE', *, *, #571, .T. ) ;
#8230 = VERTEX_POINT ( 'NONE', #6742 ) ;
#8231 = DIRECTION ( 'NONE',  ( 0.000000000000000000, -0.000000000000000000, -1.000000000000000000 ) ) ;
#8232 = ADVANCED_FACE ( 'NONE', ( #10980 ), #2397, .T. ) ;
#8233 = CARTESIAN_POINT ( 'NONE',  ( 0.000000000000000000, 0.1771653543307086520, 3.205047438144841276 ) ) ;
#8234 = VECTOR ( 'NONE', #15, 39.37007874015748143 ) ;
#8235 = CARTESIAN_POINT ( 'NONE',  ( -0.7307633954321682834, 0.1574803149606299191, 0.2748053906353095655 ) ) ;
#8236 = CARTESIAN_POINT ( 'NONE',  ( 1.431762116644293092, 0.1574803149606299191, 0.000000000000000000 ) ) ;
#8237 = EDGE_LOOP ( 'NONE', ( #5096, #8592, #8543, #1520 ) ) ;
#8238 = EDGE_LOOP ( 'NONE', ( #2387, #8346, #1172, #2505 ) ) ;
#8239 = EDGE_CURVE ( 'NONE', #4721, #8121, #1543, .T. ) ;
#8240 = DIRECTION ( 'NONE',  ( 0.000000000000000000, 0.000000000000000000, 1.000000000000000000 ) ) ;
#8241 = DIRECTION ( 'NONE',  ( 0.000000000000000000, 0.000000000000000000, 1.000000000000000000 ) ) ;
#8242 = VERTEX_POINT ( 'NONE', #673 ) ;
#8243 = DIRECTION ( 'NONE',  ( 0.000000000000000000, 1.000000000000000000, -0.000000000000000000 ) ) ;
#8244 = ORIENTED_EDGE ( 'NONE', *, *, #8778, .F. ) ;
#8245 = AXIS2_PLACEMENT_3D ( 'NONE', #4188, #8748, #5262 ) ;
#8246 = CARTESIAN_POINT ( 'NONE',  ( 0.000000000000000000, 0.1968503937007874127, 0.000000000000000000 ) ) ;
#8247 = CARTESIAN_POINT ( 'NONE',  ( -1.589037874866828934E-17, 0.1574803149606299191, 0.2748053906353095099 ) ) ;
#8248 = PLANE ( 'NONE',  #10528 ) ;
#8249 = EDGE_CURVE ( 'NONE', #10622, #11035, #2288, .T. ) ;
#8250 = AXIS2_PLACEMENT_3D ( 'NONE', #4404, #2525, #5255 ) ;
#8251 = ORIENTED_EDGE ( 'NONE', *, *, #10894, .T. ) ;
#8252 = ORIENTED_EDGE ( 'NONE', *, *, #7815, .T. ) ;
#8253 =( BOUNDED_CURVE ( )  B_SPLINE_CURVE ( 3, ( #2802, #7078, #7866, #10691 ),
 .UNSPECIFIED., .F., .F. ) 
 B_SPLINE_CURVE_WITH_KNOTS ( ( 4, 4 ),
 ( 3.141592653589793116, 3.490658503988653738 ),
 .UNSPECIFIED. ) 
 CURVE ( )  GEOMETRIC_REPRESENTATION_ITEM ( )  RATIONAL_B_SPLINE_CURVE ( ( 1.000000000000000000, 0.9898718353414723836, 0.9898718353414723836, 1.000000000000000000 ) ) 
 REPRESENTATION_ITEM ( '' )  );
#8254 =( GEOMETRIC_REPRESENTATION_CONTEXT ( 3 ) GLOBAL_UNCERTAINTY_ASSIGNED_CONTEXT ( ( #5503 ) ) GLOBAL_UNIT_ASSIGNED_CONTEXT ( ( #3885, #10108, #8366 ) ) REPRESENTATION_CONTEXT ( 'NONE', 'WORKASPACE' ) );
#8255 = LINE ( 'NONE', #5578, #6571 ) ;
#8256 = VECTOR ( 'NONE', #5124, 39.37007874015748143 ) ;
#8257 = ORIENTED_EDGE ( 'NONE', *, *, #3888, .F. ) ;
#8258 = PLANE ( 'NONE',  #4770 ) ;
#8259 = CARTESIAN_POINT ( 'NONE',  ( -0.1221688404577920412, 0.1507476349739041988, 1.041334772934244812 ) ) ;
#8260 = LINE ( 'NONE', #5633, #7772 ) ;
#8261 = EDGE_CURVE ( 'NONE', #5181, #6695, #3155, .T. ) ;
#8262 = LINE ( 'NONE', #2779, #9969 ) ;
#8263 = EDGE_CURVE ( 'NONE', #6441, #2185, #3319, .T. ) ;
#8264 = DIRECTION ( 'NONE',  ( -1.000000000000000000, 0.000000000000000000, 0.000000000000000000 ) ) ;
#8265 = AXIS2_PLACEMENT_3D ( 'NONE', #5965, #9533, #11180 ) ;
#8266 = CARTESIAN_POINT ( 'NONE',  ( -1.575506140063154877E-17, 0.000000000000000000, 0.1257531860436188198 ) ) ;
#8267 = CARTESIAN_POINT ( 'NONE',  ( -1.253831348055355566, 2.287311901041906737, -0.3004279163185869517 ) ) ;
#8268 = CARTESIAN_POINT ( 'NONE',  ( -1.554534736015902974, 0.000000000000000000, 2.473700668492355703 ) ) ;
#8269 = ORIENTED_EDGE ( 'NONE', *, *, #4317, .F. ) ;
#8270 = CARTESIAN_POINT ( 'NONE',  ( 1.412077077274214165, 0.1551781507868630616, 0.2748053906353093989 ) ) ;
#8271 = CIRCLE ( 'NONE', #5722, 0.1377952755905512972 ) ;
#8272 = ORIENTED_EDGE ( 'NONE', *, *, #9197, .T. ) ;
#8273 = CARTESIAN_POINT ( 'NONE',  ( 0.8034825222998377425, 0.1507476349739040877, 1.041334772934244590 ) ) ;
#8274 = LINE ( 'NONE', #3892, #4430 ) ;
#8275 = FACE_OUTER_BOUND ( 'NONE', #7013, .T. ) ;
#8276 = EDGE_LOOP ( 'NONE', ( #6244, #3266 ) ) ;
#8277 = LINE ( 'NONE', #10908, #7473 ) ;
#8278 = CARTESIAN_POINT ( 'NONE',  ( -2.494372953833778313E-16, 0.5905511811023621549, -1.941175947814649527 ) ) ;
#8279 = LINE ( 'NONE', #6593, #6854 ) ;
#8280 = CARTESIAN_POINT ( 'NONE',  ( 2.043412746432833327, 0.1771653543307086520, -1.901805869074492339 ) ) ;
#8281 = ORIENTED_EDGE ( 'NONE', *, *, #5149, .T. ) ;
#8282 = ORIENTED_EDGE ( 'NONE', *, *, #11101, .F. ) ;
#8283 = FACE_OUTER_BOUND ( 'NONE', #3559, .T. ) ;
#8284 = EDGE_CURVE ( 'NONE', #242, #842, #8203, .T. ) ;
#8285 = CARTESIAN_POINT ( 'NONE',  ( 1.559627917323826551, 2.287311901041906737, -0.1429476013579565608 ) ) ;
#8286 = CARTESIAN_POINT ( 'NONE',  ( 1.341802288704367907, 0.3470877061559770604, 0.3450801792051558792 ) ) ;
#8287 = ORIENTED_EDGE ( 'NONE', *, *, #10176, .F. ) ;
#8288 = CARTESIAN_POINT ( 'NONE',  ( 0.01726810063082386340, 0.1771653543307086520, 1.997025303321337890E-18 ) ) ;
#8289 = ORIENTED_EDGE ( 'NONE', *, *, #4406, .T. ) ;
#8290 = EDGE_CURVE ( 'NONE', #6278, #2918, #6801, .T. ) ;
#8291 = CARTESIAN_POINT ( 'NONE',  ( 0.000000000000000000, 0.1574803149606299191, 2.558269957564442976 ) ) ;
#8292 = ORIENTED_EDGE ( 'NONE', *, *, #10701, .T. ) ;
#8293 = CYLINDRICAL_SURFACE ( 'NONE', #6600, 0.1377952755905512972 ) ;
#8294 = ORIENTED_EDGE ( 'NONE', *, *, #234, .T. ) ;
#8295 = EDGE_CURVE ( 'NONE', #10205, #10022, #8393, .T. ) ;
#8296 = VECTOR ( 'NONE', #3774, 39.37007874015748143 ) ;
#8297 = EDGE_LOOP ( 'NONE', ( #1720, #1722, #10030, #204, #7682, #1793, #4592, #5089, #8251, #7775, #2624, #10465, #6393, #1550, #1560, #10194, #7111, #7233, #2567, #9775, #3649, #6817, #6991, #9001, #838, #8013, #7306, #7316, #3825, #829, #9315, #10349, #3336, #6119, #3542, #9555, #2665, #3588, #10844, #7441, #10986, #5780, #597, #2568 ) ) ;
#8298 = EDGE_LOOP ( 'NONE', ( #7320, #5152, #9174, #6112 ) ) ;
#8299 = EDGE_CURVE ( 'NONE', #8834, #224, #691, .T. ) ;
#8300 = VECTOR ( 'NONE', #3800, 39.37007874015748854 ) ;
#8301 = ORIENTED_EDGE ( 'NONE', *, *, #7114, .F. ) ;
#8302 = CARTESIAN_POINT ( 'NONE',  ( -1.253831348055355566, 0.1968503937007873017, -0.3004279163185869517 ) ) ;
#8303 = EDGE_CURVE ( 'NONE', #183, #2039, #1436, .T. ) ;
#8304 = CARTESIAN_POINT ( 'NONE',  ( -0.8350177238743349273, 0.000000000000000000, 0.9864671209177166000 ) ) ;
#8305 =( BOUNDED_CURVE ( )  B_SPLINE_CURVE ( 3, ( #10196, #5944, #684, #2473 ),
 .UNSPECIFIED., .F., .F. ) 
 B_SPLINE_CURVE_WITH_KNOTS ( ( 4, 4 ),
 ( 1.570796326794896558, 3.141592653589793116 ),
 .UNSPECIFIED. ) 
 CURVE ( )  GEOMETRIC_REPRESENTATION_ITEM ( )  RATIONAL_B_SPLINE_CURVE ( ( 1.000000000000000000, 0.8047378541243649375, 0.8047378541243649375, 1.000000000000000000 ) ) 
 REPRESENTATION_ITEM ( '' )  );
#8306 = FACE_OUTER_BOUND ( 'NONE', #1565, .T. ) ;
#8307 = VECTOR ( 'NONE', #5381, 39.37007874015748143 ) ;
#8308 = FACE_OUTER_BOUND ( 'NONE', #6429, .T. ) ;
#8309 = VECTOR ( 'NONE', #391, 39.37007874015748143 ) ;
#8310 = DIRECTION ( 'NONE',  ( -0.3420201433256694346, 0.9396926207859080948, 0.000000000000000000 ) ) ;
#8311 = EDGE_CURVE ( 'NONE', #7986, #5332, #11201, .T. ) ;
#8312 = EDGE_CURVE ( 'NONE', #1406, #5397, #5078, .T. ) ;
#8313 = LINE ( 'NONE', #2262, #9873 ) ;
#8314 = AXIS2_PLACEMENT_3D ( 'NONE', #3929, #2092, #3064 ) ;
#8315 = APPLICATION_PROTOCOL_DEFINITION ( 'draft international standard', 'automotive_design', 1998, #9341 ) ;
#8316 = ORIENTED_EDGE ( 'NONE', *, *, #9908, .T. ) ;
#8317 = FACE_OUTER_BOUND ( 'NONE', #10254, .T. ) ;
#8318 = VERTEX_POINT ( 'NONE', #3209 ) ;
#8319 = DIRECTION ( 'NONE',  ( 0.000000000000000000, -1.000000000000000000, 0.000000000000000000 ) ) ;
#8320 = DIRECTION ( 'NONE',  ( 1.000000000000000000, -0.000000000000000000, -0.000000000000000000 ) ) ;
#8321 = AXIS2_PLACEMENT_3D ( 'NONE', #10599, #1045, #10543 ) ;
#8322 = DIRECTION ( 'NONE',  ( -1.000000000000000000, 0.000000000000000000, 0.000000000000000000 ) ) ;
#8323 = CARTESIAN_POINT ( 'NONE',  ( 1.462704085015511524, 0.000000000000000000, 3.958430351397948854 ) ) ;
#8324 =( BOUNDED_CURVE ( )  B_SPLINE_CURVE ( 3, ( #2153, #8964, #3824, #10683 ),
 .UNSPECIFIED., .F., .F. ) 
 B_SPLINE_CURVE_WITH_KNOTS ( ( 4, 4 ),
 ( 0.000000000000000000, 1.570796326794896558 ),
 .UNSPECIFIED. ) 
 CURVE ( )  GEOMETRIC_REPRESENTATION_ITEM ( )  RATIONAL_B_SPLINE_CURVE ( ( 1.000000000000000000, 0.8047378541243649375, 0.8047378541243649375, 1.000000000000000000 ) ) 
 REPRESENTATION_ITEM ( '' )  );
#8325 = ADVANCED_FACE ( 'NONE', ( #4226 ), #9271, .T. ) ;
#8326 = CARTESIAN_POINT ( 'NONE',  ( 0.6640455812112220357, 0.1771653543307086520, 0.2551203512652306937 ) ) ;
#8327 = LINE ( 'NONE', #3840, #1294 ) ;
#8328 = CARTESIAN_POINT ( 'NONE',  ( 1.773486704651734858, 0.5905511811023621549, 1.032663144480758133 ) ) ;
#8329 = ORIENTED_EDGE ( 'NONE', *, *, #8847, .F. ) ;
#8330 = ORIENTED_EDGE ( 'NONE', *, *, #7195, .T. ) ;
#8332 = DIRECTION ( 'NONE',  ( -1.000000000000000000, 0.000000000000000000, -7.709882115452478166E-17 ) ) ;
#8331 = VECTOR ( 'NONE', #6931, 39.37007874015748143 ) ;
#8333 = CARTESIAN_POINT ( 'NONE',  ( -1.490051820496299806, 0.1507476349739040877, 3.344484379233457094 ) ) ;
#8334 = CARTESIAN_POINT ( 'NONE',  ( -0.7319505485663040378, 0.1507476349739041155, 2.576767843800386260 ) ) ;
#8335 = CARTESIAN_POINT ( 'NONE',  ( -2.169185678764016245, 0.1968503937007874127, 5.347521247254649409E-16 ) ) ;
#8337 = ORIENTED_EDGE ( 'NONE', *, *, #4818, .T. ) ;
#8336 = DIRECTION ( 'NONE',  ( 0.000000000000000000, 0.3420201433256694346, -0.9396926207859080948 ) ) ;
#8338 = ADVANCED_FACE ( 'NONE', ( #2516 ), #2460, .T. ) ;
#8339 = CARTESIAN_POINT ( 'NONE',  ( -1.716429773252204916, 0.5905511811023621549, 1.508456598185591748E-16 ) ) ;
#8340 = CARTESIAN_POINT ( 'NONE',  ( -0.06730118844126400934, 0.000000000000000000, 4.009133739358497373 ) ) ;
#8341 = EDGE_LOOP ( 'NONE', ( #1165, #2697, #8976, #10810 ) ) ;
#8342 = DIRECTION ( 'NONE',  ( 0.000000000000000000, 0.000000000000000000, 1.000000000000000000 ) ) ;
#8343 = VERTEX_POINT ( 'NONE', #8441 ) ;
#8344 = ORIENTED_EDGE ( 'NONE', *, *, #5765, .F. ) ;
#8345 = CARTESIAN_POINT ( 'NONE',  ( -0.7319505485663044819, 0.1507476349739041155, 1.809051308367315425 ) ) ;
#8346 = ORIENTED_EDGE ( 'NONE', *, *, #4517, .T. ) ;
#8347 = EDGE_CURVE ( 'NONE', #6121, #462, #618, .T. ) ;
#8348 = EDGE_CURVE ( 'NONE', #372, #1965, #7595, .T. ) ;
#8349 = LINE ( 'NONE', #7400, #3104 ) ;
#8350 = CARTESIAN_POINT ( 'NONE',  ( 0.000000000000000000, 0.1771653543307086520, -1.645900357263467839 ) ) ;
#8351 = VERTEX_POINT ( 'NONE', #1601 ) ;
#8352 = VERTEX_POINT ( 'NONE', #5072 ) ;
#8353 = DIRECTION ( 'NONE',  ( 1.000000000000000000, -0.000000000000000000, 0.000000000000000000 ) ) ;
#8354 = LINE ( 'NONE', #4881, #2302 ) ;
#8355 = PLANE ( 'NONE',  #1733 ) ;
#8356 = EDGE_CURVE ( 'NONE', #1406, #10109, #8553, .T. ) ;
#8357 = VECTOR ( 'NONE', #8911, 39.37007874015748143 ) ;
#8358 = CYLINDRICAL_SURFACE ( 'NONE', #9378, 0.1377952755905511584 ) ;
#8359 = ORIENTED_EDGE ( 'NONE', *, *, #11029, .F. ) ;
#8360 = EDGE_CURVE ( 'NONE', #11255, #1871, #9494, .T. ) ;
#8361 = VECTOR ( 'NONE', #4117, 39.37007874015748143 ) ;
#8362 = CARTESIAN_POINT ( 'NONE',  ( 2.181208022023385595, 0.000000000000000000, 0.2952514739630046070 ) ) ;
#8363 = LINE ( 'NONE', #5959, #1563 ) ;
#8364 =( BOUNDED_CURVE ( )  B_SPLINE_CURVE ( 3, ( #2638, #3679, #7161, #10422 ),
 .UNSPECIFIED., .F., .F. ) 
 B_SPLINE_CURVE_WITH_KNOTS ( ( 4, 4 ),
 ( 1.570796326794901887, 3.141592653589793116 ),
 .UNSPECIFIED. ) 
 CURVE ( )  GEOMETRIC_REPRESENTATION_ITEM ( )  RATIONAL_B_SPLINE_CURVE ( ( 1.000000000000000000, 0.8047378541243662697, 0.8047378541243662697, 1.000000000000000000 ) ) 
 REPRESENTATION_ITEM ( '' )  );
#8365 = CIRCLE ( 'NONE', #2181, 0.09448818897637797920 ) ;
#8366 =( NAMED_UNIT ( * ) SI_UNIT ( $, .STERADIAN. ) SOLID_ANGLE_UNIT ( ) );
#8367 = ORIENTED_EDGE ( 'NONE', *, *, #2704, .F. ) ;
#8368 = DIRECTION ( 'NONE',  ( 1.000000000000000000, -0.000000000000000000, -0.000000000000000000 ) ) ;
#8369 = LINE ( 'NONE', #10954, #7917 ) ;
#8370 = ADVANCED_FACE ( 'NONE', ( #9666 ), #10463, .T. ) ;
#8371 = ORIENTED_EDGE ( 'NONE', *, *, #9956, .F. ) ;
#8372 = CARTESIAN_POINT ( 'NONE',  ( 0.7849846360638947917, 0.1771653543307086520, 1.815641701948198250E-16 ) ) ;
#8373 = DIRECTION ( 'NONE',  ( 1.000000000000000000, 0.000000000000000000, 1.252855843761027209E-16 ) ) ;
#8374 = VECTOR ( 'NONE', #3177, 39.37007874015748143 ) ;
#8375 = ORIENTED_EDGE ( 'NONE', *, *, #3301, .F. ) ;
#8376 = AXIS2_PLACEMENT_3D ( 'NONE', #6012, #11108, #5711 ) ;
#8377 = CARTESIAN_POINT ( 'NONE',  ( 0.6443605418411433305, 0.1551781507868631171, 0.8822127924755501782 ) ) ;
#8378 = CARTESIAN_POINT ( 'NONE',  ( 0.7849846360638953469, 0.1771653543307086520, 3.325986492997513810 ) ) ;
#8379 = DIRECTION ( 'NONE',  ( 0.000000000000000000, 0.000000000000000000, 1.000000000000000000 ) ) ;
#8380 = DIRECTION ( 'NONE',  ( 0.000000000000000000, -0.000000000000000000, -1.000000000000000000 ) ) ;
#8381 = ORIENTED_EDGE ( 'NONE', *, *, #5208, .T. ) ;
#8382 = ORIENTED_EDGE ( 'NONE', *, *, #4241, .T. ) ;
#8383 = VECTOR ( 'NONE', #8871, 39.37007874015748143 ) ;
#8384 = CARTESIAN_POINT ( 'NONE',  ( 0.5740857532712968503, 0.3470877061559771715, 1.880513250071297549 ) ) ;
#8385 = ADVANCED_FACE ( 'NONE', ( #3487 ), #3665, .T. ) ;
#8386 = DIRECTION ( 'NONE',  ( -0.000000000000000000, 0.000000000000000000, 1.000000000000000000 ) ) ;
#8387 = EDGE_CURVE ( 'NONE', #218, #4162, #4279, .T. ) ;
#8388 = CARTESIAN_POINT ( 'NONE',  ( 0.6640455812112220357, 0.1771653543307086520, 1.669614367278699385 ) ) ;
#8389 = CARTESIAN_POINT ( 'NONE',  ( -0.8910725290249987829, 0.1574803149606299191, 0.8822127924755501782 ) ) ;
#8390 = CYLINDRICAL_SURFACE ( 'NONE', #2311, 0.01968503937007875723 ) ;
#8391 = EDGE_LOOP ( 'NONE', ( #9773, #11165, #2609, #2300 ) ) ;
#8392 = AXIS2_PLACEMENT_3D ( 'NONE', #4322, #4495, #10900 ) ;
#8393 = LINE ( 'NONE', #8339, #5462 ) ;
#8394 = DIRECTION ( 'NONE',  ( -0.000000000000000000, 1.000000000000000000, -0.000000000000000000 ) ) ;
#8395 = ORIENTED_EDGE ( 'NONE', *, *, #5000, .F. ) ;
#8396 = LINE ( 'NONE', #11204, #8948 ) ;
#8397 = ORIENTED_EDGE ( 'NONE', *, *, #2328, .F. ) ;
#8398 = LINE ( 'NONE', #11264, #787 ) ;
#8399 = CARTESIAN_POINT ( 'NONE',  ( -0.1036709542218489655, 0.1771653543307086520, 1.022836886698301750 ) ) ;
#8400 = EDGE_CURVE ( 'NONE', #5449, #6643, #9065, .T. ) ;
#8401 = DIRECTION ( 'NONE',  ( 0.2425356250363331356, 0.000000000000000000, -0.9701425001453318764 ) ) ;
#8402 = VERTEX_POINT ( 'NONE', #8852 ) ;
#8403 = VECTOR ( 'NONE', #6059, 39.37007874015748143 ) ;
#8404 = VERTEX_POINT ( 'NONE', #10406 ) ;
#8405 = CARTESIAN_POINT ( 'NONE',  ( 1.462704085015511746, 0.4724409448818898127, 4.013548461634169229 ) ) ;
#8406 = CARTESIAN_POINT ( 'NONE',  ( 0.000000000000000000, 0.1771653543307086520, 0.2551203512652306937 ) ) ;
#8407 = EDGE_CURVE ( 'NONE', #9932, #2576, #3434, .T. ) ;
#8408 = VECTOR ( 'NONE', #6503, 39.37007874015748143 ) ;
#8409 = DIRECTION ( 'NONE',  ( 0.000000000000000000, 0.000000000000000000, 1.000000000000000000 ) ) ;
#8410 = VECTOR ( 'NONE', #2731, 39.37007874015748143 ) ;
#8411 = EDGE_LOOP ( 'NONE', ( #8998, #8766, #5951, #2482 ) ) ;
#8412 = EDGE_CURVE ( 'NONE', #7242, #5820, #59, .T. ) ;
#8413 = FACE_OUTER_BOUND ( 'NONE', #9573, .T. ) ;
#8414 = DIRECTION ( 'NONE',  ( 1.000000000000000000, 0.000000000000000000, 0.000000000000000000 ) ) ;
#8415 = ORIENTED_EDGE ( 'NONE', *, *, #2006, .T. ) ;
#8416 = CARTESIAN_POINT ( 'NONE',  ( 0.000000000000000000, 0.1574803149606299191, 2.437330902711770442 ) ) ;
#8417 = VERTEX_POINT ( 'NONE', #9553 ) ;
#8418 = EDGE_CURVE ( 'NONE', #9451, #10120, #7812, .T. ) ;
#8419 = ORIENTED_EDGE ( 'NONE', *, *, #1305, .F. ) ;
#8420 = CARTESIAN_POINT ( 'NONE',  ( 0.6640455812112220357, 0.1771653543307086520, 3.205047438144841276 ) ) ;
#8421 = VECTOR ( 'NONE', #4698, 39.37007874015748143 ) ;
#8422 = DIRECTION ( 'NONE',  ( -0.000000000000000000, -1.000000000000000000, -0.000000000000000000 ) ) ;
#8423 = CARTESIAN_POINT ( 'NONE',  ( -0.7223352850632294153, 0.1771653543307086520, 2.409217752972752535 ) ) ;
#8424 = CARTESIAN_POINT ( 'NONE',  ( 0.8130977858029126981, 0.1771653543307086520, 1.050950036437319657 ) ) ;
#8425 = CARTESIAN_POINT ( 'NONE',  ( -0.1152021833089928310, 0.1771653543307086243, 0.8903666027584850040 ) ) ;
#8426 = EDGE_CURVE ( 'NONE', #1389, #1018, #4368, .T. ) ;
#8427 = CARTESIAN_POINT ( 'NONE',  ( -1.498479930865239229, 0.1574803149606299191, 1.649929327908621346 ) ) ;
#8428 = VECTOR ( 'NONE', #653, 39.37007874015748143 ) ;
#8429 = CARTESIAN_POINT ( 'NONE',  ( -1.498479930865239451, 0.1574803149606299191, 0.8822127924755501782 ) ) ;
#8430 = ORIENTED_EDGE ( 'NONE', *, *, #7518, .T. ) ;
#8431 = VERTEX_POINT ( 'NONE', #10640 ) ;
#8432 = LINE ( 'NONE', #10230, #2270 ) ;
#8433 = ORIENTED_EDGE ( 'NONE', *, *, #9070, .F. ) ;
#8434 = CYLINDRICAL_SURFACE ( 'NONE', #6051, 0.01968503937007875723 ) ;
#8435 = CARTESIAN_POINT ( 'NONE',  ( 0.000000000000000000, 0.1574803149606299191, 1.022836886698301750 ) ) ;
#8436 = CARTESIAN_POINT ( 'NONE',  ( -0.8713874896549199667, 0.1771653543307086520, 0.9018978318456289944 ) ) ;
#8437 = CARTESIAN_POINT ( 'NONE',  ( -0.1233559935919276984, 0.1690115440477737152, 1.042521926068380456 ) ) ;
#8438 = VERTEX_POINT ( 'NONE', #1891 ) ;
#8440 = ORIENTED_EDGE ( 'NONE', *, *, #1233, .F. ) ;
#8439 = CARTESIAN_POINT ( 'NONE',  ( 0.03655337338743777642, 0.1529109616598306187, 1.809838694887986321 ) ) ;
#8441 = CARTESIAN_POINT ( 'NONE',  ( -0.01910166514976113436, 1.707404996040164512E-17, 2.521900191783858158 ) ) ;
#8442 = DIRECTION ( 'NONE',  ( 0.000000000000000000, 0.3420201433256694346, -0.9396926207859080948 ) ) ;
#8443 = ORIENTED_EDGE ( 'NONE', *, *, #7979, .F. ) ;
#8444 = ADVANCED_FACE ( 'NONE', ( #6094 ), #9608, .T. ) ;
#8445 = CARTESIAN_POINT ( 'NONE',  ( 2.082782825172992958, 0.4724409448818899238, 0.1326429498231457837 ) ) ;
#8446 =( BOUNDED_CURVE ( )  B_SPLINE_CURVE ( 3, ( #2014, #10714, #354, #9801 ),
 .UNSPECIFIED., .F., .F. ) 
 B_SPLINE_CURVE_WITH_KNOTS ( ( 4, 4 ),
 ( 5.934119456780714508, 6.283185307179586232 ),
 .UNSPECIFIED. ) 
 CURVE ( )  GEOMETRIC_REPRESENTATION_ITEM ( )  RATIONAL_B_SPLINE_CURVE ( ( 1.000000000000000000, 0.9898718353414717175, 0.9898718353414717175, 1.000000000000000000 ) ) 
 REPRESENTATION_ITEM ( '' )  );
#8447 = EDGE_CURVE ( 'NONE', #10583, #9039, #6281, .T. ) ;
#8448 = VERTEX_POINT ( 'NONE', #961 ) ;
#8449 = LINE ( 'NONE', #624, #3928 ) ;
#8450 = ORIENTED_EDGE ( 'NONE', *, *, #9000, .F. ) ;
#8451 = DIRECTION ( 'NONE',  ( 1.000000000000000000, 0.000000000000000000, 1.156482317317872514E-15 ) ) ;
#8452 = CIRCLE ( 'NONE', #2823, 0.09842519685039378963 ) ;
#8453 = DIRECTION ( 'NONE',  ( -0.000000000000000000, -1.000000000000000000, -0.000000000000000000 ) ) ;
#8454 = LINE ( 'NONE', #9235, #1006 ) ;
#8455 = ORIENTED_EDGE ( 'NONE', *, *, #2203, .F. ) ;
#8456 = LINE ( 'NONE', #4828, #8774 ) ;
#8457 = VECTOR ( 'NONE', #9850, 39.37007874015748143 ) ;
#8458 = CARTESIAN_POINT ( 'NONE',  ( -1.253831348055354900, 0.000000000000000000, -0.1075145304918147943 ) ) ;
#8459 = DIRECTION ( 'NONE',  ( 1.000000000000000000, -0.000000000000000000, -0.000000000000000000 ) ) ;
#8460 = ORIENTED_EDGE ( 'NONE', *, *, #3978, .F. ) ;
#8461 = EDGE_CURVE ( 'NONE', #2039, #4715, #2682, .T. ) ;
#8462 = LINE ( 'NONE', #641, #7296 ) ;
#8463 = DIRECTION ( 'NONE',  ( 0.000000000000000000, 1.000000000000000000, 0.000000000000000000 ) ) ;
#8464 = CARTESIAN_POINT ( 'NONE',  ( -1.498479930865239007, 0.1690115440477737152, 3.185362398774763015 ) ) ;
#8465 = APPLICATION_PROTOCOL_DEFINITION ( 'draft international standard', 'automotive_design', 1998, #11083 ) ;
#8466 = VERTEX_POINT ( 'NONE', #7023 ) ;
#8467 = CARTESIAN_POINT ( 'NONE',  ( 1.925302510212361318, 0.1771653543307086520, -1.311254687972129407 ) ) ;
#8468 = CARTESIAN_POINT ( 'NONE',  ( 1.431762116644293092, 0.1574803149606299191, 0.000000000000000000 ) ) ;
#8469 = AXIS2_PLACEMENT_3D ( 'NONE', #6969, #1020, #7761 ) ;
#8470 = ORIENTED_EDGE ( 'NONE', *, *, #2569, .F. ) ;
#8471 = VERTEX_POINT ( 'NONE', #7927 ) ;
#8472 = ORIENTED_EDGE ( 'NONE', *, *, #1031, .T. ) ;
#8473 = ORIENTED_EDGE ( 'NONE', *, *, #11246, .T. ) ;
#8474 = DIRECTION ( 'NONE',  ( 1.000000000000000000, 0.000000000000000000, 0.000000000000000000 ) ) ;
#8475 = CARTESIAN_POINT ( 'NONE',  ( -2.011705363803387048, 0.4724409448818898127, -1.783695632854019442 ) ) ;
#8476 = EDGE_CURVE ( 'NONE', #6478, #7654, #4450, .T. ) ;
#8477 = LINE ( 'NONE', #8532, #9465 ) ;
#8478 = AXIS2_PLACEMENT_3D ( 'NONE', #2714, #2033, #6190 ) ;
#8479 = VECTOR ( 'NONE', #9788, 39.37007874015748143 ) ;
#8480 = EDGE_CURVE ( 'NONE', #1485, #6487, #9483, .T. ) ;
#8481 = DIRECTION ( 'NONE',  ( 4.625929269271465206E-16, 0.000000000000000000, -1.000000000000000000 ) ) ;
#8482 = CARTESIAN_POINT ( 'NONE',  ( 0.7849846360638992326, 0.1771653543307086520, 9.078208509741042528E-16 ) ) ;
#8483 = DIRECTION ( 'NONE',  ( -0.000000000000000000, -1.000000000000000000, -0.000000000000000000 ) ) ;
#8484 = ORIENTED_EDGE ( 'NONE', *, *, #8295, .T. ) ;
#8485 = CARTESIAN_POINT ( 'NONE',  ( 0.6447603084546081886, 0.1529109616598305355, 0.2744056240218447629 ) ) ;
#8486 = ORIENTED_EDGE ( 'NONE', *, *, #2952, .F. ) ;
#8487 = VECTOR ( 'NONE', #5512, 39.37007874015748143 ) ;
#8488 = DIRECTION ( 'NONE',  ( -1.000000000000000000, 0.000000000000000000, -0.000000000000000000 ) ) ;
#8489 = DIRECTION ( 'NONE',  ( 0.000000000000000000, 0.000000000000000000, 1.000000000000000000 ) ) ;
#8490 = LINE ( 'NONE', #7590, #2794 ) ;
#8491 = EDGE_CURVE ( 'NONE', #6581, #2677, #3598, .T. ) ;
#8492 = CYLINDRICAL_SURFACE ( 'NONE', #5981, 0.01968503937007875723 ) ;
#8493 = VERTEX_POINT ( 'NONE', #4797 ) ;
#8494 = VERTEX_POINT ( 'NONE', #7315 ) ;
#8495 = ORIENTED_EDGE ( 'NONE', *, *, #9854, .F. ) ;
#8496 = CYLINDRICAL_SURFACE ( 'NONE', #1932, 0.09842519685039378963 ) ;
#8497 = CARTESIAN_POINT ( 'NONE',  ( 0.000000000000000000, 0.1574803149606299191, 2.558269957564442976 ) ) ;
#8498 = ADVANCED_FACE ( 'NONE', ( #4740 ), #4569, .T. ) ;
#8499 = LINE ( 'NONE', #4910, #5751 ) ;
#8500 = ORIENTED_EDGE ( 'NONE', *, *, #2040, .F. ) ;
#8501 = DIRECTION ( 'NONE',  ( -2.312964634635742957E-16, 0.000000000000000000, 1.000000000000000000 ) ) ;
#8502 = CARTESIAN_POINT ( 'NONE',  ( 0.8130977858029125871, 0.1771653543307086520, 0.8737846821066108660 ) ) ;
#8503 = ORIENTED_EDGE ( 'NONE', *, *, #8263, .T. ) ;
#8504 = DIRECTION ( 'NONE',  ( 0.000000000000000000, -0.000000000000000000, -1.000000000000000000 ) ) ;
#8505 = DIRECTION ( 'NONE',  ( -0.000000000000000000, -1.000000000000000000, 0.000000000000000000 ) ) ;
#8506 = CARTESIAN_POINT ( 'NONE',  ( -0.8898853758908631395, 0.1507476349739041432, 0.8833999456096858216 ) ) ;
#8507 = EDGE_CURVE ( 'NONE', #9630, #7232, #2001, .T. ) ;
#8508 =( BOUNDED_CURVE ( )  B_SPLINE_CURVE ( 3, ( #9973, #2947, #1964, #9861 ),
 .UNSPECIFIED., .F., .T. ) 
 B_SPLINE_CURVE_WITH_KNOTS ( ( 4, 4 ),
 ( 1.570796326794896780, 3.141592653589793116 ),
 .UNSPECIFIED. ) 
 CURVE ( )  GEOMETRIC_REPRESENTATION_ITEM ( )  RATIONAL_B_SPLINE_CURVE ( ( 1.000000000000000000, 0.8047378541243650485, 0.8047378541243650485, 1.000000000000000000 ) ) 
 REPRESENTATION_ITEM ( '' )  );
#8509 = DIRECTION ( 'NONE',  ( 2.312964634635742957E-16, -0.000000000000000000, -1.000000000000000000 ) ) ;
#8510 = DIRECTION ( 'NONE',  ( -1.000000000000000000, 0.000000000000000000, 0.000000000000000000 ) ) ;
#8511 = ORIENTED_EDGE ( 'NONE', *, *, #1398, .F. ) ;
#8512 = LINE ( 'NONE', #2306, #1856 ) ;
#8513 = CARTESIAN_POINT ( 'NONE',  ( 0.6640455812112220357, 0.1574803149606299191, 0.000000000000000000 ) ) ;
#8514 = EDGE_CURVE ( 'NONE', #10546, #5901, #3084, .T. ) ;
#8515 = ADVANCED_FACE ( 'NONE', ( #1256 ), #5549, .T. ) ;
#8516 = ORIENTED_EDGE ( 'NONE', *, *, #6832, .F. ) ;
#8517 = CYLINDRICAL_SURFACE ( 'NONE', #7903, 0.01968503937007875723 ) ;
#8518 = EDGE_LOOP ( 'NONE', ( #1599, #6002, #1792, #2346 ) ) ;
#8519 = CARTESIAN_POINT ( 'NONE',  ( 0.6640455812112229239, 0.1771653543307086520, 1.535913945127694713E-16 ) ) ;
#8520 = CARTESIAN_POINT ( 'NONE',  ( 0.000000000000000000, 0.1771653543307086520, 1.790553422131372141 ) ) ;
#8521 = ORIENTED_EDGE ( 'NONE', *, *, #270, .T. ) ;
#8522 = DIRECTION ( 'NONE',  ( 0.000000000000000000, 1.000000000000000000, 0.000000000000000000 ) ) ;
#8523 = CARTESIAN_POINT ( 'NONE',  ( -1.490051820496299806, 0.1771653543307086520, 2.586383107303460882 ) ) ;
#8524 = ORIENTED_EDGE ( 'NONE', *, *, #3153, .F. ) ;
#8525 = CARTESIAN_POINT ( 'NONE',  ( 1.925302510212361318, 0.000000000000000000, -1.783695632854019442 ) ) ;
#8526 = DIRECTION ( 'NONE',  ( 0.3236155771181852825, 0.8891264907159878161, -0.3236155771181852270 ) ) ;
#8527 = EDGE_LOOP ( 'NONE', ( #5629, #11256, #9376, #2133 ) ) ;
#8528 = ORIENTED_EDGE ( 'NONE', *, *, #11198, .F. ) ;
#8529 = FACE_OUTER_BOUND ( 'NONE', #11129, .T. ) ;
#8530 = ADVANCED_FACE ( 'NONE', ( #3949 ), #4629, .T. ) ;
#8531 = LINE ( 'NONE', #10165, #5156 ) ;
#8532 = CARTESIAN_POINT ( 'NONE',  ( 0.8130977858029126981, 0.1507476349739040877, 2.576767843800386260 ) ) ;
#8533 = VECTOR ( 'NONE', #10183, 39.37007874015748143 ) ;
#8534 = VECTOR ( 'NONE', #1930, 39.37007874015748143 ) ;
#8535 = CARTESIAN_POINT ( 'NONE',  ( 0.9997202581320655534, 0.1968503937007874127, 3.998881032528259105 ) ) ;
#8536 = CARTESIAN_POINT ( 'NONE',  ( 0.000000000000000000, 0.1574803149606299191, 3.325986492997513810 ) ) ;
#8537 = DIRECTION ( 'NONE',  ( 0.000000000000000000, -0.000000000000000000, -1.000000000000000000 ) ) ;
#8538 = CARTESIAN_POINT ( 'NONE',  ( 1.462704085015511524, -0.2952755905511810774, 4.013548461634169229 ) ) ;
#8539 = ORIENTED_EDGE ( 'NONE', *, *, #2631, .F. ) ;
#8540 = ORIENTED_EDGE ( 'NONE', *, *, #5587, .F. ) ;
#8541 = EDGE_CURVE ( 'NONE', #1221, #10838, #6458, .T. ) ;
#8542 = FACE_BOUND ( 'NONE', #9632, .T. ) ;
#8543 = ORIENTED_EDGE ( 'NONE', *, *, #6263, .F. ) ;
#8544 = AXIS2_PLACEMENT_3D ( 'NONE', #10680, #4783, #8962 ) ;
#8545 = AXIS2_PLACEMENT_3D ( 'NONE', #6262, #6079, #5411 ) ;
#8546 = CARTESIAN_POINT ( 'NONE',  ( 0.000000000000000000, 0.1574803149606299191, 3.185362398774762571 ) ) ;
#8547 = ADVANCED_FACE ( 'NONE', ( #8226 ), #9785, .T. ) ;
#8548 = EDGE_LOOP ( 'NONE', ( #7543, #1105, #4120, #9685 ) ) ;
#8549 = CARTESIAN_POINT ( 'NONE',  ( 0.6640455812112220357, 0.1771653543307086520, 1.669614367278699385 ) ) ;
#8550 = DIRECTION ( 'NONE',  ( 0.000000000000000000, -1.000000000000000000, 0.000000000000000000 ) ) ;
#8551 = VERTEX_POINT ( 'NONE', #9961 ) ;
#8552 = DIRECTION ( 'NONE',  ( 0.000000000000000000, 0.000000000000000000, 1.000000000000000000 ) ) ;
#8553 = LINE ( 'NONE', #730, #4732 ) ;
#8554 = DIRECTION ( 'NONE',  ( -0.000000000000000000, 1.000000000000000000, -0.000000000000000000 ) ) ;
#8555 = ORIENTED_EDGE ( 'NONE', *, *, #1653, .T. ) ;
#8556 = VECTOR ( 'NONE', #7334, 39.37007874015748854 ) ;
#8557 = LINE ( 'NONE', #2344, #6570 ) ;
#8558 = VECTOR ( 'NONE', #6996, 39.37007874015748143 ) ;
#8559 = LINE ( 'NONE', #10467, #1403 ) ;
#8560 = ORIENTED_EDGE ( 'NONE', *, *, #721, .T. ) ;
#8561 = EDGE_CURVE ( 'NONE', #7555, #4422, #10859, .T. ) ;
#8562 = CARTESIAN_POINT ( 'NONE',  ( 2.181208022023385595, 0.1968503937007874127, -1.004824633837119412E-15 ) ) ;
#8563 = CARTESIAN_POINT ( 'NONE',  ( 0.7849846360638992326, 0.1574803149606299191, 9.078208509741042528E-16 ) ) ;
#8564 = FACE_OUTER_BOUND ( 'NONE', #4439, .T. ) ;
#8565 = EDGE_CURVE ( 'NONE', #6970, #10397, #6516, .T. ) ;
#8566 = VECTOR ( 'NONE', #8113, 39.37007874015748143 ) ;
#8567 = CARTESIAN_POINT ( 'NONE',  ( 0.000000000000000000, 2.287311901041906737, -0.005152325767405871622 ) ) ;
#8568 = AXIS2_PLACEMENT_3D ( 'NONE', #9052, #5504, #8240 ) ;
#8569 = DIRECTION ( 'NONE',  ( 0.000000000000000000, -1.000000000000000000, 0.000000000000000000 ) ) ;
#8570 = ORIENTED_EDGE ( 'NONE', *, *, #7966, .F. ) ;
#8571 = VECTOR ( 'NONE', #5788, 39.37007874015748143 ) ;
#8572 = DIRECTION ( 'NONE',  ( -0.000000000000000000, -1.000000000000000000, 0.000000000000000000 ) ) ;
#8573 = EDGE_CURVE ( 'NONE', #1804, #10688, #4358, .T. ) ;
#8574 = DIRECTION ( 'NONE',  ( 0.000000000000000000, 1.000000000000000000, 0.000000000000000000 ) ) ;
#8575 = VECTOR ( 'NONE', #8550, 39.37007874015748143 ) ;
#8576 = ORIENTED_EDGE ( 'NONE', *, *, #986, .T. ) ;
#8577 = CARTESIAN_POINT ( 'NONE',  ( 0.7849846360638944587, 0.1771653543307086520, 1.669614367278699829 ) ) ;
#8578 = VECTOR ( 'NONE', #2951, 39.37007874015748143 ) ;
#8579 = ORIENTED_EDGE ( 'NONE', *, *, #8879, .F. ) ;
#8580 = CARTESIAN_POINT ( 'NONE',  ( -1.253831348055355566, 0.000000000000000000, -0.2020027194681933147 ) ) ;
#8581 = CARTESIAN_POINT ( 'NONE',  ( -0.01910166514976123844, 0.000000000000000000, 0.8737846821066108660 ) ) ;
#8582 = DIRECTION ( 'NONE',  ( -1.000000000000000000, 0.000000000000000000, -1.156482317317872218E-16 ) ) ;
#8583 = ADVANCED_FACE ( 'NONE', ( #9034 ), #1146, .T. ) ;
#8584 = CARTESIAN_POINT ( 'NONE',  ( 1.728452116511574266, 0.1771653543307086520, -2.998386463614427293E-16 ) ) ;
#8585 = ADVANCED_FACE ( 'NONE', ( #1080 ), #285, .T. ) ;
#8586 = ORIENTED_EDGE ( 'NONE', *, *, #255, .T. ) ;
#8587 = CARTESIAN_POINT ( 'NONE',  ( -0.1221688404577920412, 0.1507476349739042265, 1.809051308367315425 ) ) ;
#8588 = AXIS2_PLACEMENT_3D ( 'NONE', #7616, #9300, #439 ) ;
#8589 = DIRECTION ( 'NONE',  ( 0.000000000000000000, -1.000000000000000000, 0.000000000000000000 ) ) ;
#8590 = ORIENTED_EDGE ( 'NONE', *, *, #2212, .T. ) ;
#8591 = ORIENTED_EDGE ( 'NONE', *, *, #5368, .T. ) ;
#8592 = ORIENTED_EDGE ( 'NONE', *, *, #11155, .F. ) ;
#8593 = ORIENTED_EDGE ( 'NONE', *, *, #5447, .F. ) ;
#8594 = EDGE_CURVE ( 'NONE', #482, #2959, #4688, .T. ) ;
#8595 = DIRECTION ( 'NONE',  ( -0.000000000000000000, -1.000000000000000000, 0.000000000000000000 ) ) ;
#8596 = CARTESIAN_POINT ( 'NONE',  ( -0.04320142679551295523, 0.1771653543307086520, -5.914066034202481280E-19 ) ) ;
#8597 =( BOUNDED_CURVE ( )  B_SPLINE_CURVE ( 3, ( #1173, #1052, #1117, #6488 ),
 .UNSPECIFIED., .F., .F. ) 
 B_SPLINE_CURVE_WITH_KNOTS ( ( 4, 4 ),
 ( 3.141592653589793116, 3.490658503988663952 ),
 .UNSPECIFIED. ) 
 CURVE ( )  GEOMETRIC_REPRESENTATION_ITEM ( )  RATIONAL_B_SPLINE_CURVE ( ( 1.000000000000000000, 0.9898718353414717175, 0.9898718353414717175, 1.000000000000000000 ) ) 
 REPRESENTATION_ITEM ( '' )  );
#8598 = CARTESIAN_POINT ( 'NONE',  ( 1.412077077274214387, 0.1574803149606299191, 1.042521926068380234 ) ) ;
#8599 = AXIS2_PLACEMENT_3D ( 'NONE', #4675, #9083, #1935 ) ;
#8600 = CARTESIAN_POINT ( 'NONE',  ( 0.8046696754339733859, 0.1574803149606299191, 3.185362398774762571 ) ) ;
#8601 = DIRECTION ( 'NONE',  ( 0.000000000000000000, -1.000000000000000000, 0.000000000000000000 ) ) ;
#8602 = DIRECTION ( 'NONE',  ( -0.5031907286678229951, 0.000000000000000000, -0.8641753818425662592 ) ) ;
#8603 = ORIENTED_EDGE ( 'NONE', *, *, #9605, .T. ) ;
#8604 = ORIENTED_EDGE ( 'NONE', *, *, #2643, .T. ) ;
#8605 = EDGE_LOOP ( 'NONE', ( #8709, #7225, #7071, #9208, #4304 ) ) ;
#8606 = CARTESIAN_POINT ( 'NONE',  ( 0.7004153469918070751, -3.414809992080329023E-17, 2.473700668492356147 ) ) ;
#8607 = ORIENTED_EDGE ( 'NONE', *, *, #10129, .F. ) ;
#8608 = DIRECTION ( 'NONE',  ( -0.000000000000000000, -0.000000000000000000, -1.000000000000000000 ) ) ;
#8609 = CARTESIAN_POINT ( 'NONE',  ( 0.01726810063082386340, 0.1574803149606299191, 1.997025303321337890E-18 ) ) ;
#8610 = LINE ( 'NONE', #780, #6547 ) ;
#8611 = EDGE_LOOP ( 'NONE', ( #160, #3513, #316, #1984 ) ) ;
#8612 = AXIS2_PLACEMENT_3D ( 'NONE', #5499, #6524, #10817 ) ;
#8613 = CARTESIAN_POINT ( 'NONE',  ( -0.1036709542218489100, 0.1771653543307086520, -1.198936253770387904E-17 ) ) ;
#8614 = CYLINDRICAL_SURFACE ( 'NONE', #10326, 0.01968503937007875723 ) ;
#8615 = ORIENTED_EDGE ( 'NONE', *, *, #1330, .F. ) ;
#8616 = LINE ( 'NONE', #4228, #2944 ) ;
#8617 = EDGE_CURVE ( 'NONE', #3383, #3443, #9906, .T. ) ;
#8618 = CARTESIAN_POINT ( 'NONE',  ( 1.767822195251732564, 0.5905511811023621549, 1.089888905898577454 ) ) ;
#8619 = LINE ( 'NONE', #4916, #4454 ) ;
#8620 = ORIENTED_EDGE ( 'NONE', *, *, #6552, .T. ) ;
#8621 = FACE_OUTER_BOUND ( 'NONE', #338, .T. ) ;
#8622 = LINE ( 'NONE', #971, #10256 ) ;
#8623 = AXIS2_PLACEMENT_3D ( 'NONE', #11122, #3298, #2323 ) ;
#8624 = ORIENTED_EDGE ( 'NONE', *, *, #4690, .F. ) ;
#8625 = DIRECTION ( 'NONE',  ( -0.000000000000000000, -0.000000000000000000, -1.000000000000000000 ) ) ;
#8626 = EDGE_CURVE ( 'NONE', #3507, #9006, #6767, .T. ) ;
#8627 = LINE ( 'NONE', #9509, #2945 ) ;
#8628 = ADVANCED_FACE ( 'NONE', ( #10011 ), #1424, .T. ) ;
#8629 = VECTOR ( 'NONE', #2037, 39.37007874015748854 ) ;
#8630 = EDGE_CURVE ( 'NONE', #2435, #3144, #1584, .T. ) ;
#8631 = EDGE_LOOP ( 'NONE', ( #5811, #4533, #187, #924 ) ) ;
#8632 = EDGE_CURVE ( 'NONE', #4422, #11059, #6734, .T. ) ;
#8633 = DIRECTION ( 'NONE',  ( -1.156482317317871478E-16, 0.000000000000000000, 1.000000000000000000 ) ) ;
#8634 = DIRECTION ( 'NONE',  ( 2.312964634635742957E-16, -0.000000000000000000, -1.000000000000000000 ) ) ;
#8635 = VECTOR ( 'NONE', #5080, 39.37007874015748143 ) ;
#8636 = ORIENTED_EDGE ( 'NONE', *, *, #2019, .F. ) ;
#8637 = ORIENTED_EDGE ( 'NONE', *, *, #6268, .T. ) ;
#8638 = CARTESIAN_POINT ( 'NONE',  ( -0.1221688404577920273, 0.1507476349739041988, 2.418833016475827602 ) ) ;
#8639 = EDGE_LOOP ( 'NONE', ( #7972, #10718, #5444, #2717 ) ) ;
#8640 = EDGE_CURVE ( 'NONE', #3806, #3684, #1263, .T. ) ;
#8641 = ORIENTED_EDGE ( 'NONE', *, *, #9644, .T. ) ;
#8642 = DIRECTION ( 'NONE',  ( -1.000000000000000000, 0.000000000000000000, 4.625929269271485914E-16 ) ) ;
#8643 = CIRCLE ( 'NONE', #10310, 0.1377952755905512139 ) ;
#8644 = LINE ( 'NONE', #8703, #9497 ) ;
#8645 = EDGE_CURVE ( 'NONE', #7267, #6158, #4100, .T. ) ;
#8646 = DIRECTION ( 'NONE',  ( 0.000000000000000000, -0.000000000000000000, -1.000000000000000000 ) ) ;
#8647 = DIRECTION ( 'NONE',  ( 1.000000000000000000, -0.000000000000000000, -0.000000000000000000 ) ) ;
#8648 = DIRECTION ( 'NONE',  ( -0.000000000000000000, -0.000000000000000000, 1.000000000000000000 ) ) ;
#8649 = CARTESIAN_POINT ( 'NONE',  ( -1.677059694512046839, 0.000000000000000000, 4.259611453760153488 ) ) ;
#8650 = ORIENTED_EDGE ( 'NONE', *, *, #5967, .T. ) ;
#8651 = EDGE_LOOP ( 'NONE', ( #3057, #2187, #7415, #4133 ) ) ;
#8652 = CARTESIAN_POINT ( 'NONE',  ( -1.854225048842757184, 0.4724409448818898127, -1.941175947814649305 ) ) ;
#8653 = VECTOR ( 'NONE', #10672, 39.37007874015748143 ) ;
#8654 = CARTESIAN_POINT ( 'NONE',  ( -1.518164970235317934, 0.1771653543307086520, 0.9018978318456289944 ) ) ;
#8655 = EDGE_CURVE ( 'NONE', #6158, #365, #5713, .T. ) ;
#8656 = DIRECTION ( 'NONE',  ( 2.312964634635742957E-16, -0.000000000000000000, -1.000000000000000000 ) ) ;
#8657 = PLANE ( 'NONE',  #2933 ) ;
#8658 = EDGE_CURVE ( 'NONE', #6240, #2851, #7073, .T. ) ;
#8659 = CARTESIAN_POINT ( 'NONE',  ( 0.8393971951716289182, 0.4724409448818898127, 4.038961798268368319 ) ) ;
#8660 = AXIS2_PLACEMENT_3D ( 'NONE', #5931, #9438, #1603 ) ;
#8661 = DIRECTION ( 'NONE',  ( -1.000000000000000000, 0.000000000000000000, 0.000000000000000000 ) ) ;
#8662 = ORIENTED_EDGE ( 'NONE', *, *, #6377, .T. ) ;
#8663 = CARTESIAN_POINT ( 'NONE',  ( -1.253831348055355566, 0.000000000000000000, -0.2020027194681933147 ) ) ;
#8664 = ORIENTED_EDGE ( 'NONE', *, *, #4301, .F. ) ;
#8665 =( BOUNDED_CURVE ( )  B_SPLINE_CURVE ( 3, ( #339, #9148, #5428, #6515 ),
 .UNSPECIFIED., .F., .F. ) 
 B_SPLINE_CURVE_WITH_KNOTS ( ( 4, 4 ),
 ( 5.934119456780718949, 6.283185307179586232 ),
 .UNSPECIFIED. ) 
 CURVE ( )  GEOMETRIC_REPRESENTATION_ITEM ( )  RATIONAL_B_SPLINE_CURVE ( ( 1.000000000000000000, 0.9898718353414719395, 0.9898718353414719395, 1.000000000000000000 ) ) 
 REPRESENTATION_ITEM ( '' )  );
#8666 = PLANE ( 'NONE',  #10993 ) ;
#8667 = ORIENTED_EDGE ( 'NONE', *, *, #4202, .F. ) ;
#8668 = FACE_OUTER_BOUND ( 'NONE', #8808, .T. ) ;
#8669 = LINE ( 'NONE', #954, #7532 ) ;
#8670 = AXIS2_PLACEMENT_3D ( 'NONE', #1093, #7091, #6231 ) ;
#8671 = EDGE_CURVE ( 'NONE', #9734, #9927, #5001, .T. ) ;
#8672 = VECTOR ( 'NONE', #866, 39.37007874015748143 ) ;
#8673 = CARTESIAN_POINT ( 'NONE',  ( 0.000000000000000000, 0.1574803149606299191, 1.022836886698301750 ) ) ;
#8674 = ORIENTED_EDGE ( 'NONE', *, *, #8890, .F. ) ;
#8675 = ORIENTED_EDGE ( 'NONE', *, *, #7031, .T. ) ;
#8676 = DIRECTION ( 'NONE',  ( 0.5031907286678237723, 0.000000000000000000, -0.8641753818425659261 ) ) ;
#8677 = DIRECTION ( 'NONE',  ( 0.3236155771181852270, 0.8891264907159880382, 0.3236155771181852825 ) ) ;
#8678 = ORIENTED_EDGE ( 'NONE', *, *, #3537, .F. ) ;
#8679 = DIRECTION ( 'NONE',  ( -1.000000000000000000, -0.000000000000000000, 5.782411586589358625E-17 ) ) ;
#8680 = CARTESIAN_POINT ( 'NONE',  ( 1.944987549582441355, 0.4724409448818899238, -0.3988531131689802001 ) ) ;
#8682 = CARTESIAN_POINT ( 'NONE',  ( -1.499667083999374873, 0.1507476349739041155, 1.809051308367315425 ) ) ;
#8681 = AXIS2_PLACEMENT_3D ( 'NONE', #7104, #5391, #7830 ) ;
#8683 = ORIENTED_EDGE ( 'NONE', *, *, #533, .F. ) ;
#8684 = CARTESIAN_POINT ( 'NONE',  ( 0.8130977858029126981, 0.1771653543307086520, 0.2832335010042487111 ) ) ;
#8685 = DIRECTION ( 'NONE',  ( 0.000000000000000000, 1.000000000000000000, -0.000000000000000000 ) ) ;
#8686 = DIRECTION ( 'NONE',  ( 0.000000000000000000, 1.000000000000000000, -0.000000000000000000 ) ) ;
#8687 = ADVANCED_FACE ( 'NONE', ( #2219 ), #1371, .F. ) ;
#8688 = CIRCLE ( 'NONE', #4136, 0.1377952755905512972 ) ;
#8689 = PLANE ( 'NONE',  #4561 ) ;
#8690 = AXIS2_PLACEMENT_3D ( 'NONE', #5562, #1538, #2337 ) ;
#8691 =( BOUNDED_CURVE ( )  B_SPLINE_CURVE ( 3, ( #62, #10309, #9684, #5090 ),
 .UNSPECIFIED., .F., .F. ) 
 B_SPLINE_CURVE_WITH_KNOTS ( ( 4, 4 ),
 ( 3.141592653589793116, 3.490658503988647521 ),
 .UNSPECIFIED. ) 
 CURVE ( )  GEOMETRIC_REPRESENTATION_ITEM ( )  RATIONAL_B_SPLINE_CURVE ( ( 1.000000000000000000, 0.9898718353414726057, 0.9898718353414726057, 1.000000000000000000 ) ) 
 REPRESENTATION_ITEM ( '' )  );
#8692 = ORIENTED_EDGE ( 'NONE', *, *, #6566, .F. ) ;
#8693 = FACE_OUTER_BOUND ( 'NONE', #3395, .T. ) ;
#8694 = CARTESIAN_POINT ( 'NONE',  ( 0.01726810063082374544, 0.1771653543307086520, 1.022836886698301750 ) ) ;
#8695 = DIRECTION ( 'NONE',  ( -1.000000000000000000, -0.000000000000000000, -0.000000000000000000 ) ) ;
#8696 = EDGE_CURVE ( 'NONE', #10415, #4844, #500, .T. ) ;
#8697 = VERTEX_POINT ( 'NONE', #10169 ) ;
#8698 = EDGE_CURVE ( 'NONE', #6365, #7654, #7934, .T. ) ;
#8699 = ORIENTED_EDGE ( 'NONE', *, *, #6674, .T. ) ;
#8700 = VERTEX_POINT ( 'NONE', #714 ) ;
#8701 = VERTEX_POINT ( 'NONE', #3139 ) ;
#8702 = LINE ( 'NONE', #5456, #369 ) ;
#8703 = CARTESIAN_POINT ( 'NONE',  ( -2.267610875614410215, 0.5905511811023621549, 2.611570337134368189E-16 ) ) ;
#8704 = ORIENTED_EDGE ( 'NONE', *, *, #6324, .T. ) ;
#8705 = LINE ( 'NONE', #865, #8767 ) ;
#8706 = CARTESIAN_POINT ( 'NONE',  ( -0.7319505485663041489, 0.1507476349739041155, 3.354099642736532161 ) ) ;
#8707 = EDGE_CURVE ( 'NONE', #9050, #3964, #5759, .T. ) ;
#8708 = CARTESIAN_POINT ( 'NONE',  ( 0.03576598686676672051, 0.1507476349739040877, 3.186549551908898437 ) ) ;
#8709 = ORIENTED_EDGE ( 'NONE', *, *, #5394, .F. ) ;
#8710 = VERTEX_POINT ( 'NONE', #8378 ) ;
#8711 = DIRECTION ( 'NONE',  ( 0.3236155771181852825, 0.8891264907159878161, -0.3236155771181851160 ) ) ;
#8712 = ADVANCED_FACE ( 'NONE', ( #9312 ), #7689, .T. ) ;
#8713 = EDGE_CURVE ( 'NONE', #4327, #6441, #10063, .T. ) ;
#8714 = DIRECTION ( 'NONE',  ( 1.000000000000000000, -0.000000000000000000, 9.251858538542971828E-16 ) ) ;
#8715 = CARTESIAN_POINT ( 'NONE',  ( 0.03695314000090240553, 0.1551781507868630339, 2.417645863341691737 ) ) ;
#8716 = CARTESIAN_POINT ( 'NONE',  ( -1.253831348055355566, 0.4724409448818899238, -0.1035775226177996777 ) ) ;
#8717 = CARTESIAN_POINT ( 'NONE',  ( -0.8350177238743349273, 0.000000000000000000, 2.473700668492355703 ) ) ;
#8718 = CARTESIAN_POINT ( 'NONE',  ( 1.475210875130817042E-17, 0.1771653543307086520, 0.2551203512652306382 ) ) ;
#8719 = ORIENTED_EDGE ( 'NONE', *, *, #5542, .T. ) ;
#8720 = EDGE_CURVE ( 'NONE', #9596, #6121, #4155, .T. ) ;
#8721 = LINE ( 'NONE', #6269, #450 ) ;
#8722 = FACE_OUTER_BOUND ( 'NONE', #4990, .T. ) ;
#8723 = DIRECTION ( 'NONE',  ( -1.734723475976807094E-16, 0.000000000000000000, -1.000000000000000000 ) ) ;
#8724 = PLANE ( 'NONE',  #11002 ) ;
#8725 = VECTOR ( 'NONE', #1872, 39.37007874015748143 ) ;
#8726 = CARTESIAN_POINT ( 'NONE',  ( -0.8910725290249985608, 0.1574803149606299191, 1.810238461501450846 ) ) ;
#8727 = VERTEX_POINT ( 'NONE', #7628 ) ;
#8728 = DIRECTION ( 'NONE',  ( -5.782411586589351229E-17, 0.000000000000000000, 1.000000000000000000 ) ) ;
#8729 = CARTESIAN_POINT ( 'NONE',  ( 0.8046696754339741631, 0.1574803149606299191, 3.345671532367592516 ) ) ;
#8730 = EDGE_LOOP ( 'NONE', ( #6504, #2560, #7814, #10486 ) ) ;
#8731 = FACE_OUTER_BOUND ( 'NONE', #9371, .T. ) ;
#8732 = DIRECTION ( 'NONE',  ( -4.625929269271485914E-16, 0.000000000000000000, 1.000000000000000000 ) ) ;
#8733 = ORIENTED_EDGE ( 'NONE', *, *, #11237, .T. ) ;
#8734 = AXIS2_PLACEMENT_3D ( 'NONE', #2927, #3039, #10806 ) ;
#8735 = EDGE_CURVE ( 'NONE', #1485, #5681, #11126, .T. ) ;
#8736 =( BOUNDED_CURVE ( )  B_SPLINE_CURVE ( 3, ( #10393, #7069, #28, #1876 ),
 .UNSPECIFIED., .F., .F. ) 
 B_SPLINE_CURVE_WITH_KNOTS ( ( 4, 4 ),
 ( 5.934119456780715396, 6.283185307179586232 ),
 .UNSPECIFIED. ) 
 CURVE ( )  GEOMETRIC_REPRESENTATION_ITEM ( )  RATIONAL_B_SPLINE_CURVE ( ( 1.000000000000000000, 0.9898718353414717175, 0.9898718353414717175, 1.000000000000000000 ) ) 
 REPRESENTATION_ITEM ( '' )  );
#8737 = AXIS2_PLACEMENT_3D ( 'NONE', #8435, #11196, #777 ) ;
#8738 = CARTESIAN_POINT ( 'NONE',  ( -1.498479930865239229, 0.1574803149606299191, 2.417645863341691737 ) ) ;
#8739 = EDGE_CURVE ( 'NONE', #7378, #1735, #10282, .T. ) ;
#8740 = ORIENTED_EDGE ( 'NONE', *, *, #8208, .T. ) ;
#8741 = DIRECTION ( 'NONE',  ( 0.000000000000000000, 0.000000000000000000, 1.000000000000000000 ) ) ;
#8742 = CARTESIAN_POINT ( 'NONE',  ( -0.06730118844126416200, -3.414809992080329023E-17, 1.705984133059284424 ) ) ;
#8743 = FACE_BOUND ( 'NONE', #10677, .T. ) ;
#8744 = ORIENTED_EDGE ( 'NONE', *, *, #871, .F. ) ;
#8745 =( GEOMETRIC_REPRESENTATION_CONTEXT ( 3 ) GLOBAL_UNCERTAINTY_ASSIGNED_CONTEXT ( ( #3678 ) ) GLOBAL_UNIT_ASSIGNED_CONTEXT ( ( #2313, #3072, #7460 ) ) REPRESENTATION_CONTEXT ( 'NONE', 'WORKASPACE' ) );
#8746 = DIRECTION ( 'NONE',  ( 0.000000000000000000, -1.000000000000000000, 0.000000000000000000 ) ) ;
#8747 = ORIENTED_EDGE ( 'NONE', *, *, #5587, .T. ) ;
#8748 = DIRECTION ( 'NONE',  ( 0.000000000000000000, -0.000000000000000000, -1.000000000000000000 ) ) ;
#8749 = EDGE_CURVE ( 'NONE', #7891, #6306, #9474, .T. ) ;
#8750 = DIRECTION ( 'NONE',  ( -0.3420201433256694346, 0.9396926207859080948, 0.000000000000000000 ) ) ;
#8751 = AXIS2_PLACEMENT_3D ( 'NONE', #10081, #2240, #5729 ) ;
#8752 = VECTOR ( 'NONE', #119, 39.37007874015748143 ) ;
#8753 = EDGE_LOOP ( 'NONE', ( #6824, #10720, #6594, #3054 ) ) ;
#8754 = ORIENTED_EDGE ( 'NONE', *, *, #8426, .T. ) ;
#8755 = ORIENTED_EDGE ( 'NONE', *, *, #5632, .F. ) ;
#8756 = VERTEX_POINT ( 'NONE', #9649 ) ;
#8757 = EDGE_LOOP ( 'NONE', ( #2796, #10237, #6339, #10636 ) ) ;
#8758 = DIRECTION ( 'NONE',  ( -1.000000000000000000, 0.000000000000000000, -0.000000000000000000 ) ) ;
#8759 = CARTESIAN_POINT ( 'NONE',  ( -0.8713874896549199667, 0.1771653543307086520, 1.669614367278699829 ) ) ;
#8760 = EDGE_LOOP ( 'NONE', ( #1260, #3171, #9761, #10197 ) ) ;
#8761 = DIRECTION ( 'NONE',  ( 0.000000000000000000, -1.000000000000000000, 0.000000000000000000 ) ) ;
#8762 = CARTESIAN_POINT ( 'NONE',  ( -0.06730118844126403710, 0.000000000000000000, 3.289616727216929437 ) ) ;
#8763 = EDGE_CURVE ( 'NONE', #10978, #4478, #169, .T. ) ;
#8764 = DIRECTION ( 'NONE',  ( -1.000000000000000000, -0.000000000000000000, -0.000000000000000000 ) ) ;
#8765 = CYLINDRICAL_SURFACE ( 'NONE', #455, 0.1377952755905511861 ) ;
#8766 = ORIENTED_EDGE ( 'NONE', *, *, #125, .T. ) ;
#8767 = VECTOR ( 'NONE', #6126, 39.37007874015748143 ) ;
#8768 = CARTESIAN_POINT ( 'NONE',  ( 0.6640455812112221468, 0.1771653543307086520, 0.000000000000000000 ) ) ;
#8769 = DIRECTION ( 'NONE',  ( -0.000000000000000000, 1.000000000000000000, -0.000000000000000000 ) ) ;
#8770 = ORIENTED_EDGE ( 'NONE', *, *, #11305, .T. ) ;
#8771 = CARTESIAN_POINT ( 'NONE',  ( 1.590656840921023774, 0.5905511811023621549, 4.259611453760153488 ) ) ;
#8772 = EDGE_CURVE ( 'NONE', #10658, #1147, #131, .T. ) ;
#8773 = DIRECTION ( 'NONE',  ( 0.000000000000000000, 0.3420201433256694346, 0.9396926207859080948 ) ) ;
#8774 = VECTOR ( 'NONE', #633, 39.37007874015748143 ) ;
#8775 = CARTESIAN_POINT ( 'NONE',  ( 0.8034825222998372984, 0.1507476349739041155, 2.418833016475827602 ) ) ;
#8776 = CARTESIAN_POINT ( 'NONE',  ( -1.498479930865239451, 0.1574803149606299191, 3.185362398774762571 ) ) ;
#8777 = EDGE_LOOP ( 'NONE', ( #4181, #2357, #1647, #7996 ) ) ;
#8778 = EDGE_CURVE ( 'NONE', #10992, #6908, #10664, .T. ) ;
#8779 = DIRECTION ( 'NONE',  ( -0.000000000000000000, 1.000000000000000000, -0.000000000000000000 ) ) ;
#8780 = DIRECTION ( 'NONE',  ( 0.000000000000000000, 0.000000000000000000, -1.000000000000000000 ) ) ;
#8781 = ORIENTED_EDGE ( 'NONE', *, *, #1030, .T. ) ;
#8782 = DIRECTION ( 'NONE',  ( 2.312964634635740985E-16, -0.000000000000000000, -1.000000000000000000 ) ) ;
#8783 = VECTOR ( 'NONE', #6387, 39.37007874015748143 ) ;
#8784 =( CONVERSION_BASED_UNIT ( 'INCH', #7431 ) LENGTH_UNIT ( ) NAMED_UNIT ( #2813 ) );
#8785 = DIRECTION ( 'NONE',  ( 0.3236155771181852825, 0.8891264907159880382, 0.3236155771181852825 ) ) ;
#8786 = ORIENTED_EDGE ( 'NONE', *, *, #8879, .T. ) ;
#8787 = VERTEX_POINT ( 'NONE', #768 ) ;
#8788 = EDGE_CURVE ( 'NONE', #3134, #5427, #1875, .T. ) ;
#8789 = VECTOR ( 'NONE', #7345, 39.37007874015748854 ) ;
#8790 = CARTESIAN_POINT ( 'NONE',  ( -0.1233559935919276845, 0.1574803149606299191, 0.2748053906353094544 ) ) ;
#8791 = CARTESIAN_POINT ( 'NONE',  ( 0.6443605418411434416, 0.1690115440477737152, 3.345671532367593404 ) ) ;
#8792 = VERTEX_POINT ( 'NONE', #4321 ) ;
#8793 = DIRECTION ( 'NONE',  ( 6.938893903907229364E-16, -0.000000000000000000, -1.000000000000000000 ) ) ;
#8794 = CARTESIAN_POINT ( 'NONE',  ( 1.412077077274214387, 0.1690115440477737152, 1.042521926068380456 ) ) ;
#8795 = VERTEX_POINT ( 'NONE', #7854 ) ;
#8796 = CARTESIAN_POINT ( 'NONE',  ( 1.648742910352166247, 0.1968503937007874127, 1.020551600767184430 ) ) ;
#8797 = ORIENTED_EDGE ( 'NONE', *, *, #1980, .T. ) ;
#8798 = DIRECTION ( 'NONE',  ( 0.000000000000000000, 0.9396926207859080948, 0.3420201433256694346 ) ) ;
#8799 = CARTESIAN_POINT ( 'NONE',  ( 2.043412746432833327, 0.000000000000000000, -1.901805869074492339 ) ) ;
#8800 = VECTOR ( 'NONE', #6086, 39.37007874015748143 ) ;
#8801 = CARTESIAN_POINT ( 'NONE',  ( -0.8910725290249958963, 0.1574803149606299191, -6.183057739590741276E-16 ) ) ;
#8802 = AXIS2_PLACEMENT_3D ( 'NONE', #4521, #3906, #7382 ) ;
#8803 = ORIENTED_EDGE ( 'NONE', *, *, #5172, .F. ) ;
#8804 = ADVANCED_FACE ( 'NONE', ( #3531 ), #8657, .F. ) ;
#8805 = EDGE_CURVE ( 'NONE', #8940, #7267, #4014, .T. ) ;
#8806 = CARTESIAN_POINT ( 'NONE',  ( -2.031390403173464865, 0.4724409448818899238, 0.1326429498231453119 ) ) ;
#8807 = VECTOR ( 'NONE', #8830, 39.37007874015748143 ) ;
#8808 = EDGE_LOOP ( 'NONE', ( #10560, #2049, #11208, #3311 ) ) ;
#8809 = CARTESIAN_POINT ( 'NONE',  ( 0.000000000000000000, 0.1574803149606299191, 3.205047438144841276 ) ) ;
#8810 = EDGE_LOOP ( 'NONE', ( #3851, #762, #8876, #7915 ) ) ;
#8811 = CIRCLE ( 'NONE', #1890, 0.1377952755905511861 ) ;
#8812 = ORIENTED_EDGE ( 'NONE', *, *, #3012, .T. ) ;
#8813 = CARTESIAN_POINT ( 'NONE',  ( 0.6359324314722039073, 0.1771653543307086520, 3.176934288405823370 ) ) ;
#8814 = ORIENTED_EDGE ( 'NONE', *, *, #6268, .F. ) ;
#8815 = ORIENTED_EDGE ( 'NONE', *, *, #148, .T. ) ;
#8816 = ORIENTED_EDGE ( 'NONE', *, *, #3978, .T. ) ;
#8817 = ADVANCED_FACE ( 'NONE', ( #1003 ), #7912, .F. ) ;
#8818 = VERTEX_POINT ( 'NONE', #4494 ) ;
#8819 = AXIS2_PLACEMENT_3D ( 'NONE', #2260, #9400, #11053 ) ;
#8820 = CARTESIAN_POINT ( 'NONE',  ( 0.000000000000000000, 0.1574803149606299191, 3.325986492997513810 ) ) ;
#8821 = CARTESIAN_POINT ( 'NONE',  ( -0.1936307821617741787, 0.3470877061559770604, 3.115087610204915869 ) ) ;
#8822 = VERTEX_POINT ( 'NONE', #4263 ) ;
#8823 = LINE ( 'NONE', #6941, #7134 ) ;
#8824 = LINE ( 'NONE', #4483, #3769 ) ;
#8825 =( BOUNDED_CURVE ( )  B_SPLINE_CURVE ( 3, ( #8729, #11202, #2745, #7870 ),
 .UNSPECIFIED., .F., .F. ) 
 B_SPLINE_CURVE_WITH_KNOTS ( ( 4, 4 ),
 ( 3.141592653589793116, 4.712388980384689674 ),
 .UNSPECIFIED. ) 
 CURVE ( )  GEOMETRIC_REPRESENTATION_ITEM ( )  RATIONAL_B_SPLINE_CURVE ( ( 1.000000000000000000, 0.8047378541243649375, 0.8047378541243649375, 1.000000000000000000 ) ) 
 REPRESENTATION_ITEM ( '' )  );
#8826 = CYLINDRICAL_SURFACE ( 'NONE', #6667, 0.01968503937007875723 ) ;
#8827 = CARTESIAN_POINT ( 'NONE',  ( 0.03655337338743770703, 0.1529109616598305355, 3.185762165388227984 ) ) ;
#8828 = VECTOR ( 'NONE', #9519, 39.37007874015748143 ) ;
#8829 = VERTEX_POINT ( 'NONE', #5232 ) ;
#8830 = DIRECTION ( 'NONE',  ( 2.312964634635740985E-16, -0.000000000000000000, -1.000000000000000000 ) ) ;
#8831 = DIRECTION ( 'NONE',  ( 1.000000000000000000, -0.000000000000000000, 0.000000000000000000 ) ) ;
#8832 = AXIS2_PLACEMENT_3D ( 'NONE', #4285, #2297, #9388 ) ;
#8833 = ADVANCED_FACE ( 'NONE', ( #87 ), #2610, .T. ) ;
#8834 = VERTEX_POINT ( 'NONE', #8716 ) ;
#8835 = CARTESIAN_POINT ( 'NONE',  ( 0.7849846360638944587, 0.1574803149606299191, 0.000000000000000000 ) ) ;
#8836 = DIRECTION ( 'NONE',  ( 0.000000000000000000, 0.000000000000000000, 1.000000000000000000 ) ) ;
#8837 = CARTESIAN_POINT ( 'NONE',  ( -1.549106938606536144, -0.2952755905511810774, 4.013548461634169229 ) ) ;
#8838 = CARTESIAN_POINT ( 'NONE',  ( -1.506633741148173833, 0.1771653543307086520, 3.961232744490768454 ) ) ;
#8839 = ORIENTED_EDGE ( 'NONE', *, *, #7016, .T. ) ;
#8840 = CARTESIAN_POINT ( 'NONE',  ( 1.412077077274214387, 0.1574803149606299191, 2.577954996934521681 ) ) ;
#8841 = VECTOR ( 'NONE', #7981, 39.37007874015748143 ) ;
#8842 = EDGE_CURVE ( 'NONE', #2686, #307, #7068, .T. ) ;
#8843 = ORIENTED_EDGE ( 'NONE', *, *, #9436, .T. ) ;
#8844 = CARTESIAN_POINT ( 'NONE',  ( 1.697423192914377932, 0.1968503937007873017, -0.1429476013579565885 ) ) ;
#8845 = ORIENTED_EDGE ( 'NONE', *, *, #8805, .F. ) ;
#8846 = CARTESIAN_POINT ( 'NONE',  ( -2.248894884923425153, 0.1771653543307086520, 0.3645887790943980744 ) ) ;
#8847 = EDGE_CURVE ( 'NONE', #120, #2918, #879, .T. ) ;
#8848 = CARTESIAN_POINT ( 'NONE',  ( -0.7223352850632294153, 0.1771653543307086520, 1.818666571870390269 ) ) ;
#8849 = ORIENTED_EDGE ( 'NONE', *, *, #1583, .T. ) ;
#8850 = VERTEX_POINT ( 'NONE', #6841 ) ;
#8851 = VECTOR ( 'NONE', #5443, 39.37007874015748143 ) ;
#8852 = CARTESIAN_POINT ( 'NONE',  ( -1.677059694512046839, 0.000000000000000000, 4.259611453760153488 ) ) ;
#8853 = DIRECTION ( 'NONE',  ( 1.000000000000000000, 0.000000000000000000, 0.000000000000000000 ) ) ;
#8854 = ORIENTED_EDGE ( 'NONE', *, *, #7308, .F. ) ;
#8855 = LINE ( 'NONE', #4513, #4027 ) ;
#8856 = LINE ( 'NONE', #289, #3954 ) ;
#8857 = EDGE_LOOP ( 'NONE', ( #6637, #5033, #4147, #9281 ) ) ;
#8858 = CARTESIAN_POINT ( 'NONE',  ( -1.498479930865237897, 0.1574803149606299191, -6.931862171605416347E-16 ) ) ;
#8859 = ORIENTED_EDGE ( 'NONE', *, *, #4734, .F. ) ;
#8860 = CYLINDRICAL_SURFACE ( 'NONE', #7968, 0.09448818897637797920 ) ;
#8861 = VECTOR ( 'NONE', #10648, 39.37007874015748854 ) ;
#8862 = EDGE_CURVE ( 'NONE', #2366, #2700, #7636, .T. ) ;
#8863 = VECTOR ( 'NONE', #6862, 39.37007874015748143 ) ;
#8864 = CARTESIAN_POINT ( 'NONE',  ( -0.7389172057151033313, 0.1771653543307086520, 3.961232744490768454 ) ) ;
#8865 = CARTESIAN_POINT ( 'NONE',  ( -0.04320142679551295523, 0.000000000000000000, -5.914066034202481280E-19 ) ) ;
#8866 = DIRECTION ( 'NONE',  ( 0.000000000000000000, 0.000000000000000000, 1.000000000000000000 ) ) ;
#8867 = ADVANCED_FACE ( 'NONE', ( #7743 ), #4379, .T. ) ;
#8868 = CYLINDRICAL_SURFACE ( 'NONE', #1257, 0.01968503937007875723 ) ;
#8869 = VERTEX_POINT ( 'NONE', #6385 ) ;
#8870 = ADVANCED_FACE ( 'NONE', ( #5472 ), #4613, .T. ) ;
#8871 = DIRECTION ( 'NONE',  ( 0.000000000000000000, -1.000000000000000000, 0.000000000000000000 ) ) ;
#8872 = EDGE_LOOP ( 'NONE', ( #3894, #704, #983, #817 ) ) ;
#8873 = VECTOR ( 'NONE', #1232, 39.37007874015748143 ) ;
#8874 = EDGE_LOOP ( 'NONE', ( #2010, #10716, #244, #3613, #10667, #8591, #4816, #4361 ) ) ;
#8875 = CARTESIAN_POINT ( 'NONE',  ( 2.043412746432834215, 0.000000000000000000, 0.2952514739630046625 ) ) ;
#8876 = ORIENTED_EDGE ( 'NONE', *, *, #9110, .T. ) ;
#8877 = ORIENTED_EDGE ( 'NONE', *, *, #6469, .F. ) ;
#8878 = CARTESIAN_POINT ( 'NONE',  ( -0.7504484348022472107, 0.1574803149606299191, 0.000000000000000000 ) ) ;
#8879 = EDGE_CURVE ( 'NONE', #3690, #10068, #9136, .T. ) ;
#8880 = ORIENTED_EDGE ( 'NONE', *, *, #6497, .F. ) ;
#8881 = VERTEX_POINT ( 'NONE', #2855 ) ;
#8882 = ORIENTED_EDGE ( 'NONE', *, *, #9607, .T. ) ;
#8883 = ORIENTED_EDGE ( 'NONE', *, *, #387, .T. ) ;
#8884 = LINE ( 'NONE', #7235, #8558 ) ;
#8885 = ORIENTED_EDGE ( 'NONE', *, *, #9233, .T. ) ;
#8886 = CARTESIAN_POINT ( 'NONE',  ( 0.7004153469918068531, 0.000000000000000000, 3.241417203925426094 ) ) ;
#8887 = DIRECTION ( 'NONE',  ( -1.734723475976807094E-16, 0.000000000000000000, -1.000000000000000000 ) ) ;
#8888 = VECTOR ( 'NONE', #6987, 39.37007874015748143 ) ;
#8889 = CARTESIAN_POINT ( 'NONE',  ( -1.554534736015902974, 0.000000000000000000, 0.8737846821066108660 ) ) ;
#8890 = EDGE_CURVE ( 'NONE', #10569, #6194, #6327, .T. ) ;
#8891 = CARTESIAN_POINT ( 'NONE',  ( 0.000000000000000000, 0.000000000000000000, 0.000000000000000000 ) ) ;
#8892 = ADVANCED_FACE ( 'NONE', ( #9769 ), #1931, .F. ) ;
#8893 = ORIENTED_EDGE ( 'NONE', *, *, #9176, .T. ) ;
#8894 = EDGE_LOOP ( 'NONE', ( #4550, #3324, #9326, #7401 ) ) ;
#8895 = ORIENTED_EDGE ( 'NONE', *, *, #9764, .F. ) ;
#8896 = CARTESIAN_POINT ( 'NONE',  ( -1.814854970102598664, 0.000000000000000000, 1.147199780013996362 ) ) ;
#8897 = DIRECTION ( 'NONE',  ( -0.000000000000000000, 1.000000000000000000, -0.000000000000000000 ) ) ;
#8898 = ORIENTED_EDGE ( 'NONE', *, *, #5122, .T. ) ;
#8899 = FACE_OUTER_BOUND ( 'NONE', #4754, .T. ) ;
#8900 =( BOUNDED_CURVE ( )  B_SPLINE_CURVE ( 3, ( #10046, #1236, #5692, #5942 ),
 .UNSPECIFIED., .F., .F. ) 
 B_SPLINE_CURVE_WITH_KNOTS ( ( 4, 4 ),
 ( 3.141592653589793116, 3.490658503988664840 ),
 .UNSPECIFIED. ) 
 CURVE ( )  GEOMETRIC_REPRESENTATION_ITEM ( )  RATIONAL_B_SPLINE_CURVE ( ( 1.000000000000000000, 0.9898718353414717175, 0.9898718353414717175, 1.000000000000000000 ) ) 
 REPRESENTATION_ITEM ( '' )  );
#8901 = DIRECTION ( 'NONE',  ( -0.000000000000000000, -0.000000000000000000, -1.000000000000000000 ) ) ;
#8902 = CARTESIAN_POINT ( 'NONE',  ( 1.925302510212361318, 0.1968503937007874127, -0.3004279163185862855 ) ) ;
#8903 = DIRECTION ( 'NONE',  ( 0.000000000000000000, 0.000000000000000000, 1.000000000000000000 ) ) ;
#8904 = ORIENTED_EDGE ( 'NONE', *, *, #1928, .T. ) ;
#8905 = CARTESIAN_POINT ( 'NONE',  ( -0.8910725290249982278, 0.1574803149606299191, -2.061019246530253337E-16 ) ) ;
#8906 = ORIENTED_EDGE ( 'NONE', *, *, #4137, .T. ) ;
#8907 = CARTESIAN_POINT ( 'NONE',  ( 1.431762116644293092, 0.1771653543307086520, 0.2551203512652306937 ) ) ;
#8908 = ORIENTED_EDGE ( 'NONE', *, *, #6253, .F. ) ;
#8909 = LINE ( 'NONE', #7806, #358 ) ;
#8910 = CARTESIAN_POINT ( 'NONE',  ( 1.630026919661181184, 0.5905511811023621549, 1.432522845093851605E-16 ) ) ;
#8911 = DIRECTION ( 'NONE',  ( 0.000000000000000000, -0.000000000000000000, -1.000000000000000000 ) ) ;
#8912 = ORIENTED_EDGE ( 'NONE', *, *, #3301, .T. ) ;
#8913 = ORIENTED_EDGE ( 'NONE', *, *, #955, .F. ) ;
#8914 = CARTESIAN_POINT ( 'NONE',  ( 1.925302510212361318, -0.2952755905511810774, -1.783695632854019442 ) ) ;
#8915 = CYLINDRICAL_SURFACE ( 'NONE', #2733, 0.01968503937007875723 ) ;
#8916 = LINE ( 'NONE', #7211, #99 ) ;
#8917 = VERTEX_POINT ( 'NONE', #5413 ) ;
#8918 = DIRECTION ( 'NONE',  ( 1.000000000000000000, -0.000000000000000000, 4.625929269271482956E-16 ) ) ;
#8919 = ADVANCED_FACE ( 'NONE', ( #7300 ), #9830, .F. ) ;
#8920 = CARTESIAN_POINT ( 'NONE',  ( -2.169185678764016245, 0.1968503937007874127, 0.2379405998475850048 ) ) ;
#8921 = VECTOR ( 'NONE', #3944, 39.37007874015748143 ) ;
#8922 = CARTESIAN_POINT ( 'NONE',  ( -0.04320142679551295523, 0.1968503937007874127, -5.914066034202481280E-19 ) ) ;
#8923 = CARTESIAN_POINT ( 'NONE',  ( 1.648742910352166247, 0.5905511811023621549, 1.020551600767184430 ) ) ;
#8924 = DIRECTION ( 'NONE',  ( 0.000000000000000000, 0.000000000000000000, 1.000000000000000000 ) ) ;
#8925 = ORIENTED_EDGE ( 'NONE', *, *, #6958, .F. ) ;
#8926 = FACE_OUTER_BOUND ( 'NONE', #6027, .T. ) ;
#8927 = CARTESIAN_POINT ( 'NONE',  ( -1.518164970235317712, 0.1771653543307086520, -7.022923771394230051E-16 ) ) ;
#8928 = VERTEX_POINT ( 'NONE', #5530 ) ;
#8929 = VECTOR ( 'NONE', #1487, 39.37007874015748143 ) ;
#8930 = EDGE_CURVE ( 'NONE', #3433, #10096, #9874, .T. ) ;
#8931 = AXIS2_PLACEMENT_3D ( 'NONE', #7754, #3312, #4057 ) ;
#8932 = EDGE_LOOP ( 'NONE', ( #10662, #8603 ) ) ;
#8933 = CARTESIAN_POINT ( 'NONE',  ( -1.992020324433308343, 0.1968503937007874127, -1.764010593483940736 ) ) ;
#8934 = ORIENTED_EDGE ( 'NONE', *, *, #4406, .F. ) ;
#8935 = EDGE_CURVE ( 'NONE', #10109, #6919, #4552, .T. ) ;
#8936 = EDGE_CURVE ( 'NONE', #5730, #7617, #1241, .T. ) ;
#8937 = ORIENTED_EDGE ( 'NONE', *, *, #2628, .T. ) ;
#8938 = CARTESIAN_POINT ( 'NONE',  ( -0.7389172057151036643, 0.1771653543307086520, 1.802084651218515798 ) ) ;
#8939 = ORIENTED_EDGE ( 'NONE', *, *, #8400, .F. ) ;
#8940 = VERTEX_POINT ( 'NONE', #9888 ) ;
#8941 = STYLED_ITEM ( 'NONE', ( #4934 ), #9009 ) ;
#8942 = VECTOR ( 'NONE', #8642, 39.37007874015748143 ) ;
#8943 = ORIENTED_EDGE ( 'NONE', *, *, #3510, .T. ) ;
#8944 = VERTEX_POINT ( 'NONE', #3707 ) ;
#8945 = DIRECTION ( 'NONE',  ( -4.625929269271465206E-16, 0.000000000000000000, -1.000000000000000000 ) ) ;
#8946 = ADVANCED_FACE ( 'NONE', ( #8212 ), #1187, .T. ) ;
#8947 = ORIENTED_EDGE ( 'NONE', *, *, #10735, .F. ) ;
#8948 = VECTOR ( 'NONE', #6804, 39.37007874015748143 ) ;
#8949 = DIRECTION ( 'NONE',  ( 0.000000000000000000, 0.000000000000000000, 1.000000000000000000 ) ) ;
#8950 = LINE ( 'NONE', #2966, #4124 ) ;
#8951 = CARTESIAN_POINT ( 'NONE',  ( 0.03695314000090244022, 0.1574803149606299191, 1.649929327908620902 ) ) ;
#8952 = CARTESIAN_POINT ( 'NONE',  ( -1.498479930865239229, 0.1551781507868630061, 1.649929327908621346 ) ) ;
#8953 = ORIENTED_EDGE ( 'NONE', *, *, #4853, .F. ) ;
#8954 = LINE ( 'NONE', #8768, #4971 ) ;
#8955 = DIRECTION ( 'NONE',  ( -1.000000000000000000, 0.000000000000000000, 4.625929269271484928E-16 ) ) ;
#8956 = VECTOR ( 'NONE', #6914, 39.37007874015748143 ) ;
#8957 = VERTEX_POINT ( 'NONE', #2973 ) ;
#8958 = PLANE ( 'NONE',  #2536 ) ;
#8959 = VERTEX_POINT ( 'NONE', #7130 ) ;
#8960 = EDGE_CURVE ( 'NONE', #5735, #2808, #3102, .T. ) ;
#8961 = ADVANCED_FACE ( 'NONE', ( #4670 ), #10792, .F. ) ;
#8962 = DIRECTION ( 'NONE',  ( 4.625929269271465206E-16, 0.000000000000000000, -1.000000000000000000 ) ) ;
#8963 = CARTESIAN_POINT ( 'NONE',  ( 0.8130977858029123650, 0.1771653543307086520, 1.818666571870390269 ) ) ;
#8964 = CARTESIAN_POINT ( 'NONE',  ( -0.1233559935919276984, 0.1690115440477737152, 1.810238461501450846 ) ) ;
#8965 = ORIENTED_EDGE ( 'NONE', *, *, #9294, .F. ) ;
#8966 = CARTESIAN_POINT ( 'NONE',  ( 0.000000000000000000, 0.1574803149606299191, 0.8822127924755501782 ) ) ;
#8967 = VERTEX_POINT ( 'NONE', #8095 ) ;
#8968 = CARTESIAN_POINT ( 'NONE',  ( -0.1221688404577919856, 0.1507476349739040600, 2.576767843800386260 ) ) ;
#8969 = ORIENTED_EDGE ( 'NONE', *, *, #6443, .T. ) ;
#8970 = CARTESIAN_POINT ( 'NONE',  ( 0.04538125036984175936, 0.000000000000000000, 0.9864671209177166000 ) ) ;
#8971 = DIRECTION ( 'NONE',  ( 0.000000000000000000, 1.000000000000000000, -0.000000000000000000 ) ) ;
#8972 = CARTESIAN_POINT ( 'NONE',  ( 1.925302510212361318, 0.000000000000000000, -1.783695632854019442 ) ) ;
#8973 = LINE ( 'NONE', #5604, #11298 ) ;
#8974 = VECTOR ( 'NONE', #4530, 39.37007874015748143 ) ;
#8975 = DIRECTION ( 'NONE',  ( 1.000000000000000000, -0.000000000000000000, -4.625929269271483942E-16 ) ) ;
#8976 = ORIENTED_EDGE ( 'NONE', *, *, #6120, .T. ) ;
#8977 = DIRECTION ( 'NONE',  ( 2.312964634635742957E-16, -0.000000000000000000, -1.000000000000000000 ) ) ;
#8978 = VERTEX_POINT ( 'NONE', #2150 ) ;
#8979 = CYLINDRICAL_SURFACE ( 'NONE', #314, 0.01968503937007875723 ) ;
#8980 = CARTESIAN_POINT ( 'NONE',  ( -0.7223352850632294153, 0.1507476349739040877, 1.809051308367315425 ) ) ;
#8981 = CARTESIAN_POINT ( 'NONE',  ( 1.412476843887678690, 0.1529109616598306187, 3.345271765754127991 ) ) ;
#8982 = LINE ( 'NONE', #115, #10324 ) ;
#8983 = DIRECTION ( 'NONE',  ( -0.3420201433256694346, 0.9396926207859080948, 0.000000000000000000 ) ) ;
#8984 = VERTEX_POINT ( 'NONE', #1063 ) ;
#8985 = AXIS2_PLACEMENT_3D ( 'NONE', #4859, #3150, #456 ) ;
#8986 = EDGE_CURVE ( 'NONE', #9841, #2435, #3882, .T. ) ;
#8987 = VECTOR ( 'NONE', #6351, 39.37007874015748143 ) ;
#8988 = DIRECTION ( 'NONE',  ( -1.000000000000000000, 0.000000000000000000, -0.000000000000000000 ) ) ;
#8989 = CARTESIAN_POINT ( 'NONE',  ( 0.5740857532712967393, 0.3470877061559770604, 2.648229785504368383 ) ) ;
#8990 = VERTEX_POINT ( 'NONE', #10847 ) ;
#8991 = ORIENTED_EDGE ( 'NONE', *, *, #8312, .T. ) ;
#8992 = FACE_OUTER_BOUND ( 'NONE', #9887, .T. ) ;
#8993 = CARTESIAN_POINT ( 'NONE',  ( -0.08257150553567034479, 2.287311901041906737, -0.2610578375784295968 ) ) ;
#8994 = AXIS2_PLACEMENT_3D ( 'NONE', #5922, #776, #10342 ) ;
#8995 = ORIENTED_EDGE ( 'NONE', *, *, #7272, .F. ) ;
#8996 = FACE_OUTER_BOUND ( 'NONE', #6741, .T. ) ;
#8997 = VECTOR ( 'NONE', #973, 39.37007874015748143 ) ;
#8998 = ORIENTED_EDGE ( 'NONE', *, *, #4432, .T. ) ;
#8999 = EDGE_LOOP ( 'NONE', ( #5374, #1540, #9628, #4567, #1905 ) ) ;
#9000 = EDGE_CURVE ( 'NONE', #9301, #1871, #3646, .T. ) ;
#9001 = ORIENTED_EDGE ( 'NONE', *, *, #6926, .T. ) ;
#9002 = AXIS2_PLACEMENT_3D ( 'NONE', #7771, #908, #9507 ) ;
#9003 = EDGE_CURVE ( 'NONE', #3397, #2436, #4556, .T. ) ;
#9004 = CARTESIAN_POINT ( 'NONE',  ( 0.03695314000090289125, 0.1551781507868630616, 3.345671532367592071 ) ) ;
#9005 = EDGE_CURVE ( 'NONE', #9283, #10415, #5896, .T. ) ;
#9006 = VERTEX_POINT ( 'NONE', #2424 ) ;
#9007 = DIRECTION ( 'NONE',  ( 0.000000000000000000, 0.3420201433256694346, -0.9396926207859080948 ) ) ;
#9008 = CARTESIAN_POINT ( 'NONE',  ( 0.6443605418411432195, 0.1690115440477737152, 0.8822127924755500672 ) ) ;
#9009 = MANIFOLD_SOLID_BREP ( 'Fillet3', #9026 ) ;
#9010 = LINE ( 'NONE', #7239, #813 ) ;
#9011 = FACE_OUTER_BOUND ( 'NONE', #8341, .T. ) ;
#9012 = EDGE_CURVE ( 'NONE', #10195, #11148, #6605, .T. ) ;
#9013 = ORIENTED_EDGE ( 'NONE', *, *, #4581, .F. ) ;
#9014 = LINE ( 'NONE', #1982, #38 ) ;
#9015 = AXIS2_PLACEMENT_3D ( 'NONE', #3243, #10621, #11288 ) ;
#9016 = CYLINDRICAL_SURFACE ( 'NONE', #5548, 0.01968503937007875723 ) ;
#9017 = VERTEX_POINT ( 'NONE', #6656 ) ;
#9018 = EDGE_CURVE ( 'NONE', #4478, #5062, #8313, .T. ) ;
#9019 = DIRECTION ( 'NONE',  ( 1.000000000000000000, -0.000000000000000000, 0.000000000000000000 ) ) ;
#9020 = CARTESIAN_POINT ( 'NONE',  ( 1.925302510212361318, 0.000000000000000000, -1.311254687972129407 ) ) ;
#9021 = CARTESIAN_POINT ( 'NONE',  ( 0.6443605418411433305, 0.1574803149606299191, 2.417645863341692181 ) ) ;
#9022 = ORIENTED_EDGE ( 'NONE', *, *, #5507, .F. ) ;
#9023 = CARTESIAN_POINT ( 'NONE',  ( -0.8910725290249986719, 0.1574803149606299191, 1.649929327908620902 ) ) ;
#9024 = EDGE_CURVE ( 'NONE', #8787, #4536, #3213, .T. ) ;
#9025 = CARTESIAN_POINT ( 'NONE',  ( -0.8713874896549197446, 0.1771653543307086520, 2.437330902711770442 ) ) ;
#9026 = CLOSED_SHELL ( 'NONE', ( #10469, #5474, #9426, #11183, #1141, #8385, #1879, #6679, #1938, #4943, #1481, #3127, #8444, #10914, #6363, #3787, #2590, #8370, #7575, #10711, #6349, #6354, #24, #10627, #10290, #2515, #5350, #7420, #7002, #9939, #6847, #8583, #2140, #873, #6821, #8712, #10950, #4229, #5997, #3274, #2898, #8084, #9337, #1671, #7522, #5956, #7907, #6431, #2086, #3934, #10846, #5743, #5639, #7190, #8325, #9508, #6884, #7593, #7236, #5493, #10830, #1390, #6266, #9389, #7177, #2965, #3827, #3419, #5708, #4704, #3413, #3627, #2694, #4178, #8870, #8833, #1509, #3090, #9957, #3730, #6909, #3601, #1902, #5644, #880, #3107, #8530, #5683, #2345, #10712, #546, #4879, #2810, #3003, #6557, #9570, #11159, #8020, #8003, #974, #6795, #10788, #10967, #4930, #940, #4000, #5596, #1450, #472, #9504, #6604, #4620, #9729, #7727, #1102, #5134, #8515, #3948, #689, #201, #4020, #5582, #8817, #10334, #3456, #7919, #1112, #10407, #4378, #10476, #4129, #8585, #655, #2639, #3686, #580, #1834, #2940, #3059, #4485, #4839, #370, #9449, #4885, #10198, #5040, #5298, #1024, #8153, #530, #2151, #10251, #8961, #2709, #2307, #4555, #8183, #6054, #10685, #5904, #8804, #2795, #2939, #4751, #9308, #8687, #4164, #1447, #9344, #1726, #2094, #459, #5421, #5914, #7344, #9135, #2179, #11094, #8892, #4261, #2447, #6125, #3070, #6374, #2886, #4237, #8919, #422, #6813, #6582, #2220, #4274, #6148, #6820, #9656, #6703, #2379, #3438, #1423, #4840, #9622, #3199, #10092, #1517, #839, #7399, #7264, #3920, #10191, #7136, #10051, #3865, #5459, #5786, #9702, #7080, #4138, #4459, #10955, #2167, #260, #808, #9062, #246, #7674, #7155, #6612, #9276, #3034, #11018, #8628, #1322, #9284, #6071, #6989, #10749, #2359, #4672, #3732, #178, #2753, #8118, #7941, #8867, #11232, #5577, #8090, #4875, #4790, #7501, #10601, #833, #7067, #7827, #4446, #5985, #766, #4342, #416, #6627, #8946, #10474, #4593, #664, #4599, #10387, #885, #8498, #6616, #9778, #10292, #767, #1468, #3448, #10362, #2617, #8338, #3561, #2738, #4923, #7208, #4472, #3987, #3481, #2489, #9491, #3918, #5968, #745, #4354, #9184, #5774, #10669, #5781, #464, #11003 ) ) ;
#9027 = ORIENTED_EDGE ( 'NONE', *, *, #3969, .F. ) ;
#9028 = CYLINDRICAL_SURFACE ( 'NONE', #5991, 0.01968503937007875723 ) ;
#9029 = FACE_BOUND ( 'NONE', #592, .T. ) ;
#9030 = CARTESIAN_POINT ( 'NONE',  ( -0.06730118844126403710, 0.000000000000000000, 2.521900191783858158 ) ) ;
#9031 = CARTESIAN_POINT ( 'NONE',  ( 0.7849846360638944587, 0.1771653543307086520, 0.000000000000000000 ) ) ;
#9032 = ORIENTED_EDGE ( 'NONE', *, *, #6410, .F. ) ;
#9033 = DIRECTION ( 'NONE',  ( -0.000000000000000000, -1.000000000000000000, 0.000000000000000000 ) ) ;
#9034 = FACE_OUTER_BOUND ( 'NONE', #85, .T. ) ;
#9035 = VERTEX_POINT ( 'NONE', #3232 ) ;
#9036 = LINE ( 'NONE', #6405, #8566 ) ;
#9037 = AXIS2_PLACEMENT_3D ( 'NONE', #6330, #3028, #2104 ) ;
#9038 = DIRECTION ( 'NONE',  ( 1.000000000000000000, 0.000000000000000000, 4.625929269271484928E-16 ) ) ;
#9039 = VERTEX_POINT ( 'NONE', #6550 ) ;
#9040 = ORIENTED_EDGE ( 'NONE', *, *, #3469, .T. ) ;
#9041 = CARTESIAN_POINT ( 'NONE',  ( -0.7319505485663041489, 0.1507476349739041155, 0.8737846821066108660 ) ) ;
#9042 = DIRECTION ( 'NONE',  ( -0.9396926207859080948, 0.3420201433256694346, -7.471323060114311593E-16 ) ) ;
#9043 = VERTEX_POINT ( 'NONE', #11055 ) ;
#9044 = EDGE_CURVE ( 'NONE', #1567, #2154, #7824, .T. ) ;
#9045 = DIRECTION ( 'NONE',  ( -1.000000000000000000, 0.000000000000000000, -2.312964634635747887E-16 ) ) ;
#9046 = CARTESIAN_POINT ( 'NONE',  ( -1.554534736015903196, 0.000000000000000000, 1.641501217539681701 ) ) ;
#9047 = CIRCLE ( 'NONE', #3562, 0.1377952755905512972 ) ;
#9048 = CARTESIAN_POINT ( 'NONE',  ( -0.8898853758908628064, 0.1507476349739040877, 1.651116481042756545 ) ) ;
#9049 = ORIENTED_EDGE ( 'NONE', *, *, #1914, .F. ) ;
#9050 = VERTEX_POINT ( 'NONE', #5846 ) ;
#9051 = PRODUCT_DEFINITION_CONTEXT ( 'detailed design', #9341, 'design' ) ;
#9052 = CARTESIAN_POINT ( 'NONE',  ( 1.697423192914377932, 0.1968503937007873017, -0.2610578375784290417 ) ) ;
#9053 = LINE ( 'NONE', #8927, #3939 ) ;
#9054 = ORIENTED_EDGE ( 'NONE', *, *, #6285, .F. ) ;
#9055 = FACE_OUTER_BOUND ( 'NONE', #4026, .T. ) ;
#9056 = VERTEX_POINT ( 'NONE', #9351 ) ;
#9057 = LINE ( 'NONE', #1906, #6228 ) ;
#9059 = LINE ( 'NONE', #3862, #1534 ) ;
#9058 = VECTOR ( 'NONE', #4977, 39.37007874015748143 ) ;
#9060 = ORIENTED_EDGE ( 'NONE', *, *, #5292, .F. ) ;
#9061 = DIRECTION ( 'NONE',  ( 0.9396926207859080948, 0.3420201433256694346, 0.000000000000000000 ) ) ;
#9062 = ADVANCED_FACE ( 'NONE', ( #1508 ), #11109, .T. ) ;
#9063 = ORIENTED_EDGE ( 'NONE', *, *, #2365, .F. ) ;
#9064 = ORIENTED_EDGE ( 'NONE', *, *, #3372, .T. ) ;
#9065 =( BOUNDED_CURVE ( )  B_SPLINE_CURVE ( 3, ( #11257, #840, #5307, #2571 ),
 .UNSPECIFIED., .F., .F. ) 
 B_SPLINE_CURVE_WITH_KNOTS ( ( 4, 4 ),
 ( 3.141592653589793116, 3.490658503988662176 ),
 .UNSPECIFIED. ) 
 CURVE ( )  GEOMETRIC_REPRESENTATION_ITEM ( )  RATIONAL_B_SPLINE_CURVE ( ( 1.000000000000000000, 0.9898718353414717175, 0.9898718353414717175, 1.000000000000000000 ) ) 
 REPRESENTATION_ITEM ( '' )  );
#9066 = VECTOR ( 'NONE', #7948, 39.37007874015748143 ) ;
#9067 = AXIS2_PLACEMENT_3D ( 'NONE', #1719, #1775, #4283 ) ;
#9068 = DIRECTION ( 'NONE',  ( -0.000000000000000000, -0.000000000000000000, 1.000000000000000000 ) ) ;
#9069 = EDGE_LOOP ( 'NONE', ( #130, #5146, #11286, #1103 ) ) ;
#9070 = EDGE_CURVE ( 'NONE', #409, #7145, #8462, .T. ) ;
#9071 = DIRECTION ( 'NONE',  ( -1.000000000000000000, -0.000000000000000000, -0.000000000000000000 ) ) ;
#9072 = CARTESIAN_POINT ( 'NONE',  ( -0.01910166514976123844, 0.000000000000000000, 1.705984133059284646 ) ) ;
#9073 = DIRECTION ( 'NONE',  ( 0.000000000000000000, 1.000000000000000000, -0.000000000000000000 ) ) ;
#9074 = CIRCLE ( 'NONE', #4866, 0.1377952755905512972 ) ;
#9075 = EDGE_CURVE ( 'NONE', #224, #10556, #10266, .T. ) ;
#9076 = DIRECTION ( 'NONE',  ( 0.000000000000000000, -0.9396926207859080948, 0.3420201433256694346 ) ) ;
#9077 = DIRECTION ( 'NONE',  ( -7.950815931560366507E-16, 0.000000000000000000, 1.000000000000000000 ) ) ;
#9078 = VERTEX_POINT ( 'NONE', #5697 ) ;
#9079 = AXIS2_PLACEMENT_3D ( 'NONE', #6641, #10139, #11318 ) ;
#9080 = DIRECTION ( 'NONE',  ( -4.625929269271485914E-16, 0.000000000000000000, 1.000000000000000000 ) ) ;
#9081 = EDGE_CURVE ( 'NONE', #6158, #2841, #5556, .T. ) ;
#9082 = CARTESIAN_POINT ( 'NONE',  ( -1.490051820496299806, 0.1771653543307086520, 3.354099642736532161 ) ) ;
#9083 = DIRECTION ( 'NONE',  ( 0.000000000000000000, 0.000000000000000000, 1.000000000000000000 ) ) ;
#9084 = ORIENTED_EDGE ( 'NONE', *, *, #615, .F. ) ;
#9085 = LINE ( 'NONE', #8905, #8296 ) ;
#9086 = EDGE_CURVE ( 'NONE', #6388, #2954, #5275, .T. ) ;
#9087 = DIRECTION ( 'NONE',  ( 1.156482317317870985E-16, -0.000000000000000000, -1.000000000000000000 ) ) ;
#9088 = CARTESIAN_POINT ( 'NONE',  ( 0.01726810063082366911, 0.1771653543307086520, 0.9018978318456289944 ) ) ;
#9089 = FACE_OUTER_BOUND ( 'NONE', #660, .T. ) ;
#9090 = DIRECTION ( 'NONE',  ( 1.000000000000000000, -0.000000000000000000, -4.625929269271485914E-16 ) ) ;
#9091 = CARTESIAN_POINT ( 'NONE',  ( 1.866247392102125868, 0.000000000000000000, 1.147199780013995030 ) ) ;
#9092 = ORIENTED_EDGE ( 'NONE', *, *, #3302, .F. ) ;
#9093 = DIRECTION ( 'NONE',  ( -1.000000000000000000, 0.000000000000000000, -0.000000000000000000 ) ) ;
#9094 = CARTESIAN_POINT ( 'NONE',  ( 0.8130977858029126981, 0.000000000000000000, 2.521900191783858158 ) ) ;
#9095 = EDGE_CURVE ( 'NONE', #3567, #9725, #1819, .T. ) ;
#9096 = CARTESIAN_POINT ( 'NONE',  ( 0.6443605418411432195, 0.1574803149606299191, 3.185362398774762571 ) ) ;
#9097 = EDGE_LOOP ( 'NONE', ( #3711, #8781, #9132, #10723 ) ) ;
#9098 = ORIENTED_EDGE ( 'NONE', *, *, #8249, .T. ) ;
#9099 = LINE ( 'NONE', #8980, #5909 ) ;
#9100 = CARTESIAN_POINT ( 'NONE',  ( -0.7319505485663041489, 0.1507476349739041432, 3.176934288405823370 ) ) ;
#9101 = DIRECTION ( 'NONE',  ( 0.000000000000000000, 0.000000000000000000, 1.000000000000000000 ) ) ;
#9102 = CARTESIAN_POINT ( 'NONE',  ( 0.6455476949752787519, 0.1507476349739041988, 0.8833999456096858216 ) ) ;
#9103 = ORIENTED_EDGE ( 'NONE', *, *, #1689, .F. ) ;
#9104 = VERTEX_POINT ( 'NONE', #5957 ) ;
#9105 = CARTESIAN_POINT ( 'NONE',  ( -1.549106938606535477, 0.4724409448818898127, 4.013548461634169229 ) ) ;
#9106 = FACE_OUTER_BOUND ( 'NONE', #10857, .T. ) ;
#9107 = EDGE_LOOP ( 'NONE', ( #7960, #10337, #8038, #5515 ) ) ;
#9108 = EDGE_CURVE ( 'NONE', #8049, #805, #4198, .T. ) ;
#9109 = DIRECTION ( 'NONE',  ( 9.251858538542930412E-16, 0.000000000000000000, -1.000000000000000000 ) ) ;
#9110 = EDGE_CURVE ( 'NONE', #11190, #7954, #4420, .T. ) ;
#9111 = ORIENTED_EDGE ( 'NONE', *, *, #4532, .F. ) ;
#9112 = CARTESIAN_POINT ( 'NONE',  ( -0.8910725290249987829, 0.1690115440477737152, 3.185362398774763015 ) ) ;
#9113 = FACE_OUTER_BOUND ( 'NONE', #2225, .T. ) ;
#9114 = AXIS2_PLACEMENT_3D ( 'NONE', #2232, #3095, #7542 ) ;
#9115 = LINE ( 'NONE', #6362, #8487 ) ;
#9116 = ORIENTED_EDGE ( 'NONE', *, *, #1980, .F. ) ;
#9117 = EDGE_LOOP ( 'NONE', ( #857, #11306, #4488, #6856 ) ) ;
#9118 = VECTOR ( 'NONE', #3897, 39.37007874015748143 ) ;
#9119 = AXIS2_PLACEMENT_3D ( 'NONE', #6398, #6614, #9958 ) ;
#9120 = DIRECTION ( 'NONE',  ( -0.3236155771181852825, 0.8891264907159880382, 0.3236155771181852825 ) ) ;
#9121 = EDGE_CURVE ( 'NONE', #11275, #183, #11277, .T. ) ;
#9122 = ORIENTED_EDGE ( 'NONE', *, *, #1962, .T. ) ;
#9123 = CARTESIAN_POINT ( 'NONE',  ( 0.7849846360638947917, 0.1574803149606299191, 1.815641701948198250E-16 ) ) ;
#9124 = DIRECTION ( 'NONE',  ( 1.000000000000000000, 0.000000000000000000, -1.734723475976807094E-16 ) ) ;
#9125 = PLANE ( 'NONE',  #8314 ) ;
#9126 = CARTESIAN_POINT ( 'NONE',  ( 0.02879932971796753810, 0.1771653543307086798, 2.569801186651586633 ) ) ;
#9127 =( BOUNDED_CURVE ( )  B_SPLINE_CURVE ( 3, ( #2909, #1293, #6380, #4779 ),
 .UNSPECIFIED., .F., .F. ) 
 B_SPLINE_CURVE_WITH_KNOTS ( ( 4, 4 ),
 ( 3.141592653589793116, 3.490658503988658179 ),
 .UNSPECIFIED. ) 
 CURVE ( )  GEOMETRIC_REPRESENTATION_ITEM ( )  RATIONAL_B_SPLINE_CURVE ( ( 1.000000000000000000, 0.9898718353414720506, 0.9898718353414720506, 1.000000000000000000 ) ) 
 REPRESENTATION_ITEM ( '' )  );
#9128 = CARTESIAN_POINT ( 'NONE',  ( 0.03695314000090240553, 0.1551781507868630616, 3.953078934207833850 ) ) ;
#9129 = AXIS2_PLACEMENT_3D ( 'NONE', #5599, #5483, #6559 ) ;
#9130 = CYLINDRICAL_SURFACE ( 'NONE', #10650, 0.01968503937007875723 ) ;
#9131 = CARTESIAN_POINT ( 'NONE',  ( 2.162492031332400533, 0.000000000000000000, 0.3645887790943976858 ) ) ;
#9132 = ORIENTED_EDGE ( 'NONE', *, *, #6506, .T. ) ;
#9133 = VECTOR ( 'NONE', #8793, 39.37007874015748143 ) ;
#9134 = VECTOR ( 'NONE', #4539, 39.37007874015748143 ) ;
#9135 = ADVANCED_FACE ( 'NONE', ( #5216 ), #3570, .F. ) ;
#9136 = LINE ( 'NONE', #7248, #6383 ) ;
#9137 = DIRECTION ( 'NONE',  ( 0.000000000000000000, 1.000000000000000000, -0.000000000000000000 ) ) ;
#9138 = VERTEX_POINT ( 'NONE', #9458 ) ;
#9139 = PLANE ( 'NONE',  #10130 ) ;
#9140 = VECTOR ( 'NONE', #1795, 39.37007874015748143 ) ;
#9141 = AXIS2_PLACEMENT_3D ( 'NONE', #6698, #8401, #1614 ) ;
#9142 = CARTESIAN_POINT ( 'NONE',  ( 1.431762116644293092, 0.1771653543307086520, 1.669614367278699385 ) ) ;
#9143 = FACE_OUTER_BOUND ( 'NONE', #5687, .T. ) ;
#9144 = CYLINDRICAL_SURFACE ( 'NONE', #7541, 0.01968503937007875723 ) ;
#9145 = EDGE_CURVE ( 'NONE', #2395, #5037, #1240, .T. ) ;
#9146 = DIRECTION ( 'NONE',  ( 0.000000000000000000, -1.000000000000000000, 0.000000000000000000 ) ) ;
#9147 = EDGE_LOOP ( 'NONE', ( #10873, #5300, #5336, #5575 ) ) ;
#9148 = CARTESIAN_POINT ( 'NONE',  ( 0.8042699088205086388, 0.1529109616598305632, 0.2744056240218447074 ) ) ;
#9149 = CARTESIAN_POINT ( 'NONE',  ( -1.554534736015902530, 0.000000000000000000, 1.754183656350787546 ) ) ;
#9150 = EDGE_CURVE ( 'NONE', #1364, #6424, #8644, .T. ) ;
#9151 = CARTESIAN_POINT ( 'NONE',  ( 7.723517969990728215E-16, 0.1574803149606299191, 1.669614367278700051 ) ) ;
#9152 = ADVANCED_FACE ( 'NONE', ( #2652 ), #5101, .F. ) ;
#9153 = VECTOR ( 'NONE', #7690, 39.37007874015748143 ) ;
#9154 = DIRECTION ( 'NONE',  ( 1.000000000000000000, -0.000000000000000000, 0.000000000000000000 ) ) ;
#9155 = VERTEX_POINT ( 'NONE', #73 ) ;
#9156 = LINE ( 'NONE', #1321, #5739 ) ;
#9157 = LINE ( 'NONE', #4108, #1495 ) ;
#9158 = VECTOR ( 'NONE', #3016, 39.37007874015748143 ) ;
#9159 = DIRECTION ( 'NONE',  ( -1.000000000000000000, 0.000000000000000000, 0.000000000000000000 ) ) ;
#9160 = EDGE_CURVE ( 'NONE', #7079, #9844, #10592, .T. ) ;
#9161 = DIRECTION ( 'NONE',  ( 1.000000000000000000, -0.000000000000000000, -4.625929269271485914E-16 ) ) ;
#9162 = ORIENTED_EDGE ( 'NONE', *, *, #2356, .T. ) ;
#9163 = LINE ( 'NONE', #8288, #1619 ) ;
#9164 = DIRECTION ( 'NONE',  ( 1.000000000000000000, -0.000000000000000000, -0.000000000000000000 ) ) ;
#9165 = VERTEX_POINT ( 'NONE', #6123 ) ;
#9166 = CARTESIAN_POINT ( 'NONE',  ( -0.8713874896549191895, 0.1771653543307086520, -2.015488446635847471E-16 ) ) ;
#9167 = EDGE_LOOP ( 'NONE', ( #5646, #1347, #4972, #9707 ) ) ;
#9168 = VECTOR ( 'NONE', #9239, 39.37007874015748143 ) ;
#9169 = FACE_OUTER_BOUND ( 'NONE', #1752, .T. ) ;
#9170 = CYLINDRICAL_SURFACE ( 'NONE', #7198, 0.1377952755905511584 ) ;
#9171 = CARTESIAN_POINT ( 'NONE',  ( 1.728452116511574266, 0.1968503937007874127, -2.998386463614427293E-16 ) ) ;
#9172 = CIRCLE ( 'NONE', #6432, 0.1007585307152496779 ) ;
#9173 = VERTEX_POINT ( 'NONE', #3401 ) ;
#9174 = ORIENTED_EDGE ( 'NONE', *, *, #9786, .F. ) ;
#9175 = EDGE_CURVE ( 'NONE', #3985, #7378, #6067, .T. ) ;
#9176 = EDGE_CURVE ( 'NONE', #307, #4844, #5273, .T. ) ;
#9177 = CARTESIAN_POINT ( 'NONE',  ( 0.7486148702833094193, 0.000000000000000000, 2.409217752972752535 ) ) ;
#9178 = VERTEX_POINT ( 'NONE', #8759 ) ;
#9179 = AXIS2_PLACEMENT_3D ( 'NONE', #5481, #10687, #5299 ) ;
#9180 = ORIENTED_EDGE ( 'NONE', *, *, #6691, .T. ) ;
#9181 = CARTESIAN_POINT ( 'NONE',  ( 1.468131882424877688, 3.414809992080329023E-17, 2.521900191783858158 ) ) ;
#9182 = DIRECTION ( 'NONE',  ( -0.000000000000000000, -1.000000000000000000, 0.000000000000000000 ) ) ;
#9183 = DIRECTION ( 'NONE',  ( 0.000000000000000000, 1.000000000000000000, -0.000000000000000000 ) ) ;
#9184 = ADVANCED_FACE ( 'NONE', ( #9523 ), #1686, .T. ) ;
#9185 = FACE_BOUND ( 'NONE', #7875, .T. ) ;
#9186 = AXIS2_PLACEMENT_3D ( 'NONE', #1555, #3330, #481 ) ;
#9187 = CARTESIAN_POINT ( 'NONE',  ( 1.069003297613936532, 0.1771653543307086520, -2.039601144665043275 ) ) ;
#9188 = VECTOR ( 'NONE', #298, 39.37007874015748143 ) ;
#9189 = DIRECTION ( 'NONE',  ( -1.000000000000000000, -3.869277488079190422E-33, -5.782411586589358625E-17 ) ) ;
#9190 = CARTESIAN_POINT ( 'NONE',  ( 0.7344708844092860955, 1.452235894319287457, 3.149804817368470289 ) ) ;
#9191 = ORIENTED_EDGE ( 'NONE', *, *, #9871, .F. ) ;
#9192 = CARTESIAN_POINT ( 'NONE',  ( 0.6443605418411432195, 0.1690115440477737152, 1.042521926068380456 ) ) ;
#9193 = CIRCLE ( 'NONE', #2252, 0.09842519685039378963 ) ;
#9194 = ORIENTED_EDGE ( 'NONE', *, *, #4581, .T. ) ;
#9195 = ORIENTED_EDGE ( 'NONE', *, *, #6899, .F. ) ;
#9196 = CARTESIAN_POINT ( 'NONE',  ( 0.6443605418411432195, 0.1574803149606299191, 0.000000000000000000 ) ) ;
#9197 = EDGE_CURVE ( 'NONE', #2154, #10688, #2710, .T. ) ;
#9198 = CARTESIAN_POINT ( 'NONE',  ( 0.8046696754339733859, 0.1574803149606299191, 3.185362398774762571 ) ) ;
#9199 = ORIENTED_EDGE ( 'NONE', *, *, #10647, .T. ) ;
#9200 = DIRECTION ( 'NONE',  ( 0.000000000000000000, 0.000000000000000000, 1.000000000000000000 ) ) ;
#9201 = CARTESIAN_POINT ( 'NONE',  ( -1.127492036175426744E-15, 0.1574803149606299191, 2.437330902711770886 ) ) ;
#9202 = CARTESIAN_POINT ( 'NONE',  ( 1.905617470842284167, 0.4724409448818898127, -1.764010593483940736 ) ) ;
#9203 = VECTOR ( 'NONE', #4033, 39.37007874015748143 ) ;
#9204 = CARTESIAN_POINT ( 'NONE',  ( 0.6443605418411432195, 0.1690115440477737152, 0.2748053906353093989 ) ) ;
#9205 = DIRECTION ( 'NONE',  ( 0.000000000000000000, 0.3420201433256694346, -0.9396926207859080948 ) ) ;
#9206 = LINE ( 'NONE', #7630, #6782 ) ;
#9207 = ORIENTED_EDGE ( 'NONE', *, *, #9577, .F. ) ;
#9208 = ORIENTED_EDGE ( 'NONE', *, *, #4893, .T. ) ;
#9209 = EDGE_CURVE ( 'NONE', #5887, #6487, #5042, .T. ) ;
#9210 = CARTESIAN_POINT ( 'NONE',  ( 0.6525143521240781563, 0.1771653543307086520, 3.193516209057697619 ) ) ;
#9211 = VECTOR ( 'NONE', #10773, 39.37007874015748143 ) ;
#9212 =( BOUNDED_CURVE ( )  B_SPLINE_CURVE ( 3, ( #2606, #2496, #9469, #9362 ),
 .UNSPECIFIED., .F., .F. ) 
 B_SPLINE_CURVE_WITH_KNOTS ( ( 4, 4 ),
 ( 0.000000000000000000, 1.570796326794896558 ),
 .UNSPECIFIED. ) 
 CURVE ( )  GEOMETRIC_REPRESENTATION_ITEM ( )  RATIONAL_B_SPLINE_CURVE ( ( 1.000000000000000000, 0.8047378541243649375, 0.8047378541243649375, 1.000000000000000000 ) ) 
 REPRESENTATION_ITEM ( '' )  );
#9213 = CARTESIAN_POINT ( 'NONE',  ( 2.064066834482007895, 0.1968503937007874127, 0.3072779049789793326 ) ) ;
#9214 = EDGE_CURVE ( 'NONE', #6866, #1822, #4307, .T. ) ;
#9215 = CARTESIAN_POINT ( 'NONE',  ( -1.499667083999375095, 0.1507476349739041155, 3.186549551908898437 ) ) ;
#9216 = LINE ( 'NONE', #10867, #5636 ) ;
#9217 = ORIENTED_EDGE ( 'NONE', *, *, #5145, .F. ) ;
#9218 = ORIENTED_EDGE ( 'NONE', *, *, #7323, .T. ) ;
#9219 = VECTOR ( 'NONE', #7014, 39.37007874015748143 ) ;
#9220 = LINE ( 'NONE', #3047, #7832 ) ;
#9221 = DIRECTION ( 'NONE',  ( -0.000000000000000000, 1.000000000000000000, -0.000000000000000000 ) ) ;
#9222 = ORIENTED_EDGE ( 'NONE', *, *, #7751, .T. ) ;
#9223 = CARTESIAN_POINT ( 'NONE',  ( 1.559627917323826551, 0.4724409448818899238, -0.3988531131689802001 ) ) ;
#9224 = ORIENTED_EDGE ( 'NONE', *, *, #2237, .F. ) ;
#9225 = FACE_OUTER_BOUND ( 'NONE', #8297, .T. ) ;
#9226 = EDGE_CURVE ( 'NONE', #365, #9809, #7438, .T. ) ;
#9227 = CARTESIAN_POINT ( 'NONE',  ( -0.7504484348022465445, 0.1574803149606299191, -3.471521379630686388E-16 ) ) ;
#9228 = ORIENTED_EDGE ( 'NONE', *, *, #7418, .F. ) ;
#9229 = CARTESIAN_POINT ( 'NONE',  ( 1.413264230408350031, 0.1507476349739041988, 3.186549551908897548 ) ) ;
#9230 = AXIS2_PLACEMENT_3D ( 'NONE', #1217, #7333, #8241 ) ;
#9231 = EDGE_CURVE ( 'NONE', #5289, #8917, #10984, .T. ) ;
#9232 = EDGE_LOOP ( 'NONE', ( #9798, #8152, #9959, #3111 ) ) ;
#9233 = EDGE_CURVE ( 'NONE', #10901, #9753, #2129, .T. ) ;
#9234 = CARTESIAN_POINT ( 'NONE',  ( -0.8898853758908626954, 0.1507476349739041988, 3.344484379233457538 ) ) ;
#9235 = CARTESIAN_POINT ( 'NONE',  ( 0.04538125036984216182, 0.1771653543307086520, 3.354099642736532161 ) ) ;
#9236 = VECTOR ( 'NONE', #461, 39.37007874015748143 ) ;
#9237 = ORIENTED_EDGE ( 'NONE', *, *, #1457, .F. ) ;
#9238 = LINE ( 'NONE', #2431, #2407 ) ;
#9239 = DIRECTION ( 'NONE',  ( 1.000000000000000000, 0.000000000000000000, 0.000000000000000000 ) ) ;
#9240 = EDGE_CURVE ( 'NONE', #10001, #2954, #1334, .T. ) ;
#9241 = CYLINDRICAL_SURFACE ( 'NONE', #1410, 0.09842519685039365085 ) ;
#9242 = ADVANCED_BREP_SHAPE_REPRESENTATION ( '', ( #5229, #8599 ), #5698 ) ;
#9243 = DIRECTION ( 'NONE',  ( 0.000000000000000000, 0.000000000000000000, 1.000000000000000000 ) ) ;
#9244 = CIRCLE ( 'NONE', #5202, 0.09842519685039378963 ) ;
#9245 = AXIS2_PLACEMENT_3D ( 'NONE', #5727, #8442, #4068 ) ;
#9246 = DIRECTION ( 'NONE',  ( 0.000000000000000000, -1.000000000000000000, 0.000000000000000000 ) ) ;
#9247 = DIRECTION ( 'NONE',  ( 0.000000000000000000, 0.000000000000000000, 1.000000000000000000 ) ) ;
#9248 = DIRECTION ( 'NONE',  ( 0.000000000000000000, -0.000000000000000000, 1.000000000000000000 ) ) ;
#9249 = EDGE_CURVE ( 'NONE', #6424, #10296, #4375, .T. ) ;
#9250 = CARTESIAN_POINT ( 'NONE',  ( -0.8910725290249985608, 0.1551781507868631171, 3.185362398774762571 ) ) ;
#9251 = EDGE_CURVE ( 'NONE', #5776, #1035, #5568, .T. ) ;
#9252 = ORIENTED_EDGE ( 'NONE', *, *, #6747, .T. ) ;
#9253 = DIRECTION ( 'NONE',  ( -1.000000000000000000, 0.000000000000000000, 0.000000000000000000 ) ) ;
#9254 = ORIENTED_EDGE ( 'NONE', *, *, #10743, .F. ) ;
#9255 = CARTESIAN_POINT ( 'NONE',  ( -1.518164970235317934, 0.1771653543307086520, 3.205047438144841276 ) ) ;
#9256 = CARTESIAN_POINT ( 'NONE',  ( 0.03655337338743776948, 0.1529109616598305632, 1.042122159454915709 ) ) ;
#9257 = VECTOR ( 'NONE', #3506, 39.37007874015748143 ) ;
#9258 = FACE_OUTER_BOUND ( 'NONE', #6219, .T. ) ;
#9259 = CARTESIAN_POINT ( 'NONE',  ( 1.462704085015511524, -0.2952755905511810774, 4.068666571870389603 ) ) ;
#9260 = FACE_OUTER_BOUND ( 'NONE', #6151, .T. ) ;
#9261 = DIRECTION ( 'NONE',  ( -1.000000000000000000, 0.000000000000000000, 0.000000000000000000 ) ) ;
#9262 = EDGE_LOOP ( 'NONE', ( #9903, #5572, #5701, #7736 ) ) ;
#9263 = ORIENTED_EDGE ( 'NONE', *, *, #3488, .F. ) ;
#9264 = DIRECTION ( 'NONE',  ( -0.3236155771181852825, 0.8891264907159880382, 0.3236155771181852825 ) ) ;
#9265 = LINE ( 'NONE', #7538, #3329 ) ;
#9266 = CARTESIAN_POINT ( 'NONE',  ( 0.6443605418411432195, 0.1574803149606299191, 1.649929327908620680 ) ) ;
#9267 = CARTESIAN_POINT ( 'NONE',  ( -2.248894884923425153, 0.000000000000000000, 0.3645887790943976858 ) ) ;
#9268 = CARTESIAN_POINT ( 'NONE',  ( -1.506633741148173833, 0.1771653543307086520, 0.2666515803523744621 ) ) ;
#9269 = ORIENTED_EDGE ( 'NONE', *, *, #9044, .T. ) ;
#9270 = DIRECTION ( 'NONE',  ( -1.000000000000000000, 0.000000000000000000, 0.000000000000000000 ) ) ;
#9271 = CYLINDRICAL_SURFACE ( 'NONE', #7098, 0.01968503937007875723 ) ;
#9272 = CARTESIAN_POINT ( 'NONE',  ( 2.162492031332400533, 0.5905511811023621549, 0.3645887790943975193 ) ) ;
#9273 = ORIENTED_EDGE ( 'NONE', *, *, #1945, .F. ) ;
#9274 = FACE_OUTER_BOUND ( 'NONE', #8639, .T. ) ;
#9275 =( BOUNDED_CURVE ( )  B_SPLINE_CURVE ( 3, ( #4088, #6766, #9250, #1416 ),
 .UNSPECIFIED., .F., .F. ) 
 B_SPLINE_CURVE_WITH_KNOTS ( ( 4, 4 ),
 ( 5.934119456780725166, 6.283185307179586232 ),
 .UNSPECIFIED. ) 
 CURVE ( )  GEOMETRIC_REPRESENTATION_ITEM ( )  RATIONAL_B_SPLINE_CURVE ( ( 1.000000000000000000, 0.9898718353414723836, 0.9898718353414723836, 1.000000000000000000 ) ) 
 REPRESENTATION_ITEM ( '' )  );
#9276 = ADVANCED_FACE ( 'NONE', ( #9055 ), #2949, .T. ) ;
#9277 = ORIENTED_EDGE ( 'NONE', *, *, #4650, .T. ) ;
#9278 = AXIS2_PLACEMENT_3D ( 'NONE', #2821, #4303, #3676 ) ;
#9279 = CARTESIAN_POINT ( 'NONE',  ( -1.549106938606536144, -0.2952755905511810774, 4.013548461634169229 ) ) ;
#9280 = CARTESIAN_POINT ( 'NONE',  ( 0.6443605418411432195, 0.1574803149606299191, 2.577954996934521681 ) ) ;
#9281 = ORIENTED_EDGE ( 'NONE', *, *, #5980, .T. ) ;
#9282 = CARTESIAN_POINT ( 'NONE',  ( -0.7311631620456332525, 0.1529109616598305077, 0.8826125590890148143 ) ) ;
#9283 = VERTEX_POINT ( 'NONE', #6419 ) ;
#9284 = ADVANCED_FACE ( 'NONE', ( #7391 ), #10825, .T. ) ;
#9285 = CARTESIAN_POINT ( 'NONE',  ( 0.8034825222998376315, 0.1507476349739041432, 3.944650823838894205 ) ) ;
#9286 = ORIENTED_EDGE ( 'NONE', *, *, #11280, .T. ) ;
#9287 = ADVANCED_FACE ( 'NONE', ( #3050 ), #514, .F. ) ;
#9288 = ORIENTED_EDGE ( 'NONE', *, *, #1330, .T. ) ;
#9289 = EDGE_CURVE ( 'NONE', #842, #242, #2189, .T. ) ;
#9290 = CARTESIAN_POINT ( 'NONE',  ( 0.03576598686676673439, 0.1507476349739041155, 0.8833999456096859326 ) ) ;
#9291 = CARTESIAN_POINT ( 'NONE',  ( 0.000000000000000000, 0.1574803149606299191, 0.9018978318456288834 ) ) ;
#9292 = VECTOR ( 'NONE', #957, 39.37007874015748143 ) ;
#9293 = CARTESIAN_POINT ( 'NONE',  ( 1.728452116511573600, 0.1968503937007874127, 0.1257531860436190418 ) ) ;
#9294 = EDGE_CURVE ( 'NONE', #4396, #3772, #4865, .T. ) ;
#9295 = CARTESIAN_POINT ( 'NONE',  ( -0.8350177238743350383, 0.000000000000000000, 1.641501217539681479 ) ) ;
#9296 = VECTOR ( 'NONE', #396, 39.37007874015748143 ) ;
#9297 = DIRECTION ( 'NONE',  ( -0.000000000000000000, -1.000000000000000000, -0.000000000000000000 ) ) ;
#9298 = CARTESIAN_POINT ( 'NONE',  ( -1.518164970235317934, 0.1771653543307086520, 3.205047438144841276 ) ) ;
#9299 = AXIS2_PLACEMENT_3D ( 'NONE', #1249, #279, #4731 ) ;
#9300 = DIRECTION ( 'NONE',  ( 0.000000000000000000, 0.000000000000000000, 1.000000000000000000 ) ) ;
#9301 = VERTEX_POINT ( 'NONE', #413 ) ;
#9302 = DIRECTION ( 'NONE',  ( -1.156482317317871528E-15, 0.000000000000000000, 1.000000000000000000 ) ) ;
#9303 = VERTEX_POINT ( 'NONE', #357 ) ;
#9304 = ORIENTED_EDGE ( 'NONE', *, *, #7585, .T. ) ;
#9305 = CARTESIAN_POINT ( 'NONE',  ( 0.8042699088205087499, 0.1529109616598304799, 1.042122159454915709 ) ) ;
#9306 = CARTESIAN_POINT ( 'NONE',  ( -0.1936307821617741787, 0.3470877061559772825, 2.347371074771845478 ) ) ;
#9307 = VECTOR ( 'NONE', #10224, 39.37007874015748143 ) ;
#9308 = ADVANCED_FACE ( 'NONE', ( #7963 ), #6636, .F. ) ;
#9309 = VECTOR ( 'NONE', #8018, 39.37007874015748143 ) ;
#9310 = EDGE_CURVE ( 'NONE', #5341, #2758, #3963, .T. ) ;
#9311 = CARTESIAN_POINT ( 'NONE',  ( 0.02879932971796752422, 0.1771653543307086520, 1.802084651218515576 ) ) ;
#9312 = FACE_OUTER_BOUND ( 'NONE', #1428, .T. ) ;
#9313 = CARTESIAN_POINT ( 'NONE',  ( 0.8046696754339736080, 0.1574803149606299191, 2.577954996934521681 ) ) ;
#9314 = ORIENTED_EDGE ( 'NONE', *, *, #1350, .T. ) ;
#9315 = ORIENTED_EDGE ( 'NONE', *, *, #8671, .T. ) ;
#9316 = AXIS2_PLACEMENT_3D ( 'NONE', #3322, #3437, #11092 ) ;
#9317 = AXIS2_PLACEMENT_3D ( 'NONE', #11270, #8746, #5323 ) ;
#9318 = LINE ( 'NONE', #7695, #1373 ) ;
#9319 = EDGE_LOOP ( 'NONE', ( #845, #5529 ) ) ;
#9320 = LINE ( 'NONE', #11079, #8069 ) ;
#9321 = CARTESIAN_POINT ( 'NONE',  ( 1.412077077274214387, 0.1574803149606299191, 1.649929327908620680 ) ) ;
#9322 = DIRECTION ( 'NONE',  ( -1.000000000000000000, 0.000000000000000000, 0.000000000000000000 ) ) ;
#9323 = DIRECTION ( 'NONE',  ( 0.000000000000000000, 1.000000000000000000, -0.000000000000000000 ) ) ;
#9324 = EDGE_LOOP ( 'NONE', ( #6234, #5797, #801, #7140 ) ) ;
#9325 = ORIENTED_EDGE ( 'NONE', *, *, #5703, .T. ) ;
#9326 = ORIENTED_EDGE ( 'NONE', *, *, #10375, .T. ) ;
#9327 = VECTOR ( 'NONE', #10755, 39.37007874015748143 ) ;
#9328 = CARTESIAN_POINT ( 'NONE',  ( -1.716429773252205804, 0.4724409448818899238, -0.005152325767405871622 ) ) ;
#9329 = LINE ( 'NONE', #4172, #10707 ) ;
#9330 = ORIENTED_EDGE ( 'NONE', *, *, #5276, .T. ) ;
#9331 = DIRECTION ( 'NONE',  ( -1.000000000000000000, 0.000000000000000000, -6.033820786006287689E-16 ) ) ;
#9332 = ORIENTED_EDGE ( 'NONE', *, *, #2766, .F. ) ;
#9333 = CARTESIAN_POINT ( 'NONE',  ( 0.6525143521240781563, 0.1771653543307086520, 2.569801186651586633 ) ) ;
#9334 = ORIENTED_EDGE ( 'NONE', *, *, #4370, .T. ) ;
#9335 = ORIENTED_EDGE ( 'NONE', *, *, #2353, .T. ) ;
#9336 = CARTESIAN_POINT ( 'NONE',  ( -1.498479930865239451, 0.1574803149606299191, 3.185362398774762571 ) ) ;
#9337 = ADVANCED_FACE ( 'NONE', ( #6473 ), #10874, .T. ) ;
#9338 =( BOUNDED_CURVE ( )  B_SPLINE_CURVE ( 3, ( #6686, #7706, #2398, #7546 ),
 .UNSPECIFIED., .F., .F. ) 
 B_SPLINE_CURVE_WITH_KNOTS ( ( 4, 4 ),
 ( 0.000000000000000000, 1.570796326794896558 ),
 .UNSPECIFIED. ) 
 CURVE ( )  GEOMETRIC_REPRESENTATION_ITEM ( )  RATIONAL_B_SPLINE_CURVE ( ( 1.000000000000000000, 0.8047378541243649375, 0.8047378541243649375, 1.000000000000000000 ) ) 
 REPRESENTATION_ITEM ( '' )  );
#9339 = CARTESIAN_POINT ( 'NONE',  ( 0.6640455812112220357, 0.1771653543307086520, 1.022836886698301750 ) ) ;
#9340 = VECTOR ( 'NONE', #3194, 39.37007874015748143 ) ;
#9341 = APPLICATION_CONTEXT ( 'automotive_design' ) ;
#9342 = EDGE_LOOP ( 'NONE', ( #3997, #5675 ) ) ;
#9343 = FACE_OUTER_BOUND ( 'NONE', #9262, .T. ) ;
#9344 = ADVANCED_FACE ( 'NONE', ( #3103 ), #6530, .F. ) ;
#9345 = VECTOR ( 'NONE', #10450, 39.37007874015748143 ) ;
#9346 = EDGE_CURVE ( 'NONE', #1971, #6424, #7496, .T. ) ;
#9347 = EDGE_CURVE ( 'NONE', #6064, #7242, #4912, .T. ) ;
#9348 = DIRECTION ( 'NONE',  ( -4.625929269271485914E-16, 0.000000000000000000, 1.000000000000000000 ) ) ;
#9350 = ORIENTED_EDGE ( 'NONE', *, *, #1916, .T. ) ;
#9349 = AXIS2_PLACEMENT_3D ( 'NONE', #8799, #11164, #5083 ) ;
#9351 = CARTESIAN_POINT ( 'NONE',  ( 0.03695314000090240553, 0.1574803149606299191, 3.953078934207834294 ) ) ;
#9352 = DIRECTION ( 'NONE',  ( 0.000000000000000000, -0.000000000000000000, -1.000000000000000000 ) ) ;
#9353 = CARTESIAN_POINT ( 'NONE',  ( -1.253831348055355566, 2.287311901041906737, -0.2020027194681933147 ) ) ;
#9354 = DIRECTION ( 'NONE',  ( 1.000000000000000000, 0.000000000000000000, 0.000000000000000000 ) ) ;
#9355 = ORIENTED_EDGE ( 'NONE', *, *, #9947, .T. ) ;
#9356 = DIRECTION ( 'NONE',  ( 0.000000000000000000, 1.000000000000000000, -0.000000000000000000 ) ) ;
#9357 = EDGE_CURVE ( 'NONE', #2851, #2445, #5879, .T. ) ;
#9358 = FACE_OUTER_BOUND ( 'NONE', #3061, .T. ) ;
#9359 = AXIS2_PLACEMENT_3D ( 'NONE', #3989, #2159, #11010 ) ;
#9360 = ORIENTED_EDGE ( 'NONE', *, *, #5725, .T. ) ;
#9361 = ORIENTED_EDGE ( 'NONE', *, *, #7350, .T. ) ;
#9362 = CARTESIAN_POINT ( 'NONE',  ( -0.1036709542218489377, 0.1771653543307086520, 0.2551203512652306382 ) ) ;
#9363 = CIRCLE ( 'NONE', #4421, 0.1377952755905512972 ) ;
#9364 = EDGE_CURVE ( 'NONE', #6118, #6340, #8396, .T. ) ;
#9365 = DIRECTION ( 'NONE',  ( 1.368951553890978336E-17, 0.000000000000000000, -1.000000000000000000 ) ) ;
#9366 = DIRECTION ( 'NONE',  ( -1.000000000000000000, 0.000000000000000000, -0.000000000000000000 ) ) ;
#9367 = DIRECTION ( 'NONE',  ( 1.000000000000000000, 0.000000000000000000, 1.156482317317872514E-15 ) ) ;
#9368 = CARTESIAN_POINT ( 'NONE',  ( 0.8393971951716289182, 0.1968503937007874127, 4.038961798268368319 ) ) ;
#9369 = LINE ( 'NONE', #8328, #4232 ) ;
#9370 = ORIENTED_EDGE ( 'NONE', *, *, #5432, .T. ) ;
#9371 = EDGE_LOOP ( 'NONE', ( #1452, #5422, #8570, #1180 ) ) ;
#9372 = EDGE_CURVE ( 'NONE', #4093, #4559, #568, .T. ) ;
#9373 = FACE_BOUND ( 'NONE', #10138, .T. ) ;
#9374 = ORIENTED_EDGE ( 'NONE', *, *, #1065, .T. ) ;
#9375 = CARTESIAN_POINT ( 'NONE',  ( -1.253831348055355566, 0.4724409448818899238, -0.2020027194681933147 ) ) ;
#9376 = ORIENTED_EDGE ( 'NONE', *, *, #4741, .T. ) ;
#9377 = CYLINDRICAL_SURFACE ( 'NONE', #8931, 0.09842519685039378963 ) ;
#9378 = AXIS2_PLACEMENT_3D ( 'NONE', #5744, #6708, #4835 ) ;
#9379 = DIRECTION ( 'NONE',  ( 0.000000000000000000, 1.000000000000000000, -0.000000000000000000 ) ) ;
#9380 = ORIENTED_EDGE ( 'NONE', *, *, #10682, .T. ) ;
#9381 = CARTESIAN_POINT ( 'NONE',  ( 0.000000000000000000, 0.1968503937007874127, 3.924965784468814611 ) ) ;
#9382 = LINE ( 'NONE', #7494, #89 ) ;
#9383 = ORIENTED_EDGE ( 'NONE', *, *, #3166, .T. ) ;
#9384 = DIRECTION ( 'NONE',  ( -0.000000000000000000, -1.000000000000000000, 0.000000000000000000 ) ) ;
#9385 = CARTESIAN_POINT ( 'NONE',  ( 1.728452116511573600, 0.1771653543307086520, 4.112997612601467148E-16 ) ) ;
#9386 = ORIENTED_EDGE ( 'NONE', *, *, #2438, .T. ) ;
#9387 = EDGE_CURVE ( 'NONE', #4372, #5037, #8557, .T. ) ;
#9388 = DIRECTION ( 'NONE',  ( 0.000000000000000000, 0.000000000000000000, 1.000000000000000000 ) ) ;
#9389 = ADVANCED_FACE ( 'NONE', ( #11144 ), #676, .T. ) ;
#9390 = FACE_OUTER_BOUND ( 'NONE', #5426, .T. ) ;
#9391 = ORIENTED_EDGE ( 'NONE', *, *, #2249, .F. ) ;
#9392 = DIRECTION ( 'NONE',  ( -0.000000000000000000, -0.000000000000000000, -1.000000000000000000 ) ) ;
#9393 = VECTOR ( 'NONE', #6750, 39.37007874015748143 ) ;
#9394 = CARTESIAN_POINT ( 'NONE',  ( -0.8350177238743350383, 0.000000000000000000, 0.8737846821066108660 ) ) ;
#9395 = ORIENTED_EDGE ( 'NONE', *, *, #5841, .T. ) ;
#9396 = DIRECTION ( 'NONE',  ( -0.000000000000000000, -0.000000000000000000, 1.000000000000000000 ) ) ;
#9397 = VECTOR ( 'NONE', #9302, 39.37007874015748143 ) ;
#9398 = CARTESIAN_POINT ( 'NONE',  ( 0.8046696754339731639, 0.1574803149606299191, 1.810238461501450624 ) ) ;
#9399 = ORIENTED_EDGE ( 'NONE', *, *, #8017, .T. ) ;
#9400 = DIRECTION ( 'NONE',  ( -1.000000000000000000, 0.000000000000000000, 5.782411586589358625E-17 ) ) ;
#9401 = ORIENTED_EDGE ( 'NONE', *, *, #1836, .F. ) ;
#9402 = FACE_OUTER_BOUND ( 'NONE', #3941, .T. ) ;
#9403 = EDGE_CURVE ( 'NONE', #4093, #7133, #8616, .T. ) ;
#9404 = DIRECTION ( 'NONE',  ( -1.000000000000000000, 0.000000000000000000, 0.000000000000000000 ) ) ;
#9405 = EDGE_LOOP ( 'NONE', ( #11042, #4617, #1535, #2632, #8797, #2389, #10364, #5305, #10489, #10488, #10542, #2098, #11046, #2046, #7871, #6773, #1770, #35, #2751, #7834, #3351, #11221, #8803, #9252, #8014, #10423 ) ) ;
#9406 = CARTESIAN_POINT ( 'NONE',  ( -1.498479930865239007, 0.1574803149606299191, 0.2748053906353092879 ) ) ;
#9407 = EDGE_CURVE ( 'NONE', #7818, #9443, #2011, .T. ) ;
#9408 = CARTESIAN_POINT ( 'NONE',  ( 0.7344708844092857625, 2.042787075421649945, 3.149804817368470289 ) ) ;
#9409 = ORIENTED_EDGE ( 'NONE', *, *, #3501, .F. ) ;
#9410 = DIRECTION ( 'NONE',  ( -0.3236155771181852825, 0.8891264907159878161, -0.3236155771181851160 ) ) ;
#9411 = AXIS2_PLACEMENT_3D ( 'NONE', #10379, #2373, #2545 ) ;
#9412 = DIRECTION ( 'NONE',  ( 2.312964634635740985E-16, -0.000000000000000000, -1.000000000000000000 ) ) ;
#9413 = AXIS2_PLACEMENT_3D ( 'NONE', #8166, #6455, #9663 ) ;
#9414 = ORIENTED_EDGE ( 'NONE', *, *, #2212, .F. ) ;
#9415 = CARTESIAN_POINT ( 'NONE',  ( 0.6640455812112220357, 0.1771653543307086520, 0.000000000000000000 ) ) ;
#9416 = DIRECTION ( 'NONE',  ( -1.252855843761027209E-16, 0.000000000000000000, 1.000000000000000000 ) ) ;
#9417 =( BOUNDED_CURVE ( )  B_SPLINE_CURVE ( 3, ( #9682, #5385, #976, #4349 ),
 .UNSPECIFIED., .F., .F. ) 
 B_SPLINE_CURVE_WITH_KNOTS ( ( 4, 4 ),
 ( 1.570796326794896558, 3.141592653589793116 ),
 .UNSPECIFIED. ) 
 CURVE ( )  GEOMETRIC_REPRESENTATION_ITEM ( )  RATIONAL_B_SPLINE_CURVE ( ( 1.000000000000000000, 0.8047378541243649375, 0.8047378541243649375, 1.000000000000000000 ) ) 
 REPRESENTATION_ITEM ( '' )  );
#9418 = DIRECTION ( 'NONE',  ( -0.000000000000000000, 1.000000000000000000, -0.000000000000000000 ) ) ;
#9419 = ADVANCED_FACE ( 'NONE', ( #10299 ), #4121, .T. ) ;
#9420 = AXIS2_PLACEMENT_3D ( 'NONE', #2905, #10890, #10040 ) ;
#9421 = DIRECTION ( 'NONE',  ( 1.000000000000000000, -0.000000000000000000, 0.000000000000000000 ) ) ;
#9422 = LINE ( 'NONE', #5057, #10238 ) ;
#9423 = CARTESIAN_POINT ( 'NONE',  ( -0.8898853758908628064, 0.1507476349739041155, 2.409217752972752535 ) ) ;
#9424 = ORIENTED_EDGE ( 'NONE', *, *, #8763, .T. ) ;
#9425 = ORIENTED_EDGE ( 'NONE', *, *, #8099, .T. ) ;
#9426 = ADVANCED_FACE ( 'NONE', ( #7548 ), #786, .T. ) ;
#9427 = FACE_BOUND ( 'NONE', #4595, .T. ) ;
#9428 = ORIENTED_EDGE ( 'NONE', *, *, #2958, .F. ) ;
#9429 = VECTOR ( 'NONE', #2308, 39.37007874015748854 ) ;
#9430 = DIRECTION ( 'NONE',  ( 0.000000000000000000, 0.000000000000000000, 1.000000000000000000 ) ) ;
#9431 = CARTESIAN_POINT ( 'NONE',  ( -2.031390403173464865, 0.4724409448818898127, -0.5366483887595320246 ) ) ;
#9432 = CARTESIAN_POINT ( 'NONE',  ( 0.000000000000000000, 0.1574803149606299191, 3.345671532367592516 ) ) ;
#9433 = FACE_OUTER_BOUND ( 'NONE', #695, .T. ) ;
#9434 = ORIENTED_EDGE ( 'NONE', *, *, #6779, .T. ) ;
#9435 = EDGE_LOOP ( 'NONE', ( #7987, #1624, #952, #8010 ) ) ;
#9436 = EDGE_CURVE ( 'NONE', #30, #482, #5075, .T. ) ;
#9437 = DIRECTION ( 'NONE',  ( 0.000000000000000000, 0.000000000000000000, -1.000000000000000000 ) ) ;
#9438 = DIRECTION ( 'NONE',  ( 1.000000000000000000, -0.000000000000000000, -4.625929269271485914E-16 ) ) ;
#9439 = ORIENTED_EDGE ( 'NONE', *, *, #7481, .T. ) ;
#9440 = DIRECTION ( 'NONE',  ( 0.000000000000000000, 0.000000000000000000, -1.000000000000000000 ) ) ;
#9441 = VECTOR ( 'NONE', #3496, 39.37007874015748143 ) ;
#9442 = CARTESIAN_POINT ( 'NONE',  ( 0.7146725889525192832, 0.1771653543307086520, -1.645900357263467617 ) ) ;
#9443 = VERTEX_POINT ( 'NONE', #1663 ) ;
#9444 = CARTESIAN_POINT ( 'NONE',  ( 1.492231644070629581, 0.4724409448818898127, 3.924965784468814611 ) ) ;
#9445 = DIRECTION ( 'NONE',  ( -0.000000000000000000, -1.000000000000000000, 0.000000000000000000 ) ) ;
#9446 = CYLINDRICAL_SURFACE ( 'NONE', #8250, 0.01968503937007875723 ) ;
#9447 = CARTESIAN_POINT ( 'NONE',  ( -2.150469688073031627, 0.5905511811023621549, 0.3072779049789776673 ) ) ;
#9448 = ADVANCED_FACE ( 'NONE', ( #7598 ), #7708, .F. ) ;
#9449 = ADVANCED_FACE ( 'NONE', ( #5775 ), #11036, .F. ) ;
#9450 = CARTESIAN_POINT ( 'NONE',  ( -1.554534736015903196, -1.707404996040164512E-17, 0.9864671209177166000 ) ) ;
#9451 = VERTEX_POINT ( 'NONE', #8445 ) ;
#9452 = DIRECTION ( 'NONE',  ( 0.000000000000000000, 0.3420201433256694346, -0.9396926207859080948 ) ) ;
#9453 = CARTESIAN_POINT ( 'NONE',  ( -1.498479930865239451, 0.1574803149606299191, 0.8822127924755501782 ) ) ;
#9454 = VERTEX_POINT ( 'NONE', #5022 ) ;
#9455 = CARTESIAN_POINT ( 'NONE',  ( 0.8046696754339732749, 0.1551781507868630616, 3.953078934207833850 ) ) ;
#9456 = ORIENTED_EDGE ( 'NONE', *, *, #3629, .F. ) ;
#9457 = CARTESIAN_POINT ( 'NONE',  ( -1.549106938606535477, 0.4724409448818898127, 4.013548461634169229 ) ) ;
#9458 = CARTESIAN_POINT ( 'NONE',  ( -0.7319505485663041489, 0.1507476349739040877, 3.954266087341968827 ) ) ;
#9459 = ORIENTED_EDGE ( 'NONE', *, *, #5354, .F. ) ;
#9460 = DIRECTION ( 'NONE',  ( -2.312964634635742957E-16, 0.000000000000000000, 1.000000000000000000 ) ) ;
#9461 = DIRECTION ( 'NONE',  ( -0.3236155771181852270, 0.8891264907159878161, -0.3236155771181854490 ) ) ;
#9462 = ORIENTED_EDGE ( 'NONE', *, *, #1957, .T. ) ;
#9463 = CARTESIAN_POINT ( 'NONE',  ( 1.697423192914377932, 0.4724409448818899238, -0.1429476013579565885 ) ) ;
#9464 = DIRECTION ( 'NONE',  ( 1.000000000000000000, -0.000000000000000000, 0.000000000000000000 ) ) ;
#9465 = VECTOR ( 'NONE', #9366, 39.37007874015748143 ) ;
#9466 =( BOUNDED_CURVE ( )  B_SPLINE_CURVE ( 3, ( #7655, #1492, #11149, #7601 ),
 .UNSPECIFIED., .F., .F. ) 
 B_SPLINE_CURVE_WITH_KNOTS ( ( 4, 4 ),
 ( 5.934119456780715396, 6.283185307179586232 ),
 .UNSPECIFIED. ) 
 CURVE ( )  GEOMETRIC_REPRESENTATION_ITEM ( )  RATIONAL_B_SPLINE_CURVE ( ( 1.000000000000000000, 0.9898718353414717175, 0.9898718353414717175, 1.000000000000000000 ) ) 
 REPRESENTATION_ITEM ( '' )  );
#9467 = ORIENTED_EDGE ( 'NONE', *, *, #8174, .F. ) ;
#9468 = AXIS2_PLACEMENT_3D ( 'NONE', #1901, #7944, #8983 ) ;
#9469 = CARTESIAN_POINT ( 'NONE',  ( -0.1152021833089927338, 0.1771653543307086520, 0.2666515803523744621 ) ) ;
#9470 = CARTESIAN_POINT ( 'NONE',  ( 1.069003297613936532, 0.000000000000000000, -2.039601144665043275 ) ) ;
#9471 = EDGE_CURVE ( 'NONE', #9039, #1206, #10351, .T. ) ;
#9472 = LINE ( 'NONE', #2499, #6905 ) ;
#9473 = VECTOR ( 'NONE', #1660, 39.37007874015748143 ) ;
#9474 = LINE ( 'NONE', #3418, #1283 ) ;
#9475 = LINE ( 'NONE', #5116, #543 ) ;
#9476 = CARTESIAN_POINT ( 'NONE',  ( 1.412077077274214387, 0.1690115440477737152, 3.953078934207833406 ) ) ;
#9477 = ORIENTED_EDGE ( 'NONE', *, *, #3488, .T. ) ;
#9478 = VERTEX_POINT ( 'NONE', #3265 ) ;
#9479 = FACE_BOUND ( 'NONE', #2578, .T. ) ;
#9480 = VERTEX_POINT ( 'NONE', #10134 ) ;
#9481 = AXIS2_PLACEMENT_3D ( 'NONE', #9998, #1128, #3820 ) ;
#9482 = EDGE_CURVE ( 'NONE', #8072, #11021, #2400, .T. ) ;
#9483 =( BOUNDED_CURVE ( )  B_SPLINE_CURVE ( 3, ( #10579, #6217, #5369, #4509 ),
 .UNSPECIFIED., .F., .T. ) 
 B_SPLINE_CURVE_WITH_KNOTS ( ( 4, 4 ),
 ( 0.000000000000000000, 1.570796326794896558 ),
 .UNSPECIFIED. ) 
 CURVE ( )  GEOMETRIC_REPRESENTATION_ITEM ( )  RATIONAL_B_SPLINE_CURVE ( ( 1.000000000000000000, 0.8047378541243649375, 0.8047378541243649375, 1.000000000000000000 ) ) 
 REPRESENTATION_ITEM ( '' )  );
#9484 = CARTESIAN_POINT ( 'NONE',  ( -0.8923797854702465449, 0.4724409448818898127, 3.905280745098735906 ) ) ;
#9485 = ORIENTED_EDGE ( 'NONE', *, *, #1970, .F. ) ;
#9486 = CARTESIAN_POINT ( 'NONE',  ( -0.7307633954321678393, 0.1574803149606299191, -3.380459779841877614E-16 ) ) ;
#9487 = CARTESIAN_POINT ( 'NONE',  ( -2.031390403173464865, 0.1968503937007874127, -0.005152325767405871622 ) ) ;
#9488 = EDGE_CURVE ( 'NONE', #2185, #3433, #4174, .T. ) ;
#9489 = DIRECTION ( 'NONE',  ( -0.9396926207859080948, 0.3420201433256694346, -1.086737899652990755E-16 ) ) ;
#9490 = ORIENTED_EDGE ( 'NONE', *, *, #10903, .T. ) ;
#9491 = ADVANCED_FACE ( 'NONE', ( #9274 ), #3491, .T. ) ;
#9492 = DIRECTION ( 'NONE',  ( 1.000000000000000000, -0.000000000000000000, -4.625929269271485914E-16 ) ) ;
#9493 = ORIENTED_EDGE ( 'NONE', *, *, #4989, .F. ) ;
#9494 = LINE ( 'NONE', #7760, #11110 ) ;
#9495 = LINE ( 'NONE', #11308, #3568 ) ;
#9496 = EDGE_LOOP ( 'NONE', ( #859, #10228, #1499, #4126 ) ) ;
#9497 = VECTOR ( 'NONE', #1627, 39.37007874015748143 ) ;
#9498 = CARTESIAN_POINT ( 'NONE',  ( 0.04538125036984168303, 0.1507476349739041432, 2.418833016475827602 ) ) ;
#9499 = VECTOR ( 'NONE', #1171, 39.37007874015748143 ) ;
#9500 = DIRECTION ( 'NONE',  ( 1.000000000000000000, -0.000000000000000000, -9.251858538542969855E-16 ) ) ;
#9501 = ORIENTED_EDGE ( 'NONE', *, *, #5138, .F. ) ;
#9502 = LINE ( 'NONE', #5137, #4985 ) ;
#9503 = DIRECTION ( 'NONE',  ( 0.000000000000000000, -1.000000000000000000, 0.000000000000000000 ) ) ;
#9504 = ADVANCED_FACE ( 'NONE', ( #229 ), #166, .T. ) ;
#9505 = DIRECTION ( 'NONE',  ( 0.000000000000000000, 1.000000000000000000, 0.000000000000000000 ) ) ;
#9506 = AXIS2_PLACEMENT_3D ( 'NONE', #2115, #3898, #3950 ) ;
#9507 = DIRECTION ( 'NONE',  ( 0.000000000000000000, 0.000000000000000000, 1.000000000000000000 ) ) ;
#9508 = ADVANCED_FACE ( 'NONE', ( #8731 ), #8915, .T. ) ;
#9509 = CARTESIAN_POINT ( 'NONE',  ( -1.004802778931537466, 0.1968503937007874127, 4.019211115726147199 ) ) ;
#9510 = ORIENTED_EDGE ( 'NONE', *, *, #3138, .F. ) ;
#9511 = VECTOR ( 'NONE', #1064, 39.37007874015748143 ) ;
#9512 = DIRECTION ( 'NONE',  ( -1.000000000000000000, 0.000000000000000000, -2.312964634635747887E-16 ) ) ;
#9513 = CARTESIAN_POINT ( 'NONE',  ( -1.498479930865239007, 0.1690115440477737152, 1.810238461501450846 ) ) ;
#9514 = EDGE_CURVE ( 'NONE', #6277, #8137, #1083, .T. ) ;
#9515 = EDGE_CURVE ( 'NONE', #8, #8188, #5192, .T. ) ;
#9516 = EDGE_LOOP ( 'NONE', ( #7055, #2234, #8282, #4144 ) ) ;
#9517 = EDGE_LOOP ( 'NONE', ( #8859, #3239, #6642, #632 ) ) ;
#9518 = EDGE_CURVE ( 'NONE', #3293, #10031, #843, .T. ) ;
#9519 = DIRECTION ( 'NONE',  ( 0.000000000000000000, -1.000000000000000000, 0.000000000000000000 ) ) ;
#9520 = VECTOR ( 'NONE', #8633, 39.37007874015748143 ) ;
#9521 = EDGE_LOOP ( 'NONE', ( #9899, #1974, #8521, #1493 ) ) ;
#9522 = DIRECTION ( 'NONE',  ( -2.312964634635740985E-16, 0.000000000000000000, 1.000000000000000000 ) ) ;
#9523 = FACE_OUTER_BOUND ( 'NONE', #5400, .T. ) ;
#9524 = DIRECTION ( 'NONE',  ( -0.9396926207859080948, 0.3420201433256694346, -4.346951598611963019E-16 ) ) ;
#9525 = DIRECTION ( 'NONE',  ( 0.000000000000000000, -1.000000000000000000, 0.000000000000000000 ) ) ;
#9526 = DIRECTION ( 'NONE',  ( 1.156482317317870985E-16, -0.000000000000000000, -1.000000000000000000 ) ) ;
#9527 = AXIS2_PLACEMENT_3D ( 'NONE', #659, #10285, #4103 ) ;
#9528 = EDGE_CURVE ( 'NONE', #3236, #2149, #9558, .T. ) ;
#9529 = CARTESIAN_POINT ( 'NONE',  ( -0.8910725290249985608, 0.1551781507868630616, 0.2748053906353094544 ) ) ;
#9530 = VERTEX_POINT ( 'NONE', #4397 ) ;
#9531 = EDGE_CURVE ( 'NONE', #4759, #8787, #4746, .T. ) ;
#9532 = ORIENTED_EDGE ( 'NONE', *, *, #9086, .F. ) ;
#9533 = DIRECTION ( 'NONE',  ( 0.000000000000000000, -0.000000000000000000, -1.000000000000000000 ) ) ;
#9534 = VECTOR ( 'NONE', #2817, 39.37007874015748143 ) ;
#9535 = LINE ( 'NONE', #6197, #10837 ) ;
#9536 = VECTOR ( 'NONE', #1214, 39.37007874015748143 ) ;
#9537 = DIRECTION ( 'NONE',  ( 0.000000000000000000, -1.000000000000000000, 0.000000000000000000 ) ) ;
#9538 = DIRECTION ( 'NONE',  ( 0.000000000000000000, 0.000000000000000000, -1.000000000000000000 ) ) ;
#9539 = CYLINDRICAL_SURFACE ( 'NONE', #6758, 0.01968503937007875723 ) ;
#9540 = CIRCLE ( 'NONE', #6979, 0.1377952755905511861 ) ;
#9541 = DIRECTION ( 'NONE',  ( 0.000000000000000000, -0.000000000000000000, -1.000000000000000000 ) ) ;
#9542 = ORIENTED_EDGE ( 'NONE', *, *, #2667, .T. ) ;
#9543 = LINE ( 'NONE', #9717, #8841 ) ;
#9544 = EDGE_CURVE ( 'NONE', #1389, #9862, #1022, .T. ) ;
#9545 = ORIENTED_EDGE ( 'NONE', *, *, #10140, .T. ) ;
#9546 = FACE_OUTER_BOUND ( 'NONE', #4497, .T. ) ;
#9547 = CARTESIAN_POINT ( 'NONE',  ( 0.000000000000000000, 0.1771653543307086520, 2.558269957564442976 ) ) ;
#9548 = DIRECTION ( 'NONE',  ( -0.000000000000000000, -0.000000000000000000, 1.000000000000000000 ) ) ;
#9549 = CARTESIAN_POINT ( 'NONE',  ( 1.728452116511573600, 0.000000000000000000, 4.112997612601467148E-16 ) ) ;
#9550 = ORIENTED_EDGE ( 'NONE', *, *, #8120, .T. ) ;
#9551 = VERTEX_POINT ( 'NONE', #7816 ) ;
#9552 = VECTOR ( 'NONE', #5816, 39.37007874015748143 ) ;
#9553 = CARTESIAN_POINT ( 'NONE',  ( -1.499667083999374873, 0.1507476349739040600, 3.344484379233457094 ) ) ;
#9554 = CARTESIAN_POINT ( 'NONE',  ( 0.8130977858029126981, 0.1771653543307086520, 2.586383107303460882 ) ) ;
#9555 = ORIENTED_EDGE ( 'NONE', *, *, #7553, .T. ) ;
#9556 = ADVANCED_FACE ( 'NONE', ( #9787 ), #10524, .F. ) ;
#9557 = CARTESIAN_POINT ( 'NONE',  ( 1.728452116511574266, 0.1771653543307086520, -2.998386463614427293E-16 ) ) ;
#9558 =( BOUNDED_CURVE ( )  B_SPLINE_CURVE ( 3, ( #6096, #899, #2574, #4339 ),
 .UNSPECIFIED., .F., .F. ) 
 B_SPLINE_CURVE_WITH_KNOTS ( ( 4, 4 ),
 ( 5.934119456780724278, 6.283185307179586232 ),
 .UNSPECIFIED. ) 
 CURVE ( )  GEOMETRIC_REPRESENTATION_ITEM ( )  RATIONAL_B_SPLINE_CURVE ( ( 1.000000000000000000, 0.9898718353414721616, 0.9898718353414721616, 1.000000000000000000 ) ) 
 REPRESENTATION_ITEM ( '' )  );
#9559 = EDGE_CURVE ( 'NONE', #7617, #7357, #3546, .T. ) ;
#9560 = ORIENTED_EDGE ( 'NONE', *, *, #477, .F. ) ;
#9561 = DIRECTION ( 'NONE',  ( -0.000000000000000000, -1.000000000000000000, 0.000000000000000000 ) ) ;
#9562 = LINE ( 'NONE', #2582, #4781 ) ;
#9563 =( REPRESENTATION_RELATIONSHIP ('NONE','NONE', #1175, #3229 ) REPRESENTATION_RELATIONSHIP_WITH_TRANSFORMATION ( #3128 )SHAPE_REPRESENTATION_RELATIONSHIP( ) );
#9564 = AXIS2_PLACEMENT_3D ( 'NONE', #6134, #10445, #2607 ) ;
#9565 = CARTESIAN_POINT ( 'NONE',  ( 1.944987549582441355, 0.1968503937007874405, 0.2379405998475863648 ) ) ;
#9566 = CARTESIAN_POINT ( 'NONE',  ( -0.8910725290249982278, 0.1574803149606299191, 3.345671532367592516 ) ) ;
#9567 = EDGE_CURVE ( 'NONE', #1965, #120, #185, .T. ) ;
#9568 = ORIENTED_EDGE ( 'NONE', *, *, #4041, .F. ) ;
#9569 = FACE_OUTER_BOUND ( 'NONE', #9324, .T. ) ;
#9570 = ADVANCED_FACE ( 'NONE', ( #6045 ), #6155, .T. ) ;
#9571 = CARTESIAN_POINT ( 'NONE',  ( -0.8713874896549197446, 0.1771653543307086520, 0.000000000000000000 ) ) ;
#9572 = VECTOR ( 'NONE', #10414, 39.37007874015748143 ) ;
#9573 = EDGE_LOOP ( 'NONE', ( #3596, #10719, #290, #6822 ) ) ;
#9574 = ORIENTED_EDGE ( 'NONE', *, *, #8157, .F. ) ;
#9575 = VERTEX_POINT ( 'NONE', #1831 ) ;
#9576 = CARTESIAN_POINT ( 'NONE',  ( 1.462704085015511746, 0.4724409448818898127, 3.954493343523932669 ) ) ;
#9577 = EDGE_CURVE ( 'NONE', #313, #3224, #7930, .T. ) ;
#9578 = VECTOR ( 'NONE', #5433, 39.37007874015748143 ) ;
#9579 = CARTESIAN_POINT ( 'NONE',  ( -1.814854970102598664, 0.000000000000000000, 1.147199780013996362 ) ) ;
#9580 = DIRECTION ( 'NONE',  ( 1.156482317317871478E-16, -0.000000000000000000, -1.000000000000000000 ) ) ;
#9581 = CARTESIAN_POINT ( 'NONE',  ( -0.8898853758908631395, 0.1507476349739041432, 0.8833999456096858216 ) ) ;
#9582 = CARTESIAN_POINT ( 'NONE',  ( 1.728452116511573822, 0.1771653543307086520, -1.645900357263467839 ) ) ;
#9583 = DIRECTION ( 'NONE',  ( -4.625929269271485914E-16, 0.000000000000000000, 1.000000000000000000 ) ) ;
#9584 = CARTESIAN_POINT ( 'NONE',  ( 0.01726810063082680896, 0.1771653543307086520, 1.372954896033654359E-17 ) ) ;
#9585 = VERTEX_POINT ( 'NONE', #105 ) ;
#9586 = FACE_OUTER_BOUND ( 'NONE', #5808, .T. ) ;
#9587 = CARTESIAN_POINT ( 'NONE',  ( -1.398747477569602271, 0.1968503937007874127, 3.924965784468814611 ) ) ;
#9588 = CARTESIAN_POINT ( 'NONE',  ( -1.499667083999375317, 0.1507476349739041155, 1.041334772934244590 ) ) ;
#9589 = CARTESIAN_POINT ( 'NONE',  ( 1.728452116511574932, 0.000000000000000000, 4.121816178169601663 ) ) ;
#9590 = EDGE_CURVE ( 'NONE', #5681, #7726, #8855, .T. ) ;
#9591 = EDGE_CURVE ( 'NONE', #10382, #7567, #7149, .T. ) ;
#9592 = CARTESIAN_POINT ( 'NONE',  ( 0.8042699088205085278, 0.1529109616598305632, 3.185762165388227540 ) ) ;
#9593 = CYLINDRICAL_SURFACE ( 'NONE', #1649, 0.01968503937007875723 ) ;
#9594 = AXIS2_PLACEMENT_3D ( 'NONE', #5877, #10079, #3210 ) ;
#9595 = CARTESIAN_POINT ( 'NONE',  ( 1.767822195251732786, 0.1968503937007874127, -1.941175947814649749 ) ) ;
#9596 = VERTEX_POINT ( 'NONE', #1148 ) ;
#9597 = FACE_BOUND ( 'NONE', #5393, .T. ) ;
#9598 = DIRECTION ( 'NONE',  ( 0.000000000000000000, 1.000000000000000000, 0.000000000000000000 ) ) ;
#9599 = ORIENTED_EDGE ( 'NONE', *, *, #2118, .T. ) ;
#9600 = FACE_OUTER_BOUND ( 'NONE', #3866, .T. ) ;
#9601 = CARTESIAN_POINT ( 'NONE',  ( -1.814854970102598219, 0.1771653543307086520, 4.121816178169601663 ) ) ;
#9602 = VECTOR ( 'NONE', #7615, 39.37007874015748143 ) ;
#9603 = CARTESIAN_POINT ( 'NONE',  ( -0.8898853758908628064, 0.1507476349739042265, 2.576767843800386704 ) ) ;
#9604 = ORIENTED_EDGE ( 'NONE', *, *, #6864, .T. ) ;
#9605 = EDGE_CURVE ( 'NONE', #3684, #3806, #719, .T. ) ;
#9606 = ORIENTED_EDGE ( 'NONE', *, *, #9081, .T. ) ;
#9607 = EDGE_CURVE ( 'NONE', #3383, #5667, #2401, .T. ) ;
#9608 = CYLINDRICAL_SURFACE ( 'NONE', #3999, 0.01968503937007875723 ) ;
#9609 = LINE ( 'NONE', #2626, #5198 ) ;
#9610 = ORIENTED_EDGE ( 'NONE', *, *, #368, .T. ) ;
#9611 = DIRECTION ( 'NONE',  ( -0.000000000000000000, 1.000000000000000000, -0.000000000000000000 ) ) ;
#9612 = LINE ( 'NONE', #4571, #7577 ) ;
#9614 = CARTESIAN_POINT ( 'NONE',  ( -1.498479930865239007, 0.1690115440477737152, 2.417645863341691737 ) ) ;
#9613 = AXIS2_PLACEMENT_3D ( 'NONE', #418, #10831, #5625 ) ;
#9615 = EDGE_LOOP ( 'NONE', ( #4266, #1915, #6707, #9060 ) ) ;
#9616 = CARTESIAN_POINT ( 'NONE',  ( -0.06730118844126409261, 0.000000000000000000, 2.409217752972752979 ) ) ;
#9617 = LINE ( 'NONE', #9676, #4051 ) ;
#9618 = DIRECTION ( 'NONE',  ( -0.9396926207859080948, 0.3420201433256694346, -1.086737899652990755E-16 ) ) ;
#9619 = CARTESIAN_POINT ( 'NONE',  ( -0.8898853758908628064, 0.1507476349739040877, 1.651116481042756545 ) ) ;
#9620 = AXIS2_PLACEMENT_3D ( 'NONE', #3384, #3218, #7602 ) ;
#9621 = EDGE_CURVE ( 'NONE', #6182, #1796, #3573, .T. ) ;
#9622 = ADVANCED_FACE ( 'NONE', ( #288 ), #10699, .F. ) ;
#9623 = CARTESIAN_POINT ( 'NONE',  ( -0.1036709542218487573, 0.1574803149606299191, -1.198936253770385593E-17 ) ) ;
#9624 = EDGE_LOOP ( 'NONE', ( #595, #9222, #8692, #10160 ) ) ;
#9625 = DIRECTION ( 'NONE',  ( 0.000000000000000000, 0.000000000000000000, 1.000000000000000000 ) ) ;
#9626 = CARTESIAN_POINT ( 'NONE',  ( -1.253831348055354900, -0.2952755905511810774, -0.2964909084445707665 ) ) ;
#9627 = EDGE_LOOP ( 'NONE', ( #7050, #7622, #3369, #8218 ) ) ;
#9628 = ORIENTED_EDGE ( 'NONE', *, *, #1739, .T. ) ;
#9629 = EDGE_CURVE ( 'NONE', #5074, #1796, #9036, .T. ) ;
#9630 = VERTEX_POINT ( 'NONE', #3785 ) ;
#9631 = VERTEX_POINT ( 'NONE', #6344 ) ;
#9632 = EDGE_LOOP ( 'NONE', ( #4973, #8316, #9064, #9434 ) ) ;
#9633 = DIRECTION ( 'NONE',  ( 0.000000000000000000, 0.000000000000000000, 1.000000000000000000 ) ) ;
#9634 = EDGE_CURVE ( 'NONE', #7079, #5961, #5657, .T. ) ;
#9635 = CARTESIAN_POINT ( 'NONE',  ( -1.498479930865239451, 0.1690115440477737152, 1.649929327908621346 ) ) ;
#9636 = VERTEX_POINT ( 'NONE', #4742 ) ;
#9637 = FACE_OUTER_BOUND ( 'NONE', #9232, .T. ) ;
#9638 = FACE_OUTER_BOUND ( 'NONE', #6569, .T. ) ;
#9639 =( BOUNDED_CURVE ( )  B_SPLINE_CURVE ( 3, ( #1204, #106, #3602, #4632 ),
 .UNSPECIFIED., .F., .F. ) 
 B_SPLINE_CURVE_WITH_KNOTS ( ( 4, 4 ),
 ( 3.141592653589793116, 3.490658503988659955 ),
 .UNSPECIFIED. ) 
 CURVE ( )  GEOMETRIC_REPRESENTATION_ITEM ( )  RATIONAL_B_SPLINE_CURVE ( ( 1.000000000000000000, 0.9898718353414720506, 0.9898718353414720506, 1.000000000000000000 ) ) 
 REPRESENTATION_ITEM ( '' )  );
#9640 = DIRECTION ( 'NONE',  ( -1.000000000000000000, -0.000000000000000000, -5.782411586589357392E-17 ) ) ;
#9641 = CIRCLE ( 'NONE', #10372, 0.1377952755905512972 ) ;
#9642 = CARTESIAN_POINT ( 'NONE',  ( 0.000000000000000000, 0.1574803149606299191, 3.953078934207833850 ) ) ;
#9643 = VERTEX_POINT ( 'NONE', #6517 ) ;
#9644 = EDGE_CURVE ( 'NONE', #1554, #2846, #4691, .T. ) ;
#9645 = CARTESIAN_POINT ( 'NONE',  ( 2.082782825172992514, 0.5905511811023621549, 0.2379405998475863648 ) ) ;
#9646 = CARTESIAN_POINT ( 'NONE',  ( -1.498479930865239451, 0.1574803149606299191, 0.8822127924755501782 ) ) ;
#9647 = ORIENTED_EDGE ( 'NONE', *, *, #52, .T. ) ;
#9648 = CARTESIAN_POINT ( 'NONE',  ( -0.7868182005828323611, 1.707404996040164512E-17, 1.754183656350787546 ) ) ;
#9649 = CARTESIAN_POINT ( 'NONE',  ( -0.1036709542218489377, 0.1771653543307086520, 3.325986492997513810 ) ) ;
#9650 = CARTESIAN_POINT ( 'NONE',  ( 1.278924360686168216, 0.1968503937007874127, 3.929080006889733134 ) ) ;
#9651 = DIRECTION ( 'NONE',  ( -0.5031907286678233282, 0.000000000000000000, -0.8641753818425660372 ) ) ;
#9652 = ORIENTED_EDGE ( 'NONE', *, *, #1620, .T. ) ;
#9653 = DIRECTION ( 'NONE',  ( 0.000000000000000000, 1.000000000000000000, -0.000000000000000000 ) ) ;
#9654 = EDGE_CURVE ( 'NONE', #10022, #1784, #8327, .T. ) ;
#9655 = CARTESIAN_POINT ( 'NONE',  ( -1.716429773252204916, 0.4724409448818898127, 0.000000000000000000 ) ) ;
#9656 = ADVANCED_FACE ( 'NONE', ( #8172 ), #5606, .F. ) ;
#9657 = EDGE_LOOP ( 'NONE', ( #5595, #6210 ) ) ;
#9658 = FACE_OUTER_BOUND ( 'NONE', #10617, .T. ) ;
#9659 = AXIS2_PLACEMENT_3D ( 'NONE', #2126, #7274, #4757 ) ;
#9660 = CARTESIAN_POINT ( 'NONE',  ( 1.944987549582441355, 0.4724409448818898127, 0.1326429498231457837 ) ) ;
#9661 = AXIS2_PLACEMENT_3D ( 'NONE', #3660, #8047, #5365 ) ;
#9662 = DIRECTION ( 'NONE',  ( 0.000000000000000000, 0.000000000000000000, 1.000000000000000000 ) ) ;
#9663 = DIRECTION ( 'NONE',  ( 0.000000000000000000, 0.000000000000000000, -1.000000000000000000 ) ) ;
#9664 = ORIENTED_EDGE ( 'NONE', *, *, #11167, .F. ) ;
#9665 = ORIENTED_EDGE ( 'NONE', *, *, #2121, .F. ) ;
#9666 = FACE_OUTER_BOUND ( 'NONE', #6956, .T. ) ;
#9667 = FACE_OUTER_BOUND ( 'NONE', #67, .T. ) ;
#9668 = ORIENTED_EDGE ( 'NONE', *, *, #9289, .F. ) ;
#9669 = DIRECTION ( 'NONE',  ( 1.000000000000000000, 0.000000000000000000, -1.734723475976807094E-16 ) ) ;
#9670 = DIRECTION ( 'NONE',  ( 0.3236155771181853935, 0.8891264907159878161, -0.3236155771181852270 ) ) ;
#9671 = VECTOR ( 'NONE', #4909, 39.37007874015748143 ) ;
#9672 = AXIS2_PLACEMENT_3D ( 'NONE', #2453, #3373, #5923 ) ;
#9673 = CARTESIAN_POINT ( 'NONE',  ( 0.03655337338743778336, 0.1529109616598306187, 2.577555230321057156 ) ) ;
#9674 = ORIENTED_EDGE ( 'NONE', *, *, #6715, .F. ) ;
#9675 = DIRECTION ( 'NONE',  ( 5.433689498264953774E-17, 0.3420201433256694346, -0.9396926207859080948 ) ) ;
#9676 = CARTESIAN_POINT ( 'NONE',  ( -1.490051820496299806, 0.000000000000000000, 4.009133739358497373 ) ) ;
#9677 = CARTESIAN_POINT ( 'NONE',  ( -2.011705363803387048, 0.4724409448818898127, -1.783695632854019442 ) ) ;
#9678 = LINE ( 'NONE', #9795, #5398 ) ;
#9679 = VERTEX_POINT ( 'NONE', #10012 ) ;
#9680 = AXIS2_PLACEMENT_3D ( 'NONE', #5590, #9019, #149 ) ;
#9681 = VECTOR ( 'NONE', #1626, 39.37007874015748143 ) ;
#9682 = CARTESIAN_POINT ( 'NONE',  ( -0.8713874896549199667, 0.1771653543307086520, 3.972763973577912555 ) ) ;
#9683 = ORIENTED_EDGE ( 'NONE', *, *, #1378, .T. ) ;
#9684 = CARTESIAN_POINT ( 'NONE',  ( -0.1229562269784630069, 0.1529109616598307020, 3.953478700821298375 ) ) ;
#9685 = ORIENTED_EDGE ( 'NONE', *, *, #8658, .F. ) ;
#9686 = VERTEX_POINT ( 'NONE', #2221 ) ;
#9687 = CARTESIAN_POINT ( 'NONE',  ( -1.499667083999374873, 0.1507476349739041432, 0.2736182375011737555 ) ) ;
#9688 = CIRCLE ( 'NONE', #3470, 0.1377952755905511584 ) ;
#9689 = EDGE_CURVE ( 'NONE', #10397, #10471, #5296, .T. ) ;
#9690 = ORIENTED_EDGE ( 'NONE', *, *, #9924, .F. ) ;
#9691 = ORIENTED_EDGE ( 'NONE', *, *, #6958, .T. ) ;
#9692 = ORIENTED_EDGE ( 'NONE', *, *, #8720, .T. ) ;
#9693 = PLANE ( 'NONE',  #5279 ) ;
#9694 = VECTOR ( 'NONE', #9950, 39.37007874015748143 ) ;
#9695 = DIRECTION ( 'NONE',  ( -0.000000000000000000, -1.000000000000000000, -0.000000000000000000 ) ) ;
#9696 = ORIENTED_EDGE ( 'NONE', *, *, #5933, .F. ) ;
#9697 = EDGE_CURVE ( 'NONE', #8957, #7480, #7317, .T. ) ;
#9698 = LINE ( 'NONE', #7965, #3123 ) ;
#9699 = LINE ( 'NONE', #6252, #6110 ) ;
#9700 = CARTESIAN_POINT ( 'NONE',  ( -0.1233559935919277123, 0.1574803149606299191, 2.577954996934521681 ) ) ;
#9701 = CARTESIAN_POINT ( 'NONE',  ( 0.03695314000090240553, 0.1690115440477736874, 3.185362398774761683 ) ) ;
#9702 = ADVANCED_FACE ( 'NONE', ( #7318 ), #5551, .T. ) ;
#9703 = EDGE_LOOP ( 'NONE', ( #1910, #81, #2661, #5728 ) ) ;
#9704 = ORIENTED_EDGE ( 'NONE', *, *, #4344, .F. ) ;
#9705 = LINE ( 'NONE', #9645, #10101 ) ;
#9706 = DIRECTION ( 'NONE',  ( 0.000000000000000000, 0.000000000000000000, -1.000000000000000000 ) ) ;
#9707 = ORIENTED_EDGE ( 'NONE', *, *, #2866, .F. ) ;
#9708 = CARTESIAN_POINT ( 'NONE',  ( 0.03695314000090241940, 0.1574803149606299191, 2.417645863341691737 ) ) ;
#9709 = VERTEX_POINT ( 'NONE', #449 ) ;
#9710 =( BOUNDED_CURVE ( )  B_SPLINE_CURVE ( 3, ( #1610, #7657, #9282, #11209 ),
 .UNSPECIFIED., .F., .F. ) 
 B_SPLINE_CURVE_WITH_KNOTS ( ( 4, 4 ),
 ( 0.000000000000000000, 0.3490658503988705030 ),
 .UNSPECIFIED. ) 
 CURVE ( )  GEOMETRIC_REPRESENTATION_ITEM ( )  RATIONAL_B_SPLINE_CURVE ( ( 1.000000000000000000, 0.9898718353414717175, 0.9898718353414717175, 1.000000000000000000 ) ) 
 REPRESENTATION_ITEM ( '' )  );
#9711 = CARTESIAN_POINT ( 'NONE',  ( 0.03695314000090244022, 0.1574803149606299191, 1.649929327908620902 ) ) ;
#9712 = PRODUCT_DEFINITION_SHAPE ( 'NONE', 'NONE',  #251 ) ;
#9713 = ADVANCED_FACE ( 'NONE', ( #2985, #6459, #397 ), #9962, .T. ) ;
#9714 = CARTESIAN_POINT ( 'NONE',  ( 1.944987549582441355, 0.1968503937007874127, -0.3988531131689802001 ) ) ;
#9715 = LINE ( 'NONE', #5177, #5125 ) ;
#9716 = ORIENTED_EDGE ( 'NONE', *, *, #4182, .T. ) ;
#9717 = CARTESIAN_POINT ( 'NONE',  ( -2.169185678764016245, 0.5905511811023621549, 5.347521247254649409E-16 ) ) ;
#9718 = AXIS2_PLACEMENT_3D ( 'NONE', #3498, #10359, #6104 ) ;
#9719 = EDGE_CURVE ( 'NONE', #252, #4256, #7425, .T. ) ;
#9720 = FACE_OUTER_BOUND ( 'NONE', #7172, .T. ) ;
#9721 = ORIENTED_EDGE ( 'NONE', *, *, #1903, .F. ) ;
#9722 = LINE ( 'NONE', #4564, #10045 ) ;
#9723 = DIRECTION ( 'NONE',  ( -1.000000000000000000, 0.000000000000000000, -0.000000000000000000 ) ) ;
#9724 = VERTEX_POINT ( 'NONE', #602 ) ;
#9725 = VERTEX_POINT ( 'NONE', #7579 ) ;
#9726 = CIRCLE ( 'NONE', #5335, 0.09842519685039363697 ) ;
#9727 = DIRECTION ( 'NONE',  ( 0.000000000000000000, 0.000000000000000000, 1.000000000000000000 ) ) ;
#9728 = DIRECTION ( 'NONE',  ( 1.000000000000000000, -0.000000000000000000, -4.625929269271485914E-16 ) ) ;
#9729 = ADVANCED_FACE ( 'NONE', ( #9260 ), #2502, .T. ) ;
#9730 = CARTESIAN_POINT ( 'NONE',  ( -0.8601305606537805737, 2.287311901041906737, -0.2020027194681933147 ) ) ;
#9731 = DIRECTION ( 'NONE',  ( -0.3236155771181852825, 0.8891264907159880382, -0.3236155771181852825 ) ) ;
#9732 = ORIENTED_EDGE ( 'NONE', *, *, #6191, .F. ) ;
#9733 = DIRECTION ( 'NONE',  ( -0.000000000000000000, 0.000000000000000000, 1.000000000000000000 ) ) ;
#9734 = VERTEX_POINT ( 'NONE', #9368 ) ;
#9735 = CARTESIAN_POINT ( 'NONE',  ( -1.677059694512046839, 0.000000000000000000, 4.121816178169601663 ) ) ;
#9736 = CARTESIAN_POINT ( 'NONE',  ( 0.000000000000000000, 0.1968503937007874127, -1.645900357263467839 ) ) ;
#9737 = VECTOR ( 'NONE', #6835, 39.37007874015748143 ) ;
#9738 = DIRECTION ( 'NONE',  ( 0.000000000000000000, 0.000000000000000000, 1.000000000000000000 ) ) ;
#9739 = VECTOR ( 'NONE', #335, 39.37007874015748143 ) ;
#9740 = DIRECTION ( 'NONE',  ( -0.3236155771181852825, 0.8891264907159880382, 0.3236155771181852825 ) ) ;
#9741 = ORIENTED_EDGE ( 'NONE', *, *, #2484, .T. ) ;
#9742 = UNCERTAINTY_MEASURE_WITH_UNIT (LENGTH_MEASURE( 1.000000000000000082E-05 ), #3074, 'distance_accuracy_value', 'NONE');
#9743 = CARTESIAN_POINT ( 'NONE',  ( -2.031390403173464865, 0.4724409448818899238, -0.3988531131689809217 ) ) ;
#9744 = ORIENTED_EDGE ( 'NONE', *, *, #5324, .T. ) ;
#9745 = EDGE_CURVE ( 'NONE', #5550, #9709, #1645, .T. ) ;
#9746 = VERTEX_POINT ( 'NONE', #1425 ) ;
#9747 = DIRECTION ( 'NONE',  ( -1.000000000000000000, 0.000000000000000000, -0.000000000000000000 ) ) ;
#9748 = ORIENTED_EDGE ( 'NONE', *, *, #5325, .T. ) ;
#9749 = VECTOR ( 'NONE', #875, 39.37007874015748854 ) ;
#9750 = ORIENTED_EDGE ( 'NONE', *, *, #4031, .F. ) ;
#9751 = CYLINDRICAL_SURFACE ( 'NONE', #11057, 0.01968503937007875723 ) ;
#9752 = ORIENTED_EDGE ( 'NONE', *, *, #5106, .T. ) ;
#9753 = VERTEX_POINT ( 'NONE', #2384 ) ;
#9754 = ORIENTED_EDGE ( 'NONE', *, *, #1889, .T. ) ;
#9755 = LINE ( 'NONE', #3751, #9309 ) ;
#9756 = ORIENTED_EDGE ( 'NONE', *, *, #599, .T. ) ;
#9757 = FACE_OUTER_BOUND ( 'NONE', #2647, .T. ) ;
#9758 = DIRECTION ( 'NONE',  ( 0.000000000000000000, -0.9396926207859080948, 0.3420201433256694901 ) ) ;
#9759 = DIRECTION ( 'NONE',  ( 0.000000000000000000, 1.000000000000000000, -0.000000000000000000 ) ) ;
#9760 = CARTESIAN_POINT ( 'NONE',  ( 0.04538125036984170385, 0.1507476349739041432, 1.651116481042756767 ) ) ;
#9761 = ORIENTED_EDGE ( 'NONE', *, *, #2074, .F. ) ;
#9762 = DIRECTION ( 'NONE',  ( 0.000000000000000000, -1.000000000000000000, 0.000000000000000000 ) ) ;
#9763 = DIRECTION ( 'NONE',  ( 0.000000000000000000, 1.000000000000000000, -0.000000000000000000 ) ) ;
#9764 = EDGE_CURVE ( 'NONE', #6581, #10195, #6619, .T. ) ;
#9765 = ORIENTED_EDGE ( 'NONE', *, *, #9607, .F. ) ;
#9766 = DIRECTION ( 'NONE',  ( 0.000000000000000000, 0.3420201433256694346, 0.9396926207859080948 ) ) ;
#9767 = ORIENTED_EDGE ( 'NONE', *, *, #9784, .T. ) ;
#9768 = EDGE_CURVE ( 'NONE', #9551, #214, #4384, .T. ) ;
#9769 = FACE_OUTER_BOUND ( 'NONE', #6672, .T. ) ;
#9770 = LINE ( 'NONE', #1933, #2558 ) ;
#9771 = ORIENTED_EDGE ( 'NONE', *, *, #5502, .F. ) ;
#9772 = DIRECTION ( 'NONE',  ( -1.228122814850837064E-16, 0.000000000000000000, -1.000000000000000000 ) ) ;
#9773 = ORIENTED_EDGE ( 'NONE', *, *, #8412, .F. ) ;
#9774 = CARTESIAN_POINT ( 'NONE',  ( -0.8923797854702465449, 0.4724409448818898127, 3.905280745098735906 ) ) ;
#9775 = ORIENTED_EDGE ( 'NONE', *, *, #3332, .T. ) ;
#9776 = CARTESIAN_POINT ( 'NONE',  ( -1.952650245693150044, 0.1771653543307086520, 1.147199780013996362 ) ) ;
#9777 = PLANE ( 'NONE',  #2612 ) ;
#9778 = ADVANCED_FACE ( 'NONE', ( #10170 ), #11188, .T. ) ;
#9779 = CARTESIAN_POINT ( 'NONE',  ( 1.431762116644293092, 0.1771653543307086520, 0.000000000000000000 ) ) ;
#9780 = CARTESIAN_POINT ( 'NONE',  ( -0.1233559935919279898, 0.1574803149606299191, 1.649929327908620902 ) ) ;
#9781 = ORIENTED_EDGE ( 'NONE', *, *, #2734, .T. ) ;
#9782 = ORIENTED_EDGE ( 'NONE', *, *, #1782, .F. ) ;
#9783 = CARTESIAN_POINT ( 'NONE',  ( 0.01726810063082416177, 0.1771653543307086520, 3.325986492997513810 ) ) ;
#9784 = EDGE_CURVE ( 'NONE', #10838, #8700, #658, .T. ) ;
#9785 = PLANE ( 'NONE',  #3091 ) ;
#9786 = EDGE_CURVE ( 'NONE', #9480, #8710, #11071, .T. ) ;
#9787 = FACE_OUTER_BOUND ( 'NONE', #7779, .T. ) ;
#9788 = DIRECTION ( 'NONE',  ( 0.000000000000000000, 0.000000000000000000, 1.000000000000000000 ) ) ;
#9789 = CARTESIAN_POINT ( 'NONE',  ( -2.011705363803387048, 0.000000000000000000, -0.3004279163185862855 ) ) ;
#9790 = CARTESIAN_POINT ( 'NONE',  ( -0.8829187187420636240, 0.1771653543307086520, 0.2666515803523745176 ) ) ;
#9791 = CIRCLE ( 'NONE', #4123, 0.05511811023622041616 ) ;
#9792 = AXIS2_PLACEMENT_3D ( 'NONE', #8502, #7872, #11261 ) ;
#9793 = FACE_OUTER_BOUND ( 'NONE', #11266, .T. ) ;
#9794 = LINE ( 'NONE', #8865, #9188 ) ;
#9795 = CARTESIAN_POINT ( 'NONE',  ( 0.8130977858029124761, 0.1507476349739041432, 1.651116481042756767 ) ) ;
#9796 = EDGE_CURVE ( 'NONE', #3772, #8978, #8030, .T. ) ;
#9797 = CARTESIAN_POINT ( 'NONE',  ( -1.814854970102599330, 0.000000000000000000, -1.645900357263467839 ) ) ;
#9798 = ORIENTED_EDGE ( 'NONE', *, *, #4441, .F. ) ;
#9799 =( BOUNDED_CURVE ( )  B_SPLINE_CURVE ( 3, ( #8776, #4438, #7914, #3587 ),
 .UNSPECIFIED., .F., .F. ) 
 B_SPLINE_CURVE_WITH_KNOTS ( ( 4, 4 ),
 ( 0.000000000000000000, 0.3490658503988640082 ),
 .UNSPECIFIED. ) 
 CURVE ( )  GEOMETRIC_REPRESENTATION_ITEM ( )  RATIONAL_B_SPLINE_CURVE ( ( 1.000000000000000000, 0.9898718353414720506, 0.9898718353414720506, 1.000000000000000000 ) ) 
 REPRESENTATION_ITEM ( '' )  );
#9800 = CARTESIAN_POINT ( 'NONE',  ( -0.9258000487626546482, 0.1968503937007874682, 4.038961798268368319 ) ) ;
#9801 = CARTESIAN_POINT ( 'NONE',  ( -0.1233559935919278927, 0.1574803149606299191, 0.8822127924755500672 ) ) ;
#9802 = VERTEX_POINT ( 'NONE', #6670 ) ;
#9803 = AXIS2_PLACEMENT_3D ( 'NONE', #1349, #429, #5581 ) ;
#9804 = VERTEX_POINT ( 'NONE', #4897 ) ;
#9805 = FACE_OUTER_BOUND ( 'NONE', #312, .T. ) ;
#9806 = ORIENTED_EDGE ( 'NONE', *, *, #6498, .T. ) ;
#9807 = EDGE_LOOP ( 'NONE', ( #11206, #1345, #7759, #6083 ) ) ;
#9808 = DIRECTION ( 'NONE',  ( -1.000000000000000000, 0.000000000000000000, 0.000000000000000000 ) ) ;
#9809 = VERTEX_POINT ( 'NONE', #9313 ) ;
#9810 = EDGE_LOOP ( 'NONE', ( #14, #3075, #8636, #7873, #1027, #7990, #3681, #1636, #10752, #7792, #3677, #4217, #8740, #2480, #8055, #2924 ) ) ;
#9811 = EDGE_CURVE ( 'NONE', #10803, #183, #10731, .T. ) ;
#9812 = AXIS2_PLACEMENT_3D ( 'NONE', #4029, #9182, #10891 ) ;
#9813 = EDGE_CURVE ( 'NONE', #4053, #9480, #1736, .T. ) ;
#9814 = ORIENTED_EDGE ( 'NONE', *, *, #10076, .F. ) ;
#9815 = CARTESIAN_POINT ( 'NONE',  ( -0.1233559935919276845, 0.1574803149606299191, 0.000000000000000000 ) ) ;
#9816 = ORIENTED_EDGE ( 'NONE', *, *, #3332, .F. ) ;
#9817 = CARTESIAN_POINT ( 'NONE',  ( 0.8130977858029132532, 0.1771653543307086520, 3.354099642736532161 ) ) ;
#9818 = CARTESIAN_POINT ( 'NONE',  ( -1.518164970235317934, 0.1771653543307086520, 3.972763973577912555 ) ) ;
#9819 = AXIS2_PLACEMENT_3D ( 'NONE', #1691, #9356, #11175 ) ;
#9820 = CARTESIAN_POINT ( 'NONE',  ( 0.6455476949752787519, 0.1507476349739042265, 3.186549551908897548 ) ) ;
#9821 =( BOUNDED_CURVE ( )  B_SPLINE_CURVE ( 3, ( #7721, #1732, #3392, #5327 ),
 .UNSPECIFIED., .F., .F. ) 
 B_SPLINE_CURVE_WITH_KNOTS ( ( 4, 4 ),
 ( 5.934119456780716284, 6.283185307179586232 ),
 .UNSPECIFIED. ) 
 CURVE ( )  GEOMETRIC_REPRESENTATION_ITEM ( )  RATIONAL_B_SPLINE_CURVE ( ( 1.000000000000000000, 0.9898718353414717175, 0.9898718353414717175, 1.000000000000000000 ) ) 
 REPRESENTATION_ITEM ( '' )  );
#9822 = DIRECTION ( 'NONE',  ( 1.000000000000000000, 0.000000000000000000, -1.228122814850837064E-16 ) ) ;
#9823 = CARTESIAN_POINT ( 'NONE',  ( 0.000000000000000000, 0.4724409448818898127, 0.000000000000000000 ) ) ;
#9824 = ORIENTED_EDGE ( 'NONE', *, *, #7933, .T. ) ;
#9825 = ORIENTED_EDGE ( 'NONE', *, *, #10724, .F. ) ;
#9826 = CYLINDRICAL_SURFACE ( 'NONE', #2417, 0.01968503937007873988 ) ;
#9827 = DIRECTION ( 'NONE',  ( 1.000000000000000000, -0.000000000000000000, 0.000000000000000000 ) ) ;
#9828 = ORIENTED_EDGE ( 'NONE', *, *, #1914, .T. ) ;
#9829 = CARTESIAN_POINT ( 'NONE',  ( -0.1036709542218489377, 0.1771653543307086520, 3.972763973577912555 ) ) ;
#9830 = PLANE ( 'NONE',  #1454 ) ;
#9831 = CARTESIAN_POINT ( 'NONE',  ( 0.8046696754339741631, 0.1574803149606299191, 1.861172501842603870E-16 ) ) ;
#9832 = LINE ( 'NONE', #5534, #8408 ) ;
#9833 = EDGE_LOOP ( 'NONE', ( #7170, #3307, #8142, #3263 ) ) ;
#9834 = LINE ( 'NONE', #6389, #990 ) ;
#9835 = ORIENTED_EDGE ( 'NONE', *, *, #2042, .T. ) ;
#9836 = DIRECTION ( 'NONE',  ( 0.000000000000000000, 0.000000000000000000, 1.000000000000000000 ) ) ;
#9837 = EDGE_CURVE ( 'NONE', #2090, #3321, #4949, .T. ) ;
#9838 = EDGE_LOOP ( 'NONE', ( #5866, #2788, #10275, #4334 ) ) ;
#9839 = CYLINDRICAL_SURFACE ( 'NONE', #2069, 0.1377952755905511584 ) ;
#9840 = DIRECTION ( 'NONE',  ( -0.000000000000000000, 0.000000000000000000, 1.000000000000000000 ) ) ;
#9841 = VERTEX_POINT ( 'NONE', #5861 ) ;
#9842 = CARTESIAN_POINT ( 'NONE',  ( -0.8923797854702465449, 0.1968503937007874127, 4.043076020689286842 ) ) ;
#9843 = DIRECTION ( 'NONE',  ( 0.000000000000000000, 0.000000000000000000, 1.000000000000000000 ) ) ;
#9844 = VERTEX_POINT ( 'NONE', #8427 ) ;
#9845 = CARTESIAN_POINT ( 'NONE',  ( 0.8130977858029123650, 0.1771653543307086520, 2.409217752972752535 ) ) ;
#9846 = DIRECTION ( 'NONE',  ( 1.000000000000000000, 0.000000000000000000, -1.541976423090495387E-16 ) ) ;
#9847 = ORIENTED_EDGE ( 'NONE', *, *, #3756, .T. ) ;
#9848 = CARTESIAN_POINT ( 'NONE',  ( 1.925302510212361318, 0.000000000000000000, -1.689207443877641435 ) ) ;
#9849 = EDGE_CURVE ( 'NONE', #6643, #6116, #6784, .T. ) ;
#9850 = DIRECTION ( 'NONE',  ( 1.000000000000000000, -0.000000000000000000, -0.000000000000000000 ) ) ;
#9851 = VECTOR ( 'NONE', #5353, 39.37007874015748143 ) ;
#9852 = DIRECTION ( 'NONE',  ( -1.000000000000000000, 0.000000000000000000, -0.000000000000000000 ) ) ;
#9853 =( BOUNDED_CURVE ( )  B_SPLINE_CURVE ( 3, ( #8738, #9614, #4574, #2815 ),
 .UNSPECIFIED., .F., .F. ) 
 B_SPLINE_CURVE_WITH_KNOTS ( ( 4, 4 ),
 ( 0.000000000000000000, 1.570796326794896558 ),
 .UNSPECIFIED. ) 
 CURVE ( )  GEOMETRIC_REPRESENTATION_ITEM ( )  RATIONAL_B_SPLINE_CURVE ( ( 1.000000000000000000, 0.8047378541243649375, 0.8047378541243649375, 1.000000000000000000 ) ) 
 REPRESENTATION_ITEM ( '' )  );
#9854 = EDGE_CURVE ( 'NONE', #10004, #5820, #9422, .T. ) ;
#9855 = EDGE_CURVE ( 'NONE', #2683, #3690, #9475, .T. ) ;
#9856 = CARTESIAN_POINT ( 'NONE',  ( -1.854225048842756296, 0.5905511811023621549, 1.089888905898577232 ) ) ;
#9857 = CARTESIAN_POINT ( 'NONE',  ( -1.475210875130817966E-17, 0.1574803149606299191, 0.2551203512652307492 ) ) ;
#9858 = CARTESIAN_POINT ( 'NONE',  ( -0.8898853758908630285, 0.1507476349739041155, 3.954266087341969271 ) ) ;
#9859 = VERTEX_POINT ( 'NONE', #3995 ) ;
#9860 = DIRECTION ( 'NONE',  ( 0.000000000000000000, -0.9396926207859080948, 0.3420201433256694346 ) ) ;
#9861 = CARTESIAN_POINT ( 'NONE',  ( 0.03695314000090241940, 0.1574803149606299191, 2.417645863341691737 ) ) ;
#9862 = VERTEX_POINT ( 'NONE', #7477 ) ;
#9863 = VECTOR ( 'NONE', #5489, 39.37007874015748854 ) ;
#9864 = VERTEX_POINT ( 'NONE', #10968 ) ;
#9865 = DIRECTION ( 'NONE',  ( -4.625929269271485914E-16, 0.000000000000000000, 1.000000000000000000 ) ) ;
#9866 = EDGE_CURVE ( 'NONE', #1337, #9138, #10512, .T. ) ;
#9867 = ORIENTED_EDGE ( 'NONE', *, *, #11097, .T. ) ;
#9868 = ORIENTED_EDGE ( 'NONE', *, *, #4663, .F. ) ;
#9869 = CARTESIAN_POINT ( 'NONE',  ( -0.06730118844126403710, 0.000000000000000000, 3.354099642736532161 ) ) ;
#9870 = ORIENTED_EDGE ( 'NONE', *, *, #1413, .F. ) ;
#9871 = EDGE_CURVE ( 'NONE', #11064, #6011, #4264, .T. ) ;
#9872 = ORIENTED_EDGE ( 'NONE', *, *, #8007, .T. ) ;
#9873 = VECTOR ( 'NONE', #10105, 39.37007874015748143 ) ;
#9874 =( BOUNDED_CURVE ( )  B_SPLINE_CURVE ( 3, ( #3766, #2101, #10738, #7189 ),
 .UNSPECIFIED., .F., .F. ) 
 B_SPLINE_CURVE_WITH_KNOTS ( ( 4, 4 ),
 ( 2.792526803190925389, 3.141592653589793116 ),
 .UNSPECIFIED. ) 
 CURVE ( )  GEOMETRIC_REPRESENTATION_ITEM ( )  RATIONAL_B_SPLINE_CURVE ( ( 1.000000000000000000, 0.9898718353414719395, 0.9898718353414719395, 1.000000000000000000 ) ) 
 REPRESENTATION_ITEM ( '' )  );
#9875 = VECTOR ( 'NONE', #1199, 39.37007874015748143 ) ;
#9876 = VERTEX_POINT ( 'NONE', #7131 ) ;
#9877 = CARTESIAN_POINT ( 'NONE',  ( 0.03695314000090290513, 0.1574803149606299191, 3.345671532367592516 ) ) ;
#9878 = ORIENTED_EDGE ( 'NONE', *, *, #7124, .T. ) ;
#9879 = VECTOR ( 'NONE', #10317, 39.37007874015748854 ) ;
#9880 = CARTESIAN_POINT ( 'NONE',  ( -0.8601305606537800186, 0.000000000000000000, -0.2964909084445704890 ) ) ;
#9881 = EDGE_CURVE ( 'NONE', #11191, #6407, #4078, .T. ) ;
#9882 = FACE_OUTER_BOUND ( 'NONE', #4868, .T. ) ;
#9883 = CARTESIAN_POINT ( 'NONE',  ( 0.04538125036984216182, 0.000000000000000000, 3.289616727216929437 ) ) ;
#9884 = DIRECTION ( 'NONE',  ( 0.000000000000000000, 1.000000000000000000, -0.000000000000000000 ) ) ;
#9885 = CARTESIAN_POINT ( 'NONE',  ( -0.08257150553567020601, 0.4724409448818899238, -0.005152325767405871622 ) ) ;
#9886 = CARTESIAN_POINT ( 'NONE',  ( 0.01726810063082373503, 0.1771653543307086520, 1.790553422131372141 ) ) ;
#9887 = EDGE_LOOP ( 'NONE', ( #1247, #9893, #9606, #5049 ) ) ;
#9888 = CARTESIAN_POINT ( 'NONE',  ( 0.8034825222998376315, 0.1507476349739041155, 3.186549551908898437 ) ) ;
#9889 =( BOUNDED_CURVE ( )  B_SPLINE_CURVE ( 3, ( #4979, #3117, #5839, #3276 ),
 .UNSPECIFIED., .F., .T. ) 
 B_SPLINE_CURVE_WITH_KNOTS ( ( 4, 4 ),
 ( 1.570796326794896558, 3.141592653589793116 ),
 .UNSPECIFIED. ) 
 CURVE ( )  GEOMETRIC_REPRESENTATION_ITEM ( )  RATIONAL_B_SPLINE_CURVE ( ( 1.000000000000000000, 0.8047378541243649375, 0.8047378541243649375, 1.000000000000000000 ) ) 
 REPRESENTATION_ITEM ( '' )  );
#9890 = DIRECTION ( 'NONE',  ( -2.312964634635742957E-16, 0.000000000000000000, 1.000000000000000000 ) ) ;
#9891 = EDGE_CURVE ( 'NONE', #8944, #476, #150, .T. ) ;
#9892 = LINE ( 'NONE', #1067, #5859 ) ;
#9893 = ORIENTED_EDGE ( 'NONE', *, *, #8645, .T. ) ;
#9894 = VECTOR ( 'NONE', #3179, 39.37007874015748143 ) ;
#9895 = LINE ( 'NONE', #8966, #4095 ) ;
#9896 = CIRCLE ( 'NONE', #5175, 0.05905511811023627516 ) ;
#9897 = ORIENTED_EDGE ( 'NONE', *, *, #4072, .F. ) ;
#9898 = DIRECTION ( 'NONE',  ( -1.000000000000000000, 0.000000000000000000, 0.000000000000000000 ) ) ;
#9899 = ORIENTED_EDGE ( 'NONE', *, *, #8216, .T. ) ;
#9900 = DIRECTION ( 'NONE',  ( 1.000000000000000000, -0.000000000000000000, -9.251858538542969855E-16 ) ) ;
#9901 = FACE_BOUND ( 'NONE', #6730, .T. ) ;
#9902 = CARTESIAN_POINT ( 'NONE',  ( 1.630026919661180962, 0.5905511811023621549, 4.161186256909759962 ) ) ;
#9903 = ORIENTED_EDGE ( 'NONE', *, *, #9924, .T. ) ;
#9904 = LINE ( 'NONE', #2057, #2363 ) ;
#9905 = AXIS2_PLACEMENT_3D ( 'NONE', #6532, #10028, #2242 ) ;
#9906 = LINE ( 'NONE', #2059, #10389 ) ;
#9907 = DIRECTION ( 'NONE',  ( -0.000000000000000000, -1.000000000000000000, 0.000000000000000000 ) ) ;
#9908 = EDGE_CURVE ( 'NONE', #8701, #9686, #11292, .T. ) ;
#9909 = CARTESIAN_POINT ( 'NONE',  ( -1.118385876196546163E-15, 0.1574803149606299191, 2.417645863341691737 ) ) ;
#9910 = ORIENTED_EDGE ( 'NONE', *, *, #2986, .F. ) ;
#9911 = LINE ( 'NONE', #9041, #5950 ) ;
#9912 = CARTESIAN_POINT ( 'NONE',  ( 0.8130977858029125871, 0.000000000000000000, 4.009133739358497373 ) ) ;
#9913 = DIRECTION ( 'NONE',  ( 0.000000000000000000, 0.000000000000000000, 1.000000000000000000 ) ) ;
#9914 = DIRECTION ( 'NONE',  ( 1.000000000000000000, -0.000000000000000000, -0.000000000000000000 ) ) ;
#9915 = AXIS2_PLACEMENT_3D ( 'NONE', #8058, #1152, #7215 ) ;
#9916 = LINE ( 'NONE', #8335, #575 ) ;
#9917 = VERTEX_POINT ( 'NONE', #9714 ) ;
#9918 = ORIENTED_EDGE ( 'NONE', *, *, #9095, .T. ) ;
#9919 = ADVANCED_FACE ( 'NONE', ( #1814 ), #5293, .T. ) ;
#9920 = CARTESIAN_POINT ( 'NONE',  ( 1.925302510212361318, 0.1771653543307086520, -0.2020027194681925098 ) ) ;
#9921 = CARTESIAN_POINT ( 'NONE',  ( 1.468131882424877688, 0.000000000000000000, 1.705984133059284424 ) ) ;
#9922 = ORIENTED_EDGE ( 'NONE', *, *, #5031, .T. ) ;
#9923 = CARTESIAN_POINT ( 'NONE',  ( 1.462704085015511746, 0.000000000000000000, 4.013548461634169229 ) ) ;
#9924 = EDGE_CURVE ( 'NONE', #3699, #4753, #8736, .T. ) ;
#9925 = ORIENTED_EDGE ( 'NONE', *, *, #10482, .F. ) ;
#9926 = CARTESIAN_POINT ( 'NONE',  ( -0.8906727624115337028, 0.1529109616598305632, 1.809838694887986321 ) ) ;
#9927 = VERTEX_POINT ( 'NONE', #9650 ) ;
#9928 = AXIS2_PLACEMENT_3D ( 'NONE', #1010, #154, #9836 ) ;
#9929 = EDGE_LOOP ( 'NONE', ( #7395, #7887 ) ) ;
#9930 = CARTESIAN_POINT ( 'NONE',  ( -0.7307633954321685055, 0.1551781507868630616, 0.2748053906353093989 ) ) ;
#9931 = CIRCLE ( 'NONE', #237, 0.05511811023622041616 ) ;
#9932 = VERTEX_POINT ( 'NONE', #6030 ) ;
#9933 = VERTEX_POINT ( 'NONE', #8717 ) ;
#9934 = EDGE_CURVE ( 'NONE', #2739, #3159, #1759, .T. ) ;
#9935 = VECTOR ( 'NONE', #4316, 39.37007874015748854 ) ;
#9936 = DIRECTION ( 'NONE',  ( 4.625929269271485914E-16, -0.000000000000000000, -1.000000000000000000 ) ) ;
#9937 = VECTOR ( 'NONE', #4045, 39.37007874015748143 ) ;
#9938 = ORIENTED_EDGE ( 'NONE', *, *, #5201, .T. ) ;
#9939 = ADVANCED_FACE ( 'NONE', ( #11242 ), #9539, .T. ) ;
#9940 = DIRECTION ( 'NONE',  ( 1.156482317317871478E-16, -0.000000000000000000, -1.000000000000000000 ) ) ;
#9941 = CYLINDRICAL_SURFACE ( 'NONE', #1944, 0.01968503937007875723 ) ;
#9942 = LINE ( 'NONE', #10840, #3221 ) ;
#9943 =( BOUNDED_CURVE ( )  B_SPLINE_CURVE ( 3, ( #10021, #6525, #5665, #1384 ),
 .UNSPECIFIED., .F., .F. ) 
 B_SPLINE_CURVE_WITH_KNOTS ( ( 4, 4 ),
 ( 3.141592653589793116, 3.490658503988663064 ),
 .UNSPECIFIED. ) 
 CURVE ( )  GEOMETRIC_REPRESENTATION_ITEM ( )  RATIONAL_B_SPLINE_CURVE ( ( 1.000000000000000000, 0.9898718353414717175, 0.9898718353414717175, 1.000000000000000000 ) ) 
 REPRESENTATION_ITEM ( '' )  );
#9944 = CYLINDRICAL_SURFACE ( 'NONE', #6843, 0.01968503937007873988 ) ;
#9945 = DIRECTION ( 'NONE',  ( 0.000000000000000000, 0.000000000000000000, 1.000000000000000000 ) ) ;
#9946 = CARTESIAN_POINT ( 'NONE',  ( -2.267610875614410215, 0.1968503937007874127, 2.611570337134368189E-16 ) ) ;
#9947 = EDGE_CURVE ( 'NONE', #3776, #5787, #9770, .T. ) ;
#9948 = ORIENTED_EDGE ( 'NONE', *, *, #10115, .T. ) ;
#9949 = DIRECTION ( 'NONE',  ( 0.000000000000000000, 0.9396926207859080948, 0.3420201433256694346 ) ) ;
#9950 = DIRECTION ( 'NONE',  ( -0.000000000000000000, -1.000000000000000000, -0.000000000000000000 ) ) ;
#9951 = VERTEX_POINT ( 'NONE', #8775 ) ;
#9952 = DIRECTION ( 'NONE',  ( -0.000000000000000000, -1.000000000000000000, 0.000000000000000000 ) ) ;
#9953 = FACE_OUTER_BOUND ( 'NONE', #4475, .T. ) ;
#9954 = DIRECTION ( 'NONE',  ( -1.000000000000000000, -0.000000000000000000, -0.000000000000000000 ) ) ;
#9955 = FACE_OUTER_BOUND ( 'NONE', #10142, .T. ) ;
#9956 = EDGE_CURVE ( 'NONE', #10583, #2847, #11078, .T. ) ;
#9957 = ADVANCED_FACE ( 'NONE', ( #3586 ), #9593, .T. ) ;
#9958 = DIRECTION ( 'NONE',  ( 1.000000000000000000, 0.000000000000000000, 7.950815931560367493E-16 ) ) ;
#9959 = ORIENTED_EDGE ( 'NONE', *, *, #270, .F. ) ;
#9960 = LINE ( 'NONE', #1949, #1075 ) ;
#9961 = CARTESIAN_POINT ( 'NONE',  ( -1.833570960793583726, 0.1771653543307086520, 1.077862474882603339 ) ) ;
#9962 = PLANE ( 'NONE',  #9506 ) ;
#9963 = VECTOR ( 'NONE', #3589, 39.37007874015748143 ) ;
#9964 = ORIENTED_EDGE ( 'NONE', *, *, #2317, .T. ) ;
#9965 = LINE ( 'NONE', #3729, #3970 ) ;
#9966 = CARTESIAN_POINT ( 'NONE',  ( 0.000000000000000000, 0.1771653543307086520, 3.325986492997513810 ) ) ;
#9967 = CARTESIAN_POINT ( 'NONE',  ( 0.6640455812112220357, 0.1771653543307086520, 3.972763973577912999 ) ) ;
#9968 = DIRECTION ( 'NONE',  ( -1.000000000000000000, 0.000000000000000000, 5.782411586589358625E-17 ) ) ;
#9969 = VECTOR ( 'NONE', #6490, 39.37007874015748854 ) ;
#9970 = CARTESIAN_POINT ( 'NONE',  ( -1.498479930865239007, 0.1690115440477737152, 0.2748053906353093989 ) ) ;
#9971 = ORIENTED_EDGE ( 'NONE', *, *, #2418, .T. ) ;
#9972 = LINE ( 'NONE', #4641, #5288 ) ;
#9973 = CARTESIAN_POINT ( 'NONE',  ( 0.01726810063082367258, 0.1771653543307086520, 2.437330902711770442 ) ) ;
#9974 = ORIENTED_EDGE ( 'NONE', *, *, #10202, .T. ) ;
#9975 = DIRECTION ( 'NONE',  ( 1.000000000000000000, 0.000000000000000000, 0.000000000000000000 ) ) ;
#9976 = EDGE_LOOP ( 'NONE', ( #3524, #2386, #9054, #10778 ) ) ;
#9977 = DIRECTION ( 'NONE',  ( 0.000000000000000000, 0.000000000000000000, -1.000000000000000000 ) ) ;
#9979 = ORIENTED_EDGE ( 'NONE', *, *, #1729, .F. ) ;
#9978 = CIRCLE ( 'NONE', #5013, 0.1377952755905512972 ) ;
#9980 = FACE_OUTER_BOUND ( 'NONE', #10823, .T. ) ;
#9981 = VERTEX_POINT ( 'NONE', #5356 ) ;
#9982 = VERTEX_POINT ( 'NONE', #7011 ) ;
#9983 = EDGE_CURVE ( 'NONE', #8792, #6898, #1840, .T. ) ;
#9984 = VECTOR ( 'NONE', #3547, 39.37007874015748143 ) ;
#9985 = DIRECTION ( 'NONE',  ( 0.000000000000000000, -1.000000000000000000, 0.000000000000000000 ) ) ;
#9986 = ORIENTED_EDGE ( 'NONE', *, *, #6497, .T. ) ;
#9987 = DIRECTION ( 'NONE',  ( 4.606734542013097089E-16, 0.000000000000000000, 1.000000000000000000 ) ) ;
#9988 = FACE_OUTER_BOUND ( 'NONE', #8810, .T. ) ;
#9989 = DIRECTION ( 'NONE',  ( -0.3236155771181852825, 0.8891264907159880382, -0.3236155771181852270 ) ) ;
#9990 = EDGE_CURVE ( 'NONE', #9734, #9932, #6081, .T. ) ;
#9991 = PLANE ( 'NONE',  #999 ) ;
#9992 = AXIS2_PLACEMENT_3D ( 'NONE', #4981, #634, #6932 ) ;
#9993 = FACE_BOUND ( 'NONE', #11271, .T. ) ;
#9994 = EDGE_CURVE ( 'NONE', #10031, #578, #3296, .T. ) ;
#9995 = DIRECTION ( 'NONE',  ( 0.000000000000000000, 1.000000000000000000, -0.000000000000000000 ) ) ;
#9996 = ORIENTED_EDGE ( 'NONE', *, *, #8284, .F. ) ;
#9997 = VECTOR ( 'NONE', #1748, 39.37007874015748143 ) ;
#9998 = CARTESIAN_POINT ( 'NONE',  ( -1.398747477569602271, 0.1968503937007874127, 4.062761060059365548 ) ) ;
#9999 = CARTESIAN_POINT ( 'NONE',  ( 0.000000000000000000, 0.1771653543307086520, 3.205047438144841276 ) ) ;
#10000 = CARTESIAN_POINT ( 'NONE',  ( -0.7868182005828322501, 0.000000000000000000, 1.705984133059284646 ) ) ;
#10001 = VERTEX_POINT ( 'NONE', #271 ) ;
#10002 = EDGE_CURVE ( 'NONE', #7193, #321, #6270, .T. ) ;
#10003 = DIRECTION ( 'NONE',  ( -1.000000000000000000, 0.000000000000000000, 0.000000000000000000 ) ) ;
#10004 = VERTEX_POINT ( 'NONE', #5531 ) ;
#10005 = DIRECTION ( 'NONE',  ( -4.625929269271485914E-16, 0.000000000000000000, 1.000000000000000000 ) ) ;
#10006 = CARTESIAN_POINT ( 'NONE',  ( 0.03695314000090240553, 0.1690115440477736874, 0.8822127924755501782 ) ) ;
#10007 = DIRECTION ( 'NONE',  ( 1.000000000000000000, -0.000000000000000000, 0.000000000000000000 ) ) ;
#10008 = CARTESIAN_POINT ( 'NONE',  ( 1.278924360686168216, 0.4724409448818898127, 3.929080006889733134 ) ) ;
#10009 = ORIENTED_EDGE ( 'NONE', *, *, #10319, .F. ) ;
#10010 = PLANE ( 'NONE',  #3652 ) ;
#10011 = FACE_OUTER_BOUND ( 'NONE', #8298, .T. ) ;
#10012 = CARTESIAN_POINT ( 'NONE',  ( 1.468131882424877688, 0.000000000000000000, 3.241417203925426094 ) ) ;
#10013 = ORIENTED_EDGE ( 'NONE', *, *, #10497, .F. ) ;
#10014 = VERTEX_POINT ( 'NONE', #2102 ) ;
#10015 = EDGE_CURVE ( 'NONE', #4584, #8928, #10848, .T. ) ;
#10016 = DIRECTION ( 'NONE',  ( -0.9396926207859080948, 0.3420201433256694346, -4.346951598611963019E-16 ) ) ;
#10017 =( BOUNDED_CURVE ( )  B_SPLINE_CURVE ( 3, ( #7089, #8864, #5613, #2992 ),
 .UNSPECIFIED., .F., .T. ) 
 B_SPLINE_CURVE_WITH_KNOTS ( ( 4, 4 ),
 ( 1.570796326794896558, 3.141592653589793116 ),
 .UNSPECIFIED. ) 
 CURVE ( )  GEOMETRIC_REPRESENTATION_ITEM ( )  RATIONAL_B_SPLINE_CURVE ( ( 1.000000000000000000, 0.8047378541243649375, 0.8047378541243649375, 1.000000000000000000 ) ) 
 REPRESENTATION_ITEM ( '' )  );
#10018 = EDGE_CURVE ( 'NONE', #1855, #2513, #3936, .T. ) ;
#10019 = DIRECTION ( 'NONE',  ( -0.000000000000000000, -0.000000000000000000, -1.000000000000000000 ) ) ;
#10020 = CARTESIAN_POINT ( 'NONE',  ( 0.03695314000090243328, 0.1574803149606299191, 3.185362398774762571 ) ) ;
#10021 = CARTESIAN_POINT ( 'NONE',  ( 0.8046696754339731639, 0.1574803149606299191, 1.810238461501450624 ) ) ;
#10022 = VERTEX_POINT ( 'NONE', #3708 ) ;
#10023 = DIRECTION ( 'NONE',  ( -1.000000000000000000, 0.000000000000000000, -0.000000000000000000 ) ) ;
#10024 = DIRECTION ( 'NONE',  ( 0.000000000000000000, 0.000000000000000000, -1.000000000000000000 ) ) ;
#10025 = ORIENTED_EDGE ( 'NONE', *, *, #4383, .F. ) ;
#10026 = DIRECTION ( 'NONE',  ( 0.000000000000000000, -0.000000000000000000, -1.000000000000000000 ) ) ;
#10027 = ORIENTED_EDGE ( 'NONE', *, *, #1182, .T. ) ;
#10028 = DIRECTION ( 'NONE',  ( 2.312964634635742957E-16, -0.000000000000000000, -1.000000000000000000 ) ) ;
#10029 = EDGE_CURVE ( 'NONE', #5993, #8417, #4557, .T. ) ;
#10030 = ORIENTED_EDGE ( 'NONE', *, *, #2327, .T. ) ;
#10031 = VERTEX_POINT ( 'NONE', #9020 ) ;
#10032 = DIRECTION ( 'NONE',  ( 1.000000000000000000, 0.000000000000000000, -1.734723475976807094E-16 ) ) ;
#10033 = VERTEX_POINT ( 'NONE', #3025 ) ;
#10034 = ORIENTED_EDGE ( 'NONE', *, *, #188, .F. ) ;
#10035 = VECTOR ( 'NONE', #10922, 39.37007874015748143 ) ;
#10036 = LINE ( 'NONE', #4876, #177 ) ;
#10037 = ORIENTED_EDGE ( 'NONE', *, *, #9310, .F. ) ;
#10038 = EDGE_LOOP ( 'NONE', ( #6518, #11284, #1282, #3441 ) ) ;
#10039 = CARTESIAN_POINT ( 'NONE',  ( -0.8910725290249985608, 0.1574803149606299191, 0.000000000000000000 ) ) ;
#10040 = DIRECTION ( 'NONE',  ( 0.000000000000000000, 0.000000000000000000, 1.000000000000000000 ) ) ;
#10041 = EDGE_CURVE ( 'NONE', #1588, #7128, #10050, .T. ) ;
#10042 = CARTESIAN_POINT ( 'NONE',  ( 0.8034825222998372984, 0.1507476349739041155, 1.809051308367315425 ) ) ;
#10043 = VECTOR ( 'NONE', #4896, 39.37007874015748143 ) ;
#10044 = CARTESIAN_POINT ( 'NONE',  ( -2.011705363803387048, 0.1771653543307086520, -1.409679884822523377 ) ) ;
#10045 = VECTOR ( 'NONE', #1709, 39.37007874015748143 ) ;
#10046 = CARTESIAN_POINT ( 'NONE',  ( 0.8046696754339730528, 0.1574803149606299191, 2.417645863341691737 ) ) ;
#10047 = DIRECTION ( 'NONE',  ( 1.000000000000000000, 0.000000000000000000, 1.156482317317871725E-16 ) ) ;
#10048 = EDGE_CURVE ( 'NONE', #9006, #7065, #3073, .T. ) ;
#10049 = AXIS2_PLACEMENT_3D ( 'NONE', #5547, #9033, #4687 ) ;
#10050 = LINE ( 'NONE', #10681, #6404 ) ;
#10051 = ADVANCED_FACE ( 'NONE', ( #2857 ), #4614, .T. ) ;
#10052 = ORIENTED_EDGE ( 'NONE', *, *, #2919, .F. ) ;
#10053 = CARTESIAN_POINT ( 'NONE',  ( -1.814854970102599552, 0.1968503937007874127, -4.318600491123248212E-16 ) ) ;
#10054 = AXIS2_PLACEMENT_3D ( 'NONE', #1258, #9205, #3086 ) ;
#10055 = EDGE_LOOP ( 'NONE', ( #3098, #11315, #1648, #3184 ) ) ;
#10056 = LINE ( 'NONE', #386, #750 ) ;
#10057 = PLANE ( 'NONE',  #4545 ) ;
#10058 = VERTEX_POINT ( 'NONE', #5414 ) ;
#10059 = DIRECTION ( 'NONE',  ( -1.541976423090495387E-16, 0.000000000000000000, -1.000000000000000000 ) ) ;
#10060 = DIRECTION ( 'NONE',  ( -0.000000000000000000, -0.000000000000000000, 1.000000000000000000 ) ) ;
#10061 = CARTESIAN_POINT ( 'NONE',  ( -0.08257150553567030316, 0.4724409448818899238, -0.1429476013579570604 ) ) ;
#10062 = EDGE_CURVE ( 'NONE', #1539, #9746, #6553, .T. ) ;
#10063 = LINE ( 'NONE', #657, #11297 ) ;
#10064 = CARTESIAN_POINT ( 'NONE',  ( -0.1233559935919275874, 0.1574803149606299191, -1.426590253242409685E-17 ) ) ;
#10065 = EDGE_CURVE ( 'NONE', #9056, #10368, #11312, .T. ) ;
#10066 = DIRECTION ( 'NONE',  ( 0.000000000000000000, 0.000000000000000000, -1.000000000000000000 ) ) ;
#10067 = ORIENTED_EDGE ( 'NONE', *, *, #7363, .T. ) ;
#10068 = VERTEX_POINT ( 'NONE', #8268 ) ;
#10069 = EDGE_CURVE ( 'NONE', #8072, #5735, #209, .T. ) ;
#10070 = LINE ( 'NONE', #9966, #8457 ) ;
#10071 = CARTESIAN_POINT ( 'NONE',  ( -0.7504484348022470996, 0.1771653543307086520, 0.2551203512652306937 ) ) ;
#10072 = VECTOR ( 'NONE', #7277, 39.37007874015748143 ) ;
#10073 = DIRECTION ( 'NONE',  ( 0.000000000000000000, 0.000000000000000000, -1.000000000000000000 ) ) ;
#10074 = CARTESIAN_POINT ( 'NONE',  ( -0.7319505485663041489, 0.1507476349739040877, 0.8833999456096859326 ) ) ;
#10075 = ORIENTED_EDGE ( 'NONE', *, *, #5980, .F. ) ;
#10076 = EDGE_CURVE ( 'NONE', #3169, #120, #1298, .T. ) ;
#10077 = CYLINDRICAL_SURFACE ( 'NONE', #11049, 0.01968503937007875723 ) ;
#10078 = CARTESIAN_POINT ( 'NONE',  ( -1.549106938606536144, -0.2952755905511810774, 4.068666571870389603 ) ) ;
#10079 = DIRECTION ( 'NONE',  ( -2.312964634635742957E-16, 0.000000000000000000, 1.000000000000000000 ) ) ;
#10080 = ORIENTED_EDGE ( 'NONE', *, *, #3873, .F. ) ;
#10081 = CARTESIAN_POINT ( 'NONE',  ( 0.04538125036984168997, 0.1771653543307086520, 3.944650823838894205 ) ) ;
#10082 =( BOUNDED_CURVE ( )  B_SPLINE_CURVE ( 3, ( #844, #677, #10354, #6098 ),
 .UNSPECIFIED., .F., .F. ) 
 B_SPLINE_CURVE_WITH_KNOTS ( ( 4, 4 ),
 ( 1.570796326794893227, 3.141592653589793116 ),
 .UNSPECIFIED. ) 
 CURVE ( )  GEOMETRIC_REPRESENTATION_ITEM ( )  RATIONAL_B_SPLINE_CURVE ( ( 1.000000000000000000, 0.8047378541243641603, 0.8047378541243641603, 1.000000000000000000 ) ) 
 REPRESENTATION_ITEM ( '' )  );
#10083 = ORIENTED_EDGE ( 'NONE', *, *, #1031, .F. ) ;
#10084 = CIRCLE ( 'NONE', #6430, 0.09842519685039378963 ) ;
#10085 = DIRECTION ( 'NONE',  ( 0.000000000000000000, 0.000000000000000000, 1.000000000000000000 ) ) ;
#10086 = CARTESIAN_POINT ( 'NONE',  ( -0.8350177238743350383, 3.414809992080329023E-17, 4.009133739358497373 ) ) ;
#10087 = ORIENTED_EDGE ( 'NONE', *, *, #7139, .F. ) ;
#10088 = DIRECTION ( 'NONE',  ( -1.228122814850837064E-16, 0.000000000000000000, -1.000000000000000000 ) ) ;
#10089 = CIRCLE ( 'NONE', #574, 0.09842519685039363697 ) ;
#10090 = ORIENTED_EDGE ( 'NONE', *, *, #9482, .F. ) ;
#10091 = EDGE_CURVE ( 'NONE', #9809, #7267, #7191, .T. ) ;
#10092 = ADVANCED_FACE ( 'NONE', ( #2045 ), #8036, .F. ) ;
#10093 = LINE ( 'NONE', #2251, #2748 ) ;
#10094 = CARTESIAN_POINT ( 'NONE',  ( -0.8898853758908630285, 0.1507476349739041155, 3.176934288405823370 ) ) ;
#10095 = VECTOR ( 'NONE', #7380, 39.37007874015748143 ) ;
#10096 = VERTEX_POINT ( 'NONE', #10793 ) ;
#10097 = LINE ( 'NONE', #5738, #9168 ) ;
#10098 = DIRECTION ( 'NONE',  ( 4.346951598611963019E-16, 0.3420201433256694346, 0.9396926207859080948 ) ) ;
#10099 = LINE ( 'NONE', #3977, #2105 ) ;
#10100 = CARTESIAN_POINT ( 'NONE',  ( -1.365327214277193946, 0.4724409448818898127, 3.929080006889733134 ) ) ;
#10101 = VECTOR ( 'NONE', #2783, 39.37007874015748143 ) ;
#10102 = CARTESIAN_POINT ( 'NONE',  ( -1.518164970235318156, 0.1771653543307086520, 1.022836886698301750 ) ) ;
#10103 = EDGE_CURVE ( 'NONE', #5993, #3680, #8213, .T. ) ;
#10104 = CIRCLE ( 'NONE', #7704, 0.1377952755905512972 ) ;
#10105 = DIRECTION ( 'NONE',  ( 0.000000000000000000, -1.000000000000000000, -0.000000000000000000 ) ) ;
#10106 = LINE ( 'NONE', #10210, #1301 ) ;
#10107 = DIRECTION ( 'NONE',  ( 0.000000000000000000, 0.3420201433256694346, -0.9396926207859080948 ) ) ;
#10108 =( NAMED_UNIT ( * ) PLANE_ANGLE_UNIT ( ) SI_UNIT ( $, .RADIAN. ) );
#10109 = VERTEX_POINT ( 'NONE', #2152 ) ;
#10110 = FACE_OUTER_BOUND ( 'NONE', #2233, .T. ) ;
#10111 = ORIENTED_EDGE ( 'NONE', *, *, #1527, .F. ) ;
#10112 = CARTESIAN_POINT ( 'NONE',  ( -0.1036709542218487573, 0.1574803149606299191, -1.198936253770385593E-17 ) ) ;
#10113 = DIRECTION ( 'NONE',  ( -0.000000000000000000, -1.000000000000000000, -0.000000000000000000 ) ) ;
#10114 = ORIENTED_EDGE ( 'NONE', *, *, #6757, .F. ) ;
#10115 = EDGE_CURVE ( 'NONE', #7703, #6343, #1114, .T. ) ;
#10116 = DIRECTION ( 'NONE',  ( 1.000000000000000000, -0.000000000000000000, -4.625929269271483942E-16 ) ) ;
#10117 = CARTESIAN_POINT ( 'NONE',  ( 1.412077077274214387, 0.1574803149606299191, 0.000000000000000000 ) ) ;
#10118 = CARTESIAN_POINT ( 'NONE',  ( -0.7223352850632289712, 0.000000000000000000, 2.521900191783858158 ) ) ;
#10119 = DIRECTION ( 'NONE',  ( -0.3420201433256694346, 0.9396926207859080948, 0.000000000000000000 ) ) ;
#10120 = VERTEX_POINT ( 'NONE', #5699 ) ;
#10121 = EDGE_LOOP ( 'NONE', ( #8500, #8440, #262, #11195 ) ) ;
#10122 = LINE ( 'NONE', #1429, #11218 ) ;
#10123 = EDGE_CURVE ( 'NONE', #3680, #7187, #4036, .T. ) ;
#10124 = DIRECTION ( 'NONE',  ( 1.000000000000000000, -0.000000000000000000, 1.368951553890978336E-17 ) ) ;
#10125 = FACE_OUTER_BOUND ( 'NONE', #4415, .T. ) ;
#10126 = DIRECTION ( 'NONE',  ( -0.3236155771181852825, 0.8891264907159880382, 0.3236155771181852825 ) ) ;
#10128 = ORIENTED_EDGE ( 'NONE', *, *, #4370, .F. ) ;
#10127 = CARTESIAN_POINT ( 'NONE',  ( 0.03695314000090247492, 0.1551781507868631171, 1.810238461501450846 ) ) ;
#10129 = EDGE_CURVE ( 'NONE', #4205, #9982, #3233, .T. ) ;
#10130 = AXIS2_PLACEMENT_3D ( 'NONE', #10053, #6556, #5597 ) ;
#10131 = CARTESIAN_POINT ( 'NONE',  ( -1.253831348055355566, 0.4724409448818899238, -0.2020027194681933147 ) ) ;
#10132 = DIRECTION ( 'NONE',  ( -0.3420201433256694346, -0.9396926207859080948, 0.000000000000000000 ) ) ;
#10133 = ORIENTED_EDGE ( 'NONE', *, *, #3697, .T. ) ;
#10134 = CARTESIAN_POINT ( 'NONE',  ( 0.7849846360638946807, 0.1771653543307086520, 3.972763973577912555 ) ) ;
#10135 = EDGE_LOOP ( 'NONE', ( #4360, #2711 ) ) ;
#10136 = CARTESIAN_POINT ( 'NONE',  ( -1.518164970235317712, 0.1771653543307086520, 2.558269957564442976 ) ) ;
#10137 = CARTESIAN_POINT ( 'NONE',  ( -0.7307633954321685055, 0.1574803149606299191, 3.953078934207833850 ) ) ;
#10138 = EDGE_LOOP ( 'NONE', ( #4529, #300 ) ) ;
#10139 = DIRECTION ( 'NONE',  ( 1.000000000000000000, 0.000000000000000000, -1.734723475976807094E-16 ) ) ;
#10140 = EDGE_CURVE ( 'NONE', #9178, #782, #5912, .T. ) ;
#10141 = AXIS2_PLACEMENT_3D ( 'NONE', #10500, #3463, #7735 ) ;
#10142 = EDGE_LOOP ( 'NONE', ( #7021, #5021, #10037, #7980 ) ) ;
#10143 = CARTESIAN_POINT ( 'NONE',  ( 1.413264230408350031, 0.1507476349739040877, 2.409217752972752979 ) ) ;
#10144 = DIRECTION ( 'NONE',  ( -1.156482317317871528E-15, 0.000000000000000000, 1.000000000000000000 ) ) ;
#10145 = ORIENTED_EDGE ( 'NONE', *, *, #4111, .F. ) ;
#10146 = AXIS2_PLACEMENT_3D ( 'NONE', #2517, #784, #8853 ) ;
#10147 = ORIENTED_EDGE ( 'NONE', *, *, #4099, .T. ) ;
#10148 = DIRECTION ( 'NONE',  ( 1.000000000000000000, -0.000000000000000000, -0.000000000000000000 ) ) ;
#10149 = CARTESIAN_POINT ( 'NONE',  ( -0.1936307821617741232, 0.3470877061559770049, 1.579654539338774422 ) ) ;
#10150 = ADVANCED_FACE ( 'NONE', ( #8413 ), #642, .T. ) ;
#10151 = CARTESIAN_POINT ( 'NONE',  ( 0.6455476949752789739, 0.1507476349739040877, 1.651116481042756545 ) ) ;
#10152 = EDGE_CURVE ( 'NONE', #1077, #1147, #4987, .T. ) ;
#10153 = CIRCLE ( 'NONE', #8670, 0.05905511811023627516 ) ;
#10154 = VECTOR ( 'NONE', #10809, 39.37007874015748854 ) ;
#10155 = EDGE_CURVE ( 'NONE', #5257, #2686, #6606, .T. ) ;
#10156 = DIRECTION ( 'NONE',  ( 0.3236155771181855045, 0.8891264907159878161, -0.3236155771181849494 ) ) ;
#10157 = LINE ( 'NONE', #6828, #7671 ) ;
#10158 = FACE_OUTER_BOUND ( 'NONE', #2355, .T. ) ;
#10159 = CONTEXT_DEPENDENT_SHAPE_REPRESENTATION ( #1164, #11052 ) ;
#10160 = ORIENTED_EDGE ( 'NONE', *, *, #9515, .F. ) ;
#10161 = DIRECTION ( 'NONE',  ( 1.000000000000000000, -0.000000000000000000, 0.000000000000000000 ) ) ;
#10162 = VERTEX_POINT ( 'NONE', #4886 ) ;
#10163 = ORIENTED_EDGE ( 'NONE', *, *, #3088, .F. ) ;
#10164 = CARTESIAN_POINT ( 'NONE',  ( 0.8046696754339733859, 0.1574803149606299191, 1.042521926068380456 ) ) ;
#10165 = CARTESIAN_POINT ( 'NONE',  ( -0.8601305606537800186, -0.2952755905511810774, -0.2964909084445704890 ) ) ;
#10166 = VECTOR ( 'NONE', #10532, 39.37007874015748143 ) ;
#10167 = CYLINDRICAL_SURFACE ( 'NONE', #5643, 0.1377952755905512972 ) ;
#10168 = LINE ( 'NONE', #8424, #8789 ) ;
#10169 = CARTESIAN_POINT ( 'NONE',  ( 1.747168107202559550, 0.000000000000000000, 1.077862474882601784 ) ) ;
#10170 = FACE_OUTER_BOUND ( 'NONE', #10888, .T. ) ;
#10171 = CARTESIAN_POINT ( 'NONE',  ( 0.8034825222998375205, 0.1507476349739041155, 1.651116481042756767 ) ) ;
#10172 = ORIENTED_EDGE ( 'NONE', *, *, #7688, .F. ) ;
#10173 = EDGE_LOOP ( 'NONE', ( #9704, #9542, #8898, #3603 ) ) ;
#10174 = FACE_OUTER_BOUND ( 'NONE', #7093, .T. ) ;
#10175 = FACE_BOUND ( 'NONE', #3886, .T. ) ;
#10176 = EDGE_CURVE ( 'NONE', #5427, #8984, #10106, .T. ) ;
#10177 = VERTEX_POINT ( 'NONE', #8362 ) ;
#10178 = DIRECTION ( 'NONE',  ( -0.000000000000000000, -1.000000000000000000, -0.000000000000000000 ) ) ;
#10179 = CARTESIAN_POINT ( 'NONE',  ( 0.6443605418411432195, 0.1690115440477737152, 1.649929327908620680 ) ) ;
#10180 = DIRECTION ( 'NONE',  ( -1.000000000000000000, 0.000000000000000000, 0.000000000000000000 ) ) ;
#10181 = DIRECTION ( 'NONE',  ( 0.000000000000000000, 1.000000000000000000, 0.000000000000000000 ) ) ;
#10182 = ORIENTED_EDGE ( 'NONE', *, *, #8347, .F. ) ;
#10183 = DIRECTION ( 'NONE',  ( -1.011922027653137636E-16, -1.575579154119225431E-33, 1.000000000000000000 ) ) ;
#10184 = CYLINDRICAL_SURFACE ( 'NONE', #4294, 0.09448818897637792369 ) ;
#10185 = ORIENTED_EDGE ( 'NONE', *, *, #8707, .T. ) ;
#10186 = EDGE_CURVE ( 'NONE', #2039, #1554, #7444, .T. ) ;
#10187 = DIRECTION ( 'NONE',  ( 0.000000000000000000, 0.3420201433256694346, -0.9396926207859080948 ) ) ;
#10188 = ORIENTED_EDGE ( 'NONE', *, *, #6390, .F. ) ;
#10189 = CARTESIAN_POINT ( 'NONE',  ( -1.253831348055355566, 0.000000000000000000, -0.1012441887529436368 ) ) ;
#10190 = ADVANCED_FACE ( 'NONE', ( #4142 ), #1415, .T. ) ;
#10191 = ADVANCED_FACE ( 'NONE', ( #700 ), #3983, .T. ) ;
#10192 = ORIENTED_EDGE ( 'NONE', *, *, #2230, .F. ) ;
#10193 = CARTESIAN_POINT ( 'NONE',  ( -2.011705363803387048, 0.000000000000000000, -1.508105081672917125 ) ) ;
#10194 = ORIENTED_EDGE ( 'NONE', *, *, #1790, .T. ) ;
#10195 = VERTEX_POINT ( 'NONE', #4199 ) ;
#10196 = CARTESIAN_POINT ( 'NONE',  ( -0.8713874896549197446, 0.1771653543307086520, 1.790553422131372141 ) ) ;
#10197 = ORIENTED_EDGE ( 'NONE', *, *, #4777, .F. ) ;
#10198 = ADVANCED_FACE ( 'NONE', ( #7462 ), #7676, .F. ) ;
#10199 = VERTEX_POINT ( 'NONE', #2425 ) ;
#10200 = DIRECTION ( 'NONE',  ( -4.625929269271485914E-16, 0.000000000000000000, 1.000000000000000000 ) ) ;
#10201 = EDGE_CURVE ( 'NONE', #2700, #2366, #193, .T. ) ;
#10202 = EDGE_CURVE ( 'NONE', #2514, #2943, #4838, .T. ) ;
#10203 = CARTESIAN_POINT ( 'NONE',  ( -1.498479930865239007, 0.1574803149606299191, 2.577954996934521681 ) ) ;
#10204 = AXIS2_PLACEMENT_3D ( 'NONE', #1556, #8569, #4976 ) ;
#10205 = VERTEX_POINT ( 'NONE', #7520 ) ;
#10206 = DIRECTION ( 'NONE',  ( 1.000000000000000000, -0.000000000000000000, -0.000000000000000000 ) ) ;
#10207 = VERTEX_POINT ( 'NONE', #9406 ) ;
#10208 = EDGE_CURVE ( 'NONE', #6407, #4753, #10157, .T. ) ;
#10209 = CARTESIAN_POINT ( 'NONE',  ( 0.03695314000090248185, 0.1690115440477737152, 0.2748053906353093989 ) ) ;
#10210 = CARTESIAN_POINT ( 'NONE',  ( 0.000000000000000000, 0.1771653543307086520, 1.790553422131372141 ) ) ;
#10211 = PLANE ( 'NONE',  #7949 ) ;
#10212 = AXIS2_PLACEMENT_3D ( 'NONE', #7539, #10234, #7639 ) ;
#10213 = ORIENTED_EDGE ( 'NONE', *, *, #121, .T. ) ;
#10214 = CARTESIAN_POINT ( 'NONE',  ( 1.412077077274214387, 0.1690115440477737152, 2.417645863341692181 ) ) ;
#10215 = LINE ( 'NONE', #5702, #4836 ) ;
#10216 = ORIENTED_EDGE ( 'NONE', *, *, #7195, .F. ) ;
#10217 = ORIENTED_EDGE ( 'NONE', *, *, #7992, .F. ) ;
#10218 = CYLINDRICAL_SURFACE ( 'NONE', #8265, 0.01968503937007875723 ) ;
#10219 = CARTESIAN_POINT ( 'NONE',  ( -0.9258000487626546482, 0.4724409448818898127, 4.038961798268368319 ) ) ;
#10220 =( BOUNDED_CURVE ( )  B_SPLINE_CURVE ( 3, ( #3593, #6036, #953, #5361 ),
 .UNSPECIFIED., .F., .F. ) 
 B_SPLINE_CURVE_WITH_KNOTS ( ( 4, 4 ),
 ( 2.792526803190924944, 3.141592653589793116 ),
 .UNSPECIFIED. ) 
 CURVE ( )  GEOMETRIC_REPRESENTATION_ITEM ( )  RATIONAL_B_SPLINE_CURVE ( ( 1.000000000000000000, 0.9898718353414719395, 0.9898718353414719395, 1.000000000000000000 ) ) 
 REPRESENTATION_ITEM ( '' )  );
#10221 = VECTOR ( 'NONE', #12, 39.37007874015748143 ) ;
#10222 = FACE_OUTER_BOUND ( 'NONE', #7592, .T. ) ;
#10223 = EDGE_CURVE ( 'NONE', #8834, #4011, #2314, .T. ) ;
#10224 = DIRECTION ( 'NONE',  ( -0.3236155771181852270, 0.8891264907159880382, -0.3236155771181852825 ) ) ;
#10225 = CARTESIAN_POINT ( 'NONE',  ( 0.7965158651510383381, 0.1771653543307086520, 3.961232744490768454 ) ) ;
#10226 = CARTESIAN_POINT ( 'NONE',  ( -1.578634497661653313, 0.4724409448818898127, 3.924965784468814611 ) ) ;
#10227 = ORIENTED_EDGE ( 'NONE', *, *, #8617, .T. ) ;
#10228 = ORIENTED_EDGE ( 'NONE', *, *, #4969, .T. ) ;
#10229 = VECTOR ( 'NONE', #8988, 39.37007874015748143 ) ;
#10230 = CARTESIAN_POINT ( 'NONE',  ( 1.462704085015511524, -0.2952755905511810774, 3.958430351397948854 ) ) ;
#10231 = EDGE_LOOP ( 'NONE', ( #2399, #7507 ) ) ;
#10232 = DIRECTION ( 'NONE',  ( 0.000000000000000000, 1.000000000000000000, 0.000000000000000000 ) ) ;
#10233 = ORIENTED_EDGE ( 'NONE', *, *, #7016, .F. ) ;
#10234 = DIRECTION ( 'NONE',  ( -0.000000000000000000, -1.000000000000000000, 0.000000000000000000 ) ) ;
#10235 = DIRECTION ( 'NONE',  ( 0.000000000000000000, 0.000000000000000000, 1.000000000000000000 ) ) ;
#10236 = CARTESIAN_POINT ( 'NONE',  ( 1.462704085015511746, 0.4724409448818898127, 4.072603579744405344 ) ) ;
#10237 = ORIENTED_EDGE ( 'NONE', *, *, #8045, .T. ) ;
#10238 = VECTOR ( 'NONE', #4215, 39.37007874015748143 ) ;
#10239 = EDGE_CURVE ( 'NONE', #5901, #7390, #8823, .T. ) ;
#10240 = CARTESIAN_POINT ( 'NONE',  ( 1.925302510212361318, 0.1968503937007874127, -0.1035775226177987063 ) ) ;
#10241 = LINE ( 'NONE', #9272, #10505 ) ;
#10242 = ORIENTED_EDGE ( 'NONE', *, *, #1916, .F. ) ;
#10243 = DIRECTION ( 'NONE',  ( 0.000000000000000000, 0.000000000000000000, 1.000000000000000000 ) ) ;
#10244 = DIRECTION ( 'NONE',  ( 3.965082230804131403E-15, 0.000000000000000000, 1.000000000000000000 ) ) ;
#10245 = ORIENTED_EDGE ( 'NONE', *, *, #8617, .F. ) ;
#10246 = CARTESIAN_POINT ( 'NONE',  ( -1.499667083999375095, 0.1507476349739041432, 3.176934288405823370 ) ) ;
#10247 = CARTESIAN_POINT ( 'NONE',  ( -1.490051820496299806, 0.1771653543307086520, 1.818666571870390269 ) ) ;
#10248 = VECTOR ( 'NONE', #328, 39.37007874015748143 ) ;
#10249 = ORIENTED_EDGE ( 'NONE', *, *, #4160, .F. ) ;
#10250 = EDGE_CURVE ( 'NONE', #9643, #9155, #3459, .T. ) ;
#10251 = ADVANCED_FACE ( 'NONE', ( #4366 ), #2598, .F. ) ;
#10252 = CYLINDRICAL_SURFACE ( 'NONE', #10784, 0.09842519685039378963 ) ;
#10253 = VECTOR ( 'NONE', #10995, 39.37007874015748143 ) ;
#10254 = EDGE_LOOP ( 'NONE', ( #5188, #8747, #4107, #10949 ) ) ;
#10255 = CARTESIAN_POINT ( 'NONE',  ( 0.05522377005488085522, 0.1968503937007874127, -0.2610578375784296523 ) ) ;
#10256 = VECTOR ( 'NONE', #4347, 39.37007874015748143 ) ;
#10257 = LINE ( 'NONE', #2413, #1954 ) ;
#10258 = VECTOR ( 'NONE', #4898, 39.37007874015748143 ) ;
#10259 = EDGE_CURVE ( 'NONE', #3464, #3236, #7785, .T. ) ;
#10260 = ORIENTED_EDGE ( 'NONE', *, *, #8176, .F. ) ;
#10261 = FACE_OUTER_BOUND ( 'NONE', #816, .T. ) ;
#10263 = EDGE_LOOP ( 'NONE', ( #7374, #5624, #10952, #5151 ) ) ;
#10262 = AXIS2_PLACEMENT_3D ( 'NONE', #2634, #11210, #4460 ) ;
#10264 = CARTESIAN_POINT ( 'NONE',  ( -1.838012277137266892, 0.5905511811023621549, 1.070234996814104500 ) ) ;
#10265 = EDGE_CURVE ( 'NONE', #4148, #1389, #1797, .T. ) ;
#10266 = LINE ( 'NONE', #8267, #3844 ) ;
#10267 = DIRECTION ( 'NONE',  ( 0.000000000000000000, -0.9396926207859080948, 0.3420201433256694901 ) ) ;
#10268 = CYLINDRICAL_SURFACE ( 'NONE', #5026, 0.01968503937007875723 ) ;
#10269 = LENGTH_MEASURE_WITH_UNIT ( LENGTH_MEASURE( 0.02539999999999999897 ), #1513 );
#10270 = ORIENTED_EDGE ( 'NONE', *, *, #8936, .F. ) ;
#10271 = DIRECTION ( 'NONE',  ( 0.000000000000000000, 0.000000000000000000, -1.000000000000000000 ) ) ;
#10272 = DIRECTION ( 'NONE',  ( 1.000000000000000000, -0.000000000000000000, 0.000000000000000000 ) ) ;
#10273 = VECTOR ( 'NONE', #7587, 39.37007874015748143 ) ;
#10274 = EDGE_LOOP ( 'NONE', ( #2931, #20, #5465, #8019 ) ) ;
#10275 = ORIENTED_EDGE ( 'NONE', *, *, #3410, .T. ) ;
#10276 = EDGE_CURVE ( 'NONE', #1530, #2739, #6590, .T. ) ;
#10277 = DIRECTION ( 'NONE',  ( -0.000000000000000000, 1.000000000000000000, -0.000000000000000000 ) ) ;
#10278 = CIRCLE ( 'NONE', #419, 0.1377952755905511861 ) ;
#10279 = CARTESIAN_POINT ( 'NONE',  ( 0.03695314000090248185, 0.1551781507868630616, 1.042521926068380456 ) ) ;
#10280 = CYLINDRICAL_SURFACE ( 'NONE', #5067, 0.1007585307152496779 ) ;
#10281 = VECTOR ( 'NONE', #821, 39.37007874015748143 ) ;
#10282 = LINE ( 'NONE', #944, #11123 ) ;
#10283 = CARTESIAN_POINT ( 'NONE',  ( -1.490051820496299806, 0.1507476349739040877, 3.954266087341969271 ) ) ;
#10284 = AXIS2_PLACEMENT_3D ( 'NONE', #3032, #7370, #10855 ) ;
#10285 = DIRECTION ( 'NONE',  ( -0.000000000000000000, -1.000000000000000000, -0.000000000000000000 ) ) ;
#10286 = VERTEX_POINT ( 'NONE', #810 ) ;
#10287 = ORIENTED_EDGE ( 'NONE', *, *, #1768, .F. ) ;
#10288 = DIRECTION ( 'NONE',  ( 0.000000000000000000, -1.000000000000000000, 0.000000000000000000 ) ) ;
#10289 = VERTEX_POINT ( 'NONE', #7732 ) ;
#10290 = ADVANCED_FACE ( 'NONE', ( #5218 ), #993, .T. ) ;
#10291 =( BOUNDED_CURVE ( )  B_SPLINE_CURVE ( 3, ( #6739, #8437, #10345, #837 ),
 .UNSPECIFIED., .F., .F. ) 
 B_SPLINE_CURVE_WITH_KNOTS ( ( 4, 4 ),
 ( 0.000000000000000000, 1.570796326794896558 ),
 .UNSPECIFIED. ) 
 CURVE ( )  GEOMETRIC_REPRESENTATION_ITEM ( )  RATIONAL_B_SPLINE_CURVE ( ( 1.000000000000000000, 0.8047378541243649375, 0.8047378541243649375, 1.000000000000000000 ) ) 
 REPRESENTATION_ITEM ( '' )  );
#10292 = ADVANCED_FACE ( 'NONE', ( #9637 ), #11278, .T. ) ;
#10293 = CYLINDRICAL_SURFACE ( 'NONE', #9672, 0.01968503937007875723 ) ;
#10294 = CARTESIAN_POINT ( 'NONE',  ( 1.925302510212361318, 0.000000000000000000, -0.1035775226177987063 ) ) ;
#10295 = CYLINDRICAL_SURFACE ( 'NONE', #1383, 0.01968503937007875723 ) ;
#10296 = VERTEX_POINT ( 'NONE', #931 ) ;
#10297 = DIRECTION ( 'NONE',  ( -1.000000000000000000, 0.000000000000000000, 0.000000000000000000 ) ) ;
#10298 = DIRECTION ( 'NONE',  ( 8.788338571682099792E-17, 0.000000000000000000, -1.000000000000000000 ) ) ;
#10299 = FACE_OUTER_BOUND ( 'NONE', #8238, .T. ) ;
#10300 = PLANE ( 'NONE',  #11045 ) ;
#10301 = ORIENTED_EDGE ( 'NONE', *, *, #1243, .F. ) ;
#10302 = LINE ( 'NONE', #3269, #9393 ) ;
#10303 = CARTESIAN_POINT ( 'NONE',  ( -1.716429773252204694, 0.5905511811023621549, 4.161186256909759962 ) ) ;
#10304 = FACE_OUTER_BOUND ( 'NONE', #10451, .T. ) ;
#10305 = ORIENTED_EDGE ( 'NONE', *, *, #1408, .F. ) ;
#10306 = DIRECTION ( 'NONE',  ( 0.000000000000000000, 1.000000000000000000, 0.000000000000000000 ) ) ;
#10307 = CARTESIAN_POINT ( 'NONE',  ( 0.000000000000000000, 0.1574803149606299191, 3.345671532367592516 ) ) ;
#10308 = ORIENTED_EDGE ( 'NONE', *, *, #5891, .T. ) ;
#10309 = CARTESIAN_POINT ( 'NONE',  ( -0.1233559935919276845, 0.1551781507868631726, 3.953078934207833850 ) ) ;
#10310 = AXIS2_PLACEMENT_3D ( 'NONE', #5478, #9952, #385 ) ;
#10311 = CARTESIAN_POINT ( 'NONE',  ( -2.031390403173464865, 0.5905511811023621549, 0.2379405998475849493 ) ) ;
#10312 = EDGE_CURVE ( 'NONE', #3321, #5449, #2654, .T. ) ;
#10313 = EDGE_LOOP ( 'NONE', ( #10521, #3663, #3275, #7199 ) ) ;
#10314 = CARTESIAN_POINT ( 'NONE',  ( 0.8130977858029125871, 0.1507476349739040877, 3.186549551908898437 ) ) ;
#10315 = EDGE_LOOP ( 'NONE', ( #5326, #4937, #5059, #11223 ) ) ;
#10316 = DIRECTION ( 'NONE',  ( 0.000000000000000000, 1.000000000000000000, -0.000000000000000000 ) ) ;
#10317 = DIRECTION ( 'NONE',  ( 0.3236155771181853380, 0.8891264907159878161, -0.3236155771181853935 ) ) ;
#10318 = ORIENTED_EDGE ( 'NONE', *, *, #541, .T. ) ;
#10319 = EDGE_CURVE ( 'NONE', #366, #4794, #8705, .T. ) ;
#10320 = CARTESIAN_POINT ( 'NONE',  ( -2.011705363803387048, 0.1968503937007874127, -1.409679884822523377 ) ) ;
#10321 = CARTESIAN_POINT ( 'NONE',  ( 0.000000000000000000, 0.1574803149606299191, 1.790553422131372141 ) ) ;
#10322 = EDGE_LOOP ( 'NONE', ( #10301, #8289, #525, #9485 ) ) ;
#10323 = FACE_OUTER_BOUND ( 'NONE', #11063, .T. ) ;
#10324 = VECTOR ( 'NONE', #56, 39.37007874015748854 ) ;
#10325 = CARTESIAN_POINT ( 'NONE',  ( -1.490051820496300250, 0.1771653543307086520, 1.641501217539681701 ) ) ;
#10326 = AXIS2_PLACEMENT_3D ( 'NONE', #5371, #7082, #3489 ) ;
#10327 = ORIENTED_EDGE ( 'NONE', *, *, #10186, .F. ) ;
#10328 = EDGE_CURVE ( 'NONE', #5448, #6687, #5277, .T. ) ;
#10329 = CARTESIAN_POINT ( 'NONE',  ( 1.925302510212361318, 0.1771653543307086520, -0.3004279163185862855 ) ) ;
#10330 = DIRECTION ( 'NONE',  ( 0.000000000000000000, 0.000000000000000000, 1.000000000000000000 ) ) ;
#10331 = CARTESIAN_POINT ( 'NONE',  ( -1.253831348055355566, 0.000000000000000000, -0.3027612501834430203 ) ) ;
#10332 = AXIS2_PLACEMENT_3D ( 'NONE', #590, #5103, #2426 ) ;
#10333 = CARTESIAN_POINT ( 'NONE',  ( -1.518164970235316824, 0.1771653543307086520, -7.022923771394226107E-16 ) ) ;
#10334 = ADVANCED_FACE ( 'NONE', ( #5160 ), #3518, .F. ) ;
#10335 = CARTESIAN_POINT ( 'NONE',  ( 0.8046696754339732749, 0.1690115440477736874, 3.953078934207833850 ) ) ;
#10336 = CARTESIAN_POINT ( 'NONE',  ( 1.420230887557149213, 0.1771653543307086798, 3.961232744490768010 ) ) ;
#10337 = ORIENTED_EDGE ( 'NONE', *, *, #5325, .F. ) ;
#10338 = ORIENTED_EDGE ( 'NONE', *, *, #5239, .T. ) ;
#10339 = CARTESIAN_POINT ( 'NONE',  ( 0.8046696754339732749, 0.1690115440477736597, 0.8822127924755501782 ) ) ;
#10340 = ORIENTED_EDGE ( 'NONE', *, *, #8157, .T. ) ;
#10341 = CIRCLE ( 'NONE', #8681, 0.09842519685039378963 ) ;
#10342 = DIRECTION ( 'NONE',  ( -0.3420201433256694346, 0.9396926207859080948, 0.000000000000000000 ) ) ;
#10343 = CYLINDRICAL_SURFACE ( 'NONE', #8737, 0.01968503937007875723 ) ;
#10344 = CARTESIAN_POINT ( 'NONE',  ( 1.413264230408350031, 0.1507476349739040877, 3.176934288405823370 ) ) ;
#10345 = CARTESIAN_POINT ( 'NONE',  ( -0.1152021833089927616, 0.1771653543307086798, 1.034368115785445408 ) ) ;
#10346 = ORIENTED_EDGE ( 'NONE', *, *, #10761, .F. ) ;
#10347 = DIRECTION ( 'NONE',  ( 0.000000000000000000, 1.000000000000000000, -0.000000000000000000 ) ) ;
#10348 = CARTESIAN_POINT ( 'NONE',  ( -1.253831348055355566, 0.000000000000000000, -0.1012441887529436368 ) ) ;
#10349 = ORIENTED_EDGE ( 'NONE', *, *, #3971, .T. ) ;
#10350 = EDGE_CURVE ( 'NONE', #5809, #2627, #7883, .T. ) ;
#10351 = LINE ( 'NONE', #2519, #5479 ) ;
#10352 = AXIS2_PLACEMENT_3D ( 'NONE', #757, #5962, #11060 ) ;
#10353 = EDGE_CURVE ( 'NONE', #9283, #307, #9698, .T. ) ;
#10354 = CARTESIAN_POINT ( 'NONE',  ( 0.8046696754339731639, 0.1690115440477737707, 1.649929327908620680 ) ) ;
#10355 = EDGE_LOOP ( 'NONE', ( #8371, #6877, #5211, #10882 ) ) ;
#10356 = PLANE ( 'NONE',  #11212 ) ;
#10357 = ORIENTED_EDGE ( 'NONE', *, *, #11029, .T. ) ;
#10358 = CARTESIAN_POINT ( 'NONE',  ( 0.7004153469918067421, 3.414809992080329023E-17, 4.009133739358497373 ) ) ;
#10359 = DIRECTION ( 'NONE',  ( 0.000000000000000000, 1.000000000000000000, -0.000000000000000000 ) ) ;
#10360 = PLANE ( 'NONE',  #1504 ) ;
#10361 = DIRECTION ( 'NONE',  ( 1.000000000000000000, -0.000000000000000000, 0.000000000000000000 ) ) ;
#10362 = ADVANCED_FACE ( 'NONE', ( #3630 ), #2486, .T. ) ;
#10363 = EDGE_CURVE ( 'NONE', #10384, #5535, #2542, .T. ) ;
#10364 = ORIENTED_EDGE ( 'NONE', *, *, #2315, .T. ) ;
#10365 = CARTESIAN_POINT ( 'NONE',  ( -0.1036709542218486463, 0.1771653543307086520, -1.198936253770385131E-17 ) ) ;
#10366 = CARTESIAN_POINT ( 'NONE',  ( -0.7504484348022470996, 0.1771653543307086520, -1.735760689815344427E-16 ) ) ;
#10367 =( BOUNDED_CURVE ( )  B_SPLINE_CURVE ( 3, ( #4220, #2451, #1764, #10400 ),
 .UNSPECIFIED., .F., .F. ) 
 B_SPLINE_CURVE_WITH_KNOTS ( ( 4, 4 ),
 ( 2.792526803190924944, 3.141592653589793116 ),
 .UNSPECIFIED. ) 
 CURVE ( )  GEOMETRIC_REPRESENTATION_ITEM ( )  RATIONAL_B_SPLINE_CURVE ( ( 1.000000000000000000, 0.9898718353414719395, 0.9898718353414719395, 1.000000000000000000 ) ) 
 REPRESENTATION_ITEM ( '' )  );
#10368 = VERTEX_POINT ( 'NONE', #1688 ) ;
#10369 = EDGE_LOOP ( 'NONE', ( #8473, #10227, #936, #426 ) ) ;
#10370 = CARTESIAN_POINT ( 'NONE',  ( -0.1233559935919277817, 0.1551781507868630616, 2.417645863341692181 ) ) ;
#10371 = ORIENTED_EDGE ( 'NONE', *, *, #1863, .T. ) ;
#10372 = AXIS2_PLACEMENT_3D ( 'NONE', #5873, #9379, #3257 ) ;
#10373 = ORIENTED_EDGE ( 'NONE', *, *, #6546, .T. ) ;
#10374 = CARTESIAN_POINT ( 'NONE',  ( -0.8713874896549197446, 0.1574803149606299191, 0.000000000000000000 ) ) ;
#10375 = EDGE_CURVE ( 'NONE', #1675, #3144, #8597, .T. ) ;
#10376 = DIRECTION ( 'NONE',  ( 1.000000000000000000, -0.000000000000000000, -0.000000000000000000 ) ) ;
#10377 = DIRECTION ( 'NONE',  ( 0.000000000000000000, -0.000000000000000000, -1.000000000000000000 ) ) ;
#10378 = CARTESIAN_POINT ( 'NONE',  ( -1.490051820496299806, 0.1771653543307086520, 0.2832335010042487111 ) ) ;
#10379 = CARTESIAN_POINT ( 'NONE',  ( 1.697423192914377932, 2.287311901041906737, -0.1429476013579565885 ) ) ;
#10380 = CARTESIAN_POINT ( 'NONE',  ( 0.03695314000090241247, 0.1551781507868630616, 3.185362398774762571 ) ) ;
#10381 = AXIS2_PLACEMENT_3D ( 'NONE', #8423, #2381, #11125 ) ;
#10382 = VERTEX_POINT ( 'NONE', #10668 ) ;
#10383 = EDGE_LOOP ( 'NONE', ( #9361, #2768, #5947, #8495 ) ) ;
#10384 = VERTEX_POINT ( 'NONE', #8886 ) ;
#10385 = FACE_OUTER_BOUND ( 'NONE', #1078, .T. ) ;
#10386 = LINE ( 'NONE', #11238, #9749 ) ;
#10387 = ADVANCED_FACE ( 'NONE', ( #7288 ), #1231, .T. ) ;
#10388 = CARTESIAN_POINT ( 'NONE',  ( -0.01910166514976114130, 1.707404996040164512E-17, 1.754183656350787546 ) ) ;
#10389 = VECTOR ( 'NONE', #8170, 39.37007874015748143 ) ;
#10390 = CIRCLE ( 'NONE', #1449, 0.1377952755905512972 ) ;
#10391 = EDGE_CURVE ( 'NONE', #9551, #6772, #4659, .T. ) ;
#10392 = CARTESIAN_POINT ( 'NONE',  ( 0.8046696754339733859, 0.1551781507868630616, 3.185362398774762571 ) ) ;
#10393 = CARTESIAN_POINT ( 'NONE',  ( -1.499667083999375317, 0.1507476349739041155, 1.041334772934244590 ) ) ;
#10394 = CARTESIAN_POINT ( 'NONE',  ( -0.7868182005828320280, 0.000000000000000000, 3.241417203925426094 ) ) ;
#10395 = ORIENTED_EDGE ( 'NONE', *, *, #6762, .T. ) ;
#10396 = FACE_BOUND ( 'NONE', #11, .T. ) ;
#10397 = VERTEX_POINT ( 'NONE', #256 ) ;
#10398 = VECTOR ( 'NONE', #9421, 39.37007874015748143 ) ;
#10399 = VECTOR ( 'NONE', #6564, 39.37007874015748143 ) ;
#10400 = CARTESIAN_POINT ( 'NONE',  ( 1.412077077274214609, 0.1574803149606299191, 2.417645863341692181 ) ) ;
#10401 = CARTESIAN_POINT ( 'NONE',  ( -1.952650245693150044, 0.1968503937007874127, 1.147199780013996362 ) ) ;
#10402 = DIRECTION ( 'NONE',  ( -0.000000000000000000, -0.000000000000000000, -1.000000000000000000 ) ) ;
#10403 = EDGE_CURVE ( 'NONE', #5181, #8049, #3694, .T. ) ;
#10404 = CARTESIAN_POINT ( 'NONE',  ( 1.341802288704367907, 0.3470877061559770049, 3.882804145637986704 ) ) ;
#10405 = ORIENTED_EDGE ( 'NONE', *, *, #10223, .T. ) ;
#10406 = CARTESIAN_POINT ( 'NONE',  ( -1.398747477569602271, 0.4724409448818898127, 3.924965784468814611 ) ) ;
#10407 = ADVANCED_FACE ( 'NONE', ( #4772 ), #1920, .F. ) ;
#10408 = ORIENTED_EDGE ( 'NONE', *, *, #10375, .F. ) ;
#10409 = VECTOR ( 'NONE', #9331, 39.37007874015748143 ) ;
#10410 = DIRECTION ( 'NONE',  ( -0.000000000000000000, -1.000000000000000000, 0.000000000000000000 ) ) ;
#10411 = AXIS2_PLACEMENT_3D ( 'NONE', #8199, #7446, #371 ) ;
#10412 = DIRECTION ( 'NONE',  ( -0.000000000000000000, -1.000000000000000000, 0.000000000000000000 ) ) ;
#10413 = VERTEX_POINT ( 'NONE', #6251 ) ;
#10414 = DIRECTION ( 'NONE',  ( -4.625929269271485914E-16, 0.000000000000000000, 1.000000000000000000 ) ) ;
#10415 = VERTEX_POINT ( 'NONE', #10611 ) ;
#10416 = FACE_OUTER_BOUND ( 'NONE', #9838, .T. ) ;
#10417 = CARTESIAN_POINT ( 'NONE',  ( -1.739587080286873144, 0.1968503937007874127, 1.012924122698684926 ) ) ;
#10418 = ORIENTED_EDGE ( 'NONE', *, *, #387, .F. ) ;
#10419 = AXIS2_PLACEMENT_3D ( 'NONE', #9845, #2928, #7377 ) ;
#10420 = CARTESIAN_POINT ( 'NONE',  ( -0.1036709542218489100, 0.1574803149606299191, -1.198936253770387904E-17 ) ) ;
#10421 = ADVANCED_FACE ( 'NONE', ( #4542 ), #3754, .F. ) ;
#10422 = CARTESIAN_POINT ( 'NONE',  ( -0.7307633954321682834, 0.1574803149606299191, 0.2748053906353095655 ) ) ;
#10423 = ORIENTED_EDGE ( 'NONE', *, *, #10761, .T. ) ;
#10424 = AXIS2_PLACEMENT_3D ( 'NONE', #6314, #2141, #3812 ) ;
#10425 = CARTESIAN_POINT ( 'NONE',  ( -0.8713874896549195226, 0.1574803149606299191, -2.015488446635848950E-16 ) ) ;
#10426 = CARTESIAN_POINT ( 'NONE',  ( -2.011705363803387048, 0.1771653543307086520, -0.2020027194681925098 ) ) ;
#10427 = LINE ( 'NONE', #4928, #4493 ) ;
#10428 = EDGE_LOOP ( 'NONE', ( #5207, #1276, #6585, #6507 ) ) ;
#10429 = EDGE_CURVE ( 'NONE', #5037, #1737, #4833, .T. ) ;
#10430 = EDGE_CURVE ( 'NONE', #3507, #6929, #2964, .T. ) ;
#10431 = EDGE_LOOP ( 'NONE', ( #1253, #2428, #2803, #7750 ) ) ;
#10432 = VECTOR ( 'NONE', #10878, 39.37007874015748143 ) ;
#10433 = DIRECTION ( 'NONE',  ( 1.000000000000000000, -0.000000000000000000, -0.000000000000000000 ) ) ;
#10434 = CARTESIAN_POINT ( 'NONE',  ( -1.490051820496300028, 0.1771653543307086520, 3.176934288405823370 ) ) ;
#10435 = CARTESIAN_POINT ( 'NONE',  ( 0.000000000000000000, 0.1771653543307086520, 2.558269957564442976 ) ) ;
#10436 =( BOUNDED_CURVE ( )  B_SPLINE_CURVE ( 3, ( #7422, #10907, #3780, #7373 ),
 .UNSPECIFIED., .F., .F. ) 
 B_SPLINE_CURVE_WITH_KNOTS ( ( 4, 4 ),
 ( 5.934119456780729607, 6.283185307179586232 ),
 .UNSPECIFIED. ) 
 CURVE ( )  GEOMETRIC_REPRESENTATION_ITEM ( )  RATIONAL_B_SPLINE_CURVE ( ( 1.000000000000000000, 0.9898718353414726057, 0.9898718353414726057, 1.000000000000000000 ) ) 
 REPRESENTATION_ITEM ( '' )  );
#10437 = CYLINDRICAL_SURFACE ( 'NONE', #10352, 0.01968503937007875723 ) ;
#10438 = PRODUCT_DEFINITION_FORMATION_WITH_SPECIFIED_SOURCE ( 'ANY', '', #11150, .NOT_KNOWN. ) ;
#10439 = FACE_OUTER_BOUND ( 'NONE', #4541, .T. ) ;
#10440 = ORIENTED_EDGE ( 'NONE', *, *, #6180, .T. ) ;
#10441 = EDGE_LOOP ( 'NONE', ( #3178, #2736, #748, #9399 ) ) ;
#10442 = ORIENTED_EDGE ( 'NONE', *, *, #10312, .F. ) ;
#10443 = CARTESIAN_POINT ( 'NONE',  ( 2.043412746432833327, 0.000000000000000000, -1.901805869074492339 ) ) ;
#10444 = AXIS2_PLACEMENT_3D ( 'NONE', #1091, #6411, #2120 ) ;
#10445 = DIRECTION ( 'NONE',  ( 1.000000000000000000, 0.000000000000000000, 9.251858538542971828E-16 ) ) ;
#10446 = CARTESIAN_POINT ( 'NONE',  ( 0.8046696754339736080, 0.1690115440477737152, 2.577954996934521681 ) ) ;
#10447 = CARTESIAN_POINT ( 'NONE',  ( 1.925302510212361318, 0.1968503937007874127, -1.409679884822523377 ) ) ;
#10448 = CARTESIAN_POINT ( 'NONE',  ( -0.7311631620456334746, 0.1529109616598305077, 1.809838694887985877 ) ) ;
#10449 = AXIS2_PLACEMENT_3D ( 'NONE', #3147, #10232, #5868 ) ;
#10450 = DIRECTION ( 'NONE',  ( 2.312964634635742957E-16, -0.000000000000000000, -1.000000000000000000 ) ) ;
#10451 = EDGE_LOOP ( 'NONE', ( #9870, #7833, #5878, #3926 ) ) ;
#10452 = FACE_BOUND ( 'NONE', #11132, .T. ) ;
#10453 = AXIS2_PLACEMENT_3D ( 'NONE', #2679, #5302, #6147 ) ;
#10454 = LINE ( 'NONE', #2618, #6241 ) ;
#10455 = EDGE_CURVE ( 'NONE', #10162, #3483, #2091, .T. ) ;
#10456 = CARTESIAN_POINT ( 'NONE',  ( 0.000000000000000000, 0.4724409448818898127, 0.000000000000000000 ) ) ;
#10457 = CARTESIAN_POINT ( 'NONE',  ( 1.312344623978576541, 0.4724409448818898127, 4.062761060059365548 ) ) ;
#10458 = AXIS2_PLACEMENT_3D ( 'NONE', #10557, #7973, #1925 ) ;
#10459 = CARTESIAN_POINT ( 'NONE',  ( -0.8906727624115340358, 0.1529109616598306465, 2.577555230321057156 ) ) ;
#10460 = ORIENTED_EDGE ( 'NONE', *, *, #7284, .F. ) ;
#10461 = ORIENTED_EDGE ( 'NONE', *, *, #732, .F. ) ;
#10462 = VECTOR ( 'NONE', #3594, 39.37007874015748143 ) ;
#10463 = CYLINDRICAL_SURFACE ( 'NONE', #157, 0.01968503937007875723 ) ;
#10464 = PLANE ( 'NONE',  #8469 ) ;
#10465 = ORIENTED_EDGE ( 'NONE', *, *, #7224, .T. ) ;
#10466 = DIRECTION ( 'NONE',  ( -2.312964634635742957E-16, 0.000000000000000000, 1.000000000000000000 ) ) ;
#10467 = CARTESIAN_POINT ( 'NONE',  ( 1.069003297613936532, 0.000000000000000000, -0.000000000000000000 ) ) ;
#10468 = ORIENTED_EDGE ( 'NONE', *, *, #5725, .F. ) ;
#10469 = ADVANCED_FACE ( 'NONE', ( #6370 ), #195, .T. ) ;
#10470 = DIRECTION ( 'NONE',  ( 1.000000000000000000, 0.000000000000000000, 0.000000000000000000 ) ) ;
#10471 = VERTEX_POINT ( 'NONE', #9880 ) ;
#10472 = DIRECTION ( 'NONE',  ( 0.000000000000000000, 0.9396926207859080948, 0.3420201433256694346 ) ) ;
#10473 = DIRECTION ( 'NONE',  ( 0.000000000000000000, 0.000000000000000000, -1.000000000000000000 ) ) ;
#10474 = ADVANCED_FACE ( 'NONE', ( #5522 ), #2031, .T. ) ;
#10475 = AXIS2_PLACEMENT_3D ( 'NONE', #6777, #9416, #8373 ) ;
#10476 = ADVANCED_FACE ( 'NONE', ( #9757 ), #8258, .F. ) ;
#10477 = FACE_OUTER_BOUND ( 'NONE', #7413, .T. ) ;
#10478 = CARTESIAN_POINT ( 'NONE',  ( -0.01910166514976115171, 0.000000000000000000, 0.2187505854846457654 ) ) ;
#10479 = AXIS2_PLACEMENT_3D ( 'NONE', #2364, #5952, #2312 ) ;
#10480 = ORIENTED_EDGE ( 'NONE', *, *, #9364, .F. ) ;
#10481 = DIRECTION ( 'NONE',  ( 0.000000000000000000, 0.000000000000000000, 1.000000000000000000 ) ) ;
#10482 = EDGE_CURVE ( 'NONE', #9802, #3399, #7349, .T. ) ;
#10483 = PLANE ( 'NONE',  #8321 ) ;
#10484 = CIRCLE ( 'NONE', #2261, 0.1377952755905512972 ) ;
#10485 = ORIENTED_EDGE ( 'NONE', *, *, #2408, .F. ) ;
#10486 = ORIENTED_EDGE ( 'NONE', *, *, #5310, .F. ) ;
#10487 = ORIENTED_EDGE ( 'NONE', *, *, #2258, .T. ) ;
#10488 = ORIENTED_EDGE ( 'NONE', *, *, #336, .T. ) ;
#10489 = ORIENTED_EDGE ( 'NONE', *, *, #2295, .F. ) ;
#10490 = LINE ( 'NONE', #191, #7298 ) ;
#10491 = AXIS2_PLACEMENT_3D ( 'NONE', #1133, #4618, #10003 ) ;
#10492 = CARTESIAN_POINT ( 'NONE',  ( 1.412077077274214387, 0.1574803149606299191, 1.810238461501450624 ) ) ;
#10493 = ORIENTED_EDGE ( 'NONE', *, *, #9854, .T. ) ;
#10494 = DIRECTION ( 'NONE',  ( -1.000000000000000000, 0.000000000000000000, 0.000000000000000000 ) ) ;
#10495 = EDGE_CURVE ( 'NONE', #8137, #8990, #5403, .T. ) ;
#10496 = PLANE ( 'NONE',  #7412 ) ;
#10497 = EDGE_CURVE ( 'NONE', #8137, #6158, #9889, .T. ) ;
#10498 = CARTESIAN_POINT ( 'NONE',  ( -0.1036709542218489655, 0.1771653543307086520, 2.558269957564442976 ) ) ;
#10499 = CARTESIAN_POINT ( 'NONE',  ( -1.677059694512046839, 0.5905511811023621549, 4.259611453760153488 ) ) ;
#10500 = CARTESIAN_POINT ( 'NONE',  ( -2.267610875614410215, 0.1771653543307086520, 2.611570337134368189E-16 ) ) ;
#10501 = ORIENTED_EDGE ( 'NONE', *, *, #4275, .F. ) ;
#10502 = ORIENTED_EDGE ( 'NONE', *, *, #8573, .F. ) ;
#10503 = ORIENTED_EDGE ( 'NONE', *, *, #5292, .T. ) ;
#10504 = CARTESIAN_POINT ( 'NONE',  ( 0.04538125036984166916, 0.000000000000000000, 2.473700668492355703 ) ) ;
#10505 = VECTOR ( 'NONE', #9221, 39.37007874015748143 ) ;
#10506 = DIRECTION ( 'NONE',  ( 0.000000000000000000, 0.000000000000000000, -1.000000000000000000 ) ) ;
#10507 = VERTEX_POINT ( 'NONE', #10255 ) ;
#10508 = CARTESIAN_POINT ( 'NONE',  ( 0.000000000000000000, 0.1574803149606299191, 2.558269957564442976 ) ) ;
#10509 = ORIENTED_EDGE ( 'NONE', *, *, #8561, .T. ) ;
#10510 =( BOUNDED_CURVE ( )  B_SPLINE_CURVE ( 3, ( #7928, #1772, #2572, #1661 ),
 .UNSPECIFIED., .F., .F. ) 
 B_SPLINE_CURVE_WITH_KNOTS ( ( 4, 4 ),
 ( 0.000000000000000000, 1.570796326794896558 ),
 .UNSPECIFIED. ) 
 CURVE ( )  GEOMETRIC_REPRESENTATION_ITEM ( )  RATIONAL_B_SPLINE_CURVE ( ( 1.000000000000000000, 0.8047378541243649375, 0.8047378541243649375, 1.000000000000000000 ) ) 
 REPRESENTATION_ITEM ( '' )  );
#10511 = DIRECTION ( 'NONE',  ( 0.000000000000000000, 0.000000000000000000, -1.000000000000000000 ) ) ;
#10512 = LINE ( 'NONE', #2555, #5838 ) ;
#10513 = DIRECTION ( 'NONE',  ( -1.000000000000000000, -0.000000000000000000, -0.000000000000000000 ) ) ;
#10514 = ORIENTED_EDGE ( 'NONE', *, *, #3834, .T. ) ;
#10515 = CARTESIAN_POINT ( 'NONE',  ( -2.504880698959022168E-16, 0.1968503937007874127, -2.039601144665043275 ) ) ;
#10516 = LINE ( 'NONE', #8546, #8256 ) ;
#10517 = ORIENTED_EDGE ( 'NONE', *, *, #5765, .T. ) ;
#10518 = DIRECTION ( 'NONE',  ( -5.433689498264955623E-17, 0.3420201433256694346, -0.9396926207859080948 ) ) ;
#10519 = VECTOR ( 'NONE', #7826, 39.37007874015748143 ) ;
#10520 = DIRECTION ( 'NONE',  ( 0.000000000000000000, 0.000000000000000000, 1.000000000000000000 ) ) ;
#10521 = ORIENTED_EDGE ( 'NONE', *, *, #6449, .T. ) ;
#10522 = CARTESIAN_POINT ( 'NONE',  ( 1.925302510212362650, 0.4724409448818898127, -1.685270436003625694 ) ) ;
#10523 = ORIENTED_EDGE ( 'NONE', *, *, #3012, .F. ) ;
#10524 = CYLINDRICAL_SURFACE ( 'NONE', #4208, 0.09842519685039365085 ) ;
#10525 = EDGE_CURVE ( 'NONE', #5104, #5667, #579, .T. ) ;
#10526 = CARTESIAN_POINT ( 'NONE',  ( -0.04320142679551294829, 0.000000000000000000, -0.4978645713515195692 ) ) ;
#10527 = VERTEX_POINT ( 'NONE', #3927 ) ;
#10529 = DIRECTION ( 'NONE',  ( 0.000000000000000000, 0.000000000000000000, 1.000000000000000000 ) ) ;
#10528 = AXIS2_PLACEMENT_3D ( 'NONE', #626, #6809, #11096 ) ;
#10530 = ORIENTED_EDGE ( 'NONE', *, *, #2250, .F. ) ;
#10531 = PRODUCT_DEFINITION ( 'UNKNOWN', '', #10438, #1037 ) ;
#10532 = DIRECTION ( 'NONE',  ( -0.000000000000000000, 1.000000000000000000, -0.000000000000000000 ) ) ;
#10533 = CYLINDRICAL_SURFACE ( 'NONE', #10818, 0.1377952755905512972 ) ;
#10534 = DIRECTION ( 'NONE',  ( -1.000000000000000000, 0.000000000000000000, -1.156482317317871232E-16 ) ) ;
#10535 = ORIENTED_EDGE ( 'NONE', *, *, #9629, .T. ) ;
#10536 = EDGE_CURVE ( 'NONE', #10544, #5776, #6297, .T. ) ;
#10537 = DIRECTION ( 'NONE',  ( -0.000000000000000000, -1.000000000000000000, 0.000000000000000000 ) ) ;
#10538 = EDGE_CURVE ( 'NONE', #6343, #7703, #729, .T. ) ;
#10539 = ORIENTED_EDGE ( 'NONE', *, *, #9994, .T. ) ;
#10540 = CARTESIAN_POINT ( 'NONE',  ( 0.000000000000000000, 0.1574803149606299191, 1.042521926068380456 ) ) ;
#10541 = ORIENTED_EDGE ( 'NONE', *, *, #1053, .F. ) ;
#10542 = ORIENTED_EDGE ( 'NONE', *, *, #8176, .T. ) ;
#10543 = DIRECTION ( 'NONE',  ( -0.3420201433256694346, 0.9396926207859080948, 0.000000000000000000 ) ) ;
#10544 = VERTEX_POINT ( 'NONE', #2360 ) ;
#10545 = EDGE_LOOP ( 'NONE', ( #904, #7075, #10308, #6587 ) ) ;
#10546 = VERTEX_POINT ( 'NONE', #9181 ) ;
#10547 = EDGE_CURVE ( 'NONE', #4626, #4809, #4028, .T. ) ;
#10548 = CARTESIAN_POINT ( 'NONE',  ( -2.169185678764016689, 0.4724409448818899238, -0.005152325767405871622 ) ) ;
#10549 = CARTESIAN_POINT ( 'NONE',  ( 0.000000000000000000, 0.1574803149606299191, 0.2551203512652306937 ) ) ;
#10550 = ORIENTED_EDGE ( 'NONE', *, *, #4867, .T. ) ;
#10551 = EDGE_CURVE ( 'NONE', #9802, #9917, #8456, .T. ) ;
#10552 = CARTESIAN_POINT ( 'NONE',  ( -1.498479930865239229, 0.1551781507868630339, 2.417645863341691737 ) ) ;
#10553 = CARTESIAN_POINT ( 'NONE',  ( 1.412077077274214387, 0.1574803149606299191, 0.8822127924755504003 ) ) ;
#10554 = CARTESIAN_POINT ( 'NONE',  ( -0.8713874896549199667, 0.1771653543307086520, 3.205047438144841276 ) ) ;
#10555 = ORIENTED_EDGE ( 'NONE', *, *, #6106, .T. ) ;
#10556 = VERTEX_POINT ( 'NONE', #8302 ) ;
#10557 = CARTESIAN_POINT ( 'NONE',  ( -1.490051820496300028, 0.1771653543307086520, 2.409217752972752535 ) ) ;
#10558 = CARTESIAN_POINT ( 'NONE',  ( 0.000000000000000000, 0.1574803149606299191, 3.205047438144841276 ) ) ;
#10559 = EDGE_CURVE ( 'NONE', #7357, #11035, #4081, .T. ) ;
#10560 = ORIENTED_EDGE ( 'NONE', *, *, #5338, .F. ) ;
#10561 = CARTESIAN_POINT ( 'NONE',  ( 0.03576598686676673439, 0.1507476349739041155, 2.418833016475827602 ) ) ;
#10562 = DIRECTION ( 'NONE',  ( -4.625929269271485914E-16, -0.000000000000000000, 1.000000000000000000 ) ) ;
#10563 = CARTESIAN_POINT ( 'NONE',  ( -0.7307633954321687275, 0.1574803149606299191, 1.810238461501450624 ) ) ;
#10564 = CARTESIAN_POINT ( 'NONE',  ( 0.000000000000000000, 0.1574803149606299191, 3.205047438144841276 ) ) ;
#10565 = ORIENTED_EDGE ( 'NONE', *, *, #341, .F. ) ;
#10566 = DIRECTION ( 'NONE',  ( -4.606734542013097089E-16, 0.000000000000000000, -1.000000000000000000 ) ) ;
#10567 = EDGE_LOOP ( 'NONE', ( #6093, #8770, #2770, #675 ) ) ;
#10568 = PLANE ( 'NONE',  #577 ) ;
#10569 = VERTEX_POINT ( 'NONE', #9290 ) ;
#10570 = CARTESIAN_POINT ( 'NONE',  ( -1.518164970235318156, 0.1771653543307086520, 1.669614367278700051 ) ) ;
#10571 = VECTOR ( 'NONE', #9437, 39.37007874015748143 ) ;
#10572 = DIRECTION ( 'NONE',  ( 0.000000000000000000, 0.000000000000000000, 1.000000000000000000 ) ) ;
#10573 = EDGE_CURVE ( 'NONE', #6827, #5210, #7556, .T. ) ;
#10574 = VECTOR ( 'NONE', #4211, 39.37007874015748143 ) ;
#10575 = EDGE_CURVE ( 'NONE', #3402, #6467, #3225, .T. ) ;
#10576 = CARTESIAN_POINT ( 'NONE',  ( 0.04538125036984168997, 0.000000000000000000, 3.241417203925426094 ) ) ;
#10577 = ORIENTED_EDGE ( 'NONE', *, *, #4969, .F. ) ;
#10578 = ORIENTED_EDGE ( 'NONE', *, *, #10573, .T. ) ;
#10579 = CARTESIAN_POINT ( 'NONE',  ( 0.6443605418411433305, 0.1574803149606299191, 1.810238461501450624 ) ) ;
#10580 = LINE ( 'NONE', #6218, #284 ) ;
#10581 = CARTESIAN_POINT ( 'NONE',  ( 0.03655337338743777642, 0.1529109616598305355, 0.2744056240218447629 ) ) ;
#10582 = DIRECTION ( 'NONE',  ( 1.734723475976807094E-16, 0.000000000000000000, 1.000000000000000000 ) ) ;
#10583 = VERTEX_POINT ( 'NONE', #3172 ) ;
#10584 = VECTOR ( 'NONE', #8901, 39.37007874015748143 ) ;
#10585 = CARTESIAN_POINT ( 'NONE',  ( 1.462704085015511746, 0.000000000000000000, 3.954493343523932669 ) ) ;
#10586 = ORIENTED_EDGE ( 'NONE', *, *, #7045, .T. ) ;
#10587 = PLANE ( 'NONE',  #1228 ) ;
#10588 = CYLINDRICAL_SURFACE ( 'NONE', #212, 0.01968503937007875723 ) ;
#10589 = DIRECTION ( 'NONE',  ( 0.000000000000000000, 0.000000000000000000, 1.000000000000000000 ) ) ;
#10590 = EDGE_CURVE ( 'NONE', #6395, #10177, #7450, .T. ) ;
#10591 = DIRECTION ( 'NONE',  ( 0.000000000000000000, -0.000000000000000000, -1.000000000000000000 ) ) ;
#10592 =( BOUNDED_CURVE ( )  B_SPLINE_CURVE ( 3, ( #2597, #4363, #9635, #11227 ),
 .UNSPECIFIED., .F., .F. ) 
 B_SPLINE_CURVE_WITH_KNOTS ( ( 4, 4 ),
 ( 1.570796326794896558, 3.141592653589793116 ),
 .UNSPECIFIED. ) 
 CURVE ( )  GEOMETRIC_REPRESENTATION_ITEM ( )  RATIONAL_B_SPLINE_CURVE ( ( 1.000000000000000000, 0.8047378541243649375, 0.8047378541243649375, 1.000000000000000000 ) ) 
 REPRESENTATION_ITEM ( '' )  );
#10593 = AXIS2_PLACEMENT_3D ( 'NONE', #3625, #3514, #3569 ) ;
#10594 = ORIENTED_EDGE ( 'NONE', *, *, #7031, .F. ) ;
#10595 = ORIENTED_EDGE ( 'NONE', *, *, #9514, .F. ) ;
#10596 = LINE ( 'NONE', #1041, #8974 ) ;
#10597 = ORIENTED_EDGE ( 'NONE', *, *, #9855, .F. ) ;
#10598 = ORIENTED_EDGE ( 'NONE', *, *, #4823, .T. ) ;
#10599 = CARTESIAN_POINT ( 'NONE',  ( -0.8995006393939379841, 0.1771653543307086520, 3.944650823838894205 ) ) ;
#10600 = AXIS2_PLACEMENT_3D ( 'NONE', #11019, #1528, #8379 ) ;
#10601 = ADVANCED_FACE ( 'NONE', ( #6648 ), #1561, .T. ) ;
#10602 = AXIS2_PLACEMENT_3D ( 'NONE', #8806, #10537, #7038 ) ;
#10603 = ORIENTED_EDGE ( 'NONE', *, *, #7851, .F. ) ;
#10604 = ORIENTED_EDGE ( 'NONE', *, *, #4247, .F. ) ;
#10605 = EDGE_CURVE ( 'NONE', #465, #9173, #2195, .T. ) ;
#10606 = ORIENTED_EDGE ( 'NONE', *, *, #5854, .F. ) ;
#10607 = ORIENTED_EDGE ( 'NONE', *, *, #7258, .T. ) ;
#10608 = CARTESIAN_POINT ( 'NONE',  ( 1.675061507801341776, 0.5905511811023621549, 0.9753522703653394466 ) ) ;
#10609 = AXIS2_PLACEMENT_3D ( 'NONE', #1893, #10410, #2811 ) ;
#10610 = EDGE_LOOP ( 'NONE', ( #10660, #9424, #8367, #5123, #8281 ) ) ;
#10611 = CARTESIAN_POINT ( 'NONE',  ( -0.8350177238743351493, 3.414809992080329023E-17, 0.9382675976262138118 ) ) ;
#10612 = CARTESIAN_POINT ( 'NONE',  ( -0.08257150553567030316, 2.287311901041906737, -0.1429476013579570604 ) ) ;
#10613 = CARTESIAN_POINT ( 'NONE',  ( 1.413264230408350031, 0.1507476349739041432, 0.8833999456096859326 ) ) ;
#10614 = EDGE_CURVE ( 'NONE', #11148, #5341, #7607, .T. ) ;
#10615 = DIRECTION ( 'NONE',  ( 0.000000000000000000, 0.000000000000000000, 1.000000000000000000 ) ) ;
#10616 = ORIENTED_EDGE ( 'NONE', *, *, #2500, .T. ) ;
#10617 = EDGE_LOOP ( 'NONE', ( #4640, #101, #7100, #8849 ) ) ;
#10618 = AXIS2_PLACEMENT_3D ( 'NONE', #5043, #589, #10267 ) ;
#10619 = DIRECTION ( 'NONE',  ( -1.000000000000000000, 0.000000000000000000, 0.000000000000000000 ) ) ;
#10620 = EDGE_CURVE ( 'NONE', #10195, #9165, #8512, .T. ) ;
#10621 = DIRECTION ( 'NONE',  ( 1.156482317317871478E-16, -0.000000000000000000, -1.000000000000000000 ) ) ;
#10622 = VERTEX_POINT ( 'NONE', #10889 ) ;
#10623 = CARTESIAN_POINT ( 'NONE',  ( 0.8046696754339736080, 0.1574803149606299191, 2.577954996934521681 ) ) ;
#10624 = CARTESIAN_POINT ( 'NONE',  ( 0.5740857532712967393, 0.3470877061559772825, 3.415946320937438774 ) ) ;
#10625 = DIRECTION ( 'NONE',  ( 0.3236155771181852825, 0.8891264907159880382, -0.3236155771181852825 ) ) ;
#10626 = ORIENTED_EDGE ( 'NONE', *, *, #6294, .F. ) ;
#10627 = ADVANCED_FACE ( 'NONE', ( #5688 ), #478, .T. ) ;
#10628 = CARTESIAN_POINT ( 'NONE',  ( 1.431762116644293092, 0.1771653543307086520, 2.558269957564442976 ) ) ;
#10629 = DIRECTION ( 'NONE',  ( -0.3420201433256694346, 0.9396926207859080948, 0.000000000000000000 ) ) ;
#10630 = EDGE_LOOP ( 'NONE', ( #4669, #4128, #6872, #893 ) ) ;
#10631 = CARTESIAN_POINT ( 'NONE',  ( 1.728452116511574266, 0.5905511811023621549, -2.998386463614427293E-16 ) ) ;
#10632 = AXIS2_PLACEMENT_3D ( 'NONE', #3026, #5476, #8903 ) ;
#10633 = FACE_OUTER_BOUND ( 'NONE', #9810, .T. ) ;
#10634 = LINE ( 'NONE', #2742, #8197 ) ;
#10635 = CARTESIAN_POINT ( 'NONE',  ( -1.735145763943189756, 0.1968503937007874127, 1.020551600767184430 ) ) ;
#10636 = ORIENTED_EDGE ( 'NONE', *, *, #2789, .T. ) ;
#10637 = ORIENTED_EDGE ( 'NONE', *, *, #6747, .F. ) ;
#10638 = DIRECTION ( 'NONE',  ( -0.000000000000000000, 0.000000000000000000, 1.000000000000000000 ) ) ;
#10639 = CIRCLE ( 'NONE', #3149, 0.1377952755905512972 ) ;
#10640 = CARTESIAN_POINT ( 'NONE',  ( -2.169185678764016245, 0.5905511811023621549, 0.2379405998475850048 ) ) ;
#10641 = ORIENTED_EDGE ( 'NONE', *, *, #3372, .F. ) ;
#10642 = ORIENTED_EDGE ( 'NONE', *, *, #11265, .T. ) ;
#10643 = CARTESIAN_POINT ( 'NONE',  ( 1.412077077274214387, 0.1574803149606299191, 0.000000000000000000 ) ) ;
#10644 = LINE ( 'NONE', #3669, #2119 ) ;
#10645 = EDGE_CURVE ( 'NONE', #10527, #9078, #10097, .T. ) ;
#10646 = LINE ( 'NONE', #6287, #9578 ) ;
#10647 = EDGE_CURVE ( 'NONE', #10289, #228, #2588, .T. ) ;
#10648 = DIRECTION ( 'NONE',  ( 0.3236155771181853380, 0.8891264907159878161, -0.3236155771181851160 ) ) ;
#10649 = LINE ( 'NONE', #7156, #9534 ) ;
#10650 = AXIS2_PLACEMENT_3D ( 'NONE', #3979, #8264, #9945 ) ;
#10651 =( BOUNDED_CURVE ( )  B_SPLINE_CURVE ( 3, ( #8682, #233, #3604, #2687 ),
 .UNSPECIFIED., .F., .F. ) 
 B_SPLINE_CURVE_WITH_KNOTS ( ( 4, 4 ),
 ( 2.792526803190924944, 3.141592653589793116 ),
 .UNSPECIFIED. ) 
 CURVE ( )  GEOMETRIC_REPRESENTATION_ITEM ( )  RATIONAL_B_SPLINE_CURVE ( ( 1.000000000000000000, 0.9898718353414719395, 0.9898718353414719395, 1.000000000000000000 ) ) 
 REPRESENTATION_ITEM ( '' )  );
#10652 = CARTESIAN_POINT ( 'NONE',  ( 0.7849846360638947917, 0.1771653543307086520, 2.558269957564442976 ) ) ;
#10653 = CARTESIAN_POINT ( 'NONE',  ( 1.468131882424877688, 0.000000000000000000, 3.176934288405823370 ) ) ;
#10654 = ORIENTED_EDGE ( 'NONE', *, *, #8842, .T. ) ;
#10655 = CARTESIAN_POINT ( 'NONE',  ( 2.043412746432833327, 0.1968503937007874127, -2.039601144665043719 ) ) ;
#10656 = EDGE_LOOP ( 'NONE', ( #11274, #7443 ) ) ;
#10657 = DIRECTION ( 'NONE',  ( 0.000000000000000000, 0.000000000000000000, 1.000000000000000000 ) ) ;
#10658 = VERTEX_POINT ( 'NONE', #6818 ) ;
#10659 = VECTOR ( 'NONE', #8422, 39.37007874015748143 ) ;
#10660 = ORIENTED_EDGE ( 'NONE', *, *, #2020, .T. ) ;
#10661 = CARTESIAN_POINT ( 'NONE',  ( 1.925302510212361318, -0.2952755905511810774, -1.689207443877641435 ) ) ;
#10662 = ORIENTED_EDGE ( 'NONE', *, *, #8640, .T. ) ;
#10663 = ORIENTED_EDGE ( 'NONE', *, *, #8261, .T. ) ;
#10664 =( BOUNDED_CURVE ( )  B_SPLINE_CURVE ( 3, ( #9711, #1813, #27, #5174 ),
 .UNSPECIFIED., .F., .F. ) 
 B_SPLINE_CURVE_WITH_KNOTS ( ( 4, 4 ),
 ( 0.000000000000000000, 0.3490658503988713912 ),
 .UNSPECIFIED. ) 
 CURVE ( )  GEOMETRIC_REPRESENTATION_ITEM ( )  RATIONAL_B_SPLINE_CURVE ( ( 1.000000000000000000, 0.9898718353414717175, 0.9898718353414717175, 1.000000000000000000 ) ) 
 REPRESENTATION_ITEM ( '' )  );
#10665 = ORIENTED_EDGE ( 'NONE', *, *, #8480, .F. ) ;
#10666 = FACE_OUTER_BOUND ( 'NONE', #6774, .T. ) ;
#10667 = ORIENTED_EDGE ( 'NONE', *, *, #4805, .T. ) ;
#10668 = CARTESIAN_POINT ( 'NONE',  ( 1.412077077274214387, 0.1574803149606299191, 0.8822127924755504003 ) ) ;
#10669 = ADVANCED_FACE ( 'NONE', ( #6003 ), #11272, .T. ) ;
#10670 = DIRECTION ( 'NONE',  ( 0.000000000000000000, 0.000000000000000000, -1.000000000000000000 ) ) ;
#10671 = CARTESIAN_POINT ( 'NONE',  ( -0.7504484348022465445, 0.1574803149606299191, -3.471521379630686388E-16 ) ) ;
#10672 = DIRECTION ( 'NONE',  ( 1.000000000000000000, 0.000000000000000000, 0.000000000000000000 ) ) ;
#10673 = VERTEX_POINT ( 'NONE', #7829 ) ;
#10674 = ORIENTED_EDGE ( 'NONE', *, *, #943, .T. ) ;
#10675 = CARTESIAN_POINT ( 'NONE',  ( 0.8034825222998376315, 0.1507476349739041432, 3.954266087341969271 ) ) ;
#10676 = CARTESIAN_POINT ( 'NONE',  ( -0.9613473175948450411, 0.3470877061559770604, 1.880513250071297549 ) ) ;
#10677 = EDGE_LOOP ( 'NONE', ( #3354, #4653 ) ) ;
#10678 = CARTESIAN_POINT ( 'NONE',  ( 0.6640455812112221468, 0.1771653543307086520, 3.325986492997513810 ) ) ;
#10679 = EDGE_CURVE ( 'NONE', #2846, #1675, #6113, .T. ) ;
#10680 = CARTESIAN_POINT ( 'NONE',  ( -1.127492036175426152E-15, 0.1574803149606299191, 2.437330902711769998 ) ) ;
#10681 = CARTESIAN_POINT ( 'NONE',  ( -1.814854970102599552, 0.1771653543307086520, -4.318600491123248212E-16 ) ) ;
#10682 = EDGE_CURVE ( 'NONE', #9454, #1110, #8691, .T. ) ;
#10683 = CARTESIAN_POINT ( 'NONE',  ( -0.1036709542218489655, 0.1771653543307086520, 1.790553422131372141 ) ) ;
#10684 = EDGE_LOOP ( 'NONE', ( #4207, #2914, #686, #540 ) ) ;
#10685 = ADVANCED_FACE ( 'NONE', ( #8693 ), #6930, .F. ) ;
#10686 = CARTESIAN_POINT ( 'NONE',  ( -0.7389172057151036643, 0.1771653543307086798, 2.425799673624626340 ) ) ;
#10687 = DIRECTION ( 'NONE',  ( -1.011922027653137513E-16, 0.000000000000000000, 1.000000000000000000 ) ) ;
#10688 = VERTEX_POINT ( 'NONE', #2477 ) ;
#10689 = FACE_BOUND ( 'NONE', #8117, .T. ) ;
#10690 = FACE_OUTER_BOUND ( 'NONE', #773, .T. ) ;
#10691 = CARTESIAN_POINT ( 'NONE',  ( 1.413264230408350031, 0.1507476349739040600, 2.576767843800386704 ) ) ;
#10692 = CARTESIAN_POINT ( 'NONE',  ( -1.554534736015903196, 0.000000000000000000, 1.705984133059284646 ) ) ;
#10693 = ORIENTED_EDGE ( 'NONE', *, *, #781, .F. ) ;
#10694 = ORIENTED_EDGE ( 'NONE', *, *, #8261, .F. ) ;
#10695 = CARTESIAN_POINT ( 'NONE',  ( 0.8034825222998377425, 0.1507476349739040877, 1.041334772934244590 ) ) ;
#10696 = EDGE_CURVE ( 'NONE', #1972, #5569, #5851, .T. ) ;
#10697 = DIRECTION ( 'NONE',  ( -1.000000000000000000, 0.000000000000000000, 0.000000000000000000 ) ) ;
#10698 = ORIENTED_EDGE ( 'NONE', *, *, #5655, .F. ) ;
#10699 = PLANE ( 'NONE',  #10419 ) ;
#10700 = DIRECTION ( 'NONE',  ( 0.000000000000000000, 0.000000000000000000, 1.000000000000000000 ) ) ;
#10701 = EDGE_CURVE ( 'NONE', #2490, #10544, #1676, .T. ) ;
#10702 = DIMENSIONAL_EXPONENTS ( 1.000000000000000000, 0.000000000000000000, 0.000000000000000000, 0.000000000000000000, 0.000000000000000000, 0.000000000000000000, 0.000000000000000000 ) ;
#10703 = DIRECTION ( 'NONE',  ( 0.000000000000000000, 1.000000000000000000, -0.000000000000000000 ) ) ;
#10704 = DIRECTION ( 'NONE',  ( 0.9396926207859080948, 0.3420201433256694346, 0.000000000000000000 ) ) ;
#10705 = ORIENTED_EDGE ( 'NONE', *, *, #1569, .F. ) ;
#10706 = AXIS2_PLACEMENT_3D ( 'NONE', #10671, #9583, #6073 ) ;
#10707 = VECTOR ( 'NONE', #10298, 39.37007874015748143 ) ;
#10708 = FACE_OUTER_BOUND ( 'NONE', #5118, .T. ) ;
#10709 = FACE_OUTER_BOUND ( 'NONE', #708, .T. ) ;
#10710 = FACE_OUTER_BOUND ( 'NONE', #1475, .T. ) ;
#10711 = ADVANCED_FACE ( 'NONE', ( #1785 ), #687, .T. ) ;
#10712 = ADVANCED_FACE ( 'NONE', ( #11217 ), #5147, .T. ) ;
#10713 = CARTESIAN_POINT ( 'NONE',  ( 0.8130977858029125871, 0.1771653543307086520, 3.176934288405823370 ) ) ;
#10714 = CARTESIAN_POINT ( 'NONE',  ( -0.1229562269784629791, 0.1529109616598304799, 0.8826125590890148143 ) ) ;
#10715 = VECTOR ( 'NONE', #1085, 39.37007874015748143 ) ;
#10716 = ORIENTED_EDGE ( 'NONE', *, *, #3847, .T. ) ;
#10717 = PLANE ( 'NONE',  #10 ) ;
#10718 = ORIENTED_EDGE ( 'NONE', *, *, #8074, .F. ) ;
#10719 = ORIENTED_EDGE ( 'NONE', *, *, #9018, .T. ) ;
#10720 = ORIENTED_EDGE ( 'NONE', *, *, #9990, .F. ) ;
#10721 = ORIENTED_EDGE ( 'NONE', *, *, #3809, .F. ) ;
#10722 = VECTOR ( 'NONE', #8695, 39.37007874015748143 ) ;
#10723 = ORIENTED_EDGE ( 'NONE', *, *, #10943, .F. ) ;
#10724 = EDGE_CURVE ( 'NONE', #10413, #8318, #9821, .T. ) ;
#10725 = EDGE_CURVE ( 'NONE', #761, #6306, #5205, .T. ) ;
#10726 = DIRECTION ( 'NONE',  ( 0.000000000000000000, 0.000000000000000000, -1.000000000000000000 ) ) ;
#10727 = ORIENTED_EDGE ( 'NONE', *, *, #6410, .T. ) ;
#10728 = CARTESIAN_POINT ( 'NONE',  ( -0.1233559935919273931, 0.1574803149606299191, -1.426590253242407219E-17 ) ) ;
#10729 = LINE ( 'NONE', #2142, #2660 ) ;
#10730 = CARTESIAN_POINT ( 'NONE',  ( 0.7004153469918068531, 0.000000000000000000, 1.705984133059284424 ) ) ;
#10731 =( BOUNDED_CURVE ( )  B_SPLINE_CURVE ( 3, ( #2326, #715, #4156, #3246 ),
 .UNSPECIFIED., .F., .T. ) 
 B_SPLINE_CURVE_WITH_KNOTS ( ( 4, 4 ),
 ( 0.000000000000000000, 0.3490658503988669503 ),
 .UNSPECIFIED. ) 
 CURVE ( )  GEOMETRIC_REPRESENTATION_ITEM ( )  RATIONAL_B_SPLINE_CURVE ( ( 1.000000000000000000, 0.9898718353414720506, 0.9898718353414720506, 1.000000000000000000 ) ) 
 REPRESENTATION_ITEM ( '' )  );
#10732 = FACE_BOUND ( 'NONE', #6944, .T. ) ;
#10733 = LINE ( 'NONE', #7006, #10998 ) ;
#10734 = PLANE ( 'NONE',  #594 ) ;
#10735 = EDGE_CURVE ( 'NONE', #3579, #9006, #11160, .T. ) ;
#10736 = VERTEX_POINT ( 'NONE', #3450 ) ;
#10737 = CARTESIAN_POINT ( 'NONE',  ( -1.549106938606536144, -0.2952755905511810774, 3.958430351397948854 ) ) ;
#10738 = CARTESIAN_POINT ( 'NONE',  ( 0.6443605418411433305, 0.1551781507868630616, 2.417645863341692181 ) ) ;
#10739 = CARTESIAN_POINT ( 'NONE',  ( 0.000000000000000000, 0.1968503937007874127, 3.924965784468814611 ) ) ;
#10740 =( LENGTH_UNIT ( ) NAMED_UNIT ( * ) SI_UNIT ( $, .METRE. ) );
#10741 = ORIENTED_EDGE ( 'NONE', *, *, #5264, .T. ) ;
#10742 = CARTESIAN_POINT ( 'NONE',  ( -1.716429773252204916, 0.1968503937007874127, 1.089888905898577232 ) ) ;
#10743 = EDGE_CURVE ( 'NONE', #6246, #11191, #797, .T. ) ;
#10744 = ORIENTED_EDGE ( 'NONE', *, *, #6007, .F. ) ;
#10745 = CARTESIAN_POINT ( 'NONE',  ( -0.1229562269784629652, 0.1529109616598305632, 2.577555230321057156 ) ) ;
#10746 = ORIENTED_EDGE ( 'NONE', *, *, #7869, .F. ) ;
#10747 = DIRECTION ( 'NONE',  ( 0.000000000000000000, 0.3420201433256694346, -0.9396926207859080948 ) ) ;
#10748 = DIRECTION ( 'NONE',  ( 1.000000000000000000, -0.000000000000000000, -4.625929269271483942E-16 ) ) ;
#10749 = ADVANCED_FACE ( 'NONE', ( #9569 ), #2641, .T. ) ;
#10750 = LINE ( 'NONE', #281, #4351 ) ;
#10751 = DIRECTION ( 'NONE',  ( 1.000000000000000000, 0.000000000000000000, 4.625929269271483942E-16 ) ) ;
#10752 = ORIENTED_EDGE ( 'NONE', *, *, #4528, .F. ) ;
#10753 = CARTESIAN_POINT ( 'NONE',  ( -0.8995006393939379841, 0.1771653543307086520, 1.641501217539681479 ) ) ;
#10754 = CARTESIAN_POINT ( 'NONE',  ( 1.925302510212362650, 0.000000000000000000, -1.783695632854019442 ) ) ;
#10755 = DIRECTION ( 'NONE',  ( -0.000000000000000000, -0.000000000000000000, -1.000000000000000000 ) ) ;
#10756 = LINE ( 'NONE', #9909, #3578 ) ;
#10757 = ORIENTED_EDGE ( 'NONE', *, *, #1261, .F. ) ;
#10758 = CARTESIAN_POINT ( 'NONE',  ( -0.7311631620456334746, 0.1529109616598304799, 2.418045629955156262 ) ) ;
#10759 = CARTESIAN_POINT ( 'NONE',  ( 0.8130977858029124761, 0.1771653543307086520, 1.641501217539681701 ) ) ;
#10760 = ORIENTED_EDGE ( 'NONE', *, *, #65, .F. ) ;
#10761 = EDGE_CURVE ( 'NONE', #3951, #10289, #3130, .T. ) ;
#10762 = CARTESIAN_POINT ( 'NONE',  ( 1.462704085015511524, 0.000000000000000000, 4.068666571870389603 ) ) ;
#10763 = FACE_OUTER_BOUND ( 'NONE', #4644, .T. ) ;
#10764 = CARTESIAN_POINT ( 'NONE',  ( 0.8034825222998376315, 0.1507476349739041432, 3.954266087341969271 ) ) ;
#10765 = EDGE_LOOP ( 'NONE', ( #2268, #10674, #1523, #2836 ) ) ;
#10766 = EDGE_CURVE ( 'NONE', #2241, #5445, #3337, .T. ) ;
#10767 = DIRECTION ( 'NONE',  ( -1.000000000000000000, 0.000000000000000000, 0.000000000000000000 ) ) ;
#10768 = DIRECTION ( 'NONE',  ( -0.000000000000000000, -1.000000000000000000, -0.000000000000000000 ) ) ;
#10769 = AXIS2_PLACEMENT_3D ( 'NONE', #10754, #1950, #8111 ) ;
#10770 = CARTESIAN_POINT ( 'NONE',  ( 0.000000000000000000, 0.1574803149606299191, 2.577954996934521681 ) ) ;
#10771 = ORIENTED_EDGE ( 'NONE', *, *, #1435, .T. ) ;
#10772 = LINE ( 'NONE', #3802, #4586 ) ;
#10773 = DIRECTION ( 'NONE',  ( -0.000000000000000000, -1.000000000000000000, -0.000000000000000000 ) ) ;
#10774 = EDGE_LOOP ( 'NONE', ( #10912, #10654, #7287, #513 ) ) ;
#10775 = LINE ( 'NONE', #7341, #2488 ) ;
#10776 = EDGE_CURVE ( 'NONE', #6467, #7710, #4032, .T. ) ;
#10777 = EDGE_LOOP ( 'NONE', ( #3014, #9330, #3753, #9493 ) ) ;
#10778 = ORIENTED_EDGE ( 'NONE', *, *, #4517, .F. ) ;
#10779 = VECTOR ( 'NONE', #3125, 39.37007874015748143 ) ;
#10780 = AXIS2_PLACEMENT_3D ( 'NONE', #9457, #3946, #752 ) ;
#10781 = DIRECTION ( 'NONE',  ( -0.000000000000000000, -1.000000000000000000, 0.000000000000000000 ) ) ;
#10782 = EDGE_LOOP ( 'NONE', ( #9217, #6293, #2960, #7789 ) ) ;
#10783 = CARTESIAN_POINT ( 'NONE',  ( 1.412077077274214387, 0.1574803149606299191, 1.810238461501450624 ) ) ;
#10784 = AXIS2_PLACEMENT_3D ( 'NONE', #7719, #8453, #5835 ) ;
#10785 = DIRECTION ( 'NONE',  ( 1.000000000000000000, 0.000000000000000000, -1.541976423090495387E-16 ) ) ;
#10786 = ADVANCED_FACE ( 'NONE', ( #243 ), #3743, .T. ) ;
#10787 = CARTESIAN_POINT ( 'NONE',  ( 0.000000000000000000, 0.1968503937007874127, -1.645900357263467839 ) ) ;
#10788 = ADVANCED_FACE ( 'NONE', ( #3861 ), #4587, .T. ) ;
#10789 = LINE ( 'NONE', #3071, #1518 ) ;
#10790 = AXIS2_PLACEMENT_3D ( 'NONE', #7531, #3140, #3363 ) ;
#10791 = ORIENTED_EDGE ( 'NONE', *, *, #9567, .T. ) ;
#10792 = PLANE ( 'NONE',  #10940 ) ;
#10793 = CARTESIAN_POINT ( 'NONE',  ( 0.6443605418411433305, 0.1574803149606299191, 2.417645863341692181 ) ) ;
#10794 = DIRECTION ( 'NONE',  ( 0.000000000000000000, 0.000000000000000000, 1.000000000000000000 ) ) ;
#10795 = ORIENTED_EDGE ( 'NONE', *, *, #7688, .T. ) ;
#10796 = EDGE_CURVE ( 'NONE', #7232, #1439, #361, .T. ) ;
#10797 = ORIENTED_EDGE ( 'NONE', *, *, #190, .T. ) ;
#10798 = DIRECTION ( 'NONE',  ( -0.3420201433256694346, -0.9396926207859080948, 0.000000000000000000 ) ) ;
#10799 = DIRECTION ( 'NONE',  ( 1.000000000000000000, -0.000000000000000000, 0.000000000000000000 ) ) ;
#10800 = CARTESIAN_POINT ( 'NONE',  ( 1.648742910352166247, 0.5905511811023621549, 1.020551600767184430 ) ) ;
#10801 = CARTESIAN_POINT ( 'NONE',  ( -1.253831348055354900, -0.2952755905511810774, -0.2020027194681927596 ) ) ;
#10802 = LINE ( 'NONE', #9902, #6662 ) ;
#10803 = VERTEX_POINT ( 'NONE', #3616 ) ;
#10804 = CARTESIAN_POINT ( 'NONE',  ( -0.01910166514976123844, 0.000000000000000000, 3.176934288405823370 ) ) ;
#10805 = VECTOR ( 'NONE', #1617, 39.37007874015748143 ) ;
#10806 = DIRECTION ( 'NONE',  ( 0.000000000000000000, 0.000000000000000000, 1.000000000000000000 ) ) ;
#10807 = EDGE_LOOP ( 'NONE', ( #4084, #9824, #9111, #7005 ) ) ;
#10808 = DIRECTION ( 'NONE',  ( 0.000000000000000000, 0.000000000000000000, -1.000000000000000000 ) ) ;
#10809 = DIRECTION ( 'NONE',  ( -0.3236155771181852825, 0.8891264907159878161, 0.3236155771181852270 ) ) ;
#10810 = ORIENTED_EDGE ( 'NONE', *, *, #856, .F. ) ;
#10811 = DIRECTION ( 'NONE',  ( 0.000000000000000000, 0.000000000000000000, -1.000000000000000000 ) ) ;
#10812 = DIRECTION ( 'NONE',  ( -0.000000000000000000, -1.000000000000000000, 0.000000000000000000 ) ) ;
#10813 =( BOUNDED_CURVE ( )  B_SPLINE_CURVE ( 3, ( #6288, #2579, #9790, #1956 ),
 .UNSPECIFIED., .F., .F. ) 
 B_SPLINE_CURVE_WITH_KNOTS ( ( 4, 4 ),
 ( 0.000000000000000000, 1.570796326794897446 ),
 .UNSPECIFIED. ) 
 CURVE ( )  GEOMETRIC_REPRESENTATION_ITEM ( )  RATIONAL_B_SPLINE_CURVE ( ( 1.000000000000000000, 0.8047378541243648264, 0.8047378541243648264, 1.000000000000000000 ) ) 
 REPRESENTATION_ITEM ( '' )  );
#10814 = EDGE_CURVE ( 'NONE', #2758, #3507, #1618, .T. ) ;
#10815 = AXIS2_PLACEMENT_3D ( 'NONE', #2613, #9541, #8661 ) ;
#10816 = DIRECTION ( 'NONE',  ( -0.000000000000000000, -1.000000000000000000, -0.000000000000000000 ) ) ;
#10817 = DIRECTION ( 'NONE',  ( 0.000000000000000000, 0.000000000000000000, 1.000000000000000000 ) ) ;
#10818 = AXIS2_PLACEMENT_3D ( 'NONE', #6920, #6050, #5941 ) ;
#10819 = ORIENTED_EDGE ( 'NONE', *, *, #2040, .T. ) ;
#10820 = EDGE_LOOP ( 'NONE', ( #6075, #2072, #9467, #7276 ) ) ;
#10821 = FACE_OUTER_BOUND ( 'NONE', #3804, .T. ) ;
#10822 = LINE ( 'NONE', #3911, #6092 ) ;
#10823 = EDGE_LOOP ( 'NONE', ( #5567, #6154, #6242, #1681 ) ) ;
#10824 = EDGE_CURVE ( 'NONE', #5333, #609, #3497, .T. ) ;
#10825 = CYLINDRICAL_SURFACE ( 'NONE', #2549, 0.01968503937007875723 ) ;
#10826 = ORIENTED_EDGE ( 'NONE', *, *, #7247, .T. ) ;
#10827 = DIRECTION ( 'NONE',  ( 0.000000000000000000, 0.000000000000000000, 1.000000000000000000 ) ) ;
#10828 = EDGE_LOOP ( 'NONE', ( #775, #698, #964, #9868 ) ) ;
#10829 = VECTOR ( 'NONE', #8319, 39.37007874015748143 ) ;
#10830 = ADVANCED_FACE ( 'NONE', ( #8992 ), #6359, .T. ) ;
#10831 = DIRECTION ( 'NONE',  ( 0.000000000000000000, 0.000000000000000000, -1.000000000000000000 ) ) ;
#10832 = ORIENTED_EDGE ( 'NONE', *, *, #9372, .F. ) ;
#10833 = EDGE_LOOP ( 'NONE', ( #6361, #10013, #10595, #2809 ) ) ;
#10834 = AXIS2_PLACEMENT_3D ( 'NONE', #5256, #9738, #4348 ) ;
#10835 = DIRECTION ( 'NONE',  ( 0.000000000000000000, 0.000000000000000000, 1.000000000000000000 ) ) ;
#10836 = EDGE_CURVE ( 'NONE', #5820, #11022, #5387, .T. ) ;
#10837 = VECTOR ( 'NONE', #8897, 39.37007874015748143 ) ;
#10838 = VERTEX_POINT ( 'NONE', #8189 ) ;
#10839 = CARTESIAN_POINT ( 'NONE',  ( 1.697423192914377932, 0.4724409448818899238, -0.3988531131689802001 ) ) ;
#10840 = CARTESIAN_POINT ( 'NONE',  ( 0.000000000000000000, 0.4724409448818898127, 3.924965784468814611 ) ) ;
#10841 = CARTESIAN_POINT ( 'NONE',  ( 0.03576598686676719235, 0.1507476349739040600, 3.344484379233457094 ) ) ;
#10842 = FACE_BOUND ( 'NONE', #8631, .T. ) ;
#10843 = LINE ( 'NONE', #6495, #600 ) ;
#10844 = ORIENTED_EDGE ( 'NONE', *, *, #78, .T. ) ;
#10845 = EDGE_CURVE ( 'NONE', #6696, #9630, #10772, .T. ) ;
#10846 = ADVANCED_FACE ( 'NONE', ( #9805 ), #1966, .T. ) ;
#10847 = CARTESIAN_POINT ( 'NONE',  ( 0.7849846360638946807, 0.1771653543307086520, 3.205047438144841276 ) ) ;
#10848 = LINE ( 'NONE', #8902, #9694 ) ;
#10849 = LINE ( 'NONE', #4558, #2586 ) ;
#10850 = ORIENTED_EDGE ( 'NONE', *, *, #5145, .T. ) ;
#10851 = LINE ( 'NONE', #6505, #265 ) ;
#10852 = ORIENTED_EDGE ( 'NONE', *, *, #2182, .F. ) ;
#10853 = FACE_OUTER_BOUND ( 'NONE', #10441, .T. ) ;
#10854 = CARTESIAN_POINT ( 'NONE',  ( 3.675545029056271151E-15, 0.1574803149606299191, 3.972763973577912999 ) ) ;
#10855 = DIRECTION ( 'NONE',  ( -5.782411586589351229E-17, 0.000000000000000000, 1.000000000000000000 ) ) ;
#10856 = DIRECTION ( 'NONE',  ( -4.625929269271465206E-16, 0.000000000000000000, -1.000000000000000000 ) ) ;
#10857 = EDGE_LOOP ( 'NONE', ( #8744, #7820, #7683, #5799 ) ) ;
#10858 = CYLINDRICAL_SURFACE ( 'NONE', #10780, 0.05905511811023627516 ) ;
#10859 = LINE ( 'NONE', #340, #9296 ) ;
#10860 = CARTESIAN_POINT ( 'NONE',  ( -2.011705363803387048, -0.2952755905511810774, -1.783695632854019442 ) ) ;
#10861 = AXIS2_PLACEMENT_3D ( 'NONE', #3953, #8231, #7269 ) ;
#10862 = ORIENTED_EDGE ( 'NONE', *, *, #4540, .T. ) ;
#10863 = CARTESIAN_POINT ( 'NONE',  ( -0.01910166514976128702, 0.000000000000000000, 4.009133739358497373 ) ) ;
#10864 = LINE ( 'NONE', #8333, #3505 ) ;
#10865 = CARTESIAN_POINT ( 'NONE',  ( 1.412077077274214387, 0.1574803149606299191, 3.345671532367592516 ) ) ;
#10866 = VECTOR ( 'NONE', #1291, 39.37007874015748143 ) ;
#10867 = CARTESIAN_POINT ( 'NONE',  ( -0.7223352850632294153, 0.1507476349739041432, 2.418833016475827602 ) ) ;
#10868 = ORIENTED_EDGE ( 'NONE', *, *, #7026, .F. ) ;
#10869 = ORIENTED_EDGE ( 'NONE', *, *, #1311, .T. ) ;
#10870 = ADVANCED_FACE ( 'NONE', ( #5446 ), #10717, .T. ) ;
#10871 = DIRECTION ( 'NONE',  ( 1.156482317317871971E-16, -0.000000000000000000, -1.000000000000000000 ) ) ;
#10872 = LINE ( 'NONE', #5672, #83 ) ;
#10873 = ORIENTED_EDGE ( 'NONE', *, *, #7554, .T. ) ;
#10874 = CYLINDRICAL_SURFACE ( 'NONE', #3112, 0.01968503937007875723 ) ;
#10875 =( BOUNDED_CURVE ( )  B_SPLINE_CURVE ( 3, ( #2633, #7997, #6227, #7876 ),
 .UNSPECIFIED., .F., .T. ) 
 B_SPLINE_CURVE_WITH_KNOTS ( ( 4, 4 ),
 ( 5.934119456780717172, 6.283185307179586232 ),
 .UNSPECIFIED. ) 
 CURVE ( )  GEOMETRIC_REPRESENTATION_ITEM ( )  RATIONAL_B_SPLINE_CURVE ( ( 1.000000000000000000, 0.9898718353414717175, 0.9898718353414717175, 1.000000000000000000 ) ) 
 REPRESENTATION_ITEM ( '' )  );
#10876 = ORIENTED_EDGE ( 'NONE', *, *, #10696, .F. ) ;
#10877 = CIRCLE ( 'NONE', #6876, 0.09448818897637792369 ) ;
#10878 = DIRECTION ( 'NONE',  ( -0.000000000000000000, -1.000000000000000000, -0.000000000000000000 ) ) ;
#10880 = ORIENTED_EDGE ( 'NONE', *, *, #5007, .F. ) ;
#10879 = AXIS2_PLACEMENT_3D ( 'NONE', #3223, #6699, #7447 ) ;
#10881 = CARTESIAN_POINT ( 'NONE',  ( -1.365327214277193946, 0.1968503937007874127, 3.929080006889733134 ) ) ;
#10882 = ORIENTED_EDGE ( 'NONE', *, *, #4768, .F. ) ;
#10883 = EDGE_LOOP ( 'NONE', ( #9092, #3744, #2662, #756 ) ) ;
#10884 = EDGE_CURVE ( 'NONE', #1018, #5074, #9057, .T. ) ;
#10885 = AXIS2_PLACEMENT_3D ( 'NONE', #5748, #2316, #8414 ) ;
#10886 = EDGE_CURVE ( 'NONE', #10177, #5881, #1316, .T. ) ;
#10887 = DIRECTION ( 'NONE',  ( 0.000000000000000000, -1.000000000000000000, 0.000000000000000000 ) ) ;
#10888 = EDGE_LOOP ( 'NONE', ( #8160, #4679, #4341, #145 ) ) ;
#10889 = CARTESIAN_POINT ( 'NONE',  ( 0.7486148702833094193, 0.000000000000000000, 1.705984133059284646 ) ) ;
#10890 = DIRECTION ( 'NONE',  ( -0.000000000000000000, 1.000000000000000000, -0.000000000000000000 ) ) ;
#10891 = DIRECTION ( 'NONE',  ( 0.000000000000000000, 0.000000000000000000, 1.000000000000000000 ) ) ;
#10892 = DIRECTION ( 'NONE',  ( -1.000000000000000000, 0.000000000000000000, -0.000000000000000000 ) ) ;
#10893 = AXIS2_PLACEMENT_3D ( 'NONE', #3619, #2832, #1734 ) ;
#10894 = EDGE_CURVE ( 'NONE', #6011, #7555, #1122, .T. ) ;
#10895 = DIRECTION ( 'NONE',  ( 0.3236155771181851160, 0.8891264907159878161, 0.3236155771181852825 ) ) ;
#10896 = FACE_OUTER_BOUND ( 'NONE', #10431, .T. ) ;
#10897 = EDGE_CURVE ( 'NONE', #10507, #11190, #10596, .T. ) ;
#10898 = CIRCLE ( 'NONE', #2474, 0.1377952755905511584 ) ;
#10899 = CARTESIAN_POINT ( 'NONE',  ( 1.412077077274214387, 0.1551781507868631726, 3.185362398774762127 ) ) ;
#10900 = DIRECTION ( 'NONE',  ( 0.000000000000000000, 0.000000000000000000, -1.000000000000000000 ) ) ;
#10901 = VERTEX_POINT ( 'NONE', #1104 ) ;
#10902 = LINE ( 'NONE', #3077, #7015 ) ;
#10903 = EDGE_CURVE ( 'NONE', #3402, #3637, #7096, .T. ) ;
#10904 = CARTESIAN_POINT ( 'NONE',  ( 0.8046696754339733859, 0.1551781507868630339, 1.042521926068380234 ) ) ;
#10905 = CYLINDRICAL_SURFACE ( 'NONE', #9299, 0.01968503937007875723 ) ;
#10906 = CARTESIAN_POINT ( 'NONE',  ( -0.01910166514976124191, 0.000000000000000000, 3.241417203925426094 ) ) ;
#10907 = CARTESIAN_POINT ( 'NONE',  ( 0.6447603084546077445, 0.1529109616598306465, 2.577555230321057156 ) ) ;
#10908 = CARTESIAN_POINT ( 'NONE',  ( 0.01726810063082404034, 0.1771653543307086520, 1.997025303321358305E-18 ) ) ;
#10909 = DIRECTION ( 'NONE',  ( 0.000000000000000000, 0.000000000000000000, 1.000000000000000000 ) ) ;
#10910 = CARTESIAN_POINT ( 'NONE',  ( 1.413264230408350031, 0.1507476349739040877, 3.944650823838893761 ) ) ;
#10911 = ORIENTED_EDGE ( 'NONE', *, *, #3611, .T. ) ;
#10912 = ORIENTED_EDGE ( 'NONE', *, *, #4802, .T. ) ;
#10913 = FACE_OUTER_BOUND ( 'NONE', #420, .T. ) ;
#10914 = ADVANCED_FACE ( 'NONE', ( #7440 ), #516, .T. ) ;
#10915 = PLANE ( 'NONE',  #7355 ) ;
#10916 = ADVANCED_FACE ( 'NONE', ( #9225 ), #4017, .T. ) ;
#10917 = CARTESIAN_POINT ( 'NONE',  ( 0.04538125036984175242, 0.1771653543307086520, 1.818666571870390269 ) ) ;
#10918 = PLANE ( 'NONE',  #8690 ) ;
#10919 = ORIENTED_EDGE ( 'NONE', *, *, #6837, .F. ) ;
#10920 = ORIENTED_EDGE ( 'NONE', *, *, #4031, .T. ) ;
#10921 = CARTESIAN_POINT ( 'NONE',  ( -2.011705363803387048, 0.000000000000000000, -1.409679884822523377 ) ) ;
#10922 = DIRECTION ( 'NONE',  ( -2.312964634635743943E-16, 0.000000000000000000, 1.000000000000000000 ) ) ;
#10923 = CARTESIAN_POINT ( 'NONE',  ( -1.814854970102599108, 0.1968503937007874127, 3.148271522130164948E-16 ) ) ;
#10924 = ORIENTED_EDGE ( 'NONE', *, *, #3394, .T. ) ;
#10925 = DIRECTION ( 'NONE',  ( 0.000000000000000000, 0.000000000000000000, 1.000000000000000000 ) ) ;
#10926 = ORIENTED_EDGE ( 'NONE', *, *, #10796, .T. ) ;
#10927 = CARTESIAN_POINT ( 'NONE',  ( -0.8910725290249985608, 0.1574803149606299191, 3.185362398774762571 ) ) ;
#10928 = VECTOR ( 'NONE', #8785, 39.37007874015748143 ) ;
#10929 = ORIENTED_EDGE ( 'NONE', *, *, #10575, .T. ) ;
#10930 = ORIENTED_EDGE ( 'NONE', *, *, #11043, .T. ) ;
#10931 = PLANE ( 'NONE',  #9613 ) ;
#10932 = ORIENTED_EDGE ( 'NONE', *, *, #10956, .F. ) ;
#10933 = AXIS2_PLACEMENT_3D ( 'NONE', #9151, #8975, #7376 ) ;
#10934 = AXIS2_PLACEMENT_3D ( 'NONE', #9776, #4388, #1942 ) ;
#10935 = CARTESIAN_POINT ( 'NONE',  ( 0.7486148702833104185, 0.000000000000000000, 3.289616727216929437 ) ) ;
#10936 = LINE ( 'NONE', #1497, #9058 ) ;
#10937 = ORIENTED_EDGE ( 'NONE', *, *, #148, .F. ) ;
#10938 = DIRECTION ( 'NONE',  ( 1.000000000000000000, -0.000000000000000000, -4.625929269271485914E-16 ) ) ;
#10939 = FACE_OUTER_BOUND ( 'NONE', #4871, .T. ) ;
#10940 = AXIS2_PLACEMENT_3D ( 'NONE', #6445, #4723, #381 ) ;
#10941 = DIRECTION ( 'NONE',  ( -1.000000000000000000, 0.000000000000000000, 0.000000000000000000 ) ) ;
#10942 = VECTOR ( 'NONE', #2708, 39.37007874015748143 ) ;
#10943 = EDGE_CURVE ( 'NONE', #1588, #6009, #1277, .T. ) ;
#10944 = LINE ( 'NONE', #1292, #7700 ) ;
#10945 = DIRECTION ( 'NONE',  ( 0.000000000000000000, -1.000000000000000000, 0.000000000000000000 ) ) ;
#10946 = VECTOR ( 'NONE', #10026, 39.37007874015748143 ) ;
#10947 =( BOUNDED_CURVE ( )  B_SPLINE_CURVE ( 3, ( #9021, #8037, #8097, #5645 ),
 .UNSPECIFIED., .F., .T. ) 
 B_SPLINE_CURVE_WITH_KNOTS ( ( 4, 4 ),
 ( 3.141592653589793116, 4.712388980384689674 ),
 .UNSPECIFIED. ) 
 CURVE ( )  GEOMETRIC_REPRESENTATION_ITEM ( )  RATIONAL_B_SPLINE_CURVE ( ( 1.000000000000000000, 0.8047378541243649375, 0.8047378541243649375, 1.000000000000000000 ) ) 
 REPRESENTATION_ITEM ( '' )  );
#10948 = CIRCLE ( 'NONE', #8568, 0.1377952755905511861 ) ;
#10949 = ORIENTED_EDGE ( 'NONE', *, *, #8565, .F. ) ;
#10950 = ADVANCED_FACE ( 'NONE', ( #467 ), #3160, .T. ) ;
#10951 = CARTESIAN_POINT ( 'NONE',  ( -0.8910725290249985608, 0.1690115440477737707, 1.649929327908620680 ) ) ;
#10952 = ORIENTED_EDGE ( 'NONE', *, *, #4311, .F. ) ;
#10953 = CARTESIAN_POINT ( 'NONE',  ( 1.590656840921023774, 0.1771653543307086520, 4.259611453760153488 ) ) ;
#10954 = CARTESIAN_POINT ( 'NONE',  ( 7.723517969990729201E-16, 0.1771653543307086520, 1.669614367278699829 ) ) ;
#10955 = ADVANCED_FACE ( 'NONE', ( #3916 ), #4915, .T. ) ;
#10956 = EDGE_CURVE ( 'NONE', #2490, #1035, #868, .T. ) ;
#10957 = DIRECTION ( 'NONE',  ( -1.000000000000000000, 0.000000000000000000, -6.938893903907197809E-16 ) ) ;
#10958 = AXIS2_PLACEMENT_3D ( 'NONE', #551, #4050, #8537 ) ;
#10959 = ORIENTED_EDGE ( 'NONE', *, *, #9197, .F. ) ;
#10960 = LINE ( 'NONE', #3132, #9737 ) ;
#10961 = CARTESIAN_POINT ( 'NONE',  ( -2.169185678764017133, 0.4724409448818898127, -1.941175947814649305 ) ) ;
#10962 = ORIENTED_EDGE ( 'NONE', *, *, #8960, .F. ) ;
#10963 = DIRECTION ( 'NONE',  ( -1.000000000000000000, 0.000000000000000000, 1.541976423090495387E-16 ) ) ;
#10964 = CARTESIAN_POINT ( 'NONE',  ( 0.8046696754339733859, 0.1574803149606299191, 1.042521926068380456 ) ) ;
#10965 = CARTESIAN_POINT ( 'NONE',  ( -0.1233559935919277262, 0.1690115440477736874, 0.8822127924755501782 ) ) ;
#10966 = AXIS2_PLACEMENT_3D ( 'NONE', #10320, #7899, #75 ) ;
#10967 = ADVANCED_FACE ( 'NONE', ( #6638 ), #10987, .T. ) ;
#10968 = CARTESIAN_POINT ( 'NONE',  ( 0.01726810063082416177, 0.1771653543307086520, 3.325986492997513810 ) ) ;
#10969 = FACE_OUTER_BOUND ( 'NONE', #8237, .T. ) ;
#10970 = EDGE_LOOP ( 'NONE', ( #9098, #250, #7464, #4414 ) ) ;
#10971 = VERTEX_POINT ( 'NONE', #10136 ) ;
#10972 = CARTESIAN_POINT ( 'NONE',  ( 1.925302510212361318, -0.2952755905511810774, -1.783695632854019442 ) ) ;
#10973 = CARTESIAN_POINT ( 'NONE',  ( 1.462704085015511746, 0.4724409448818898127, 4.013548461634169229 ) ) ;
#10974 = AXIS2_PLACEMENT_3D ( 'NONE', #3504, #8572, #9625 ) ;
#10975 = SURFACE_SIDE_STYLE ('',( #7487 ) ) ;
#10976 = DIRECTION ( 'NONE',  ( -0.000000000000000000, -1.000000000000000000, -0.000000000000000000 ) ) ;
#10977 = ORIENTED_EDGE ( 'NONE', *, *, #9024, .T. ) ;
#10978 = VERTEX_POINT ( 'NONE', #1440 ) ;
#10979 = VERTEX_POINT ( 'NONE', #3053 ) ;
#10980 = FACE_OUTER_BOUND ( 'NONE', #294, .T. ) ;
#10981 = CARTESIAN_POINT ( 'NONE',  ( -0.8898853758908631395, 0.1507476349739042265, 3.186549551908898437 ) ) ;
#10982 = ORIENTED_EDGE ( 'NONE', *, *, #2875, .T. ) ;
#10983 = ADVANCED_FACE ( 'NONE', ( #9169 ), #8293, .T. ) ;
#10984 = LINE ( 'NONE', #9223, #11310 ) ;
#10985 = EDGE_CURVE ( 'NONE', #7742, #5553, #11128, .T. ) ;
#10986 = ORIENTED_EDGE ( 'NONE', *, *, #10645, .F. ) ;
#10987 = PLANE ( 'NONE',  #6422 ) ;
#10988 = DIRECTION ( 'NONE',  ( -4.625929269271485914E-16, 0.000000000000000000, 1.000000000000000000 ) ) ;
#10989 = DIRECTION ( 'NONE',  ( 1.000000000000000000, -0.000000000000000000, 0.000000000000000000 ) ) ;
#10990 = DIRECTION ( 'NONE',  ( 6.938893903907228378E-16, -0.000000000000000000, -1.000000000000000000 ) ) ;
#10991 = LINE ( 'NONE', #3168, #7227 ) ;
#10992 = VERTEX_POINT ( 'NONE', #502 ) ;
#10993 = AXIS2_PLACEMENT_3D ( 'NONE', #723, #7805, #2562 ) ;
#10994 = ORIENTED_EDGE ( 'NONE', *, *, #1677, .T. ) ;
#10995 = DIRECTION ( 'NONE',  ( -4.625929269271485914E-16, -0.000000000000000000, 1.000000000000000000 ) ) ;
#10996 = LINE ( 'NONE', #6651, #9429 ) ;
#10997 = CARTESIAN_POINT ( 'NONE',  ( -0.1233559935919278233, 0.1574803149606299191, 2.417645863341692181 ) ) ;
#10998 = VECTOR ( 'NONE', #2036, 39.37007874015748143 ) ;
#10999 =( BOUNDED_CURVE ( )  B_SPLINE_CURVE ( 3, ( #452, #2936, #9210, #1377 ),
 .UNSPECIFIED., .F., .T. ) 
 B_SPLINE_CURVE_WITH_KNOTS ( ( 4, 4 ),
 ( 3.141592653589793116, 4.712388980384689674 ),
 .UNSPECIFIED. ) 
 CURVE ( )  GEOMETRIC_REPRESENTATION_ITEM ( )  RATIONAL_B_SPLINE_CURVE ( ( 1.000000000000000000, 0.8047378541243649375, 0.8047378541243649375, 1.000000000000000000 ) ) 
 REPRESENTATION_ITEM ( '' )  );
#11000 = EDGE_LOOP ( 'NONE', ( #4507, #5482, #9674, #860, #6683 ) ) ;
#11001 = CARTESIAN_POINT ( 'NONE',  ( 0.8130977858029125871, 0.000000000000000000, 3.241417203925426094 ) ) ;
#11002 = AXIS2_PLACEMENT_3D ( 'NONE', #3480, #10518, #2621 ) ;
#11003 = ADVANCED_FACE ( 'NONE', ( #5807 ), #3364, .T. ) ;
#11004 = CARTESIAN_POINT ( 'NONE',  ( -0.7868182005828321390, 0.000000000000000000, 3.176934288405823370 ) ) ;
#11005 = CARTESIAN_POINT ( 'NONE',  ( -0.1221688404577919856, 0.1507476349739040322, 1.651116481042756545 ) ) ;
#11006 = CARTESIAN_POINT ( 'NONE',  ( -1.739587080286873144, 0.5905511811023621549, 1.012924122698684926 ) ) ;
#11007 = ORIENTED_EDGE ( 'NONE', *, *, #1412, .T. ) ;
#11008 = CYLINDRICAL_SURFACE ( 'NONE', #5916, 0.01968503937007875723 ) ;
#11009 = VECTOR ( 'NONE', #8831, 39.37007874015748143 ) ;
#11010 = DIRECTION ( 'NONE',  ( -0.3420201433256694346, -0.9396926207859080948, 0.000000000000000000 ) ) ;
#11011 = CARTESIAN_POINT ( 'NONE',  ( -2.169185678764017133, 0.4724409448818898127, -1.626215317893389356 ) ) ;
#11012 = EDGE_CURVE ( 'NONE', #8727, #9050, #747, .T. ) ;
#11013 =( BOUNDED_CURVE ( )  B_SPLINE_CURVE ( 3, ( #3893, #5544, #7474, #5652 ),
 .UNSPECIFIED., .F., .T. ) 
 B_SPLINE_CURVE_WITH_KNOTS ( ( 4, 4 ),
 ( 0.000000000000000000, 0.3490658503988713357 ),
 .UNSPECIFIED. ) 
 CURVE ( )  GEOMETRIC_REPRESENTATION_ITEM ( )  RATIONAL_B_SPLINE_CURVE ( ( 1.000000000000000000, 0.9898718353414717175, 0.9898718353414717175, 1.000000000000000000 ) ) 
 REPRESENTATION_ITEM ( '' )  );
#11014 = CARTESIAN_POINT ( 'NONE',  ( -1.554534736015902530, 0.000000000000000000, 2.521900191783858158 ) ) ;
#11015 = EDGE_CURVE ( 'NONE', #5046, #6749, #7692, .T. ) ;
#11016 = VECTOR ( 'NONE', #9077, 39.37007874015748143 ) ;
#11017 = CARTESIAN_POINT ( 'NONE',  ( -0.9613473175948451521, 0.3470877061559770049, 0.8119380039057036980 ) ) ;
#11018 = ADVANCED_FACE ( 'NONE', ( #10969 ), #3305, .T. ) ;
#11019 = CARTESIAN_POINT ( 'NONE',  ( 1.590656840921023774, 0.1771653543307086520, 4.121816178169601663 ) ) ;
#11020 = DIRECTION ( 'NONE',  ( 0.000000000000000000, 0.000000000000000000, 1.000000000000000000 ) ) ;
#11021 = VERTEX_POINT ( 'NONE', #10226 ) ;
#11022 = VERTEX_POINT ( 'NONE', #2329 ) ;
#11023 = FACE_BOUND ( 'NONE', #7867, .T. ) ;
#11024 = VECTOR ( 'NONE', #5623, 39.37007874015748143 ) ;
#11025 = ORIENTED_EDGE ( 'NONE', *, *, #7663, .T. ) ;
#11026 = LINE ( 'NONE', #453, #1683 ) ;
#11027 = CARTESIAN_POINT ( 'NONE',  ( -1.578634497661653313, 0.1968503937007874405, 3.787170508878263231 ) ) ;
#11028 = CARTESIAN_POINT ( 'NONE',  ( 0.7004153469918068531, 3.414809992080329023E-17, 0.2187505854846458486 ) ) ;
#11029 = EDGE_CURVE ( 'NONE', #5261, #10014, #2385, .T. ) ;
#11030 = EDGE_LOOP ( 'NONE', ( #10757, #9269, #8272, #10502 ) ) ;
#11031 = AXIS2_PLACEMENT_3D ( 'NONE', #5557, #9042, #2116 ) ;
#11032 = DIRECTION ( 'NONE',  ( 0.000000000000000000, 0.000000000000000000, 1.000000000000000000 ) ) ;
#11033 = EDGE_CURVE ( 'NONE', #9043, #2411, #9206, .T. ) ;
#11034 = DIRECTION ( 'NONE',  ( 1.000000000000000000, 0.000000000000000000, 9.251858538542971828E-16 ) ) ;
#11035 = VERTEX_POINT ( 'NONE', #10171 ) ;
#11036 = PLANE ( 'NONE',  #5287 ) ;
#11037 = EDGE_LOOP ( 'NONE', ( #5964, #1259, #6245, #6806 ) ) ;
#11038 =( BOUNDED_CURVE ( )  B_SPLINE_CURVE ( 3, ( #6141, #8838, #6203, #1007 ),
 .UNSPECIFIED., .F., .F. ) 
 B_SPLINE_CURVE_WITH_KNOTS ( ( 4, 4 ),
 ( 1.570796326794896558, 3.141592653589793116 ),
 .UNSPECIFIED. ) 
 CURVE ( )  GEOMETRIC_REPRESENTATION_ITEM ( )  RATIONAL_B_SPLINE_CURVE ( ( 1.000000000000000000, 0.8047378541243649375, 0.8047378541243649375, 1.000000000000000000 ) ) 
 REPRESENTATION_ITEM ( '' )  );
#11039 = LINE ( 'NONE', #1609, #608 ) ;
#11040 = PLANE ( 'NONE',  #4874 ) ;
#11041 = VECTOR ( 'NONE', #6545, 39.37007874015748143 ) ;
#11042 = ORIENTED_EDGE ( 'NONE', *, *, #3629, .T. ) ;
#11043 = EDGE_CURVE ( 'NONE', #6064, #2989, #2066, .T. ) ;
#11044 = CARTESIAN_POINT ( 'NONE',  ( -0.7504484348022470996, 0.1771653543307086520, 3.205047438144841276 ) ) ;
#11045 = AXIS2_PLACEMENT_3D ( 'NONE', #5936, #3380, #2575 ) ;
#11046 = ORIENTED_EDGE ( 'NONE', *, *, #10391, .F. ) ;
#11047 = CARTESIAN_POINT ( 'NONE',  ( -0.8713874896549197446, 0.1771653543307086520, 2.558269957564442976 ) ) ;
#11048 = DIRECTION ( 'NONE',  ( 0.000000000000000000, 0.000000000000000000, 1.000000000000000000 ) ) ;
#11049 = AXIS2_PLACEMENT_3D ( 'NONE', #672, #4065, #2287 ) ;
#11050 = EDGE_CURVE ( 'NONE', #3637, #7710, #1587, .T. ) ;
#11051 = AXIS2_PLACEMENT_3D ( 'NONE', #2749, #1023, #10700 ) ;
#11052 = PRODUCT_DEFINITION_SHAPE ( 'NONE', 'NONE',  #11320 ) ;
#11053 = DIRECTION ( 'NONE',  ( 5.782411586589361090E-17, 0.000000000000000000, 1.000000000000000000 ) ) ;
#11054 = VERTEX_POINT ( 'NONE', #4052 ) ;
#11055 = CARTESIAN_POINT ( 'NONE',  ( 0.7486148702833094193, 1.707404996040164512E-17, 1.754183656350787546 ) ) ;
#11056 = CARTESIAN_POINT ( 'NONE',  ( -0.1229562269784630207, 0.1529109616598305077, 1.650329094522086093 ) ) ;
#11057 = AXIS2_PLACEMENT_3D ( 'NONE', #8878, #6114, #1786 ) ;
#11058 = APPLICATION_PROTOCOL_DEFINITION ( 'draft international standard', 'automotive_design', 1998, #1586 ) ;
#11059 = VERTEX_POINT ( 'NONE', #5058 ) ;
#11060 = DIRECTION ( 'NONE',  ( 4.625929269271465206E-16, 0.000000000000000000, -1.000000000000000000 ) ) ;
#11061 = DIRECTION ( 'NONE',  ( -1.156482317317871478E-16, -0.000000000000000000, 1.000000000000000000 ) ) ;
#11062 = ORIENTED_EDGE ( 'NONE', *, *, #11263, .T. ) ;
#11063 = EDGE_LOOP ( 'NONE', ( #380, #614, #1137, #1715 ) ) ;
#11064 = VERTEX_POINT ( 'NONE', #4854 ) ;
#11065 = DIRECTION ( 'NONE',  ( 0.000000000000000000, 0.000000000000000000, -1.000000000000000000 ) ) ;
#11066 = EDGE_CURVE ( 'NONE', #889, #3567, #9369, .T. ) ;
#11067 = CYLINDRICAL_SURFACE ( 'NONE', #9015, 0.01968503937007873988 ) ;
#11068 = AXIS2_PLACEMENT_3D ( 'NONE', #4519, #5315, #4402 ) ;
#11069 = DIRECTION ( 'NONE',  ( -1.000000000000000000, 0.000000000000000000, 0.000000000000000000 ) ) ;
#11070 = DIRECTION ( 'NONE',  ( 0.9396926207859080948, 0.3420201433256694346, 0.000000000000000000 ) ) ;
#11071 = LINE ( 'NONE', #8482, #2022 ) ;
#11072 = CARTESIAN_POINT ( 'NONE',  ( 1.590656840921023774, 0.1968503937007874127, 4.121816178169601663 ) ) ;
#11073 = ORIENTED_EDGE ( 'NONE', *, *, #3227, .T. ) ;
#11074 = VERTEX_POINT ( 'NONE', #6786 ) ;
#11075 = EDGE_CURVE ( 'NONE', #2514, #307, #2800, .T. ) ;
#11076 = FACE_BOUND ( 'NONE', #70, .T. ) ;
#11077 = ORIENTED_EDGE ( 'NONE', *, *, #10065, .T. ) ;
#11078 =( BOUNDED_CURVE ( )  B_SPLINE_CURVE ( 3, ( #10563, #945, #10448, #5233 ),
 .UNSPECIFIED., .F., .F. ) 
 B_SPLINE_CURVE_WITH_KNOTS ( ( 4, 4 ),
 ( 3.141592653589793116, 3.490658503988663064 ),
 .UNSPECIFIED. ) 
 CURVE ( )  GEOMETRIC_REPRESENTATION_ITEM ( )  RATIONAL_B_SPLINE_CURVE ( ( 1.000000000000000000, 0.9898718353414717175, 0.9898718353414717175, 1.000000000000000000 ) ) 
 REPRESENTATION_ITEM ( '' )  );
#11079 = CARTESIAN_POINT ( 'NONE',  ( -0.06730118844126409261, 0.000000000000000000, 3.176934288405823370 ) ) ;
#11080 = ADVANCED_FACE ( 'NONE', ( #603 ), #3142, .F. ) ;
#11081 = DIRECTION ( 'NONE',  ( -0.000000000000000000, 1.000000000000000000, -0.000000000000000000 ) ) ;
#11082 = DIRECTION ( 'NONE',  ( -1.000000000000000000, 0.000000000000000000, -0.000000000000000000 ) ) ;
#11083 = APPLICATION_CONTEXT ( 'automotive_design' ) ;
#11084 = LINE ( 'NONE', #9549, #5682 ) ;
#11085 = ORIENTED_EDGE ( 'NONE', *, *, #3798, .T. ) ;
#11087 = ORIENTED_EDGE ( 'NONE', *, *, #5213, .F. ) ;
#11086 = CARTESIAN_POINT ( 'NONE',  ( 0.03695314000090247492, 0.1574803149606299191, 1.810238461501450846 ) ) ;
#11088 = CARTESIAN_POINT ( 'NONE',  ( 1.412077077274214387, 0.1574803149606299191, 1.042521926068380234 ) ) ;
#11089 = DIRECTION ( 'NONE',  ( 0.000000000000000000, 0.000000000000000000, -1.000000000000000000 ) ) ;
#11090 = DIRECTION ( 'NONE',  ( 0.5031907286678232172, 0.000000000000000000, 0.8641753818425660372 ) ) ;
#11091 = EDGE_LOOP ( 'NONE', ( #1269, #5108, #4707, #4168 ) ) ;
#11092 = DIRECTION ( 'NONE',  ( 0.000000000000000000, 0.000000000000000000, -1.000000000000000000 ) ) ;
#11093 = ORIENTED_EDGE ( 'NONE', *, *, #3370, .F. ) ;
#11094 = ADVANCED_FACE ( 'NONE', ( #2444 ), #5917, .F. ) ;
#11095 = FACE_OUTER_BOUND ( 'NONE', #6214, .T. ) ;
#11096 = DIRECTION ( 'NONE',  ( 0.000000000000000000, -0.9396926207859080948, 0.3420201433256694346 ) ) ;
#11097 = EDGE_CURVE ( 'NONE', #6267, #10527, #2277, .T. ) ;
#11098 = FACE_OUTER_BOUND ( 'NONE', #4870, .T. ) ;
#11099 = EDGE_LOOP ( 'NONE', ( #6830, #1853, #4299, #6165, #2950, #2605 ) ) ;
#11100 = CARTESIAN_POINT ( 'NONE',  ( -0.7223352850632291933, 0.000000000000000000, 3.241417203925426094 ) ) ;
#11101 = EDGE_CURVE ( 'NONE', #10546, #3348, #2729, .T. ) ;
#11102 = CARTESIAN_POINT ( 'NONE',  ( -2.248894884923425153, 0.1771653543307086520, 0.3645887790943977969 ) ) ;
#11103 = VECTOR ( 'NONE', #7207, 39.37007874015748143 ) ;
#11104 = AXIS2_PLACEMENT_3D ( 'NONE', #6090, #6964, #10520 ) ;
#11105 = ORIENTED_EDGE ( 'NONE', *, *, #4931, .F. ) ;
#11106 = LINE ( 'NONE', #4932, #6995 ) ;
#11107 = EDGE_LOOP ( 'NONE', ( #877, #10025, #5407, #6006 ) ) ;
#11108 = DIRECTION ( 'NONE',  ( 1.000000000000000000, -0.000000000000000000, 0.000000000000000000 ) ) ;
#11109 = CYLINDRICAL_SURFACE ( 'NONE', #2362, 0.01968503937007875723 ) ;
#11110 = VECTOR ( 'NONE', #7081, 39.37007874015748143 ) ;
#11111 = CARTESIAN_POINT ( 'NONE',  ( 2.043412746432834215, 0.1968503937007874127, 0.2952514739630043294 ) ) ;
#11112 = ADVANCED_FACE ( 'NONE', ( #7857 ), #1877, .F. ) ;
#11113 = CARTESIAN_POINT ( 'NONE',  ( -1.506633741148173833, 0.1771653543307086798, 3.193516209057697619 ) ) ;
#11114 = CIRCLE ( 'NONE', #10212, 0.1377952755905512972 ) ;
#11115 = EDGE_CURVE ( 'NONE', #8188, #5993, #9715, .T. ) ;
#11116 = ORIENTED_EDGE ( 'NONE', *, *, #4383, .T. ) ;
#11117 = CARTESIAN_POINT ( 'NONE',  ( 1.403648966905274964, 0.1771653543307086520, 2.409217752972752979 ) ) ;
#11118 = DIRECTION ( 'NONE',  ( 0.000000000000000000, -0.000000000000000000, -1.000000000000000000 ) ) ;
#11119 = ORIENTED_EDGE ( 'NONE', *, *, #1239, .F. ) ;
#11120 = ORIENTED_EDGE ( 'NONE', *, *, #7392, .F. ) ;
#11121 = DIRECTION ( 'NONE',  ( 0.000000000000000000, 0.000000000000000000, 1.000000000000000000 ) ) ;
#11122 = CARTESIAN_POINT ( 'NONE',  ( -1.518164970235316602, 0.1574803149606299191, -7.022923771394225121E-16 ) ) ;
#11123 = VECTOR ( 'NONE', #11241, 39.37007874015748143 ) ;
#11124 = VECTOR ( 'NONE', #5099, 39.37007874015748143 ) ;
#11125 = DIRECTION ( 'NONE',  ( -0.3420201433256694346, -0.9396926207859080948, 0.000000000000000000 ) ) ;
#11126 = LINE ( 'NONE', #3303, #7471 ) ;
#11127 = CARTESIAN_POINT ( 'NONE',  ( -2.504880698959022168E-16, 0.000000000000000000, -2.039601144665043275 ) ) ;
#11128 = LINE ( 'NONE', #7533, #9340 ) ;
#11129 = EDGE_LOOP ( 'NONE', ( #2064, #4203, #129, #604 ) ) ;
#11130 = VECTOR ( 'NONE', #5619, 39.37007874015748143 ) ;
#11131 = FACE_BOUND ( 'NONE', #10135, .T. ) ;
#11132 = EDGE_LOOP ( 'NONE', ( #583, #6568, #5251, #5204 ) ) ;
#11133 = DIRECTION ( 'NONE',  ( -1.000000000000000000, -0.000000000000000000, -9.251858538542971828E-16 ) ) ;
#11134 = ORIENTED_EDGE ( 'NONE', *, *, #1261, .T. ) ;
#11135 = CARTESIAN_POINT ( 'NONE',  ( 0.6640455812112220357, 0.1574803149606299191, 0.000000000000000000 ) ) ;
#11136 = CARTESIAN_POINT ( 'NONE',  ( 0.03576598686676674133, 0.1507476349739041432, 1.651116481042756767 ) ) ;
#11137 = DIRECTION ( 'NONE',  ( -4.625929269271485914E-16, 0.000000000000000000, 1.000000000000000000 ) ) ;
#11138 = ORIENTED_EDGE ( 'NONE', *, *, #7784, .T. ) ;
#11139 = ORIENTED_EDGE ( 'NONE', *, *, #5586, .T. ) ;
#11140 = CARTESIAN_POINT ( 'NONE',  ( 1.925302510212361318, 0.1771653543307086520, -1.409679884822523377 ) ) ;
#11141 = DIRECTION ( 'NONE',  ( 0.000000000000000000, 0.000000000000000000, 1.000000000000000000 ) ) ;
#11142 = CARTESIAN_POINT ( 'NONE',  ( -0.08257150553567020601, 0.1968503937007874127, -0.005152325767405871622 ) ) ;
#11143 = ORIENTED_EDGE ( 'NONE', *, *, #6253, .T. ) ;
#11144 = FACE_OUTER_BOUND ( 'NONE', #3486, .T. ) ;
#11145 = EDGE_CURVE ( 'NONE', #2351, #5449, #11038, .T. ) ;
#11146 = CARTESIAN_POINT ( 'NONE',  ( 1.468131882424877688, 3.414809992080329023E-17, 3.289616727216928549 ) ) ;
#11147 = ADVANCED_FACE ( 'NONE', ( #2556 ), #5971, .T. ) ;
#11148 = VERTEX_POINT ( 'NONE', #10394 ) ;
#11149 = CARTESIAN_POINT ( 'NONE',  ( 0.6443605418411432195, 0.1551781507868630339, 1.649929327908620458 ) ) ;
#11150 = PRODUCT ( 'Calculator_Plate', 'Calculator_Plate', '', ( #1574 ) ) ;
#11151 = PLANE ( 'NONE',  #2675 ) ;
#11152 = AXIS2_PLACEMENT_3D ( 'NONE', #8201, #8949, #7178 ) ;
#11153 = LINE ( 'NONE', #4719, #1338 ) ;
#11154 = AXIS2_PLACEMENT_3D ( 'NONE', #5068, #9323, #4276 ) ;
#11155 = EDGE_CURVE ( 'NONE', #4448, #1077, #7461, .T. ) ;
#11156 = CARTESIAN_POINT ( 'NONE',  ( -1.716429773252204916, 0.4724409448818898127, 3.787170508878263231 ) ) ;
#11157 = VECTOR ( 'NONE', #1162, 39.37007874015748143 ) ;
#11158 = ORIENTED_EDGE ( 'NONE', *, *, #8348, .T. ) ;
#11159 = ADVANCED_FACE ( 'NONE', ( #2503 ), #1646, .F. ) ;
#11160 = LINE ( 'NONE', #10365, #9520 ) ;
#11161 = CIRCLE ( 'NONE', #6041, 0.1377952755905512972 ) ;
#11162 = LINE ( 'NONE', #8406, #6870 ) ;
#11163 =( BOUNDED_CURVE ( )  B_SPLINE_CURVE ( 3, ( #10498, #8025, #2656, #9700 ),
 .UNSPECIFIED., .F., .F. ) 
 B_SPLINE_CURVE_WITH_KNOTS ( ( 4, 4 ),
 ( 1.570796326794896558, 3.141592653589793116 ),
 .UNSPECIFIED. ) 
 CURVE ( )  GEOMETRIC_REPRESENTATION_ITEM ( )  RATIONAL_B_SPLINE_CURVE ( ( 1.000000000000000000, 0.8047378541243649375, 0.8047378541243649375, 1.000000000000000000 ) ) 
 REPRESENTATION_ITEM ( '' )  );
#11164 = DIRECTION ( 'NONE',  ( -0.000000000000000000, -1.000000000000000000, 0.000000000000000000 ) ) ;
#11165 = ORIENTED_EDGE ( 'NONE', *, *, #690, .T. ) ;
#11166 = PLANE ( 'NONE',  #10479 ) ;
#11167 = EDGE_CURVE ( 'NONE', #2051, #10838, #29, .T. ) ;
#11169 = VERTEX_POINT ( 'NONE', #11293 ) ;
#11168 = VECTOR ( 'NONE', #11133, 39.37007874015748143 ) ;
#11170 = LINE ( 'NONE', #499, #4747 ) ;
#11171 = CARTESIAN_POINT ( 'NONE',  ( 1.412476843887678690, 0.1529109616598307020, 3.185762165388227540 ) ) ;
#11172 = CARTESIAN_POINT ( 'NONE',  ( 1.412077077274214387, 0.1574803149606299191, 0.000000000000000000 ) ) ;
#11173 = FACE_OUTER_BOUND ( 'NONE', #3912, .T. ) ;
#11174 = ORIENTED_EDGE ( 'NONE', *, *, #737, .T. ) ;
#11175 = DIRECTION ( 'NONE',  ( 0.000000000000000000, 0.000000000000000000, 1.000000000000000000 ) ) ;
#11176 = LINE ( 'NONE', #6771, #9397 ) ;
#11177 = AXIS2_PLACEMENT_3D ( 'NONE', #82, #1181, #3580 ) ;
#11178 = ORIENTED_EDGE ( 'NONE', *, *, #9908, .F. ) ;
#11179 = ORIENTED_EDGE ( 'NONE', *, *, #10645, .T. ) ;
#11180 = DIRECTION ( 'NONE',  ( -1.000000000000000000, 0.000000000000000000, 0.000000000000000000 ) ) ;
#11181 = VECTOR ( 'NONE', #3094, 39.37007874015748143 ) ;
#11182 = DIRECTION ( 'NONE',  ( 1.000000000000000000, 0.000000000000000000, 0.000000000000000000 ) ) ;
#11183 = ADVANCED_FACE ( 'NONE', ( #11243 ), #90, .T. ) ;
#11184 = EDGE_CURVE ( 'NONE', #1132, #8494, #3533, .T. ) ;
#11185 = CARTESIAN_POINT ( 'NONE',  ( 0.01726810063082373503, 0.1771653543307086520, 1.790553422131372141 ) ) ;
#11186 = DIRECTION ( 'NONE',  ( 1.000000000000000000, 0.000000000000000000, 4.625929269271482956E-16 ) ) ;
#11187 = CYLINDRICAL_SURFACE ( 'NONE', #2293, 0.01968503937007875723 ) ;
#11188 = CYLINDRICAL_SURFACE ( 'NONE', #10790, 0.01968503937007873988 ) ;
#11189 = DIRECTION ( 'NONE',  ( 0.3236155771181852825, 0.8891264907159880382, 0.3236155771181852825 ) ) ;
#11190 = VERTEX_POINT ( 'NONE', #7012 ) ;
#11191 = VERTEX_POINT ( 'NONE', #3474 ) ;
#11192 = FACE_OUTER_BOUND ( 'NONE', #5937, .T. ) ;
#11193 = FACE_BOUND ( 'NONE', #9833, .T. ) ;
#11194 = CARTESIAN_POINT ( 'NONE',  ( -1.498479930865239007, 0.1574803149606299191, 2.577954996934521681 ) ) ;
#11195 = ORIENTED_EDGE ( 'NONE', *, *, #11295, .F. ) ;
#11196 = DIRECTION ( 'NONE',  ( -1.000000000000000000, 0.000000000000000000, 0.000000000000000000 ) ) ;
#11197 = DIRECTION ( 'NONE',  ( -0.000000000000000000, -1.000000000000000000, -0.000000000000000000 ) ) ;
#11198 = EDGE_CURVE ( 'NONE', #4844, #5257, #3421, .T. ) ;
#11199 = DIRECTION ( 'NONE',  ( 2.379584353717864084E-16, 0.000000000000000000, -1.000000000000000000 ) ) ;
#11200 = ORIENTED_EDGE ( 'NONE', *, *, #4636, .F. ) ;
#11201 = LINE ( 'NONE', #10240, #8929 ) ;
#11202 = CARTESIAN_POINT ( 'NONE',  ( 0.8046696754339741631, 0.1690115440477737152, 3.345671532367593404 ) ) ;
#11203 = EDGE_LOOP ( 'NONE', ( #11250, #772, #639, #2183 ) ) ;
#11204 = CARTESIAN_POINT ( 'NONE',  ( 0.000000000000000000, 0.1574803149606299191, 1.042521926068380456 ) ) ;
#11205 = CARTESIAN_POINT ( 'NONE',  ( -0.7868182005828322501, 0.000000000000000000, 1.641501217539681701 ) ) ;
#11206 = ORIENTED_EDGE ( 'NONE', *, *, #7840, .T. ) ;
#11207 = DIRECTION ( 'NONE',  ( -0.000000000000000000, -1.000000000000000000, -0.000000000000000000 ) ) ;
#11208 = ORIENTED_EDGE ( 'NONE', *, *, #6196, .F. ) ;
#11209 = CARTESIAN_POINT ( 'NONE',  ( -0.7319505485663041489, 0.1507476349739040877, 0.8833999456096859326 ) ) ;
#11210 = DIRECTION ( 'NONE',  ( 0.000000000000000000, -0.000000000000000000, -1.000000000000000000 ) ) ;
#11211 = FACE_BOUND ( 'NONE', #1545, .T. ) ;
#11212 = AXIS2_PLACEMENT_3D ( 'NONE', #5992, #3549, #6048 ) ;
#11213 = EDGE_CURVE ( 'NONE', #4710, #9724, #6082, .T. ) ;
#11214 = CYLINDRICAL_SURFACE ( 'NONE', #5259, 0.01968503937007875723 ) ;
#11215 = LINE ( 'NONE', #164, #3390 ) ;
#11216 = ORIENTED_EDGE ( 'NONE', *, *, #1378, .F. ) ;
#11217 = FACE_OUTER_BOUND ( 'NONE', #8999, .T. ) ;
#11218 = VECTOR ( 'NONE', #5061, 39.37007874015748143 ) ;
#11219 = DIRECTION ( 'NONE',  ( 1.000000000000000000, 0.000000000000000000, 4.625929269271482956E-16 ) ) ;
#11220 = EDGE_CURVE ( 'NONE', #4105, #6478, #5234, .T. ) ;
#11221 = ORIENTED_EDGE ( 'NONE', *, *, #10041, .F. ) ;
#11222 = EDGE_CURVE ( 'NONE', #2984, #5165, #9799, .T. ) ;
#11223 = ORIENTED_EDGE ( 'NONE', *, *, #7892, .F. ) ;
#11224 = CARTESIAN_POINT ( 'NONE',  ( 0.6443605418411432195, 0.1574803149606299191, 0.000000000000000000 ) ) ;
#11225 = AXIS2_PLACEMENT_3D ( 'NONE', #2602, #1866, #869 ) ;
#11226 = CARTESIAN_POINT ( 'NONE',  ( -1.833570960793583726, 0.5905511811023621549, 1.077862474882603339 ) ) ;
#11227 = CARTESIAN_POINT ( 'NONE',  ( -1.498479930865239229, 0.1574803149606299191, 1.649929327908621346 ) ) ;
#11228 = DIRECTION ( 'NONE',  ( 0.000000000000000000, 0.000000000000000000, 1.000000000000000000 ) ) ;
#11229 = PLANE ( 'NONE',  #815 ) ;
#11230 =( BOUNDED_CURVE ( )  B_SPLINE_CURVE ( 3, ( #2533, #6004, #3226, #5035 ),
 .UNSPECIFIED., .F., .F. ) 
 B_SPLINE_CURVE_WITH_KNOTS ( ( 4, 4 ),
 ( 1.570796326794896558, 3.141592653589793116 ),
 .UNSPECIFIED. ) 
 CURVE ( )  GEOMETRIC_REPRESENTATION_ITEM ( )  RATIONAL_B_SPLINE_CURVE ( ( 1.000000000000000000, 0.8047378541243649375, 0.8047378541243649375, 1.000000000000000000 ) ) 
 REPRESENTATION_ITEM ( '' )  );
#11231 = DIRECTION ( 'NONE',  ( -0.3420201433256694346, 0.9396926207859080948, 0.000000000000000000 ) ) ;
#11232 = ADVANCED_FACE ( 'NONE', ( #5294 ), #7070, .T. ) ;
#11233 = LINE ( 'NONE', #9584, #4656 ) ;
#11234 = VECTOR ( 'NONE', #3492, 39.37007874015748143 ) ;
#11235 = ORIENTED_EDGE ( 'NONE', *, *, #7114, .T. ) ;
#11236 = FACE_OUTER_BOUND ( 'NONE', #3571, .T. ) ;
#11237 = EDGE_CURVE ( 'NONE', #9631, #4470, #9832, .T. ) ;
#11238 = CARTESIAN_POINT ( 'NONE',  ( 0.8130977858029125871, 0.1771653543307086520, 0.8737846821066108660 ) ) ;
#11239 = CARTESIAN_POINT ( 'NONE',  ( -1.498479930865239007, 0.1574803149606299191, 1.810238461501450846 ) ) ;
#11240 = VECTOR ( 'NONE', #9525, 39.37007874015748143 ) ;
#11241 = DIRECTION ( 'NONE',  ( 1.734723475976807094E-16, 0.000000000000000000, 1.000000000000000000 ) ) ;
#11242 = FACE_OUTER_BOUND ( 'NONE', #803, .T. ) ;
#11243 = FACE_OUTER_BOUND ( 'NONE', #3687, .T. ) ;
#11244 = ORIENTED_EDGE ( 'NONE', *, *, #1653, .F. ) ;
#11245 = EDGE_LOOP ( 'NONE', ( #5265, #6709, #930, #440 ) ) ;
#11246 = EDGE_CURVE ( 'NONE', #10384, #3383, #10849, .T. ) ;
#11247 = PLANE ( 'NONE',  #2833 ) ;
#11248 = ORIENTED_EDGE ( 'NONE', *, *, #10836, .T. ) ;
#11249 = CARTESIAN_POINT ( 'NONE',  ( -1.814854970102598219, 0.000000000000000000, 4.121816178169601663 ) ) ;
#11250 = ORIENTED_EDGE ( 'NONE', *, *, #690, .F. ) ;
#11251 = CARTESIAN_POINT ( 'NONE',  ( 1.412077077274214609, 0.1551781507868630339, 1.649929327908620680 ) ) ;
#11252 = LINE ( 'NONE', #9432, #3899 ) ;
#11253 = DIRECTION ( 'NONE',  ( -1.000000000000000000, 0.000000000000000000, 0.000000000000000000 ) ) ;
#11254 = VERTEX_POINT ( 'NONE', #1989 ) ;
#11255 = VERTEX_POINT ( 'NONE', #1131 ) ;
#11256 = ORIENTED_EDGE ( 'NONE', *, *, #9209, .T. ) ;
#11257 = CARTESIAN_POINT ( 'NONE',  ( -1.498479930865239229, 0.1574803149606299191, 3.953078934207833850 ) ) ;
#11258 = CARTESIAN_POINT ( 'NONE',  ( 1.431762116644293092, 0.1771653543307086520, 0.9018978318456289944 ) ) ;
#11259 = ORIENTED_EDGE ( 'NONE', *, *, #7518, .F. ) ;
#11260 = CARTESIAN_POINT ( 'NONE',  ( -0.7504484348022465445, 0.1771653543307086520, -3.471521379630686388E-16 ) ) ;
#11261 = DIRECTION ( 'NONE',  ( 0.000000000000000000, -0.9396926207859080948, 0.3420201433256694346 ) ) ;
#11262 = ORIENTED_EDGE ( 'NONE', *, *, #3969, .T. ) ;
#11263 = EDGE_CURVE ( 'NONE', #1013, #4396, #5415, .T. ) ;
#11264 = CARTESIAN_POINT ( 'NONE',  ( 0.04538125036984168997, 0.1507476349739040877, 3.186549551908898437 ) ) ;
#11265 = EDGE_CURVE ( 'NONE', #175, #1654, #3883, .T. ) ;
#11266 = EDGE_LOOP ( 'NONE', ( #10797, #3900, #8908, #9022 ) ) ;
#11267 = CARTESIAN_POINT ( 'NONE',  ( -2.267610875614410659, 0.000000000000000000, -1.901805869074491673 ) ) ;
#11268 = DIRECTION ( 'NONE',  ( 0.000000000000000000, 0.000000000000000000, 1.000000000000000000 ) ) ;
#11269 = CARTESIAN_POINT ( 'NONE',  ( -2.011705363803387048, -0.2952755905511810774, -1.689207443877641435 ) ) ;
#11270 = CARTESIAN_POINT ( 'NONE',  ( 1.866247392102125868, 0.1968503937007874127, 1.147199780013995030 ) ) ;
#11271 = EDGE_LOOP ( 'NONE', ( #5589, #1668, #8969, #9692 ) ) ;
#11272 = CYLINDRICAL_SURFACE ( 'NONE', #8245, 0.01968503937007875723 ) ;
#11273 = CARTESIAN_POINT ( 'NONE',  ( -1.498479930865239007, 0.1574803149606299191, 1.810238461501450846 ) ) ;
#11274 = ORIENTED_EDGE ( 'NONE', *, *, #6311, .T. ) ;
#11275 = VERTEX_POINT ( 'NONE', #10000 ) ;
#11276 = CARTESIAN_POINT ( 'NONE',  ( 1.767822195251732786, 0.4724409448818898127, -1.764010593483940736 ) ) ;
#11277 = LINE ( 'NONE', #6997, #9879 ) ;
#11278 = CYLINDRICAL_SURFACE ( 'NONE', #4214, 0.01968503937007875723 ) ;
#11279 = DIRECTION ( 'NONE',  ( 0.000000000000000000, -1.000000000000000000, 0.000000000000000000 ) ) ;
#11280 = EDGE_CURVE ( 'NONE', #2149, #1132, #8324, .T. ) ;
#11281 = LINE ( 'NONE', #1515, #6689 ) ;
#11282 = FACE_OUTER_BOUND ( 'NONE', #2897, .T. ) ;
#11283 = VECTOR ( 'NONE', #6666, 39.37007874015748143 ) ;
#11284 = ORIENTED_EDGE ( 'NONE', *, *, #5063, .T. ) ;
#11285 = ORIENTED_EDGE ( 'NONE', *, *, #3913, .T. ) ;
#11286 = ORIENTED_EDGE ( 'NONE', *, *, #5070, .F. ) ;
#11287 = LINE ( 'NONE', #9415, #7362 ) ;
#11288 = DIRECTION ( 'NONE',  ( -1.000000000000000000, 0.000000000000000000, -1.156482317317872218E-16 ) ) ;
#11289 = PLANE ( 'NONE',  #3823 ) ;
#11290 = EDGE_CURVE ( 'NONE', #5037, #2534, #9892, .T. ) ;
#11291 = CARTESIAN_POINT ( 'NONE',  ( -2.011705363803387048, 0.000000000000000000, -1.783695632854019442 ) ) ;
#11292 = LINE ( 'NONE', #7978, #5100 ) ;
#11293 = CARTESIAN_POINT ( 'NONE',  ( 2.082782825172992514, 0.4724409448818898127, -1.626215317893389356 ) ) ;
#11294 = EDGE_LOOP ( 'NONE', ( #2798, #8470, #9103, #1342 ) ) ;
#11295 = EDGE_CURVE ( 'NONE', #10096, #3807, #10947, .T. ) ;
#11296 = PLANE ( 'NONE',  #9037 ) ;
#11297 = VECTOR ( 'NONE', #4948, 39.37007874015748143 ) ;
#11298 = VECTOR ( 'NONE', #9093, 39.37007874015748143 ) ;
#11299 = DIRECTION ( 'NONE',  ( 0.000000000000000000, 0.000000000000000000, 1.000000000000000000 ) ) ;
#11300 = EDGE_LOOP ( 'NONE', ( #7467, #8590, #9825, #2458 ) ) ;
#11301 = CARTESIAN_POINT ( 'NONE',  ( 0.7146725889525192832, 0.000000000000000000, -1.645900357263467617 ) ) ;
#11302 = DIRECTION ( 'NONE',  ( -0.000000000000000000, -1.000000000000000000, -0.000000000000000000 ) ) ;
#11303 = CARTESIAN_POINT ( 'NONE',  ( 0.8059769318792208148, 0.4724409448818898127, 3.905280745098735906 ) ) ;
#11304 = ORIENTED_EDGE ( 'NONE', *, *, #7469, .F. ) ;
#11305 = EDGE_CURVE ( 'NONE', #3293, #1445, #10084, .T. ) ;
#11306 = ORIENTED_EDGE ( 'NONE', *, *, #3689, .F. ) ;
#11307 = DIRECTION ( 'NONE',  ( -1.000000000000000000, 0.000000000000000000, 0.000000000000000000 ) ) ;
#11308 = CARTESIAN_POINT ( 'NONE',  ( 7.632456370201920427E-16, 0.1574803149606299191, 1.649929327908620902 ) ) ;
#11309 = ORIENTED_EDGE ( 'NONE', *, *, #5612, .F. ) ;
#11310 = VECTOR ( 'NONE', #2078, 39.37007874015748143 ) ;
#11311 = DIRECTION ( 'NONE',  ( -0.000000000000000000, -1.000000000000000000, -0.000000000000000000 ) ) ;
#11312 =( BOUNDED_CURVE ( )  B_SPLINE_CURVE ( 3, ( #3768, #7360, #7301, #2974 ),
 .UNSPECIFIED., .F., .F. ) 
 B_SPLINE_CURVE_WITH_KNOTS ( ( 4, 4 ),
 ( 0.000000000000000000, 1.570796326794896558 ),
 .UNSPECIFIED. ) 
 CURVE ( )  GEOMETRIC_REPRESENTATION_ITEM ( )  RATIONAL_B_SPLINE_CURVE ( ( 1.000000000000000000, 0.8047378541243649375, 0.8047378541243649375, 1.000000000000000000 ) ) 
 REPRESENTATION_ITEM ( '' )  );
#11313 = CIRCLE ( 'NONE', #3855, 0.09842519685039378963 ) ;
#11314 = DIRECTION ( 'NONE',  ( 1.000000000000000000, -0.000000000000000000, 0.000000000000000000 ) ) ;
#11315 = ORIENTED_EDGE ( 'NONE', *, *, #1787, .T. ) ;
#11316 = DIRECTION ( 'NONE',  ( -0.000000000000000000, 1.000000000000000000, -0.000000000000000000 ) ) ;
#11317 = ORIENTED_EDGE ( 'NONE', *, *, #11145, .T. ) ;
#11318 = DIRECTION ( 'NONE',  ( -1.734723475976807094E-16, 0.000000000000000000, -1.000000000000000000 ) ) ;
#11319 = CARTESIAN_POINT ( 'NONE',  ( -0.04320142679551294829, 0.1771653543307086520, -0.4978645713515195692 ) ) ;
#11320 = NEXT_ASSEMBLY_USAGE_OCCURRENCE ( 'NAUO1', ' ', ' ', #251, #6816, $ ) ;
#11321 = NEXT_ASSEMBLY_USAGE_OCCURRENCE ( 'NAUO2', ' ', ' ', #251, #10531, $ ) ;
ENDSEC;
END-ISO-10303-21;
