ISO-10303-21;
HEADER;
FILE_DESCRIPTION (( 'STEP AP214' ),
    '1' );
FILE_NAME ('Calculator_Plate.STEP',
    '2026-10-09T05:09:32',
    ( '' ),
    ( '' ),
    'SwSTEP 2.0',
    'SolidWorks 2024',
    '' );
FILE_SCHEMA (( 'AUTOMOTIVE_DESIGN' ));
ENDSEC;

DATA;
#1 = CARTESIAN_POINT ( 'NONE',  ( 27.15268375939398737, 5.000000000000000000, -41.80586907449207246 ) ) ;
#2 = CARTESIAN_POINT ( 'NONE',  ( 36.36675776276504735, 4.000000000000000000, 0.000000000000000000 ) ) ;
#3 = VERTEX_POINT ( 'NONE', #3486 ) ;
#4 = LINE ( 'NONE', #5168, #5659 ) ;
#5 = DIRECTION ( 'NONE',  ( -0.3236155771181852270, 0.8891264907159880382, -0.3236155771181852825 ) ) ;
#6 = ADVANCED_FACE ( 'NONE', ( #7448 ), #1557, .T. ) ;
#7 = EDGE_CURVE ( 'NONE', #4877, #6153, #916, .T. ) ;
#8 = LINE ( 'NONE', #656, #7764 ) ;
#9 = ADVANCED_FACE ( 'NONE', ( #7364 ), #1470, .F. ) ;
#10 = CARTESIAN_POINT ( 'NONE',  ( -51.09731624060602684, 5.000000000000000000, -7.630869074492091286 ) ) ;
#11 = CYLINDRICAL_SURFACE ( 'NONE', #8160, 0.5000000000000004441 ) ;
#12 = CARTESIAN_POINT ( 'NONE',  ( 20.65268375939399803, 4.500000000000000000, 85.19413092550790623 ) ) ;
#13 = CARTESIAN_POINT ( 'NONE',  ( -39.34731624060601263, -7.500000000000000000, 101.9441309255079062 ) ) ;
#14 = DIRECTION ( 'NONE',  ( 1.156482317317871478E-16, -0.000000000000000000, -1.000000000000000000 ) ) ;
#15 = ORIENTED_EDGE ( 'NONE', *, *, #2233, .T. ) ;
#16 =( BOUNDED_CURVE ( )  B_SPLINE_CURVE ( 3, ( #7932, #5102, #6442, #5258 ),
 .UNSPECIFIED., .F., .F. ) 
 B_SPLINE_CURVE_WITH_KNOTS ( ( 4, 4 ),
 ( 5.934119456780718060, 6.283185307179586232 ),
 .UNSPECIFIED. ) 
 CURVE ( )  GEOMETRIC_REPRESENTATION_ITEM ( )  RATIONAL_B_SPLINE_CURVE ( ( 1.000000000000000000, 0.9898718353414719395, 0.9898718353414719395, 1.000000000000000000 ) ) 
 REPRESENTATION_ITEM ( '' )  );
#17 = ORIENTED_EDGE ( 'NONE', *, *, #19, .T. ) ;
#18 = VECTOR ( 'NONE', #7449, 1000.000000000000000 ) ;
#19 = EDGE_CURVE ( 'NONE', #7176, #3345, #2254, .T. ) ;
#20 = FACE_OUTER_BOUND ( 'NONE', #3012, .T. ) ;
#21 = DIRECTION ( 'NONE',  ( -0.000000000000000000, -1.000000000000000000, -0.000000000000000000 ) ) ;
#22 = EDGE_CURVE ( 'NONE', #2270, #1927, #4218, .T. ) ;
#23 = CARTESIAN_POINT ( 'NONE',  ( -39.34731624060601263, -7.500000000000000000, 100.5441309255079005 ) ) ;
#24 = DIRECTION ( 'NONE',  ( 0.000000000000000000, -1.000000000000000000, 0.000000000000000000 ) ) ;
#25 = VECTOR ( 'NONE', #276, 1000.000000000000000 ) ;
#26 = VERTEX_POINT ( 'NONE', #5520 ) ;
#27 = ORIENTED_EDGE ( 'NONE', *, *, #3742, .T. ) ;
#28 = LINE ( 'NONE', #2657, #223 ) ;
#29 = ADVANCED_FACE ( 'NONE', ( #2278 ), #7523, .T. ) ;
#30 = CARTESIAN_POINT ( 'NONE',  ( -51.09731624060602684, 0.000000000000000000, -45.30586907449209377 ) ) ;
#31 = DIRECTION ( 'NONE',  ( -1.000000000000000000, -0.000000000000000000, -0.000000000000000000 ) ) ;
#32 = LINE ( 'NONE', #3340, #2629 ) ;
#33 = CARTESIAN_POINT ( 'NONE',  ( -38.06139024397706550, 4.292893218813452094, 84.98005692213686757 ) ) ;
#34 = EDGE_LOOP ( 'NONE', ( #8096, #2494, #3642, #2507 ) ) ;
#35 = LINE ( 'NONE', #2665, #2258 ) ;
#36 = VECTOR ( 'NONE', #7078, 1000.000000000000000 ) ;
#37 = ORIENTED_EDGE ( 'NONE', *, *, #2178, .T. ) ;
#38 = ORIENTED_EDGE ( 'NONE', *, *, #806, .T. ) ;
#39 = ORIENTED_EDGE ( 'NONE', *, *, #1813, .F. ) ;
#40 = LINE ( 'NONE', #2751, #2405 ) ;
#41 = CARTESIAN_POINT ( 'NONE',  ( 35.89691145237208758, 3.828989928337166226, 80.93835861848600643 ) ) ;
#42 = CYLINDRICAL_SURFACE ( 'NONE', #7647, 0.5000000000000004441 ) ;
#43 = VECTOR ( 'NONE', #6656, 1000.000000000000000 ) ;
#44 = FACE_OUTER_BOUND ( 'NONE', #7859, .T. ) ;
#45 = VERTEX_POINT ( 'NONE', #5137 ) ;
#46 = LINE ( 'NONE', #2631, #7064 ) ;
#47 = VERTEX_POINT ( 'NONE', #540 ) ;
#48 = CARTESIAN_POINT ( 'NONE',  ( -38.26849702516361873, 4.500000000000000888, 61.61531171006551233 ) ) ;
#49 = DIRECTION ( 'NONE',  ( 0.000000000000000000, -1.000000000000000000, 0.000000000000000000 ) ) ;
#50 = VECTOR ( 'NONE', #2960, 1000.000000000000000 ) ;
#51 = DIRECTION ( 'NONE',  ( -0.000000000000000000, -1.000000000000000000, -0.000000000000000000 ) ) ;
#52 = CARTESIAN_POINT ( 'NONE',  ( -22.13324223723496331, 4.500000000000000000, 64.98005692213685336 ) ) ;
#53 = CARTESIAN_POINT ( 'NONE',  ( 0.000000000000000000, 0.000000000000000000, 0.000000000000000000 ) ) ;
#54 = VECTOR ( 'NONE', #5725, 1000.000000000000000 ) ;
#55 = DIRECTION ( 'NONE',  ( -0.000000000000000000, -0.000000000000000000, 1.000000000000000000 ) ) ;
#56 = CARTESIAN_POINT ( 'NONE',  ( -1.097316240606028837, 0.000000000000000000, -12.64576011232859720 ) ) ;
#57 = EDGE_CURVE ( 'NONE', #214, #6136, #8346, .T. ) ;
#58 = EDGE_CURVE ( 'NONE', #6840, #4783, #500, .T. ) ;
#59 = CYLINDRICAL_SURFACE ( 'NONE', #1158, 0.5000000000000000000 ) ;
#60 = ORIENTED_EDGE ( 'NONE', *, *, #236, .T. ) ;
#61 = AXIS2_PLACEMENT_3D ( 'NONE', #1051, #5545, #4384 ) ;
#62 = ORIENTED_EDGE ( 'NONE', *, *, #3120, .T. ) ;
#63 = VECTOR ( 'NONE', #4250, 1000.000000000000000 ) ;
#64 = CYLINDRICAL_SURFACE ( 'NONE', #8312, 0.5000000000000004441 ) ;
#65 = CARTESIAN_POINT ( 'NONE',  ( -1.709450186408106420, 0.000000000000000000, 25.05626487131000246 ) ) ;
#66 = CARTESIAN_POINT ( 'NONE',  ( 35.86675776276504735, 4.000000000000000000, 84.98005692213685336 ) ) ;
#67 = VECTOR ( 'NONE', #2269, 1000.000000000000000 ) ;
#68 = CARTESIAN_POINT ( 'NONE',  ( -19.06139024397707615, 4.500000000000000000, 6.480056922136859576 ) ) ;
#69 =( BOUNDED_CURVE ( )  B_SPLINE_CURVE ( 3, ( #4484, #7833, #2518, #5251 ),
 .UNSPECIFIED., .F., .F. ) 
 B_SPLINE_CURVE_WITH_KNOTS ( ( 4, 4 ),
 ( 3.141592653589793116, 3.490658503988664840 ),
 .UNSPECIFIED. ) 
 CURVE ( )  GEOMETRIC_REPRESENTATION_ITEM ( )  RATIONAL_B_SPLINE_CURVE ( ( 1.000000000000000000, 0.9898718353414717175, 0.9898718353414717175, 1.000000000000000000 ) ) 
 REPRESENTATION_ITEM ( '' )  );
#70 = VECTOR ( 'NONE', #6045, 1000.000000000000000 ) ;
#71 = ADVANCED_FACE ( 'NONE', ( #4562 ), #3932, .T. ) ;
#72 = ORIENTED_EDGE ( 'NONE', *, *, #5045, .F. ) ;
#73 = ORIENTED_EDGE ( 'NONE', *, *, #217, .T. ) ;
#74 = CYLINDRICAL_SURFACE ( 'NONE', #5020, 0.5000000000000004441 ) ;
#75 = EDGE_CURVE ( 'NONE', #1500, #3906, #3808, .T. ) ;
#76 = AXIS2_PLACEMENT_3D ( 'NONE', #3923, #7761, #8437 ) ;
#77 = AXIS2_PLACEMENT_3D ( 'NONE', #393, #7128, #2581 ) ;
#78 = CARTESIAN_POINT ( 'NONE',  ( -3.133242237234962868, 4.000000000000000000, 6.980056922136860464 ) ) ;
#79 = DIRECTION ( 'NONE',  ( -1.000000000000000000, -0.000000000000000000, -0.000000000000000000 ) ) ;
#80 = CARTESIAN_POINT ( 'NONE',  ( -3.133242237234970862, 4.000000000000000000, 41.90820492887897331 ) ) ;
#81 = DIRECTION ( 'NONE',  ( 0.3236155771181852825, 0.8891264907159880382, 0.3236155771181852825 ) ) ;
#82 = ORIENTED_EDGE ( 'NONE', *, *, #19, .F. ) ;
#83 = DIRECTION ( 'NONE',  ( 0.000000000000000000, 0.000000000000000000, 1.000000000000000000 ) ) ;
#84 = VECTOR ( 'NONE', #1723, 1000.000000000000000 ) ;
#85 = EDGE_CURVE ( 'NONE', #559, #308, #6388, .T. ) ;
#86 = ORIENTED_EDGE ( 'NONE', *, *, #3234, .F. ) ;
#87 = ORIENTED_EDGE ( 'NONE', *, *, #1372, .F. ) ;
#88 = ORIENTED_EDGE ( 'NONE', *, *, #6970, .T. ) ;
#89 = DIRECTION ( 'NONE',  ( 1.000000000000000000, 0.000000000000000000, 2.312964634635747887E-16 ) ) ;
#90 = DIRECTION ( 'NONE',  ( 0.000000000000000000, 0.000000000000000000, -1.000000000000000000 ) ) ;
#91 = DIRECTION ( 'NONE',  ( -1.000000000000000000, 0.000000000000000000, -0.000000000000000000 ) ) ;
#92 = AXIS2_PLACEMENT_3D ( 'NONE', #7583, #6411, #1122 ) ;
#93 = DIRECTION ( 'NONE',  ( -0.000000000000000000, -1.000000000000000000, -0.000000000000000000 ) ) ;
#94 = EDGE_CURVE ( 'NONE', #5121, #5157, #3209, .T. ) ;
#95 = CARTESIAN_POINT ( 'NONE',  ( -3.133242237234979299, 4.000000000000000000, 80.90820492887897331 ) ) ;
#96 = ORIENTED_EDGE ( 'NONE', *, *, #1627, .F. ) ;
#97 = DIRECTION ( 'NONE',  ( -1.000000000000000000, 0.000000000000000000, 0.000000000000000000 ) ) ;
#98 = CARTESIAN_POINT ( 'NONE',  ( 20.65268375939398382, 4.500000000000000000, 26.69413092550791688 ) ) ;
#99 = CARTESIAN_POINT ( 'NONE',  ( 20.43860975602292740, 4.000000000000000000, 65.48005692213685336 ) ) ;
#100 = DIRECTION ( 'NONE',  ( 0.000000000000000000, 0.000000000000000000, -1.000000000000000000 ) ) ;
#101 = ORIENTED_EDGE ( 'NONE', *, *, #6554, .T. ) ;
#102 = FACE_OUTER_BOUND ( 'NONE', #7547, .T. ) ;
#103 = CARTESIAN_POINT ( 'NONE',  ( 48.90268375939397316, 4.500000000000000000, -2.630869074492086845 ) ) ;
#104 = ORIENTED_EDGE ( 'NONE', *, *, #6431, .T. ) ;
#105 = ORIENTED_EDGE ( 'NONE', *, *, #6439, .F. ) ;
#106 = LINE ( 'NONE', #5466, #6627 ) ;
#107 = ADVANCED_FACE ( 'NONE', ( #5820 ), #8356, .T. ) ;
#108 = CARTESIAN_POINT ( 'NONE',  ( 1.152683759393980489, 0.000000000000000000, 44.55626487130999891 ) ) ;
#109 = DIRECTION ( 'NONE',  ( -0.000000000000000000, -0.000000000000000000, 1.000000000000000000 ) ) ;
#110 = CARTESIAN_POINT ( 'NONE',  ( -37.84731624060601263, 0.000000000000000000, 64.05626487130999180 ) ) ;
#111 = DIRECTION ( 'NONE',  ( 0.3236155771181852270, 0.8891264907159880382, 0.3236155771181852825 ) ) ;
#112 = EDGE_LOOP ( 'NONE', ( #1021, #3728, #4222, #4193 ) ) ;
#113 = CYLINDRICAL_SURFACE ( 'NONE', #5985, 0.5000000000000004441 ) ;
#114 = CARTESIAN_POINT ( 'NONE',  ( 0.000000000000000000, 4.000000000000000000, 26.48005692213686046 ) ) ;
#115 = LINE ( 'NONE', #4750, #6807 ) ;
#116 = EDGE_CURVE ( 'NONE', #7778, #8463, #8399, .T. ) ;
#117 = ADVANCED_FACE ( 'NONE', ( #7807 ), #7243, .T. ) ;
#118 = ADVANCED_FACE ( 'NONE', ( #4523 ), #4446, .T. ) ;
#119 = PLANE ( 'NONE',  #5024 ) ;
#120 = CARTESIAN_POINT ( 'NONE',  ( -18.56139024397707971, 4.000000000000000000, 84.98005692213685336 ) ) ;
#121 = EDGE_CURVE ( 'NONE', #3851, #2046, #5374, .T. ) ;
#122 = ORIENTED_EDGE ( 'NONE', *, *, #7828, .F. ) ;
#123 = DIRECTION ( 'NONE',  ( 0.000000000000000000, -0.000000000000000000, -1.000000000000000000 ) ) ;
#124 = VERTEX_POINT ( 'NONE', #5997 ) ;
#125 = ORIENTED_EDGE ( 'NONE', *, *, #3064, .F. ) ;
#126 = ORIENTED_EDGE ( 'NONE', *, *, #1547, .F. ) ;
#127 = CARTESIAN_POINT ( 'NONE',  ( -22.63324223723496331, 4.000000000000000000, 6.980056922136861353 ) ) ;
#128 = CARTESIAN_POINT ( 'NONE',  ( 0.000000000000000000, 4.000000000000000000, 100.9082049288789733 ) ) ;
#129 = EDGE_CURVE ( 'NONE', #8014, #818, #1392, .T. ) ;
#130 = EDGE_CURVE ( 'NONE', #6153, #708, #6727, .T. ) ;
#131 = CYLINDRICAL_SURFACE ( 'NONE', #7327, 0.5000000000000004441 ) ;
#132 = EDGE_LOOP ( 'NONE', ( #845, #5804, #7665, #1966 ) ) ;
#133 = LINE ( 'NONE', #6843, #5145 ) ;
#134 = ORIENTED_EDGE ( 'NONE', *, *, #8361, .T. ) ;
#135 = DIRECTION ( 'NONE',  ( 0.000000000000000000, 0.000000000000000000, 1.000000000000000000 ) ) ;
#136 = EDGE_LOOP ( 'NONE', ( #2540, #3106, #926, #7091 ) ) ;
#137 = EDGE_CURVE ( 'NONE', #6815, #3537, #106, .T. ) ;
#138 = FACE_OUTER_BOUND ( 'NONE', #3280, .T. ) ;
#139 = CARTESIAN_POINT ( 'NONE',  ( 43.90268375939396606, 0.000000000000000000, 3.194130925507923546 ) ) ;
#140 = EDGE_LOOP ( 'NONE', ( #8293, #7528, #2792, #3953 ) ) ;
#141 = CARTESIAN_POINT ( 'NONE',  ( 20.42845568404090884, 3.883938426159694757, 45.96990285015485256 ) ) ;
#142 = PLANE ( 'NONE',  #2984 ) ;
#143 = CARTESIAN_POINT ( 'NONE',  ( -37.84731624060601973, 4.500000000000000000, 22.19413092550791688 ) ) ;
#144 = ORIENTED_EDGE ( 'NONE', *, *, #8259, .F. ) ;
#145 = EDGE_LOOP ( 'NONE', ( #6186, #6230, #7570, #2750 ) ) ;
#146 = DIRECTION ( 'NONE',  ( -0.9396926207859082059, 0.3420201433256694901, -2.173475799305982003E-16 ) ) ;
#147 = CARTESIAN_POINT ( 'NONE',  ( -22.60308854762791597, 3.828989928337166226, 6.949903232529812236 ) ) ;
#148 = DIRECTION ( 'NONE',  ( -1.000000000000000000, 0.000000000000000000, -0.000000000000000000 ) ) ;
#149 = VECTOR ( 'NONE', #8155, 1000.000000000000000 ) ;
#150 = DIRECTION ( 'NONE',  ( 0.000000000000000000, 0.000000000000000000, 1.000000000000000000 ) ) ;
#151 = ORIENTED_EDGE ( 'NONE', *, *, #8361, .F. ) ;
#152 = ORIENTED_EDGE ( 'NONE', *, *, #7546, .T. ) ;
#153 = FACE_BOUND ( 'NONE', #4204, .T. ) ;
#154 = CARTESIAN_POINT ( 'NONE',  ( 36.36675776276504735, 4.000000000000000000, 0.000000000000000000 ) ) ;
#155 = FACE_OUTER_BOUND ( 'NONE', #3866, .T. ) ;
#156 = AXIS2_PLACEMENT_3D ( 'NONE', #2051, #2012, #6604 ) ;
#157 = FACE_OUTER_BOUND ( 'NONE', #6928, .T. ) ;
#158 = DIRECTION ( 'NONE',  ( 1.000000000000000000, -0.000000000000000000, -4.625929269271485914E-16 ) ) ;
#159 = CARTESIAN_POINT ( 'NONE',  ( 16.36675776276503669, 4.292893218813452094, 26.48005692213686046 ) ) ;
#160 = ORIENTED_EDGE ( 'NONE', *, *, #402, .F. ) ;
#161 = ORIENTED_EDGE ( 'NONE', *, *, #5593, .F. ) ;
#162 = VECTOR ( 'NONE', #1055, 1000.000000000000000 ) ;
#163 = EDGE_CURVE ( 'NONE', #8130, #1578, #8033, .T. ) ;
#164 = ORIENTED_EDGE ( 'NONE', *, *, #3990, .T. ) ;
#165 = EDGE_CURVE ( 'NONE', #1648, #5155, #5792, .T. ) ;
#166 = ORIENTED_EDGE ( 'NONE', *, *, #8022, .F. ) ;
#167 = CARTESIAN_POINT ( 'NONE',  ( -22.63324223723495976, 4.292893218813452094, 6.980056922136859576 ) ) ;
#168 = CARTESIAN_POINT ( 'NONE',  ( -22.63324223723496331, 3.941525029986321815, 61.40820492887897331 ) ) ;
#169 = DIRECTION ( 'NONE',  ( 0.000000000000000000, 0.000000000000000000, -1.000000000000000000 ) ) ;
#170 = ORIENTED_EDGE ( 'NONE', *, *, #2112, .F. ) ;
#171 = CARTESIAN_POINT ( 'NONE',  ( 20.65268375939399803, 4.500000000000000000, 85.19413092550790623 ) ) ;
#172 = EDGE_CURVE ( 'NONE', #5062, #6976, #2048, .T. ) ;
#173 = ORIENTED_EDGE ( 'NONE', *, *, #6954, .T. ) ;
#174 = DIRECTION ( 'NONE',  ( 0.000000000000000000, -0.000000000000000000, -1.000000000000000000 ) ) ;
#175 = VECTOR ( 'NONE', #2597, 1000.000000000000000 ) ;
#176 = ADVANCED_FACE ( 'NONE', ( #6771 ), #7933, .T. ) ;
#177 = ORIENTED_EDGE ( 'NONE', *, *, #1127, .F. ) ;
#178 = CARTESIAN_POINT ( 'NONE',  ( -3.347316240606022397, 4.500000000000000000, 61.19413092550792044 ) ) ;
#179 = LINE ( 'NONE', #4729, #7591 ) ;
#180 = AXIS2_PLACEMENT_3D ( 'NONE', #2671, #6620, #2068 ) ;
#181 = ORIENTED_EDGE ( 'NONE', *, *, #3584, .F. ) ;
#182 = CARTESIAN_POINT ( 'NONE',  ( 0.000000000000000000, 4.000000000000000000, 25.98005692213686046 ) ) ;
#183 = AXIS2_PLACEMENT_3D ( 'NONE', #3524, #774, #8122 ) ;
#184 = EDGE_CURVE ( 'NONE', #1346, #1498, #190, .T. ) ;
#185 = VERTEX_POINT ( 'NONE', #4690 ) ;
#186 = CARTESIAN_POINT ( 'NONE',  ( 0.4386097560229261227, 4.500000000000000000, 5.072444270436198827E-17 ) ) ;
#187 = ORIENTED_EDGE ( 'NONE', *, *, #8306, .F. ) ;
#188 = ORIENTED_EDGE ( 'NONE', *, *, #2234, .T. ) ;
#189 = AXIS2_PLACEMENT_3D ( 'NONE', #4235, #6869, #3717 ) ;
#190 = LINE ( 'NONE', #2087, #4289 ) ;
#191 = VECTOR ( 'NONE', #123, 1000.000000000000000 ) ;
#192 = DIRECTION ( 'NONE',  ( -0.000000000000000000, -1.000000000000000000, -0.000000000000000000 ) ) ;
#193 =( BOUNDED_CURVE ( )  B_SPLINE_CURVE ( 3, ( #7392, #4621, #2058, #120 ),
 .UNSPECIFIED., .F., .F. ) 
 B_SPLINE_CURVE_WITH_KNOTS ( ( 4, 4 ),
 ( 5.934119456780716284, 6.283185307179586232 ),
 .UNSPECIFIED. ) 
 CURVE ( )  GEOMETRIC_REPRESENTATION_ITEM ( )  RATIONAL_B_SPLINE_CURVE ( ( 1.000000000000000000, 0.9898718353414717175, 0.9898718353414717175, 1.000000000000000000 ) ) 
 REPRESENTATION_ITEM ( '' )  );
#194 = DIRECTION ( 'NONE',  ( 1.000000000000000000, 1.486691679947980369E-33, 4.625929269271483942E-16 ) ) ;
#195 = LINE ( 'NONE', #4189, #1874 ) ;
#196 = VECTOR ( 'NONE', #269, 1000.000000000000000 ) ;
#197 = CARTESIAN_POINT ( 'NONE',  ( -21.84731624060601263, 0.000000000000000000, -5.130869074492089510 ) ) ;
#198 = ORIENTED_EDGE ( 'NONE', *, *, #5071, .T. ) ;
#199 = VECTOR ( 'NONE', #4636, 1000.000000000000000 ) ;
#200 = EDGE_LOOP ( 'NONE', ( #2592, #3936, #5738, #2531 ) ) ;
#201 = DIRECTION ( 'NONE',  ( 1.000000000000000000, 0.000000000000000000, 1.252855843761027209E-16 ) ) ;
#202 = PLANE ( 'NONE',  #7314 ) ;
#203 = VECTOR ( 'NONE', #3784, 1000.000000000000000 ) ;
#204 = PLANE ( 'NONE',  #4322 ) ;
#205 = CARTESIAN_POINT ( 'NONE',  ( -3.133242237234979299, 4.000000000000000000, 80.90820492887897331 ) ) ;
#206 = CIRCLE ( 'NONE', #4591, 2.399999999999999467 ) ;
#207 = FACE_OUTER_BOUND ( 'NONE', #6349, .T. ) ;
#208 = CARTESIAN_POINT ( 'NONE',  ( 55.40268375939399448, 4.500000000000000000, 7.499387438660316541 ) ) ;
#209 = EDGE_LOOP ( 'NONE', ( #3579, #377, #1592, #6798 ) ) ;
#210 = ORIENTED_EDGE ( 'NONE', *, *, #4832, .F. ) ;
#211 = AXIS2_PLACEMENT_3D ( 'NONE', #4186, #146, #6728 ) ;
#212 = CIRCLE ( 'NONE', #3652, 1.399999999999998579 ) ;
#213 = ORIENTED_EDGE ( 'NONE', *, *, #4052, .F. ) ;
#214 = VERTEX_POINT ( 'NONE', #6035 ) ;
#215 = DIRECTION ( 'NONE',  ( -1.000000000000000000, -0.000000000000000000, -4.625929269271482956E-16 ) ) ;
#216 = AXIS2_PLACEMENT_3D ( 'NONE', #6337, #2392, #7023 ) ;
#217 = EDGE_CURVE ( 'NONE', #4783, #4645, #1610, .T. ) ;
#218 = ORIENTED_EDGE ( 'NONE', *, *, #5741, .T. ) ;
#219 = CARTESIAN_POINT ( 'NONE',  ( -54.09731624060601263, 4.500000000000000000, 7.499387438660329863 ) ) ;
#220 = VERTEX_POINT ( 'NONE', #5426 ) ;
#221 = PLANE ( 'NONE',  #1434 ) ;
#222 = ORIENTED_EDGE ( 'NONE', *, *, #8233, .T. ) ;
#223 = VECTOR ( 'NONE', #1368, 1000.000000000000000 ) ;
#224 = VERTEX_POINT ( 'NONE', #702 ) ;
#225 = ADVANCED_FACE ( 'NONE', ( #8063 ), #7326, .T. ) ;
#226 = EDGE_CURVE ( 'NONE', #7561, #1736, #4010, .T. ) ;
#227 = DIRECTION ( 'NONE',  ( 0.3236155771181853380, 0.8891264907159878161, -0.3236155771181853935 ) ) ;
#228 = VERTEX_POINT ( 'NONE', #8139 ) ;
#229 = EDGE_CURVE ( 'NONE', #7537, #6049, #5932, .T. ) ;
#230 = CARTESIAN_POINT ( 'NONE',  ( -22.13324223723496331, 4.500000000000000000, -5.119340654455056422E-15 ) ) ;
#231 = CARTESIAN_POINT ( 'NONE',  ( 35.86675776276505445, 4.000000000000000000, 61.40820492887897331 ) ) ;
#232 = VERTEX_POINT ( 'NONE', #7456 ) ;
#233 = CARTESIAN_POINT ( 'NONE',  ( -22.13324223723496686, 4.500000000000000000, 100.9082049288789733 ) ) ;
#234 = ORIENTED_EDGE ( 'NONE', *, *, #8257, .F. ) ;
#235 = EDGE_LOOP ( 'NONE', ( #7529, #4549, #8124, #4263 ) ) ;
#236 = EDGE_CURVE ( 'NONE', #4763, #5872, #436, .T. ) ;
#237 = CARTESIAN_POINT ( 'NONE',  ( -18.56139024397706194, 4.000000000000000000, -8.586367840798368578E-15 ) ) ;
#238 = CARTESIAN_POINT ( 'NONE',  ( -22.60308854762791952, 3.828989928337164450, 22.19413092550791688 ) ) ;
#239 = LINE ( 'NONE', #3549, #4736 ) ;
#240 = ADVANCED_FACE ( 'NONE', ( #3545 ), #634, .T. ) ;
#241 = CARTESIAN_POINT ( 'NONE',  ( 0.000000000000000000, 4.000000000000000000, 26.48005692213686046 ) ) ;
#242 = ORIENTED_EDGE ( 'NONE', *, *, #6054, .T. ) ;
#243 = ORIENTED_EDGE ( 'NONE', *, *, #7211, .T. ) ;
#244 = CARTESIAN_POINT ( 'NONE',  ( -38.56139024397704418, 4.000000000000000000, -1.783822637934133291E-14 ) ) ;
#245 = FACE_BOUND ( 'NONE', #3942, .T. ) ;
#246 = DIRECTION ( 'NONE',  ( 1.000000000000000000, -0.000000000000000000, -0.000000000000000000 ) ) ;
#247 =( BOUNDED_CURVE ( )  B_SPLINE_CURVE ( 3, ( #5033, #6938, #2378, #3022 ),
 .UNSPECIFIED., .F., .F. ) 
 B_SPLINE_CURVE_WITH_KNOTS ( ( 4, 4 ),
 ( 3.141592653589793116, 3.490658503988661288 ),
 .UNSPECIFIED. ) 
 CURVE ( )  GEOMETRIC_REPRESENTATION_ITEM ( )  RATIONAL_B_SPLINE_CURVE ( ( 1.000000000000000000, 0.9898718353414719395, 0.9898718353414719395, 1.000000000000000000 ) ) 
 REPRESENTATION_ITEM ( '' )  );
#248 = PLANE ( 'NONE',  #8035 ) ;
#249 = LINE ( 'NONE', #7429, #1245 ) ;
#250 = CARTESIAN_POINT ( 'NONE',  ( 17.79054981359189114, 8.673617379884035472E-16, 101.8319969797058349 ) ) ;
#251 = DIRECTION ( 'NONE',  ( 1.000000000000000000, -0.000000000000000000, -0.000000000000000000 ) ) ;
#252 = EDGE_LOOP ( 'NONE', ( #5178, #5923, #1376, #5706 ) ) ;
#253 = ORIENTED_EDGE ( 'NONE', *, *, #5154, .F. ) ;
#254 = ORIENTED_EDGE ( 'NONE', *, *, #5907, .F. ) ;
#255 = CYLINDRICAL_SURFACE ( 'NONE', #7743, 0.5000000000000004441 ) ;
#256 = ORIENTED_EDGE ( 'NONE', *, *, #4677, .F. ) ;
#257 = DIRECTION ( 'NONE',  ( 1.000000000000000000, 0.000000000000000000, -1.734723475976807094E-16 ) ) ;
#258 = ORIENTED_EDGE ( 'NONE', *, *, #4418, .T. ) ;
#259 = CARTESIAN_POINT ( 'NONE',  ( -37.84731624060601973, 4.500000000000000000, 22.19413092550791688 ) ) ;
#260 = ORIENTED_EDGE ( 'NONE', *, *, #1178, .T. ) ;
#261 = CARTESIAN_POINT ( 'NONE',  ( -38.06139024397706550, 4.292893218813452094, 45.98005692213685336 ) ) ;
#262 = DIRECTION ( 'NONE',  ( 1.000000000000000000, -0.000000000000000000, 4.625929269271482956E-16 ) ) ;
#263 = DIRECTION ( 'NONE',  ( 0.9396926207859082059, 0.3420201433256694901, 1.086737899652991248E-16 ) ) ;
#264 = DIRECTION ( 'NONE',  ( -6.938893903907229364E-16, 0.000000000000000000, 1.000000000000000000 ) ) ;
#265 = CARTESIAN_POINT ( 'NONE',  ( 55.40268375939397316, 0.000000000000000000, -48.30586907449210088 ) ) ;
#266 = VERTEX_POINT ( 'NONE', #6534 ) ;
#267 = CARTESIAN_POINT ( 'NONE',  ( 20.43860975602294161, 3.941525029986321815, 84.98005692213685336 ) ) ;
#268 = EDGE_LOOP ( 'NONE', ( #7452, #7134, #5837, #1081 ) ) ;
#269 = DIRECTION ( 'NONE',  ( -4.625929269271485914E-16, 0.000000000000000000, 1.000000000000000000 ) ) ;
#270 = VERTEX_POINT ( 'NONE', #7087 ) ;
#271 = EDGE_LOOP ( 'NONE', ( #6550, #1094, #8419, #2713 ) ) ;
#272 = EDGE_CURVE ( 'NONE', #4179, #6342, #2658, .T. ) ;
#273 = EDGE_CURVE ( 'NONE', #896, #559, #3770, .T. ) ;
#274 = CARTESIAN_POINT ( 'NONE',  ( 48.90268375939397316, 0.000000000000000000, -35.80586907449208667 ) ) ;
#275 = CARTESIAN_POINT ( 'NONE',  ( -3.133242237234963756, 4.292893218813452094, 45.98005692213685336 ) ) ;
#276 = DIRECTION ( 'NONE',  ( 2.312964634635743450E-16, -1.547710995231676169E-32, -1.000000000000000000 ) ) ;
#277 = DIRECTION ( 'NONE',  ( 0.000000000000000000, 0.000000000000000000, 1.000000000000000000 ) ) ;
#278 = PLANE ( 'NONE',  #3631 ) ;
#279 = DIRECTION ( 'NONE',  ( 1.000000000000000000, -0.000000000000000000, -0.000000000000000000 ) ) ;
#280 = DIRECTION ( 'NONE',  ( 1.000000000000000000, -0.000000000000000000, -0.000000000000000000 ) ) ;
#281 = ORIENTED_EDGE ( 'NONE', *, *, #5099, .T. ) ;
#282 = ORIENTED_EDGE ( 'NONE', *, *, #1088, .F. ) ;
#283 = EDGE_CURVE ( 'NONE', #6428, #1891, #5742, .T. ) ;
#284 = CARTESIAN_POINT ( 'NONE',  ( 0.000000000000000000, 4.500000000000000000, 0.000000000000000000 ) ) ;
#285 = CARTESIAN_POINT ( 'NONE',  ( -51.09731624060602684, -7.500000000000000000, -45.30586907449209377 ) ) ;
#286 = EDGE_CURVE ( 'NONE', #5495, #4426, #8495, .T. ) ;
#287 = DIRECTION ( 'NONE',  ( -0.3420201433256694901, -0.9396926207859082059, 0.000000000000000000 ) ) ;
#288 = CARTESIAN_POINT ( 'NONE',  ( -46.57270240415702744, 0.000000000000000000, 27.37770686201812609 ) ) ;
#289 = AXIS2_PLACEMENT_3D ( 'NONE', #7649, #6434, #1755 ) ;
#290 = LINE ( 'NONE', #2924, #2007 ) ;
#291 = ORIENTED_EDGE ( 'NONE', *, *, #4317, .T. ) ;
#292 = EDGE_LOOP ( 'NONE', ( #3426, #4782, #4363, #7796 ) ) ;
#293 = ORIENTED_EDGE ( 'NONE', *, *, #5679, .T. ) ;
#294 = ADVANCED_FACE ( 'NONE', ( #1196 ), #4532, .F. ) ;
#295 = ORIENTED_EDGE ( 'NONE', *, *, #7378, .F. ) ;
#296 = CARTESIAN_POINT ( 'NONE',  ( 35.87691183474705525, 3.883938426159694313, 41.91835900086097411 ) ) ;
#297 =( BOUNDED_CURVE ( )  B_SPLINE_CURVE ( 3, ( #5039, #7673, #3792, #2463 ),
 .UNSPECIFIED., .F., .F. ) 
 B_SPLINE_CURVE_WITH_KNOTS ( ( 4, 4 ),
 ( 1.570796326794896558, 3.141592653589793116 ),
 .UNSPECIFIED. ) 
 CURVE ( )  GEOMETRIC_REPRESENTATION_ITEM ( )  RATIONAL_B_SPLINE_CURVE ( ( 1.000000000000000000, 0.8047378541243649375, 0.8047378541243649375, 1.000000000000000000 ) ) 
 REPRESENTATION_ITEM ( '' )  );
#298 = AXIS2_PLACEMENT_3D ( 'NONE', #4328, #3720, #582 ) ;
#299 = LINE ( 'NONE', #2368, #2560 ) ;
#300 = ORIENTED_EDGE ( 'NONE', *, *, #6849, .F. ) ;
#301 = CARTESIAN_POINT ( 'NONE',  ( -19.06139024397707260, 4.500000000000000000, 64.98005692213685336 ) ) ;
#302 = VECTOR ( 'NONE', #1262, 1000.000000000000000 ) ;
#303 = ORIENTED_EDGE ( 'NONE', *, *, #8471, .F. ) ;
#304 = LINE ( 'NONE', #2249, #63 ) ;
#305 = ORIENTED_EDGE ( 'NONE', *, *, #8425, .T. ) ;
#306 = CYLINDRICAL_SURFACE ( 'NONE', #6238, 0.5000000000000004441 ) ;
#307 = CARTESIAN_POINT ( 'NONE',  ( -19.06139024397708681, 4.500000000000000000, 45.48005692213685336 ) ) ;
#308 = VERTEX_POINT ( 'NONE', #5226 ) ;
#309 = CARTESIAN_POINT ( 'NONE',  ( 16.36675776276504024, 4.292893218813452094, 84.98005692213686757 ) ) ;
#310 = DIRECTION ( 'NONE',  ( 6.938893903907229364E-16, -0.000000000000000000, -1.000000000000000000 ) ) ;
#311 = VERTEX_POINT ( 'NONE', #6485 ) ;
#312 = CYLINDRICAL_SURFACE ( 'NONE', #4573, 0.5000000000000004441 ) ;
#313 = FACE_OUTER_BOUND ( 'NONE', #6255, .T. ) ;
#314 = AXIS2_PLACEMENT_3D ( 'NONE', #928, #5508, #6820 ) ;
#315 = ORIENTED_EDGE ( 'NONE', *, *, #6970, .F. ) ;
#316 = DIRECTION ( 'NONE',  ( -0.000000000000000000, 0.000000000000000000, 1.000000000000000000 ) ) ;
#317 = EDGE_LOOP ( 'NONE', ( #5490, #6166, #6075, #305 ) ) ;
#318 = ORIENTED_EDGE ( 'NONE', *, *, #7431, .T. ) ;
#319 = AXIS2_PLACEMENT_3D ( 'NONE', #3796, #1633, #3157 ) ;
#320 = DIRECTION ( 'NONE',  ( -1.000000000000000000, -0.000000000000000000, -0.000000000000000000 ) ) ;
#321 = CARTESIAN_POINT ( 'NONE',  ( -22.42613545604841363, 4.500000000000000000, 61.61531171006551233 ) ) ;
#322 = EDGE_CURVE ( 'NONE', #1188, #2605, #1408, .T. ) ;
#323 = CARTESIAN_POINT ( 'NONE',  ( -18.56139024397707615, 4.000000000000000000, 6.980056922136862241 ) ) ;
#324 = ORIENTED_EDGE ( 'NONE', *, *, #760, .T. ) ;
#325 = VECTOR ( 'NONE', #3472, 1000.000000000000000 ) ;
#326 = ORIENTED_EDGE ( 'NONE', *, *, #4687, .F. ) ;
#327 = CARTESIAN_POINT ( 'NONE',  ( 16.36675776276504024, 3.941525029986321815, 61.40820492887897331 ) ) ;
#328 = CYLINDRICAL_SURFACE ( 'NONE', #3351, 0.5000000000000000000 ) ;
#329 = VECTOR ( 'NONE', #7092, 1000.000000000000000 ) ;
#330 = DIRECTION ( 'NONE',  ( -1.000000000000000000, 0.000000000000000000, -5.782411586589357392E-17 ) ) ;
#331 = DIRECTION ( 'NONE',  ( 0.000000000000000000, 0.000000000000000000, 1.000000000000000000 ) ) ;
#332 = AXIS2_PLACEMENT_3D ( 'NONE', #957, #7679, #7116 ) ;
#333 = FACE_OUTER_BOUND ( 'NONE', #4277, .T. ) ;
#334 = EDGE_CURVE ( 'NONE', #2084, #3890, #3180, .T. ) ;
#335 = EDGE_CURVE ( 'NONE', #3905, #8302, #2484, .T. ) ;
#336 = CARTESIAN_POINT ( 'NONE',  ( 0.9386097560229230696, 4.000000000000000000, 26.48005692213685691 ) ) ;
#337 = ORIENTED_EDGE ( 'NONE', *, *, #5511, .F. ) ;
#338 = AXIS2_PLACEMENT_3D ( 'NONE', #2687, #4605, #7238 ) ;
#339 = ORIENTED_EDGE ( 'NONE', *, *, #4634, .F. ) ;
#340 = EDGE_CURVE ( 'NONE', #2880, #5761, #2516, .T. ) ;
#341 = EDGE_LOOP ( 'NONE', ( #585, #17, #6804, #5604 ) ) ;
#342 = LINE ( 'NONE', #2366, #866 ) ;
#343 = CARTESIAN_POINT ( 'NONE',  ( -3.133242237234968197, 4.000000000000000000, 22.40820492887896975 ) ) ;
#344 = VECTOR ( 'NONE', #2938, 1000.000000000000000 ) ;
#345 = EDGE_CURVE ( 'NONE', #5482, #6104, #1321, .T. ) ;
#346 = VECTOR ( 'NONE', #1216, 1000.000000000000000 ) ;
#347 = ORIENTED_EDGE ( 'NONE', *, *, #7110, .F. ) ;
#348 = CARTESIAN_POINT ( 'NONE',  ( 0.7315029748363751638, 4.500000000000000000, 45.77295014095029302 ) ) ;
#349 = VECTOR ( 'NONE', #262, 1000.000000000000000 ) ;
#350 = EDGE_LOOP ( 'NONE', ( #6589, #6569, #3682, #4587 ) ) ;
#351 = DIRECTION ( 'NONE',  ( -1.000000000000000000, -0.000000000000000000, -5.782411586589357392E-17 ) ) ;
#352 =( BOUNDED_CURVE ( )  B_SPLINE_CURVE ( 3, ( #3557, #6510, #5246, #1297 ),
 .UNSPECIFIED., .F., .F. ) 
 B_SPLINE_CURVE_WITH_KNOTS ( ( 4, 4 ),
 ( 3.141592653589793116, 3.490658503988657735 ),
 .UNSPECIFIED. ) 
 CURVE ( )  GEOMETRIC_REPRESENTATION_ITEM ( )  RATIONAL_B_SPLINE_CURVE ( ( 1.000000000000000000, 0.9898718353414720506, 0.9898718353414720506, 1.000000000000000000 ) ) 
 REPRESENTATION_ITEM ( '' )  );
#353 = ORIENTED_EDGE ( 'NONE', *, *, #2545, .F. ) ;
#354 = CARTESIAN_POINT ( 'NONE',  ( 37.15268375939399448, -7.500000000000000000, 101.9441309255079062 ) ) ;
#355 = DIRECTION ( 'NONE',  ( -0.3236155771181852825, 0.8891264907159880382, 0.3236155771181852825 ) ) ;
#356 = AXIS2_PLACEMENT_3D ( 'NONE', #4246, #5584, #1597 ) ;
#357 = CARTESIAN_POINT ( 'NONE',  ( -18.34731624060601973, 3.828989928337163562, 84.94990323252980602 ) ) ;
#358 = VECTOR ( 'NONE', #6172, 1000.000000000000000 ) ;
#359 = PLANE ( 'NONE',  #4267 ) ;
#360 = CARTESIAN_POINT ( 'NONE',  ( -38.09154393358411994, 3.828989928337164450, 45.94990323252980602 ) ) ;
#361 = ORIENTED_EDGE ( 'NONE', *, *, #1070, .F. ) ;
#362 = DIRECTION ( 'NONE',  ( 1.000000000000000000, -1.486691679947980369E-33, -4.625929269271483942E-16 ) ) ;
#363 = VECTOR ( 'NONE', #7032, 1000.000000000000000 ) ;
#364 = DIRECTION ( 'NONE',  ( 0.000000000000000000, -0.9396926207859082059, 0.3420201433256694901 ) ) ;
#365 = ORIENTED_EDGE ( 'NONE', *, *, #4160, .T. ) ;
#366 = FACE_BOUND ( 'NONE', #4379, .T. ) ;
#367 = DIRECTION ( 'NONE',  ( 1.000000000000000000, 0.000000000000000000, 0.000000000000000000 ) ) ;
#368 =( NAMED_UNIT ( * ) PLANE_ANGLE_UNIT ( ) SI_UNIT ( $, .RADIAN. ) );
#369 = LINE ( 'NONE', #2712, #1985 ) ;
#370 = EDGE_LOOP ( 'NONE', ( #8133, #6194, #7132, #2437 ) ) ;
#371 = CARTESIAN_POINT ( 'NONE',  ( 0.000000000000000000, 4.000000000000000000, 45.98005692213685336 ) ) ;
#372 = ORIENTED_EDGE ( 'NONE', *, *, #3087, .T. ) ;
#373 = DIRECTION ( 'NONE',  ( 1.156482317317871478E-16, -0.000000000000000000, -1.000000000000000000 ) ) ;
#374 = CYLINDRICAL_SURFACE ( 'NONE', #6942, 2.399999999999999467 ) ;
#375 = CYLINDRICAL_SURFACE ( 'NONE', #1181, 0.5000000000000004441 ) ;
#376 = VERTEX_POINT ( 'NONE', #5148 ) ;
#377 = ORIENTED_EDGE ( 'NONE', *, *, #8268, .T. ) ;
#378 = ORIENTED_EDGE ( 'NONE', *, *, #5112, .F. ) ;
#379 = CARTESIAN_POINT ( 'NONE',  ( 20.65268375939398027, 3.828989928337163562, 80.93835861848602065 ) ) ;
#380 = EDGE_CURVE ( 'NONE', #638, #4877, #550, .T. ) ;
#381 = EDGE_CURVE ( 'NONE', #6506, #5236, #7781, .T. ) ;
#382 = EDGE_CURVE ( 'NONE', #5546, #7957, #590, .T. ) ;
#383 = LINE ( 'NONE', #5909, #7784 ) ;
#384 = ADVANCED_FACE ( 'NONE', ( #3220 ), #5190, .T. ) ;
#385 = ORIENTED_EDGE ( 'NONE', *, *, #8268, .F. ) ;
#386 = CARTESIAN_POINT ( 'NONE',  ( 0.9386097560229229586, 4.292893218813451206, 45.98005692213686046 ) ) ;
#387 = ORIENTED_EDGE ( 'NONE', *, *, #2040, .T. ) ;
#388 = CARTESIAN_POINT ( 'NONE',  ( -4.918221866909062712, 8.816027736361817801, 98.62322529920486147 ) ) ;
#389 = ORIENTED_EDGE ( 'NONE', *, *, #5586, .F. ) ;
#390 = DIRECTION ( 'NONE',  ( 1.000000000000000000, -0.000000000000000000, -9.251858538542969855E-16 ) ) ;
#391 = EDGE_CURVE ( 'NONE', #220, #7768, #3093, .T. ) ;
#392 = CYLINDRICAL_SURFACE ( 'NONE', #8435, 3.500000000000003109 ) ;
#393 = CARTESIAN_POINT ( 'NONE',  ( -38.56139024397707971, 4.000000000000000000, 0.000000000000000000 ) ) ;
#394 = EDGE_CURVE ( 'NONE', #1653, #5527, #7816, .T. ) ;
#395 = CARTESIAN_POINT ( 'NONE',  ( -46.68551183928657622, 0.000000000000000000, 27.18396891907825363 ) ) ;
#396 = DIRECTION ( 'NONE',  ( 0.000000000000000000, 0.000000000000000000, -1.000000000000000000 ) ) ;
#397 = VERTEX_POINT ( 'NONE', #4070 ) ;
#398 = CARTESIAN_POINT ( 'NONE',  ( -24.41822186690906094, 8.816027736361819578, 8.765036551810958088 ) ) ;
#399 = ORIENTED_EDGE ( 'NONE', *, *, #6375, .T. ) ;
#400 = LINE ( 'NONE', #1701, #3895 ) ;
#401 = ORIENTED_EDGE ( 'NONE', *, *, #2806, .T. ) ;
#402 = EDGE_CURVE ( 'NONE', #4102, #3582, #6736, .T. ) ;
#403 = CARTESIAN_POINT ( 'NONE',  ( -2.633242237234960648, 4.500000000000000000, -3.045298084576784952E-16 ) ) ;
#404 = DIRECTION ( 'NONE',  ( 0.000000000000000000, 0.000000000000000000, 1.000000000000000000 ) ) ;
#405 = CARTESIAN_POINT ( 'NONE',  ( -22.60308854762791952, 3.828989928337164450, 80.69413092550790623 ) ) ;
#406 = LINE ( 'NONE', #7069, #5544 ) ;
#407 = ORIENTED_EDGE ( 'NONE', *, *, #6533, .F. ) ;
#408 = ORIENTED_EDGE ( 'NONE', *, *, #1018, .F. ) ;
#409 = DIRECTION ( 'NONE',  ( 0.000000000000000000, -0.000000000000000000, -1.000000000000000000 ) ) ;
#410 = LINE ( 'NONE', #3042, #4961 ) ;
#411 = DIRECTION ( 'NONE',  ( -4.625929269271485914E-16, 0.000000000000000000, 1.000000000000000000 ) ) ;
#412 = CARTESIAN_POINT ( 'NONE',  ( 35.86675776276504735, 4.292893218813452094, 65.48005692213685336 ) ) ;
#413 = EDGE_LOOP ( 'NONE', ( #6147, #7424, #2890, #2927 ) ) ;
#414 = DIRECTION ( 'NONE',  ( -0.000000000000000000, -1.000000000000000000, -0.000000000000000000 ) ) ;
#415 = VERTEX_POINT ( 'NONE', #7427 ) ;
#416 = DIRECTION ( 'NONE',  ( -4.625929269271485914E-16, 0.000000000000000000, 1.000000000000000000 ) ) ;
#417 = EDGE_CURVE ( 'NONE', #2443, #4952, #4822, .T. ) ;
#418 = ADVANCED_FACE ( 'NONE', ( #4700 ), #202, .F. ) ;
#419 = VERTEX_POINT ( 'NONE', #888 ) ;
#420 = CARTESIAN_POINT ( 'NONE',  ( 20.65268375939398382, 3.828989928337165338, 6.949903232529813124 ) ) ;
#421 = AXIS2_PLACEMENT_3D ( 'NONE', #4857, #7501, #3535 ) ;
#422 = VERTEX_POINT ( 'NONE', #839 ) ;
#423 = CARTESIAN_POINT ( 'NONE',  ( 0.9386097560229235137, 4.000000000000000000, 6.980056922136860464 ) ) ;
#424 = CARTESIAN_POINT ( 'NONE',  ( 16.39691145237208403, 3.828989928337163562, 41.93835861848601354 ) ) ;
#425 = VECTOR ( 'NONE', #8280, 1000.000000000000000 ) ;
#426 = CARTESIAN_POINT ( 'NONE',  ( 0.9386097560229214043, 4.000000000000000000, 61.40820492887896620 ) ) ;
#427 = EDGE_CURVE ( 'NONE', #3290, #4075, #2743, .T. ) ;
#428 = VERTEX_POINT ( 'NONE', #4786 ) ;
#429 = CARTESIAN_POINT ( 'NONE',  ( 0.000000000000000000, 4.000000000000000000, 22.40820492887897331 ) ) ;
#430 = VERTEX_POINT ( 'NONE', #2055 ) ;
#431 = CARTESIAN_POINT ( 'NONE',  ( -46.09731624060600552, 0.000000000000000000, 29.13887441235550568 ) ) ;
#432 = EDGE_CURVE ( 'NONE', #5709, #4761, #3977, .T. ) ;
#433 = ORIENTED_EDGE ( 'NONE', *, *, #2646, .F. ) ;
#434 = AXIS2_PLACEMENT_3D ( 'NONE', #8270, #2391, #5002 ) ;
#435 = CARTESIAN_POINT ( 'NONE',  ( 0.9386097560229338388, 4.000000000000000000, 84.98005692213685336 ) ) ;
#436 =( BOUNDED_CURVE ( )  B_SPLINE_CURVE ( 3, ( #6168, #1847, #4455, #5830 ),
 .UNSPECIFIED., .F., .F. ) 
 B_SPLINE_CURVE_WITH_KNOTS ( ( 4, 4 ),
 ( 5.934119456780719837, 6.283185307179586232 ),
 .UNSPECIFIED. ) 
 CURVE ( )  GEOMETRIC_REPRESENTATION_ITEM ( )  RATIONAL_B_SPLINE_CURVE ( ( 1.000000000000000000, 0.9898718353414720506, 0.9898718353414720506, 1.000000000000000000 ) ) 
 REPRESENTATION_ITEM ( '' )  );
#437 = FACE_BOUND ( 'NONE', #1981, .T. ) ;
#438 = CARTESIAN_POINT ( 'NONE',  ( 35.89691145237208758, 3.828989928337165338, 22.43835861848602065 ) ) ;
#439 = CARTESIAN_POINT ( 'NONE',  ( -2.633242237234958427, 4.000000000000000000, -3.045298084576779529E-16 ) ) ;
#440 = AXIS2_PLACEMENT_3D ( 'NONE', #4059, #6690, #2905 ) ;
#441 = EDGE_CURVE ( 'NONE', #1200, #7232, #4654, .T. ) ;
#442 = CARTESIAN_POINT ( 'NONE',  ( 19.01481770519606229, 0.000000000000000000, 23.83199697970583131 ) ) ;
#443 = FACE_OUTER_BOUND ( 'NONE', #2946, .T. ) ;
#444 = VERTEX_POINT ( 'NONE', #3382 ) ;
#445 = DIRECTION ( 'NONE',  ( -0.3236155771181852825, 0.8891264907159880382, -0.3236155771181852825 ) ) ;
#446 = EDGE_LOOP ( 'NONE', ( #2901, #4994, #86, #3298 ) ) ;
#447 = VECTOR ( 'NONE', #1251, 1000.000000000000000 ) ;
#448 = LINE ( 'NONE', #3088, #773 ) ;
#449 = DIRECTION ( 'NONE',  ( 1.000000000000000000, -0.000000000000000000, 0.000000000000000000 ) ) ;
#450 = CYLINDRICAL_SURFACE ( 'NONE', #8444, 0.5000000000000004441 ) ;
#451 = DIRECTION ( 'NONE',  ( 1.000000000000000000, -0.000000000000000000, -0.000000000000000000 ) ) ;
#452 = VERTEX_POINT ( 'NONE', #1451 ) ;
#453 = VECTOR ( 'NONE', #5358, 1000.000000000000114 ) ;
#454 = ORIENTED_EDGE ( 'NONE', *, *, #1198, .F. ) ;
#455 = VECTOR ( 'NONE', #416, 1000.000000000000000 ) ;
#456 = ORIENTED_EDGE ( 'NONE', *, *, #5315, .T. ) ;
#457 = CARTESIAN_POINT ( 'NONE',  ( -2.926135456048417183, 4.499999999999999112, 22.61531171006551943 ) ) ;
#458 = CARTESIAN_POINT ( 'NONE',  ( 43.90268375939398737, 4.500000000000000000, 29.13887441235547016 ) ) ;
#459 = CIRCLE ( 'NONE', #5262, 2.500000000000002220 ) ;
#460 = VECTOR ( 'NONE', #2043, 1000.000000000000000 ) ;
#461 =( BOUNDED_CURVE ( )  B_SPLINE_CURVE ( 3, ( #7255, #1239, #7171, #5880 ),
 .UNSPECIFIED., .F., .F. ) 
 B_SPLINE_CURVE_WITH_KNOTS ( ( 4, 4 ),
 ( 2.792526803190926277, 3.141592653589793116 ),
 .UNSPECIFIED. ) 
 CURVE ( )  GEOMETRIC_REPRESENTATION_ITEM ( )  RATIONAL_B_SPLINE_CURVE ( ( 1.000000000000000000, 0.9898718353414720506, 0.9898718353414720506, 1.000000000000000000 ) ) 
 REPRESENTATION_ITEM ( '' )  );
#462 = ORIENTED_EDGE ( 'NONE', *, *, #5061, .T. ) ;
#463 = DIRECTION ( 'NONE',  ( -1.000000000000000000, 0.000000000000000000, 0.000000000000000000 ) ) ;
#464 = ORIENTED_EDGE ( 'NONE', *, *, #5225, .F. ) ;
#465 = AXIS2_PLACEMENT_3D ( 'NONE', #2690, #4093, #4734 ) ;
#466 = ORIENTED_EDGE ( 'NONE', *, *, #7421, .F. ) ;
#467 = ORIENTED_EDGE ( 'NONE', *, *, #1213, .T. ) ;
#468 = DIRECTION ( 'NONE',  ( -1.000000000000000000, -0.000000000000000000, -0.000000000000000000 ) ) ;
#469 = FACE_OUTER_BOUND ( 'NONE', #7991, .T. ) ;
#470 = AXIS2_PLACEMENT_3D ( 'NONE', #6551, #8473, #4597 ) ;
#471 = DIRECTION ( 'NONE',  ( 0.000000000000000000, -0.000000000000000000, -1.000000000000000000 ) ) ;
#472 = EDGE_CURVE ( 'NONE', #5664, #4102, #5346, .T. ) ;
#473 = DIRECTION ( 'NONE',  ( -0.000000000000000000, 1.000000000000000000, -0.000000000000000000 ) ) ;
#474 = AXIS2_PLACEMENT_3D ( 'NONE', #5702, #508, #5022 ) ;
#475 = DIRECTION ( 'NONE',  ( 0.000000000000000000, 1.000000000000000000, -0.000000000000000000 ) ) ;
#476 = AXIS2_PLACEMENT_3D ( 'NONE', #714, #762, #7945 ) ;
#477 = ORIENTED_EDGE ( 'NONE', *, *, #8272, .F. ) ;
#478 = ORIENTED_EDGE ( 'NONE', *, *, #5581, .T. ) ;
#479 = CYLINDRICAL_SURFACE ( 'NONE', #1154, 0.5000000000000004441 ) ;
#480 = AXIS2_PLACEMENT_3D ( 'NONE', #5606, #6300, #7021 ) ;
#481 = AXIS2_PLACEMENT_3D ( 'NONE', #5269, #4655, #801 ) ;
#482 = ORIENTED_EDGE ( 'NONE', *, *, #642, .F. ) ;
#483 = ADVANCED_FACE ( 'NONE', ( #2833 ), #2706, .T. ) ;
#484 = DIRECTION ( 'NONE',  ( -1.000000000000000000, 0.000000000000000000, -0.000000000000000000 ) ) ;
#485 = EDGE_CURVE ( 'NONE', #8173, #1809, #2146, .T. ) ;
#486 = EDGE_CURVE ( 'NONE', #4031, #1779, #2783, .T. ) ;
#487 = FACE_BOUND ( 'NONE', #5883, .T. ) ;
#488 = EDGE_CURVE ( 'NONE', #524, #8344, #3311, .T. ) ;
#489 = DIRECTION ( 'NONE',  ( -0.000000000000000000, -1.000000000000000000, 0.000000000000000000 ) ) ;
#490 = VECTOR ( 'NONE', #756, 1000.000000000000000 ) ;
#491 = DIRECTION ( 'NONE',  ( 2.312964634635742957E-16, -0.000000000000000000, -1.000000000000000000 ) ) ;
#492 = CARTESIAN_POINT ( 'NONE',  ( -19.06139024397706194, 4.000000000000000000, -8.817664304261943909E-15 ) ) ;
#493 = FACE_OUTER_BOUND ( 'NONE', #7008, .T. ) ;
#494 = CYLINDRICAL_SURFACE ( 'NONE', #7909, 0.5000000000000004441 ) ;
#495 = CARTESIAN_POINT ( 'NONE',  ( 18.15268375939398737, 0.000000000000000000, -41.80586907449207246 ) ) ;
#496 = ORIENTED_EDGE ( 'NONE', *, *, #4212, .F. ) ;
#497 = ORIENTED_EDGE ( 'NONE', *, *, #488, .T. ) ;
#498 = AXIS2_PLACEMENT_3D ( 'NONE', #7191, #1303, #8011 ) ;
#499 = EDGE_CURVE ( 'NONE', #8162, #124, #8398, .T. ) ;
#500 = LINE ( 'NONE', #1960, #2097 ) ;
#501 = DIRECTION ( 'NONE',  ( -2.379584353717864084E-16, 0.000000000000000000, 1.000000000000000000 ) ) ;
#502 = EDGE_CURVE ( 'NONE', #5990, #6966, #4749, .T. ) ;
#503 = CYLINDRICAL_SURFACE ( 'NONE', #3992, 0.5000000000000004441 ) ;
#504 = LINE ( 'NONE', #6309, #1866 ) ;
#505 = LINE ( 'NONE', #3767, #4058 ) ;
#506 = EDGE_LOOP ( 'NONE', ( #2808, #372, #4906, #5215 ) ) ;
#507 = ORIENTED_EDGE ( 'NONE', *, *, #7594, .F. ) ;
#508 = DIRECTION ( 'NONE',  ( 4.346951598611963019E-16, 0.3420201433256694346, 0.9396926207859080948 ) ) ;
#509 = CARTESIAN_POINT ( 'NONE',  ( -18.56139024397707971, 4.000000000000000000, 0.000000000000000000 ) ) ;
#510 = CARTESIAN_POINT ( 'NONE',  ( 16.37691183474704459, 3.883938426159694313, 84.96990285015485256 ) ) ;
#511 = DIRECTION ( 'NONE',  ( -1.000000000000000000, 0.000000000000000000, 0.000000000000000000 ) ) ;
#512 = ORIENTED_EDGE ( 'NONE', *, *, #2799, .T. ) ;
#513 = DIRECTION ( 'NONE',  ( 0.000000000000000000, -0.000000000000000000, -1.000000000000000000 ) ) ;
#514 = EDGE_LOOP ( 'NONE', ( #4499, #797, #3944, #1222 ) ) ;
#515 = ORIENTED_EDGE ( 'NONE', *, *, #6599, .F. ) ;
#516 = VERTEX_POINT ( 'NONE', #4020 ) ;
#517 = DIRECTION ( 'NONE',  ( 0.000000000000000000, -1.000000000000000000, 0.000000000000000000 ) ) ;
#518 = DIRECTION ( 'NONE',  ( -1.000000000000000000, 0.000000000000000000, -2.312964634635747887E-16 ) ) ;
#519 = DIRECTION ( 'NONE',  ( -0.3236155771181852825, 0.8891264907159880382, 0.3236155771181852825 ) ) ;
#520 = EDGE_CURVE ( 'NONE', #8302, #3994, #5712, .T. ) ;
#521 = CARTESIAN_POINT ( 'NONE',  ( -18.56139024397707971, 4.000000000000000000, 84.98005692213685336 ) ) ;
#522 =( BOUNDED_CURVE ( )  B_SPLINE_CURVE ( 3, ( #8380, #2504, #5117, #3622 ),
 .UNSPECIFIED., .F., .F. ) 
 B_SPLINE_CURVE_WITH_KNOTS ( ( 4, 4 ),
 ( 5.934119456780721613, 6.283185307179586232 ),
 .UNSPECIFIED. ) 
 CURVE ( )  GEOMETRIC_REPRESENTATION_ITEM ( )  RATIONAL_B_SPLINE_CURVE ( ( 1.000000000000000000, 0.9898718353414720506, 0.9898718353414720506, 1.000000000000000000 ) ) 
 REPRESENTATION_ITEM ( '' )  );
#523 = CARTESIAN_POINT ( 'NONE',  ( 16.86675776276503669, 4.500000000000000000, 64.98005692213685336 ) ) ;
#524 = VERTEX_POINT ( 'NONE', #1132 ) ;
#525 = CARTESIAN_POINT ( 'NONE',  ( 16.36675776276504024, 4.292893218813452094, 61.40820492887897331 ) ) ;
#526 = ORIENTED_EDGE ( 'NONE', *, *, #7226, .T. ) ;
#527 = PLANE ( 'NONE',  #1849 ) ;
#528 = DIRECTION ( 'NONE',  ( -1.000000000000000000, -0.000000000000000000, -0.000000000000000000 ) ) ;
#529 = ORIENTED_EDGE ( 'NONE', *, *, #7068, .T. ) ;
#530 = CARTESIAN_POINT ( 'NONE',  ( 20.43860975602292385, 3.941525029986320927, 26.48005692213685691 ) ) ;
#531 = CARTESIAN_POINT ( 'NONE',  ( -18.57154431595908406, 3.883938426159696977, 100.4183590008609599 ) ) ;
#532 = CARTESIAN_POINT ( 'NONE',  ( -18.34731624060602684, 4.500000000000000000, 61.19413092550791333 ) ) ;
#533 = CARTESIAN_POINT ( 'NONE',  ( -38.07154431595907340, 3.883938426159695201, 65.46990285015485256 ) ) ;
#534 = CARTESIAN_POINT ( 'NONE',  ( -37.84731624060601263, 4.500000000000000000, 46.19413092550791333 ) ) ;
#535 = DIRECTION ( 'NONE',  ( 1.000000000000000000, 0.000000000000000000, 7.950815931560367493E-16 ) ) ;
#536 = EDGE_CURVE ( 'NONE', #6242, #7949, #712, .T. ) ;
#537 = EDGE_CURVE ( 'NONE', #6575, #2164, #3465, .T. ) ;
#538 = ORIENTED_EDGE ( 'NONE', *, *, #2477, .T. ) ;
#539 = ORIENTED_EDGE ( 'NONE', *, *, #642, .T. ) ;
#540 = CARTESIAN_POINT ( 'NONE',  ( 16.86675776276503669, 4.500000000000000000, 25.98005692213686046 ) ) ;
#541 = LINE ( 'NONE', #1839, #8169 ) ;
#542 = LINE ( 'NONE', #1229, #1380 ) ;
#543 = CARTESIAN_POINT ( 'NONE',  ( 1.152683759393979157, 3.828989928337165338, 41.93835861848602065 ) ) ;
#544 = CARTESIAN_POINT ( 'NONE',  ( 0.9084560664158770615, 3.828989928337165338, 65.44990323252980602 ) ) ;
#545 = VERTEX_POINT ( 'NONE', #7020 ) ;
#546 = EDGE_CURVE ( 'NONE', #2443, #4933, #8388, .T. ) ;
#547 = EDGE_LOOP ( 'NONE', ( #234, #5879, #82, #1516 ) ) ;
#548 = CARTESIAN_POINT ( 'NONE',  ( -46.09731624060601973, 0.000000000000000000, -41.80586907449207956 ) ) ;
#549 = ADVANCED_FACE ( 'NONE', ( #3596 ), #3200, .T. ) ;
#550 = LINE ( 'NONE', #2536, #7858 ) ;
#551 = DIRECTION ( 'NONE',  ( 0.000000000000000000, 0.3420201433256694901, -0.9396926207859082059 ) ) ;
#552 = LINE ( 'NONE', #4373, #8304 ) ;
#553 = DIRECTION ( 'NONE',  ( 0.5031907286678232172, 0.000000000000000000, 0.8641753818425661482 ) ) ;
#554 = ORIENTED_EDGE ( 'NONE', *, *, #1370, .T. ) ;
#555 = LINE ( 'NONE', #2493, #1016 ) ;
#556 = EDGE_CURVE ( 'NONE', #738, #4031, #1785, .T. ) ;
#557 = ORIENTED_EDGE ( 'NONE', *, *, #137, .T. ) ;
#558 = ORIENTED_EDGE ( 'NONE', *, *, #5640, .T. ) ;
#559 = VERTEX_POINT ( 'NONE', #4238 ) ;
#560 = DIRECTION ( 'NONE',  ( -1.156482317317871528E-15, 0.000000000000000000, 1.000000000000000000 ) ) ;
#561 = DIRECTION ( 'NONE',  ( -1.000000000000000000, 0.000000000000000000, 0.000000000000000000 ) ) ;
#562 = VECTOR ( 'NONE', #6487, 1000.000000000000000 ) ;
#563 = ORIENTED_EDGE ( 'NONE', *, *, #2853, .F. ) ;
#564 = ORIENTED_EDGE ( 'NONE', *, *, #8101, .T. ) ;
#565 = LINE ( 'NONE', #8343, #7473 ) ;
#566 = CARTESIAN_POINT ( 'NONE',  ( -3.133242237234955763, 4.000000000000000000, -3.623539243235713912E-16 ) ) ;
#567 = CARTESIAN_POINT ( 'NONE',  ( -18.59154393358412349, 3.828989928337164450, 22.19413092550791688 ) ) ;
#568 =( BOUNDED_CURVE ( )  B_SPLINE_CURVE ( 3, ( #7952, #8043, #7222, #41 ),
 .UNSPECIFIED., .F., .F. ) 
 B_SPLINE_CURVE_WITH_KNOTS ( ( 4, 4 ),
 ( 3.141592653589793116, 3.490658503988647965 ),
 .UNSPECIFIED. ) 
 CURVE ( )  GEOMETRIC_REPRESENTATION_ITEM ( )  RATIONAL_B_SPLINE_CURVE ( ( 1.000000000000000000, 0.9898718353414726057, 0.9898718353414726057, 1.000000000000000000 ) ) 
 REPRESENTATION_ITEM ( '' )  );
#570 = CARTESIAN_POINT ( 'NONE',  ( -38.09154393358411994, 3.828989928337162674, 100.4383586184860206 ) ) ;
#569 = AXIS2_PLACEMENT_3D ( 'NONE', #3411, #3334, #5953 ) ;
#571 = CARTESIAN_POINT ( 'NONE',  ( 20.42845568404091949, 3.883938426159695201, 65.46990285015485256 ) ) ;
#572 = CYLINDRICAL_SURFACE ( 'NONE', #6622, 0.5000000000000004441 ) ;
#573 = DIRECTION ( 'NONE',  ( -1.000000000000000000, 0.000000000000000000, 0.000000000000000000 ) ) ;
#574 = CARTESIAN_POINT ( 'NONE',  ( -0.4851822948039353767, 0.000000000000000000, 80.69413092550790623 ) ) ;
#575 = AXIS2_PLACEMENT_3D ( 'NONE', #5173, #4000, #100 ) ;
#576 = LINE ( 'NONE', #1916, #2116 ) ;
#577 = EDGE_LOOP ( 'NONE', ( #7681, #6165, #1781, #4177 ) ) ;
#578 = ORIENTED_EDGE ( 'NONE', *, *, #3485, .F. ) ;
#579 = VECTOR ( 'NONE', #4854, 1000.000000000000000 ) ;
#580 = EDGE_CURVE ( 'NONE', #2521, #3928, #7759, .T. ) ;
#581 = CARTESIAN_POINT ( 'NONE',  ( -54.09731624060601263, 4.500000000000000000, 7.499387438660329863 ) ) ;
#582 = DIRECTION ( 'NONE',  ( 0.000000000000000000, 0.000000000000000000, 1.000000000000000000 ) ) ;
#583 = DIRECTION ( 'NONE',  ( 4.346951598611961540E-16, 0.3420201433256694901, 0.9396926207859082059 ) ) ;
#584 = LINE ( 'NONE', #5699, #2293 ) ;
#585 = ORIENTED_EDGE ( 'NONE', *, *, #5124, .T. ) ;
#586 = ORIENTED_EDGE ( 'NONE', *, *, #6019, .F. ) ;
#587 = VECTOR ( 'NONE', #7250, 1000.000000000000000 ) ;
#588 = CARTESIAN_POINT ( 'NONE',  ( 36.36675776276504735, 4.500000000000000000, 0.000000000000000000 ) ) ;
#589 = FACE_BOUND ( 'NONE', #1147, .T. ) ;
#590 = LINE ( 'NONE', #5914, #3871 ) ;
#591 = ADVANCED_FACE ( 'NONE', ( #3122 ), #2275, .F. ) ;
#592 = DIRECTION ( 'NONE',  ( 0.000000000000000000, -0.000000000000000000, -1.000000000000000000 ) ) ;
#593 = EDGE_CURVE ( 'NONE', #5483, #266, #723, .T. ) ;
#594 = DIRECTION ( 'NONE',  ( 0.3236155771181853380, 0.8891264907159879272, -0.3236155771181853935 ) ) ;
#595 = EDGE_CURVE ( 'NONE', #8106, #4026, #982, .T. ) ;
#596 = ORIENTED_EDGE ( 'NONE', *, *, #8410, .T. ) ;
#597 = LINE ( 'NONE', #7857, #1421 ) ;
#598 = ORIENTED_EDGE ( 'NONE', *, *, #4585, .F. ) ;
#599 = ORIENTED_EDGE ( 'NONE', *, *, #1970, .F. ) ;
#600 = ORIENTED_EDGE ( 'NONE', *, *, #6430, .F. ) ;
#601 = DIRECTION ( 'NONE',  ( 1.000000000000000000, 0.000000000000000000, 1.156482317317871725E-16 ) ) ;
#602 = CYLINDRICAL_SURFACE ( 'NONE', #1993, 0.5000000000000004441 ) ;
#603 = PRESENTATION_LAYER_ASSIGNMENT (  '', '', ( #8018 ) ) ;
#604 = EDGE_CURVE ( 'NONE', #4399, #6544, #1612, .T. ) ;
#605 = EDGE_CURVE ( 'NONE', #4808, #1313, #1825, .T. ) ;
#606 = CARTESIAN_POINT ( 'NONE',  ( -38.06139024397707260, 4.292893218813450318, 22.40820492887897331 ) ) ;
#607 = AXIS2_PLACEMENT_3D ( 'NONE', #13, #2641, #7881 ) ;
#608 = CYLINDRICAL_SURFACE ( 'NONE', #1292, 0.5000000000000004441 ) ;
#609 = VECTOR ( 'NONE', #8249, 1000.000000000000000 ) ;
#610 = ORIENTED_EDGE ( 'NONE', *, *, #5895, .F. ) ;
#611 = CARTESIAN_POINT ( 'NONE',  ( 20.65268375939397671, 4.500000000000000000, 41.69413092550791333 ) ) ;
#612 = CARTESIAN_POINT ( 'NONE',  ( 51.90268375939398737, 4.500000000000000000, 7.499387438660317429 ) ) ;
#613 = VECTOR ( 'NONE', #4191, 1000.000000000000000 ) ;
#614 = EDGE_CURVE ( 'NONE', #2577, #6770, #6226, .T. ) ;
#615 = AXIS2_PLACEMENT_3D ( 'NONE', #802, #4622, #7213 ) ;
#616 = DIRECTION ( 'NONE',  ( -0.3236155771181852825, 0.8891264907159879272, 0.3236155771181852270 ) ) ;
#617 = CARTESIAN_POINT ( 'NONE',  ( -3.133242237234963312, 4.000000000000000000, 45.98005692213686046 ) ) ;
#618 = VECTOR ( 'NONE', #2735, 1000.000000000000000 ) ;
#619 = DIRECTION ( 'NONE',  ( -1.156482317317871478E-16, 0.000000000000000000, 1.000000000000000000 ) ) ;
#620 = CARTESIAN_POINT ( 'NONE',  ( 55.40268375939399448, 0.000000000000000000, 7.499387438660316541 ) ) ;
#621 = CARTESIAN_POINT ( 'NONE',  ( 0.000000000000000000, 4.000000000000000000, 84.48005692213685336 ) ) ;
#622 = ORIENTED_EDGE ( 'NONE', *, *, #1261, .F. ) ;
#623 =( BOUNDED_CURVE ( )  B_SPLINE_CURVE ( 3, ( #664, #1571, #4269, #1523 ),
 .UNSPECIFIED., .F., .F. ) 
 B_SPLINE_CURVE_WITH_KNOTS ( ( 4, 4 ),
 ( 3.141592653589793116, 3.490658503988658179 ),
 .UNSPECIFIED. ) 
 CURVE ( )  GEOMETRIC_REPRESENTATION_ITEM ( )  RATIONAL_B_SPLINE_CURVE ( ( 1.000000000000000000, 0.9898718353414720506, 0.9898718353414720506, 1.000000000000000000 ) ) 
 REPRESENTATION_ITEM ( '' )  );
#624 = VECTOR ( 'NONE', #4437, 1000.000000000000000 ) ;
#625 = ORIENTED_EDGE ( 'NONE', *, *, #3840, .T. ) ;
#626 = CIRCLE ( 'NONE', #6531, 3.500000000000003109 ) ;
#627 = FACE_OUTER_BOUND ( 'NONE', #350, .T. ) ;
#628 = LINE ( 'NONE', #1962, #302 ) ;
#629 = CARTESIAN_POINT ( 'NONE',  ( 48.90268375939397316, -7.500000000000000000, -45.30586907449209377 ) ) ;
#630 = VERTEX_POINT ( 'NONE', #570 ) ;
#631 = CIRCLE ( 'NONE', #5421, 3.500000000000003109 ) ;
#632 = EDGE_LOOP ( 'NONE', ( #4708, #6047, #2347, #1374 ) ) ;
#633 = CARTESIAN_POINT ( 'NONE',  ( -22.60308854762791242, 3.828989928337166226, 84.94990323252982023 ) ) ;
#634 = CYLINDRICAL_SURFACE ( 'NONE', #8135, 0.5000000000000004441 ) ;
#635 = CARTESIAN_POINT ( 'NONE',  ( -22.60308854762791952, 3.828989928337164450, 100.1941309255079062 ) ) ;
#636 = DIRECTION ( 'NONE',  ( -0.000000000000000000, -1.000000000000000000, 0.000000000000000000 ) ) ;
#637 = DIRECTION ( 'NONE',  ( 0.000000000000000000, 0.000000000000000000, 1.000000000000000000 ) ) ;
#638 = VERTEX_POINT ( 'NONE', #5808 ) ;
#639 = LINE ( 'NONE', #4461, #6509 ) ;
#640 = ORIENTED_EDGE ( 'NONE', *, *, #4211, .F. ) ;
#641 = ADVANCED_FACE ( 'NONE', ( #2229 ), #8309, .F. ) ;
#642 = EDGE_CURVE ( 'NONE', #4323, #4877, #352, .T. ) ;
#643 = ORIENTED_EDGE ( 'NONE', *, *, #7149, .F. ) ;
#644 = EDGE_CURVE ( 'NONE', #5236, #524, #3854, .T. ) ;
#645 = ORIENTED_EDGE ( 'NONE', *, *, #8259, .T. ) ;
#646 = LINE ( 'NONE', #7915, #1561 ) ;
#647 = EDGE_CURVE ( 'NONE', #26, #8414, #5614, .T. ) ;
#648 = DIRECTION ( 'NONE',  ( 0.000000000000000000, 0.3420201433256694346, 0.9396926207859080948 ) ) ;
#649 = ORIENTED_EDGE ( 'NONE', *, *, #5051, .F. ) ;
#650 = CARTESIAN_POINT ( 'NONE',  ( 48.90268375939397316, 4.500000000000000000, -35.80586907449208667 ) ) ;
#651 = EDGE_CURVE ( 'NONE', #7139, #1806, #6682, .T. ) ;
#652 = ORIENTED_EDGE ( 'NONE', *, *, #3597, .T. ) ;
#653 = CARTESIAN_POINT ( 'NONE',  ( 35.89691145237208758, 3.828989928337164450, 100.4383586184860064 ) ) ;
#654 = EDGE_CURVE ( 'NONE', #7321, #1711, #5838, .T. ) ;
#655 = CARTESIAN_POINT ( 'NONE',  ( -0.4851822948039354877, 0.000000000000000000, 23.83199697970583131 ) ) ;
#656 = CARTESIAN_POINT ( 'NONE',  ( -4.918221866909063600, 8.816027736361819578, 67.26503655181096519 ) ) ;
#657 = CARTESIAN_POINT ( 'NONE',  ( -22.63324223723495621, 4.000000000000000000, 84.98005692213685336 ) ) ;
#658 = CARTESIAN_POINT ( 'NONE',  ( 1.961773564377645065E-14, 4.000000000000000000, 42.40820492887897331 ) ) ;
#659 = CARTESIAN_POINT ( 'NONE',  ( -18.56139024397708681, 3.941525029986320927, 61.40820492887896620 ) ) ;
#660 = EDGE_CURVE ( 'NONE', #669, #4387, #1947, .T. ) ;
#661 = DIRECTION ( 'NONE',  ( 1.000000000000000000, -0.000000000000000000, -0.000000000000000000 ) ) ;
#662 = ORIENTED_EDGE ( 'NONE', *, *, #3481, .F. ) ;
#663 = ORIENTED_EDGE ( 'NONE', *, *, #1909, .F. ) ;
#664 = CARTESIAN_POINT ( 'NONE',  ( -22.63324223723496686, 4.000000000000000000, 100.4082049288789733 ) ) ;
#665 = CARTESIAN_POINT ( 'NONE',  ( 0.9386097560229338388, 4.000000000000000000, 84.98005692213685336 ) ) ;
#666 = CARTESIAN_POINT ( 'NONE',  ( -51.09731624060602684, -7.500000000000000000, -47.70586907449209235 ) ) ;
#667 = DIRECTION ( 'NONE',  ( -0.000000000000000000, 1.000000000000000000, -0.000000000000000000 ) ) ;
#668 = ORIENTED_EDGE ( 'NONE', *, *, #5670, .F. ) ;
#669 = VERTEX_POINT ( 'NONE', #655 ) ;
#670 = CARTESIAN_POINT ( 'NONE',  ( -21.84731624060601263, -7.500000000000000000, -5.130869074492089510 ) ) ;
#671 = CARTESIAN_POINT ( 'NONE',  ( -31.84731624060601618, 0.000000000000000000, -5.130869074492096615 ) ) ;
#672 = LINE ( 'NONE', #5962, #3105 ) ;
#673 = DIRECTION ( 'NONE',  ( -1.000000000000000000, -0.000000000000000000, -5.782411586589357392E-17 ) ) ;
#674 = CARTESIAN_POINT ( 'NONE',  ( -51.09731624060602684, 0.000000000000000000, -45.30586907449209377 ) ) ;
#675 = ORIENTED_EDGE ( 'NONE', *, *, #3945, .F. ) ;
#676 = ORIENTED_EDGE ( 'NONE', *, *, #6854, .T. ) ;
#677 = VERTEX_POINT ( 'NONE', #7309 ) ;
#678 = ORIENTED_EDGE ( 'NONE', *, *, #614, .T. ) ;
#679 = PLANE ( 'NONE',  #180 ) ;
#680 = DIRECTION ( 'NONE',  ( 1.000000000000000000, -0.000000000000000000, 0.000000000000000000 ) ) ;
#681 = CARTESIAN_POINT ( 'NONE',  ( 35.86675776276504735, 4.292893218813452094, 22.40820492887896620 ) ) ;
#682 = EDGE_CURVE ( 'NONE', #5495, #4637, #7308, .T. ) ;
#683 = EDGE_CURVE ( 'NONE', #6153, #7574, #5564, .T. ) ;
#684 = CARTESIAN_POINT ( 'NONE',  ( -38.56139024397707260, 4.500000000000000000, 22.90820492887897686 ) ) ;
#685 = VERTEX_POINT ( 'NONE', #8436 ) ;
#686 = CARTESIAN_POINT ( 'NONE',  ( 37.29054981359189469, 0.000000000000000000, 80.69413092550790623 ) ) ;
#687 = ORIENTED_EDGE ( 'NONE', *, *, #7594, .T. ) ;
#688 = DIRECTION ( 'NONE',  ( -4.625929269271485914E-16, 0.000000000000000000, 1.000000000000000000 ) ) ;
#689 =( BOUNDED_CURVE ( )  B_SPLINE_CURVE ( 3, ( #7430, #6787, #2879, #8112 ),
 .UNSPECIFIED., .F., .F. ) 
 B_SPLINE_CURVE_WITH_KNOTS ( ( 4, 4 ),
 ( 3.141592653589793116, 3.490658503988666173 ),
 .UNSPECIFIED. ) 
 CURVE ( )  GEOMETRIC_REPRESENTATION_ITEM ( )  RATIONAL_B_SPLINE_CURVE ( ( 1.000000000000000000, 0.9898718353414716065, 0.9898718353414716065, 1.000000000000000000 ) ) 
 REPRESENTATION_ITEM ( '' )  );
#690 = CARTESIAN_POINT ( 'NONE',  ( 16.39691145237208403, 3.828989928337162674, 84.94990323252979181 ) ) ;
#691 = EDGE_CURVE ( 'NONE', #124, #6755, #3959, .T. ) ;
#692 = EDGE_CURVE ( 'NONE', #2622, #4047, #779, .T. ) ;
#693 = DIRECTION ( 'NONE',  ( -0.3420201433256694901, 0.9396926207859082059, 0.000000000000000000 ) ) ;
#694 = DIRECTION ( 'NONE',  ( -0.000000000000000000, -1.000000000000000000, -0.000000000000000000 ) ) ;
#695 = EDGE_CURVE ( 'NONE', #3260, #1641, #3872, .T. ) ;
#696 = DIRECTION ( 'NONE',  ( -1.000000000000000000, 0.000000000000000000, -0.000000000000000000 ) ) ;
#697 = DIRECTION ( 'NONE',  ( -1.000000000000000000, 0.000000000000000000, 0.000000000000000000 ) ) ;
#698 = VERTEX_POINT ( 'NONE', #5934 ) ;
#699 = ORIENTED_EDGE ( 'NONE', *, *, #1907, .T. ) ;
#700 = VECTOR ( 'NONE', #7525, 1000.000000000000000 ) ;
#701 = CARTESIAN_POINT ( 'NONE',  ( 37.29054981359189469, 0.000000000000000000, 100.1941309255078920 ) ) ;
#702 = CARTESIAN_POINT ( 'NONE',  ( -19.98518229480392705, 4.336808689942017736E-16, 64.05626487130999180 ) ) ;
#703 = EDGE_CURVE ( 'NONE', #7436, #5396, #4551, .T. ) ;
#704 = CARTESIAN_POINT ( 'NONE',  ( -2.926135456048418959, 4.499999999999999112, 42.11531171006551943 ) ) ;
#705 = PLANE ( 'NONE',  #3048 ) ;
#706 = CARTESIAN_POINT ( 'NONE',  ( -3.103088547627917304, 3.828989928337166226, 6.949903232529813124 ) ) ;
#707 = AXIS2_PLACEMENT_3D ( 'NONE', #2868, #7459, #367 ) ;
#708 = VERTEX_POINT ( 'NONE', #731 ) ;
#709 = DIRECTION ( 'NONE',  ( 0.000000000000000000, 0.000000000000000000, 1.000000000000000000 ) ) ;
#710 = DIRECTION ( 'NONE',  ( 0.000000000000000000, 0.9396926207859082059, 0.3420201433256694901 ) ) ;
#711 = LINE ( 'NONE', #5347, #6952 ) ;
#712 =( BOUNDED_CURVE ( )  B_SPLINE_CURVE ( 3, ( #7710, #5041, #5721, #5078 ),
 .UNSPECIFIED., .F., .F. ) 
 B_SPLINE_CURVE_WITH_KNOTS ( ( 4, 4 ),
 ( 3.141592653589793116, 4.712388980384689674 ),
 .UNSPECIFIED. ) 
 CURVE ( )  GEOMETRIC_REPRESENTATION_ITEM ( )  RATIONAL_B_SPLINE_CURVE ( ( 1.000000000000000000, 0.8047378541243649375, 0.8047378541243649375, 1.000000000000000000 ) ) 
 REPRESENTATION_ITEM ( '' )  );
#713 = CYLINDRICAL_SURFACE ( 'NONE', #1681, 2.400000000000000799 ) ;
#714 = CARTESIAN_POINT ( 'NONE',  ( -54.09731624060601973, 4.500000000000000000, -48.30586907449208667 ) ) ;
#715 = ORIENTED_EDGE ( 'NONE', *, *, #5625, .T. ) ;
#716 = DIRECTION ( 'NONE',  ( -0.9396926207859082059, 0.3420201433256694901, -1.086737899652991001E-16 ) ) ;
#717 = VECTOR ( 'NONE', #7730, 1000.000000000000000 ) ;
#718 = EDGE_LOOP ( 'NONE', ( #2664, #173, #7820, #7655 ) ) ;
#719 = ORIENTED_EDGE ( 'NONE', *, *, #8318, .F. ) ;
#720 = ORIENTED_EDGE ( 'NONE', *, *, #4832, .T. ) ;
#721 = DIRECTION ( 'NONE',  ( 0.000000000000000000, 0.000000000000000000, -1.000000000000000000 ) ) ;
#722 = CYLINDRICAL_SURFACE ( 'NONE', #8284, 0.5000000000000004441 ) ;
#723 = CIRCLE ( 'NONE', #5528, 2.399999999999999467 ) ;
#724 = CARTESIAN_POINT ( 'NONE',  ( 0.9284556840409178280, 3.883938426159695645, 80.91835900086098832 ) ) ;
#725 = FACE_OUTER_BOUND ( 'NONE', #7517, .T. ) ;
#726 = VECTOR ( 'NONE', #4081, 1000.000000000000000 ) ;
#727 = ORIENTED_EDGE ( 'NONE', *, *, #7397, .F. ) ;
#728 = CARTESIAN_POINT ( 'NONE',  ( -46.09731624060602684, 0.000000000000000000, -12.64576011232859720 ) ) ;
#729 = AXIS2_PLACEMENT_3D ( 'NONE', #219, #6057, #2935 ) ;
#730 = EDGE_CURVE ( 'NONE', #8121, #7611, #5935, .T. ) ;
#731 = CARTESIAN_POINT ( 'NONE',  ( -38.09154393358412705, 3.828989928337164450, 61.43835861848602065 ) ) ;
#732 = CARTESIAN_POINT ( 'NONE',  ( 0.4386097560229306191, 4.000000000000000000, 5.072444270436250596E-17 ) ) ;
#733 = FACE_OUTER_BOUND ( 'NONE', #7394, .T. ) ;
#734 = ORIENTED_EDGE ( 'NONE', *, *, #7328, .F. ) ;
#735 = CARTESIAN_POINT ( 'NONE',  ( 35.89691145237208758, 3.828989928337165338, 26.44990323252981668 ) ) ;
#736 =( BOUNDED_CURVE ( )  B_SPLINE_CURVE ( 3, ( #8392, #1830, #7714, #7803 ),
 .UNSPECIFIED., .F., .F. ) 
 B_SPLINE_CURVE_WITH_KNOTS ( ( 4, 4 ),
 ( 1.570796326794893227, 3.141592653589793116 ),
 .UNSPECIFIED. ) 
 CURVE ( )  GEOMETRIC_REPRESENTATION_ITEM ( )  RATIONAL_B_SPLINE_CURVE ( ( 1.000000000000000000, 0.8047378541243641603, 0.8047378541243641603, 1.000000000000000000 ) ) 
 REPRESENTATION_ITEM ( '' )  );
#737 = DIRECTION ( 'NONE',  ( -0.3236155771181852825, 0.8891264907159879272, 0.3236155771181852270 ) ) ;
#738 = VERTEX_POINT ( 'NONE', #690 ) ;
#739 = EDGE_CURVE ( 'NONE', #5196, #6732, #4511, .T. ) ;
#740 = AXIS2_PLACEMENT_3D ( 'NONE', #8058, #7193, #7320 ) ;
#741 = ORIENTED_EDGE ( 'NONE', *, *, #2121, .T. ) ;
#742 = EDGE_CURVE ( 'NONE', #3156, #6770, #3997, .T. ) ;
#743 = EDGE_CURVE ( 'NONE', #224, #6506, #6628, .T. ) ;
#744 = CARTESIAN_POINT ( 'NONE',  ( 40.40268375939400158, 4.500000000000000000, 104.6941309255078920 ) ) ;
#745 = EDGE_CURVE ( 'NONE', #6789, #698, #1784, .T. ) ;
#746 = DIRECTION ( 'NONE',  ( 4.625929269271465206E-16, 0.000000000000000000, -1.000000000000000000 ) ) ;
#747 = DIRECTION ( 'NONE',  ( 0.000000000000000000, -1.000000000000000000, 0.000000000000000000 ) ) ;
#748 = AXIS2_PLACEMENT_3D ( 'NONE', #1448, #5188, #6698 ) ;
#749 = CARTESIAN_POINT ( 'NONE',  ( 43.90268375939398737, 4.500000000000000000, 29.13887441235547016 ) ) ;
#750 = CARTESIAN_POINT ( 'NONE',  ( -18.56139024397707615, 4.000000000000000000, 6.980056922136862241 ) ) ;
#751 = AXIS2_PLACEMENT_3D ( 'NONE', #1841, #411, #8323 ) ;
#752 = CARTESIAN_POINT ( 'NONE',  ( 51.90268375939398737, 4.500000000000000000, 7.499387438660317429 ) ) ;
#753 = ORIENTED_EDGE ( 'NONE', *, *, #4687, .T. ) ;
#754 = ORIENTED_EDGE ( 'NONE', *, *, #485, .F. ) ;
#755 = EDGE_CURVE ( 'NONE', #4808, #6909, #1223, .T. ) ;
#756 = DIRECTION ( 'NONE',  ( 1.156482317317871971E-16, -0.000000000000000000, -1.000000000000000000 ) ) ;
#757 = AXIS2_PLACEMENT_3D ( 'NONE', #2933, #5658, #6838 ) ;
#758 = CARTESIAN_POINT ( 'NONE',  ( -22.13324223723496686, 4.500000000000000000, 22.90820492887897686 ) ) ;
#759 = LINE ( 'NONE', #3383, #5836 ) ;
#760 = EDGE_CURVE ( 'NONE', #4310, #4416, #7387, .T. ) ;
#761 = LINE ( 'NONE', #3384, #4405 ) ;
#762 = DIRECTION ( 'NONE',  ( 0.000000000000000000, 1.000000000000000000, -0.000000000000000000 ) ) ;
#763 = ORIENTED_EDGE ( 'NONE', *, *, #1261, .T. ) ;
#764 = LINE ( 'NONE', #3387, #191 ) ;
#765 = VECTOR ( 'NONE', #5617, 1000.000000000000000 ) ;
#766 = ORIENTED_EDGE ( 'NONE', *, *, #4618, .T. ) ;
#767 = ORIENTED_EDGE ( 'NONE', *, *, #3667, .T. ) ;
#768 = EDGE_CURVE ( 'NONE', #5542, #2702, #7467, .T. ) ;
#769 = VERTEX_POINT ( 'NONE', #5435 ) ;
#770 = CARTESIAN_POINT ( 'NONE',  ( -18.57154431595908406, 3.883938426159695645, 6.969902850154856111 ) ) ;
#771 = DIRECTION ( 'NONE',  ( -0.000000000000000000, 1.000000000000000000, -0.000000000000000000 ) ) ;
#772 = CARTESIAN_POINT ( 'NONE',  ( 0.000000000000000000, 4.500000000000000000, 100.9082049288789733 ) ) ;
#773 = VECTOR ( 'NONE', #501, 1000.000000000000000 ) ;
#774 = DIRECTION ( 'NONE',  ( -1.000000000000000000, 0.000000000000000000, 0.000000000000000000 ) ) ;
#775 = ORIENTED_EDGE ( 'NONE', *, *, #5799, .F. ) ;
#776 = CARTESIAN_POINT ( 'NONE',  ( -19.06139024397707971, 4.500000000000000000, 0.000000000000000000 ) ) ;
#777 = EDGE_LOOP ( 'NONE', ( #5720, #5450, #598, #643 ) ) ;
#778 = LINE ( 'NONE', #5931, #1272 ) ;
#779 = LINE ( 'NONE', #5292, #4976 ) ;
#780 = CARTESIAN_POINT ( 'NONE',  ( 55.40268375939399448, 0.000000000000000000, 7.499387438660316541 ) ) ;
#781 = CARTESIAN_POINT ( 'NONE',  ( -18.76849702516362939, 4.500000000000001776, 42.11531171006551943 ) ) ;
#782 = ORIENTED_EDGE ( 'NONE', *, *, #556, .T. ) ;
#783 = CARTESIAN_POINT ( 'NONE',  ( 20.43860975602291674, 4.000000000000000000, 45.98005692213684625 ) ) ;
#784 = CARTESIAN_POINT ( 'NONE',  ( 0.9084560664158751742, 3.828989928337164894, 41.93835861848602065 ) ) ;
#785 = ORIENTED_EDGE ( 'NONE', *, *, #7310, .F. ) ;
#786 = EDGE_LOOP ( 'NONE', ( #2153, #8148, #4001, #599 ) ) ;
#787 = CARTESIAN_POINT ( 'NONE',  ( 16.86675776276503669, 4.000000000000000000, 0.000000000000000000 ) ) ;
#788 = LINE ( 'NONE', #6726, #5561 ) ;
#789 = FACE_OUTER_BOUND ( 'NONE', #6887, .T. ) ;
#790 =( BOUNDED_CURVE ( )  B_SPLINE_CURVE ( 3, ( #1826, #3799, #531, #3158 ),
 .UNSPECIFIED., .F., .F. ) 
 B_SPLINE_CURVE_WITH_KNOTS ( ( 4, 4 ),
 ( 3.141592653589793116, 3.490658503988655514 ),
 .UNSPECIFIED. ) 
 CURVE ( )  GEOMETRIC_REPRESENTATION_ITEM ( )  RATIONAL_B_SPLINE_CURVE ( ( 1.000000000000000000, 0.9898718353414721616, 0.9898718353414721616, 1.000000000000000000 ) ) 
 REPRESENTATION_ITEM ( '' )  );
#791 = LINE ( 'NONE', #1350, #7443 ) ;
#792 = DIRECTION ( 'NONE',  ( 4.625929269271465206E-16, 0.000000000000000000, -1.000000000000000000 ) ) ;
#793 = EDGE_CURVE ( 'NONE', #6770, #4225, #3555, .T. ) ;
#794 = EDGE_CURVE ( 'NONE', #5701, #6722, #5285, .T. ) ;
#795 = CARTESIAN_POINT ( 'NONE',  ( -46.57270240415702744, 4.500000000000000000, 27.37770686201812609 ) ) ;
#796 = ORIENTED_EDGE ( 'NONE', *, *, #8350, .F. ) ;
#797 = ORIENTED_EDGE ( 'NONE', *, *, #5695, .T. ) ;
#798 = LINE ( 'NONE', #3975, #3790 ) ;
#799 = FACE_BOUND ( 'NONE', #7870, .T. ) ;
#800 = DIRECTION ( 'NONE',  ( 0.000000000000000000, 0.000000000000000000, 1.000000000000000000 ) ) ;
#801 = DIRECTION ( 'NONE',  ( -1.000000000000000000, 0.000000000000000000, -6.938893903907197809E-16 ) ) ;
#802 = CARTESIAN_POINT ( 'NONE',  ( -18.34731624060601618, 4.500000000000000000, 26.69413092550791688 ) ) ;
#803 = ADVANCED_FACE ( 'NONE', ( #1531 ), #887, .T. ) ;
#804 = ORIENTED_EDGE ( 'NONE', *, *, #3550, .T. ) ;
#805 = ORIENTED_EDGE ( 'NONE', *, *, #4944, .T. ) ;
#806 = EDGE_CURVE ( 'NONE', #5287, #2310, #7520, .T. ) ;
#807 = ORIENTED_EDGE ( 'NONE', *, *, #6848, .F. ) ;
#808 = ORIENTED_EDGE ( 'NONE', *, *, #1131, .T. ) ;
#809 = CARTESIAN_POINT ( 'NONE',  ( 0.000000000000000000, 4.000000000000000000, 81.40820492887897331 ) ) ;
#810 = DIRECTION ( 'NONE',  ( 1.000000000000000000, -0.000000000000000000, 0.000000000000000000 ) ) ;
#811 = FACE_OUTER_BOUND ( 'NONE', #3507, .T. ) ;
#812 = ADVANCED_FACE ( 'NONE', ( #6871 ), #979, .T. ) ;
#813 = LINE ( 'NONE', #3432, #4161 ) ;
#814 = ORIENTED_EDGE ( 'NONE', *, *, #2149, .T. ) ;
#815 = DIRECTION ( 'NONE',  ( -0.9396926207859082059, 0.3420201433256694901, -4.346951598611964005E-16 ) ) ;
#816 = ORIENTED_EDGE ( 'NONE', *, *, #3492, .F. ) ;
#817 = CARTESIAN_POINT ( 'NONE',  ( 16.36675776276504024, 4.000000000000000000, 45.98005692213684625 ) ) ;
#818 = VERTEX_POINT ( 'NONE', #8235 ) ;
#819 = CARTESIAN_POINT ( 'NONE',  ( 20.65268375939397671, 4.500000000000000000, 41.69413092550791333 ) ) ;
#820 = CARTESIAN_POINT ( 'NONE',  ( -38.09154393358413415, 3.828989928337162674, 41.93835861848602065 ) ) ;
#821 = ORIENTED_EDGE ( 'NONE', *, *, #441, .F. ) ;
#822 = CYLINDRICAL_SURFACE ( 'NONE', #4306, 0.5000000000000004441 ) ;
#823 = ORIENTED_EDGE ( 'NONE', *, *, #334, .T. ) ;
#824 = CARTESIAN_POINT ( 'NONE',  ( 0.000000000000000000, 4.000000000000000000, 84.98005692213685336 ) ) ;
#825 = VERTEX_POINT ( 'NONE', #6910 ) ;
#826 = ORIENTED_EDGE ( 'NONE', *, *, #3947, .F. ) ;
#827 = DIRECTION ( 'NONE',  ( 0.000000000000000000, -0.000000000000000000, -1.000000000000000000 ) ) ;
#828 = CARTESIAN_POINT ( 'NONE',  ( -49.59731624060601263, 0.000000000000000000, 29.13887441235550568 ) ) ;
#829 = CARTESIAN_POINT ( 'NONE',  ( -2.633242237234963312, 4.500000000000000000, 25.98005692213686046 ) ) ;
#830 = DIRECTION ( 'NONE',  ( 1.000000000000000000, -0.000000000000000000, -4.625929269271484928E-16 ) ) ;
#831 = CARTESIAN_POINT ( 'NONE',  ( -21.84731624060601263, -7.500000000000000000, -7.530869074492090753 ) ) ;
#832 = VECTOR ( 'NONE', #6538, 1000.000000000000000 ) ;
#833 = CARTESIAN_POINT ( 'NONE',  ( -37.84731624060601263, 0.000000000000000000, 5.556264871310002462 ) ) ;
#834 = EDGE_LOOP ( 'NONE', ( #5433, #7220, #5731, #5790 ) ) ;
#835 = ORIENTED_EDGE ( 'NONE', *, *, #7838, .F. ) ;
#836 = CARTESIAN_POINT ( 'NONE',  ( 16.37691183474704815, 3.883938426159695645, 26.46990285015485611 ) ) ;
#837 = CARTESIAN_POINT ( 'NONE',  ( 35.86675776276504735, 4.000000000000000000, 26.48005692213685691 ) ) ;
#838 = EDGE_CURVE ( 'NONE', #308, #2538, #7827, .T. ) ;
#839 = CARTESIAN_POINT ( 'NONE',  ( 0.9386097560229230696, 4.000000000000000000, 26.48005692213685691 ) ) ;
#840 =( BOUNDED_CURVE ( )  B_SPLINE_CURVE ( 3, ( #3907, #6582, #7864, #3950 ),
 .UNSPECIFIED., .F., .F. ) 
 B_SPLINE_CURVE_WITH_KNOTS ( ( 4, 4 ),
 ( 3.141592653589793116, 4.712388980384689674 ),
 .UNSPECIFIED. ) 
 CURVE ( )  GEOMETRIC_REPRESENTATION_ITEM ( )  RATIONAL_B_SPLINE_CURVE ( ( 1.000000000000000000, 0.8047378541243649375, 0.8047378541243649375, 1.000000000000000000 ) ) 
 REPRESENTATION_ITEM ( '' )  );
#841 = DIRECTION ( 'NONE',  ( -0.9396926207859082059, 0.3420201433256694901, -1.086737899652991100E-15 ) ) ;
#842 = CARTESIAN_POINT ( 'NONE',  ( 20.43860975602292385, 4.000000000000000000, 100.4082049288789591 ) ) ;
#843 = FACE_OUTER_BOUND ( 'NONE', #2677, .T. ) ;
#844 = DIRECTION ( 'NONE',  ( 0.000000000000000000, -1.000000000000000000, 0.000000000000000000 ) ) ;
#845 = ORIENTED_EDGE ( 'NONE', *, *, #6271, .T. ) ;
#846 = ORIENTED_EDGE ( 'NONE', *, *, #6554, .F. ) ;
#847 = AXIS2_PLACEMENT_3D ( 'NONE', #3536, #8055, #6765 ) ;
#848 = VERTEX_POINT ( 'NONE', #2464 ) ;
#849 = ORIENTED_EDGE ( 'NONE', *, *, #2826, .F. ) ;
#850 = DIRECTION ( 'NONE',  ( 0.000000000000000000, 0.3420201433256694346, 0.9396926207859080948 ) ) ;
#851 = CARTESIAN_POINT ( 'NONE',  ( 20.65268375939398382, 3.828989928337165338, 26.44990323252981312 ) ) ;
#852 = EDGE_CURVE ( 'NONE', #2363, #7697, #4476, .T. ) ;
#853 = EDGE_CURVE ( 'NONE', #45, #848, #4509, .T. ) ;
#854 = AXIS2_PLACEMENT_3D ( 'NONE', #2008, #2573, #5181 ) ;
#855 = EDGE_LOOP ( 'NONE', ( #4119, #4928, #4673, #7835 ) ) ;
#856 = CARTESIAN_POINT ( 'NONE',  ( -38.07154431595908761, 3.883938426159694757, 100.4183590008609741 ) ) ;
#857 = CYLINDRICAL_SURFACE ( 'NONE', #1039, 0.5000000000000004441 ) ;
#858 = EDGE_LOOP ( 'NONE', ( #6606, #4371 ) ) ;
#859 = DIRECTION ( 'NONE',  ( 0.000000000000000000, -0.000000000000000000, -1.000000000000000000 ) ) ;
#860 = AXIS2_PLACEMENT_3D ( 'NONE', #5206, #49, #2683 ) ;
#861 = ADVANCED_FACE ( 'NONE', ( #8433 ), #8385, .F. ) ;
#862 = VERTEX_POINT ( 'NONE', #7707 ) ;
#863 = EDGE_CURVE ( 'NONE', #5527, #5216, #3870, .T. ) ;
#864 = PLANE ( 'NONE',  #3044 ) ;
#865 = DIRECTION ( 'NONE',  ( 0.000000000000000000, -0.000000000000000000, -1.000000000000000000 ) ) ;
#866 = VECTOR ( 'NONE', #8118, 1000.000000000000114 ) ;
#867 = ORIENTED_EDGE ( 'NONE', *, *, #1547, .T. ) ;
#868 = DIRECTION ( 'NONE',  ( -1.011922027653137513E-16, 0.000000000000000000, 1.000000000000000000 ) ) ;
#869 = DIRECTION ( 'NONE',  ( 1.000000000000000000, -0.000000000000000000, -0.000000000000000000 ) ) ;
#870 = VECTOR ( 'NONE', #4504, 1000.000000000000000 ) ;
#871 = ORIENTED_EDGE ( 'NONE', *, *, #2349, .F. ) ;
#872 = DIRECTION ( 'NONE',  ( -1.000000000000000000, 0.000000000000000000, -0.000000000000000000 ) ) ;
#873 = VERTEX_POINT ( 'NONE', #7560 ) ;
#874 = ORIENTED_EDGE ( 'NONE', *, *, #335, .F. ) ;
#875 = EDGE_CURVE ( 'NONE', #185, #3794, #2654, .T. ) ;
#876 = VECTOR ( 'NONE', #3965, 1000.000000000000000 ) ;
#877 = DIRECTION ( 'NONE',  ( 1.000000000000000000, -0.000000000000000000, 0.000000000000000000 ) ) ;
#878 = DIRECTION ( 'NONE',  ( -0.000000000000000000, 1.000000000000000000, -0.000000000000000000 ) ) ;
#879 = AXIS2_PLACEMENT_3D ( 'NONE', #5552, #8185, #3443 ) ;
#880 = DIRECTION ( 'NONE',  ( 4.625929269271465206E-16, 0.000000000000000000, -1.000000000000000000 ) ) ;
#881 = CARTESIAN_POINT ( 'NONE',  ( 14.58177813309093729, 8.816027736361823131, 86.76503655181095098 ) ) ;
#882 = CARTESIAN_POINT ( 'NONE',  ( 35.86675776276504735, 4.000000000000000000, 6.980056922136860464 ) ) ;
#883 = AXIS2_PLACEMENT_3D ( 'NONE', #7967, #6123, #2080 ) ;
#884 = VERTEX_POINT ( 'NONE', #2559 ) ;
#885 = VECTOR ( 'NONE', #7958, 1000.000000000000000 ) ;
#886 = VERTEX_POINT ( 'NONE', #1212 ) ;
#887 = CYLINDRICAL_SURFACE ( 'NONE', #6231, 0.5000000000000004441 ) ;
#888 = CARTESIAN_POINT ( 'NONE',  ( 36.36675776276504735, 4.500000000000000000, 45.48005692213685336 ) ) ;
#889 = VECTOR ( 'NONE', #3701, 1000.000000000000114 ) ;
#890 = FACE_OUTER_BOUND ( 'NONE', #3680, .T. ) ;
#891 = PLANE ( 'NONE',  #7702 ) ;
#892 = AXIS2_PLACEMENT_3D ( 'NONE', #1029, #5440, #3463 ) ;
#893 = DIRECTION ( 'NONE',  ( -0.3420201433256694901, 0.9396926207859082059, 0.000000000000000000 ) ) ;
#894 = CARTESIAN_POINT ( 'NONE',  ( 18.15268375939398737, 0.000000000000000000, -0.000000000000000000 ) ) ;
#895 = EDGE_LOOP ( 'NONE', ( #2585, #1275, #900, #2779 ) ) ;
#896 = VERTEX_POINT ( 'NONE', #5076 ) ;
#897 = AXIS2_PLACEMENT_3D ( 'NONE', #7418, #1572, #7379 ) ;
#898 = AXIS2_PLACEMENT_3D ( 'NONE', #752, #3883, #2086 ) ;
#899 = ORIENTED_EDGE ( 'NONE', *, *, #1378, .F. ) ;
#900 = ORIENTED_EDGE ( 'NONE', *, *, #1287, .F. ) ;
#901 = DIRECTION ( 'NONE',  ( 0.000000000000000000, 0.000000000000000000, 1.000000000000000000 ) ) ;
#902 =( BOUNDED_CURVE ( )  B_SPLINE_CURVE ( 3, ( #4900, #1694, #4297, #1738 ),
 .UNSPECIFIED., .F., .F. ) 
 B_SPLINE_CURVE_WITH_KNOTS ( ( 4, 4 ),
 ( 0.000000000000000000, 1.570796326794882347 ),
 .UNSPECIFIED. ) 
 CURVE ( )  GEOMETRIC_REPRESENTATION_ITEM ( )  RATIONAL_B_SPLINE_CURVE ( ( 1.000000000000000000, 0.8047378541243683792, 0.8047378541243683792, 1.000000000000000000 ) ) 
 REPRESENTATION_ITEM ( '' )  );
#903 = AXIS2_PLACEMENT_3D ( 'NONE', #2825, #7556, #6212 ) ;
#904 = DIRECTION ( 'NONE',  ( 0.000000000000000000, 0.000000000000000000, -1.000000000000000000 ) ) ;
#905 = VECTOR ( 'NONE', #941, 1000.000000000000000 ) ;
#906 = VERTEX_POINT ( 'NONE', #3000 ) ;
#907 = DIRECTION ( 'NONE',  ( -0.9396926207859082059, 0.3420201433256694901, -9.508956621963670645E-17 ) ) ;
#908 = EDGE_CURVE ( 'NONE', #1500, #2262, #4, .T. ) ;
#909 = EDGE_CURVE ( 'NONE', #4323, #7574, #5855, .T. ) ;
#910 = ORIENTED_EDGE ( 'NONE', *, *, #8168, .T. ) ;
#911 = CARTESIAN_POINT ( 'NONE',  ( 0.4386097560229261227, 4.000000000000000000, 5.072444270436198827E-17 ) ) ;
#912 = EDGE_LOOP ( 'NONE', ( #2335, #5446, #1024, #1587 ) ) ;
#913 = DIRECTION ( 'NONE',  ( 0.9396926207859082059, 0.3420201433256694901, 2.173475799305980030E-16 ) ) ;
#914 = EDGE_CURVE ( 'NONE', #5194, #3026, #2596, .T. ) ;
#915 = AXIS2_PLACEMENT_3D ( 'NONE', #6071, #4990, #2444 ) ;
#916 = LINE ( 'NONE', #3530, #8400 ) ;
#917 = CYLINDRICAL_SURFACE ( 'NONE', #421, 0.5000000000000000000 ) ;
#918 = DIRECTION ( 'NONE',  ( 1.156482317317871478E-16, -0.000000000000000000, -1.000000000000000000 ) ) ;
#919 = EDGE_CURVE ( 'NONE', #825, #1157, #4726, .T. ) ;
#920 = ORIENTED_EDGE ( 'NONE', *, *, #3635, .T. ) ;
#921 = DIRECTION ( 'NONE',  ( 4.346951598611963019E-16, 0.3420201433256694901, 0.9396926207859082059 ) ) ;
#922 = ORIENTED_EDGE ( 'NONE', *, *, #1476, .F. ) ;
#923 = CARTESIAN_POINT ( 'NONE',  ( -51.09731624060602684, 5.000000000000000000, -5.130869074492089510 ) ) ;
#924 = ORIENTED_EDGE ( 'NONE', *, *, #8223, .T. ) ;
#925 = EDGE_CURVE ( 'NONE', #7705, #3156, #3919, .T. ) ;
#926 = ORIENTED_EDGE ( 'NONE', *, *, #1965, .F. ) ;
#927 = CARTESIAN_POINT ( 'NONE',  ( 0.000000000000000000, 4.000000000000000000, 80.90820492887897331 ) ) ;
#928 = CARTESIAN_POINT ( 'NONE',  ( 51.90268375939396606, 0.000000000000000000, -48.30586907449210088 ) ) ;
#929 = DIRECTION ( 'NONE',  ( -1.000000000000000000, 0.000000000000000000, 5.782411586589358625E-17 ) ) ;
#930 = CARTESIAN_POINT ( 'NONE',  ( -3.103088547627916416, 3.828989928337162674, 65.44990323252980602 ) ) ;
#931 = CARTESIAN_POINT ( 'NONE',  ( -38.07154431595908051, 3.883938426159696977, 80.91835900086098832 ) ) ;
#932 = EDGE_CURVE ( 'NONE', #4661, #5027, #8477, .T. ) ;
#933 = CARTESIAN_POINT ( 'NONE',  ( -37.84731624060601973, 4.500000000000000000, 61.19413092550791333 ) ) ;
#934 = PLANE ( 'NONE',  #6257 ) ;
#935 = ORIENTED_EDGE ( 'NONE', *, *, #8470, .T. ) ;
#936 = VERTEX_POINT ( 'NONE', #6553 ) ;
#937 = CARTESIAN_POINT ( 'NONE',  ( 34.08177813309094262, 8.816027736361816025, 98.62322529920486147 ) ) ;
#938 = DIRECTION ( 'NONE',  ( -0.3420201433256694901, -0.9396926207859082059, 0.000000000000000000 ) ) ;
#939 = DIRECTION ( 'NONE',  ( 0.000000000000000000, -1.000000000000000000, 0.000000000000000000 ) ) ;
#940 = CARTESIAN_POINT ( 'NONE',  ( 35.86675776276504735, 4.000000000000000000, 0.000000000000000000 ) ) ;
#941 = DIRECTION ( 'NONE',  ( 1.000000000000000000, -0.000000000000000000, -0.000000000000000000 ) ) ;
#942 = ORIENTED_EDGE ( 'NONE', *, *, #8318, .T. ) ;
#943 = VERTEX_POINT ( 'NONE', #5806 ) ;
#944 = ORIENTED_EDGE ( 'NONE', *, *, #7557, .F. ) ;
#945 = VERTEX_POINT ( 'NONE', #3283 ) ;
#946 = LINE ( 'NONE', #4206, #7072 ) ;
#947 = CARTESIAN_POINT ( 'NONE',  ( 20.65268375939397316, 4.500000000000000000, 61.19413092550791333 ) ) ;
#948 = CARTESIAN_POINT ( 'NONE',  ( 37.29054981359189469, 8.673617379884035472E-16, 23.83199697970583131 ) ) ;
#949 = ORIENTED_EDGE ( 'NONE', *, *, #8486, .F. ) ;
#950 = FACE_OUTER_BOUND ( 'NONE', #1248, .T. ) ;
#951 = VERTEX_POINT ( 'NONE', #7059 ) ;
#952 = LINE ( 'NONE', #2205, #8295 ) ;
#953 =( BOUNDED_CURVE ( )  B_SPLINE_CURVE ( 3, ( #3289, #659, #1881, #1304 ),
 .UNSPECIFIED., .F., .F. ) 
 B_SPLINE_CURVE_WITH_KNOTS ( ( 4, 4 ),
 ( 3.141592653589793116, 3.490658503988663952 ),
 .UNSPECIFIED. ) 
 CURVE ( )  GEOMETRIC_REPRESENTATION_ITEM ( )  RATIONAL_B_SPLINE_CURVE ( ( 1.000000000000000000, 0.9898718353414717175, 0.9898718353414717175, 1.000000000000000000 ) ) 
 REPRESENTATION_ITEM ( '' )  );
#954 = ORIENTED_EDGE ( 'NONE', *, *, #6329, .T. ) ;
#955 = CARTESIAN_POINT ( 'NONE',  ( 19.93860975602292385, 4.500000000000000000, 81.40820492887897331 ) ) ;
#956 = CARTESIAN_POINT ( 'NONE',  ( 34.08177813309094262, 8.816027736361816025, 28.26503655181095809 ) ) ;
#957 = CARTESIAN_POINT ( 'NONE',  ( -46.68551183928657622, 4.500000000000000000, 27.18396891907825363 ) ) ;
#958 = VERTEX_POINT ( 'NONE', #5611 ) ;
#959 = EDGE_CURVE ( 'NONE', #4761, #1480, #1453, .T. ) ;
#960 = ADVANCED_FACE ( 'NONE', ( #1872 ), #5893, .T. ) ;
#961 = DIRECTION ( 'NONE',  ( -8.693903197223928010E-16, 0.3420201433256694901, 0.9396926207859082059 ) ) ;
#962 = EDGE_CURVE ( 'NONE', #1691, #3470, #1469, .T. ) ;
#963 = LINE ( 'NONE', #7502, #1542 ) ;
#964 = ORIENTED_EDGE ( 'NONE', *, *, #6914, .T. ) ;
#965 = LINE ( 'NONE', #3539, #4705 ) ;
#966 = EDGE_LOOP ( 'NONE', ( #1938, #3629, #1090, #3292 ) ) ;
#967 = CARTESIAN_POINT ( 'NONE',  ( 20.43860975602292385, 4.000000000000000000, 26.48005692213686046 ) ) ;
#968 = ORIENTED_EDGE ( 'NONE', *, *, #793, .F. ) ;
#969 = ORIENTED_EDGE ( 'NONE', *, *, #7847, .F. ) ;
#970 = ADVANCED_FACE ( 'NONE', ( #7268 ), #2723, .T. ) ;
#971 = DIRECTION ( 'NONE',  ( -5.782411586589351229E-17, 0.000000000000000000, 1.000000000000000000 ) ) ;
#972 = EDGE_CURVE ( 'NONE', #4899, #6192, #3265, .T. ) ;
#973 = FACE_OUTER_BOUND ( 'NONE', #4518, .T. ) ;
#974 = DIRECTION ( 'NONE',  ( -1.011922027653137513E-16, -1.575579154119225431E-33, 1.000000000000000000 ) ) ;
#975 = CYLINDRICAL_SURFACE ( 'NONE', #7189, 2.500000000000002220 ) ;
#976 = ORIENTED_EDGE ( 'NONE', *, *, #4632, .T. ) ;
#977 = LINE ( 'NONE', #1820, #4604 ) ;
#978 = ORIENTED_EDGE ( 'NONE', *, *, #1279, .T. ) ;
#979 = CYLINDRICAL_SURFACE ( 'NONE', #3611, 0.5000000000000004441 ) ;
#980 = FACE_BOUND ( 'NONE', #8333, .T. ) ;
#981 = ADVANCED_FACE ( 'NONE', ( #3436 ), #2633, .F. ) ;
#982 = LINE ( 'NONE', #1177, #2941 ) ;
#983 = LINE ( 'NONE', #5477, #3774 ) ;
#984 = CARTESIAN_POINT ( 'NONE',  ( 20.65268375939398027, 4.500000000000000000, 100.1941309255079062 ) ) ;
#985 = LINE ( 'NONE', #6876, #2684 ) ;
#986 = CARTESIAN_POINT ( 'NONE',  ( 27.15268375939398737, 4.500000000000000000, -41.80586907449207246 ) ) ;
#987 = ORIENTED_EDGE ( 'NONE', *, *, #2187, .F. ) ;
#988 = VERTEX_POINT ( 'NONE', #1377 ) ;
#989 = DIRECTION ( 'NONE',  ( 8.693903197223926038E-16, 0.3420201433256694901, 0.9396926207859082059 ) ) ;
#990 = VECTOR ( 'NONE', #5221, 1000.000000000000000 ) ;
#991 = DIRECTION ( 'NONE',  ( -0.9396926207859082059, 0.3420201433256694901, -2.173475799305982003E-16 ) ) ;
#992 = VERTEX_POINT ( 'NONE', #728 ) ;
#993 = CARTESIAN_POINT ( 'NONE',  ( 0.9386097560229228476, 3.941525029986322703, 45.98005692213685336 ) ) ;
#994 = VECTOR ( 'NONE', #1949, 1000.000000000000000 ) ;
#995 = ORIENTED_EDGE ( 'NONE', *, *, #2387, .T. ) ;
#996 = CARTESIAN_POINT ( 'NONE',  ( 0.9386097560229217374, 4.000000000000000000, 22.40820492887897331 ) ) ;
#997 = EDGE_LOOP ( 'NONE', ( #347, #668, #2003, #6357 ) ) ;
#998 = CARTESIAN_POINT ( 'NONE',  ( -22.42613545604841363, 4.500000000000000000, 45.77295014095030012 ) ) ;
#999 = LINE ( 'NONE', #2985, #349 ) ;
#1001 = ORIENTED_EDGE ( 'NONE', *, *, #3075, .F. ) ;
#1000 = VECTOR ( 'NONE', #6564, 1000.000000000000114 ) ;
#1002 = DIRECTION ( 'NONE',  ( -1.000000000000000000, 0.000000000000000000, 0.000000000000000000 ) ) ;
#1003 = DIRECTION ( 'NONE',  ( -1.000000000000000000, 0.000000000000000000, 0.000000000000000000 ) ) ;
#1004 = DIRECTION ( 'NONE',  ( 1.000000000000000000, 0.000000000000000000, -1.151683635503274519E-16 ) ) ;
#1005 = ORIENTED_EDGE ( 'NONE', *, *, #8422, .T. ) ;
#1006 = PLANE ( 'NONE',  #7752 ) ;
#1007 = VECTOR ( 'NONE', #6089, 1000.000000000000000 ) ;
#1008 = ORIENTED_EDGE ( 'NONE', *, *, #5645, .F. ) ;
#1009 = CARTESIAN_POINT ( 'NONE',  ( 47.40268375939399448, 0.000000000000000000, 29.13887441235547016 ) ) ;
#1010 = VERTEX_POINT ( 'NONE', #7871 ) ;
#1011 = ORIENTED_EDGE ( 'NONE', *, *, #6586, .T. ) ;
#1012 = AXIS2_PLACEMENT_3D ( 'NONE', #5592, #4938, #2983 ) ;
#1013 = FACE_BOUND ( 'NONE', #6688, .T. ) ;
#1014 = LINE ( 'NONE', #3633, #5507 ) ;
#1015 = CARTESIAN_POINT ( 'NONE',  ( 27.15268375939398737, 4.500000000000000000, -51.80586907449210088 ) ) ;
#1016 = VECTOR ( 'NONE', #3943, 1000.000000000000000 ) ;
#1017 = LINE ( 'NONE', #4819, #6247 ) ;
#1018 = EDGE_CURVE ( 'NONE', #936, #6840, #7960, .T. ) ;
#1019 = EDGE_CURVE ( 'NONE', #2882, #545, #3336, .T. ) ;
#1020 = EDGE_CURVE ( 'NONE', #1653, #5462, #6061, .T. ) ;
#1021 = ORIENTED_EDGE ( 'NONE', *, *, #6041, .T. ) ;
#1022 = CARTESIAN_POINT ( 'NONE',  ( 0.4386097560229231807, 4.500000000000000000, 64.98005692213685336 ) ) ;
#1023 = VECTOR ( 'NONE', #1905, 1000.000000000000000 ) ;
#1024 = ORIENTED_EDGE ( 'NONE', *, *, #6108, .T. ) ;
#1025 = EDGE_CURVE ( 'NONE', #3928, #1083, #2109, .T. ) ;
#1026 = DIRECTION ( 'NONE',  ( 1.000000000000000000, -0.000000000000000000, -5.782411586589358625E-17 ) ) ;
#1027 = DIRECTION ( 'NONE',  ( 0.000000000000000000, -0.000000000000000000, -1.000000000000000000 ) ) ;
#1028 = AXIS2_PLACEMENT_3D ( 'NONE', #5864, #7767, #4485 ) ;
#1029 = CARTESIAN_POINT ( 'NONE',  ( -37.84731624060601263, 4.500000000000000000, 7.194130925507916885 ) ) ;
#1030 = DIRECTION ( 'NONE',  ( 0.000000000000000000, 0.000000000000000000, 1.000000000000000000 ) ) ;
#1031 = ORIENTED_EDGE ( 'NONE', *, *, #6914, .F. ) ;
#1032 = VECTOR ( 'NONE', #5663, 1000.000000000000000 ) ;
#1033 = EDGE_CURVE ( 'NONE', #958, #1117, #2038, .T. ) ;
#1034 = ORIENTED_EDGE ( 'NONE', *, *, #1317, .T. ) ;
#1035 = CARTESIAN_POINT ( 'NONE',  ( 1.961773564377644119E-14, 4.000000000000000000, 42.40820492887895909 ) ) ;
#1036 = ADVANCED_FACE ( 'NONE', ( #2805 ), #2072, .T. ) ;
#1037 = VECTOR ( 'NONE', #7414, 1000.000000000000000 ) ;
#1038 = CARTESIAN_POINT ( 'NONE',  ( 0.000000000000000000, 4.000000000000000000, 22.90820492887897331 ) ) ;
#1039 = AXIS2_PLACEMENT_3D ( 'NONE', #4085, #6059, #2802 ) ;
#1040 = VECTOR ( 'NONE', #6986, 1000.000000000000000 ) ;
#1041 = VERTEX_POINT ( 'NONE', #4087 ) ;
#1042 = CARTESIAN_POINT ( 'NONE',  ( 0.000000000000000000, 4.000000000000000000, 45.98005692213685336 ) ) ;
#1043 = VECTOR ( 'NONE', #1928, 1000.000000000000000 ) ;
#1044 = ADVANCED_FACE ( 'NONE', ( #5411 ), #7307, .F. ) ;
#1045 = ORIENTED_EDGE ( 'NONE', *, *, #5857, .F. ) ;
#1046 = CYLINDRICAL_SURFACE ( 'NONE', #3489, 2.400000000000000799 ) ;
#1047 = VECTOR ( 'NONE', #4651, 1000.000000000000000 ) ;
#1048 = ORIENTED_EDGE ( 'NONE', *, *, #6814, .F. ) ;
#1049 = CARTESIAN_POINT ( 'NONE',  ( -38.06139024397706550, 4.000000000000000000, 6.980056922136856024 ) ) ;
#1050 = CARTESIAN_POINT ( 'NONE',  ( 0.9386097560229230696, 4.000000000000000000, 65.48005692213685336 ) ) ;
#1051 = CARTESIAN_POINT ( 'NONE',  ( 0.000000000000000000, 4.000000000000000000, 61.90820492887896620 ) ) ;
#1052 = AXIS2_PLACEMENT_3D ( 'NONE', #5103, #7002, #6400 ) ;
#1053 = AXIS2_PLACEMENT_3D ( 'NONE', #8067, #8194, #2183 ) ;
#1054 = CARTESIAN_POINT ( 'NONE',  ( -38.26849702516362584, 4.500000000000000888, 42.11531171006551233 ) ) ;
#1055 = DIRECTION ( 'NONE',  ( -1.000000000000000000, -0.000000000000000000, -0.000000000000000000 ) ) ;
#1056 = EDGE_LOOP ( 'NONE', ( #4821, #6383, #6618, #3718 ) ) ;
#1057 = LINE ( 'NONE', #3744, #2548 ) ;
#1058 = VECTOR ( 'NONE', #451, 1000.000000000000000 ) ;
#1059 = ORIENTED_EDGE ( 'NONE', *, *, #229, .T. ) ;
#1060 = FACE_OUTER_BOUND ( 'NONE', #1621, .T. ) ;
#1061 = ORIENTED_EDGE ( 'NONE', *, *, #8476, .T. ) ;
#1062 = CARTESIAN_POINT ( 'NONE',  ( 0.000000000000000000, 0.000000000000000000, 0.000000000000000000 ) ) ;
#1063 = LINE ( 'NONE', #8348, #6476 ) ;
#1064 = CARTESIAN_POINT ( 'NONE',  ( -38.06139024397706550, 3.941525029986321815, 65.48005692213685336 ) ) ;
#1065 = CYLINDRICAL_SURFACE ( 'NONE', #1851, 0.5000000000000004441 ) ;
#1066 = ORIENTED_EDGE ( 'NONE', *, *, #3133, .T. ) ;
#1067 = CARTESIAN_POINT ( 'NONE',  ( -3.133242237234963756, 4.000000000000000000, 65.48005692213685336 ) ) ;
#1068 = ORIENTED_EDGE ( 'NONE', *, *, #5058, .T. ) ;
#1069 = EDGE_CURVE ( 'NONE', #4278, #825, #778, .T. ) ;
#1070 = EDGE_CURVE ( 'NONE', #3782, #2261, #2165, .T. ) ;
#1071 = CARTESIAN_POINT ( 'NONE',  ( 20.40845606641587295, 3.828989928337164450, 41.93835861848602065 ) ) ;
#1072 = LINE ( 'NONE', #3684, #7289 ) ;
#1073 = CARTESIAN_POINT ( 'NONE',  ( 35.89691145237208758, 3.828989928337163562, 61.19413092550792044 ) ) ;
#1074 = CARTESIAN_POINT ( 'NONE',  ( 36.36675776276504735, 4.500000000000000000, 64.98005692213685336 ) ) ;
#1075 = VERTEX_POINT ( 'NONE', #2760 ) ;
#1076 = CARTESIAN_POINT ( 'NONE',  ( -0.4851822948039354322, 0.000000000000000000, 62.83199697970583486 ) ) ;
#1077 = LINE ( 'NONE', #8120, #7356 ) ;
#1078 = ADVANCED_FACE ( 'NONE', ( #2118 ), #4124, .T. ) ;
#1079 = EDGE_CURVE ( 'NONE', #1638, #1459, #3529, .T. ) ;
#1080 =( BOUNDED_CURVE ( )  B_SPLINE_CURVE ( 3, ( #6631, #5247, #4512, #6512 ),
 .UNSPECIFIED., .F., .F. ) 
 B_SPLINE_CURVE_WITH_KNOTS ( ( 4, 4 ),
 ( 0.000000000000000000, 1.570796326794896558 ),
 .UNSPECIFIED. ) 
 CURVE ( )  GEOMETRIC_REPRESENTATION_ITEM ( )  RATIONAL_B_SPLINE_CURVE ( ( 1.000000000000000000, 0.8047378541243649375, 0.8047378541243649375, 1.000000000000000000 ) ) 
 REPRESENTATION_ITEM ( '' )  );
#1081 = ORIENTED_EDGE ( 'NONE', *, *, #485, .T. ) ;
#1082 = LINE ( 'NONE', #8171, #2525 ) ;
#1083 = VERTEX_POINT ( 'NONE', #4168 ) ;
#1084 = LINE ( 'NONE', #3696, #5000 ) ;
#1085 = EDGE_LOOP ( 'NONE', ( #8275, #104, #7785, #6790 ) ) ;
#1086 = LINE ( 'NONE', #5629, #2795 ) ;
#1087 = CARTESIAN_POINT ( 'NONE',  ( -24.41822186690906094, 8.816027736361819578, 67.26503655181096519 ) ) ;
#1088 = EDGE_CURVE ( 'NONE', #3935, #6428, #8253, .T. ) ;
#1089 = CARTESIAN_POINT ( 'NONE',  ( 19.93860975602292740, 4.000000000000000000, 4.611729922948423359E-15 ) ) ;
#1090 = ORIENTED_EDGE ( 'NONE', *, *, #768, .T. ) ;
#1091 = CARTESIAN_POINT ( 'NONE',  ( 1.152683759393990925, 0.000000000000000000, 83.55626487131000601 ) ) ;
#1092 = VERTEX_POINT ( 'NONE', #6156 ) ;
#1093 = CARTESIAN_POINT ( 'NONE',  ( 20.43860975602291319, 4.000000000000000000, 61.40820492887896620 ) ) ;
#1094 = ORIENTED_EDGE ( 'NONE', *, *, #3534, .T. ) ;
#1095 = FACE_OUTER_BOUND ( 'NONE', #5066, .T. ) ;
#1096 = CARTESIAN_POINT ( 'NONE',  ( -3.133242237234963312, 4.000000000000000000, 26.48005692213686402 ) ) ;
#1097 = CARTESIAN_POINT ( 'NONE',  ( 35.86675776276504735, 4.000000000000000000, 65.48005692213685336 ) ) ;
#1098 = DIRECTION ( 'NONE',  ( -0.3236155771181851160, 0.8891264907159878161, -0.3236155771181855600 ) ) ;
#1099 = ORIENTED_EDGE ( 'NONE', *, *, #2852, .F. ) ;
#1100 = ORIENTED_EDGE ( 'NONE', *, *, #5353, .F. ) ;
#1101 = CARTESIAN_POINT ( 'NONE',  ( -51.09731624060602684, 5.000000000000000000, -5.130869074492089510 ) ) ;
#1102 = DIRECTION ( 'NONE',  ( 1.000000000000000000, -0.000000000000000000, -4.625929269271483942E-16 ) ) ;
#1103 = PLANE ( 'NONE',  #6672 ) ;
#1104 = DIRECTION ( 'NONE',  ( 1.000000000000000000, -0.000000000000000000, -0.000000000000000000 ) ) ;
#1105 = ORIENTED_EDGE ( 'NONE', *, *, #6216, .F. ) ;
#1106 = VERTEX_POINT ( 'NONE', #955 ) ;
#1107 = ADVANCED_FACE ( 'NONE', ( #8086 ), #6888, .T. ) ;
#1108 = LINE ( 'NONE', #5703, #8455 ) ;
#1109 = CARTESIAN_POINT ( 'NONE',  ( 20.65268375939397316, 3.828989928337165338, 61.43835861848602065 ) ) ;
#1110 = ORIENTED_EDGE ( 'NONE', *, *, #5100, .T. ) ;
#1111 = CYLINDRICAL_SURFACE ( 'NONE', #5951, 0.5000000000000004441 ) ;
#1112 = ORIENTED_EDGE ( 'NONE', *, *, #4890, .F. ) ;
#1113 = EDGE_CURVE ( 'NONE', #7919, #4661, #6935, .T. ) ;
#1114 = AXIS2_PLACEMENT_3D ( 'NONE', #1894, #8459, #8260 ) ;
#1115 = ADVANCED_FACE ( 'NONE', ( #4850 ), #306, .T. ) ;
#1116 = ADVANCED_FACE ( 'NONE', ( #3616 ), #2338, .T. ) ;
#1117 = VERTEX_POINT ( 'NONE', #3573 ) ;
#1118 = CARTESIAN_POINT ( 'NONE',  ( 16.57386454395158637, 4.500000000000000888, 42.11531171006551233 ) ) ;
#1119 = DIRECTION ( 'NONE',  ( 0.000000000000000000, 0.000000000000000000, 1.000000000000000000 ) ) ;
#1120 = CYLINDRICAL_SURFACE ( 'NONE', #5964, 0.5000000000000004441 ) ;
#1121 = EDGE_CURVE ( 'NONE', #2482, #5027, #4983, .T. ) ;
#1122 = DIRECTION ( 'NONE',  ( 9.251858538542930412E-16, 0.000000000000000000, -1.000000000000000000 ) ) ;
#1123 =( BOUNDED_CURVE ( )  B_SPLINE_CURVE ( 3, ( #3844, #5867, #704, #3210 ),
 .UNSPECIFIED., .F., .F. ) 
 B_SPLINE_CURVE_WITH_KNOTS ( ( 4, 4 ),
 ( 0.000000000000000000, 1.570796326794889231 ),
 .UNSPECIFIED. ) 
 CURVE ( )  GEOMETRIC_REPRESENTATION_ITEM ( )  RATIONAL_B_SPLINE_CURVE ( ( 1.000000000000000000, 0.8047378541243667138, 0.8047378541243667138, 1.000000000000000000 ) ) 
 REPRESENTATION_ITEM ( '' )  );
#1124 = DIRECTION ( 'NONE',  ( -1.000000000000000000, 0.000000000000000000, 5.782411586589358625E-17 ) ) ;
#1125 = ORIENTED_EDGE ( 'NONE', *, *, #7691, .T. ) ;
#1126 = SURFACE_STYLE_USAGE ( .BOTH. , #7055 ) ;
#1127 = EDGE_CURVE ( 'NONE', #5622, #7350, #2341, .T. ) ;
#1128 = EDGE_LOOP ( 'NONE', ( #2162, #2197 ) ) ;
#1129 = DIRECTION ( 'NONE',  ( -0.3420201433256694901, 0.9396926207859082059, 0.000000000000000000 ) ) ;
#1130 = ORIENTED_EDGE ( 'NONE', *, *, #2646, .T. ) ;
#1131 = EDGE_CURVE ( 'NONE', #1809, #4323, #7100, .T. ) ;
#1132 = CARTESIAN_POINT ( 'NONE',  ( -18.56139024397707615, 4.000000000000000000, 80.90820492887897331 ) ) ;
#1133 = FACE_BOUND ( 'NONE', #7415, .T. ) ;
#1134 = DIRECTION ( 'NONE',  ( 0.000000000000000000, -0.9396926207859082059, 0.3420201433256694901 ) ) ;
#1135 = CARTESIAN_POINT ( 'NONE',  ( -18.76849702516362584, 4.500000000000000888, 22.61531171006551943 ) ) ;
#1136 = CARTESIAN_POINT ( 'NONE',  ( -3.103088547627917304, 3.828989928337165338, 85.19413092550790623 ) ) ;
#1137 = CARTESIAN_POINT ( 'NONE',  ( -37.84731624060602684, 4.500000000000000000, 41.69413092550791333 ) ) ;
#1138 = EDGE_CURVE ( 'NONE', #5194, #1170, #902, .T. ) ;
#1139 = CARTESIAN_POINT ( 'NONE',  ( -18.56139024397707971, 4.000000000000000000, 22.40820492887896975 ) ) ;
#1140 = EDGE_LOOP ( 'NONE', ( #823, #7680, #4430, #2883 ) ) ;
#1141 = ORIENTED_EDGE ( 'NONE', *, *, #2234, .F. ) ;
#1142 = VECTOR ( 'NONE', #6416, 1000.000000000000000 ) ;
#1143 = CARTESIAN_POINT ( 'NONE',  ( 0.4386097560229211823, 4.500000000000000000, 81.40820492887897331 ) ) ;
#1144 = CARTESIAN_POINT ( 'NONE',  ( -21.20945018640810531, 0.000000000000000000, 62.83199697970583486 ) ) ;
#1145 = CYLINDRICAL_SURFACE ( 'NONE', #751, 0.5000000000000004441 ) ;
#1146 = DIRECTION ( 'NONE',  ( -1.000000000000000000, 0.000000000000000000, 0.000000000000000000 ) ) ;
#1147 = EDGE_LOOP ( 'NONE', ( #7083, #7777, #2185, #3229 ) ) ;
#1148 = CARTESIAN_POINT ( 'NONE',  ( 37.29054981359189469, 8.673617379884035472E-16, 5.556264871310004239 ) ) ;
#1149 = AXIS2_PLACEMENT_3D ( 'NONE', #8378, #7136, #1119 ) ;
#1150 = VECTOR ( 'NONE', #1805, 1000.000000000000000 ) ;
#1151 = DIRECTION ( 'NONE',  ( -1.000000000000000000, 0.000000000000000000, 0.000000000000000000 ) ) ;
#1152 = DIRECTION ( 'NONE',  ( 0.000000000000000000, 0.000000000000000000, -1.000000000000000000 ) ) ;
#1153 = FACE_OUTER_BOUND ( 'NONE', #8502, .T. ) ;
#1154 = AXIS2_PLACEMENT_3D ( 'NONE', #3117, #5719, #7105 ) ;
#1155 = AXIS2_PLACEMENT_3D ( 'NONE', #4359, #8440, #8314 ) ;
#1156 = EDGE_LOOP ( 'NONE', ( #8070, #2284, #188, #3966 ) ) ;
#1157 = VERTEX_POINT ( 'NONE', #1050 ) ;
#1158 = AXIS2_PLACEMENT_3D ( 'NONE', #6687, #4558, #1478 ) ;
#1159 = ORIENTED_EDGE ( 'NONE', *, *, #4434, .T. ) ;
#1160 = ORIENTED_EDGE ( 'NONE', *, *, #5353, .T. ) ;
#1161 = CARTESIAN_POINT ( 'NONE',  ( 19.01481770519605874, 0.000000000000000000, 61.19413092550791333 ) ) ;
#1162 = PLANE ( 'NONE',  #4702 ) ;
#1163 = VECTOR ( 'NONE', #6195, 1000.000000000000000 ) ;
#1164 = LINE ( 'NONE', #8468, #203 ) ;
#1165 = VECTOR ( 'NONE', #1316, 1000.000000000000000 ) ;
#1166 = EDGE_CURVE ( 'NONE', #769, #3490, #4347, .T. ) ;
#1167 = EDGE_CURVE ( 'NONE', #7588, #1092, #1086, .T. ) ;
#1168 = FACE_OUTER_BOUND ( 'NONE', #5410, .T. ) ;
#1169 = AXIS2_PLACEMENT_3D ( 'NONE', #4239, #6828, #938 ) ;
#1170 = VERTEX_POINT ( 'NONE', #3699 ) ;
#1171 = ORIENTED_EDGE ( 'NONE', *, *, #3755, .T. ) ;
#1172 = CARTESIAN_POINT ( 'NONE',  ( -18.34731624060601973, 4.500000000000000000, 80.69413092550790623 ) ) ;
#1173 = CARTESIAN_POINT ( 'NONE',  ( 35.86675776276504735, 4.000000000000000000, 0.000000000000000000 ) ) ;
#1174 = ORIENTED_EDGE ( 'NONE', *, *, #382, .T. ) ;
#1175 =( BOUNDED_CURVE ( )  B_SPLINE_CURVE ( 3, ( #8505, #168, #4630, #7262 ),
 .UNSPECIFIED., .F., .F. ) 
 B_SPLINE_CURVE_WITH_KNOTS ( ( 4, 4 ),
 ( 3.141592653589793116, 3.490658503988659067 ),
 .UNSPECIFIED. ) 
 CURVE ( )  GEOMETRIC_REPRESENTATION_ITEM ( )  RATIONAL_B_SPLINE_CURVE ( ( 1.000000000000000000, 0.9898718353414720506, 0.9898718353414720506, 1.000000000000000000 ) ) 
 REPRESENTATION_ITEM ( '' )  );
#1176 = VECTOR ( 'NONE', #1963, 1000.000000000000000 ) ;
#1177 = CARTESIAN_POINT ( 'NONE',  ( 0.4386097560229275105, 4.500000000000000000, 4.438388736631687224E-17 ) ) ;
#1178 = EDGE_CURVE ( 'NONE', #7574, #8173, #3211, .T. ) ;
#1179 = DIRECTION ( 'NONE',  ( -0.3420201433256694901, 0.9396926207859082059, 0.000000000000000000 ) ) ;
#1180 = DIRECTION ( 'NONE',  ( 1.000000000000000000, 0.000000000000000000, 0.000000000000000000 ) ) ;
#1181 = AXIS2_PLACEMENT_3D ( 'NONE', #3006, #8240, #2362 ) ;
#1182 = DIRECTION ( 'NONE',  ( 0.000000000000000000, 0.000000000000000000, 1.000000000000000000 ) ) ;
#1183 = ADVANCED_FACE ( 'NONE', ( #5451 ), #5493, .F. ) ;
#1184 = LINE ( 'NONE', #1136, #1285 ) ;
#1185 = CARTESIAN_POINT ( 'NONE',  ( -22.63324223723496686, 4.000000000000000000, 100.4082049288789733 ) ) ;
#1186 = LINE ( 'NONE', #5132, #4711 ) ;
#1187 = ORIENTED_EDGE ( 'NONE', *, *, #7112, .F. ) ;
#1188 = VERTEX_POINT ( 'NONE', #1243 ) ;
#1189 = CARTESIAN_POINT ( 'NONE',  ( -18.34731624060601618, 3.828989928337163562, 65.44990323252980602 ) ) ;
#1190 = ADVANCED_FACE ( 'NONE', ( #6452 ), #5752, .T. ) ;
#1191 = FACE_OUTER_BOUND ( 'NONE', #6494, .T. ) ;
#1192 = DIRECTION ( 'NONE',  ( 0.000000000000000000, 0.000000000000000000, -1.000000000000000000 ) ) ;
#1193 = CARTESIAN_POINT ( 'NONE',  ( 35.86675776276504735, 4.000000000000000000, 22.40820492887897686 ) ) ;
#1194 = ORIENTED_EDGE ( 'NONE', *, *, #4534, .F. ) ;
#1195 = FACE_OUTER_BOUND ( 'NONE', #4652, .T. ) ;
#1196 = FACE_OUTER_BOUND ( 'NONE', #4361, .T. ) ;
#1197 = CARTESIAN_POINT ( 'NONE',  ( -6.362396975355915854E-15, 4.500000000000000000, -51.80586907449210088 ) ) ;
#1198 = EDGE_CURVE ( 'NONE', #5716, #3733, #8467, .T. ) ;
#1199 = CARTESIAN_POINT ( 'NONE',  ( -18.56139024397708681, 4.000000000000000000, 45.98005692213684625 ) ) ;
#1200 = VERTEX_POINT ( 'NONE', #2588 ) ;
#1201 = DIRECTION ( 'NONE',  ( -4.625929269271465206E-16, 0.000000000000000000, -1.000000000000000000 ) ) ;
#1202 = ORIENTED_EDGE ( 'NONE', *, *, #8278, .F. ) ;
#1203 = ORIENTED_EDGE ( 'NONE', *, *, #6763, .T. ) ;
#1204 = VERTEX_POINT ( 'NONE', #7010 ) ;
#1205 = CYLINDRICAL_SURFACE ( 'NONE', #5385, 0.5000000000000000000 ) ;
#1206 = LINE ( 'NONE', #6453, #5005 ) ;
#1207 = CARTESIAN_POINT ( 'NONE',  ( 1.152683759393980711, 4.500000000000000000, 65.69413092550790623 ) ) ;
#1208 = ORIENTED_EDGE ( 'NONE', *, *, #7838, .T. ) ;
#1209 = CYLINDRICAL_SURFACE ( 'NONE', #1860, 2.500000000000002220 ) ;
#1210 = ORIENTED_EDGE ( 'NONE', *, *, #3964, .F. ) ;
#1211 = CARTESIAN_POINT ( 'NONE',  ( 0.000000000000000000, 4.000000000000000000, 64.98005692213685336 ) ) ;
#1212 = CARTESIAN_POINT ( 'NONE',  ( -39.48518229480392705, 0.000000000000000000, 100.5509356947165003 ) ) ;
#1213 = EDGE_CURVE ( 'NONE', #7433, #7045, #3737, .T. ) ;
#1214 = ADVANCED_FACE ( 'NONE', ( #2499 ), #6409, .T. ) ;
#1215 = DIRECTION ( 'NONE',  ( -0.3420201433256694901, 0.9396926207859082059, 0.000000000000000000 ) ) ;
#1216 = DIRECTION ( 'NONE',  ( 1.156482317317871971E-16, -0.000000000000000000, -1.000000000000000000 ) ) ;
#1217 = FACE_OUTER_BOUND ( 'NONE', #2949, .T. ) ;
#1218 = DIRECTION ( 'NONE',  ( 1.000000000000000000, 0.000000000000000000, 4.625929269271495775E-16 ) ) ;
#1219 = CYLINDRICAL_SURFACE ( 'NONE', #8023, 0.5000000000000000000 ) ;
#1220 = CARTESIAN_POINT ( 'NONE',  ( -6.362396975355915854E-15, 4.500000000000000000, -51.80586907449210088 ) ) ;
#1221 = DIRECTION ( 'NONE',  ( 0.3236155771181852270, 0.8891264907159880382, 0.3236155771181852825 ) ) ;
#1222 = ORIENTED_EDGE ( 'NONE', *, *, #1716, .F. ) ;
#1223 =( BOUNDED_CURVE ( )  B_SPLINE_CURVE ( 3, ( #2959, #836, #5473, #6086 ),
 .UNSPECIFIED., .F., .F. ) 
 B_SPLINE_CURVE_WITH_KNOTS ( ( 4, 4 ),
 ( 5.934119456780720725, 6.283185307179586232 ),
 .UNSPECIFIED. ) 
 CURVE ( )  GEOMETRIC_REPRESENTATION_ITEM ( )  RATIONAL_B_SPLINE_CURVE ( ( 1.000000000000000000, 0.9898718353414720506, 0.9898718353414720506, 1.000000000000000000 ) ) 
 REPRESENTATION_ITEM ( '' )  );
#1224 = VERTEX_POINT ( 'NONE', #3148 ) ;
#1225 = ADVANCED_FACE ( 'NONE', ( #7097 ), #2417, .T. ) ;
#1226 = ADVANCED_FACE ( 'NONE', ( #7667 ), #1811, .F. ) ;
#1227 = LINE ( 'NONE', #6272, #1863 ) ;
#1228 = DIRECTION ( 'NONE',  ( -0.9396926207859082059, 0.3420201433256694901, -4.346951598611964005E-16 ) ) ;
#1229 = CARTESIAN_POINT ( 'NONE',  ( -19.06139024397707615, 4.500000000000000000, -4.408832152130975110E-15 ) ) ;
#1230 = CARTESIAN_POINT ( 'NONE',  ( -38.07154431595908051, 3.883938426159694757, 6.969902850154854335 ) ) ;
#1231 = CARTESIAN_POINT ( 'NONE',  ( -37.84731624060601263, 0.000000000000000000, 101.8319969797058206 ) ) ;
#1232 = ORIENTED_EDGE ( 'NONE', *, *, #8258, .T. ) ;
#1233 = EDGE_CURVE ( 'NONE', #8037, #1406, #4421, .T. ) ;
#1234 = CARTESIAN_POINT ( 'NONE',  ( -4.918221866909063600, 8.816027736361817801, 20.62322529920487568 ) ) ;
#1235 = EDGE_CURVE ( 'NONE', #2846, #2952, #2547, .T. ) ;
#1236 = DIRECTION ( 'NONE',  ( -1.000000000000000000, 0.000000000000000000, -0.000000000000000000 ) ) ;
#1237 = CARTESIAN_POINT ( 'NONE',  ( 16.36675776276503669, 4.000000000000000000, 100.4082049288789875 ) ) ;
#1238 = ORIENTED_EDGE ( 'NONE', *, *, #7699, .F. ) ;
#1239 = CARTESIAN_POINT ( 'NONE',  ( -3.123088165252961623, 3.883938426159695645, 61.41835900086097411 ) ) ;
#1240 = EDGE_LOOP ( 'NONE', ( #2350, #5553, #600, #6958 ) ) ;
#1241 = ORIENTED_EDGE ( 'NONE', *, *, #273, .F. ) ;
#1242 = EDGE_LOOP ( 'NONE', ( #3495, #1353, #2226, #753 ) ) ;
#1243 = CARTESIAN_POINT ( 'NONE',  ( -31.84731624060601618, 0.000000000000000000, -7.530869074492096971 ) ) ;
#1244 = CARTESIAN_POINT ( 'NONE',  ( 0.9084560664158746190, 3.828989928337163562, 80.93835861848602065 ) ) ;
#1245 = VECTOR ( 'NONE', #4788, 1000.000000000000000 ) ;
#1246 = EDGE_LOOP ( 'NONE', ( #5779, #538, #6350, #1061, #6405, #1171, #2157, #7292, #676, #1399, #4753, #6833, #160, #5187, #3014, #1059, #3239, #6568, #2570, #37, #6320, #6240, #7218, #1858, #2308, #5425 ) ) ;
#1247 = DIRECTION ( 'NONE',  ( -0.000000000000000000, -0.000000000000000000, 1.000000000000000000 ) ) ;
#1248 = EDGE_LOOP ( 'NONE', ( #291, #7285, #2492, #4793 ) ) ;
#1249 = CARTESIAN_POINT ( 'NONE',  ( -24.41822186690906094, 8.816027736361817801, 47.76503655181095809 ) ) ;
#1250 = DIRECTION ( 'NONE',  ( 0.9396926207859082059, 0.3420201433256694901, 0.000000000000000000 ) ) ;
#1251 = DIRECTION ( 'NONE',  ( -2.312964634635742957E-16, 0.000000000000000000, 1.000000000000000000 ) ) ;
#1252 = LINE ( 'NONE', #4602, #346 ) ;
#1253 = CARTESIAN_POINT ( 'NONE',  ( 0.9084560664158753962, 3.828989928337165338, 22.19413092550791688 ) ) ;
#1254 = FACE_OUTER_BOUND ( 'NONE', #3297, .T. ) ;
#1255 = VECTOR ( 'NONE', #7113, 1000.000000000000000 ) ;
#1256 = CARTESIAN_POINT ( 'NONE',  ( 35.89691145237208758, 3.828989928337163562, 100.1941309255078920 ) ) ;
#1257 = LINE ( 'NONE', #3166, #8017 ) ;
#1258 = ORIENTED_EDGE ( 'NONE', *, *, #743, .T. ) ;
#1259 = ORIENTED_EDGE ( 'NONE', *, *, #4333, .F. ) ;
#1260 = PLANE ( 'NONE',  #5147 ) ;
#1261 = EDGE_CURVE ( 'NONE', #6163, #886, #1900, .T. ) ;
#1262 = DIRECTION ( 'NONE',  ( 0.000000000000000000, -1.000000000000000000, 0.000000000000000000 ) ) ;
#1263 = FACE_OUTER_BOUND ( 'NONE', #4730, .T. ) ;
#1264 = EDGE_CURVE ( 'NONE', #5872, #1856, #4083, .T. ) ;
#1265 = ADVANCED_FACE ( 'NONE', ( #7698 ), #1162, .T. ) ;
#1266 = ORIENTED_EDGE ( 'NONE', *, *, #4365, .F. ) ;
#1267 = ADVANCED_FACE ( 'NONE', ( #469 ), #3059, .T. ) ;
#1268 = AXIS2_PLACEMENT_3D ( 'NONE', #6373, #4881, #5125 ) ;
#1269 = DIRECTION ( 'NONE',  ( -0.3236155771181852270, 0.8891264907159879272, -0.3236155771181853380 ) ) ;
#1270 = CARTESIAN_POINT ( 'NONE',  ( -22.13324223723494910, 4.000000000000000000, -5.119340654455052478E-15 ) ) ;
#1271 = CARTESIAN_POINT ( 'NONE',  ( 16.37691183474704815, 3.883938426159695645, 100.4183590008609883 ) ) ;
#1272 = VECTOR ( 'NONE', #3400, 1000.000000000000000 ) ;
#1273 = PLANE ( 'NONE',  #615 ) ;
#1274 = ADVANCED_FACE ( 'NONE', ( #5069 ), #1205, .T. ) ;
#1275 = ORIENTED_EDGE ( 'NONE', *, *, #3080, .T. ) ;
#1276 = CARTESIAN_POINT ( 'NONE',  ( 35.89691145237208758, 3.828989928337163562, 41.69413092550790623 ) ) ;
#1277 = AXIS2_PLACEMENT_3D ( 'NONE', #8045, #2887, #169 ) ;
#1278 = ORIENTED_EDGE ( 'NONE', *, *, #3271, .T. ) ;
#1279 = EDGE_CURVE ( 'NONE', #5198, #5504, #6322, .T. ) ;
#1280 = ORIENTED_EDGE ( 'NONE', *, *, #908, .F. ) ;
#1281 = ORIENTED_EDGE ( 'NONE', *, *, #1855, .T. ) ;
#1282 = CARTESIAN_POINT ( 'NONE',  ( 34.08177813309094262, 8.816027736361823131, 59.62322529920487568 ) ) ;
#1283 = AXIS2_PLACEMENT_3D ( 'NONE', #621, #7073, #3252 ) ;
#1284 = CARTESIAN_POINT ( 'NONE',  ( -22.13324223723496331, 4.000000000000000000, -5.119340654455056422E-15 ) ) ;
#1285 = VECTOR ( 'NONE', #1914, 1000.000000000000000 ) ;
#1286 = CARTESIAN_POINT ( 'NONE',  ( 0.000000000000000000, 4.000000000000000000, 26.48005692213686046 ) ) ;
#1287 = EDGE_CURVE ( 'NONE', #943, #4909, #7177, .T. ) ;
#1288 = DIRECTION ( 'NONE',  ( 1.000000000000000000, 0.000000000000000000, 7.950815931560367493E-16 ) ) ;
#1289 = VECTOR ( 'NONE', #3580, 1000.000000000000114 ) ;
#1290 = ORIENTED_EDGE ( 'NONE', *, *, #8114, .F. ) ;
#1291 = CARTESIAN_POINT ( 'NONE',  ( -3.123088165252960735, 3.883938426159694313, 80.91835900086098832 ) ) ;
#1292 = AXIS2_PLACEMENT_3D ( 'NONE', #2, #4548, #3917 ) ;
#1293 = EDGE_LOOP ( 'NONE', ( #7455, #995, #3437, #5515 ) ) ;
#1294 = DIRECTION ( 'NONE',  ( -0.3420201433256694901, 0.9396926207859082059, 0.000000000000000000 ) ) ;
#1295 =( BOUNDED_CURVE ( )  B_SPLINE_CURVE ( 3, ( #5326, #1291, #5982, #95 ),
 .UNSPECIFIED., .F., .F. ) 
 B_SPLINE_CURVE_WITH_KNOTS ( ( 4, 4 ),
 ( 5.934119456780715396, 6.283185307179586232 ),
 .UNSPECIFIED. ) 
 CURVE ( )  GEOMETRIC_REPRESENTATION_ITEM ( )  RATIONAL_B_SPLINE_CURVE ( ( 1.000000000000000000, 0.9898718353414717175, 0.9898718353414717175, 1.000000000000000000 ) ) 
 REPRESENTATION_ITEM ( '' )  );
#1296 = VECTOR ( 'NONE', #1503, 1000.000000000000000 ) ;
#1297 = CARTESIAN_POINT ( 'NONE',  ( -22.60308854762791597, 3.828989928337164450, 45.94990323252980602 ) ) ;
#1298 = VECTOR ( 'NONE', #8036, 1000.000000000000000 ) ;
#1299 = DIRECTION ( 'NONE',  ( 0.3236155771181851160, 0.8891264907159879272, 0.3236155771181852825 ) ) ;
#1300 = CARTESIAN_POINT ( 'NONE',  ( -22.63324223723496331, 4.292893218813452094, 65.48005692213685336 ) ) ;
#1301 = CYLINDRICAL_SURFACE ( 'NONE', #2264, 0.5000000000000004441 ) ;
#1302 = AXIS2_PLACEMENT_3D ( 'NONE', #7458, #8019, #880 ) ;
#1303 = DIRECTION ( 'NONE',  ( -0.000000000000000000, -1.000000000000000000, 0.000000000000000000 ) ) ;
#1304 = CARTESIAN_POINT ( 'NONE',  ( -18.59154393358413060, 3.828989928337164450, 61.43835861848602065 ) ) ;
#1305 = VECTOR ( 'NONE', #4839, 1000.000000000000000 ) ;
#1306 = CARTESIAN_POINT ( 'NONE',  ( -37.84731624060601973, 0.000000000000000000, 62.83199697970583486 ) ) ;
#1307 = ORIENTED_EDGE ( 'NONE', *, *, #925, .F. ) ;
#1308 = ORIENTED_EDGE ( 'NONE', *, *, #8486, .T. ) ;
#1309 = VECTOR ( 'NONE', #5224, 1000.000000000000000 ) ;
#1310 = CARTESIAN_POINT ( 'NONE',  ( 48.90268375939397316, 5.000000000000000000, -2.630869074492086845 ) ) ;
#1311 = DIRECTION ( 'NONE',  ( -2.312964634635742957E-16, -0.000000000000000000, 1.000000000000000000 ) ) ;
#1312 = LINE ( 'NONE', #6567, #8450 ) ;
#1313 = VERTEX_POINT ( 'NONE', #7299 ) ;
#1314 = VECTOR ( 'NONE', #1367, 1000.000000000000000 ) ;
#1315 = ORIENTED_EDGE ( 'NONE', *, *, #7149, .T. ) ;
#1316 = DIRECTION ( 'NONE',  ( -1.000000000000000000, 0.000000000000000000, 4.625929269271485914E-16 ) ) ;
#1317 = EDGE_CURVE ( 'NONE', #422, #2762, #4710, .T. ) ;
#1318 = ADVANCED_FACE ( 'NONE', ( #6670 ), #722, .T. ) ;
#1319 = DIRECTION ( 'NONE',  ( 0.000000000000000000, 0.000000000000000000, 1.000000000000000000 ) ) ;
#1320 = LINE ( 'NONE', #635, #5413 ) ;
#1321 =( BOUNDED_CURVE ( )  B_SPLINE_CURVE ( 3, ( #7207, #3300, #3141, #6398 ),
 .UNSPECIFIED., .F., .F. ) 
 B_SPLINE_CURVE_WITH_KNOTS ( ( 4, 4 ),
 ( 3.141592653589793116, 3.490658503988656847 ),
 .UNSPECIFIED. ) 
 CURVE ( )  GEOMETRIC_REPRESENTATION_ITEM ( )  RATIONAL_B_SPLINE_CURVE ( ( 1.000000000000000000, 0.9898718353414720506, 0.9898718353414720506, 1.000000000000000000 ) ) 
 REPRESENTATION_ITEM ( '' )  );
#1322 = CARTESIAN_POINT ( 'NONE',  ( -38.06139024397707260, 4.000000000000000000, 61.40820492887896620 ) ) ;
#1323 = CARTESIAN_POINT ( 'NONE',  ( -37.84731624060601973, 4.500000000000000000, 22.19413092550791688 ) ) ;
#1324 = ORIENTED_EDGE ( 'NONE', *, *, #8278, .T. ) ;
#1325 = LINE ( 'NONE', #6576, #7049 ) ;
#1326 = ORIENTED_EDGE ( 'NONE', *, *, #6848, .T. ) ;
#1327 = ORIENTED_EDGE ( 'NONE', *, *, #3798, .F. ) ;
#1328 = ORIENTED_EDGE ( 'NONE', *, *, #614, .F. ) ;
#1329 = CARTESIAN_POINT ( 'NONE',  ( -18.56139024397707615, 4.000000000000000000, 6.980056922136862241 ) ) ;
#1330 = DIRECTION ( 'NONE',  ( 0.000000000000000000, -1.000000000000000000, 0.000000000000000000 ) ) ;
#1331 = EDGE_CURVE ( 'NONE', #1806, #6746, #1366, .T. ) ;
#1332 = EDGE_CURVE ( 'NONE', #4114, #2925, #2108, .T. ) ;
#1333 = EDGE_CURVE ( 'NONE', #6895, #7919, #5238, .T. ) ;
#1334 = DIRECTION ( 'NONE',  ( 4.625929269271465206E-16, 0.000000000000000000, -1.000000000000000000 ) ) ;
#1335 = VERTEX_POINT ( 'NONE', #2718 ) ;
#1336 = DIRECTION ( 'NONE',  ( 0.000000000000000000, -0.000000000000000000, -1.000000000000000000 ) ) ;
#1337 = ORIENTED_EDGE ( 'NONE', *, *, #8422, .F. ) ;
#1338 = ADVANCED_FACE ( 'NONE', ( #3393 ), #2159, .T. ) ;
#1339 = CARTESIAN_POINT ( 'NONE',  ( -18.34731624060601618, 3.828989928337165338, 6.949903232529813124 ) ) ;
#1340 = CARTESIAN_POINT ( 'NONE',  ( 16.86675776276506156, 4.000000000000000000, 3.901221420624344413E-15 ) ) ;
#1341 = APPLICATION_PROTOCOL_DEFINITION ( 'draft international standard', 'automotive_design', 1998, #3525 ) ;
#1342 = CYLINDRICAL_SURFACE ( 'NONE', #338, 0.5000000000000004441 ) ;
#1343 =( BOUNDED_CURVE ( )  B_SPLINE_CURVE ( 3, ( #1097, #3081, #3713, #3756 ),
 .UNSPECIFIED., .F., .F. ) 
 B_SPLINE_CURVE_WITH_KNOTS ( ( 4, 4 ),
 ( 3.141592653589793116, 3.490658503988653738 ),
 .UNSPECIFIED. ) 
 CURVE ( )  GEOMETRIC_REPRESENTATION_ITEM ( )  RATIONAL_B_SPLINE_CURVE ( ( 1.000000000000000000, 0.9898718353414723836, 0.9898718353414723836, 1.000000000000000000 ) ) 
 REPRESENTATION_ITEM ( '' )  );
#1344 = LINE ( 'NONE', #7968, #876 ) ;
#1345 = EDGE_LOOP ( 'NONE', ( #4134, #1568, #7444, #2838 ) ) ;
#1346 = VERTEX_POINT ( 'NONE', #6051 ) ;
#1347 = DIRECTION ( 'NONE',  ( 5.782411586589361090E-17, 0.000000000000000000, 1.000000000000000000 ) ) ;
#1348 = DIRECTION ( 'NONE',  ( 0.3236155771181853380, 0.8891264907159879272, -0.3236155771181851160 ) ) ;
#1349 = CARTESIAN_POINT ( 'NONE',  ( 37.29054981359189469, 0.000000000000000000, 61.19413092550792044 ) ) ;
#1350 = CARTESIAN_POINT ( 'NONE',  ( 55.40268375939399448, 4.500000000000000000, -2.552254569946283358E-14 ) ) ;
#1351 = LINE ( 'NONE', #6648, #1047 ) ;
#1352 = EDGE_LOOP ( 'NONE', ( #526, #8492, #6991, #849 ) ) ;
#1353 = ORIENTED_EDGE ( 'NONE', *, *, #4565, .F. ) ;
#1354 = DIRECTION ( 'NONE',  ( -0.000000000000000000, 1.000000000000000000, -0.000000000000000000 ) ) ;
#1355 = CARTESIAN_POINT ( 'NONE',  ( -3.103088547627917304, 3.828989928337166226, 6.949903232529813124 ) ) ;
#1356 = DIRECTION ( 'NONE',  ( -1.000000000000000000, -0.000000000000000000, -0.000000000000000000 ) ) ;
#1357 = CARTESIAN_POINT ( 'NONE',  ( -3.123088165252960735, 3.883938426159694757, 41.91835900086098832 ) ) ;
#1358 = FACE_OUTER_BOUND ( 'NONE', #3918, .T. ) ;
#1359 = VERTEX_POINT ( 'NONE', #2031 ) ;
#1360 = CARTESIAN_POINT ( 'NONE',  ( 43.90268375939397316, 5.000000000000000000, -41.80586907449207956 ) ) ;
#1361 = EDGE_CURVE ( 'NONE', #906, #4399, #4758, .T. ) ;
#1362 = ORIENTED_EDGE ( 'NONE', *, *, #6120, .T. ) ;
#1363 = EDGE_LOOP ( 'NONE', ( #6998, #7260, #922, #5025 ) ) ;
#1364 = ORIENTED_EDGE ( 'NONE', *, *, #1539, .F. ) ;
#1365 = CYLINDRICAL_SURFACE ( 'NONE', #1864, 0.5000000000000004441 ) ;
#1366 = LINE ( 'NONE', #5926, #3750 ) ;
#1367 = DIRECTION ( 'NONE',  ( -0.000000000000000000, -1.000000000000000000, -0.000000000000000000 ) ) ;
#1368 = DIRECTION ( 'NONE',  ( 4.625929269271485914E-16, -0.000000000000000000, -1.000000000000000000 ) ) ;
#1369 = DIRECTION ( 'NONE',  ( -0.3236155771181852825, 0.8891264907159880382, 0.3236155771181852825 ) ) ;
#1370 = EDGE_CURVE ( 'NONE', #376, #638, #1175, .T. ) ;
#1371 = CARTESIAN_POINT ( 'NONE',  ( -38.06139024397707971, 4.000000000000000000, 22.40820492887897331 ) ) ;
#1372 = EDGE_CURVE ( 'NONE', #958, #430, #568, .T. ) ;
#1373 = EDGE_CURVE ( 'NONE', #5577, #685, #840, .T. ) ;
#1374 = ORIENTED_EDGE ( 'NONE', *, *, #1854, .T. ) ;
#1375 = CARTESIAN_POINT ( 'NONE',  ( -22.63324223723496331, 3.941525029986323592, 65.48005692213686757 ) ) ;
#1376 = ORIENTED_EDGE ( 'NONE', *, *, #7643, .T. ) ;
#1377 = CARTESIAN_POINT ( 'NONE',  ( -1.709450186408111749, -8.673617379884035472E-16, 82.33199697970582065 ) ) ;
#1378 = EDGE_CURVE ( 'NONE', #5701, #3537, #646, .T. ) ;
#1379 = CARTESIAN_POINT ( 'NONE',  ( -38.06139024397706550, 4.000000000000000000, 6.980056922136856024 ) ) ;
#1380 = VECTOR ( 'NONE', #6391, 1000.000000000000000 ) ;
#1381 = CARTESIAN_POINT ( 'NONE',  ( -24.41822186690906094, 8.816027736361816025, 28.26503655181095809 ) ) ;
#1382 = CARTESIAN_POINT ( 'NONE',  ( 48.90268375939397316, -7.500000000000000000, -45.30586907449209377 ) ) ;
#1383 = ADVANCED_FACE ( 'NONE', ( #5884 ), #679, .F. ) ;
#1384 = ORIENTED_EDGE ( 'NONE', *, *, #427, .F. ) ;
#1385 = FACE_OUTER_BOUND ( 'NONE', #1676, .T. ) ;
#1386 = CYLINDRICAL_SURFACE ( 'NONE', #4570, 0.5000000000000004441 ) ;
#1387 = ORIENTED_EDGE ( 'NONE', *, *, #272, .T. ) ;
#1388 = ADVANCED_FACE ( 'NONE', ( #3310 ), #4665, .F. ) ;
#1389 = VERTEX_POINT ( 'NONE', #2625 ) ;
#1390 = AXIS2_PLACEMENT_3D ( 'NONE', #3801, #3124, #1876 ) ;
#1391 = DIRECTION ( 'NONE',  ( 0.5031907286678232172, 0.000000000000000000, 0.8641753818425661482 ) ) ;
#1392 = LINE ( 'NONE', #3969, #1829 ) ;
#1393 = DIRECTION ( 'NONE',  ( 0.000000000000000000, 0.000000000000000000, -1.000000000000000000 ) ) ;
#1394 =( BOUNDED_CURVE ( )  B_SPLINE_CURVE ( 3, ( #2979, #993, #6241, #5588 ),
 .UNSPECIFIED., .F., .F. ) 
 B_SPLINE_CURVE_WITH_KNOTS ( ( 4, 4 ),
 ( 3.141592653589793116, 3.490658503988656403 ),
 .UNSPECIFIED. ) 
 CURVE ( )  GEOMETRIC_REPRESENTATION_ITEM ( )  RATIONAL_B_SPLINE_CURVE ( ( 1.000000000000000000, 0.9898718353414720506, 0.9898718353414720506, 1.000000000000000000 ) ) 
 REPRESENTATION_ITEM ( '' )  );
#1395 = DIRECTION ( 'NONE',  ( 0.000000000000000000, 0.3420201433256694901, -0.9396926207859082059 ) ) ;
#1396 = DIRECTION ( 'NONE',  ( 0.000000000000000000, -1.000000000000000000, 0.000000000000000000 ) ) ;
#1397 = AXIS2_PLACEMENT_3D ( 'NONE', #1340, #5333, #5937 ) ;
#1398 = LINE ( 'NONE', #4101, #3904 ) ;
#1399 = ORIENTED_EDGE ( 'NONE', *, *, #1766, .T. ) ;
#1400 = ORIENTED_EDGE ( 'NONE', *, *, #1770, .T. ) ;
#1401 = VECTOR ( 'NONE', #5370, 1000.000000000000000 ) ;
#1402 = CARTESIAN_POINT ( 'NONE',  ( -18.56139024397708681, 4.000000000000000000, 45.98005692213684625 ) ) ;
#1403 = CARTESIAN_POINT ( 'NONE',  ( 20.65268375939397316, 0.000000000000000000, 44.55626487130999891 ) ) ;
#1404 = DIRECTION ( 'NONE',  ( -1.000000000000000000, 0.000000000000000000, -0.000000000000000000 ) ) ;
#1405 = CARTESIAN_POINT ( 'NONE',  ( -2.863829771885584439E-14, 4.500000000000000000, 61.90820492887896620 ) ) ;
#1406 = VERTEX_POINT ( 'NONE', #6017 ) ;
#1407 = DIRECTION ( 'NONE',  ( -1.000000000000000000, -0.000000000000000000, -0.000000000000000000 ) ) ;
#1408 = CIRCLE ( 'NONE', #7597, 2.400000000000000799 ) ;
#1409 = ORIENTED_EDGE ( 'NONE', *, *, #4374, .F. ) ;
#1410 = ORIENTED_EDGE ( 'NONE', *, *, #4944, .F. ) ;
#1411 = ORIENTED_EDGE ( 'NONE', *, *, #2634, .F. ) ;
#1412 = CARTESIAN_POINT ( 'NONE',  ( -18.59154393358412349, 3.828989928337164450, 6.949903232529812236 ) ) ;
#1413 = DIRECTION ( 'NONE',  ( 0.000000000000000000, -0.9396926207859082059, 0.3420201433256694901 ) ) ;
#1414 = CARTESIAN_POINT ( 'NONE',  ( 0.9084560664158866095, 3.828989928337163118, 84.94990323252980602 ) ) ;
#1415 = AXIS2_PLACEMENT_3D ( 'NONE', #2018, #8367, #1151 ) ;
#1416 = PLANE ( 'NONE',  #2666 ) ;
#1417 = DIRECTION ( 'NONE',  ( -4.625929269271485914E-16, 0.000000000000000000, 1.000000000000000000 ) ) ;
#1418 = VECTOR ( 'NONE', #7790, 1000.000000000000000 ) ;
#1419 = ORIENTED_EDGE ( 'NONE', *, *, #5054, .F. ) ;
#1420 = DIRECTION ( 'NONE',  ( -1.000000000000000000, 0.000000000000000000, 0.000000000000000000 ) ) ;
#1421 = VECTOR ( 'NONE', #1977, 1000.000000000000000 ) ;
#1422 = DIRECTION ( 'NONE',  ( -0.000000000000000000, -0.000000000000000000, 1.000000000000000000 ) ) ;
#1423 = EDGE_CURVE ( 'NONE', #2655, #7537, #1983, .T. ) ;
#1424 = EDGE_CURVE ( 'NONE', #1857, #3564, #6174, .T. ) ;
#1425 = AXIS2_PLACEMENT_3D ( 'NONE', #1172, #6415, #4508 ) ;
#1426 = LINE ( 'NONE', #2726, #5227 ) ;
#1427 = DIRECTION ( 'NONE',  ( 0.000000000000000000, 0.000000000000000000, -1.000000000000000000 ) ) ;
#1428 = VECTOR ( 'NONE', #1407, 1000.000000000000000 ) ;
#1429 = ORIENTED_EDGE ( 'NONE', *, *, #1424, .F. ) ;
#1430 = DIRECTION ( 'NONE',  ( 0.3236155771181852825, 0.8891264907159880382, 0.3236155771181852825 ) ) ;
#1431 = LINE ( 'NONE', #143, #1721 ) ;
#1432 = EDGE_LOOP ( 'NONE', ( #1957, #6457, #6748, #2653 ) ) ;
#1433 = ORIENTED_EDGE ( 'NONE', *, *, #2975, .T. ) ;
#1434 = AXIS2_PLACEMENT_3D ( 'NONE', #259, #815, #5408 ) ;
#1435 = EDGE_CURVE ( 'NONE', #3260, #630, #1545, .T. ) ;
#1436 = CYLINDRICAL_SURFACE ( 'NONE', #7363, 0.5000000000000004441 ) ;
#1437 = CARTESIAN_POINT ( 'NONE',  ( 16.86675776276503669, 4.500000000000000000, 6.480056922136859576 ) ) ;
#1438 = PLANE ( 'NONE',  #211 ) ;
#1439 = ADVANCED_FACE ( 'NONE', ( #6149 ), #3010, .F. ) ;
#1440 = AXIS2_PLACEMENT_3D ( 'NONE', #4777, #4914, #971 ) ;
#1441 = CARTESIAN_POINT ( 'NONE',  ( 16.36675776276503669, 4.000000000000000000, 22.40820492887897686 ) ) ;
#1442 = CIRCLE ( 'NONE', #7629, 2.400000000000000799 ) ;
#1443 = CARTESIAN_POINT ( 'NONE',  ( 0.000000000000000000, 4.000000000000000000, 6.480056922136859576 ) ) ;
#1444 = CIRCLE ( 'NONE', #3231, 3.500000000000003109 ) ;
#1445 = DIRECTION ( 'NONE',  ( 1.156482317317871971E-16, -0.000000000000000000, -1.000000000000000000 ) ) ;
#1446 = ORIENTED_EDGE ( 'NONE', *, *, #1487, .F. ) ;
#1447 = ORIENTED_EDGE ( 'NONE', *, *, #5154, .T. ) ;
#1448 = CARTESIAN_POINT ( 'NONE',  ( 9.335884373802928896E-14, 4.000000000000000000, 100.9082049288789875 ) ) ;
#1449 = CARTESIAN_POINT ( 'NONE',  ( 19.01481770519606584, 0.000000000000000000, 80.69413092550790623 ) ) ;
#1450 = ADVANCED_FACE ( 'NONE', ( #2972 ), #255, .T. ) ;
#1451 = CARTESIAN_POINT ( 'NONE',  ( 43.90268375939400158, 0.000000000000000000, 104.6941309255078920 ) ) ;
#1452 = LINE ( 'NONE', #4577, #2145 ) ;
#1453 =( BOUNDED_CURVE ( )  B_SPLINE_CURVE ( 3, ( #3155, #5760, #5123, #7756 ),
 .UNSPECIFIED., .F., .F. ) 
 B_SPLINE_CURVE_WITH_KNOTS ( ( 4, 4 ),
 ( 3.141592653589793116, 3.490658503988663952 ),
 .UNSPECIFIED. ) 
 CURVE ( )  GEOMETRIC_REPRESENTATION_ITEM ( )  RATIONAL_B_SPLINE_CURVE ( ( 1.000000000000000000, 0.9898718353414717175, 0.9898718353414717175, 1.000000000000000000 ) ) 
 REPRESENTATION_ITEM ( '' )  );
#1454 = AXIS2_PLACEMENT_3D ( 'NONE', #6000, #24, #2652 ) ;
#1455 = DIRECTION ( 'NONE',  ( -0.000000000000000000, 1.000000000000000000, -0.000000000000000000 ) ) ;
#1456 = CARTESIAN_POINT ( 'NONE',  ( 16.15268375939398027, 4.500000000000000000, 41.69413092550790623 ) ) ;
#1457 = EDGE_LOOP ( 'NONE', ( #1567, #5919, #7980, #7034 ) ) ;
#1458 = AXIS2_PLACEMENT_3D ( 'NONE', #744, #2406, #7037 ) ;
#1459 = VERTEX_POINT ( 'NONE', #2329 ) ;
#1460 = EDGE_LOOP ( 'NONE', ( #4543, #2054, #4971, #1650 ) ) ;
#1461 = EDGE_LOOP ( 'NONE', ( #1238, #1521, #4706, #734 ) ) ;
#1462 = CARTESIAN_POINT ( 'NONE',  ( 16.39691145237208403, 3.828989928337165338, 6.949903232529813124 ) ) ;
#1463 = CARTESIAN_POINT ( 'NONE',  ( 0.000000000000000000, 4.000000000000000000, 84.98005692213685336 ) ) ;
#1464 = CIRCLE ( 'NONE', #6665, 2.400000000000001243 ) ;
#1465 = CARTESIAN_POINT ( 'NONE',  ( -22.13324223723496331, 4.000000000000000000, 0.000000000000000000 ) ) ;
#1466 = ORIENTED_EDGE ( 'NONE', *, *, #691, .T. ) ;
#1467 = CARTESIAN_POINT ( 'NONE',  ( -39.48518229480392705, 0.000000000000000000, 44.55626487130999891 ) ) ;
#1468 = EDGE_LOOP ( 'NONE', ( #2422, #7371, #2669, #2451 ) ) ;
#1469 = LINE ( 'NONE', #6679, #6772 ) ;
#1470 = PLANE ( 'NONE',  #6213 ) ;
#1471 = CARTESIAN_POINT ( 'NONE',  ( 19.93860975602292385, 4.500000000000000000, 100.9082049288789733 ) ) ;
#1472 = CARTESIAN_POINT ( 'NONE',  ( -18.76849702516362584, 4.500000000000000000, 100.6153117100655123 ) ) ;
#1473 = ORIENTED_EDGE ( 'NONE', *, *, #682, .T. ) ;
#1474 = CARTESIAN_POINT ( 'NONE',  ( 20.40845606641589427, 3.828989928337165338, 84.94990323252980602 ) ) ;
#1475 = LINE ( 'NONE', #7495, #5677 ) ;
#1476 = EDGE_CURVE ( 'NONE', #7672, #1389, #7437, .T. ) ;
#1477 = ORIENTED_EDGE ( 'NONE', *, *, #1131, .F. ) ;
#1478 = DIRECTION ( 'NONE',  ( 1.000000000000000000, 0.000000000000000000, 1.156482317317871725E-16 ) ) ;
#1479 = ORIENTED_EDGE ( 'NONE', *, *, #1770, .F. ) ;
#1480 = VERTEX_POINT ( 'NONE', #3566 ) ;
#1481 = CARTESIAN_POINT ( 'NONE',  ( 37.29054981359189469, 8.673617379884035472E-16, 101.8319969797058064 ) ) ;
#1482 = CARTESIAN_POINT ( 'NONE',  ( 16.57386454395158637, 4.500000000000000000, 6.772950140950312559 ) ) ;
#1483 = CARTESIAN_POINT ( 'NONE',  ( 35.86675776276504735, 4.000000000000000000, 45.98005692213684625 ) ) ;
#1484 = DIRECTION ( 'NONE',  ( -4.625929269271485914E-16, -0.000000000000000000, 1.000000000000000000 ) ) ;
#1485 = PLANE ( 'NONE',  #3780 ) ;
#1486 = EDGE_CURVE ( 'NONE', #7750, #5577, #6501, .T. ) ;
#1487 = EDGE_CURVE ( 'NONE', #1752, #1779, #342, .T. ) ;
#1488 = CARTESIAN_POINT ( 'NONE',  ( -22.63324223723496331, 4.000000000000000000, 0.000000000000000000 ) ) ;
#1489 = ORIENTED_EDGE ( 'NONE', *, *, #488, .F. ) ;
#1490 = ORIENTED_EDGE ( 'NONE', *, *, #3840, .F. ) ;
#1491 = DIRECTION ( 'NONE',  ( -4.625929269271485914E-16, 0.000000000000000000, 1.000000000000000000 ) ) ;
#1492 = ADVANCED_FACE ( 'NONE', ( #6235 ), #4930, .F. ) ;
#1493 = CARTESIAN_POINT ( 'NONE',  ( 0.4386097560229231807, 4.500000000000000000, 6.480056922136859576 ) ) ;
#1494 = CARTESIAN_POINT ( 'NONE',  ( -19.06139024397707615, 4.500000000000000000, 81.40820492887897331 ) ) ;
#1495 = DIRECTION ( 'NONE',  ( 0.000000000000000000, 0.000000000000000000, 1.000000000000000000 ) ) ;
#1496 = LINE ( 'NONE', #4023, #5771 ) ;
#1497 = CARTESIAN_POINT ( 'NONE',  ( 19.93860975602292740, 4.500000000000000000, 64.98005692213685336 ) ) ;
#1498 = VERTEX_POINT ( 'NONE', #2931 ) ;
#1499 = EDGE_CURVE ( 'NONE', #5531, #47, #5533, .T. ) ;
#1500 = VERTEX_POINT ( 'NONE', #4838 ) ;
#1501 = EDGE_LOOP ( 'NONE', ( #5795, #4876, #7609, #4377 ) ) ;
#1502 = EDGE_LOOP ( 'NONE', ( #1008, #3238, #5471, #2788 ) ) ;
#1503 = DIRECTION ( 'NONE',  ( -4.625929269271485914E-16, -0.000000000000000000, 1.000000000000000000 ) ) ;
#1504 = DIRECTION ( 'NONE',  ( 1.000000000000000000, -0.000000000000000000, -0.000000000000000000 ) ) ;
#1505 = EDGE_CURVE ( 'NONE', #6294, #4761, #2995, .T. ) ;
#1506 =( BOUNDED_CURVE ( )  B_SPLINE_CURVE ( 3, ( #3050, #3772, #3221, #4413 ),
 .UNSPECIFIED., .F., .F. ) 
 B_SPLINE_CURVE_WITH_KNOTS ( ( 4, 4 ),
 ( 3.141592653589793116, 3.490658503988647521 ),
 .UNSPECIFIED. ) 
 CURVE ( )  GEOMETRIC_REPRESENTATION_ITEM ( )  RATIONAL_B_SPLINE_CURVE ( ( 1.000000000000000000, 0.9898718353414726057, 0.9898718353414726057, 1.000000000000000000 ) ) 
 REPRESENTATION_ITEM ( '' )  );
#1507 = ORIENTED_EDGE ( 'NONE', *, *, #6699, .F. ) ;
#1508 = DIRECTION ( 'NONE',  ( -0.000000000000000000, 1.000000000000000000, -0.000000000000000000 ) ) ;
#1509 = EDGE_CURVE ( 'NONE', #2403, #3261, #4960, .T. ) ;
#1510 = ORIENTED_EDGE ( 'NONE', *, *, #184, .F. ) ;
#1511 = LINE ( 'NONE', #171, #4039 ) ;
#1512 = ORIENTED_EDGE ( 'NONE', *, *, #7302, .T. ) ;
#1513 = DIRECTION ( 'NONE',  ( -0.000000000000000000, -1.000000000000000000, 0.000000000000000000 ) ) ;
#1514 = ORIENTED_EDGE ( 'NONE', *, *, #4482, .F. ) ;
#1515 = CARTESIAN_POINT ( 'NONE',  ( 35.86675776276505445, 4.000000000000000000, 61.40820492887897331 ) ) ;
#1516 = ORIENTED_EDGE ( 'NONE', *, *, #5945, .T. ) ;
#1517 = FACE_OUTER_BOUND ( 'NONE', #4615, .T. ) ;
#1518 = ORIENTED_EDGE ( 'NONE', *, *, #1671, .T. ) ;
#1519 = CARTESIAN_POINT ( 'NONE',  ( 1.152683759393978935, 4.500000000000000000, 80.69413092550790623 ) ) ;
#1520 = EDGE_LOOP ( 'NONE', ( #2842, #1804, #7860, #4929 ) ) ;
#1521 = ORIENTED_EDGE ( 'NONE', *, *, #5463, .F. ) ;
#1522 = CARTESIAN_POINT ( 'NONE',  ( -3.123088165252959847, 3.883938426159693869, 22.41835900086097766 ) ) ;
#1523 = CARTESIAN_POINT ( 'NONE',  ( -22.60308854762791952, 3.828989928337164450, 100.4383586184860206 ) ) ;
#1524 = LINE ( 'NONE', #5509, #1999 ) ;
#1525 = CARTESIAN_POINT ( 'NONE',  ( -42.59731624060599131, 0.000000000000000000, 108.1941309255078920 ) ) ;
#1526 = CARTESIAN_POINT ( 'NONE',  ( -22.63324223723496331, 4.000000000000000000, 61.40820492887896620 ) ) ;
#1527 = AXIS2_PLACEMENT_3D ( 'NONE', #732, #2685, #1911 ) ;
#1528 = CYLINDRICAL_SURFACE ( 'NONE', #6947, 0.5000000000000004441 ) ;
#1529 = ORIENTED_EDGE ( 'NONE', *, *, #909, .T. ) ;
#1530 = EDGE_LOOP ( 'NONE', ( #482, #1529, #8326, #4801 ) ) ;
#1531 = FACE_OUTER_BOUND ( 'NONE', #1242, .T. ) ;
#1532 = FACE_BOUND ( 'NONE', #6275, .T. ) ;
#1533 = EDGE_CURVE ( 'NONE', #5881, #430, #6278, .T. ) ;
#1534 = EDGE_CURVE ( 'NONE', #1798, #6770, #6795, .T. ) ;
#1535 = CARTESIAN_POINT ( 'NONE',  ( 1.152683759393979601, 0.000000000000000000, 43.33199697970582775 ) ) ;
#1536 = LINE ( 'NONE', #7606, #2903 ) ;
#1537 = DIRECTION ( 'NONE',  ( 0.000000000000000000, -0.9396926207859082059, 0.3420201433256694901 ) ) ;
#1538 = CARTESIAN_POINT ( 'NONE',  ( 19.93860975602293806, 4.500000000000000000, 9.223459845896851451E-15 ) ) ;
#1539 = EDGE_CURVE ( 'NONE', #4387, #6104, #4117, .T. ) ;
#1540 = EDGE_LOOP ( 'NONE', ( #3517, #3407, #1614, #7498 ) ) ;
#1541 = ORIENTED_EDGE ( 'NONE', *, *, #1758, .F. ) ;
#1542 = VECTOR ( 'NONE', #4807, 1000.000000000000000 ) ;
#1543 = ORIENTED_EDGE ( 'NONE', *, *, #7440, .T. ) ;
#1544 = DIRECTION ( 'NONE',  ( 0.000000000000000000, -0.000000000000000000, -1.000000000000000000 ) ) ;
#1545 = LINE ( 'NONE', #6881, #4298 ) ;
#1546 = FACE_OUTER_BOUND ( 'NONE', #2586, .T. ) ;
#1547 = EDGE_CURVE ( 'NONE', #2605, #1188, #6511, .T. ) ;
#1548 = AXIS2_PLACEMENT_3D ( 'NONE', #828, #2217, #2180 ) ;
#1549 = EDGE_CURVE ( 'NONE', #8040, #4808, #2242, .T. ) ;
#1550 = ORIENTED_EDGE ( 'NONE', *, *, #5640, .F. ) ;
#1551 = CARTESIAN_POINT ( 'NONE',  ( 1.152683759393978935, 4.500000000000000000, 61.19413092550791333 ) ) ;
#1552 = ORIENTED_EDGE ( 'NONE', *, *, #1912, .T. ) ;
#1553 = LINE ( 'NONE', #3571, #3641 ) ;
#1554 = ORIENTED_EDGE ( 'NONE', *, *, #6792, .T. ) ;
#1555 = CARTESIAN_POINT ( 'NONE',  ( -38.26849702516361873, 4.500000000000000888, 45.77295014095031433 ) ) ;
#1556 = VECTOR ( 'NONE', #2227, 1000.000000000000000 ) ;
#1557 = CYLINDRICAL_SURFACE ( 'NONE', #7728, 0.5000000000000004441 ) ;
#1558 = EDGE_CURVE ( 'NONE', #2310, #4877, #3154, .T. ) ;
#1559 = CARTESIAN_POINT ( 'NONE',  ( 0.9084560664158770615, 3.828989928337165338, 26.44990323252981312 ) ) ;
#1560 = LINE ( 'NONE', #2810, #1401 ) ;
#1561 = VECTOR ( 'NONE', #3275, 1000.000000000000000 ) ;
#1562 = VERTEX_POINT ( 'NONE', #7797 ) ;
#1563 = DIRECTION ( 'NONE',  ( 0.000000000000000000, -0.000000000000000000, -1.000000000000000000 ) ) ;
#1564 = AXIS2_PLACEMENT_3D ( 'NONE', #7264, #2591, #7823 ) ;
#1565 = ORIENTED_EDGE ( 'NONE', *, *, #2589, .T. ) ;
#1566 = FACE_OUTER_BOUND ( 'NONE', #5443, .T. ) ;
#1567 = ORIENTED_EDGE ( 'NONE', *, *, #660, .T. ) ;
#1568 = ORIENTED_EDGE ( 'NONE', *, *, #5054, .T. ) ;
#1569 = AXIS2_PLACEMENT_3D ( 'NONE', #8108, #4923, #7521 ) ;
#1570 = CARTESIAN_POINT ( 'NONE',  ( 16.36675776276503669, 4.292893218813452094, 80.90820492887898752 ) ) ;
#1571 = CARTESIAN_POINT ( 'NONE',  ( -22.63324223723496686, 3.941525029986321815, 100.4082049288789733 ) ) ;
#1572 = DIRECTION ( 'NONE',  ( 0.000000000000000000, -1.000000000000000000, 0.000000000000000000 ) ) ;
#1573 = CARTESIAN_POINT ( 'NONE',  ( -22.13324223723496331, 4.500000000000000000, 64.98005692213685336 ) ) ;
#1574 = CARTESIAN_POINT ( 'NONE',  ( -38.06139024397707971, 4.000000000000000000, 80.90820492887897331 ) ) ;
#1575 = DIRECTION ( 'NONE',  ( 1.156482317317871528E-15, -0.000000000000000000, -1.000000000000000000 ) ) ;
#1576 = AXIS2_PLACEMENT_3D ( 'NONE', #923, #3494, #6297 ) ;
#1577 = LINE ( 'NONE', #6082, #6666 ) ;
#1578 = VERTEX_POINT ( 'NONE', #3071 ) ;
#1579 = VECTOR ( 'NONE', #1247, 1000.000000000000000 ) ;
#1580 = VERTEX_POINT ( 'NONE', #6507 ) ;
#1581 = FACE_BOUND ( 'NONE', #5019, .T. ) ;
#1582 = DIRECTION ( 'NONE',  ( -1.000000000000000000, 0.000000000000000000, -0.000000000000000000 ) ) ;
#1583 = AXIS2_PLACEMENT_3D ( 'NONE', #3985, #850, #2793 ) ;
#1584 = DIRECTION ( 'NONE',  ( 0.000000000000000000, 0.000000000000000000, -1.000000000000000000 ) ) ;
#1585 = VECTOR ( 'NONE', #4492, 1000.000000000000000 ) ;
#1586 = DIRECTION ( 'NONE',  ( 0.3236155771181852270, 0.8891264907159880382, 0.3236155771181852825 ) ) ;
#1587 = ORIENTED_EDGE ( 'NONE', *, *, #7911, .T. ) ;
#1588 = ORIENTED_EDGE ( 'NONE', *, *, #3380, .F. ) ;
#1589 = VECTOR ( 'NONE', #3632, 1000.000000000000000 ) ;
#1590 = AXIS2_PLACEMENT_3D ( 'NONE', #6249, #592, #6978 ) ;
#1591 = ADVANCED_FACE ( 'NONE', ( #7755 ), #7706, .F. ) ;
#1592 = ORIENTED_EDGE ( 'NONE', *, *, #5263, .T. ) ;
#1593 = ADVANCED_FACE ( 'NONE', ( #4475 ), #3197, .T. ) ;
#1594 = ORIENTED_EDGE ( 'NONE', *, *, #6533, .T. ) ;
#1595 = CARTESIAN_POINT ( 'NONE',  ( 36.36675776276504735, 4.500000000000000000, 25.98005692213686046 ) ) ;
#1596 = CIRCLE ( 'NONE', #1053, 2.399999999999999467 ) ;
#1597 = DIRECTION ( 'NONE',  ( 0.000000000000000000, 0.000000000000000000, 1.000000000000000000 ) ) ;
#1598 = VECTOR ( 'NONE', #251, 1000.000000000000000 ) ;
#1599 = ORIENTED_EDGE ( 'NONE', *, *, #1033, .T. ) ;
#1600 = CARTESIAN_POINT ( 'NONE',  ( -4.918221866909062712, 8.816027736361816025, 40.12322529920486858 ) ) ;
#1601 = ORIENTED_EDGE ( 'NONE', *, *, #5100, .F. ) ;
#1602 = DIRECTION ( 'NONE',  ( -0.000000000000000000, 1.000000000000000000, -0.000000000000000000 ) ) ;
#1603 = ADVANCED_FACE ( 'NONE', ( #5675 ), #5759, .F. ) ;
#1604 = EDGE_CURVE ( 'NONE', #4913, #6759, #565, .T. ) ;
#1605 = ORIENTED_EDGE ( 'NONE', *, *, #7582, .T. ) ;
#1606 = DIRECTION ( 'NONE',  ( 4.625929269271485914E-16, -0.000000000000000000, -1.000000000000000000 ) ) ;
#1607 = CIRCLE ( 'NONE', #6402, 1.399999999999998579 ) ;
#1608 = CARTESIAN_POINT ( 'NONE',  ( 16.86675776276503669, 4.000000000000000000, 0.000000000000000000 ) ) ;
#1609 = ADVANCED_FACE ( 'NONE', ( #3707 ), #5805, .T. ) ;
#1610 = LINE ( 'NONE', #4009, #3062 ) ;
#1611 = CARTESIAN_POINT ( 'NONE',  ( 0.9386097560229230696, 4.000000000000000000, 26.48005692213685691 ) ) ;
#1612 =( BOUNDED_CURVE ( )  B_SPLINE_CURVE ( 3, ( #435, #3073, #5678, #8345 ),
 .UNSPECIFIED., .F., .F. ) 
 B_SPLINE_CURVE_WITH_KNOTS ( ( 4, 4 ),
 ( 0.000000000000000000, 1.570796326794896780 ),
 .UNSPECIFIED. ) 
 CURVE ( )  GEOMETRIC_REPRESENTATION_ITEM ( )  RATIONAL_B_SPLINE_CURVE ( ( 1.000000000000000000, 0.8047378541243649375, 0.8047378541243649375, 1.000000000000000000 ) ) 
 REPRESENTATION_ITEM ( '' )  );
#1613 = DIRECTION ( 'NONE',  ( 1.000000000000000000, 0.000000000000000000, 4.625929269271483942E-16 ) ) ;
#1614 = ORIENTED_EDGE ( 'NONE', *, *, #1655, .F. ) ;
#1615 = FACE_OUTER_BOUND ( 'NONE', #2037, .T. ) ;
#1616 = LINE ( 'NONE', #1662, #4887 ) ;
#1617 = ADVANCED_FACE ( 'NONE', ( #1819 ), #527, .F. ) ;
#1618 = VERTEX_POINT ( 'NONE', #5122 ) ;
#1619 = CARTESIAN_POINT ( 'NONE',  ( 16.86675776276503669, 4.500000000000000000, 0.000000000000000000 ) ) ;
#1620 = ORIENTED_EDGE ( 'NONE', *, *, #683, .T. ) ;
#1621 = EDGE_LOOP ( 'NONE', ( #303, #1541, #2237, #7969 ) ) ;
#1622 = LINE ( 'NONE', #3544, #7779 ) ;
#1623 = LINE ( 'NONE', #8097, #7900 ) ;
#1624 = LINE ( 'NONE', #4230, #4411 ) ;
#1625 = CARTESIAN_POINT ( 'NONE',  ( -38.06139024397707260, 3.941525029986322703, 80.90820492887897331 ) ) ;
#1626 = CARTESIAN_POINT ( 'NONE',  ( 20.43860975602292385, 4.000000000000000000, 100.4082049288789591 ) ) ;
#1627 = EDGE_CURVE ( 'NONE', #4681, #7561, #2558, .T. ) ;
#1628 = ORIENTED_EDGE ( 'NONE', *, *, #5857, .T. ) ;
#1629 = CARTESIAN_POINT ( 'NONE',  ( -2.926135456048415850, 4.500000000000000888, 65.27295014095030012 ) ) ;
#1630 = ORIENTED_EDGE ( 'NONE', *, *, #8307, .F. ) ;
#1631 = DIRECTION ( 'NONE',  ( 0.000000000000000000, -0.000000000000000000, -1.000000000000000000 ) ) ;
#1632 = DIRECTION ( 'NONE',  ( -2.312964634635742957E-16, 0.000000000000000000, 1.000000000000000000 ) ) ;
#1633 = DIRECTION ( 'NONE',  ( 0.000000000000000000, 1.000000000000000000, -0.000000000000000000 ) ) ;
#1634 = DIRECTION ( 'NONE',  ( -0.3420201433256694901, -0.9396926207859082059, 0.000000000000000000 ) ) ;
#1635 = CARTESIAN_POINT ( 'NONE',  ( -18.59154393358413060, 3.828989928337164006, 45.94990323252980602 ) ) ;
#1636 = CARTESIAN_POINT ( 'NONE',  ( 0.9084560664158866095, 3.828989928337163118, 84.94990323252980602 ) ) ;
#1637 = LINE ( 'NONE', #3602, #905 ) ;
#1638 = VERTEX_POINT ( 'NONE', #6984 ) ;
#1639 = EDGE_LOOP ( 'NONE', ( #7622, #3029, #7074, #5730 ) ) ;
#1640 =( BOUNDED_CURVE ( )  B_SPLINE_CURVE ( 3, ( #735, #7190, #3288, #5900 ),
 .UNSPECIFIED., .F., .F. ) 
 B_SPLINE_CURVE_WITH_KNOTS ( ( 4, 4 ),
 ( 5.934119456780720725, 6.283185307179586232 ),
 .UNSPECIFIED. ) 
 CURVE ( )  GEOMETRIC_REPRESENTATION_ITEM ( )  RATIONAL_B_SPLINE_CURVE ( ( 1.000000000000000000, 0.9898718353414720506, 0.9898718353414720506, 1.000000000000000000 ) ) 
 REPRESENTATION_ITEM ( '' )  );
#1641 = VERTEX_POINT ( 'NONE', #5167 ) ;
#1642 = LINE ( 'NONE', #7814, #5278 ) ;
#1643 = CARTESIAN_POINT ( 'NONE',  ( 20.65268375939398027, 4.500000000000000000, 100.1941309255079062 ) ) ;
#1644 = CARTESIAN_POINT ( 'NONE',  ( -38.56139024397707971, 4.500000000000000000, 0.000000000000000000 ) ) ;
#1645 = EDGE_CURVE ( 'NONE', #1389, #1335, #2661, .T. ) ;
#1646 = ORIENTED_EDGE ( 'NONE', *, *, #695, .F. ) ;
#1647 = DIRECTION ( 'NONE',  ( 1.000000000000000000, -0.000000000000000000, 0.000000000000000000 ) ) ;
#1648 = VERTEX_POINT ( 'NONE', #431 ) ;
#1649 = FACE_OUTER_BOUND ( 'NONE', #4121, .T. ) ;
#1650 = ORIENTED_EDGE ( 'NONE', *, *, #8470, .F. ) ;
#1651 = CARTESIAN_POINT ( 'NONE',  ( 0.4386097560229207382, 4.500000000000000000, 100.9082049288789733 ) ) ;
#1652 = DIRECTION ( 'NONE',  ( -0.3236155771181852825, 0.8891264907159880382, 0.3236155771181852825 ) ) ;
#1653 = VERTEX_POINT ( 'NONE', #4995 ) ;
#1654 = EDGE_CURVE ( 'NONE', #8305, #5424, #297, .T. ) ;
#1655 = EDGE_CURVE ( 'NONE', #1106, #7949, #2426, .T. ) ;
#1656 = ADVANCED_FACE ( 'NONE', ( #1871 ), #479, .T. ) ;
#1657 = LINE ( 'NONE', #7732, #4953 ) ;
#1658 = CARTESIAN_POINT ( 'NONE',  ( 19.93860975602292385, 4.500000000000000000, 22.90820492887897686 ) ) ;
#1659 = ORIENTED_EDGE ( 'NONE', *, *, #1868, .T. ) ;
#1660 = EDGE_CURVE ( 'NONE', #4179, #3391, #6458, .T. ) ;
#1661 = LINE ( 'NONE', #2257, #7336 ) ;
#1662 = CARTESIAN_POINT ( 'NONE',  ( 16.86675776276503669, 4.500000000000000000, 0.000000000000000000 ) ) ;
#1663 = VERTEX_POINT ( 'NONE', #2849 ) ;
#1664 = CARTESIAN_POINT ( 'NONE',  ( 0.000000000000000000, 4.000000000000000000, 64.98005692213685336 ) ) ;
#1665 = ORIENTED_EDGE ( 'NONE', *, *, #7126, .T. ) ;
#1666 = ORIENTED_EDGE ( 'NONE', *, *, #6979, .F. ) ;
#1667 = ADVANCED_FACE ( 'NONE', ( #4802 ), #7666, .F. ) ;
#1668 = CARTESIAN_POINT ( 'NONE',  ( -22.13324223723495621, 4.500000000000000000, 84.48005692213685336 ) ) ;
#1669 = DIRECTION ( 'NONE',  ( 0.000000000000000000, 0.000000000000000000, -1.000000000000000000 ) ) ;
#1670 = FACE_OUTER_BOUND ( 'NONE', #5826, .T. ) ;
#1671 = EDGE_CURVE ( 'NONE', #1204, #4661, #1834, .T. ) ;
#1672 = CARTESIAN_POINT ( 'NONE',  ( 0.4386097560229211823, 4.500000000000000000, 22.90820492887897686 ) ) ;
#1673 = ORIENTED_EDGE ( 'NONE', *, *, #838, .F. ) ;
#1674 = DIRECTION ( 'NONE',  ( 1.156482317317871478E-16, -0.000000000000000000, -1.000000000000000000 ) ) ;
#1675 = CARTESIAN_POINT ( 'NONE',  ( -3.133242237234963756, 4.292893218813452094, 65.48005692213685336 ) ) ;
#1676 = EDGE_LOOP ( 'NONE', ( #3526, #365, #4507, #8093 ) ) ;
#1677 = EDGE_CURVE ( 'NONE', #4288, #7620, #7616, .T. ) ;
#1678 = DIRECTION ( 'NONE',  ( 0.000000000000000000, 0.9396926207859082059, 0.3420201433256694901 ) ) ;
#1679 = LINE ( 'NONE', #5522, #149 ) ;
#1680 = CARTESIAN_POINT ( 'NONE',  ( 1.152683759393980711, 4.500000000000000000, 26.69413092550791688 ) ) ;
#1681 = AXIS2_PLACEMENT_3D ( 'NONE', #6007, #1455, #2786 ) ;
#1682 = DIRECTION ( 'NONE',  ( 0.9396926207859082059, 0.3420201433256694901, 1.086737899652991001E-16 ) ) ;
#1683 = ORIENTED_EDGE ( 'NONE', *, *, #7052, .T. ) ;
#1684 = EDGE_LOOP ( 'NONE', ( #1870, #4247, #3903, #6615 ) ) ;
#1685 = DIRECTION ( 'NONE',  ( 1.000000000000000000, -0.000000000000000000, -4.625929269271484928E-16 ) ) ;
#1686 = VECTOR ( 'NONE', #320, 1000.000000000000000 ) ;
#1687 = FACE_OUTER_BOUND ( 'NONE', #7258, .T. ) ;
#1688 =( BOUNDED_CURVE ( )  B_SPLINE_CURVE ( 3, ( #3575, #4766, #2209, #8005 ),
 .UNSPECIFIED., .F., .F. ) 
 B_SPLINE_CURVE_WITH_KNOTS ( ( 4, 4 ),
 ( 1.570796326794896780, 3.141592653589793116 ),
 .UNSPECIFIED. ) 
 CURVE ( )  GEOMETRIC_REPRESENTATION_ITEM ( )  RATIONAL_B_SPLINE_CURVE ( ( 1.000000000000000000, 0.8047378541243650485, 0.8047378541243650485, 1.000000000000000000 ) ) 
 REPRESENTATION_ITEM ( '' )  );
#1689 = ORIENTED_EDGE ( 'NONE', *, *, #7552, .T. ) ;
#1690 = LINE ( 'NONE', #6283, #8416 ) ;
#1691 = VERTEX_POINT ( 'NONE', #7046 ) ;
#1692 = LINE ( 'NONE', #388, #609 ) ;
#1693 = ORIENTED_EDGE ( 'NONE', *, *, #1677, .T. ) ;
#1694 = CARTESIAN_POINT ( 'NONE',  ( -3.133242237234964644, 4.292893218813449430, 80.90820492887897331 ) ) ;
#1695 = DIRECTION ( 'NONE',  ( 0.000000000000000000, -1.000000000000000000, 0.000000000000000000 ) ) ;
#1696 = DIRECTION ( 'NONE',  ( 1.000000000000000000, -0.000000000000000000, -4.625929269271483942E-16 ) ) ;
#1697 = CYLINDRICAL_SURFACE ( 'NONE', #3619, 0.5000000000000004441 ) ;
#1698 = ORIENTED_EDGE ( 'NONE', *, *, #85, .F. ) ;
#1699 = DIRECTION ( 'NONE',  ( -1.000000000000000000, 0.000000000000000000, 0.000000000000000000 ) ) ;
#1700 = ORIENTED_EDGE ( 'NONE', *, *, #4780, .F. ) ;
#1701 = CARTESIAN_POINT ( 'NONE',  ( 17.79054981359189469, 0.000000000000000000, 100.1941309255079204 ) ) ;
#1702 = ORIENTED_EDGE ( 'NONE', *, *, #972, .T. ) ;
#1703 = EDGE_CURVE ( 'NONE', #3649, #5892, #3664, .T. ) ;
#1704 = EDGE_CURVE ( 'NONE', #8288, #8189, #5751, .T. ) ;
#1705 = AXIS2_PLACEMENT_3D ( 'NONE', #1643, #989, #8244 ) ;
#1706 = FACE_BOUND ( 'NONE', #7248, .T. ) ;
#1707 = CARTESIAN_POINT ( 'NONE',  ( 20.43860975602290964, 4.000000000000000000, 41.90820492887897331 ) ) ;
#1708 = CYLINDRICAL_SURFACE ( 'NONE', #216, 1.399999999999998579 ) ;
#1709 = VECTOR ( 'NONE', #2539, 1000.000000000000000 ) ;
#1710 = DIRECTION ( 'NONE',  ( -1.000000000000000000, 0.000000000000000000, 0.000000000000000000 ) ) ;
#1711 = VERTEX_POINT ( 'NONE', #1049 ) ;
#1712 = DIRECTION ( 'NONE',  ( 0.000000000000000000, 0.000000000000000000, -1.000000000000000000 ) ) ;
#1713 = CARTESIAN_POINT ( 'NONE',  ( 35.89691145237208758, 3.828989928337165338, 26.44990323252981668 ) ) ;
#1714 = VECTOR ( 'NONE', #445, 1000.000000000000000 ) ;
#1715 = ORIENTED_EDGE ( 'NONE', *, *, #6673, .F. ) ;
#1716 = EDGE_CURVE ( 'NONE', #2117, #4408, #5110, .T. ) ;
#1717 = VECTOR ( 'NONE', #2317, 1000.000000000000114 ) ;
#1718 = EDGE_CURVE ( 'NONE', #4278, #8196, #3531, .T. ) ;
#1719 = DIRECTION ( 'NONE',  ( 0.000000000000000000, 0.000000000000000000, -1.000000000000000000 ) ) ;
#1720 = CARTESIAN_POINT ( 'NONE',  ( 0.000000000000000000, 4.500000000000000000, 84.48005692213685336 ) ) ;
#1721 = VECTOR ( 'NONE', #8013, 1000.000000000000114 ) ;
#1722 = LINE ( 'NONE', #8360, #7769 ) ;
#1723 = DIRECTION ( 'NONE',  ( 1.000000000000000000, -0.000000000000000000, 4.625929269271484928E-16 ) ) ;
#1724 = ORIENTED_EDGE ( 'NONE', *, *, #1558, .F. ) ;
#1725 = EDGE_LOOP ( 'NONE', ( #835, #3973, #5398, #4866 ) ) ;
#1726 = EDGE_CURVE ( 'NONE', #7395, #2053, #459, .T. ) ;
#1727 = CYLINDRICAL_SURFACE ( 'NONE', #3115, 0.5000000000000004441 ) ;
#1728 = AXIS2_PLACEMENT_3D ( 'NONE', #3005, #6742, #1537 ) ;
#1729 = VECTOR ( 'NONE', #6524, 1000.000000000000000 ) ;
#1730 = ORIENTED_EDGE ( 'NONE', *, *, #2964, .T. ) ;
#1731 = CARTESIAN_POINT ( 'NONE',  ( 35.86675776276504735, 4.000000000000000000, 0.000000000000000000 ) ) ;
#1732 = VECTOR ( 'NONE', #5632, 1000.000000000000000 ) ;
#1733 = ORIENTED_EDGE ( 'NONE', *, *, #908, .T. ) ;
#1734 = CARTESIAN_POINT ( 'NONE',  ( -22.63324223723496331, 4.000000000000000000, 26.48005692213685691 ) ) ;
#1735 = AXIS2_PLACEMENT_3D ( 'NONE', #5342, #1396, #4014 ) ;
#1736 = VERTEX_POINT ( 'NONE', #5665 ) ;
#1737 = CARTESIAN_POINT ( 'NONE',  ( 16.86675776276503669, 4.500000000000000000, 42.40820492887896620 ) ) ;
#1738 = CARTESIAN_POINT ( 'NONE',  ( -2.633242237234965089, 4.500000000000000000, 81.40820492887897331 ) ) ;
#1739 = LINE ( 'NONE', #4348, #5973 ) ;
#1740 = AXIS2_PLACEMENT_3D ( 'NONE', #7568, #1682, #6743 ) ;
#1741 = CARTESIAN_POINT ( 'NONE',  ( -3.133242237234963756, 4.000000000000000000, 65.48005692213685336 ) ) ;
#1742 =( BOUNDED_CURVE ( )  B_SPLINE_CURVE ( 3, ( #301, #4036, #5447, #7956 ),
 .UNSPECIFIED., .F., .F. ) 
 B_SPLINE_CURVE_WITH_KNOTS ( ( 4, 4 ),
 ( 1.570796326794896558, 3.141592653589793116 ),
 .UNSPECIFIED. ) 
 CURVE ( )  GEOMETRIC_REPRESENTATION_ITEM ( )  RATIONAL_B_SPLINE_CURVE ( ( 1.000000000000000000, 0.8047378541243649375, 0.8047378541243649375, 1.000000000000000000 ) ) 
 REPRESENTATION_ITEM ( '' )  );
#1743 = FACE_OUTER_BOUND ( 'NONE', #2297, .T. ) ;
#1744 = EDGE_LOOP ( 'NONE', ( #5371, #4598, #7039, #805 ) ) ;
#1745 = DIRECTION ( 'NONE',  ( -1.000000000000000000, 0.000000000000000000, -0.000000000000000000 ) ) ;
#1746 = ORIENTED_EDGE ( 'NONE', *, *, #2034, .F. ) ;
#1747 = ORIENTED_EDGE ( 'NONE', *, *, #3417, .F. ) ;
#1748 = CYLINDRICAL_SURFACE ( 'NONE', #480, 0.5000000000000004441 ) ;
#1749 = CARTESIAN_POINT ( 'NONE',  ( 20.43860975602292029, 4.000000000000000000, 22.40820492887897331 ) ) ;
#1750 = EDGE_CURVE ( 'NONE', #4996, #945, #6724, .T. ) ;
#1751 = CYLINDRICAL_SURFACE ( 'NONE', #1155, 0.5000000000000004441 ) ;
#1752 = VERTEX_POINT ( 'NONE', #4346 ) ;
#1753 = ORIENTED_EDGE ( 'NONE', *, *, #6854, .F. ) ;
#1754 = FACE_OUTER_BOUND ( 'NONE', #6148, .T. ) ;
#1755 = DIRECTION ( 'NONE',  ( 0.000000000000000000, 0.000000000000000000, 1.000000000000000000 ) ) ;
#1756 = CARTESIAN_POINT ( 'NONE',  ( -51.09731624060602684, 0.000000000000000000, -38.30586907449209377 ) ) ;
#1757 = ADVANCED_FACE ( 'NONE', ( #7096 ), #7009, .T. ) ;
#1758 = EDGE_CURVE ( 'NONE', #6976, #3026, #7930, .T. ) ;
#1759 = DIRECTION ( 'NONE',  ( -1.156482317317870985E-16, 0.000000000000000000, 1.000000000000000000 ) ) ;
#1760 = ORIENTED_EDGE ( 'NONE', *, *, #7654, .F. ) ;
#1761 = VERTEX_POINT ( 'NONE', #6267 ) ;
#1762 = ADVANCED_FACE ( 'NONE', ( #3681 ), #4362, .T. ) ;
#1763 = DIRECTION ( 'NONE',  ( -0.000000000000000000, -1.000000000000000000, -0.000000000000000000 ) ) ;
#1764 = CARTESIAN_POINT ( 'NONE',  ( 0.000000000000000000, 4.000000000000000000, 80.90820492887897331 ) ) ;
#1765 = FACE_OUTER_BOUND ( 'NONE', #3592, .T. ) ;
#1766 = EDGE_CURVE ( 'NONE', #4054, #6966, #6219, .T. ) ;
#1767 = VERTEX_POINT ( 'NONE', #3640 ) ;
#1768 = CARTESIAN_POINT ( 'NONE',  ( -18.56139024397707971, 4.000000000000000000, 84.98005692213685336 ) ) ;
#1769 = ORIENTED_EDGE ( 'NONE', *, *, #7161, .F. ) ;
#1770 = EDGE_CURVE ( 'NONE', #3290, #6651, #6341, .T. ) ;
#1771 = PLANE ( 'NONE',  #5818 ) ;
#1772 = ORIENTED_EDGE ( 'NONE', *, *, #3337, .T. ) ;
#1773 = CARTESIAN_POINT ( 'NONE',  ( 0.7315029748363734985, 4.500000000000000888, 81.11531171006551233 ) ) ;
#1774 = CARTESIAN_POINT ( 'NONE',  ( 0.9386097560229229586, 4.292893218813452094, 6.980056922136860464 ) ) ;
#1775 = FACE_OUTER_BOUND ( 'NONE', #1799, .T. ) ;
#1776 = DIRECTION ( 'NONE',  ( 0.000000000000000000, 0.9396926207859082059, 0.3420201433256694901 ) ) ;
#1777 = ADVANCED_FACE ( 'NONE', ( #2319 ), #4823, .T. ) ;
#1778 = LINE ( 'NONE', #4386, #3474 ) ;
#1779 = VERTEX_POINT ( 'NONE', #7600 ) ;
#1780 = LINE ( 'NONE', #4352, #4859 ) ;
#1781 = ORIENTED_EDGE ( 'NONE', *, *, #6629, .F. ) ;
#1782 = DIRECTION ( 'NONE',  ( -0.9396926207859082059, 0.3420201433256694901, -4.346951598611964005E-16 ) ) ;
#1783 = EDGE_LOOP ( 'NONE', ( #3468, #4737, #512, #6200 ) ) ;
#1784 =( BOUNDED_CURVE ( )  B_SPLINE_CURVE ( 3, ( #2189, #2831, #327, #6734 ),
 .UNSPECIFIED., .F., .F. ) 
 B_SPLINE_CURVE_WITH_KNOTS ( ( 4, 4 ),
 ( 2.792526803190925389, 3.141592653589793116 ),
 .UNSPECIFIED. ) 
 CURVE ( )  GEOMETRIC_REPRESENTATION_ITEM ( )  RATIONAL_B_SPLINE_CURVE ( ( 1.000000000000000000, 0.9898718353414719395, 0.9898718353414719395, 1.000000000000000000 ) ) 
 REPRESENTATION_ITEM ( '' )  );
#1785 = LINE ( 'NONE', #1875, #2383 ) ;
#1786 = CARTESIAN_POINT ( 'NONE',  ( 19.93860975602293806, 4.000000000000000000, 9.223459845896851451E-15 ) ) ;
#1787 = DIRECTION ( 'NONE',  ( 1.000000000000000000, -0.000000000000000000, -0.000000000000000000 ) ) ;
#1788 = DIRECTION ( 'NONE',  ( 2.379584353717864084E-16, 0.000000000000000000, -1.000000000000000000 ) ) ;
#1789 = DIRECTION ( 'NONE',  ( -4.625929269271485914E-16, 0.000000000000000000, 1.000000000000000000 ) ) ;
#1790 = DIRECTION ( 'NONE',  ( -1.000000000000000000, 0.000000000000000000, -0.000000000000000000 ) ) ;
#1791 = ORIENTED_EDGE ( 'NONE', *, *, #4342, .F. ) ;
#1792 = ORIENTED_EDGE ( 'NONE', *, *, #2433, .F. ) ;
#1793 = DIRECTION ( 'NONE',  ( -0.000000000000000000, -1.000000000000000000, -0.000000000000000000 ) ) ;
#1794 = LINE ( 'NONE', #5694, #2703 ) ;
#1795 = CYLINDRICAL_SURFACE ( 'NONE', #2635, 0.5000000000000004441 ) ;
#1796 = LINE ( 'NONE', #4404, #5282 ) ;
#1797 = CYLINDRICAL_SURFACE ( 'NONE', #7085, 0.5000000000000004441 ) ;
#1798 = VERTEX_POINT ( 'NONE', #1713 ) ;
#1799 = EDGE_LOOP ( 'NONE', ( #7586, #7306 ) ) ;
#1800 = EDGE_LOOP ( 'NONE', ( #4824, #1926, #7599, #8082 ) ) ;
#1801 = ADVANCED_FACE ( 'NONE', ( #3929, #7075, #589, #7982, #5436, #4785, #4879, #1581, #3595, #4747, #4144, #245, #799, #6179, #153, #980, #6222, #4194, #7388, #8198, #1532, #8028, #4104, #4825, #6872 ), #3556, .T. ) ;
#1802 = EDGE_CURVE ( 'NONE', #3490, #5027, #2228, .T. ) ;
#1803 = EDGE_CURVE ( 'NONE', #2715, #8130, #7614, .T. ) ;
#1804 = ORIENTED_EDGE ( 'NONE', *, *, #6713, .T. ) ;
#1805 = DIRECTION ( 'NONE',  ( -0.000000000000000000, 0.000000000000000000, 1.000000000000000000 ) ) ;
#1806 = VERTEX_POINT ( 'NONE', #2322 ) ;
#1807 = VECTOR ( 'NONE', #6741, 1000.000000000000227 ) ;
#1808 = ORIENTED_EDGE ( 'NONE', *, *, #5315, .F. ) ;
#1809 = VERTEX_POINT ( 'NONE', #8149 ) ;
#1810 = DIRECTION ( 'NONE',  ( 0.000000000000000000, 0.000000000000000000, -1.000000000000000000 ) ) ;
#1811 = PLANE ( 'NONE',  #8421 ) ;
#1812 = ADVANCED_FACE ( 'NONE', ( #5388 ), #328, .T. ) ;
#1813 = EDGE_CURVE ( 'NONE', #444, #6403, #7976, .T. ) ;
#1814 = VECTOR ( 'NONE', #3502, 1000.000000000000114 ) ;
#1815 = DIRECTION ( 'NONE',  ( 1.000000000000000000, 0.000000000000000000, 2.312964634635747887E-16 ) ) ;
#1816 = ORIENTED_EDGE ( 'NONE', *, *, #3990, .F. ) ;
#1817 = DIRECTION ( 'NONE',  ( 0.000000000000000000, -0.000000000000000000, -1.000000000000000000 ) ) ;
#1818 = ORIENTED_EDGE ( 'NONE', *, *, #427, .T. ) ;
#1819 = FACE_OUTER_BOUND ( 'NONE', #7992, .T. ) ;
#1820 = CARTESIAN_POINT ( 'NONE',  ( -37.84731624060601263, 4.500000000000000000, 85.19413092550790623 ) ) ;
#1821 = CARTESIAN_POINT ( 'NONE',  ( -18.34731624060602684, 3.828989928337163562, 45.94990323252980602 ) ) ;
#1822 = ORIENTED_EDGE ( 'NONE', *, *, #3688, .F. ) ;
#1823 = VECTOR ( 'NONE', #3961, 1000.000000000000000 ) ;
#1824 = ADVANCED_FACE ( 'NONE', ( #3508 ), #5474, .T. ) ;
#1825 = LINE ( 'NONE', #6223, #3876 ) ;
#1826 = CARTESIAN_POINT ( 'NONE',  ( -18.56139024397707971, 4.000000000000000000, 100.4082049288789733 ) ) ;
#1827 = CARTESIAN_POINT ( 'NONE',  ( -31.84731624060601618, -7.500000000000000000, -2.730869074492095372 ) ) ;
#1828 = CARTESIAN_POINT ( 'NONE',  ( -18.59154393358413060, 3.828989928337164450, 61.43835861848602065 ) ) ;
#1829 = VECTOR ( 'NONE', #878, 1000.000000000000000 ) ;
#1830 = CARTESIAN_POINT ( 'NONE',  ( -22.42613545604841718, 4.500000000000001776, 42.11531171006551233 ) ) ;
#1831 = FACE_OUTER_BOUND ( 'NONE', #6208, .T. ) ;
#1832 = CYLINDRICAL_SURFACE ( 'NONE', #8156, 0.5000000000000004441 ) ;
#1833 = ORIENTED_EDGE ( 'NONE', *, *, #8101, .F. ) ;
#1834 =( BOUNDED_CURVE ( )  B_SPLINE_CURVE ( 3, ( #6408, #6321, #3698, #2416 ),
 .UNSPECIFIED., .F., .F. ) 
 B_SPLINE_CURVE_WITH_KNOTS ( ( 4, 4 ),
 ( 1.570796326794896558, 3.141592653589793116 ),
 .UNSPECIFIED. ) 
 CURVE ( )  GEOMETRIC_REPRESENTATION_ITEM ( )  RATIONAL_B_SPLINE_CURVE ( ( 1.000000000000000000, 0.8047378541243649375, 0.8047378541243649375, 1.000000000000000000 ) ) 
 REPRESENTATION_ITEM ( '' )  );
#1835 = ORIENTED_EDGE ( 'NONE', *, *, #3700, .T. ) ;
#1836 = VECTOR ( 'NONE', #3749, 1000.000000000000000 ) ;
#1837 = DIRECTION ( 'NONE',  ( -2.379584353717864084E-16, 0.000000000000000000, 1.000000000000000000 ) ) ;
#1838 = AXIS2_PLACEMENT_3D ( 'NONE', #3669, #396, #4350 ) ;
#1839 = CARTESIAN_POINT ( 'NONE',  ( 43.90268375939398027, 4.500000000000000000, -7.615901617580645118E-15 ) ) ;
#1840 = CARTESIAN_POINT ( 'NONE',  ( 0.000000000000000000, 4.000000000000000000, 84.48005692213685336 ) ) ;
#1841 = CARTESIAN_POINT ( 'NONE',  ( -38.56139024397706550, 4.000000000000000000, -1.783822637934134238E-14 ) ) ;
#1842 = DIRECTION ( 'NONE',  ( -1.000000000000000000, 0.000000000000000000, -0.000000000000000000 ) ) ;
#1843 = ORIENTED_EDGE ( 'NONE', *, *, #4170, .F. ) ;
#1844 = AXIS2_PLACEMENT_3D ( 'NONE', #947, #4207, #8081 ) ;
#1845 = ORIENTED_EDGE ( 'NONE', *, *, #2772, .T. ) ;
#1846 = CARTESIAN_POINT ( 'NONE',  ( 43.90268375939400158, 4.500000000000000000, 104.6941309255078920 ) ) ;
#1847 = CARTESIAN_POINT ( 'NONE',  ( 0.9284556840409193823, 3.883938426159695645, 6.969902850154856111 ) ) ;
#1848 = LINE ( 'NONE', #1197, #1877 ) ;
#1849 = AXIS2_PLACEMENT_3D ( 'NONE', #611, #1782, #3240 ) ;
#1850 = CARTESIAN_POINT ( 'NONE',  ( 16.86675776276504024, 4.500000000000000000, 84.48005692213685336 ) ) ;
#1851 = AXIS2_PLACEMENT_3D ( 'NONE', #492, #1789, #1218 ) ;
#1852 = ORIENTED_EDGE ( 'NONE', *, *, #742, .F. ) ;
#1853 = CARTESIAN_POINT ( 'NONE',  ( 0.000000000000000000, 4.000000000000000000, 65.48005692213685336 ) ) ;
#1854 = EDGE_CURVE ( 'NONE', #4408, #4114, #6040, .T. ) ;
#1855 = EDGE_CURVE ( 'NONE', #8504, #3581, #2144, .T. ) ;
#1856 = VERTEX_POINT ( 'NONE', #1493 ) ;
#1857 = VERTEX_POINT ( 'NONE', #837 ) ;
#1858 = ORIENTED_EDGE ( 'NONE', *, *, #8327, .T. ) ;
#1859 = CARTESIAN_POINT ( 'NONE',  ( 55.40268375939399448, 4.500000000000000000, -2.552254569946283358E-14 ) ) ;
#1860 = AXIS2_PLACEMENT_3D ( 'NONE', #3831, #6456, #7587 ) ;
#1861 = DIRECTION ( 'NONE',  ( 0.000000000000000000, 0.000000000000000000, -1.000000000000000000 ) ) ;
#1862 =( BOUNDED_CURVE ( )  B_SPLINE_CURVE ( 3, ( #4427, #525, #5757, #8382 ),
 .UNSPECIFIED., .F., .F. ) 
 B_SPLINE_CURVE_WITH_KNOTS ( ( 4, 4 ),
 ( 3.141592653589793116, 4.712388980384689674 ),
 .UNSPECIFIED. ) 
 CURVE ( )  GEOMETRIC_REPRESENTATION_ITEM ( )  RATIONAL_B_SPLINE_CURVE ( ( 1.000000000000000000, 0.8047378541243649375, 0.8047378541243649375, 1.000000000000000000 ) ) 
 REPRESENTATION_ITEM ( '' )  );
#1863 = VECTOR ( 'NONE', #373, 1000.000000000000000 ) ;
#1864 = AXIS2_PLACEMENT_3D ( 'NONE', #2030, #2670, #5925 ) ;
#1865 = DIRECTION ( 'NONE',  ( 0.000000000000000000, 0.9396926207859082059, 0.3420201433256694901 ) ) ;
#1866 = VECTOR ( 'NONE', #3173, 1000.000000000000000 ) ;
#1867 = EDGE_CURVE ( 'NONE', #7531, #3470, #3458, .T. ) ;
#1868 = EDGE_CURVE ( 'NONE', #7736, #3709, #2832, .T. ) ;
#1869 = EDGE_LOOP ( 'NONE', ( #2915, #2881, #3543, #6723 ) ) ;
#1870 = ORIENTED_EDGE ( 'NONE', *, *, #7311, .F. ) ;
#1871 = FACE_OUTER_BOUND ( 'NONE', #235, .T. ) ;
#1872 = FACE_OUTER_BOUND ( 'NONE', #1980, .T. ) ;
#1873 = ADVANCED_FACE ( 'NONE', ( #3040 ), #5170, .F. ) ;
#1874 = VECTOR ( 'NONE', #7460, 1000.000000000000000 ) ;
#1875 = CARTESIAN_POINT ( 'NONE',  ( 1.152683759393990925, 3.828989928337163562, 84.94990323252980602 ) ) ;
#1876 = DIRECTION ( 'NONE',  ( 0.000000000000000000, 0.000000000000000000, -1.000000000000000000 ) ) ;
#1877 = VECTOR ( 'NONE', #7690, 1000.000000000000000 ) ;
#1878 = CARTESIAN_POINT ( 'NONE',  ( -18.56139024397707615, 4.000000000000000000, -4.293183920399187444E-15 ) ) ;
#1879 = EDGE_CURVE ( 'NONE', #3906, #6745, #3129, .T. ) ;
#1880 = FACE_OUTER_BOUND ( 'NONE', #5843, .T. ) ;
#1881 = CARTESIAN_POINT ( 'NONE',  ( -18.57154431595909116, 3.883938426159694313, 61.41835900086096700 ) ) ;
#1882 = LINE ( 'NONE', #1220, #6960 ) ;
#1883 = CARTESIAN_POINT ( 'NONE',  ( 14.58177813309093374, 8.816027736361821354, 98.62322529920487568 ) ) ;
#1884 = ORIENTED_EDGE ( 'NONE', *, *, #1964, .F. ) ;
#1885 = EDGE_LOOP ( 'NONE', ( #662, #3606, #8381, #6469 ) ) ;
#1886 = VECTOR ( 'NONE', #473, 1000.000000000000000 ) ;
#1887 = DIRECTION ( 'NONE',  ( -1.000000000000000000, 0.000000000000000000, 0.000000000000000000 ) ) ;
#1888 = CARTESIAN_POINT ( 'NONE',  ( -51.09731624060602684, 4.500000000000000000, -38.30586907449209377 ) ) ;
#1889 = CARTESIAN_POINT ( 'NONE',  ( -38.06139024397706550, 3.941525029986321815, 6.980056922136858688 ) ) ;
#1890 = LINE ( 'NONE', #7651, #3112 ) ;
#1891 = VERTEX_POINT ( 'NONE', #3880 ) ;
#1892 = CARTESIAN_POINT ( 'NONE',  ( -39.34731624060601263, -7.500000000000000000, 100.5441309255079005 ) ) ;
#1893 = DIRECTION ( 'NONE',  ( -1.000000000000000000, 0.000000000000000000, 0.000000000000000000 ) ) ;
#1894 = CARTESIAN_POINT ( 'NONE',  ( 20.65268375939397316, 4.500000000000000000, 61.19413092550791333 ) ) ;
#1895 = EDGE_LOOP ( 'NONE', ( #2027, #6031, #1730, #727 ) ) ;
#1896 = LINE ( 'NONE', #4498, #329 ) ;
#1897 = ORIENTED_EDGE ( 'NONE', *, *, #6054, .F. ) ;
#1898 = ORIENTED_EDGE ( 'NONE', *, *, #5009, .T. ) ;
#1899 = ORIENTED_EDGE ( 'NONE', *, *, #919, .T. ) ;
#1900 = LINE ( 'NONE', #7742, #5667 ) ;
#1901 = CARTESIAN_POINT ( 'NONE',  ( 36.36675776276504735, 4.500000000000000000, 0.000000000000000000 ) ) ;
#1902 = ORIENTED_EDGE ( 'NONE', *, *, #1370, .F. ) ;
#1903 = DIRECTION ( 'NONE',  ( -1.156482317317871478E-16, 0.000000000000000000, 1.000000000000000000 ) ) ;
#1904 = ORIENTED_EDGE ( 'NONE', *, *, #5124, .F. ) ;
#1905 = DIRECTION ( 'NONE',  ( -0.3236155771181852825, 0.8891264907159880382, 0.3236155771181852825 ) ) ;
#1906 = DIRECTION ( 'NONE',  ( 0.000000000000000000, 0.000000000000000000, 1.000000000000000000 ) ) ;
#1907 = EDGE_CURVE ( 'NONE', #4733, #769, #576, .T. ) ;
#1908 = CARTESIAN_POINT ( 'NONE',  ( -18.56139024397708681, 4.000000000000000000, 61.40820492887896620 ) ) ;
#1909 = EDGE_CURVE ( 'NONE', #397, #3709, #5060, .T. ) ;
#1910 = EDGE_CURVE ( 'NONE', #6732, #214, #5013, .T. ) ;
#1911 = DIRECTION ( 'NONE',  ( 1.000000000000000000, 0.000000000000000000, 1.156482317317871725E-16 ) ) ;
#1912 = EDGE_CURVE ( 'NONE', #7530, #7736, #1257, .T. ) ;
#1913 = CYLINDRICAL_SURFACE ( 'NONE', #1397, 0.5000000000000004441 ) ;
#1914 = DIRECTION ( 'NONE',  ( -0.000000000000000000, -0.000000000000000000, -1.000000000000000000 ) ) ;
#1915 = DIRECTION ( 'NONE',  ( 1.000000000000000000, -0.000000000000000000, 0.000000000000000000 ) ) ;
#1916 = CARTESIAN_POINT ( 'NONE',  ( 20.65268375939398027, 0.000000000000000000, 101.8319969797058206 ) ) ;
#1917 = ORIENTED_EDGE ( 'NONE', *, *, #1930, .T. ) ;
#1918 = ORIENTED_EDGE ( 'NONE', *, *, #7099, .T. ) ;
#1919 = ADVANCED_FACE ( 'NONE', ( #5768 ), #6519, .T. ) ;
#1920 = CARTESIAN_POINT ( 'NONE',  ( 43.90268375939396606, 5.000000000000000000, 1.044701393600772663E-14 ) ) ;
#1921 = CARTESIAN_POINT ( 'NONE',  ( -38.56139024397707971, 4.000000000000000000, 0.000000000000000000 ) ) ;
#1922 = EDGE_CURVE ( 'NONE', #3890, #444, #2435, .T. ) ;
#1923 = DIRECTION ( 'NONE',  ( -0.3420201433256694901, -0.9396926207859082059, 0.000000000000000000 ) ) ;
#1924 = CARTESIAN_POINT ( 'NONE',  ( 0.000000000000000000, 4.000000000000000000, 81.40820492887897331 ) ) ;
#1925 = CARTESIAN_POINT ( 'NONE',  ( -2.863829771885583808E-14, 4.500000000000000000, 61.90820492887897331 ) ) ;
#1926 = ORIENTED_EDGE ( 'NONE', *, *, #7378, .T. ) ;
#1927 = VERTEX_POINT ( 'NONE', #495 ) ;
#1928 = DIRECTION ( 'NONE',  ( -0.000000000000000000, 0.000000000000000000, 1.000000000000000000 ) ) ;
#1929 = CARTESIAN_POINT ( 'NONE',  ( -3.133242237234962868, 4.000000000000000000, 84.98005692213685336 ) ) ;
#1930 = EDGE_CURVE ( 'NONE', #7929, #7696, #5085, .T. ) ;
#1931 = DIRECTION ( 'NONE',  ( 0.3236155771181852825, 0.8891264907159879272, -0.3236155771181852825 ) ) ;
#1932 = LINE ( 'NONE', #1109, #5284 ) ;
#1933 = CYLINDRICAL_SURFACE ( 'NONE', #77, 0.5000000000000004441 ) ;
#1934 = CARTESIAN_POINT ( 'NONE',  ( 16.36675776276503669, 4.000000000000000000, 41.90820492887896620 ) ) ;
#1935 = ORIENTED_EDGE ( 'NONE', *, *, #7895, .T. ) ;
#1936 = CARTESIAN_POINT ( 'NONE',  ( -22.63324223723496331, 4.000000000000000000, 26.48005692213685691 ) ) ;
#1937 = ORIENTED_EDGE ( 'NONE', *, *, #7482, .T. ) ;
#1938 = ORIENTED_EDGE ( 'NONE', *, *, #6170, .F. ) ;
#1939 = ORIENTED_EDGE ( 'NONE', *, *, #4522, .T. ) ;
#1940 = CARTESIAN_POINT ( 'NONE',  ( -22.13324223723495621, 4.000000000000000000, -5.119340654455056422E-15 ) ) ;
#1941 = AXIS2_PLACEMENT_3D ( 'NONE', #4219, #8054, #6764 ) ;
#1942 = ORIENTED_EDGE ( 'NONE', *, *, #7691, .F. ) ;
#1943 = CARTESIAN_POINT ( 'NONE',  ( -2.633242237234962868, 4.000000000000000000, 0.000000000000000000 ) ) ;
#1944 = VERTEX_POINT ( 'NONE', #5729 ) ;
#1945 = CARTESIAN_POINT ( 'NONE',  ( 0.7315029748363753859, 4.500000000000000888, 65.27295014095030012 ) ) ;
#1947 = LINE ( 'NONE', #5986, #2103 ) ;
#1946 = CIRCLE ( 'NONE', #569, 1.399999999999998579 ) ;
#1948 = CARTESIAN_POINT ( 'NONE',  ( -22.84731624060601973, 4.500000000000000000, 61.19413092550791333 ) ) ;
#1949 = DIRECTION ( 'NONE',  ( 1.000000000000000000, 0.000000000000000000, 4.625929269271482956E-16 ) ) ;
#1950 = FACE_OUTER_BOUND ( 'NONE', #7990, .T. ) ;
#1951 =( BOUNDED_CURVE ( )  B_SPLINE_CURVE ( 3, ( #3267, #2099, #8498, #2618 ),
 .UNSPECIFIED., .F., .F. ) 
 B_SPLINE_CURVE_WITH_KNOTS ( ( 4, 4 ),
 ( 1.570796326794896558, 3.141592653589793116 ),
 .UNSPECIFIED. ) 
 CURVE ( )  GEOMETRIC_REPRESENTATION_ITEM ( )  RATIONAL_B_SPLINE_CURVE ( ( 1.000000000000000000, 0.8047378541243649375, 0.8047378541243649375, 1.000000000000000000 ) ) 
 REPRESENTATION_ITEM ( '' )  );
#1952 = DIRECTION ( 'NONE',  ( -4.625929269271485914E-16, 0.000000000000000000, 1.000000000000000000 ) ) ;
#1953 = VECTOR ( 'NONE', #1124, 1000.000000000000000 ) ;
#1954 = ADVANCED_FACE ( 'NONE', ( #8353 ), #1832, .T. ) ;
#1955 = EDGE_CURVE ( 'NONE', #4584, #7750, #1186, .T. ) ;
#1956 = DIRECTION ( 'NONE',  ( -0.3236155771181852825, 0.8891264907159879272, -0.3236155771181851160 ) ) ;
#1957 = ORIENTED_EDGE ( 'NONE', *, *, #4897, .T. ) ;
#1958 = ORIENTED_EDGE ( 'NONE', *, *, #5907, .T. ) ;
#1959 = DIRECTION ( 'NONE',  ( -0.3236155771181852825, 0.8891264907159879272, -0.3236155771181851160 ) ) ;
#1960 = CARTESIAN_POINT ( 'NONE',  ( -37.84731624060601973, 0.000000000000000000, 82.33199697970582065 ) ) ;
#1961 = CARTESIAN_POINT ( 'NONE',  ( -2.633242237234962868, 4.500000000000000000, 100.9082049288789733 ) ) ;
#1962 = CARTESIAN_POINT ( 'NONE',  ( 43.90268375939400158, 0.000000000000000000, 104.6941309255078920 ) ) ;
#1963 = DIRECTION ( 'NONE',  ( -1.000000000000000000, -0.000000000000000000, -4.625929269271483942E-16 ) ) ;
#1964 = EDGE_CURVE ( 'NONE', #1498, #769, #6092, .T. ) ;
#1965 = EDGE_CURVE ( 'NONE', #8121, #2443, #6467, .T. ) ;
#1966 = ORIENTED_EDGE ( 'NONE', *, *, #3885, .F. ) ;
#1967 = VECTOR ( 'NONE', #528, 1000.000000000000000 ) ;
#1968 = ORIENTED_EDGE ( 'NONE', *, *, #3584, .T. ) ;
#1969 = CARTESIAN_POINT ( 'NONE',  ( -49.59731624060601263, 4.500000000000000000, 29.13887441235550568 ) ) ;
#1970 = EDGE_CURVE ( 'NONE', #1752, #7929, #6339, .T. ) ;
#1971 = CARTESIAN_POINT ( 'NONE',  ( -24.41822186690905738, 8.816027736361819578, 86.76503655181096519 ) ) ;
#1972 = CARTESIAN_POINT ( 'NONE',  ( -2.633242237234965089, 4.500000000000000000, 61.90820492887897331 ) ) ;
#1973 = DIRECTION ( 'NONE',  ( 0.000000000000000000, 0.000000000000000000, 1.000000000000000000 ) ) ;
#1974 = DIRECTION ( 'NONE',  ( 0.000000000000000000, 0.000000000000000000, 1.000000000000000000 ) ) ;
#1975 = CARTESIAN_POINT ( 'NONE',  ( 48.90268375939397316, 5.000000000000000000, -5.130869074492089510 ) ) ;
#1976 = ORIENTED_EDGE ( 'NONE', *, *, #58, .F. ) ;
#1977 = DIRECTION ( 'NONE',  ( 4.625929269271485914E-16, -0.000000000000000000, -1.000000000000000000 ) ) ;
#1978 = EDGE_CURVE ( 'NONE', #2454, #3935, #4402, .T. ) ;
#1979 = ORIENTED_EDGE ( 'NONE', *, *, #6954, .F. ) ;
#1980 = EDGE_LOOP ( 'NONE', ( #1328, #6039, #3704, #968 ) ) ;
#1981 = EDGE_LOOP ( 'NONE', ( #741, #38, #1232, #467 ) ) ;
#1982 = DIRECTION ( 'NONE',  ( 1.000000000000000000, 0.000000000000000000, 0.000000000000000000 ) ) ;
#1983 = LINE ( 'NONE', #4590, #8007 ) ;
#1984 = DIRECTION ( 'NONE',  ( 1.000000000000000000, 0.000000000000000000, 2.312964634635747887E-16 ) ) ;
#1985 = VECTOR ( 'NONE', #8144, 1000.000000000000114 ) ;
#1986 = CARTESIAN_POINT ( 'NONE',  ( 35.86675776276504735, 4.292893218813452094, 45.98005692213685336 ) ) ;
#1987 = VECTOR ( 'NONE', #2689, 1000.000000000000000 ) ;
#1988 = ORIENTED_EDGE ( 'NONE', *, *, #2377, .F. ) ;
#1989 = DIRECTION ( 'NONE',  ( 0.000000000000000000, -1.000000000000000000, 0.000000000000000000 ) ) ;
#1990 = AXIS2_PLACEMENT_3D ( 'NONE', #7391, #841, #287 ) ;
#1991 = ORIENTED_EDGE ( 'NONE', *, *, #5476, .F. ) ;
#1992 = CARTESIAN_POINT ( 'NONE',  ( -39.48518229480393416, 0.000000000000000000, 80.69413092550790623 ) ) ;
#1993 = AXIS2_PLACEMENT_3D ( 'NONE', #1284, #2627, #3233 ) ;
#1994 = CARTESIAN_POINT ( 'NONE',  ( -19.06139024397708681, 4.500000000000000000, 61.90820492887896620 ) ) ;
#1995 = AXIS2_PLACEMENT_3D ( 'NONE', #4025, #6008, #6539 ) ;
#1996 = CARTESIAN_POINT ( 'NONE',  ( -38.56139024397707260, 4.500000000000000000, 81.40820492887897331 ) ) ;
#1997 = CARTESIAN_POINT ( 'NONE',  ( 20.40845606641587295, 3.828989928337164450, 80.93835861848602065 ) ) ;
#1998 = DIRECTION ( 'NONE',  ( 1.000000000000000000, -0.000000000000000000, 0.000000000000000000 ) ) ;
#1999 = VECTOR ( 'NONE', #192, 1000.000000000000000 ) ;
#2000 = DIRECTION ( 'NONE',  ( 4.625929269271465206E-16, 0.000000000000000000, -1.000000000000000000 ) ) ;
#2001 = VECTOR ( 'NONE', #3938, 1000.000000000000000 ) ;
#2002 = DIRECTION ( 'NONE',  ( 0.000000000000000000, -1.000000000000000000, 0.000000000000000000 ) ) ;
#2003 = ORIENTED_EDGE ( 'NONE', *, *, #6319, .T. ) ;
#2004 = PRODUCT_DEFINITION_FORMATION_WITH_SPECIFIED_SOURCE ( 'ANY', '', #3716, .NOT_KNOWN. ) ;
#2005 = ORIENTED_EDGE ( 'NONE', *, *, #432, .F. ) ;
#2006 = LINE ( 'NONE', #701, #2695 ) ;
#2008 = CARTESIAN_POINT ( 'NONE',  ( -19.06139024397705839, 4.000000000000000000, -4.408832152130971166E-15 ) ) ;
#2007 = VECTOR ( 'NONE', #6229, 1000.000000000000000 ) ;
#2009 = ADVANCED_FACE ( 'NONE', ( #443 ), #1386, .T. ) ;
#2010 = CYLINDRICAL_SURFACE ( 'NONE', #2688, 3.499999999999999556 ) ;
#2011 =( BOUNDED_CURVE ( )  B_SPLINE_CURVE ( 3, ( #2235, #4201, #7527, #336 ),
 .UNSPECIFIED., .F., .F. ) 
 B_SPLINE_CURVE_WITH_KNOTS ( ( 4, 4 ),
 ( 1.570796326794896780, 3.141592653589793116 ),
 .UNSPECIFIED. ) 
 CURVE ( )  GEOMETRIC_REPRESENTATION_ITEM ( )  RATIONAL_B_SPLINE_CURVE ( ( 1.000000000000000000, 0.8047378541243650485, 0.8047378541243650485, 1.000000000000000000 ) ) 
 REPRESENTATION_ITEM ( '' )  );
#2012 = DIRECTION ( 'NONE',  ( 0.000000000000000000, -1.000000000000000000, 0.000000000000000000 ) ) ;
#2013 = LINE ( 'NONE', #110, #7358 ) ;
#2014 = ORIENTED_EDGE ( 'NONE', *, *, #651, .T. ) ;
#2015 = VECTOR ( 'NONE', #91, 1000.000000000000000 ) ;
#2016 = EDGE_LOOP ( 'NONE', ( #3414, #1958, #7741, #2381 ) ) ;
#2017 = FACE_OUTER_BOUND ( 'NONE', #6678, .T. ) ;
#2018 = CARTESIAN_POINT ( 'NONE',  ( 36.36675776276504735, 4.000000000000000000, 0.000000000000000000 ) ) ;
#2019 = CARTESIAN_POINT ( 'NONE',  ( -3.133242237234966421, 4.000000000000000000, 61.40820492887897331 ) ) ;
#2020 = EDGE_CURVE ( 'NONE', #2295, #4054, #4685, .T. ) ;
#2021 = EDGE_CURVE ( 'NONE', #5716, #2732, #1344, .T. ) ;
#2022 = CARTESIAN_POINT ( 'NONE',  ( -1.709450186408105976, 0.000000000000000000, 101.8319969797058206 ) ) ;
#2023 = CARTESIAN_POINT ( 'NONE',  ( -3.103088547627916416, 3.828989928337162674, 65.44990323252980602 ) ) ;
#2024 = EDGE_CURVE ( 'NONE', #1083, #5710, #6775, .T. ) ;
#2025 = ORIENTED_EDGE ( 'NONE', *, *, #7018, .F. ) ;
#2026 = DIRECTION ( 'NONE',  ( -0.3236155771181852825, 0.8891264907159880382, 0.3236155771181852825 ) ) ;
#2027 = ORIENTED_EDGE ( 'NONE', *, *, #6289, .F. ) ;
#2028 = ORIENTED_EDGE ( 'NONE', *, *, #4271, .F. ) ;
#2029 = EDGE_LOOP ( 'NONE', ( #3863, #2215, #2156, #6880 ) ) ;
#2030 = CARTESIAN_POINT ( 'NONE',  ( 0.000000000000000000, 4.000000000000000000, 25.98005692213686046 ) ) ;
#2031 = CARTESIAN_POINT ( 'NONE',  ( -22.63324223723496331, 4.000000000000000000, 6.980056922136861353 ) ) ;
#2032 = ADVANCED_FACE ( 'NONE', ( #6560 ), #59, .T. ) ;
#2033 = LINE ( 'NONE', #5979, #7511 ) ;
#2034 = EDGE_CURVE ( 'NONE', #6625, #6296, #2542, .T. ) ;
#2035 = LINE ( 'NONE', #1901, #870 ) ;
#2036 = DIRECTION ( 'NONE',  ( 0.3236155771181851160, 0.8891264907159879272, 0.3236155771181852825 ) ) ;
#2037 = EDGE_LOOP ( 'NONE', ( #846, #6317, #5756, #6429 ) ) ;
#2038 = LINE ( 'NONE', #5984, #2111 ) ;
#2039 = CARTESIAN_POINT ( 'NONE',  ( -18.56139024397708681, 4.292893218813452094, 61.40820492887896620 ) ) ;
#2040 = EDGE_CURVE ( 'NONE', #2497, #5531, #6597, .T. ) ;
#2041 = LINE ( 'NONE', #4479, #7206 ) ;
#2042 = CARTESIAN_POINT ( 'NONE',  ( -19.06139024397708681, 4.000000000000000000, 0.000000000000000000 ) ) ;
#2043 = DIRECTION ( 'NONE',  ( -1.000000000000000000, 0.000000000000000000, 0.000000000000000000 ) ) ;
#2044 = CARTESIAN_POINT ( 'NONE',  ( 0.9084560664158751742, 3.828989928337165338, 100.4383586184860206 ) ) ;
#2045 = EDGE_LOOP ( 'NONE', ( #5492, #4066, #3072, #5708 ) ) ;
#2046 = VERTEX_POINT ( 'NONE', #103 ) ;
#2047 = FACE_OUTER_BOUND ( 'NONE', #5407, .T. ) ;
#2048 = LINE ( 'NONE', #2696, #7172 ) ;
#2049 = LINE ( 'NONE', #7973, #6386 ) ;
#2050 = FACE_OUTER_BOUND ( 'NONE', #5971, .T. ) ;
#2051 = CARTESIAN_POINT ( 'NONE',  ( 47.40268375939399448, 4.500000000000000000, 29.13887441235547016 ) ) ;
#2052 = DIRECTION ( 'NONE',  ( -1.000000000000000000, 0.000000000000000000, 0.000000000000000000 ) ) ;
#2053 = VERTEX_POINT ( 'NONE', #4606 ) ;
#2054 = ORIENTED_EDGE ( 'NONE', *, *, #85, .T. ) ;
#2055 = CARTESIAN_POINT ( 'NONE',  ( 35.89691145237208758, 3.828989928337166226, 80.93835861848600643 ) ) ;
#2056 = CARTESIAN_POINT ( 'NONE',  ( 51.90268375939396606, 4.500000000000000000, -48.30586907449210088 ) ) ;
#2057 =( BOUNDED_CURVE ( )  B_SPLINE_CURVE ( 3, ( #4456, #3330, #510, #5996 ),
 .UNSPECIFIED., .F., .F. ) 
 B_SPLINE_CURVE_WITH_KNOTS ( ( 4, 4 ),
 ( 0.000000000000000000, 0.3490658503988713357 ),
 .UNSPECIFIED. ) 
 CURVE ( )  GEOMETRIC_REPRESENTATION_ITEM ( )  RATIONAL_B_SPLINE_CURVE ( ( 1.000000000000000000, 0.9898718353414717175, 0.9898718353414717175, 1.000000000000000000 ) ) 
 REPRESENTATION_ITEM ( '' )  );
#2058 = CARTESIAN_POINT ( 'NONE',  ( -18.56139024397707971, 3.941525029986321815, 84.98005692213683915 ) ) ;
#2059 = CARTESIAN_POINT ( 'NONE',  ( 1.152683759393978713, 3.828989928337165338, 61.43835861848602065 ) ) ;
#2060 = EDGE_LOOP ( 'NONE', ( #5146, #8374, #8105, #2496 ) ) ;
#2061 = DIRECTION ( 'NONE',  ( -1.000000000000000000, 0.000000000000000000, 0.000000000000000000 ) ) ;
#2062 = ORIENTED_EDGE ( 'NONE', *, *, #6763, .F. ) ;
#2063 = ADVANCED_FACE ( 'NONE', ( #5903 ), #3326, .F. ) ;
#2064 = ORIENTED_EDGE ( 'NONE', *, *, #283, .T. ) ;
#2065 = EDGE_CURVE ( 'NONE', #5424, #6895, #5376, .T. ) ;
#2066 = EDGE_LOOP ( 'NONE', ( #871, #3168, #2951, #3983 ) ) ;
#2067 = LINE ( 'NONE', #4629, #4722 ) ;
#2068 = DIRECTION ( 'NONE',  ( 0.000000000000000000, -0.9396926207859082059, 0.3420201433256694901 ) ) ;
#2069 = DIRECTION ( 'NONE',  ( -1.156482317317871478E-16, 0.000000000000000000, 1.000000000000000000 ) ) ;
#2070 = CARTESIAN_POINT ( 'NONE',  ( 0.4386097560229207382, 4.500000000000000000, 100.9082049288789733 ) ) ;
#2071 = EDGE_CURVE ( 'NONE', #1779, #5622, #7382, .T. ) ;
#2072 = CYLINDRICAL_SURFACE ( 'NONE', #8413, 0.5000000000000004441 ) ;
#2073 = EDGE_CURVE ( 'NONE', #2762, #1944, #6829, .T. ) ;
#2074 = CARTESIAN_POINT ( 'NONE',  ( -38.07154431595907340, 3.883938426159695201, 45.96990285015483835 ) ) ;
#2075 = VECTOR ( 'NONE', #4149, 1000.000000000000000 ) ;
#2076 = CYLINDRICAL_SURFACE ( 'NONE', #1941, 0.5000000000000000000 ) ;
#2077 = CARTESIAN_POINT ( 'NONE',  ( 1.152683759393990925, 4.500000000000000000, 85.19413092550790623 ) ) ;
#2078 = ORIENTED_EDGE ( 'NONE', *, *, #5840, .F. ) ;
#2079 = CARTESIAN_POINT ( 'NONE',  ( -22.42613545604841718, 4.500000000000000888, 81.11531171006551233 ) ) ;
#2080 = DIRECTION ( 'NONE',  ( 0.000000000000000000, 0.000000000000000000, -1.000000000000000000 ) ) ;
#2081 = EDGE_CURVE ( 'NONE', #3391, #8162, #6030, .T. ) ;
#2082 = CARTESIAN_POINT ( 'NONE',  ( 16.57386454395158992, 4.500000000000000000, 45.77295014095030012 ) ) ;
#2083 = ORIENTED_EDGE ( 'NONE', *, *, #7911, .F. ) ;
#2084 = VERTEX_POINT ( 'NONE', #5254 ) ;
#2085 = AXIS2_PLACEMENT_3D ( 'NONE', #5052, #4367, #5652 ) ;
#2086 = DIRECTION ( 'NONE',  ( 0.000000000000000000, 0.000000000000000000, 1.000000000000000000 ) ) ;
#2087 = CARTESIAN_POINT ( 'NONE',  ( 37.15268375939399448, -7.500000000000000000, 103.3441309255078977 ) ) ;
#2088 = DIRECTION ( 'NONE',  ( -4.625929269271485914E-16, 0.000000000000000000, 1.000000000000000000 ) ) ;
#2089 = LINE ( 'NONE', #5910, #3996 ) ;
#2090 = CARTESIAN_POINT ( 'NONE',  ( 19.01481770519605874, 0.000000000000000000, 62.83199697970583486 ) ) ;
#2091 = VECTOR ( 'NONE', #6364, 1000.000000000000000 ) ;
#2092 = ADVANCED_FACE ( 'NONE', ( #3367 ), #5337, .F. ) ;
#2093 = LINE ( 'NONE', #4140, #7349 ) ;
#2094 = ORIENTED_EDGE ( 'NONE', *, *, #2660, .F. ) ;
#2095 = ORIENTED_EDGE ( 'NONE', *, *, #2755, .F. ) ;
#2096 = FACE_OUTER_BOUND ( 'NONE', #4627, .T. ) ;
#2097 = VECTOR ( 'NONE', #7840, 1000.000000000000000 ) ;
#2098 = DIRECTION ( 'NONE',  ( -1.000000000000000000, 0.000000000000000000, 1.228122814850837064E-16 ) ) ;
#2099 = CARTESIAN_POINT ( 'NONE',  ( -2.926135456048415850, 4.500000000000000000, 100.6153117100655123 ) ) ;
#2100 = PLANE ( 'NONE',  #7202 ) ;
#2101 = ORIENTED_EDGE ( 'NONE', *, *, #853, .F. ) ;
#2102 = CARTESIAN_POINT ( 'NONE',  ( -57.59731624060601973, 4.500000000000000000, 7.499387438660329863 ) ) ;
#2103 = VECTOR ( 'NONE', #7874, 1000.000000000000114 ) ;
#2104 = ORIENTED_EDGE ( 'NONE', *, *, #2193, .F. ) ;
#2105 = ORIENTED_EDGE ( 'NONE', *, *, #7917, .T. ) ;
#2106 = ORIENTED_EDGE ( 'NONE', *, *, #3219, .T. ) ;
#2107 = CARTESIAN_POINT ( 'NONE',  ( 40.40268375939400158, 0.000000000000000000, 108.1941309255078920 ) ) ;
#2108 = LINE ( 'NONE', #7353, #726 ) ;
#2109 =( BOUNDED_CURVE ( )  B_SPLINE_CURVE ( 3, ( #5290, #6716, #7922, #817 ),
 .UNSPECIFIED., .F., .F. ) 
 B_SPLINE_CURVE_WITH_KNOTS ( ( 4, 4 ),
 ( 5.934119456780721613, 6.283185307179586232 ),
 .UNSPECIFIED. ) 
 CURVE ( )  GEOMETRIC_REPRESENTATION_ITEM ( )  RATIONAL_B_SPLINE_CURVE ( ( 1.000000000000000000, 0.9898718353414720506, 0.9898718353414720506, 1.000000000000000000 ) ) 
 REPRESENTATION_ITEM ( '' )  );
#2110 = FACE_OUTER_BOUND ( 'NONE', #1156, .T. ) ;
#2111 = VECTOR ( 'NONE', #174, 1000.000000000000000 ) ;
#2112 = EDGE_CURVE ( 'NONE', #3096, #677, #1431, .T. ) ;
#2113 = DIRECTION ( 'NONE',  ( -1.156482317317871478E-16, 0.000000000000000000, 1.000000000000000000 ) ) ;
#2114 = ORIENTED_EDGE ( 'NONE', *, *, #5695, .F. ) ;
#2115 = DIRECTION ( 'NONE',  ( 0.000000000000000000, 0.000000000000000000, 1.000000000000000000 ) ) ;
#2116 = VECTOR ( 'NONE', #3841, 1000.000000000000000 ) ;
#2117 = VERTEX_POINT ( 'NONE', #2768 ) ;
#2118 = FACE_OUTER_BOUND ( 'NONE', #7542, .T. ) ;
#2119 = VECTOR ( 'NONE', #362, 1000.000000000000000 ) ;
#2120 = EDGE_LOOP ( 'NONE', ( #8317, #7632, #2970, #5134 ) ) ;
#2121 = EDGE_CURVE ( 'NONE', #7045, #5287, #3927, .T. ) ;
#2122 = ADVANCED_FACE ( 'NONE', ( #2311 ), #8188, .F. ) ;
#2123 = CARTESIAN_POINT ( 'NONE',  ( 16.39691145237208048, 3.828989928337165338, 26.44990323252981668 ) ) ;
#2124 = CARTESIAN_POINT ( 'NONE',  ( -38.06139024397707260, 4.000000000000000000, 41.90820492887898041 ) ) ;
#2125 = VECTOR ( 'NONE', #3027, 1000.000000000000114 ) ;
#2126 = ORIENTED_EDGE ( 'NONE', *, *, #7397, .T. ) ;
#2127 = EDGE_CURVE ( 'NONE', #6662, #2403, #7550, .T. ) ;
#2128 = DIRECTION ( 'NONE',  ( -2.312964634635742957E-16, 0.000000000000000000, 1.000000000000000000 ) ) ;
#2129 = CARTESIAN_POINT ( 'NONE',  ( -31.84731624060601618, -7.500000000000000000, -5.130869074492096615 ) ) ;
#2130 = ORIENTED_EDGE ( 'NONE', *, *, #7481, .T. ) ;
#2131 = VECTOR ( 'NONE', #5766, 1000.000000000000000 ) ;
#2132 = ORIENTED_EDGE ( 'NONE', *, *, #1088, .T. ) ;
#2133 = AXIS2_PLACEMENT_3D ( 'NONE', #6225, #5438, #6874 ) ;
#2134 = ADVANCED_FACE ( 'NONE', ( #1060 ), #2260, .T. ) ;
#2135 = LINE ( 'NONE', #6169, #4721 ) ;
#2136 = CARTESIAN_POINT ( 'NONE',  ( -18.59154393358412705, 3.828989928337164450, 41.69413092550791333 ) ) ;
#2137 = AXIS2_PLACEMENT_3D ( 'NONE', #3505, #1445, #6695 ) ;
#2138 = CARTESIAN_POINT ( 'NONE',  ( 0.9386097560229230696, 3.941525029986322703, 65.48005692213686757 ) ) ;
#2139 = EDGE_CURVE ( 'NONE', #47, #945, #6207, .T. ) ;
#2140 = AXIS2_PLACEMENT_3D ( 'NONE', #4751, #3559, #1495 ) ;
#2141 = DIRECTION ( 'NONE',  ( 0.9396926207859082059, 0.3420201433256694901, 0.000000000000000000 ) ) ;
#2142 = ORIENTED_EDGE ( 'NONE', *, *, #1803, .T. ) ;
#2143 = ORIENTED_EDGE ( 'NONE', *, *, #3036, .T. ) ;
#2144 = LINE ( 'NONE', #4237, #6365 ) ;
#2145 = VECTOR ( 'NONE', #6535, 1000.000000000000000 ) ;
#2146 = LINE ( 'NONE', #5437, #6499 ) ;
#2147 = DIRECTION ( 'NONE',  ( -1.000000000000000000, 0.000000000000000000, -2.312964634635747887E-16 ) ) ;
#2148 = VECTOR ( 'NONE', #4916, 1000.000000000000114 ) ;
#2149 = EDGE_CURVE ( 'NONE', #7812, #4497, #2214, .T. ) ;
#2150 = CARTESIAN_POINT ( 'NONE',  ( -18.56139024397707971, 3.941525029986321815, 41.90820492887898041 ) ) ;
#2151 = CARTESIAN_POINT ( 'NONE',  ( 19.93860975602294161, 4.500000000000000000, 84.48005692213685336 ) ) ;
#2152 = DIRECTION ( 'NONE',  ( -2.312964634635742957E-16, 0.000000000000000000, 1.000000000000000000 ) ) ;
#2153 = ORIENTED_EDGE ( 'NONE', *, *, #1487, .T. ) ;
#2154 = VECTOR ( 'NONE', #2519, 1000.000000000000000 ) ;
#2155 = ORIENTED_EDGE ( 'NONE', *, *, #1423, .F. ) ;
#2156 = ORIENTED_EDGE ( 'NONE', *, *, #4067, .T. ) ;
#2157 = ORIENTED_EDGE ( 'NONE', *, *, #2448, .F. ) ;
#2158 = CARTESIAN_POINT ( 'NONE',  ( -19.06139024397707971, 4.000000000000000000, 0.000000000000000000 ) ) ;
#2159 = CYLINDRICAL_SURFACE ( 'NONE', #4561, 0.5000000000000004441 ) ;
#2160 = CARTESIAN_POINT ( 'NONE',  ( 17.79054981359189469, 0.000000000000000000, 43.33199697970582065 ) ) ;
#2161 = DIRECTION ( 'NONE',  ( -0.3236155771181852825, 0.8891264907159880382, -0.3236155771181852270 ) ) ;
#2162 = ORIENTED_EDGE ( 'NONE', *, *, #5670, .T. ) ;
#2163 = CARTESIAN_POINT ( 'NONE',  ( -1.097316240606029059, 4.500000000000000000, 3.194130925507918217 ) ) ;
#2164 = VERTEX_POINT ( 'NONE', #4811 ) ;
#2165 = LINE ( 'NONE', #6113, #4984 ) ;
#2166 = ORIENTED_EDGE ( 'NONE', *, *, #3329, .T. ) ;
#2167 = PRODUCT_DEFINITION_SHAPE ( 'NONE', 'NONE',  #7408 ) ;
#2168 = CARTESIAN_POINT ( 'NONE',  ( 20.23150297483637772, 4.500000000000000888, 81.11531171006551233 ) ) ;
#2169 = DIRECTION ( 'NONE',  ( -1.000000000000000000, 0.000000000000000000, -6.938893903907197809E-16 ) ) ;
#2170 = EDGE_LOOP ( 'NONE', ( #720, #3151, #6697, #8080 ) ) ;
#2171 = DIRECTION ( 'NONE',  ( 1.156482317317870985E-16, -0.000000000000000000, -1.000000000000000000 ) ) ;
#2172 = CYLINDRICAL_SURFACE ( 'NONE', #7062, 0.5000000000000004441 ) ;
#2173 = DIRECTION ( 'NONE',  ( -0.8641753818425658151, 0.000000000000000000, -0.5031907286678241054 ) ) ;
#2174 = ORIENTED_EDGE ( 'NONE', *, *, #4672, .T. ) ;
#2175 = EDGE_CURVE ( 'NONE', #7929, #6684, #400, .T. ) ;
#2176 = ORIENTED_EDGE ( 'NONE', *, *, #7954, .T. ) ;
#2177 = ADVANCED_FACE ( 'NONE', ( #1566 ), #4308, .T. ) ;
#2178 = EDGE_CURVE ( 'NONE', #1562, #1010, #4856, .T. ) ;
#2179 = ADVANCED_FACE ( 'NONE', ( #3674 ), #6816, .F. ) ;
#2180 = DIRECTION ( 'NONE',  ( 0.000000000000000000, 0.000000000000000000, 1.000000000000000000 ) ) ;
#2181 = CARTESIAN_POINT ( 'NONE',  ( -38.06139024397706550, 4.292893218813452094, 65.48005692213685336 ) ) ;
#2182 = CARTESIAN_POINT ( 'NONE',  ( 0.4386097560229231807, 4.500000000000000000, 25.98005692213686046 ) ) ;
#2183 = DIRECTION ( 'NONE',  ( 0.000000000000000000, 0.000000000000000000, -1.000000000000000000 ) ) ;
#2184 = CARTESIAN_POINT ( 'NONE',  ( -38.06139024397707971, 3.941525029986320927, 26.48005692213685691 ) ) ;
#2185 = ORIENTED_EDGE ( 'NONE', *, *, #4099, .T. ) ;
#2186 = ORIENTED_EDGE ( 'NONE', *, *, #2175, .F. ) ;
#2187 = EDGE_CURVE ( 'NONE', #1224, #2577, #7700, .T. ) ;
#2188 = EDGE_CURVE ( 'NONE', #6840, #873, #5603, .T. ) ;
#2189 = CARTESIAN_POINT ( 'NONE',  ( 16.39691145237208758, 3.828989928337165338, 61.43835861848602775 ) ) ;
#2190 =( BOUNDED_CURVE ( )  B_SPLINE_CURVE ( 3, ( #5918, #33, #5349, #7987 ),
 .UNSPECIFIED., .F., .F. ) 
 B_SPLINE_CURVE_WITH_KNOTS ( ( 4, 4 ),
 ( 0.000000000000000000, 1.570796326794896558 ),
 .UNSPECIFIED. ) 
 CURVE ( )  GEOMETRIC_REPRESENTATION_ITEM ( )  RATIONAL_B_SPLINE_CURVE ( ( 1.000000000000000000, 0.8047378541243649375, 0.8047378541243649375, 1.000000000000000000 ) ) 
 REPRESENTATION_ITEM ( '' )  );
#2191 = CARTESIAN_POINT ( 'NONE',  ( 16.39691145237208403, 3.828989928337165338, 6.949903232529813124 ) ) ;
#2192 = DIRECTION ( 'NONE',  ( 0.000000000000000000, 0.3420201433256694901, -0.9396926207859082059 ) ) ;
#2193 = EDGE_CURVE ( 'NONE', #886, #3260, #3628, .T. ) ;
#2194 = DIRECTION ( 'NONE',  ( 0.000000000000000000, 0.3420201433256694901, -0.9396926207859082059 ) ) ;
#2195 = CYLINDRICAL_SURFACE ( 'NONE', #5496, 2.399999999999999467 ) ;
#2196 = CARTESIAN_POINT ( 'NONE',  ( -22.62308816525296251, 3.883938426159695645, 22.41835900086098121 ) ) ;
#2197 = ORIENTED_EDGE ( 'NONE', *, *, #593, .T. ) ;
#2198 = ORIENTED_EDGE ( 'NONE', *, *, #3945, .T. ) ;
#2199 = EDGE_CURVE ( 'NONE', #7574, #4899, #6256, .T. ) ;
#2200 = ORIENTED_EDGE ( 'NONE', *, *, #5021, .F. ) ;
#2201 = CARTESIAN_POINT ( 'NONE',  ( 16.36675776276503669, 3.941525029986323592, 80.90820492887895909 ) ) ;
#2202 = EDGE_LOOP ( 'NONE', ( #1935, #1447, #1100, #1290 ) ) ;
#2203 = DIRECTION ( 'NONE',  ( -1.734723475976807094E-16, 0.000000000000000000, -1.000000000000000000 ) ) ;
#2204 = ORIENTED_EDGE ( 'NONE', *, *, #2701, .F. ) ;
#2205 = CARTESIAN_POINT ( 'NONE',  ( 1.152683759393980711, 3.828989928337163562, 65.44990323252980602 ) ) ;
#2206 = ORIENTED_EDGE ( 'NONE', *, *, #7126, .F. ) ;
#2207 = DIRECTION ( 'NONE',  ( -0.000000000000000000, 1.000000000000000000, -0.000000000000000000 ) ) ;
#2208 = EDGE_LOOP ( 'NONE', ( #3724, #2583, #1594, #4103 ) ) ;
#2209 = CARTESIAN_POINT ( 'NONE',  ( 0.9386097560229209602, 4.292893218813451206, 61.40820492887895909 ) ) ;
#2210 = DIRECTION ( 'NONE',  ( 1.000000000000000000, -0.000000000000000000, -0.000000000000000000 ) ) ;
#2211 = ORIENTED_EDGE ( 'NONE', *, *, #5263, .F. ) ;
#2212 = LINE ( 'NONE', #4262, #5812 ) ;
#2213 = ORIENTED_EDGE ( 'NONE', *, *, #2199, .T. ) ;
#2214 = LINE ( 'NONE', #4178, #7884 ) ;
#2215 = ORIENTED_EDGE ( 'NONE', *, *, #4943, .T. ) ;
#2216 = ORIENTED_EDGE ( 'NONE', *, *, #236, .F. ) ;
#2217 = DIRECTION ( 'NONE',  ( 0.000000000000000000, 1.000000000000000000, -0.000000000000000000 ) ) ;
#2218 = DIRECTION ( 'NONE',  ( -4.625929269271485914E-16, 0.000000000000000000, 1.000000000000000000 ) ) ;
#2219 = CARTESIAN_POINT ( 'NONE',  ( 35.86675776276504735, 4.000000000000000000, 41.90820492887896620 ) ) ;
#2220 = CARTESIAN_POINT ( 'NONE',  ( 0.9084560664158770615, 3.828989928337165338, 65.44990323252980602 ) ) ;
#2221 = ADVANCED_FACE ( 'NONE', ( #2900 ), #8225, .F. ) ;
#2222 = ADVANCED_FACE ( 'NONE', ( #2348 ), #5503, .F. ) ;
#2223 = CIRCLE ( 'NONE', #7019, 2.500000000000002220 ) ;
#2224 = CARTESIAN_POINT ( 'NONE',  ( -22.63324223723496331, 3.941525029986321815, 26.48005692213686402 ) ) ;
#2225 = ORIENTED_EDGE ( 'NONE', *, *, #3467, .T. ) ;
#2226 = ORIENTED_EDGE ( 'NONE', *, *, #1167, .F. ) ;
#2227 = DIRECTION ( 'NONE',  ( -0.000000000000000000, 0.000000000000000000, 1.000000000000000000 ) ) ;
#2228 = LINE ( 'NONE', #937, #50 ) ;
#2229 = FACE_OUTER_BOUND ( 'NONE', #7027, .T. ) ;
#2230 = CARTESIAN_POINT ( 'NONE',  ( 47.40268375939399448, 4.500000000000000000, 29.13887441235547016 ) ) ;
#2231 = CARTESIAN_POINT ( 'NONE',  ( 19.93860975602292385, 4.500000000000000000, 100.9082049288789733 ) ) ;
#2232 = CARTESIAN_POINT ( 'NONE',  ( 0.9386097560229333947, 3.941525029986321815, 84.98005692213683915 ) ) ;
#2233 = EDGE_CURVE ( 'NONE', #3905, #3307, #2719, .T. ) ;
#2234 = EDGE_CURVE ( 'NONE', #1335, #5396, #69, .T. ) ;
#2235 = CARTESIAN_POINT ( 'NONE',  ( 0.4386097560229231807, 4.500000000000000000, 25.98005692213686046 ) ) ;
#2236 = ORIENTED_EDGE ( 'NONE', *, *, #1910, .F. ) ;
#2237 = ORIENTED_EDGE ( 'NONE', *, *, #172, .F. ) ;
#2238 = EDGE_CURVE ( 'NONE', #6403, #3994, #2471, .T. ) ;
#2239 =( BOUNDED_CURVE ( )  B_SPLINE_CURVE ( 3, ( #6774, #6132, #4742, #930 ),
 .UNSPECIFIED., .F., .F. ) 
 B_SPLINE_CURVE_WITH_KNOTS ( ( 4, 4 ),
 ( 3.141592653589793116, 3.490658503988660843 ),
 .UNSPECIFIED. ) 
 CURVE ( )  GEOMETRIC_REPRESENTATION_ITEM ( )  RATIONAL_B_SPLINE_CURVE ( ( 1.000000000000000000, 0.9898718353414719395, 0.9898718353414719395, 1.000000000000000000 ) ) 
 REPRESENTATION_ITEM ( '' )  );
#2240 = EDGE_LOOP ( 'NONE', ( #401, #7042, #4473, #1099 ) ) ;
#2241 = CARTESIAN_POINT ( 'NONE',  ( 36.36675776276504735, 4.000000000000000000, 0.000000000000000000 ) ) ;
#2242 = LINE ( 'NONE', #7480, #1023 ) ;
#2243 = DIRECTION ( 'NONE',  ( 1.000000000000000000, -0.000000000000000000, -0.000000000000000000 ) ) ;
#2244 = AXIS2_PLACEMENT_3D ( 'NONE', #5101, #3853, #8411 ) ;
#2245 = ADVANCED_FACE ( 'NONE', ( #493 ), #6465, .T. ) ;
#2246 = VERTEX_POINT ( 'NONE', #3802 ) ;
#2247 = CARTESIAN_POINT ( 'NONE',  ( 19.01481770519606584, 0.000000000000000000, 100.1941309255079062 ) ) ;
#2248 = ORIENTED_EDGE ( 'NONE', *, *, #4056, .T. ) ;
#2249 = CARTESIAN_POINT ( 'NONE',  ( -18.56139024397705839, 4.000000000000000000, -4.293183920399183500E-15 ) ) ;
#2250 = ORIENTED_EDGE ( 'NONE', *, *, #1019, .F. ) ;
#2251 = DIRECTION ( 'NONE',  ( -1.000000000000000000, 0.000000000000000000, 0.000000000000000000 ) ) ;
#2252 = AXIS2_PLACEMENT_3D ( 'NONE', #6626, #1420, #135 ) ;
#2253 = CARTESIAN_POINT ( 'NONE',  ( -1.709450186408106420, 0.000000000000000000, 64.05626487130999180 ) ) ;
#2254 = LINE ( 'NONE', #6717, #579 ) ;
#2255 = LINE ( 'NONE', #4128, #2642 ) ;
#2256 = EDGE_LOOP ( 'NONE', ( #1746, #8170, #6944, #7519 ) ) ;
#2257 = CARTESIAN_POINT ( 'NONE',  ( 20.43860975602294161, 4.000000000000000000, 4.727378154680213391E-15 ) ) ;
#2258 = VECTOR ( 'NONE', #2584, 1000.000000000000000 ) ;
#2259 = EDGE_LOOP ( 'NONE', ( #2632, #1818, #6725, #6733 ) ) ;
#2260 = CYLINDRICAL_SURFACE ( 'NONE', #5547, 0.5000000000000004441 ) ;
#2261 = VERTEX_POINT ( 'NONE', #7715 ) ;
#2262 = VERTEX_POINT ( 'NONE', #5861 ) ;
#2263 = DIRECTION ( 'NONE',  ( 0.000000000000000000, -1.000000000000000000, 0.000000000000000000 ) ) ;
#2264 = AXIS2_PLACEMENT_3D ( 'NONE', #2639, #8010, #6558 ) ;
#2265 = CARTESIAN_POINT ( 'NONE',  ( 35.89691145237208758, 3.828989928337165338, 45.94990323252980602 ) ) ;
#2266 = CARTESIAN_POINT ( 'NONE',  ( 0.000000000000000000, 4.000000000000000000, 100.9082049288789733 ) ) ;
#2267 = CARTESIAN_POINT ( 'NONE',  ( -21.20945018640810886, 0.000000000000000000, 22.19413092550791688 ) ) ;
#2268 = VECTOR ( 'NONE', #4910, 1000.000000000000000 ) ;
#2269 = DIRECTION ( 'NONE',  ( 0.000000000000000000, -0.000000000000000000, -1.000000000000000000 ) ) ;
#2270 = VERTEX_POINT ( 'NONE', #4557 ) ;
#2271 = ORIENTED_EDGE ( 'NONE', *, *, #2550, .F. ) ;
#2272 = CARTESIAN_POINT ( 'NONE',  ( 20.40845606641587651, 3.828989928337165338, 6.949903232529813124 ) ) ;
#2273 = CARTESIAN_POINT ( 'NONE',  ( -2.633242237234955763, 4.000000000000000000, -3.045298084576778050E-16 ) ) ;
#2274 = ADVANCED_FACE ( 'NONE', ( #1831 ), #6517, .T. ) ;
#2275 = PLANE ( 'NONE',  #7602 ) ;
#2276 = CIRCLE ( 'NONE', #7225, 1.399999999999998579 ) ;
#2278 = FACE_OUTER_BOUND ( 'NONE', #4351, .T. ) ;
#2277 = AXIS2_PLACEMENT_3D ( 'NONE', #6619, #5976, #89 ) ;
#2279 = CARTESIAN_POINT ( 'NONE',  ( 37.29054981359189469, 8.673617379884035472E-16, 83.55626487130999180 ) ) ;
#2280 = DIRECTION ( 'NONE',  ( -0.000000000000000000, -0.000000000000000000, -1.000000000000000000 ) ) ;
#2281 = AXIS2_PLACEMENT_3D ( 'NONE', #3561, #4926, #6917 ) ;
#2282 = DIRECTION ( 'NONE',  ( 0.000000000000000000, 0.000000000000000000, 1.000000000000000000 ) ) ;
#2283 = ORIENTED_EDGE ( 'NONE', *, *, #7121, .F. ) ;
#2284 = ORIENTED_EDGE ( 'NONE', *, *, #4908, .T. ) ;
#2285 = VECTOR ( 'NONE', #8245, 1000.000000000000114 ) ;
#2286 = ORIENTED_EDGE ( 'NONE', *, *, #1558, .T. ) ;
#2287 = CARTESIAN_POINT ( 'NONE',  ( 35.86675776276504735, 4.000000000000000000, 41.90820492887896620 ) ) ;
#2288 = EDGE_CURVE ( 'NONE', #415, #428, #3878, .T. ) ;
#2289 = EDGE_CURVE ( 'NONE', #4899, #376, #6425, .T. ) ;
#2290 = EDGE_CURVE ( 'NONE', #1711, #1663, #2603, .T. ) ;
#2291 = LINE ( 'NONE', #3521, #1305 ) ;
#2292 = ADVANCED_FACE ( 'NONE', ( #6559 ), #7192, .T. ) ;
#2293 = VECTOR ( 'NONE', #8452, 1000.000000000000000 ) ;
#2294 =( BOUNDED_CURVE ( )  B_SPLINE_CURVE ( 3, ( #1936, #5835, #8373, #4583 ),
 .UNSPECIFIED., .F., .F. ) 
 B_SPLINE_CURVE_WITH_KNOTS ( ( 4, 4 ),
 ( 0.000000000000000000, 1.570796326794896558 ),
 .UNSPECIFIED. ) 
 CURVE ( )  GEOMETRIC_REPRESENTATION_ITEM ( )  RATIONAL_B_SPLINE_CURVE ( ( 1.000000000000000000, 0.8047378541243649375, 0.8047378541243649375, 1.000000000000000000 ) ) 
 REPRESENTATION_ITEM ( '' )  );
#2295 = VERTEX_POINT ( 'NONE', #8441 ) ;
#2296 = LINE ( 'NONE', #1042, #6360 ) ;
#2297 = EDGE_LOOP ( 'NONE', ( #3208, #4918, #4663, #899 ) ) ;
#2298 = CYLINDRICAL_SURFACE ( 'NONE', #6936, 0.5000000000000000000 ) ;
#2299 = ORIENTED_EDGE ( 'NONE', *, *, #3291, .F. ) ;
#2300 = CARTESIAN_POINT ( 'NONE',  ( -22.13324223723496331, 4.500000000000000000, 45.48005692213685336 ) ) ;
#2301 = VECTOR ( 'NONE', #4932, 1000.000000000000000 ) ;
#2302 = EDGE_CURVE ( 'NONE', #7611, #8464, #953, .T. ) ;
#2303 = DIRECTION ( 'NONE',  ( 0.000000000000000000, 1.000000000000000000, 0.000000000000000000 ) ) ;
#2304 = ORIENTED_EDGE ( 'NONE', *, *, #4672, .F. ) ;
#2305 = ADVANCED_FACE ( 'NONE', ( #3926 ), #1219, .T. ) ;
#2306 = CARTESIAN_POINT ( 'NONE',  ( -42.59731624060599131, 4.500000000000000000, 108.1941309255078920 ) ) ;
#2307 = CARTESIAN_POINT ( 'NONE',  ( 20.43860975602292029, 4.292893218813450318, 22.40820492887897331 ) ) ;
#2308 = ORIENTED_EDGE ( 'NONE', *, *, #3329, .F. ) ;
#2309 = LINE ( 'NONE', #2947, #4035 ) ;
#2310 = VERTEX_POINT ( 'NONE', #8482 ) ;
#2311 = FACE_OUTER_BOUND ( 'NONE', #3735, .T. ) ;
#2312 = ORIENTED_EDGE ( 'NONE', *, *, #2024, .F. ) ;
#2313 = ORIENTED_EDGE ( 'NONE', *, *, #3333, .T. ) ;
#2314 = ADVANCED_FACE ( 'NONE', ( #5902 ), #5176, .T. ) ;
#2315 = CARTESIAN_POINT ( 'NONE',  ( -22.63324223723495265, 3.941525029986323592, 84.98005692213683915 ) ) ;
#2316 = CARTESIAN_POINT ( 'NONE',  ( -18.34731624060602684, 3.828989928337165338, 61.43835861848602065 ) ) ;
#2317 = DIRECTION ( 'NONE',  ( 0.3236155771181851160, 0.8891264907159879272, 0.3236155771181852825 ) ) ;
#2318 = EDGE_LOOP ( 'NONE', ( #6890, #4345, #5279, #8087 ) ) ;
#2319 = FACE_OUTER_BOUND ( 'NONE', #3167, .T. ) ;
#2320 = ORIENTED_EDGE ( 'NONE', *, *, #6362, .F. ) ;
#2321 = CARTESIAN_POINT ( 'NONE',  ( -2.633242237234962868, 4.500000000000000000, 0.000000000000000000 ) ) ;
#2322 = CARTESIAN_POINT ( 'NONE',  ( -57.59731624060601973, 0.000000000000000000, 7.499387438660329863 ) ) ;
#2323 = CARTESIAN_POINT ( 'NONE',  ( -3.747035622832273382E-16, 4.000000000000000000, 6.480056922136857800 ) ) ;
#2324 = LINE ( 'NONE', #6875, #5642 ) ;
#2325 = DIRECTION ( 'NONE',  ( -1.000000000000000000, 0.000000000000000000, 0.000000000000000000 ) ) ;
#2326 = ORIENTED_EDGE ( 'NONE', *, *, #5847, .F. ) ;
#2327 = ORIENTED_EDGE ( 'NONE', *, *, #5945, .F. ) ;
#2328 = EDGE_LOOP ( 'NONE', ( #2644, #4076, #7294, #3868 ) ) ;
#2329 = CARTESIAN_POINT ( 'NONE',  ( -0.4851822948039332117, 0.000000000000000000, 5.556264871310002462 ) ) ;
#2330 = CARTESIAN_POINT ( 'NONE',  ( 55.40268375939397316, 4.500000000000000000, -48.30586907449210088 ) ) ;
#2331 = EDGE_LOOP ( 'NONE', ( #2106, #935, #7254, #4582 ) ) ;
#2332 = LINE ( 'NONE', #5063, #5259 ) ;
#2333 = ADVANCED_FACE ( 'NONE', ( #4397 ), #7025, .F. ) ;
#2334 = EDGE_CURVE ( 'NONE', #3096, #2622, #7412, .T. ) ;
#2335 = ORIENTED_EDGE ( 'NONE', *, *, #3647, .T. ) ;
#2336 = FACE_OUTER_BOUND ( 'NONE', #3497, .T. ) ;
#2337 = ORIENTED_EDGE ( 'NONE', *, *, #7228, .T. ) ;
#2338 = CYLINDRICAL_SURFACE ( 'NONE', #1012, 0.5000000000000004441 ) ;
#2339 = DIRECTION ( 'NONE',  ( 0.000000000000000000, 0.000000000000000000, 1.000000000000000000 ) ) ;
#2340 = CARTESIAN_POINT ( 'NONE',  ( -39.48518229480392705, 0.000000000000000000, 5.556264871310002462 ) ) ;
#2341 =( BOUNDED_CURVE ( )  B_SPLINE_CURVE ( 3, ( #5543, #2940, #6198, #1651 ),
 .UNSPECIFIED., .F., .F. ) 
 B_SPLINE_CURVE_WITH_KNOTS ( ( 4, 4 ),
 ( 0.000000000000000000, 1.570796326794896558 ),
 .UNSPECIFIED. ) 
 CURVE ( )  GEOMETRIC_REPRESENTATION_ITEM ( )  RATIONAL_B_SPLINE_CURVE ( ( 1.000000000000000000, 0.8047378541243649375, 0.8047378541243649375, 1.000000000000000000 ) ) 
 REPRESENTATION_ITEM ( '' )  );
#2342 = CARTESIAN_POINT ( 'NONE',  ( 16.39691145237208048, 3.828989928337162674, 100.4383586184860349 ) ) ;
#2343 = CARTESIAN_POINT ( 'NONE',  ( -9.335884373802930158E-14, 4.000000000000000000, 100.9082049288789733 ) ) ;
#2344 = ADVANCED_FACE ( 'NONE', ( #3406 ), #2172, .T. ) ;
#2345 = ORIENTED_EDGE ( 'NONE', *, *, #4680, .T. ) ;
#2346 = CARTESIAN_POINT ( 'NONE',  ( 0.000000000000000000, 4.000000000000000000, 84.48005692213685336 ) ) ;
#2347 = ORIENTED_EDGE ( 'NONE', *, *, #1716, .T. ) ;
#2348 = FACE_OUTER_BOUND ( 'NONE', #2460, .T. ) ;
#2349 = EDGE_CURVE ( 'NONE', #5872, #2829, #7927, .T. ) ;
#2350 = ORIENTED_EDGE ( 'NONE', *, *, #7068, .F. ) ;
#2351 = FACE_OUTER_BOUND ( 'NONE', #3660, .T. ) ;
#2352 = PLANE ( 'NONE',  #434 ) ;
#2353 = LINE ( 'NONE', #3078, #624 ) ;
#2354 = ADVANCED_FACE ( 'NONE', ( #5992 ), #3325, .T. ) ;
#2355 = FACE_OUTER_BOUND ( 'NONE', #2120, .T. ) ;
#2356 = ORIENTED_EDGE ( 'NONE', *, *, #1867, .F. ) ;
#2357 = ORIENTED_EDGE ( 'NONE', *, *, #2488, .T. ) ;
#2358 = DIRECTION ( 'NONE',  ( 0.000000000000000000, 0.3420201433256694901, -0.9396926207859082059 ) ) ;
#2359 = CARTESIAN_POINT ( 'NONE',  ( 1.938643918031287848E-14, 4.000000000000000000, 41.90820492887897331 ) ) ;
#2360 = CARTESIAN_POINT ( 'NONE',  ( 1.152683759393978935, 4.500000000000000000, 80.69413092550790623 ) ) ;
#2361 = CIRCLE ( 'NONE', #5359, 2.400000000000001243 ) ;
#2362 = DIRECTION ( 'NONE',  ( 0.000000000000000000, 0.000000000000000000, -1.000000000000000000 ) ) ;
#2363 = VERTEX_POINT ( 'NONE', #231 ) ;
#2364 = VERTEX_POINT ( 'NONE', #5458 ) ;
#2365 = DIRECTION ( 'NONE',  ( -1.000000000000000000, 0.000000000000000000, 0.000000000000000000 ) ) ;
#2366 = CARTESIAN_POINT ( 'NONE',  ( 1.152683759393978935, 4.500000000000000000, 100.1941309255079062 ) ) ;
#2367 = VECTOR ( 'NONE', #6963, 1000.000000000000000 ) ;
#2368 = CARTESIAN_POINT ( 'NONE',  ( -1.097316240606029059, 5.000000000000000000, 3.194130925507918217 ) ) ;
#2369 = ORIENTED_EDGE ( 'NONE', *, *, #3430, .T. ) ;
#2370 = DIRECTION ( 'NONE',  ( 0.000000000000000000, 1.000000000000000000, -0.000000000000000000 ) ) ;
#2371 = ORIENTED_EDGE ( 'NONE', *, *, #5799, .T. ) ;
#2372 = DIRECTION ( 'NONE',  ( -1.000000000000000000, 0.000000000000000000, -0.000000000000000000 ) ) ;
#2373 = ORIENTED_EDGE ( 'NONE', *, *, #3546, .T. ) ;
#2374 = DIRECTION ( 'NONE',  ( -1.000000000000000000, -0.000000000000000000, -0.000000000000000000 ) ) ;
#2375 = CARTESIAN_POINT ( 'NONE',  ( -19.98518229480393416, 0.000000000000000000, 23.83199697970583131 ) ) ;
#2376 = CLOSED_SHELL ( 'NONE', ( #6055, #3284, #2354, #384, #4827, #4109, #4022, #2344, #3418, #2305, #4011, #4581, #4568, #2541, #2245, #3431, #3009, #7013, #1450, #1214, #5472, #225, #6850, #6964, #6933, #2445, #8107, #176, #5312, #483, #960, #5419, #4078, #7197, #4002, #6158, #7953, #2009, #29, #4510, #7001, #4843, #3538, #4055, #3850, #6873, #2400, #6232, #6694, #4569, #1954, #2720, #5959, #7000, #6114, #107, #7053, #1036, #4724, #1757, #3852, #2710, #3860, #1593, #3910, #7955, #3031, #549, #6062, #6167, #2912, #5310, #5728, #7641, #4385, #1762, #5583, #812, #1318, #3218, #7753, #2179, #6738, #7214, #5065, #7603, #7906, #5185, #8370, #7485, #4593, #1801, #2177, #2741, #6281, #6280, #1873, #2222, #3179, #6105, #1265, #2314, #5355, #1107, #1777, #1824, #4519, #8227, #3955, #1225, #2434, #3063, #3800, #117, #2063, #3375, #6333, #4997, #4283, #6119, #7745, #8358, #5207, #1667, #4279, #2607, #4770, #1492, #1044, #4057, #7642, #6419, #8362, #981, #4337, #6546, #5252, #861, #641, #1226, #8375, #1603, #7646, #6270, #6215, #3807, #4639, #3321, #7894, #7839, #4232, #4157, #2221, #7567, #6217, #6705, #5786, #7961, #4902, #4471, #5863, #4741, #6803, #6754, #2122, #4619, #5415, #3065, #4855, #1183, #5800, #7729, #2656, #4364, #2986, #1591, #2797, #9, #7802, #2092, #1388, #7738, #4319, #7683, #8102, #3958, #3374, #1617, #7740, #6180, #7861, #7469, #5683, #4784, #4221, #3028, #1383, #2910, #418, #6363, #1439, #294, #4633, #4942, #7060, #591, #2800, #2333, #4376, #3922, #8152, #3438, #5404, #2926, #3187, #2453, #5942, #1115, #1609, #4100, #7259, #5597, #1919, #2647, #7150, #5886, #2274, #3989, #6367, #4320, #1190, #7332, #240, #7266, #8001, #3839, #5330, #1274, #2977, #1267, #3689, #2134, #5524, #1812, #2569, #803, #3121, #8218, #6862, #6379, #7041, #2438, #5896, #5809, #8462, #6, #8119, #7107, #1338, #71, #118, #1656, #1078, #6686, #5323, #4572, #2725, #970, #6967, #7386, #3532, #2700, #6646, #1116, #2875, #3366, #5789, #5536, #5839, #4409, #4113, #8061, #2292, #3232, #3296, #6500, #4072, #4520, #7499, #5582, #8215, #2032, #2543, #6418, #7661, #7422 ) ) ;
#2377 = EDGE_CURVE ( 'NONE', #5198, #2084, #6029, .T. ) ;
#2378 = CARTESIAN_POINT ( 'NONE',  ( 0.9284556840409176059, 3.883938426159695201, 22.41835900086097766 ) ) ;
#2379 = FACE_OUTER_BOUND ( 'NONE', #2791, .T. ) ;
#2380 = CARTESIAN_POINT ( 'NONE',  ( 0.9386097560229210712, 3.941525029986320927, 61.40820492887896620 ) ) ;
#2381 = ORIENTED_EDGE ( 'NONE', *, *, #3337, .F. ) ;
#2382 = LINE ( 'NONE', #429, #7886 ) ;
#2383 = VECTOR ( 'NONE', #484, 1000.000000000000000 ) ;
#2384 = VERTEX_POINT ( 'NONE', #7239 ) ;
#2385 = ORIENTED_EDGE ( 'NONE', *, *, #4170, .T. ) ;
#2386 =( BOUNDED_CURVE ( )  B_SPLINE_CURVE ( 3, ( #2019, #2707, #7288, #1972 ),
 .UNSPECIFIED., .F., .F. ) 
 B_SPLINE_CURVE_WITH_KNOTS ( ( 4, 4 ),
 ( 3.141592653589793116, 4.712388980384689674 ),
 .UNSPECIFIED. ) 
 CURVE ( )  GEOMETRIC_REPRESENTATION_ITEM ( )  RATIONAL_B_SPLINE_CURVE ( ( 1.000000000000000000, 0.8047378541243649375, 0.8047378541243649375, 1.000000000000000000 ) ) 
 REPRESENTATION_ITEM ( '' )  );
#2387 = EDGE_CURVE ( 'NONE', #1891, #1618, #7370, .T. ) ;
#2388 = AXIS2_PLACEMENT_3D ( 'NONE', #1940, #3192, #518 ) ;
#2389 = FACE_OUTER_BOUND ( 'NONE', #5456, .T. ) ;
#2390 = EDGE_CURVE ( 'NONE', #7054, #8000, #1475, .T. ) ;
#2391 = DIRECTION ( 'NONE',  ( 0.000000000000000000, 0.3420201433256694901, 0.9396926207859082059 ) ) ;
#2392 = DIRECTION ( 'NONE',  ( -0.000000000000000000, 1.000000000000000000, -0.000000000000000000 ) ) ;
#2393 = VECTOR ( 'NONE', #7786, 1000.000000000000000 ) ;
#2394 = CYLINDRICAL_SURFACE ( 'NONE', #4851, 0.5000000000000004441 ) ;
#2395 = ORIENTED_EDGE ( 'NONE', *, *, #8327, .F. ) ;
#2396 = VECTOR ( 'NONE', #2680, 1000.000000000000000 ) ;
#2397 = ORIENTED_EDGE ( 'NONE', *, *, #5895, .T. ) ;
#2398 = EDGE_CURVE ( 'NONE', #7705, #1798, #6846, .T. ) ;
#2399 = CARTESIAN_POINT ( 'NONE',  ( 36.36675776276504735, 4.500000000000000000, 0.000000000000000000 ) ) ;
#2400 = ADVANCED_FACE ( 'NONE', ( #8296 ), #5032, .T. ) ;
#2401 = CARTESIAN_POINT ( 'NONE',  ( 40.40268375939400158, 4.500000000000000000, 104.6941309255078920 ) ) ;
#2402 = EDGE_LOOP ( 'NONE', ( #944, #7551, #2815, #2312 ) ) ;
#2403 = VERTEX_POINT ( 'NONE', #4939 ) ;
#2404 = PLANE ( 'NONE',  #474 ) ;
#2405 = VECTOR ( 'NONE', #3392, 1000.000000000000000 ) ;
#2406 = DIRECTION ( 'NONE',  ( 0.000000000000000000, 1.000000000000000000, 0.000000000000000000 ) ) ;
#2407 = CARTESIAN_POINT ( 'NONE',  ( -38.56139024397707260, 4.000000000000000000, 0.000000000000000000 ) ) ;
#2408 = VECTOR ( 'NONE', #2785, 1000.000000000000000 ) ;
#2409 = AXIS2_PLACEMENT_3D ( 'NONE', #2774, #929, #3547 ) ;
#2410 = ORIENTED_EDGE ( 'NONE', *, *, #4954, .T. ) ;
#2411 = DIRECTION ( 'NONE',  ( 0.000000000000000000, 0.000000000000000000, 1.000000000000000000 ) ) ;
#2412 = ORIENTED_EDGE ( 'NONE', *, *, #7898, .F. ) ;
#2413 = FACE_OUTER_BOUND ( 'NONE', #8493, .T. ) ;
#2414 = VECTOR ( 'NONE', #3634, 1000.000000000000000 ) ;
#2415 = ORIENTED_EDGE ( 'NONE', *, *, #7800, .F. ) ;
#2416 = CARTESIAN_POINT ( 'NONE',  ( 35.86675776276504735, 4.000000000000000000, 100.4082049288789591 ) ) ;
#2417 = CYLINDRICAL_SURFACE ( 'NONE', #3473, 2.400000000000000799 ) ;
#2418 = CARTESIAN_POINT ( 'NONE',  ( 16.36675776276503669, 3.941525029986320927, 41.90820492887895909 ) ) ;
#2419 = CIRCLE ( 'NONE', #7217, 3.500000000000003109 ) ;
#2420 = DIRECTION ( 'NONE',  ( 0.000000000000000000, -0.000000000000000000, -1.000000000000000000 ) ) ;
#2421 = CARTESIAN_POINT ( 'NONE',  ( -51.09731624060602684, 4.500000000000000000, -5.130869074492089510 ) ) ;
#2422 = ORIENTED_EDGE ( 'NONE', *, *, #3320, .T. ) ;
#2423 =( NAMED_UNIT ( * ) SI_UNIT ( $, .STERADIAN. ) SOLID_ANGLE_UNIT ( ) );
#2424 = AXIS2_PLACEMENT_3D ( 'NONE', #8401, #3134, #7120 ) ;
#2425 = ORIENTED_EDGE ( 'NONE', *, *, #3469, .F. ) ;
#2426 = LINE ( 'NONE', #8384, #3479 ) ;
#2427 = VERTEX_POINT ( 'NONE', #4299 ) ;
#2428 = CARTESIAN_POINT ( 'NONE',  ( 20.42845568404092305, 3.883938426159694313, 26.46990285015485611 ) ) ;
#2429 = DIRECTION ( 'NONE',  ( 1.000000000000000000, 0.000000000000000000, 4.625929269271495775E-16 ) ) ;
#2430 = DIRECTION ( 'NONE',  ( -4.346951598611961540E-16, 0.3420201433256694901, 0.9396926207859082059 ) ) ;
#2431 = LINE ( 'NONE', #4395, #6956 ) ;
#2432 = LINE ( 'NONE', #5046, #6652 ) ;
#2433 = EDGE_CURVE ( 'NONE', #8487, #4996, #3585, .T. ) ;
#2434 = ADVANCED_FACE ( 'NONE', ( #1775 ), #3060, .T. ) ;
#2435 = LINE ( 'NONE', #8442, #5955 ) ;
#2436 = ORIENTED_EDGE ( 'NONE', *, *, #1505, .T. ) ;
#2437 = ORIENTED_EDGE ( 'NONE', *, *, #4375, .F. ) ;
#2438 = ADVANCED_FACE ( 'NONE', ( #8217 ), #5594, .T. ) ;
#2439 = DIRECTION ( 'NONE',  ( 0.000000000000000000, 0.000000000000000000, -1.000000000000000000 ) ) ;
#2440 = DIRECTION ( 'NONE',  ( -0.000000000000000000, 0.000000000000000000, 1.000000000000000000 ) ) ;
#2441 = CARTESIAN_POINT ( 'NONE',  ( 20.43860975602292740, 4.292893218813452094, 6.980056922136858688 ) ) ;
#2442 = DIRECTION ( 'NONE',  ( 0.000000000000000000, 0.000000000000000000, 1.000000000000000000 ) ) ;
#2443 = VERTEX_POINT ( 'NONE', #307 ) ;
#2444 = DIRECTION ( 'NONE',  ( -1.000000000000000000, 0.000000000000000000, -1.156482317317871232E-16 ) ) ;
#2445 = ADVANCED_FACE ( 'NONE', ( #7012 ), #1120, .T. ) ;
#2446 = ORIENTED_EDGE ( 'NONE', *, *, #6591, .F. ) ;
#2447 = CARTESIAN_POINT ( 'NONE',  ( 0.9386097560229219594, 4.000000000000000000, 41.90820492887897331 ) ) ;
#2448 = EDGE_CURVE ( 'NONE', #2778, #1927, #3738, .T. ) ;
#2449 = DIRECTION ( 'NONE',  ( 1.000000000000000000, -0.000000000000000000, 0.000000000000000000 ) ) ;
#2450 = CYLINDRICAL_SURFACE ( 'NONE', #7916, 0.5000000000000004441 ) ;
#2451 = ORIENTED_EDGE ( 'NONE', *, *, #3120, .F. ) ;
#2452 = CARTESIAN_POINT ( 'NONE',  ( -38.06139024397707260, 4.000000000000000000, 84.98005692213685336 ) ) ;
#2453 = ADVANCED_FACE ( 'NONE', ( #3666 ), #392, .T. ) ;
#2454 = VERTEX_POINT ( 'NONE', #4985 ) ;
#2455 = EDGE_LOOP ( 'NONE', ( #8180, #6137, #1852, #1307 ) ) ;
#2456 = VERTEX_POINT ( 'NONE', #2375 ) ;
#2457 = CARTESIAN_POINT ( 'NONE',  ( -51.09731624060602684, 0.000000000000000000, -5.130869074492089510 ) ) ;
#2458 = DIRECTION ( 'NONE',  ( -4.625929269271485914E-16, 0.000000000000000000, 1.000000000000000000 ) ) ;
#2459 = DIRECTION ( 'NONE',  ( -1.000000000000000000, 0.000000000000000000, 0.000000000000000000 ) ) ;
#2460 = EDGE_LOOP ( 'NONE', ( #3725, #2813, #8048, #2886 ) ) ;
#2461 = CARTESIAN_POINT ( 'NONE',  ( -3.133242237234963756, 4.292893218813452094, 26.48005692213686046 ) ) ;
#2462 = VERTEX_POINT ( 'NONE', #2253 ) ;
#2463 = CARTESIAN_POINT ( 'NONE',  ( 35.86675776276504735, 4.000000000000000000, 84.98005692213685336 ) ) ;
#2464 = CARTESIAN_POINT ( 'NONE',  ( 37.15268375939399448, 0.000000000000000000, 100.5441309255079005 ) ) ;
#2465 = EDGE_LOOP ( 'NONE', ( #3052, #2327, #1904, #2385 ) ) ;
#2466 = CARTESIAN_POINT ( 'NONE',  ( -38.06139024397706550, 4.292893218813452094, 100.4082049288789875 ) ) ;
#2467 = LINE ( 'NONE', #3123, #1040 ) ;
#2468 = CARTESIAN_POINT ( 'NONE',  ( 16.86675776276504024, 4.500000000000000000, 45.48005692213685336 ) ) ;
#2469 = LINE ( 'NONE', #1878, #2414 ) ;
#2470 = FACE_OUTER_BOUND ( 'NONE', #4414, .T. ) ;
#2471 = LINE ( 'NONE', #5084, #2131 ) ;
#2472 = CARTESIAN_POINT ( 'NONE',  ( -18.56139024397707971, 3.941525029986320927, 22.40820492887896975 ) ) ;
#2473 = ORIENTED_EDGE ( 'NONE', *, *, #806, .F. ) ;
#2474 = ORIENTED_EDGE ( 'NONE', *, *, #6019, .T. ) ;
#2475 = CARTESIAN_POINT ( 'NONE',  ( -3.747035622832273382E-16, 4.500000000000000000, 6.480056922136857800 ) ) ;
#2476 = CARTESIAN_POINT ( 'NONE',  ( 16.36675776276503669, 4.292893218813452094, 65.48005692213685336 ) ) ;
#2477 = EDGE_CURVE ( 'NONE', #5157, #1806, #7758, .T. ) ;
#2478 = DIRECTION ( 'NONE',  ( 0.3236155771181851160, 0.8891264907159880382, 0.3236155771181853380 ) ) ;
#2479 = CYLINDRICAL_SURFACE ( 'NONE', #3448, 0.5000000000000004441 ) ;
#2480 = CARTESIAN_POINT ( 'NONE',  ( 20.43860975602292740, 4.000000000000000000, 6.980056922136859576 ) ) ;
#2481 = LINE ( 'NONE', #3176, #4880 ) ;
#2482 = VERTEX_POINT ( 'NONE', #6889 ) ;
#2483 = ORIENTED_EDGE ( 'NONE', *, *, #580, .T. ) ;
#2484 = LINE ( 'NONE', #2580, #717 ) ;
#2485 = LINE ( 'NONE', #1764, #3920 ) ;
#2486 = DIRECTION ( 'NONE',  ( 1.000000000000000000, -0.000000000000000000, 0.000000000000000000 ) ) ;
#2487 = AXIS2_PLACEMENT_3D ( 'NONE', #178, #5369, #2854 ) ;
#2488 = EDGE_CURVE ( 'NONE', #8189, #943, #999, .T. ) ;
#2489 = EDGE_CURVE ( 'NONE', #2261, #516, #1739, .T. ) ;
#2490 = DIRECTION ( 'NONE',  ( 1.000000000000000000, -0.000000000000000000, -0.000000000000000000 ) ) ;
#2491 = EDGE_CURVE ( 'NONE', #7959, #2454, #4852, .T. ) ;
#2492 = ORIENTED_EDGE ( 'NONE', *, *, #2590, .F. ) ;
#2493 = CARTESIAN_POINT ( 'NONE',  ( -18.34731624060602684, 0.000000000000000000, 62.83199697970583486 ) ) ;
#2494 = ORIENTED_EDGE ( 'NONE', *, *, #7119, .T. ) ;
#2495 = VECTOR ( 'NONE', #5607, 1000.000000000000000 ) ;
#2496 = ORIENTED_EDGE ( 'NONE', *, *, #6375, .F. ) ;
#2497 = VERTEX_POINT ( 'NONE', #6977 ) ;
#2498 = DIRECTION ( 'NONE',  ( -0.000000000000000000, -1.000000000000000000, -0.000000000000000000 ) ) ;
#2499 = FACE_OUTER_BOUND ( 'NONE', #4030, .T. ) ;
#2500 = CARTESIAN_POINT ( 'NONE',  ( 36.36675776276504735, 4.000000000000000000, 0.000000000000000000 ) ) ;
#2501 = EDGE_CURVE ( 'NONE', #4645, #8090, #5668, .T. ) ;
#2502 = FACE_OUTER_BOUND ( 'NONE', #370, .T. ) ;
#2503 = AXIS2_PLACEMENT_3D ( 'NONE', #1089, #7630, #1815 ) ;
#2504 = CARTESIAN_POINT ( 'NONE',  ( -3.123088165252960291, 3.883938426159696533, 26.46990285015485611 ) ) ;
#2505 = VERTEX_POINT ( 'NONE', #5494 ) ;
#2506 = LINE ( 'NONE', #1091, #7344 ) ;
#2507 = ORIENTED_EDGE ( 'NONE', *, *, #2334, .F. ) ;
#2508 = DIRECTION ( 'NONE',  ( 2.312964634635742957E-16, -0.000000000000000000, -1.000000000000000000 ) ) ;
#2509 = CARTESIAN_POINT ( 'NONE',  ( 35.87691183474704104, 3.883938426159696977, 100.4183590008609599 ) ) ;
#2510 =( BOUNDED_CURVE ( )  B_SPLINE_CURVE ( 3, ( #147, #2698, #5303, #2775 ),
 .UNSPECIFIED., .F., .F. ) 
 B_SPLINE_CURVE_WITH_KNOTS ( ( 4, 4 ),
 ( 5.934119456780720725, 6.283185307179586232 ),
 .UNSPECIFIED. ) 
 CURVE ( )  GEOMETRIC_REPRESENTATION_ITEM ( )  RATIONAL_B_SPLINE_CURVE ( ( 1.000000000000000000, 0.9898718353414720506, 0.9898718353414720506, 1.000000000000000000 ) ) 
 REPRESENTATION_ITEM ( '' )  );
#2511 = VECTOR ( 'NONE', #1319, 1000.000000000000000 ) ;
#2512 = CARTESIAN_POINT ( 'NONE',  ( -38.56139024397707260, 4.500000000000000000, 100.9082049288789733 ) ) ;
#2513 = CARTESIAN_POINT ( 'NONE',  ( 37.29054981359189469, 0.000000000000000000, 43.33199697970582065 ) ) ;
#2514 = CARTESIAN_POINT ( 'NONE',  ( 20.40845606641587651, 3.828989928337165338, 6.949903232529813124 ) ) ;
#2515 = CARTESIAN_POINT ( 'NONE',  ( 16.39691145237208403, 3.828989928337163562, 41.93835861848601354 ) ) ;
#2516 = CIRCLE ( 'NONE', #7300, 2.399999999999999467 ) ;
#2517 = CARTESIAN_POINT ( 'NONE',  ( 0.000000000000000000, 0.000000000000000000, -12.64576011232859720 ) ) ;
#2518 = CARTESIAN_POINT ( 'NONE',  ( 20.42845568404091239, 3.883938426159693869, 61.41835900086096700 ) ) ;
#2519 = DIRECTION ( 'NONE',  ( 1.000000000000000000, -0.000000000000000000, -0.000000000000000000 ) ) ;
#2520 = DIRECTION ( 'NONE',  ( -4.625929269271485914E-16, 0.000000000000000000, 1.000000000000000000 ) ) ;
#2521 = VERTEX_POINT ( 'NONE', #8128 ) ;
#2522 = VERTEX_POINT ( 'NONE', #4217 ) ;
#2523 = VECTOR ( 'NONE', #4550, 1000.000000000000000 ) ;
#2524 = CARTESIAN_POINT ( 'NONE',  ( 37.15268375939399448, -7.500000000000000000, 101.9441309255079062 ) ) ;
#2525 = VECTOR ( 'NONE', #6884, 1000.000000000000000 ) ;
#2526 = DIRECTION ( 'NONE',  ( 1.734723475976807094E-16, 0.000000000000000000, 1.000000000000000000 ) ) ;
#2527 =( BOUNDED_CURVE ( )  B_SPLINE_CURVE ( 3, ( #3091, #1889, #1230, #7723 ),
 .UNSPECIFIED., .F., .F. ) 
 B_SPLINE_CURVE_WITH_KNOTS ( ( 4, 4 ),
 ( 3.141592653589793116, 3.490658503988663064 ),
 .UNSPECIFIED. ) 
 CURVE ( )  GEOMETRIC_REPRESENTATION_ITEM ( )  RATIONAL_B_SPLINE_CURVE ( ( 1.000000000000000000, 0.9898718353414717175, 0.9898718353414717175, 1.000000000000000000 ) ) 
 REPRESENTATION_ITEM ( '' )  );
#2528 = FACE_OUTER_BOUND ( 'NONE', #7174, .T. ) ;
#2529 = DIRECTION ( 'NONE',  ( 1.000000000000000000, -0.000000000000000000, -0.000000000000000000 ) ) ;
#2530 = CARTESIAN_POINT ( 'NONE',  ( -19.06139024397708681, 4.000000000000000000, 0.000000000000000000 ) ) ;
#2531 = ORIENTED_EDGE ( 'NONE', *, *, #4529, .F. ) ;
#2532 = VECTOR ( 'NONE', #7233, 1000.000000000000000 ) ;
#2533 = VERTEX_POINT ( 'NONE', #7224 ) ;
#2534 = AXIS2_PLACEMENT_3D ( 'NONE', #3865, #7793, #1288 ) ;
#2535 = EDGE_CURVE ( 'NONE', #397, #3282, #3276, .T. ) ;
#2536 = CARTESIAN_POINT ( 'NONE',  ( -22.60308854762791597, 3.828989928337164450, 61.19413092550791333 ) ) ;
#2537 = CARTESIAN_POINT ( 'NONE',  ( 1.961773564377645065E-14, 4.500000000000000000, 42.40820492887897331 ) ) ;
#2538 = VERTEX_POINT ( 'NONE', #7178 ) ;
#2539 = DIRECTION ( 'NONE',  ( -1.000000000000000000, 0.000000000000000000, 0.000000000000000000 ) ) ;
#2540 = ORIENTED_EDGE ( 'NONE', *, *, #4868, .F. ) ;
#2541 = ADVANCED_FACE ( 'NONE', ( #5161 ), #602, .T. ) ;
#2542 = CIRCLE ( 'NONE', #6250, 2.400000000000001243 ) ;
#2543 = ADVANCED_FACE ( 'NONE', ( #8379 ), #5846, .T. ) ;
#2544 = ORIENTED_EDGE ( 'NONE', *, *, #2812, .T. ) ;
#2545 = EDGE_CURVE ( 'NONE', #6049, #4765, #1164, .T. ) ;
#2546 = EDGE_LOOP ( 'NONE', ( #6371, #6069 ) ) ;
#2547 = LINE ( 'NONE', #3110, #3623 ) ;
#2548 = VECTOR ( 'NONE', #1745, 1000.000000000000000 ) ;
#2549 = CARTESIAN_POINT ( 'NONE',  ( 0.000000000000000000, 4.000000000000000000, 22.40820492887896975 ) ) ;
#2550 = EDGE_CURVE ( 'NONE', #6759, #2482, #3909, .T. ) ;
#2551 = VECTOR ( 'NONE', #5908, 1000.000000000000000 ) ;
#2552 = DIRECTION ( 'NONE',  ( 0.000000000000000000, 0.3420201433256694901, -0.9396926207859082059 ) ) ;
#2553 = AXIS2_PLACEMENT_3D ( 'NONE', #1456, #2663, #7253 ) ;
#2554 = ORIENTED_EDGE ( 'NONE', *, *, #6912, .F. ) ;
#2555 = LINE ( 'NONE', #7795, #7484 ) ;
#2556 = EDGE_CURVE ( 'NONE', #5462, #5216, #8338, .T. ) ;
#2557 = ORIENTED_EDGE ( 'NONE', *, *, #4897, .F. ) ;
#2558 = LINE ( 'NONE', #3746, #2672 ) ;
#2559 = CARTESIAN_POINT ( 'NONE',  ( 36.36675776276504735, 4.500000000000000000, 64.98005692213685336 ) ) ;
#2560 = VECTOR ( 'NONE', #414, 1000.000000000000000 ) ;
#2561 = EDGE_CURVE ( 'NONE', #7645, #4913, #5113, .T. ) ;
#2562 = CARTESIAN_POINT ( 'NONE',  ( 20.40845606641586940, 3.828989928337165338, 61.19413092550791333 ) ) ;
#2563 = CARTESIAN_POINT ( 'NONE',  ( 43.90268375939396606, 5.000000000000000000, 3.194130925507923546 ) ) ;
#2564 = CARTESIAN_POINT ( 'NONE',  ( 34.08177813309094262, 8.816027736361817801, 67.26503655181096519 ) ) ;
#2565 = CARTESIAN_POINT ( 'NONE',  ( 20.43860975602294161, 4.000000000000000000, 84.98005692213685336 ) ) ;
#2566 =( BOUNDED_CURVE ( )  B_SPLINE_CURVE ( 3, ( #6530, #3892, #4019, #7899 ),
 .UNSPECIFIED., .F., .F. ) 
 B_SPLINE_CURVE_WITH_KNOTS ( ( 4, 4 ),
 ( 3.141592653589793116, 3.490658503988659067 ),
 .UNSPECIFIED. ) 
 CURVE ( )  GEOMETRIC_REPRESENTATION_ITEM ( )  RATIONAL_B_SPLINE_CURVE ( ( 1.000000000000000000, 0.9898718353414720506, 0.9898718353414720506, 1.000000000000000000 ) ) 
 REPRESENTATION_ITEM ( '' )  );
#2567 = DIRECTION ( 'NONE',  ( -1.000000000000000000, 0.000000000000000000, -1.156482317317871232E-16 ) ) ;
#2568 = DIRECTION ( 'NONE',  ( 1.000000000000000000, 0.000000000000000000, -1.228122814850837064E-16 ) ) ;
#2569 = ADVANCED_FACE ( 'NONE', ( #3149 ), #5753, .T. ) ;
#2570 = ORIENTED_EDGE ( 'NONE', *, *, #6711, .F. ) ;
#2571 = VERTEX_POINT ( 'NONE', #4468 ) ;
#2572 = AXIS2_PLACEMENT_3D ( 'NONE', #4556, #5901, #2000 ) ;
#2573 = DIRECTION ( 'NONE',  ( -2.312964634635742957E-16, 0.000000000000000000, 1.000000000000000000 ) ) ;
#2574 = CARTESIAN_POINT ( 'NONE',  ( 0.000000000000000000, 4.000000000000000000, 100.9082049288789733 ) ) ;
#2575 = FACE_OUTER_BOUND ( 'NONE', #2318, .T. ) ;
#2576 = CARTESIAN_POINT ( 'NONE',  ( -18.76849702516362228, 4.499999999999998224, 6.772950140950313447 ) ) ;
#2577 = VERTEX_POINT ( 'NONE', #7098 ) ;
#2578 = ORIENTED_EDGE ( 'NONE', *, *, #6599, .T. ) ;
#2579 = DIRECTION ( 'NONE',  ( 1.000000000000000000, -0.000000000000000000, 0.000000000000000000 ) ) ;
#2580 = CARTESIAN_POINT ( 'NONE',  ( 0.000000000000000000, 4.500000000000000000, 100.9082049288789733 ) ) ;
#2581 = DIRECTION ( 'NONE',  ( 1.000000000000000000, 0.000000000000000000, 0.000000000000000000 ) ) ;
#2582 = CARTESIAN_POINT ( 'NONE',  ( -2.633242237234963312, 4.500000000000000000, 45.48005692213685336 ) ) ;
#2583 = ORIENTED_EDGE ( 'NONE', *, *, #6478, .T. ) ;
#2584 = DIRECTION ( 'NONE',  ( -1.011922027653137513E-16, 0.000000000000000000, 1.000000000000000000 ) ) ;
#2585 = ORIENTED_EDGE ( 'NONE', *, *, #4417, .T. ) ;
#2586 = EDGE_LOOP ( 'NONE', ( #1552, #1659, #5470, #2083 ) ) ;
#2587 = ORIENTED_EDGE ( 'NONE', *, *, #4067, .F. ) ;
#2588 = CARTESIAN_POINT ( 'NONE',  ( -1.709450186408105976, -8.673617379884035472E-16, 62.83199697970584197 ) ) ;
#2589 = EDGE_CURVE ( 'NONE', #708, #638, #1206, .T. ) ;
#2590 = EDGE_CURVE ( 'NONE', #1010, #452, #7135, .T. ) ;
#2591 = DIRECTION ( 'NONE',  ( -0.9396926207859082059, 0.3420201433256694901, -1.086737899652991001E-16 ) ) ;
#2592 = ORIENTED_EDGE ( 'NONE', *, *, #2390, .F. ) ;
#2593 = CARTESIAN_POINT ( 'NONE',  ( -22.60308854762791597, 3.828989928337167115, 65.44990323252982023 ) ) ;
#2594 = ORIENTED_EDGE ( 'NONE', *, *, #7643, .F. ) ;
#2595 = CARTESIAN_POINT ( 'NONE',  ( -1.709450186408107975, 0.000000000000000000, 22.19413092550791688 ) ) ;
#2596 = LINE ( 'NONE', #566, #4291 ) ;
#2597 = DIRECTION ( 'NONE',  ( 1.151683635503274765E-16, 0.000000000000000000, 1.000000000000000000 ) ) ;
#2598 = EDGE_CURVE ( 'NONE', #1359, #3444, #4126, .T. ) ;
#2599 = LINE ( 'NONE', #1339, #6752 ) ;
#2600 = DIRECTION ( 'NONE',  ( 0.000000000000000000, 0.3420201433256694901, 0.9396926207859082059 ) ) ;
#2601 = EDGE_CURVE ( 'NONE', #3427, #677, #5844, .T. ) ;
#2602 = FACE_OUTER_BOUND ( 'NONE', #4487, .T. ) ;
#2603 = LINE ( 'NONE', #5131, #5140 ) ;
#2604 = CARTESIAN_POINT ( 'NONE',  ( -18.59154393358412349, 3.828989928337163562, 22.43835861848602065 ) ) ;
#2605 = VERTEX_POINT ( 'NONE', #6669 ) ;
#2606 = VERTEX_POINT ( 'NONE', #7221 ) ;
#2607 = ADVANCED_FACE ( 'NONE', ( #4757 ), #7951, .F. ) ;
#2608 = CARTESIAN_POINT ( 'NONE',  ( -3.347316240606022397, 4.500000000000000000, 80.69413092550790623 ) ) ;
#2609 =( BOUNDED_CURVE ( )  B_SPLINE_CURVE ( 3, ( #6852, #1472, #8089, #4174 ),
 .UNSPECIFIED., .F., .F. ) 
 B_SPLINE_CURVE_WITH_KNOTS ( ( 4, 4 ),
 ( 1.570796326794896558, 3.141592653589793116 ),
 .UNSPECIFIED. ) 
 CURVE ( )  GEOMETRIC_REPRESENTATION_ITEM ( )  RATIONAL_B_SPLINE_CURVE ( ( 1.000000000000000000, 0.8047378541243649375, 0.8047378541243649375, 1.000000000000000000 ) ) 
 REPRESENTATION_ITEM ( '' )  );
#2610 = LINE ( 'NONE', #4013, #990 ) ;
#2611 = CARTESIAN_POINT ( 'NONE',  ( 1.152683759393980711, 4.500000000000000000, 65.69413092550790623 ) ) ;
#2612 = ORIENTED_EDGE ( 'NONE', *, *, #3583, .T. ) ;
#2613 = ORIENTED_EDGE ( 'NONE', *, *, #3388, .F. ) ;
#2614 = CARTESIAN_POINT ( 'NONE',  ( -42.59731624060599131, 4.500000000000000000, 108.1941309255078920 ) ) ;
#2615 = DIRECTION ( 'NONE',  ( -0.000000000000000000, 1.000000000000000000, -0.000000000000000000 ) ) ;
#2616 = DIRECTION ( 'NONE',  ( 2.312964634635742957E-16, -0.000000000000000000, -1.000000000000000000 ) ) ;
#2617 = CYLINDRICAL_SURFACE ( 'NONE', #4872, 0.5000000000000004441 ) ;
#2618 = CARTESIAN_POINT ( 'NONE',  ( -3.133242237234962868, 4.000000000000000000, 100.4082049288789733 ) ) ;
#2619 = CARTESIAN_POINT ( 'NONE',  ( -18.34731624060601973, 3.828989928337163562, 100.4383586184860206 ) ) ;
#2620 = EDGE_LOOP ( 'NONE', ( #387, #8431, #4903, #2410 ) ) ;
#2621 = DIRECTION ( 'NONE',  ( 1.000000000000000000, -0.000000000000000000, -4.625929269271485914E-16 ) ) ;
#2622 = VERTEX_POINT ( 'NONE', #6100 ) ;
#2623 = ORIENTED_EDGE ( 'NONE', *, *, #8233, .F. ) ;
#2624 = EDGE_LOOP ( 'NONE', ( #2373, #3568, #7921, #3658 ) ) ;
#2625 = CARTESIAN_POINT ( 'NONE',  ( 19.93860975602291674, 4.500000000000000000, 61.90820492887896620 ) ) ;
#2626 = DIRECTION ( 'NONE',  ( 0.000000000000000000, 0.000000000000000000, 1.000000000000000000 ) ) ;
#2627 = DIRECTION ( 'NONE',  ( 2.312964634635742957E-16, -0.000000000000000000, -1.000000000000000000 ) ) ;
#2628 = FACE_OUTER_BOUND ( 'NONE', #7988, .T. ) ;
#2629 = VECTOR ( 'NONE', #158, 1000.000000000000000 ) ;
#2630 = VERTEX_POINT ( 'NONE', #5401 ) ;
#2631 = CARTESIAN_POINT ( 'NONE',  ( 1.152683759393980489, 3.828989928337163562, 45.94990323252980602 ) ) ;
#2632 = ORIENTED_EDGE ( 'NONE', *, *, #5112, .T. ) ;
#2633 = PLANE ( 'NONE',  #7865 ) ;
#2634 = EDGE_CURVE ( 'NONE', #4952, #5216, #4457, .T. ) ;
#2636 = CARTESIAN_POINT ( 'NONE',  ( 19.93860975602291674, 4.500000000000000000, 45.48005692213685336 ) ) ;
#2635 = AXIS2_PLACEMENT_3D ( 'NONE', #1840, #5014, #4403 ) ;
#2637 = CARTESIAN_POINT ( 'NONE',  ( 1.938643918031287532E-14, 4.000000000000000000, 41.90820492887898041 ) ) ;
#2638 = CARTESIAN_POINT ( 'NONE',  ( -2.840700125539225328E-14, 4.000000000000000000, 61.40820492887895909 ) ) ;
#2639 = CARTESIAN_POINT ( 'NONE',  ( 0.000000000000000000, 4.000000000000000000, 25.98005692213686046 ) ) ;
#2640 = DIRECTION ( 'NONE',  ( 0.000000000000000000, 0.3420201433256694901, -0.9396926207859082059 ) ) ;
#2641 = DIRECTION ( 'NONE',  ( -0.000000000000000000, 1.000000000000000000, -0.000000000000000000 ) ) ;
#2642 = VECTOR ( 'NONE', #918, 1000.000000000000000 ) ;
#2643 = DIRECTION ( 'NONE',  ( 0.000000000000000000, -0.000000000000000000, -1.000000000000000000 ) ) ;
#2644 = ORIENTED_EDGE ( 'NONE', *, *, #6586, .F. ) ;
#2645 = ORIENTED_EDGE ( 'NONE', *, *, #2863, .T. ) ;
#2646 = EDGE_CURVE ( 'NONE', #2925, #430, #2067, .T. ) ;
#2647 = ADVANCED_FACE ( 'NONE', ( #4664 ), #7863, .T. ) ;
#2648 = EDGE_CURVE ( 'NONE', #6755, #7736, #5888, .T. ) ;
#2649 = CARTESIAN_POINT ( 'NONE',  ( 16.86675776276503669, 4.500000000000000000, 64.98005692213685336 ) ) ;
#2650 = LINE ( 'NONE', #5260, #7635 ) ;
#2651 = CARTESIAN_POINT ( 'NONE',  ( -22.60308854762791952, 3.828989928337164450, 100.4383586184860206 ) ) ;
#2652 = DIRECTION ( 'NONE',  ( 0.000000000000000000, 0.000000000000000000, -1.000000000000000000 ) ) ;
#2653 = ORIENTED_EDGE ( 'NONE', *, *, #5772, .F. ) ;
#2654 = CIRCLE ( 'NONE', #8003, 3.499999999999999556 ) ;
#2655 = VERTEX_POINT ( 'NONE', #3428 ) ;
#2656 = ADVANCED_FACE ( 'NONE', ( #6749 ), #7914, .F. ) ;
#2657 = CARTESIAN_POINT ( 'NONE',  ( -38.56139024397706550, 4.500000000000000000, -1.783822637934134238E-14 ) ) ;
#2658 = LINE ( 'NONE', #1234, #6491 ) ;
#2659 = CYLINDRICAL_SURFACE ( 'NONE', #481, 0.5000000000000004441 ) ;
#2660 = EDGE_CURVE ( 'NONE', #8418, #5664, #3471, .T. ) ;
#2661 =( BOUNDED_CURVE ( )  B_SPLINE_CURVE ( 3, ( #7058, #7634, #8303, #1093 ),
 .UNSPECIFIED., .F., .F. ) 
 B_SPLINE_CURVE_WITH_KNOTS ( ( 4, 4 ),
 ( 1.570796326794896558, 3.141592653589793116 ),
 .UNSPECIFIED. ) 
 CURVE ( )  GEOMETRIC_REPRESENTATION_ITEM ( )  RATIONAL_B_SPLINE_CURVE ( ( 1.000000000000000000, 0.8047378541243649375, 0.8047378541243649375, 1.000000000000000000 ) ) 
 REPRESENTATION_ITEM ( '' )  );
#2662 = AXIS2_PLACEMENT_3D ( 'NONE', #3349, #2752, #1413 ) ;
#2663 = DIRECTION ( 'NONE',  ( 0.9396926207859082059, 0.3420201433256694901, 0.000000000000000000 ) ) ;
#2664 = ORIENTED_EDGE ( 'NONE', *, *, #2755, .T. ) ;
#2665 = CARTESIAN_POINT ( 'NONE',  ( 0.9386097560229275105, 4.000000000000000000, 9.497998874897373556E-17 ) ) ;
#2666 = AXIS2_PLACEMENT_3D ( 'NONE', #2798, #5489, #6841 ) ;
#2667 = ORIENTED_EDGE ( 'NONE', *, *, #382, .F. ) ;
#2668 = ORIENTED_EDGE ( 'NONE', *, *, #2081, .F. ) ;
#2669 = ORIENTED_EDGE ( 'NONE', *, *, #2020, .F. ) ;
#2670 = DIRECTION ( 'NONE',  ( -1.000000000000000000, 0.000000000000000000, 0.000000000000000000 ) ) ;
#2671 = CARTESIAN_POINT ( 'NONE',  ( 1.152683759393978935, 4.500000000000000000, 61.19413092550791333 ) ) ;
#2672 = VECTOR ( 'NONE', #8432, 1000.000000000000000 ) ;
#2673 = VECTOR ( 'NONE', #5646, 1000.000000000000000 ) ;
#2674 = CARTESIAN_POINT ( 'NONE',  ( 35.86675776276504735, 4.000000000000000000, 22.40820492887897686 ) ) ;
#2675 = DIRECTION ( 'NONE',  ( 0.000000000000000000, 0.000000000000000000, 1.000000000000000000 ) ) ;
#2676 = AXIS2_PLACEMENT_3D ( 'NONE', #6199, #1695, #6288 ) ;
#2677 = EDGE_LOOP ( 'NONE', ( #7033, #6450, #4443, #1976 ) ) ;
#2678 = CARTESIAN_POINT ( 'NONE',  ( -37.84731624060601263, 3.828989928337165338, 6.949903232529813124 ) ) ;
#2679 = ORIENTED_EDGE ( 'NONE', *, *, #6685, .F. ) ;
#2680 = DIRECTION ( 'NONE',  ( 1.156482317317871478E-16, -0.000000000000000000, -1.000000000000000000 ) ) ;
#2681 = CARTESIAN_POINT ( 'NONE',  ( -22.84731624060602329, 4.500000000000000000, 100.1941309255079062 ) ) ;
#2682 = VECTOR ( 'NONE', #5713, 1000.000000000000000 ) ;
#2683 = DIRECTION ( 'NONE',  ( 0.000000000000000000, 0.000000000000000000, -1.000000000000000000 ) ) ;
#2684 = VECTOR ( 'NONE', #8201, 1000.000000000000000 ) ;
#2685 = DIRECTION ( 'NONE',  ( -1.156482317317871478E-16, 0.000000000000000000, 1.000000000000000000 ) ) ;
#2686 = DIRECTION ( 'NONE',  ( -0.3236155771181852825, 0.8891264907159880382, 0.3236155771181852825 ) ) ;
#2687 = CARTESIAN_POINT ( 'NONE',  ( 0.000000000000000000, 4.000000000000000000, 45.48005692213685336 ) ) ;
#2688 = AXIS2_PLACEMENT_3D ( 'NONE', #581, #6565, #4649 ) ;
#2689 = DIRECTION ( 'NONE',  ( 1.000000000000000000, -0.000000000000000000, 0.000000000000000000 ) ) ;
#2690 = CARTESIAN_POINT ( 'NONE',  ( 0.000000000000000000, 5.000000000000000000, -41.80586907449207956 ) ) ;
#2691 = ORIENTED_EDGE ( 'NONE', *, *, #6806, .F. ) ;
#2692 = VECTOR ( 'NONE', #1788, 1000.000000000000000 ) ;
#2693 = EDGE_LOOP ( 'NONE', ( #3399, #2929, #596, #5600 ) ) ;
#2694 = CARTESIAN_POINT ( 'NONE',  ( 0.000000000000000000, 4.000000000000000000, 22.90820492887897686 ) ) ;
#2696 = CARTESIAN_POINT ( 'NONE',  ( 0.000000000000000000, 4.500000000000000000, 64.98005692213685336 ) ) ;
#2695 = VECTOR ( 'NONE', #6399, 1000.000000000000000 ) ;
#2697 = DIRECTION ( 'NONE',  ( 0.000000000000000000, 0.000000000000000000, 1.000000000000000000 ) ) ;
#2698 = CARTESIAN_POINT ( 'NONE',  ( -22.62308816525295541, 3.883938426159695645, 6.969902850154856999 ) ) ;
#2699 = CYLINDRICAL_SURFACE ( 'NONE', #5156, 0.5000000000000004441 ) ;
#2700 = ADVANCED_FACE ( 'NONE', ( #3949 ), #1365, .T. ) ;
#2701 = EDGE_CURVE ( 'NONE', #4399, #5622, #40, .T. ) ;
#2702 = VERTEX_POINT ( 'NONE', #2107 ) ;
#2703 = VECTOR ( 'NONE', #2478, 1000.000000000000000 ) ;
#2704 = ORIENTED_EDGE ( 'NONE', *, *, #1854, .F. ) ;
#2705 = CYLINDRICAL_SURFACE ( 'NONE', #748, 0.5000000000000004441 ) ;
#2706 = CYLINDRICAL_SURFACE ( 'NONE', #5249, 0.5000000000000004441 ) ;
#2707 = CARTESIAN_POINT ( 'NONE',  ( -3.133242237234965977, 4.292893218813452094, 61.40820492887897331 ) ) ;
#2708 = LINE ( 'NONE', #5917, #832 ) ;
#2709 = CARTESIAN_POINT ( 'NONE',  ( 16.57386454395158637, 4.500000000000000000, 26.27295014095031433 ) ) ;
#2710 = ADVANCED_FACE ( 'NONE', ( #6581 ), #7261, .T. ) ;
#2711 = ORIENTED_EDGE ( 'NONE', *, *, #4042, .T. ) ;
#2712 = CARTESIAN_POINT ( 'NONE',  ( -4.918221866909063600, 8.816027736361817801, 79.12322529920486147 ) ) ;
#2713 = ORIENTED_EDGE ( 'NONE', *, *, #5680, .T. ) ;
#2714 = EDGE_CURVE ( 'NONE', #3649, #8500, #2717, .T. ) ;
#2715 = VERTEX_POINT ( 'NONE', #1462 ) ;
#2716 = ORIENTED_EDGE ( 'NONE', *, *, #5311, .F. ) ;
#2717 = LINE ( 'NONE', #6016, #3098 ) ;
#2718 = CARTESIAN_POINT ( 'NONE',  ( 20.43860975602291319, 4.000000000000000000, 61.40820492887896620 ) ) ;
#2719 =( BOUNDED_CURVE ( )  B_SPLINE_CURVE ( 3, ( #233, #2860, #7148, #1185 ),
 .UNSPECIFIED., .F., .F. ) 
 B_SPLINE_CURVE_WITH_KNOTS ( ( 4, 4 ),
 ( 1.570796326794896558, 3.141592653589793116 ),
 .UNSPECIFIED. ) 
 CURVE ( )  GEOMETRIC_REPRESENTATION_ITEM ( )  RATIONAL_B_SPLINE_CURVE ( ( 1.000000000000000000, 0.8047378541243649375, 0.8047378541243649375, 1.000000000000000000 ) ) 
 REPRESENTATION_ITEM ( '' )  );
#2720 = ADVANCED_FACE ( 'NONE', ( #4080 ), #6709, .T. ) ;
#2721 = CARTESIAN_POINT ( 'NONE',  ( -2.863829771885582546E-14, 4.000000000000000000, 61.90820492887895909 ) ) ;
#2722 = ORIENTED_EDGE ( 'NONE', *, *, #2964, .F. ) ;
#2723 = CYLINDRICAL_SURFACE ( 'NONE', #2252, 0.5000000000000004441 ) ;
#2724 = DIRECTION ( 'NONE',  ( 0.3236155771181851160, 0.8891264907159879272, 0.3236155771181852825 ) ) ;
#2725 = ADVANCED_FACE ( 'NONE', ( #8206 ), #5580, .T. ) ;
#2726 = CARTESIAN_POINT ( 'NONE',  ( -18.56139024397708681, 4.000000000000000000, 0.000000000000000000 ) ) ;
#2727 = DIRECTION ( 'NONE',  ( 0.000000000000000000, -0.9396926207859082059, 0.3420201433256694901 ) ) ;
#2728 = ORIENTED_EDGE ( 'NONE', *, *, #2867, .T. ) ;
#2729 = DIRECTION ( 'NONE',  ( 1.000000000000000000, -0.000000000000000000, -4.625929269271485914E-16 ) ) ;
#2730 = CARTESIAN_POINT ( 'NONE',  ( 0.9386097560229211823, 3.941525029986320927, 41.90820492887896620 ) ) ;
#2731 = ORIENTED_EDGE ( 'NONE', *, *, #3732, .T. ) ;
#2732 = VERTEX_POINT ( 'NONE', #1076 ) ;
#2733 =( BOUNDED_CURVE ( )  B_SPLINE_CURVE ( 3, ( #4388, #2461, #5717, #3789 ),
 .UNSPECIFIED., .F., .F. ) 
 B_SPLINE_CURVE_WITH_KNOTS ( ( 4, 4 ),
 ( 0.000000000000000000, 1.570796326794896558 ),
 .UNSPECIFIED. ) 
 CURVE ( )  GEOMETRIC_REPRESENTATION_ITEM ( )  RATIONAL_B_SPLINE_CURVE ( ( 1.000000000000000000, 0.8047378541243649375, 0.8047378541243649375, 1.000000000000000000 ) ) 
 REPRESENTATION_ITEM ( '' )  );
#2734 = CARTESIAN_POINT ( 'NONE',  ( 48.90268375939397316, 4.500000000000000000, -5.130869074492089510 ) ) ;
#2735 = DIRECTION ( 'NONE',  ( 1.000000000000000000, -0.000000000000000000, 0.000000000000000000 ) ) ;
#2736 = FACE_OUTER_BOUND ( 'NONE', #1461, .T. ) ;
#2737 = DIRECTION ( 'NONE',  ( -1.156482317317871478E-16, 0.000000000000000000, 1.000000000000000000 ) ) ;
#2738 = DIRECTION ( 'NONE',  ( -2.312964634635742957E-16, 0.000000000000000000, 1.000000000000000000 ) ) ;
#2739 = ORIENTED_EDGE ( 'NONE', *, *, #7269, .T. ) ;
#2740 = LINE ( 'NONE', #7939, #7639 ) ;
#2741 = ADVANCED_FACE ( 'NONE', ( #4155 ), #6794, .F. ) ;
#2742 = EDGE_CURVE ( 'NONE', #3386, #4893, #946, .T. ) ;
#2743 = LINE ( 'NONE', #3460, #43 ) ;
#2744 = CARTESIAN_POINT ( 'NONE',  ( 17.79054981359189469, 0.000000000000000000, 41.69413092550790623 ) ) ;
#2745 = DIRECTION ( 'NONE',  ( 0.000000000000000000, 0.3420201433256694901, 0.9396926207859082059 ) ) ;
#2746 = ORIENTED_EDGE ( 'NONE', *, *, #3710, .F. ) ;
#2747 = CARTESIAN_POINT ( 'NONE',  ( 0.000000000000000000, 4.000000000000000000, 64.98005692213685336 ) ) ;
#2748 = ORIENTED_EDGE ( 'NONE', *, *, #345, .T. ) ;
#2749 = VERTEX_POINT ( 'NONE', #7532 ) ;
#2750 = ORIENTED_EDGE ( 'NONE', *, *, #3702, .F. ) ;
#2751 = CARTESIAN_POINT ( 'NONE',  ( 0.9386097560230008963, 4.000000000000000000, 7.462713401705665691E-16 ) ) ;
#2752 = DIRECTION ( 'NONE',  ( 4.346951598611964005E-16, 0.3420201433256694901, 0.9396926207859082059 ) ) ;
#2753 = CARTESIAN_POINT ( 'NONE',  ( -19.06139024397707615, 4.000000000000000000, -4.408832152130975110E-15 ) ) ;
#2754 = EDGE_CURVE ( 'NONE', #8090, #2384, #1642, .T. ) ;
#2755 = EDGE_CURVE ( 'NONE', #4991, #4497, #5098, .T. ) ;
#2756 = LINE ( 'NONE', #1600, #7612 ) ;
#2757 = ORIENTED_EDGE ( 'NONE', *, *, #6221, .F. ) ;
#2758 = DIRECTION ( 'NONE',  ( -1.156482317317871478E-16, 0.000000000000000000, 1.000000000000000000 ) ) ;
#2759 = VERTEX_POINT ( 'NONE', #1846 ) ;
#2760 = CARTESIAN_POINT ( 'NONE',  ( 16.86675776276503669, 4.500000000000000000, 100.9082049288789875 ) ) ;
#2761 = EDGE_CURVE ( 'NONE', #8305, #1204, #6483, .T. ) ;
#2762 = VERTEX_POINT ( 'NONE', #2447 ) ;
#2763 = EDGE_CURVE ( 'NONE', #2053, #7395, #7200, .T. ) ;
#2764 = AXIS2_PLACEMENT_3D ( 'NONE', #1948, #3960, #693 ) ;
#2765 = CARTESIAN_POINT ( 'NONE',  ( -21.20945018640811242, 1.734723475976807094E-15, 82.33199697970583486 ) ) ;
#2766 = EDGE_LOOP ( 'NONE', ( #7434, #5264, #218, #867 ) ) ;
#2767 = CARTESIAN_POINT ( 'NONE',  ( 20.40845606641586940, 3.828989928337164450, 45.94990323252980602 ) ) ;
#2768 = CARTESIAN_POINT ( 'NONE',  ( 37.29054981359189469, 8.673617379884035472E-16, 64.05626487130999180 ) ) ;
#2769 = ORIENTED_EDGE ( 'NONE', *, *, #1803, .F. ) ;
#2770 = EDGE_LOOP ( 'NONE', ( #719, #7076, #1628, #8261 ) ) ;
#2771 = CIRCLE ( 'NONE', #4818, 1.399999999999998579 ) ;
#2772 = EDGE_CURVE ( 'NONE', #3261, #214, #4530, .T. ) ;
#2773 = DIRECTION ( 'NONE',  ( 0.000000000000000000, -0.000000000000000000, -1.000000000000000000 ) ) ;
#2774 = CARTESIAN_POINT ( 'NONE',  ( 3.747035622832274861E-16, 4.000000000000000000, 6.480056922136858688 ) ) ;
#2775 = CARTESIAN_POINT ( 'NONE',  ( -22.63324223723496331, 4.000000000000000000, 6.980056922136861353 ) ) ;
#2776 = CARTESIAN_POINT ( 'NONE',  ( -51.09731624060602684, 5.000000000000000000, -2.630869074492086845 ) ) ;
#2777 = DIRECTION ( 'NONE',  ( -1.000000000000000000, 0.000000000000000000, -2.312964634635732603E-16 ) ) ;
#2778 = VERTEX_POINT ( 'NONE', #548 ) ;
#2779 = ORIENTED_EDGE ( 'NONE', *, *, #2488, .F. ) ;
#2780 = DIRECTION ( 'NONE',  ( -4.625929269271485914E-16, -0.000000000000000000, 1.000000000000000000 ) ) ;
#2781 = CARTESIAN_POINT ( 'NONE',  ( -38.09154393358411994, 3.828989928337162674, 84.94990323252980602 ) ) ;
#2782 = VECTOR ( 'NONE', #3818, 1000.000000000000114 ) ;
#2783 = LINE ( 'NONE', #2876, #4428 ) ;
#2784 = CYLINDRICAL_SURFACE ( 'NONE', #6387, 0.5000000000000004441 ) ;
#2785 = DIRECTION ( 'NONE',  ( -0.3236155771181852825, 0.8891264907159880382, -0.3236155771181852825 ) ) ;
#2786 = DIRECTION ( 'NONE',  ( 0.000000000000000000, 0.000000000000000000, 1.000000000000000000 ) ) ;
#2787 = CARTESIAN_POINT ( 'NONE',  ( -22.60308854762791952, 3.828989928337165338, 26.44990323252981668 ) ) ;
#2788 = ORIENTED_EDGE ( 'NONE', *, *, #5739, .F. ) ;
#2789 = VECTOR ( 'NONE', #7287, 1000.000000000000000 ) ;
#2790 = ORIENTED_EDGE ( 'NONE', *, *, #286, .F. ) ;
#2791 = EDGE_LOOP ( 'NONE', ( #8354, #5485, #1543, #5638 ) ) ;
#2792 = ORIENTED_EDGE ( 'NONE', *, *, #394, .F. ) ;
#2793 = DIRECTION ( 'NONE',  ( 0.000000000000000000, -0.9396926207859080948, 0.3420201433256694346 ) ) ;
#2794 = DIRECTION ( 'NONE',  ( 0.000000000000000000, 0.000000000000000000, -1.000000000000000000 ) ) ;
#2795 = VECTOR ( 'NONE', #1606, 1000.000000000000000 ) ;
#2796 = AXIS2_PLACEMENT_3D ( 'NONE', #2721, #3914, #1334 ) ;
#2797 = ADVANCED_FACE ( 'NONE', ( #5780 ), #2404, .F. ) ;
#2798 = CARTESIAN_POINT ( 'NONE',  ( 1.668327990038994106E-14, 4.500000000000000000, 108.1941309255078920 ) ) ;
#2799 = EDGE_CURVE ( 'NONE', #5356, #8038, #6440, .T. ) ;
#2800 = ADVANCED_FACE ( 'NONE', ( #4452 ), #8328, .F. ) ;
#2801 = ORIENTED_EDGE ( 'NONE', *, *, #7582, .F. ) ;
#2802 = DIRECTION ( 'NONE',  ( -1.000000000000000000, 0.000000000000000000, 0.000000000000000000 ) ) ;
#2803 = VECTOR ( 'NONE', #5796, 1000.000000000000000 ) ;
#2804 = EDGE_LOOP ( 'NONE', ( #978, #5676, #7181, #1988 ) ) ;
#2805 = FACE_OUTER_BOUND ( 'NONE', #3007, .T. ) ;
#2806 = EDGE_CURVE ( 'NONE', #4833, #5701, #1398, .T. ) ;
#2807 = MECHANICAL_DESIGN_GEOMETRIC_PRESENTATION_REPRESENTATION (  '', ( #8018 ), #3095 ) ;
#2808 = ORIENTED_EDGE ( 'NONE', *, *, #7682, .T. ) ;
#2809 = FACE_OUTER_BOUND ( 'NONE', #786, .T. ) ;
#2810 = CARTESIAN_POINT ( 'NONE',  ( 0.000000000000000000, 4.500000000000000000, 81.40820492887897331 ) ) ;
#2811 = VECTOR ( 'NONE', #3734, 1000.000000000000000 ) ;
#2812 = EDGE_CURVE ( 'NONE', #862, #4162, #4820, .T. ) ;
#2813 = ORIENTED_EDGE ( 'NONE', *, *, #7328, .T. ) ;
#2814 = CARTESIAN_POINT ( 'NONE',  ( -39.48518229480393416, 0.000000000000000000, 62.83199697970583486 ) ) ;
#2815 = ORIENTED_EDGE ( 'NONE', *, *, #5276, .F. ) ;
#2816 = DIRECTION ( 'NONE',  ( -0.000000000000000000, -1.000000000000000000, -0.000000000000000000 ) ) ;
#2817 = ORIENTED_EDGE ( 'NONE', *, *, #745, .F. ) ;
#2818 = EDGE_CURVE ( 'NONE', #376, #4323, #3454, .T. ) ;
#2819 = AXIS2_PLACEMENT_3D ( 'NONE', #6050, #3309, #721 ) ;
#2820 = ORIENTED_EDGE ( 'NONE', *, *, #8103, .F. ) ;
#2821 = VECTOR ( 'NONE', #4580, 1000.000000000000000 ) ;
#2822 = DIRECTION ( 'NONE',  ( -0.000000000000000000, 1.000000000000000000, -0.000000000000000000 ) ) ;
#2823 = AXIS2_PLACEMENT_3D ( 'NONE', #2574, #7244, #1393 ) ;
#2824 = CARTESIAN_POINT ( 'NONE',  ( 1.961773564377644119E-14, 4.000000000000000000, 42.40820492887895909 ) ) ;
#2825 = CARTESIAN_POINT ( 'NONE',  ( 37.15268375939399448, 0.000000000000000000, 101.9441309255079062 ) ) ;
#2826 = EDGE_CURVE ( 'NONE', #4755, #2980, #6002, .T. ) ;
#2827 = VECTOR ( 'NONE', #3452, 1000.000000000000000 ) ;
#2828 = CARTESIAN_POINT ( 'NONE',  ( -19.98518229480393060, -4.336808689942017736E-16, 25.05626487131000246 ) ) ;
#2829 = VERTEX_POINT ( 'NONE', #8104 ) ;
#2830 = ORIENTED_EDGE ( 'NONE', *, *, #2701, .T. ) ;
#2831 = CARTESIAN_POINT ( 'NONE',  ( 16.37691183474704815, 3.883938426159695201, 61.41835900086096700 ) ) ;
#2832 = LINE ( 'NONE', #567, #4848 ) ;
#2833 = FACE_OUTER_BOUND ( 'NONE', #6489, .T. ) ;
#2834 = CARTESIAN_POINT ( 'NONE',  ( -18.56139024397707971, 4.000000000000000000, 41.90820492887898041 ) ) ;
#2835 = FACE_OUTER_BOUND ( 'NONE', #8009, .T. ) ;
#2836 = PLANE ( 'NONE',  #3101 ) ;
#2837 = DIRECTION ( 'NONE',  ( -0.000000000000000000, -0.000000000000000000, -1.000000000000000000 ) ) ;
#2838 = ORIENTED_EDGE ( 'NONE', *, *, #3607, .F. ) ;
#2839 = AXIS2_PLACEMENT_3D ( 'NONE', #1969, #3415, #709 ) ;
#2840 = ORIENTED_EDGE ( 'NONE', *, *, #2561, .T. ) ;
#2841 =( BOUNDED_CURVE ( )  B_SPLINE_CURVE ( 3, ( #8099, #5560, #4138, #8020 ),
 .UNSPECIFIED., .F., .F. ) 
 B_SPLINE_CURVE_WITH_KNOTS ( ( 4, 4 ),
 ( 4.712388980384689674, 6.283185307179586232 ),
 .UNSPECIFIED. ) 
 CURVE ( )  GEOMETRIC_REPRESENTATION_ITEM ( )  RATIONAL_B_SPLINE_CURVE ( ( 1.000000000000000000, 0.8047378541243649375, 0.8047378541243649375, 1.000000000000000000 ) ) 
 REPRESENTATION_ITEM ( '' )  );
#2842 = ORIENTED_EDGE ( 'NONE', *, *, #2334, .T. ) ;
#2843 = ORIENTED_EDGE ( 'NONE', *, *, #7228, .F. ) ;
#2844 = CARTESIAN_POINT ( 'NONE',  ( -31.84731624060601618, 0.000000000000000000, -5.130869074492096615 ) ) ;
#2845 = ORIENTED_EDGE ( 'NONE', *, *, #1235, .T. ) ;
#2846 = VERTEX_POINT ( 'NONE', #2828 ) ;
#2847 = CARTESIAN_POINT ( 'NONE',  ( 35.86675776276504735, 3.941525029986322703, 84.98005692213683915 ) ) ;
#2848 = VERTEX_POINT ( 'NONE', #6731 ) ;
#2849 = CARTESIAN_POINT ( 'NONE',  ( -38.06139024397707971, 4.000000000000000000, 22.40820492887897331 ) ) ;
#2850 = DIRECTION ( 'NONE',  ( 1.000000000000000000, -0.000000000000000000, -9.251858538542969855E-16 ) ) ;
#2851 = ORIENTED_EDGE ( 'NONE', *, *, #5949, .F. ) ;
#2852 = EDGE_CURVE ( 'NONE', #4833, #6815, #1577, .T. ) ;
#2853 = EDGE_CURVE ( 'NONE', #873, #6204, #4744, .T. ) ;
#2854 = DIRECTION ( 'NONE',  ( -0.3420201433256694901, 0.9396926207859082059, 0.000000000000000000 ) ) ;
#2855 = CARTESIAN_POINT ( 'NONE',  ( 35.86675776276504024, 3.941525029986321815, 6.980056922136858688 ) ) ;
#2856 = ORIENTED_EDGE ( 'NONE', *, *, #7791, .T. ) ;
#2857 = CARTESIAN_POINT ( 'NONE',  ( 16.86675776276503669, 4.500000000000000000, 100.9082049288789875 ) ) ;
#2858 = DIRECTION ( 'NONE',  ( 0.000000000000000000, -0.000000000000000000, -1.000000000000000000 ) ) ;
#2859 = ORIENTED_EDGE ( 'NONE', *, *, #5301, .T. ) ;
#2860 = CARTESIAN_POINT ( 'NONE',  ( -22.42613545604841718, 4.500000000000000888, 100.6153117100655123 ) ) ;
#2861 = ORIENTED_EDGE ( 'NONE', *, *, #4534, .T. ) ;
#2862 = ORIENTED_EDGE ( 'NONE', *, *, #6159, .F. ) ;
#2863 = EDGE_CURVE ( 'NONE', #8000, #4952, #4063, .T. ) ;
#2864 = EDGE_CURVE ( 'NONE', #3715, #3776, #1442, .T. ) ;
#2865 = DIRECTION ( 'NONE',  ( 1.000000000000000000, 0.000000000000000000, 4.625929269271482956E-16 ) ) ;
#2866 = CYLINDRICAL_SURFACE ( 'NONE', #1302, 0.5000000000000004441 ) ;
#2867 = EDGE_CURVE ( 'NONE', #7579, #8037, #8024, .T. ) ;
#2868 = CARTESIAN_POINT ( 'NONE',  ( -38.56139024397707260, 4.000000000000000000, 0.000000000000000000 ) ) ;
#2869 = PLANE ( 'NONE',  #6392 ) ;
#2870 = CARTESIAN_POINT ( 'NONE',  ( -38.07154431595908761, 3.883938426159694313, 26.46990285015485611 ) ) ;
#2871 = ORIENTED_EDGE ( 'NONE', *, *, #6563, .F. ) ;
#2872 = ORIENTED_EDGE ( 'NONE', *, *, #2561, .F. ) ;
#2873 = CARTESIAN_POINT ( 'NONE',  ( 20.40845606641587295, 3.828989928337164450, 41.69413092550791333 ) ) ;
#2874 = CARTESIAN_POINT ( 'NONE',  ( -38.06139024397707260, 3.941525029986321815, 84.98005692213683915 ) ) ;
#2875 = ADVANCED_FACE ( 'NONE', ( #5432 ), #4875, .T. ) ;
#2876 = CARTESIAN_POINT ( 'NONE',  ( 0.9084560664158753962, 3.828989928337165338, 100.1941309255079062 ) ) ;
#2877 = CARTESIAN_POINT ( 'NONE',  ( 16.39691145237208048, 3.828989928337162674, 100.4383586184860349 ) ) ;
#2878 = CARTESIAN_POINT ( 'NONE',  ( -21.20945018640810886, 8.673617379884035472E-16, 101.8319969797058206 ) ) ;
#2879 = CARTESIAN_POINT ( 'NONE',  ( -22.62308816525296251, 3.883938426159694313, 41.91835900086097411 ) ) ;
#2880 = VERTEX_POINT ( 'NONE', #8068 ) ;
#2881 = ORIENTED_EDGE ( 'NONE', *, *, #2660, .T. ) ;
#2882 = VERTEX_POINT ( 'NONE', #795 ) ;
#2883 = ORIENTED_EDGE ( 'NONE', *, *, #4791, .F. ) ;
#2884 = CARTESIAN_POINT ( 'NONE',  ( -22.63324223723496686, 4.000000000000000000, 100.4082049288789733 ) ) ;
#2885 =( BOUNDED_CURVE ( )  B_SPLINE_CURVE ( 3, ( #842, #4199, #5615, #2231 ),
 .UNSPECIFIED., .F., .F. ) 
 B_SPLINE_CURVE_WITH_KNOTS ( ( 4, 4 ),
 ( 0.000000000000000000, 1.570796326794893227 ),
 .UNSPECIFIED. ) 
 CURVE ( )  GEOMETRIC_REPRESENTATION_ITEM ( )  RATIONAL_B_SPLINE_CURVE ( ( 1.000000000000000000, 0.8047378541243658256, 0.8047378541243658256, 1.000000000000000000 ) ) 
 REPRESENTATION_ITEM ( '' )  );
#2886 = ORIENTED_EDGE ( 'NONE', *, *, #5933, .T. ) ;
#2887 = DIRECTION ( 'NONE',  ( 1.000000000000000000, 0.000000000000000000, 0.000000000000000000 ) ) ;
#2888 = EDGE_LOOP ( 'NONE', ( #315, #6121, #3901, #5975 ) ) ;
#2889 = CARTESIAN_POINT ( 'NONE',  ( 0.000000000000000000, 4.500000000000000000, 25.98005692213686046 ) ) ;
#2890 = ORIENTED_EDGE ( 'NONE', *, *, #2761, .F. ) ;
#2891 = CARTESIAN_POINT ( 'NONE',  ( 16.15268375939398027, 4.500000000000000000, 100.1941309255079204 ) ) ;
#2892 = DIRECTION ( 'NONE',  ( 1.156482317317871725E-16, -7.738554976158380845E-33, -1.000000000000000000 ) ) ;
#2893 = ORIENTED_EDGE ( 'NONE', *, *, #4677, .T. ) ;
#2894 = CARTESIAN_POINT ( 'NONE',  ( 0.000000000000000000, 0.000000000000000000, 0.000000000000000000 ) ) ;
#2895 = CARTESIAN_POINT ( 'NONE',  ( 35.89691145237208758, 3.828989928337164450, 6.949903232529813124 ) ) ;
#2896 = ORIENTED_EDGE ( 'NONE', *, *, #4257, .F. ) ;
#2897 = CARTESIAN_POINT ( 'NONE',  ( -38.56139024397705128, 4.000000000000000000, -1.783822637934133607E-14 ) ) ;
#2898 = EDGE_CURVE ( 'NONE', #4497, #8037, #5331, .T. ) ;
#2899 = ORIENTED_EDGE ( 'NONE', *, *, #6585, .T. ) ;
#2900 = FACE_OUTER_BOUND ( 'NONE', #7133, .T. ) ;
#2901 = ORIENTED_EDGE ( 'NONE', *, *, #5364, .F. ) ;
#2902 = ORIENTED_EDGE ( 'NONE', *, *, #5679, .F. ) ;
#2903 = VECTOR ( 'NONE', #5439, 1000.000000000000000 ) ;
#2904 = DIRECTION ( 'NONE',  ( 0.000000000000000000, -1.000000000000000000, 0.000000000000000000 ) ) ;
#2905 = DIRECTION ( 'NONE',  ( -1.000000000000000000, 0.000000000000000000, -1.156482317317872218E-16 ) ) ;
#2906 = CARTESIAN_POINT ( 'NONE',  ( -2.926135456048415850, 4.500000000000000888, 45.77295014095031433 ) ) ;
#2907 = CYLINDRICAL_SURFACE ( 'NONE', #4814, 0.5000000000000004441 ) ;
#2908 = FACE_OUTER_BOUND ( 'NONE', #3743, .T. ) ;
#2909 = DIRECTION ( 'NONE',  ( -0.9396926207859082059, 0.3420201433256694901, -4.346951598611964005E-16 ) ) ;
#2910 = ADVANCED_FACE ( 'NONE', ( #6175 ), #934, .F. ) ;
#2911 = VECTOR ( 'NONE', #5193, 1000.000000000000000 ) ;
#2912 = ADVANCED_FACE ( 'NONE', ( #7978 ), #1528, .T. ) ;
#2913 = EDGE_CURVE ( 'NONE', #2456, #3709, #2093, .T. ) ;
#2914 = DIRECTION ( 'NONE',  ( 0.3236155771181852825, 0.8891264907159879272, -0.3236155771181852825 ) ) ;
#2915 = ORIENTED_EDGE ( 'NONE', *, *, #5367, .T. ) ;
#2916 = ORIENTED_EDGE ( 'NONE', *, *, #184, .T. ) ;
#2917 = EDGE_CURVE ( 'NONE', #7812, #7579, #8250, .T. ) ;
#2918 = DIRECTION ( 'NONE',  ( 0.000000000000000000, 0.000000000000000000, 1.000000000000000000 ) ) ;
#2919 = CARTESIAN_POINT ( 'NONE',  ( -38.26849702516361873, 4.500000000000000000, 100.6153117100655123 ) ) ;
#2920 = AXIS2_PLACEMENT_3D ( 'NONE', #4394, #489, #404 ) ;
#2921 = LINE ( 'NONE', #1535, #6111 ) ;
#2922 = CARTESIAN_POINT ( 'NONE',  ( -57.12193007705499781, 0.000000000000000000, 9.260554988997704129 ) ) ;
#2923 = DIRECTION ( 'NONE',  ( 0.000000000000000000, -0.000000000000000000, -1.000000000000000000 ) ) ;
#2924 = CARTESIAN_POINT ( 'NONE',  ( -39.34731624060601263, -7.500000000000000000, 103.3441309255078977 ) ) ;
#2925 = VERTEX_POINT ( 'NONE', #5383 ) ;
#2926 = ADVANCED_FACE ( 'NONE', ( #4015 ), #6650, .T. ) ;
#2927 = ORIENTED_EDGE ( 'NONE', *, *, #1654, .T. ) ;
#2928 = CIRCLE ( 'NONE', #575, 2.400000000000001243 ) ;
#2929 = ORIENTED_EDGE ( 'NONE', *, *, #4998, .T. ) ;
#2930 = VERTEX_POINT ( 'NONE', #7888 ) ;
#2931 = CARTESIAN_POINT ( 'NONE',  ( 37.15268375939399448, 0.000000000000000000, 103.3441309255078977 ) ) ;
#2932 = EDGE_CURVE ( 'NONE', #2732, #6847, #3931, .T. ) ;
#2933 = CARTESIAN_POINT ( 'NONE',  ( -3.747035622832273382E-16, 4.000000000000000000, 6.480056922136857800 ) ) ;
#2934 = ORIENTED_EDGE ( 'NONE', *, *, #7996, .T. ) ;
#2935 = DIRECTION ( 'NONE',  ( 0.000000000000000000, 0.000000000000000000, 1.000000000000000000 ) ) ;
#2936 = EDGE_CURVE ( 'NONE', #4040, #8487, #4521, .T. ) ;
#2937 = ORIENTED_EDGE ( 'NONE', *, *, #3810, .F. ) ;
#2938 = DIRECTION ( 'NONE',  ( 1.000000000000000000, -0.000000000000000000, -0.000000000000000000 ) ) ;
#2939 = ORIENTED_EDGE ( 'NONE', *, *, #2199, .F. ) ;
#2940 = CARTESIAN_POINT ( 'NONE',  ( 0.9386097560229211823, 4.292893218813452094, 100.4082049288789875 ) ) ;
#2941 = VECTOR ( 'NONE', #3835, 1000.000000000000000 ) ;
#2942 = CARTESIAN_POINT ( 'NONE',  ( -22.13324223723496331, 4.000000000000000000, 0.000000000000000000 ) ) ;
#2943 = ORIENTED_EDGE ( 'NONE', *, *, #2761, .T. ) ;
#2944 =( BOUNDED_CURVE ( )  B_SPLINE_CURVE ( 3, ( #3727, #6351, #457, #3099 ),
 .UNSPECIFIED., .F., .F. ) 
 B_SPLINE_CURVE_WITH_KNOTS ( ( 4, 4 ),
 ( 0.000000000000000000, 1.570796326794892783 ),
 .UNSPECIFIED. ) 
 CURVE ( )  GEOMETRIC_REPRESENTATION_ITEM ( )  RATIONAL_B_SPLINE_CURVE ( ( 1.000000000000000000, 0.8047378541243658256, 0.8047378541243658256, 1.000000000000000000 ) ) 
 REPRESENTATION_ITEM ( '' )  );
#2945 = CARTESIAN_POINT ( 'NONE',  ( -38.06139024397707260, 4.000000000000000000, 61.40820492887896620 ) ) ;
#2946 = EDGE_LOOP ( 'NONE', ( #7061, #6188, #5036, #3824 ) ) ;
#2947 = CARTESIAN_POINT ( 'NONE',  ( 16.36675776276503669, 4.000000000000000000, 0.000000000000000000 ) ) ;
#2948 = VECTOR ( 'NONE', #3278, 1000.000000000000000 ) ;
#2949 = EDGE_LOOP ( 'NONE', ( #134, #5740, #433, #7794 ) ) ;
#2950 = CARTESIAN_POINT ( 'NONE',  ( -39.48518229480392705, 0.000000000000000000, 100.1941309255079062 ) ) ;
#2951 = ORIENTED_EDGE ( 'NONE', *, *, #6548, .F. ) ;
#2952 = VERTEX_POINT ( 'NONE', #5948 ) ;
#2953 = CYLINDRICAL_SURFACE ( 'NONE', #3235, 0.5000000000000004441 ) ;
#2954 = FACE_OUTER_BOUND ( 'NONE', #3650, .T. ) ;
#2955 = FACE_OUTER_BOUND ( 'NONE', #6800, .T. ) ;
#2956 = ORIENTED_EDGE ( 'NONE', *, *, #6056, .T. ) ;
#2957 = CARTESIAN_POINT ( 'NONE',  ( -1.097316240606029059, 0.000000000000000000, -1.502172772687430288E-17 ) ) ;
#2958 = ORIENTED_EDGE ( 'NONE', *, *, #5635, .F. ) ;
#2959 = CARTESIAN_POINT ( 'NONE',  ( 16.39691145237208048, 3.828989928337165338, 26.44990323252981668 ) ) ;
#2960 = DIRECTION ( 'NONE',  ( -0.3236155771181853380, 0.8891264907159880382, -0.3236155771181850604 ) ) ;
#2961 = VECTOR ( 'NONE', #6126, 1000.000000000000000 ) ;
#2962 = VECTOR ( 'NONE', #280, 1000.000000000000000 ) ;
#2963 = EDGE_CURVE ( 'NONE', #5121, #2882, #6034, .T. ) ;
#2964 = EDGE_CURVE ( 'NONE', #3307, #5504, #623, .T. ) ;
#2965 = DIRECTION ( 'NONE',  ( 1.000000000000000000, -0.000000000000000000, -4.625929269271485914E-16 ) ) ;
#2966 = DIRECTION ( 'NONE',  ( -1.000000000000000000, 0.000000000000000000, -0.000000000000000000 ) ) ;
#2967 = CARTESIAN_POINT ( 'NONE',  ( 0.9386097560229338388, 4.000000000000000000, 84.98005692213685336 ) ) ;
#2968 = DIRECTION ( 'NONE',  ( 0.000000000000000000, -0.000000000000000000, -1.000000000000000000 ) ) ;
#2969 = ORIENTED_EDGE ( 'NONE', *, *, #8092, .F. ) ;
#2970 = ORIENTED_EDGE ( 'NONE', *, *, #8181, .T. ) ;
#2971 = VECTOR ( 'NONE', #4338, 1000.000000000000000 ) ;
#2972 = FACE_OUTER_BOUND ( 'NONE', #4294, .T. ) ;
#2973 = CIRCLE ( 'NONE', #1454, 2.500000000000002220 ) ;
#2974 = PLANE ( 'NONE',  #6262 ) ;
#2975 = EDGE_CURVE ( 'NONE', #2262, #6745, #788, .T. ) ;
#2976 = CIRCLE ( 'NONE', #3785, 2.500000000000002220 ) ;
#2977 = ADVANCED_FACE ( 'NONE', ( #4349 ), #2987, .T. ) ;
#2978 = ORIENTED_EDGE ( 'NONE', *, *, #3583, .F. ) ;
#2979 = CARTESIAN_POINT ( 'NONE',  ( 0.9386097560229228476, 4.000000000000000000, 45.98005692213685336 ) ) ;
#2980 = VERTEX_POINT ( 'NONE', #2340 ) ;
#2981 = CARTESIAN_POINT ( 'NONE',  ( -18.56139024397708681, 4.000000000000000000, 61.40820492887896620 ) ) ;
#2982 = EDGE_LOOP ( 'NONE', ( #5904, #3377, #6407, #5318 ) ) ;
#2983 = DIRECTION ( 'NONE',  ( 1.000000000000000000, 0.000000000000000000, 4.625929269271495775E-16 ) ) ;
#2984 = AXIS2_PLACEMENT_3D ( 'NONE', #12, #2640, #5501 ) ;
#2985 = CARTESIAN_POINT ( 'NONE',  ( 20.65268375939397316, 0.000000000000000000, 62.83199697970583486 ) ) ;
#2986 = ADVANCED_FACE ( 'NONE', ( #6291 ), #3856, .F. ) ;
#2987 = CYLINDRICAL_SURFACE ( 'NONE', #1590, 0.5000000000000004441 ) ;
#2988 = CARTESIAN_POINT ( 'NONE',  ( 20.43860975602291674, 4.000000000000000000, 0.000000000000000000 ) ) ;
#2989 = CARTESIAN_POINT ( 'NONE',  ( 0.9084560664158750631, 3.828989928337164450, 61.43835861848602065 ) ) ;
#2990 = ORIENTED_EDGE ( 'NONE', *, *, #340, .F. ) ;
#2991 = DIRECTION ( 'NONE',  ( -4.625929269271485914E-16, 0.000000000000000000, 1.000000000000000000 ) ) ;
#2992 = ORIENTED_EDGE ( 'NONE', *, *, #1198, .T. ) ;
#2993 = DIRECTION ( 'NONE',  ( -1.000000000000000000, 0.000000000000000000, 1.228122814850837064E-16 ) ) ;
#2994 = EDGE_LOOP ( 'NONE', ( #3215, #3466, #2554, #6332 ) ) ;
#2995 =( BOUNDED_CURVE ( )  B_SPLINE_CURVE ( 3, ( #8164, #5620, #4891, #3653 ),
 .UNSPECIFIED., .F., .F. ) 
 B_SPLINE_CURVE_WITH_KNOTS ( ( 4, 4 ),
 ( 1.570796326794896558, 3.141592653589793116 ),
 .UNSPECIFIED. ) 
 CURVE ( )  GEOMETRIC_REPRESENTATION_ITEM ( )  RATIONAL_B_SPLINE_CURVE ( ( 1.000000000000000000, 0.8047378541243649375, 0.8047378541243649375, 1.000000000000000000 ) ) 
 REPRESENTATION_ITEM ( '' )  );
#2996 = FACE_BOUND ( 'NONE', #5107, .T. ) ;
#2997 = CARTESIAN_POINT ( 'NONE',  ( 20.43860975602291319, 4.292893218813452982, 41.90820492887896620 ) ) ;
#2998 = LINE ( 'NONE', #3636, #1717 ) ;
#2999 = VERTEX_POINT ( 'NONE', #8458 ) ;
#3000 = CARTESIAN_POINT ( 'NONE',  ( 16.36675776276504024, 4.000000000000000000, 84.98005692213685336 ) ) ;
#3001 = DIRECTION ( 'NONE',  ( 0.000000000000000000, -1.000000000000000000, 0.000000000000000000 ) ) ;
#3002 = EDGE_LOOP ( 'NONE', ( #1266, #5240, #874, #15 ) ) ;
#3003 = CARTESIAN_POINT ( 'NONE',  ( 17.79054981359189824, 0.000000000000000000, 61.19413092550792044 ) ) ;
#3004 = LINE ( 'NONE', #984, #1807 ) ;
#3005 = CARTESIAN_POINT ( 'NONE',  ( -37.84731624060601973, 4.500000000000000000, 80.69413092550790623 ) ) ;
#3006 = CARTESIAN_POINT ( 'NONE',  ( 0.000000000000000000, 4.000000000000000000, 81.40820492887897331 ) ) ;
#3007 = EDGE_LOOP ( 'NONE', ( #7883, #1845, #2236, #5352 ) ) ;
#3008 = ORIENTED_EDGE ( 'NONE', *, *, #2020, .T. ) ;
#3009 = ADVANCED_FACE ( 'NONE', ( #4941 ), #1933, .T. ) ;
#3010 = PLANE ( 'NONE',  #1844 ) ;
#3011 = CARTESIAN_POINT ( 'NONE',  ( 35.86675776276504735, 4.292893218813452094, 80.90820492887898752 ) ) ;
#3012 = EDGE_LOOP ( 'NONE', ( #3967, #1466, #8226, #4463 ) ) ;
#3013 = LINE ( 'NONE', #5623, #5389 ) ;
#3014 = ORIENTED_EDGE ( 'NONE', *, *, #6076, .T. ) ;
#3015 = CARTESIAN_POINT ( 'NONE',  ( 16.15268375939398027, 4.500000000000000000, 80.69413092550790623 ) ) ;
#3016 = EDGE_CURVE ( 'NONE', #6834, #7451, #6891, .T. ) ;
#3017 = EDGE_CURVE ( 'NONE', #2454, #862, #4987, .T. ) ;
#3018 = ORIENTED_EDGE ( 'NONE', *, *, #5163, .T. ) ;
#3019 = CARTESIAN_POINT ( 'NONE',  ( 20.65268375939398027, 0.000000000000000000, 101.8319969797058206 ) ) ;
#3020 = CARTESIAN_POINT ( 'NONE',  ( -54.09731624060601973, 4.500000000000000000, -48.30586907449208667 ) ) ;
#3021 = EDGE_CURVE ( 'NONE', #818, #4972, #626, .T. ) ;
#3022 = CARTESIAN_POINT ( 'NONE',  ( 0.9084560664158749521, 3.828989928337164450, 22.43835861848602065 ) ) ;
#3023 = CARTESIAN_POINT ( 'NONE',  ( -46.09731624060601263, 4.500000000000000000, 7.996609666210618732E-15 ) ) ;
#3024 = CARTESIAN_POINT ( 'NONE',  ( -22.60308854762791597, 3.828989928337164450, 45.94990323252980602 ) ) ;
#3025 = CARTESIAN_POINT ( 'NONE',  ( 35.86675776276504735, 4.000000000000000000, 6.980056922136860464 ) ) ;
#3026 = VERTEX_POINT ( 'NONE', #1741 ) ;
#3027 = DIRECTION ( 'NONE',  ( -0.3236155771181852825, 0.8891264907159879272, 0.3236155771181852270 ) ) ;
#3028 = ADVANCED_FACE ( 'NONE', ( #5596 ), #7167, .F. ) ;
#3029 = ORIENTED_EDGE ( 'NONE', *, *, #7110, .T. ) ;
#3030 = EDGE_LOOP ( 'NONE', ( #6607, #1125, #6447, #3781 ) ) ;
#3031 = ADVANCED_FACE ( 'NONE', ( #2379 ), #2617, .T. ) ;
#3032 = FACE_BOUND ( 'NONE', #6048, .T. ) ;
#3033 = FACE_OUTER_BOUND ( 'NONE', #4125, .T. ) ;
#3034 = CARTESIAN_POINT ( 'NONE',  ( -38.06139024397706550, 4.000000000000000000, 65.48005692213685336 ) ) ;
#3035 = CARTESIAN_POINT ( 'NONE',  ( -24.41822186690906094, 8.816027736361817801, 59.62322529920486858 ) ) ;
#3036 = EDGE_CURVE ( 'NONE', #545, #818, #3620, .T. ) ;
#3037 = ORIENTED_EDGE ( 'NONE', *, *, #4118, .T. ) ;
#3038 = DIRECTION ( 'NONE',  ( 0.000000000000000000, 0.000000000000000000, -1.000000000000000000 ) ) ;
#3039 = EDGE_LOOP ( 'NONE', ( #300, #5587, #3673, #2114 ) ) ;
#3040 = FACE_OUTER_BOUND ( 'NONE', #6817, .T. ) ;
#3041 = LINE ( 'NONE', #3003, #8319 ) ;
#3042 = CARTESIAN_POINT ( 'NONE',  ( 20.40845606641587295, 3.828989928337165338, 80.69413092550790623 ) ) ;
#3043 = LINE ( 'NONE', #3136, #1585 ) ;
#3044 = AXIS2_PLACEMENT_3D ( 'NONE', #6851, #961, #6202 ) ;
#3045 = CARTESIAN_POINT ( 'NONE',  ( 35.86675776276504735, 4.000000000000000000, 65.48005692213685336 ) ) ;
#3046 = ORIENTED_EDGE ( 'NONE', *, *, #1178, .F. ) ;
#3047 = CARTESIAN_POINT ( 'NONE',  ( -37.84731624060602684, 4.500000000000000000, 26.69413092550791688 ) ) ;
#3048 = AXIS2_PLACEMENT_3D ( 'NONE', #4693, #1395, #7842 ) ;
#3049 = DIRECTION ( 'NONE',  ( 0.000000000000000000, 1.000000000000000000, -0.000000000000000000 ) ) ;
#3050 = CARTESIAN_POINT ( 'NONE',  ( -3.133242237234962868, 4.000000000000000000, 100.4082049288789733 ) ) ;
#3051 = CARTESIAN_POINT ( 'NONE',  ( 0.000000000000000000, 4.000000000000000000, 22.90820492887897686 ) ) ;
#3052 = ORIENTED_EDGE ( 'NONE', *, *, #1855, .F. ) ;
#3053 = DIRECTION ( 'NONE',  ( 0.000000000000000000, 0.000000000000000000, -1.000000000000000000 ) ) ;
#3054 = CIRCLE ( 'NONE', #3730, 2.500000000000002220 ) ;
#3055 = ORIENTED_EDGE ( 'NONE', *, *, #6839, .T. ) ;
#3056 = DIRECTION ( 'NONE',  ( 0.000000000000000000, -0.000000000000000000, -1.000000000000000000 ) ) ;
#3057 = ORIENTED_EDGE ( 'NONE', *, *, #3287, .T. ) ;
#3058 = DIRECTION ( 'NONE',  ( 0.000000000000000000, 0.000000000000000000, -1.000000000000000000 ) ) ;
#3059 = CYLINDRICAL_SURFACE ( 'NONE', #1149, 0.5000000000000004441 ) ;
#3060 = PLANE ( 'NONE',  #2676 ) ;
#3061 =( BOUNDED_CURVE ( )  B_SPLINE_CURVE ( 3, ( #7621, #6975, #7577, #996 ),
 .UNSPECIFIED., .F., .F. ) 
 B_SPLINE_CURVE_WITH_KNOTS ( ( 4, 4 ),
 ( 1.570796326794896780, 3.141592653589793116 ),
 .UNSPECIFIED. ) 
 CURVE ( )  GEOMETRIC_REPRESENTATION_ITEM ( )  RATIONAL_B_SPLINE_CURVE ( ( 1.000000000000000000, 0.8047378541243650485, 0.8047378541243650485, 1.000000000000000000 ) ) 
 REPRESENTATION_ITEM ( '' )  );
#3062 = VECTOR ( 'NONE', #5300, 1000.000000000000000 ) ;
#3063 = ADVANCED_FACE ( 'NONE', ( #7628 ), #5228, .T. ) ;
#3064 = EDGE_CURVE ( 'NONE', #1618, #228, #1506, .T. ) ;
#3065 = ADVANCED_FACE ( 'NONE', ( #3939 ), #8457, .F. ) ;
#3066 = PLANE ( 'NONE',  #6064 ) ;
#3067 = ORIENTED_EDGE ( 'NONE', *, *, #8008, .F. ) ;
#3068 = EDGE_CURVE ( 'NONE', #1691, #3768, #552, .T. ) ;
#3069 =( NAMED_UNIT ( * ) PLANE_ANGLE_UNIT ( ) SI_UNIT ( $, .RADIAN. ) );
#3070 = EDGE_LOOP ( 'NONE', ( #6689, #814, #2095, #4836 ) ) ;
#3071 = CARTESIAN_POINT ( 'NONE',  ( 16.86675776276503669, 4.500000000000000000, 6.480056922136859576 ) ) ;
#3072 = ORIENTED_EDGE ( 'NONE', *, *, #3016, .F. ) ;
#3073 = CARTESIAN_POINT ( 'NONE',  ( 0.9386097560229333947, 4.292893218813452094, 84.98005692213686757 ) ) ;
#3074 = VECTOR ( 'NONE', #2251, 1000.000000000000000 ) ;
#3075 = EDGE_CURVE ( 'NONE', #8130, #5872, #5191, .T. ) ;
#3076 = FACE_BOUND ( 'NONE', #3347, .T. ) ;
#3077 = DIRECTION ( 'NONE',  ( -0.000000000000000000, -1.000000000000000000, 0.000000000000000000 ) ) ;
#3078 = CARTESIAN_POINT ( 'NONE',  ( 0.000000000000000000, 4.000000000000000000, 65.48005692213685336 ) ) ;
#3079 = AXIS2_PLACEMENT_3D ( 'NONE', #7180, #648, #5889 ) ;
#3080 = EDGE_CURVE ( 'NONE', #5396, #4909, #1932, .T. ) ;
#3081 = CARTESIAN_POINT ( 'NONE',  ( 35.86675776276504735, 3.941525029986322703, 65.48005692213685336 ) ) ;
#3082 = CARTESIAN_POINT ( 'NONE',  ( -3.103088547627916860, 3.828989928337165338, 84.94990323252980602 ) ) ;
#3083 = ORIENTED_EDGE ( 'NONE', *, *, #7917, .F. ) ;
#3084 = VECTOR ( 'NONE', #6101, 1000.000000000000000 ) ;
#3085 = ORIENTED_EDGE ( 'NONE', *, *, #499, .F. ) ;
#3086 = CARTESIAN_POINT ( 'NONE',  ( 18.15268375939398737, 5.000000000000000000, -41.80586907449207246 ) ) ;
#3087 = EDGE_CURVE ( 'NONE', #4040, #8040, #7340, .T. ) ;
#3088 = CARTESIAN_POINT ( 'NONE',  ( -46.09731624060602684, 4.500000000000000000, -1.096924524745305033E-14 ) ) ;
#3089 = PLANE ( 'NONE',  #5361 ) ;
#3090 = AXIS2_PLACEMENT_3D ( 'NONE', #2942, #4253, #6323 ) ;
#3091 = CARTESIAN_POINT ( 'NONE',  ( -38.06139024397706550, 4.000000000000000000, 6.980056922136856024 ) ) ;
#3092 = CARTESIAN_POINT ( 'NONE',  ( 1.961773564377644119E-14, 4.500000000000000000, 42.40820492887895909 ) ) ;
#3093 =( BOUNDED_CURVE ( )  B_SPLINE_CURVE ( 3, ( #6701, #4147, #7942, #758 ),
 .UNSPECIFIED., .F., .F. ) 
 B_SPLINE_CURVE_WITH_KNOTS ( ( 4, 4 ),
 ( 3.141592653589793116, 4.712388980384693227 ),
 .UNSPECIFIED. ) 
 CURVE ( )  GEOMETRIC_REPRESENTATION_ITEM ( )  RATIONAL_B_SPLINE_CURVE ( ( 1.000000000000000000, 0.8047378541243641603, 0.8047378541243641603, 1.000000000000000000 ) ) 
 REPRESENTATION_ITEM ( '' )  );
#3094 = ORIENTED_EDGE ( 'NONE', *, *, #919, .F. ) ;
#3095 =( GEOMETRIC_REPRESENTATION_CONTEXT ( 3 ) GLOBAL_UNCERTAINTY_ASSIGNED_CONTEXT ( ( #5245 ) ) GLOBAL_UNIT_ASSIGNED_CONTEXT ( ( #6295, #3069, #2423 ) ) REPRESENTATION_CONTEXT ( 'NONE', 'WORKASPACE' ) );
#3096 = VERTEX_POINT ( 'NONE', #7251 ) ;
#3097 = CARTESIAN_POINT ( 'NONE',  ( 16.36675776276503669, 4.000000000000000000, 0.000000000000000000 ) ) ;
#3098 = VECTOR ( 'NONE', #4709, 1000.000000000000000 ) ;
#3099 = CARTESIAN_POINT ( 'NONE',  ( -2.633242237234964644, 4.500000000000000000, 22.90820492887897331 ) ) ;
#3100 = CYLINDRICAL_SURFACE ( 'NONE', #4864, 0.5000000000000004441 ) ;
#3101 = AXIS2_PLACEMENT_3D ( 'NONE', #7474, #8075, #893 ) ;
#3102 = VECTOR ( 'NONE', #21, 1000.000000000000000 ) ;
#3103 = ORIENTED_EDGE ( 'NONE', *, *, #4841, .F. ) ;
#3104 = FACE_OUTER_BOUND ( 'NONE', #2465, .T. ) ;
#3105 = VECTOR ( 'NONE', #5309, 1000.000000000000000 ) ;
#3106 = ORIENTED_EDGE ( 'NONE', *, *, #417, .F. ) ;
#3107 = AXIS2_PLACEMENT_3D ( 'NONE', #6605, #7283, #792 ) ;
#3108 = ORIENTED_EDGE ( 'NONE', *, *, #5624, .T. ) ;
#3109 = EDGE_LOOP ( 'NONE', ( #6853, #7175, #2902, #8213 ) ) ;
#3110 = CARTESIAN_POINT ( 'NONE',  ( -19.98518229480393771, 0.000000000000000000, 41.69413092550791333 ) ) ;
#3111 = CARTESIAN_POINT ( 'NONE',  ( 20.40845606641587295, 3.828989928337165338, 100.1941309255079062 ) ) ;
#3112 = VECTOR ( 'NONE', #5142, 1000.000000000000000 ) ;
#3113 = FACE_OUTER_BOUND ( 'NONE', #1345, .T. ) ;
#3114 = ORIENTED_EDGE ( 'NONE', *, *, #1166, .F. ) ;
#3115 = AXIS2_PLACEMENT_3D ( 'NONE', #8330, #511, #8369 ) ;
#3116 = ORIENTED_EDGE ( 'NONE', *, *, #1879, .F. ) ;
#3117 = CARTESIAN_POINT ( 'NONE',  ( 19.93860975602291674, 4.000000000000000000, 0.000000000000000000 ) ) ;
#3118 =( BOUNDED_CURVE ( )  B_SPLINE_CURVE ( 3, ( #3659, #348, #386, #7535 ),
 .UNSPECIFIED., .F., .F. ) 
 B_SPLINE_CURVE_WITH_KNOTS ( ( 4, 4 ),
 ( 1.570796326794896780, 3.141592653589793116 ),
 .UNSPECIFIED. ) 
 CURVE ( )  GEOMETRIC_REPRESENTATION_ITEM ( )  RATIONAL_B_SPLINE_CURVE ( ( 1.000000000000000000, 0.8047378541243650485, 0.8047378541243650485, 1.000000000000000000 ) ) 
 REPRESENTATION_ITEM ( '' )  );
#3119 = ORIENTED_EDGE ( 'NONE', *, *, #1331, .F. ) ;
#3120 = EDGE_CURVE ( 'NONE', #7531, #2295, #1452, .T. ) ;
#3121 = ADVANCED_FACE ( 'NONE', ( #4021 ), #3978, .T. ) ;
#3122 = FACE_OUTER_BOUND ( 'NONE', #6245, .T. ) ;
#3123 = CARTESIAN_POINT ( 'NONE',  ( -21.20945018640810886, 0.000000000000000000, 41.69413092550790623 ) ) ;
#3124 = DIRECTION ( 'NONE',  ( 0.000000000000000000, -1.000000000000000000, 0.000000000000000000 ) ) ;
#3125 = DIRECTION ( 'NONE',  ( -0.000000000000000000, -1.000000000000000000, -0.000000000000000000 ) ) ;
#3126 = LINE ( 'NONE', #2517, #54 ) ;
#3127 = DIRECTION ( 'NONE',  ( 1.156482317317871478E-16, -0.000000000000000000, -1.000000000000000000 ) ) ;
#3128 = FACE_OUTER_BOUND ( 'NONE', #5924, .T. ) ;
#3129 = LINE ( 'NONE', #3206, #4989 ) ;
#3130 = ORIENTED_EDGE ( 'NONE', *, *, #7828, .T. ) ;
#3131 = EDGE_LOOP ( 'NONE', ( #6529, #5414, #3177, #4559 ) ) ;
#3132 = EDGE_CURVE ( 'NONE', #26, #419, #5915, .T. ) ;
#3133 = EDGE_CURVE ( 'NONE', #5186, #8288, #6006, .T. ) ;
#3134 = DIRECTION ( 'NONE',  ( 0.000000000000000000, 0.3420201433256694901, -0.9396926207859082059 ) ) ;
#3135 = CARTESIAN_POINT ( 'NONE',  ( -3.133242237234963756, 4.292893218813452094, 6.980056922136858688 ) ) ;
#3136 = CARTESIAN_POINT ( 'NONE',  ( -19.06139024397706194, 4.500000000000000000, -8.817664304261943909E-15 ) ) ;
#3137 = LINE ( 'NONE', #6310, #6813 ) ;
#3138 = ORIENTED_EDGE ( 'NONE', *, *, #6974, .T. ) ;
#3139 = ORIENTED_EDGE ( 'NONE', *, *, #3692, .F. ) ;
#3140 = EDGE_CURVE ( 'NONE', #7959, #4735, #115, .T. ) ;
#3141 = CARTESIAN_POINT ( 'NONE',  ( 16.37691183474704815, 3.883938426159696977, 22.41835900086098121 ) ) ;
#3142 = CARTESIAN_POINT ( 'NONE',  ( 16.36675776276503669, 4.000000000000000000, 80.90820492887897331 ) ) ;
#3143 = ORIENTED_EDGE ( 'NONE', *, *, #5692, .T. ) ;
#3144 = CARTESIAN_POINT ( 'NONE',  ( -38.09154393358412705, 3.828989928337163562, 22.43835861848602065 ) ) ;
#3145 = EDGE_LOOP ( 'NONE', ( #6395, #6480, #5827, #6503 ) ) ;
#3146 = ORIENTED_EDGE ( 'NONE', *, *, #5525, .T. ) ;
#3147 = ORIENTED_EDGE ( 'NONE', *, *, #3243, .T. ) ;
#3148 = CARTESIAN_POINT ( 'NONE',  ( 19.93860975602292385, 4.500000000000000000, 25.98005692213686046 ) ) ;
#3149 = FACE_OUTER_BOUND ( 'NONE', #4141, .T. ) ;
#3150 = LINE ( 'NONE', #5599, #162 ) ;
#3151 = ORIENTED_EDGE ( 'NONE', *, *, #7121, .T. ) ;
#3152 = CYLINDRICAL_SURFACE ( 'NONE', #3223, 0.5000000000000004441 ) ;
#3153 = ORIENTED_EDGE ( 'NONE', *, *, #3333, .F. ) ;
#3154 = LINE ( 'NONE', #1249, #4166 ) ;
#3155 = CARTESIAN_POINT ( 'NONE',  ( -18.56139024397707615, 4.000000000000000000, 26.48005692213686046 ) ) ;
#3156 = VERTEX_POINT ( 'NONE', #6657 ) ;
#3157 = DIRECTION ( 'NONE',  ( 0.000000000000000000, 0.000000000000000000, 1.000000000000000000 ) ) ;
#3158 = CARTESIAN_POINT ( 'NONE',  ( -18.59154393358412349, 3.828989928337163562, 100.4383586184860064 ) ) ;
#3159 = PLANE ( 'NONE',  #3591 ) ;
#3160 = LINE ( 'NONE', #5765, #7637 ) ;
#3161 = EDGE_CURVE ( 'NONE', #7054, #232, #2386, .T. ) ;
#3162 = CARTESIAN_POINT ( 'NONE',  ( 20.43860975602292029, 3.941525029986320927, 41.90820492887896620 ) ) ;
#3163 =( BOUNDED_CURVE ( )  B_SPLINE_CURVE ( 3, ( #3551, #5513, #3590, #1626 ),
 .UNSPECIFIED., .F., .F. ) 
 B_SPLINE_CURVE_WITH_KNOTS ( ( 4, 4 ),
 ( 5.934119456780719837, 6.283185307179586232 ),
 .UNSPECIFIED. ) 
 CURVE ( )  GEOMETRIC_REPRESENTATION_ITEM ( )  RATIONAL_B_SPLINE_CURVE ( ( 1.000000000000000000, 0.9898718353414720506, 0.9898718353414720506, 1.000000000000000000 ) ) 
 REPRESENTATION_ITEM ( '' )  );
#3164 = CARTESIAN_POINT ( 'NONE',  ( -22.13324223723496331, 4.000000000000000000, -5.119340654455056422E-15 ) ) ;
#3165 = CARTESIAN_POINT ( 'NONE',  ( -19.06139024397705839, 4.000000000000000000, -4.408832152130971166E-15 ) ) ;
#3166 = CARTESIAN_POINT ( 'NONE',  ( -18.34731624060601618, 4.500000000000000000, 7.194130925507916885 ) ) ;
#3167 = EDGE_LOOP ( 'NONE', ( #3147, #4768 ) ) ;
#3168 = ORIENTED_EDGE ( 'NONE', *, *, #1264, .T. ) ;
#3169 = CARTESIAN_POINT ( 'NONE',  ( -57.12193007705499781, 4.500000000000000000, 9.260554988997711234 ) ) ;
#3170 = DIRECTION ( 'NONE',  ( 0.000000000000000000, 0.3420201433256694901, -0.9396926207859082059 ) ) ;
#3171 = EDGE_CURVE ( 'NONE', #4391, #2846, #759, .T. ) ;
#3172 = CARTESIAN_POINT ( 'NONE',  ( 1.152683759393978935, 4.500000000000000000, 41.69413092550791333 ) ) ;
#3173 = DIRECTION ( 'NONE',  ( 0.000000000000000000, -1.000000000000000000, 0.000000000000000000 ) ) ;
#3174 = EDGE_CURVE ( 'NONE', #5504, #3890, #1320, .T. ) ;
#3175 = EDGE_CURVE ( 'NONE', #6253, #2999, #711, .T. ) ;
#3176 = CARTESIAN_POINT ( 'NONE',  ( 1.152683759393980711, 4.500000000000000000, 7.194130925507916885 ) ) ;
#3177 = ORIENTED_EDGE ( 'NONE', *, *, #6289, .T. ) ;
#3178 = ORIENTED_EDGE ( 'NONE', *, *, #8480, .T. ) ;
#3179 = ADVANCED_FACE ( 'NONE', ( #6572 ), #7851, .T. ) ;
#3180 = LINE ( 'NONE', #1971, #2782 ) ;
#3181 = CYLINDRICAL_SURFACE ( 'NONE', #6680, 0.4999999999999995559 ) ;
#3182 = AXIS2_PLACEMENT_3D ( 'NONE', #2894, #4089, #5332 ) ;
#3183 = LINE ( 'NONE', #2988, #7284 ) ;
#3184 = EDGE_CURVE ( 'NONE', #2829, #5482, #672, .T. ) ;
#3185 = ORIENTED_EDGE ( 'NONE', *, *, #22, .T. ) ;
#3186 = EDGE_LOOP ( 'NONE', ( #6973, #7618, #2859, #324 ) ) ;
#3187 = ADVANCED_FACE ( 'NONE', ( #4701 ), #7943, .T. ) ;
#3188 = VECTOR ( 'NONE', #1484, 1000.000000000000000 ) ;
#3189 = ORIENTED_EDGE ( 'NONE', *, *, #5484, .T. ) ;
#3190 = EDGE_LOOP ( 'NONE', ( #7965, #6634, #4608, #6074 ) ) ;
#3191 = CARTESIAN_POINT ( 'NONE',  ( -54.09731624060601973, 4.500000000000000000, -51.80586907449209377 ) ) ;
#3192 = DIRECTION ( 'NONE',  ( 2.312964634635743943E-16, -0.000000000000000000, -1.000000000000000000 ) ) ;
#3193 = CARTESIAN_POINT ( 'NONE',  ( 36.36675776276504735, 4.500000000000000000, 45.48005692213685336 ) ) ;
#3194 = ORIENTED_EDGE ( 'NONE', *, *, #2589, .F. ) ;
#3195 = CARTESIAN_POINT ( 'NONE',  ( -57.59731624060602684, 0.000000000000000000, -48.30586907449208667 ) ) ;
#3196 = EDGE_LOOP ( 'NONE', ( #4935, #8334, #7441, #5568 ) ) ;
#3197 = CYLINDRICAL_SURFACE ( 'NONE', #5394, 0.5000000000000004441 ) ;
#3198 = CARTESIAN_POINT ( 'NONE',  ( 0.9386097560229229586, 4.292893218813451206, 65.48005692213685336 ) ) ;
#3199 = AXIS2_PLACEMENT_3D ( 'NONE', #4648, #3449, #6602 ) ;
#3200 = CYLINDRICAL_SURFACE ( 'NONE', #1268, 0.5000000000000004441 ) ;
#3201 = CARTESIAN_POINT ( 'NONE',  ( 19.01481770519606584, 8.673617379884035472E-16, 101.8319969797058206 ) ) ;
#3202 = CARTESIAN_POINT ( 'NONE',  ( -22.13324223723495621, 4.500000000000000000, 84.48005692213685336 ) ) ;
#3203 = VECTOR ( 'NONE', #6508, 1000.000000000000000 ) ;
#3204 = CARTESIAN_POINT ( 'NONE',  ( 35.89691145237208758, 3.828989928337164450, 61.43835861848602775 ) ) ;
#3205 = DIRECTION ( 'NONE',  ( -4.625929269271485914E-16, 0.000000000000000000, 1.000000000000000000 ) ) ;
#3206 = CARTESIAN_POINT ( 'NONE',  ( -37.84731624060602684, 3.828989928337163562, 41.93835861848602065 ) ) ;
#3207 = EDGE_LOOP ( 'NONE', ( #3693, #7718, #3224, #7826 ) ) ;
#3208 = ORIENTED_EDGE ( 'NONE', *, *, #794, .T. ) ;
#3209 = LINE ( 'NONE', #3169, #36 ) ;
#3210 = CARTESIAN_POINT ( 'NONE',  ( -2.633242237234965089, 4.500000000000000000, 42.40820492887897331 ) ) ;
#3211 =( BOUNDED_CURVE ( )  B_SPLINE_CURVE ( 3, ( #7447, #261, #1555, #6805 ),
 .UNSPECIFIED., .F., .F. ) 
 B_SPLINE_CURVE_WITH_KNOTS ( ( 4, 4 ),
 ( 3.141592653589793116, 4.712388980384689674 ),
 .UNSPECIFIED. ) 
 CURVE ( )  GEOMETRIC_REPRESENTATION_ITEM ( )  RATIONAL_B_SPLINE_CURVE ( ( 1.000000000000000000, 0.8047378541243649375, 0.8047378541243649375, 1.000000000000000000 ) ) 
 REPRESENTATION_ITEM ( '' )  );
#3212 = CARTESIAN_POINT ( 'NONE',  ( 48.90268375939397316, -7.500000000000000000, -42.90586907449209519 ) ) ;
#3213 = DIRECTION ( 'NONE',  ( 0.000000000000000000, -0.000000000000000000, -1.000000000000000000 ) ) ;
#3214 = CARTESIAN_POINT ( 'NONE',  ( 1.152683759393978269, 0.000000000000000000, 62.83199697970583486 ) ) ;
#3215 = ORIENTED_EDGE ( 'NONE', *, *, #6629, .T. ) ;
#3216 = VECTOR ( 'NONE', #5567, 1000.000000000000000 ) ;
#3217 = VECTOR ( 'NONE', #55, 1000.000000000000000 ) ;
#3218 = ADVANCED_FACE ( 'NONE', ( #3301 ), #2659, .T. ) ;
#3219 = EDGE_CURVE ( 'NONE', #4783, #6204, #6043, .T. ) ;
#3220 = FACE_OUTER_BOUND ( 'NONE', #1085, .T. ) ;
#3221 = CARTESIAN_POINT ( 'NONE',  ( -3.123088165252960291, 3.883938426159699642, 100.4183590008609599 ) ) ;
#3222 = CARTESIAN_POINT ( 'NONE',  ( 35.89691145237208758, 3.828989928337165338, 84.94990323252980602 ) ) ;
#3223 = AXIS2_PLACEMENT_3D ( 'NONE', #2346, #4305, #8341 ) ;
#3224 = ORIENTED_EDGE ( 'NONE', *, *, #6329, .F. ) ;
#3225 = CARTESIAN_POINT ( 'NONE',  ( 0.9084560664158746190, 3.828989928337163562, 80.93835861848602065 ) ) ;
#3226 = ORIENTED_EDGE ( 'NONE', *, *, #2742, .T. ) ;
#3227 = VECTOR ( 'NONE', #1348, 1000.000000000000114 ) ;
#3228 = ORIENTED_EDGE ( 'NONE', *, *, #2040, .F. ) ;
#3229 = ORIENTED_EDGE ( 'NONE', *, *, #4146, .T. ) ;
#3230 = CARTESIAN_POINT ( 'NONE',  ( -24.41822186690906094, 8.816027736361812472, 98.62322529920487568 ) ) ;
#3231 = AXIS2_PLACEMENT_3D ( 'NONE', #2230, #4829, #8154 ) ;
#3232 = ADVANCED_FACE ( 'NONE', ( #155 ), #2784, .T. ) ;
#3233 = DIRECTION ( 'NONE',  ( -1.000000000000000000, 0.000000000000000000, -2.312964634635747887E-16 ) ) ;
#3234 = EDGE_CURVE ( 'NONE', #3345, #1041, #5819, .T. ) ;
#3235 = AXIS2_PLACEMENT_3D ( 'NONE', #5559, #8192, #6691 ) ;
#3236 = FACE_OUTER_BOUND ( 'NONE', #1530, .T. ) ;
#3237 = VECTOR ( 'NONE', #974, 1000.000000000000000 ) ;
#3238 = ORIENTED_EDGE ( 'NONE', *, *, #2193, .T. ) ;
#3239 = ORIENTED_EDGE ( 'NONE', *, *, #2545, .T. ) ;
#3240 = DIRECTION ( 'NONE',  ( -0.3420201433256694901, -0.9396926207859082059, 0.000000000000000000 ) ) ;
#3241 = DIRECTION ( 'NONE',  ( 0.000000000000000000, 0.000000000000000000, 1.000000000000000000 ) ) ;
#3242 = AXIS2_PLACEMENT_3D ( 'NONE', #3567, #3049, #6968 ) ;
#3243 = EDGE_CURVE ( 'NONE', #1346, #45, #212, .T. ) ;
#3244 = VECTOR ( 'NONE', #491, 1000.000000000000000 ) ;
#3245 = CARTESIAN_POINT ( 'NONE',  ( 20.23150297483637416, 4.500000000000000000, 45.77295014095030012 ) ) ;
#3246 = CYLINDRICAL_SURFACE ( 'NONE', #1527, 0.5000000000000000000 ) ;
#3247 = CARTESIAN_POINT ( 'NONE',  ( -22.63324223723496331, 4.000000000000000000, 65.48005692213685336 ) ) ;
#3248 = VECTOR ( 'NONE', #8483, 1000.000000000000114 ) ;
#3249 = LINE ( 'NONE', #3962, #460 ) ;
#3250 = CARTESIAN_POINT ( 'NONE',  ( 0.000000000000000000, 4.000000000000000000, 61.40820492887896620 ) ) ;
#3251 = DIRECTION ( 'NONE',  ( 0.000000000000000000, -1.000000000000000000, 0.000000000000000000 ) ) ;
#3252 = DIRECTION ( 'NONE',  ( 0.000000000000000000, 0.000000000000000000, 1.000000000000000000 ) ) ;
#3253 = ORIENTED_EDGE ( 'NONE', *, *, #3797, .F. ) ;
#3254 = ORIENTED_EDGE ( 'NONE', *, *, #8092, .T. ) ;
#3255 = CARTESIAN_POINT ( 'NONE',  ( 14.58177813309093729, 8.816027736361816025, 40.12322529920486858 ) ) ;
#3256 = CARTESIAN_POINT ( 'NONE',  ( 16.57386454395158637, 4.500000000000000000, 65.27295014095030012 ) ) ;
#3257 = LINE ( 'NONE', #7198, #2551 ) ;
#3258 = DIRECTION ( 'NONE',  ( 0.000000000000000000, 0.000000000000000000, 1.000000000000000000 ) ) ;
#3259 = DIRECTION ( 'NONE',  ( 0.000000000000000000, 0.000000000000000000, 1.000000000000000000 ) ) ;
#3260 = VERTEX_POINT ( 'NONE', #4208 ) ;
#3261 = VERTEX_POINT ( 'NONE', #7439 ) ;
#3262 = LINE ( 'NONE', #2614, #1309 ) ;
#3263 = CARTESIAN_POINT ( 'NONE',  ( 0.000000000000000000, 4.000000000000000000, 64.98005692213685336 ) ) ;
#3264 = DIRECTION ( 'NONE',  ( 0.000000000000000000, -0.000000000000000000, -1.000000000000000000 ) ) ;
#3265 =( BOUNDED_CURVE ( )  B_SPLINE_CURVE ( 3, ( #3995, #4599, #48, #7362 ),
 .UNSPECIFIED., .F., .F. ) 
 B_SPLINE_CURVE_WITH_KNOTS ( ( 4, 4 ),
 ( 0.000000000000000000, 1.570796326794896558 ),
 .UNSPECIFIED. ) 
 CURVE ( )  GEOMETRIC_REPRESENTATION_ITEM ( )  RATIONAL_B_SPLINE_CURVE ( ( 1.000000000000000000, 0.8047378541243649375, 0.8047378541243649375, 1.000000000000000000 ) ) 
 REPRESENTATION_ITEM ( '' )  );
#3266 = FACE_OUTER_BOUND ( 'NONE', #3604, .T. ) ;
#3267 = CARTESIAN_POINT ( 'NONE',  ( -2.633242237234962868, 4.500000000000000000, 100.9082049288789733 ) ) ;
#3268 = LINE ( 'NONE', #2619, #1298 ) ;
#3269 = ORIENTED_EDGE ( 'NONE', *, *, #380, .F. ) ;
#3270 = CARTESIAN_POINT ( 'NONE',  ( 1.961773564377645065E-14, 4.000000000000000000, 42.40820492887897331 ) ) ;
#3271 = EDGE_CURVE ( 'NONE', #7862, #2606, #6925, .T. ) ;
#3272 = ORIENTED_EDGE ( 'NONE', *, *, #4489, .F. ) ;
#3273 = ORIENTED_EDGE ( 'NONE', *, *, #1750, .T. ) ;
#3274 = ORIENTED_EDGE ( 'NONE', *, *, #6216, .T. ) ;
#3275 = DIRECTION ( 'NONE',  ( -2.312964634635742957E-16, -0.000000000000000000, 1.000000000000000000 ) ) ;
#3276 = LINE ( 'NONE', #2549, #5406 ) ;
#3277 = CARTESIAN_POINT ( 'NONE',  ( -18.59154393358412349, 3.828989928337163562, 100.4383586184860064 ) ) ;
#3278 = DIRECTION ( 'NONE',  ( 1.000000000000000000, 0.000000000000000000, -1.541976423090495387E-16 ) ) ;
#3279 = EDGE_CURVE ( 'NONE', #4095, #958, #7664, .T. ) ;
#3280 = EDGE_LOOP ( 'NONE', ( #4332, #7296, #2369, #4234 ) ) ;
#3281 = CARTESIAN_POINT ( 'NONE',  ( -22.63324223723496331, 4.000000000000000000, 65.48005692213685336 ) ) ;
#3282 = VERTEX_POINT ( 'NONE', #343 ) ;
#3283 = CARTESIAN_POINT ( 'NONE',  ( 16.86675776276503669, 4.500000000000000000, 42.40820492887896620 ) ) ;
#3284 = ADVANCED_FACE ( 'NONE', ( #3609 ), #5621, .T. ) ;
#3285 = LINE ( 'NONE', #7272, #3775 ) ;
#3286 = CARTESIAN_POINT ( 'NONE',  ( -22.42613545604840652, 4.500000000000000888, 84.77295014095028591 ) ) ;
#3287 = EDGE_CURVE ( 'NONE', #4391, #516, #5487, .T. ) ;
#3288 = CARTESIAN_POINT ( 'NONE',  ( 35.86675776276504735, 3.941525029986321815, 26.48005692213686402 ) ) ;
#3289 = CARTESIAN_POINT ( 'NONE',  ( -18.56139024397708681, 4.000000000000000000, 61.40820492887896620 ) ) ;
#3290 = VERTEX_POINT ( 'NONE', #948 ) ;
#3291 = EDGE_CURVE ( 'NONE', #6253, #5356, #7077, .T. ) ;
#3292 = ORIENTED_EDGE ( 'NONE', *, *, #6473, .T. ) ;
#3293 = FACE_OUTER_BOUND ( 'NONE', #6870, .T. ) ;
#3294 = LINE ( 'NONE', #7892, #5922 ) ;
#3295 = DIRECTION ( 'NONE',  ( -2.312964634635742957E-16, 0.000000000000000000, 1.000000000000000000 ) ) ;
#3296 = ADVANCED_FACE ( 'NONE', ( #6314 ), #6191, .T. ) ;
#3297 = EDGE_LOOP ( 'NONE', ( #5718, #2728, #8116, #6704 ) ) ;
#3298 = ORIENTED_EDGE ( 'NONE', *, *, #7999, .F. ) ;
#3299 = DIRECTION ( 'NONE',  ( 0.000000000000000000, -1.000000000000000000, 0.000000000000000000 ) ) ;
#3300 = CARTESIAN_POINT ( 'NONE',  ( 16.36675776276504024, 3.941525029986322703, 22.40820492887897331 ) ) ;
#3301 = FACE_OUTER_BOUND ( 'NONE', #6561, .T. ) ;
#3302 = DIRECTION ( 'NONE',  ( 0.000000000000000000, -1.000000000000000000, 0.000000000000000000 ) ) ;
#3303 = DIRECTION ( 'NONE',  ( -0.000000000000000000, -1.000000000000000000, 0.000000000000000000 ) ) ;
#3304 = ORIENTED_EDGE ( 'NONE', *, *, #739, .T. ) ;
#3305 = LINE ( 'NONE', #1276, #8150 ) ;
#3306 = ORIENTED_EDGE ( 'NONE', *, *, #4268, .T. ) ;
#3307 = VERTEX_POINT ( 'NONE', #2884 ) ;
#3308 = ORIENTED_EDGE ( 'NONE', *, *, #57, .F. ) ;
#3309 = DIRECTION ( 'NONE',  ( -0.000000000000000000, -1.000000000000000000, -0.000000000000000000 ) ) ;
#3310 = FACE_OUTER_BOUND ( 'NONE', #3706, .T. ) ;
#3311 =( BOUNDED_CURVE ( )  B_SPLINE_CURVE ( 3, ( #8109, #3416, #5390, #1494 ),
 .UNSPECIFIED., .F., .F. ) 
 B_SPLINE_CURVE_WITH_KNOTS ( ( 4, 4 ),
 ( 0.000000000000000000, 1.570796326794900111 ),
 .UNSPECIFIED. ) 
 CURVE ( )  GEOMETRIC_REPRESENTATION_ITEM ( )  RATIONAL_B_SPLINE_CURVE ( ( 1.000000000000000000, 0.8047378541243641603, 0.8047378541243641603, 1.000000000000000000 ) ) 
 REPRESENTATION_ITEM ( '' )  );
#3312 = FACE_OUTER_BOUND ( 'NONE', #6097, .T. ) ;
#3313 = VECTOR ( 'NONE', #1027, 1000.000000000000000 ) ;
#3314 = EDGE_LOOP ( 'NONE', ( #663, #4979, #8046, #6145 ) ) ;
#3315 = FACE_OUTER_BOUND ( 'NONE', #5158, .T. ) ;
#3316 = ORIENTED_EDGE ( 'NONE', *, *, #4470, .F. ) ;
#3317 = DIRECTION ( 'NONE',  ( 0.000000000000000000, -0.000000000000000000, -1.000000000000000000 ) ) ;
#3319 = CARTESIAN_POINT ( 'NONE',  ( -18.76849702516363294, 4.500000000000000888, 61.61531171006551233 ) ) ;
#3318 = AXIS2_PLACEMENT_3D ( 'NONE', #2266, #8142, #4871 ) ;
#3320 = EDGE_CURVE ( 'NONE', #7531, #6966, #299, .T. ) ;
#3321 = ADVANCED_FACE ( 'NONE', ( #1546 ), #4975, .F. ) ;
#3322 = EDGE_CURVE ( 'NONE', #3916, #1075, #2291, .T. ) ;
#3323 = FACE_OUTER_BOUND ( 'NONE', #6943, .T. ) ;
#3324 =( NAMED_UNIT ( * ) SI_UNIT ( $, .STERADIAN. ) SOLID_ANGLE_UNIT ( ) );
#3325 = CYLINDRICAL_SURFACE ( 'NONE', #883, 0.5000000000000004441 ) ;
#3326 = PLANE ( 'NONE',  #465 ) ;
#3327 = ORIENTED_EDGE ( 'NONE', *, *, #6685, .T. ) ;
#3328 = ORIENTED_EDGE ( 'NONE', *, *, #3692, .T. ) ;
#3329 = EDGE_CURVE ( 'NONE', #1648, #8014, #7615, .T. ) ;
#3330 = CARTESIAN_POINT ( 'NONE',  ( 16.36675776276504024, 3.941525029986320927, 84.98005692213683915 ) ) ;
#3331 = VECTOR ( 'NONE', #4611, 1000.000000000000000 ) ;
#3332 = FACE_OUTER_BOUND ( 'NONE', #1293, .T. ) ;
#3333 = EDGE_CURVE ( 'NONE', #6579, #4681, #4049, .T. ) ;
#3334 = DIRECTION ( 'NONE',  ( 0.000000000000000000, -1.000000000000000000, 0.000000000000000000 ) ) ;
#3335 = ORIENTED_EDGE ( 'NONE', *, *, #5963, .F. ) ;
#3336 = CIRCLE ( 'NONE', #8140, 3.500000000000003109 ) ;
#3337 = EDGE_CURVE ( 'NONE', #6506, #988, #1077, .T. ) ;
#3338 = DIRECTION ( 'NONE',  ( -0.3236155771181851715, 0.8891264907159879272, -0.3236155771181854490 ) ) ;
#3339 = CARTESIAN_POINT ( 'NONE',  ( -6.362396975355915854E-15, 4.500000000000000000, -51.80586907449210088 ) ) ;
#3340 = CARTESIAN_POINT ( 'NONE',  ( 1.938643918031287848E-14, 4.000000000000000000, 41.90820492887897331 ) ) ;
#3341 = VECTOR ( 'NONE', #5321, 1000.000000000000000 ) ;
#3342 = CARTESIAN_POINT ( 'NONE',  ( 20.65268375939397316, 4.500000000000000000, 46.19413092550791333 ) ) ;
#3343 = ORIENTED_EDGE ( 'NONE', *, *, #5605, .T. ) ;
#3344 = CARTESIAN_POINT ( 'NONE',  ( -0.4851822948039223871, 0.000000000000000000, 83.55626487131000601 ) ) ;
#3345 = VERTEX_POINT ( 'NONE', #5534 ) ;
#3346 = ORIENTED_EDGE ( 'NONE', *, *, #4441, .T. ) ;
#3347 = EDGE_LOOP ( 'NONE', ( #7036, #1918, #7337, #6022 ) ) ;
#3348 = DIRECTION ( 'NONE',  ( -0.3236155771181852825, 0.8891264907159880382, -0.3236155771181852825 ) ) ;
#3349 = CARTESIAN_POINT ( 'NONE',  ( 1.152683759393978935, 4.500000000000000000, 41.69413092550791333 ) ) ;
#3350 = CYLINDRICAL_SURFACE ( 'NONE', #5705, 0.5000000000000004441 ) ;
#3351 = AXIS2_PLACEMENT_3D ( 'NONE', #2273, #4069, #6781 ) ;
#3352 = VECTOR ( 'NONE', #696, 1000.000000000000000 ) ;
#3353 = VECTOR ( 'NONE', #14, 1000.000000000000000 ) ;
#3354 = ORIENTED_EDGE ( 'NONE', *, *, #7954, .F. ) ;
#3355 = LINE ( 'NONE', #7868, #885 ) ;
#3356 = ORIENTED_EDGE ( 'NONE', *, *, #57, .T. ) ;
#3357 = CARTESIAN_POINT ( 'NONE',  ( -18.34731624060602684, 0.000000000000000000, 44.55626487130999891 ) ) ;
#3358 = AXIS2_PLACEMENT_3D ( 'NONE', #5091, #3683, #7721 ) ;
#3359 = AXIS2_PLACEMENT_3D ( 'NONE', #7086, #3817, #7780 ) ;
#3360 = CARTESIAN_POINT ( 'NONE',  ( -38.06139024397706550, 4.292893218813452094, 6.980056922136858688 ) ) ;
#3361 = FACE_OUTER_BOUND ( 'NONE', #6835, .T. ) ;
#3362 = DIRECTION ( 'NONE',  ( 0.000000000000000000, 0.000000000000000000, 1.000000000000000000 ) ) ;
#3363 = ORIENTED_EDGE ( 'NONE', *, *, #2188, .F. ) ;
#3364 = CARTESIAN_POINT ( 'NONE',  ( 16.86675776276504024, 4.500000000000000000, 61.90820492887897331 ) ) ;
#3365 = VECTOR ( 'NONE', #79, 1000.000000000000000 ) ;
#3366 = ADVANCED_FACE ( 'NONE', ( #3655 ), #8165, .T. ) ;
#3367 = FACE_OUTER_BOUND ( 'NONE', #4202, .T. ) ;
#3368 = ORIENTED_EDGE ( 'NONE', *, *, #6134, .F. ) ;
#3369 = VECTOR ( 'NONE', #3888, 1000.000000000000000 ) ;
#3370 = ORIENTED_EDGE ( 'NONE', *, *, #7737, .F. ) ;
#3371 = DIRECTION ( 'NONE',  ( 1.000000000000000000, -0.000000000000000000, -0.000000000000000000 ) ) ;
#3372 = DIRECTION ( 'NONE',  ( -0.000000000000000000, 1.000000000000000000, -0.000000000000000000 ) ) ;
#3373 = CYLINDRICAL_SURFACE ( 'NONE', #1735, 3.500000000000003109 ) ;
#3374 = ADVANCED_FACE ( 'NONE', ( #4892 ), #2974, .F. ) ;
#3375 = ADVANCED_FACE ( 'NONE', ( #3968 ), #7731, .F. ) ;
#3376 = CARTESIAN_POINT ( 'NONE',  ( -38.06139024397707971, 4.000000000000000000, 26.48005692213686046 ) ) ;
#3377 = ORIENTED_EDGE ( 'NONE', *, *, #7109, .T. ) ;
#3378 = AXIS2_PLACEMENT_3D ( 'NONE', #5595, #8219, #6290 ) ;
#3379 = EDGE_LOOP ( 'NONE', ( #3570, #5108, #6981, #7475 ) ) ;
#3380 = EDGE_CURVE ( 'NONE', #8504, #3537, #7043, .T. ) ;
#3381 =( BOUNDED_CURVE ( )  B_SPLINE_CURVE ( 3, ( #783, #3405, #141, #2767 ),
 .UNSPECIFIED., .F., .F. ) 
 B_SPLINE_CURVE_WITH_KNOTS ( ( 4, 4 ),
 ( 3.141592653589793116, 3.490658503988663064 ),
 .UNSPECIFIED. ) 
 CURVE ( )  GEOMETRIC_REPRESENTATION_ITEM ( )  RATIONAL_B_SPLINE_CURVE ( ( 1.000000000000000000, 0.9898718353414717175, 0.9898718353414717175, 1.000000000000000000 ) ) 
 REPRESENTATION_ITEM ( '' )  );
#3382 = CARTESIAN_POINT ( 'NONE',  ( -38.09154393358411994, 3.828989928337162674, 84.94990323252980602 ) ) ;
#3383 = CARTESIAN_POINT ( 'NONE',  ( -18.34731624060601618, 0.000000000000000000, 25.05626487131000246 ) ) ;
#3384 = CARTESIAN_POINT ( 'NONE',  ( -16.77641061430297853, 8.816027736361817801, 98.62322529920486147 ) ) ;
#3385 = FACE_OUTER_BOUND ( 'NONE', #3397, .T. ) ;
#3386 = VERTEX_POINT ( 'NONE', #4008 ) ;
#3387 = CARTESIAN_POINT ( 'NONE',  ( 17.79054981359189469, 0.000000000000000000, 80.69413092550790623 ) ) ;
#3388 = EDGE_CURVE ( 'NONE', #5892, #5602, #1848, .T. ) ;
#3389 = ORIENTED_EDGE ( 'NONE', *, *, #6839, .F. ) ;
#3390 = ORIENTED_EDGE ( 'NONE', *, *, #4423, .F. ) ;
#3391 = VERTEX_POINT ( 'NONE', #6642 ) ;
#3392 = DIRECTION ( 'NONE',  ( -7.950815931560367493E-16, 0.000000000000000000, 1.000000000000000000 ) ) ;
#3393 = FACE_OUTER_BOUND ( 'NONE', #2402, .T. ) ;
#3394 = CARTESIAN_POINT ( 'NONE',  ( -1.709450186408111749, -8.673617379884035472E-16, 23.83199697970583131 ) ) ;
#3395 =( BOUNDED_CURVE ( )  B_SPLINE_CURVE ( 3, ( #6435, #3846, #6475, #6393 ),
 .UNSPECIFIED., .F., .F. ) 
 B_SPLINE_CURVE_WITH_KNOTS ( ( 4, 4 ),
 ( 0.000000000000000000, 1.570796326794896558 ),
 .UNSPECIFIED. ) 
 CURVE ( )  GEOMETRIC_REPRESENTATION_ITEM ( )  RATIONAL_B_SPLINE_CURVE ( ( 1.000000000000000000, 0.8047378541243649375, 0.8047378541243649375, 1.000000000000000000 ) ) 
 REPRESENTATION_ITEM ( '' )  );
#3396 = CARTESIAN_POINT ( 'NONE',  ( -3.103088547627918192, 3.828989928337162674, 22.43835861848602065 ) ) ;
#3397 = EDGE_LOOP ( 'NONE', ( #3057, #5444, #2062, #7659 ) ) ;
#3398 = CYLINDRICAL_SURFACE ( 'NONE', #7760, 1.399999999999998579 ) ;
#3399 = ORIENTED_EDGE ( 'NONE', *, *, #4256, .T. ) ;
#3400 = DIRECTION ( 'NONE',  ( 1.156482317317871478E-16, -0.000000000000000000, -1.000000000000000000 ) ) ;
#3401 = CARTESIAN_POINT ( 'NONE',  ( -18.56139024397707260, 3.941525029986321815, 80.90820492887895909 ) ) ;
#3402 = LINE ( 'NONE', #7312, #7578 ) ;
#3403 = CARTESIAN_POINT ( 'NONE',  ( -18.34731624060601973, 3.828989928337163562, 80.93835861848602065 ) ) ;
#3404 = ORIENTED_EDGE ( 'NONE', *, *, #3594, .T. ) ;
#3405 = CARTESIAN_POINT ( 'NONE',  ( 20.43860975602291319, 3.941525029986321815, 45.98005692213684625 ) ) ;
#3406 = FACE_OUTER_BOUND ( 'NONE', #4500, .T. ) ;
#3407 = ORIENTED_EDGE ( 'NONE', *, *, #536, .T. ) ;
#3408 = VERTEX_POINT ( 'NONE', #7242 ) ;
#3409 = DIRECTION ( 'NONE',  ( -1.000000000000000000, 0.000000000000000000, 0.000000000000000000 ) ) ;
#3410 = CYLINDRICAL_SURFACE ( 'NONE', #2409, 0.4999999999999995559 ) ;
#3411 = CARTESIAN_POINT ( 'NONE',  ( -39.34731624060601263, -7.500000000000000000, 101.9441309255079062 ) ) ;
#3412 = CARTESIAN_POINT ( 'NONE',  ( -38.56139024397707260, 4.500000000000000000, 100.9082049288789733 ) ) ;
#3413 = DIRECTION ( 'NONE',  ( -1.000000000000000000, 0.000000000000000000, 0.000000000000000000 ) ) ;
#3414 = ORIENTED_EDGE ( 'NONE', *, *, #381, .T. ) ;
#3415 = DIRECTION ( 'NONE',  ( 0.000000000000000000, 1.000000000000000000, 0.000000000000000000 ) ) ;
#3416 = CARTESIAN_POINT ( 'NONE',  ( -18.56139024397707260, 4.292893218813452982, 80.90820492887897331 ) ) ;
#3417 = EDGE_CURVE ( 'NONE', #4016, #958, #2485, .T. ) ;
#3418 = ADVANCED_FACE ( 'NONE', ( #20 ), #3181, .T. ) ;
#3419 = EDGE_CURVE ( 'NONE', #5881, #4016, #16, .T. ) ;
#3420 = CARTESIAN_POINT ( 'NONE',  ( -38.09154393358412705, 3.828989928337164450, 61.43835861848602065 ) ) ;
#3421 = CYLINDRICAL_SURFACE ( 'NONE', #3498, 2.500000000000002220 ) ;
#3422 = EDGE_CURVE ( 'NONE', #906, #738, #2057, .T. ) ;
#3423 = ORIENTED_EDGE ( 'NONE', *, *, #6791, .F. ) ;
#3424 = ORIENTED_EDGE ( 'NONE', *, *, #3417, .T. ) ;
#3425 =( BOUNDED_CURVE ( )  B_SPLINE_CURVE ( 3, ( #5428, #4229, #2181, #4137 ),
 .UNSPECIFIED., .F., .F. ) 
 B_SPLINE_CURVE_WITH_KNOTS ( ( 4, 4 ),
 ( 1.570796326794896558, 3.141592653589793116 ),
 .UNSPECIFIED. ) 
 CURVE ( )  GEOMETRIC_REPRESENTATION_ITEM ( )  RATIONAL_B_SPLINE_CURVE ( ( 1.000000000000000000, 0.8047378541243649375, 0.8047378541243649375, 1.000000000000000000 ) ) 
 REPRESENTATION_ITEM ( '' )  );
#3426 = ORIENTED_EDGE ( 'NONE', *, *, #2065, .F. ) ;
#3427 = VERTEX_POINT ( 'NONE', #7887 ) ;
#3428 = CARTESIAN_POINT ( 'NONE',  ( 51.90268375939396606, 4.500000000000000000, -51.80586907449210088 ) ) ;
#3429 = DIRECTION ( 'NONE',  ( 0.000000000000000000, -0.000000000000000000, -1.000000000000000000 ) ) ;
#3430 = EDGE_CURVE ( 'NONE', #3490, #951, #2006, .T. ) ;
#3431 = ADVANCED_FACE ( 'NONE', ( #5947 ), #64, .T. ) ;
#3432 = CARTESIAN_POINT ( 'NONE',  ( -18.34731624060602684, 4.500000000000000000, 61.19413092550791333 ) ) ;
#3433 = ORIENTED_EDGE ( 'NONE', *, *, #2742, .F. ) ;
#3434 = LINE ( 'NONE', #6886, #344 ) ;
#3435 = ORIENTED_EDGE ( 'NONE', *, *, #1476, .T. ) ;
#3436 = FACE_OUTER_BOUND ( 'NONE', #2804, .T. ) ;
#3437 = ORIENTED_EDGE ( 'NONE', *, *, #3064, .T. ) ;
#3438 = ADVANCED_FACE ( 'NONE', ( #2047 ), #7278, .T. ) ;
#3439 = VECTOR ( 'NONE', #1003, 1000.000000000000000 ) ;
#3440 = CARTESIAN_POINT ( 'NONE',  ( 0.9386097560229229586, 3.941525029986321815, 26.48005692213686046 ) ) ;
#3441 = CARTESIAN_POINT ( 'NONE',  ( 36.07386454395158637, 4.500000000000000888, 61.61531171006551233 ) ) ;
#3442 = ORIENTED_EDGE ( 'NONE', *, *, #7998, .F. ) ;
#3443 = DIRECTION ( 'NONE',  ( 0.000000000000000000, 0.000000000000000000, 1.000000000000000000 ) ) ;
#3444 = VERTEX_POINT ( 'NONE', #5023 ) ;
#3445 = CARTESIAN_POINT ( 'NONE',  ( 0.9386097560229219594, 4.000000000000000000, 41.90820492887897331 ) ) ;
#3446 = EDGE_LOOP ( 'NONE', ( #5537, #1898 ) ) ;
#3447 = VERTEX_POINT ( 'NONE', #7658 ) ;
#3448 = AXIS2_PLACEMENT_3D ( 'NONE', #4448, #449, #1192 ) ;
#3449 = DIRECTION ( 'NONE',  ( 1.000000000000000000, -0.000000000000000000, -4.625929269271485914E-16 ) ) ;
#3450 = CARTESIAN_POINT ( 'NONE',  ( -22.63324223723495621, 4.000000000000000000, 84.98005692213685336 ) ) ;
#3451 = CARTESIAN_POINT ( 'NONE',  ( 0.000000000000000000, 4.000000000000000000, 22.90820492887897686 ) ) ;
#3452 = DIRECTION ( 'NONE',  ( -0.000000000000000000, -1.000000000000000000, -0.000000000000000000 ) ) ;
#3453 = VECTOR ( 'NONE', #2210, 1000.000000000000000 ) ;
#3454 = LINE ( 'NONE', #1488, #67 ) ;
#3455 = ORIENTED_EDGE ( 'NONE', *, *, #432, .T. ) ;
#3456 = ORIENTED_EDGE ( 'NONE', *, *, #5179, .T. ) ;
#3457 = CARTESIAN_POINT ( 'NONE',  ( 1.668327990038994106E-14, 0.000000000000000000, 108.1941309255078920 ) ) ;
#3458 = LINE ( 'NONE', #6087, #4034 ) ;
#3459 = AXIS2_PLACEMENT_3D ( 'NONE', #1920, #7719, #1837 ) ;
#3460 = CARTESIAN_POINT ( 'NONE',  ( 37.29054981359189469, 0.000000000000000000, 22.19413092550791688 ) ) ;
#3461 = DIRECTION ( 'NONE',  ( -5.782411586589351229E-17, 0.000000000000000000, 1.000000000000000000 ) ) ;
#3462 = CARTESIAN_POINT ( 'NONE',  ( -18.59154393358412349, 3.828989928337164450, 80.93835861848602065 ) ) ;
#3463 = DIRECTION ( 'NONE',  ( 0.000000000000000000, 0.9396926207859082059, 0.3420201433256694901 ) ) ;
#3464 = ORIENTED_EDGE ( 'NONE', *, *, #5324, .T. ) ;
#3465 = CIRCLE ( 'NONE', #319, 2.500000000000002220 ) ;
#3466 = ORIENTED_EDGE ( 'NONE', *, *, #2390, .T. ) ;
#3467 = EDGE_CURVE ( 'NONE', #3282, #6834, #2944, .T. ) ;
#3468 = ORIENTED_EDGE ( 'NONE', *, *, #3175, .F. ) ;
#3469 = EDGE_CURVE ( 'NONE', #7398, #6746, #1108, .T. ) ;
#3470 = VERTEX_POINT ( 'NONE', #5059 ) ;
#3471 = LINE ( 'NONE', #7352, #6107 ) ;
#3472 = DIRECTION ( 'NONE',  ( -1.000000000000000000, 0.000000000000000000, -0.000000000000000000 ) ) ;
#3473 = AXIS2_PLACEMENT_3D ( 'NONE', #5031, #6358, #8420 ) ;
#3474 = VECTOR ( 'NONE', #3741, 1000.000000000000000 ) ;
#3475 =( BOUNDED_CURVE ( )  B_SPLINE_CURVE ( 3, ( #1474, #4092, #267, #7504 ),
 .UNSPECIFIED., .F., .F. ) 
 B_SPLINE_CURVE_WITH_KNOTS ( ( 4, 4 ),
 ( 2.792526803190928053, 3.141592653589793116 ),
 .UNSPECIFIED. ) 
 CURVE ( )  GEOMETRIC_REPRESENTATION_ITEM ( )  RATIONAL_B_SPLINE_CURVE ( ( 1.000000000000000000, 0.9898718353414720506, 0.9898718353414720506, 1.000000000000000000 ) ) 
 REPRESENTATION_ITEM ( '' )  );
#3476 = ORIENTED_EDGE ( 'NONE', *, *, #3747, .T. ) ;
#3477 = CARTESIAN_POINT ( 'NONE',  ( -38.06139024397707260, 4.000000000000000000, 100.4082049288789733 ) ) ;
#3478 = CARTESIAN_POINT ( 'NONE',  ( -21.84731624060601263, -7.500000000000000000, -7.530869074492090753 ) ) ;
#3479 = VECTOR ( 'NONE', #2508, 1000.000000000000000 ) ;
#3480 = EDGE_CURVE ( 'NONE', #3261, #1580, #3811, .T. ) ;
#3481 = EDGE_CURVE ( 'NONE', #8196, #3261, #4412, .T. ) ;
#3482 = ORIENTED_EDGE ( 'NONE', *, *, #4268, .F. ) ;
#3483 = DIRECTION ( 'NONE',  ( 0.000000000000000000, 0.000000000000000000, 1.000000000000000000 ) ) ;
#3484 = VECTOR ( 'NONE', #1430, 1000.000000000000000 ) ;
#3485 = EDGE_CURVE ( 'NONE', #6204, #559, #4668, .T. ) ;
#3486 = CARTESIAN_POINT ( 'NONE',  ( 20.43860975602290964, 4.000000000000000000, 41.90820492887897331 ) ) ;
#3487 = AXIS2_PLACEMENT_3D ( 'NONE', #7115, #1952, #8352 ) ;
#3488 = CARTESIAN_POINT ( 'NONE',  ( 0.9284556840409192713, 3.883938426159695201, 26.46990285015485611 ) ) ;
#3489 = AXIS2_PLACEMENT_3D ( 'NONE', #3614, #6243, #4980 ) ;
#3490 = VERTEX_POINT ( 'NONE', #1481 ) ;
#3491 = LINE ( 'NONE', #4861, #6515 ) ;
#3492 = EDGE_CURVE ( 'NONE', #3984, #1638, #1622, .T. ) ;
#3493 = ORIENTED_EDGE ( 'NONE', *, *, #8320, .T. ) ;
#3494 = DIRECTION ( 'NONE',  ( -0.000000000000000000, -1.000000000000000000, -0.000000000000000000 ) ) ;
#3495 = ORIENTED_EDGE ( 'NONE', *, *, #7374, .F. ) ;
#3496 = AXIS2_PLACEMENT_3D ( 'NONE', #809, #8117, #8243 ) ;
#3497 = EDGE_LOOP ( 'NONE', ( #8161, #2132, #4545, #5816 ) ) ;
#3498 = AXIS2_PLACEMENT_3D ( 'NONE', #1975, #5878, #3899 ) ;
#3499 = CARTESIAN_POINT ( 'NONE',  ( -38.09154393358412705, 3.828989928337165338, 61.19413092550791333 ) ) ;
#3500 = CARTESIAN_POINT ( 'NONE',  ( -3.133242237234963312, 4.000000000000000000, 45.98005692213686046 ) ) ;
#3501 = VECTOR ( 'NONE', #3970, 1000.000000000000000 ) ;
#3502 = DIRECTION ( 'NONE',  ( -0.3236155771181852825, 0.8891264907159879272, 0.3236155771181852270 ) ) ;
#3503 = VECTOR ( 'NONE', #1236, 1000.000000000000000 ) ;
#3504 = CARTESIAN_POINT ( 'NONE',  ( -19.06139024397705839, 4.500000000000000000, -4.408832152130971166E-15 ) ) ;
#3505 = CARTESIAN_POINT ( 'NONE',  ( -2.633242237234960648, 4.000000000000000000, -3.045298084576784952E-16 ) ) ;
#3506 = EDGE_LOOP ( 'NONE', ( #6197, #3153 ) ) ;
#3507 = EDGE_LOOP ( 'NONE', ( #1210, #3882, #2748, #1364 ) ) ;
#3508 = FACE_OUTER_BOUND ( 'NONE', #997, .T. ) ;
#3509 = VECTOR ( 'NONE', #1146, 1000.000000000000000 ) ;
#3510 = CARTESIAN_POINT ( 'NONE',  ( 27.15268375939398737, 0.000000000000000000, -0.000000000000000000 ) ) ;
#3511 = CARTESIAN_POINT ( 'NONE',  ( 36.36675776276504735, 4.500000000000000000, 61.90820492887897331 ) ) ;
#3512 = DIRECTION ( 'NONE',  ( -0.000000000000000000, -0.000000000000000000, -1.000000000000000000 ) ) ;
#3513 = CARTESIAN_POINT ( 'NONE',  ( -1.709450186408106420, 0.000000000000000000, 83.55626487131000601 ) ) ;
#3514 = CARTESIAN_POINT ( 'NONE',  ( -21.84731624060601263, 0.000000000000000000, -7.530869074492090753 ) ) ;
#3515 = ORIENTED_EDGE ( 'NONE', *, *, #1113, .T. ) ;
#3516 = AXIS2_PLACEMENT_3D ( 'NONE', #6307, #3170, #5773 ) ;
#3517 = ORIENTED_EDGE ( 'NONE', *, *, #7109, .F. ) ;
#3518 = ORIENTED_EDGE ( 'NONE', *, *, #537, .F. ) ;
#3519 = CARTESIAN_POINT ( 'NONE',  ( -46.09731624060601263, 4.500000000000000000, 7.996609666210618732E-15 ) ) ;
#3520 = CARTESIAN_POINT ( 'NONE',  ( -2.863829771885582546E-14, 4.500000000000000000, 61.90820492887895909 ) ) ;
#3521 = CARTESIAN_POINT ( 'NONE',  ( 16.86675776276506156, 4.500000000000000000, 3.901221420624344413E-15 ) ) ;
#3522 = EDGE_CURVE ( 'NONE', #7620, #4288, #2976, .T. ) ;
#3523 = ORIENTED_EDGE ( 'NONE', *, *, #692, .T. ) ;
#3524 = CARTESIAN_POINT ( 'NONE',  ( 0.000000000000000000, 4.000000000000000000, 84.48005692213685336 ) ) ;
#3525 = APPLICATION_CONTEXT ( 'automotive_design' ) ;
#3526 = ORIENTED_EDGE ( 'NONE', *, *, #755, .T. ) ;
#3527 = CARTESIAN_POINT ( 'NONE',  ( -19.06139024397707971, 4.500000000000000000, 22.90820492887897331 ) ) ;
#3528 = ORIENTED_EDGE ( 'NONE', *, *, #8015, .T. ) ;
#3529 = LINE ( 'NONE', #6845, #5257 ) ;
#3530 = CARTESIAN_POINT ( 'NONE',  ( -37.84731624060601263, 3.828989928337163562, 45.94990323252980602 ) ) ;
#3531 =( BOUNDED_CURVE ( )  B_SPLINE_CURVE ( 3, ( #8336, #1773, #4982, #7623 ),
 .UNSPECIFIED., .F., .F. ) 
 B_SPLINE_CURVE_WITH_KNOTS ( ( 4, 4 ),
 ( 1.570796326794896780, 3.141592653589793116 ),
 .UNSPECIFIED. ) 
 CURVE ( )  GEOMETRIC_REPRESENTATION_ITEM ( )  RATIONAL_B_SPLINE_CURVE ( ( 1.000000000000000000, 0.8047378541243650485, 0.8047378541243650485, 1.000000000000000000 ) ) 
 REPRESENTATION_ITEM ( '' )  );
#3532 = ADVANCED_FACE ( 'NONE', ( #4228 ), #1436, .T. ) ;
#3533 = EDGE_CURVE ( 'NONE', #6342, #3282, #6448, .T. ) ;
#3534 = EDGE_CURVE ( 'NONE', #7321, #3444, #505, .T. ) ;
#3535 = DIRECTION ( 'NONE',  ( -1.000000000000000000, 0.000000000000000000, -1.156482317317871232E-16 ) ) ;
#3536 = CARTESIAN_POINT ( 'NONE',  ( 48.90268375939397316, 4.500000000000000000, -5.130869074492089510 ) ) ;
#3537 = VERTEX_POINT ( 'NONE', #6436 ) ;
#3538 = ADVANCED_FACE ( 'NONE', ( #5737 ), #1797, .T. ) ;
#3539 = CARTESIAN_POINT ( 'NONE',  ( -1.709450186408107975, 0.000000000000000000, 61.19413092550792044 ) ) ;
#3540 = ORIENTED_EDGE ( 'NONE', *, *, #1333, .F. ) ;
#3541 = CARTESIAN_POINT ( 'NONE',  ( -38.06139024397704418, 4.000000000000000000, -1.760692991587776074E-14 ) ) ;
#3542 = ORIENTED_EDGE ( 'NONE', *, *, #536, .F. ) ;
#3543 = ORIENTED_EDGE ( 'NONE', *, *, #472, .T. ) ;
#3544 = CARTESIAN_POINT ( 'NONE',  ( 17.79054981359189469, 0.000000000000000000, 22.19413092550791688 ) ) ;
#3545 = FACE_OUTER_BOUND ( 'NONE', #4261, .T. ) ;
#3546 = EDGE_CURVE ( 'NONE', #2732, #6010, #5095, .T. ) ;
#3547 = DIRECTION ( 'NONE',  ( 5.782411586589361090E-17, 0.000000000000000000, 1.000000000000000000 ) ) ;
#3548 = FACE_OUTER_BOUND ( 'NONE', #6024, .T. ) ;
#3549 = CARTESIAN_POINT ( 'NONE',  ( 0.000000000000000000, 4.500000000000000000, 81.40820492887897331 ) ) ;
#3550 = EDGE_CURVE ( 'NONE', #6651, #7384, #3137, .T. ) ;
#3551 = CARTESIAN_POINT ( 'NONE',  ( 20.40845606641587295, 3.828989928337164894, 100.4383586184860206 ) ) ;
#3552 = CARTESIAN_POINT ( 'NONE',  ( -18.59154393358412349, 3.828989928337164450, 85.19413092550790623 ) ) ;
#3553 = ORIENTED_EDGE ( 'NONE', *, *, #3797, .T. ) ;
#3554 = ORIENTED_EDGE ( 'NONE', *, *, #4898, .T. ) ;
#3555 = LINE ( 'NONE', #2873, #4554 ) ;
#3556 = PLANE ( 'NONE',  #6649 ) ;
#3557 = CARTESIAN_POINT ( 'NONE',  ( -22.63324223723496331, 4.000000000000000000, 45.98005692213685336 ) ) ;
#3558 = EDGE_CURVE ( 'NONE', #7696, #738, #7687, .T. ) ;
#3559 = DIRECTION ( 'NONE',  ( -0.000000000000000000, -1.000000000000000000, 0.000000000000000000 ) ) ;
#3560 = DIRECTION ( 'NONE',  ( -0.000000000000000000, 1.000000000000000000, -0.000000000000000000 ) ) ;
#3561 = CARTESIAN_POINT ( 'NONE',  ( 19.93860975602303753, 4.000000000000000000, 2.305864961474224380E-14 ) ) ;
#3562 = CARTESIAN_POINT ( 'NONE',  ( -22.63324223723497042, 4.000000000000000000, 22.40820492887897331 ) ) ;
#3563 = VERTEX_POINT ( 'NONE', #544 ) ;
#3564 = VERTEX_POINT ( 'NONE', #5825 ) ;
#3565 = ORIENTED_EDGE ( 'NONE', *, *, #3688, .T. ) ;
#3566 = CARTESIAN_POINT ( 'NONE',  ( -18.59154393358412349, 3.828989928337163562, 26.44990323252981312 ) ) ;
#3567 = CARTESIAN_POINT ( 'NONE',  ( -51.09731624060602684, 4.500000000000000000, -35.80586907449208667 ) ) ;
#3568 = ORIENTED_EDGE ( 'NONE', *, *, #4333, .T. ) ;
#3569 = CARTESIAN_POINT ( 'NONE',  ( -51.09731624060602684, -7.500000000000000000, -42.90586907449209519 ) ) ;
#3570 = ORIENTED_EDGE ( 'NONE', *, *, #2913, .T. ) ;
#3571 = CARTESIAN_POINT ( 'NONE',  ( 0.9386097560229306191, 4.000000000000000000, 1.085485585702560799E-16 ) ) ;
#3572 = EDGE_LOOP ( 'NONE', ( #1968, #4505, #5648, #763, #3423, #3482 ) ) ;
#3573 = CARTESIAN_POINT ( 'NONE',  ( 35.86675776276504735, 4.000000000000000000, 65.48005692213685336 ) ) ;
#3574 = ORIENTED_EDGE ( 'NONE', *, *, #5208, .T. ) ;
#3575 = CARTESIAN_POINT ( 'NONE',  ( 0.4386097560229212378, 4.500000000000000000, 61.90820492887896620 ) ) ;
#3576 = FACE_OUTER_BOUND ( 'NONE', #4420, .T. ) ;
#3577 = ORIENTED_EDGE ( 'NONE', *, *, #1978, .F. ) ;
#3578 = FILL_AREA_STYLE ('',( #6855 ) ) ;
#3579 = ORIENTED_EDGE ( 'NONE', *, *, #5009, .F. ) ;
#3580 = DIRECTION ( 'NONE',  ( 0.3236155771181853935, 0.8891264907159879272, -0.3236155771181852270 ) ) ;
#3581 = VERTEX_POINT ( 'NONE', #1193 ) ;
#3582 = VERTEX_POINT ( 'NONE', #6348 ) ;
#3583 = EDGE_CURVE ( 'NONE', #1459, #4763, #2481, .T. ) ;
#3584 = EDGE_CURVE ( 'NONE', #1641, #5198, #5778, .T. ) ;
#3585 =( BOUNDED_CURVE ( )  B_SPLINE_CURVE ( 3, ( #424, #7668, #2418, #4901 ),
 .UNSPECIFIED., .F., .F. ) 
 B_SPLINE_CURVE_WITH_KNOTS ( ( 4, 4 ),
 ( 5.934119456780715396, 6.283185307179586232 ),
 .UNSPECIFIED. ) 
 CURVE ( )  GEOMETRIC_REPRESENTATION_ITEM ( )  RATIONAL_B_SPLINE_CURVE ( ( 1.000000000000000000, 0.9898718353414717175, 0.9898718353414717175, 1.000000000000000000 ) ) 
 REPRESENTATION_ITEM ( '' )  );
#3586 = CIRCLE ( 'NONE', #7837, 2.500000000000002220 ) ;
#3587 = CARTESIAN_POINT ( 'NONE',  ( -22.62308816525295896, 3.883938426159697421, 80.91835900086095990 ) ) ;
#3588 = DIRECTION ( 'NONE',  ( -0.000000000000000000, -0.000000000000000000, -1.000000000000000000 ) ) ;
#3589 = LINE ( 'NONE', #831, #4595 ) ;
#3590 = CARTESIAN_POINT ( 'NONE',  ( 20.43860975602292029, 3.941525029986321815, 100.4082049288789733 ) ) ;
#3591 = AXIS2_PLACEMENT_3D ( 'NONE', #532, #2430, #1134 ) ;
#3592 = EDGE_LOOP ( 'NONE', ( #5223, #5628, #3253, #7335 ) ) ;
#3593 = ORIENTED_EDGE ( 'NONE', *, *, #394, .T. ) ;
#3594 = EDGE_CURVE ( 'NONE', #224, #8463, #1890, .T. ) ;
#3595 = FACE_BOUND ( 'NONE', #268, .T. ) ;
#3596 = FACE_OUTER_BOUND ( 'NONE', #5626, .T. ) ;
#3597 = EDGE_CURVE ( 'NONE', #4893, #7862, #7082, .T. ) ;
#3598 = VECTOR ( 'NONE', #2686, 1000.000000000000000 ) ;
#3599 = DIRECTION ( 'NONE',  ( -0.9396926207859082059, 0.3420201433256694901, -1.086737899652991001E-16 ) ) ;
#3600 = DIRECTION ( 'NONE',  ( 0.000000000000000000, 0.000000000000000000, -1.000000000000000000 ) ) ;
#3601 = LINE ( 'NONE', #940, #7896 ) ;
#3602 = CARTESIAN_POINT ( 'NONE',  ( 0.000000000000000000, 4.500000000000000000, 6.480056922136859576 ) ) ;
#3603 = ORIENTED_EDGE ( 'NONE', *, *, #3419, .T. ) ;
#3604 = EDGE_LOOP ( 'NONE', ( #6438, #7644, #554, #3194 ) ) ;
#3605 = AXIS2_PLACEMENT_3D ( 'NONE', #2734, #5950, #7280 ) ;
#3606 = ORIENTED_EDGE ( 'NONE', *, *, #1718, .F. ) ;
#3607 = EDGE_CURVE ( 'NONE', #1779, #7696, #7776, .T. ) ;
#3608 = DIRECTION ( 'NONE',  ( 0.3236155771181852825, 0.8891264907159880382, -0.3236155771181852825 ) ) ;
#3609 = FACE_OUTER_BOUND ( 'NONE', #112, .T. ) ;
#3610 =( BOUNDED_CURVE ( )  B_SPLINE_CURVE ( 3, ( #7345, #159, #2709, #3941 ),
 .UNSPECIFIED., .F., .F. ) 
 B_SPLINE_CURVE_WITH_KNOTS ( ( 4, 4 ),
 ( 0.000000000000000000, 1.570796326794896558 ),
 .UNSPECIFIED. ) 
 CURVE ( )  GEOMETRIC_REPRESENTATION_ITEM ( )  RATIONAL_B_SPLINE_CURVE ( ( 1.000000000000000000, 0.8047378541243649375, 0.8047378541243649375, 1.000000000000000000 ) ) 
 REPRESENTATION_ITEM ( '' )  );
#3611 = AXIS2_PLACEMENT_3D ( 'NONE', #4922, #7562, #1906 ) ;
#3612 = ORIENTED_EDGE ( 'NONE', *, *, #2917, .F. ) ;
#3613 = EDGE_LOOP ( 'NONE', ( #2862, #8453, #3848, #7247 ) ) ;
#3614 = CARTESIAN_POINT ( 'NONE',  ( -31.84731624060601618, -7.500000000000000000, -5.130869074492096615 ) ) ;
#3615 = ORIENTED_EDGE ( 'NONE', *, *, #6866, .T. ) ;
#3616 = FACE_OUTER_BOUND ( 'NONE', #5506, .T. ) ;
#3617 = CARTESIAN_POINT ( 'NONE',  ( -3.347316240606020621, 4.500000000000000000, 85.19413092550790623 ) ) ;
#3618 = CIRCLE ( 'NONE', #3754, 2.500000000000002220 ) ;
#3619 = AXIS2_PLACEMENT_3D ( 'NONE', #5755, #2459, #4302 ) ;
#3620 = LINE ( 'NONE', #3023, #1732 ) ;
#3621 = CARTESIAN_POINT ( 'NONE',  ( -22.13324223723496686, 4.500000000000000000, 42.40820492887897331 ) ) ;
#3622 = CARTESIAN_POINT ( 'NONE',  ( -3.133242237234963312, 4.000000000000000000, 26.48005692213686402 ) ) ;
#3623 = VECTOR ( 'NONE', #5160, 1000.000000000000000 ) ;
#3624 = ORIENTED_EDGE ( 'NONE', *, *, #3661, .T. ) ;
#3625 = LINE ( 'NONE', #6767, #4169 ) ;
#3626 = AXIS2_PLACEMENT_3D ( 'NONE', #4643, #4555, #4515 ) ;
#3627 = ORIENTED_EDGE ( 'NONE', *, *, #1018, .T. ) ;
#3628 = LINE ( 'NONE', #2950, #1037 ) ;
#3629 = ORIENTED_EDGE ( 'NONE', *, *, #3900, .T. ) ;
#3630 = VECTOR ( 'NONE', #1098, 1000.000000000000114 ) ;
#3631 = AXIS2_PLACEMENT_3D ( 'NONE', #933, #2909, #7516 ) ;
#3632 = DIRECTION ( 'NONE',  ( -1.156482317317871971E-16, 0.000000000000000000, 1.000000000000000000 ) ) ;
#3633 = CARTESIAN_POINT ( 'NONE',  ( -21.84731624060601263, -7.500000000000000000, -2.730869074492088711 ) ) ;
#3634 = DIRECTION ( 'NONE',  ( -2.312964634635742957E-16, 0.000000000000000000, 1.000000000000000000 ) ) ;
#3635 = EDGE_CURVE ( 'NONE', #4933, #232, #4369, .T. ) ;
#3636 = CARTESIAN_POINT ( 'NONE',  ( -18.34731624060601618, 4.500000000000000000, 26.69413092550791688 ) ) ;
#3637 = VECTOR ( 'NONE', #619, 1000.000000000000000 ) ;
#3638 = ORIENTED_EDGE ( 'NONE', *, *, #2448, .T. ) ;
#3639 = CARTESIAN_POINT ( 'NONE',  ( 35.86675776276504735, 3.941525029986322703, 100.4082049288789449 ) ) ;
#3640 = CARTESIAN_POINT ( 'NONE',  ( -38.56139024397707260, 4.500000000000000000, 22.90820492887897686 ) ) ;
#3641 = VECTOR ( 'NONE', #2758, 1000.000000000000000 ) ;
#3642 = ORIENTED_EDGE ( 'NONE', *, *, #692, .F. ) ;
#3643 = VECTOR ( 'NONE', #5182, 1000.000000000000114 ) ;
#3644 = LINE ( 'NONE', #6182, #2408 ) ;
#3645 = LINE ( 'NONE', #6273, #700 ) ;
#3646 = DIRECTION ( 'NONE',  ( -4.625929269271485914E-16, -0.000000000000000000, 1.000000000000000000 ) ) ;
#3647 = EDGE_CURVE ( 'NONE', #2456, #4179, #4406, .T. ) ;
#3648 = CARTESIAN_POINT ( 'NONE',  ( -3.133242237234970862, 4.000000000000000000, 41.90820492887897331 ) ) ;
#3649 = VERTEX_POINT ( 'NONE', #7724 ) ;
#3650 = EDGE_LOOP ( 'NONE', ( #7819, #5459, #5164, #2956 ) ) ;
#3651 = EDGE_CURVE ( 'NONE', #2246, #7436, #6479, .T. ) ;
#3652 = AXIS2_PLACEMENT_3D ( 'NONE', #2524, #6299, #1712 ) ;
#3653 = CARTESIAN_POINT ( 'NONE',  ( -18.56139024397707615, 4.000000000000000000, 26.48005692213686046 ) ) ;
#3654 = AXIS2_PLACEMENT_3D ( 'NONE', #5222, #5184, #4567 ) ;
#3655 = FACE_OUTER_BOUND ( 'NONE', #4662, .T. ) ;
#3656 = CARTESIAN_POINT ( 'NONE',  ( -18.56139024397707971, 4.000000000000000000, 41.90820492887898041 ) ) ;
#3657 = EDGE_CURVE ( 'NONE', #220, #1359, #584, .T. ) ;
#3658 = ORIENTED_EDGE ( 'NONE', *, *, #2021, .T. ) ;
#3659 = CARTESIAN_POINT ( 'NONE',  ( 0.4386097560229229031, 4.500000000000000000, 45.48005692213685336 ) ) ;
#3660 = EDGE_LOOP ( 'NONE', ( #4129, #987, #3981, #6720 ) ) ;
#3661 = EDGE_CURVE ( 'NONE', #2427, #6403, #6965, .T. ) ;
#3662 = CARTESIAN_POINT ( 'NONE',  ( 18.15268375939398737, 4.500000000000000000, 0.000000000000000000 ) ) ;
#3663 = ORIENTED_EDGE ( 'NONE', *, *, #1964, .T. ) ;
#3664 = LINE ( 'NONE', #3191, #6926 ) ;
#3665 = CARTESIAN_POINT ( 'NONE',  ( 9.289625081110213199E-14, 4.000000000000000000, 100.4082049288789875 ) ) ;
#3666 = FACE_OUTER_BOUND ( 'NONE', #1725, .T. ) ;
#3667 = EDGE_CURVE ( 'NONE', #884, #1117, #7322, .T. ) ;
#3668 = CARTESIAN_POINT ( 'NONE',  ( -38.06139024397707971, 4.292893218813452094, 41.90820492887898041 ) ) ;
#3669 = CARTESIAN_POINT ( 'NONE',  ( 0.000000000000000000, 5.000000000000000000, -12.64576011232859720 ) ) ;
#3670 = ORIENTED_EDGE ( 'NONE', *, *, #6013, .T. ) ;
#3671 = LINE ( 'NONE', #398, #2125 ) ;
#3672 = CARTESIAN_POINT ( 'NONE',  ( 16.36675776276503669, 4.000000000000000000, 0.000000000000000000 ) ) ;
#3673 = ORIENTED_EDGE ( 'NONE', *, *, #4725, .F. ) ;
#3674 = FACE_OUTER_BOUND ( 'NONE', #6818, .T. ) ;
#3675 = ORIENTED_EDGE ( 'NONE', *, *, #1121, .T. ) ;
#3676 = FACE_OUTER_BOUND ( 'NONE', #3314, .T. ) ;
#3677 = LINE ( 'NONE', #6951, #1255 ) ;
#3678 = DIRECTION ( 'NONE',  ( -1.000000000000000000, 0.000000000000000000, 9.251858538542969855E-16 ) ) ;
#3679 = DIRECTION ( 'NONE',  ( -1.000000000000000000, 0.000000000000000000, -0.000000000000000000 ) ) ;
#3680 = EDGE_LOOP ( 'NONE', ( #5481, #687, #2978, #7553 ) ) ;
#3681 = FACE_OUTER_BOUND ( 'NONE', #4296, .T. ) ;
#3682 = ORIENTED_EDGE ( 'NONE', *, *, #3271, .F. ) ;
#3683 = DIRECTION ( 'NONE',  ( -1.000000000000000000, 0.000000000000000000, -2.379584353717864084E-16 ) ) ;
#3684 = CARTESIAN_POINT ( 'NONE',  ( 27.15268375939398737, 4.500000000000000000, 0.000000000000000000 ) ) ;
#3685 = DIRECTION ( 'NONE',  ( 0.000000000000000000, -0.000000000000000000, -1.000000000000000000 ) ) ;
#3686 = CARTESIAN_POINT ( 'NONE',  ( 36.07386454395158637, 4.500000000000000000, 65.27295014095030012 ) ) ;
#3687 = EDGE_LOOP ( 'NONE', ( #6312, #6769, #1942, #910 ) ) ;
#3688 = EDGE_CURVE ( 'NONE', #2364, #2759, #2419, .T. ) ;
#3689 = ADVANCED_FACE ( 'NONE', ( #3128 ), #494, .T. ) ;
#3690 = EDGE_CURVE ( 'NONE', #4026, #5710, #6426, .T. ) ;
#3691 = CARTESIAN_POINT ( 'NONE',  ( 35.86675776276504735, 4.000000000000000000, 80.90820492887897331 ) ) ;
#3692 = EDGE_CURVE ( 'NONE', #8418, #2655, #1882, .T. ) ;
#3693 = ORIENTED_EDGE ( 'NONE', *, *, #914, .F. ) ;
#3694 = LINE ( 'NONE', #7694, #1150 ) ;
#3695 = EDGE_LOOP ( 'NONE', ( #1698, #7194, #2667, #610 ) ) ;
#3696 = CARTESIAN_POINT ( 'NONE',  ( 1.152683759393980711, 3.828989928337165338, 6.949903232529813124 ) ) ;
#3697 = ORIENTED_EDGE ( 'NONE', *, *, #7376, .F. ) ;
#3698 = CARTESIAN_POINT ( 'NONE',  ( 35.86675776276504735, 4.292893218813452094, 100.4082049288789591 ) ) ;
#3699 = CARTESIAN_POINT ( 'NONE',  ( -2.633242237234965089, 4.500000000000000000, 81.40820492887897331 ) ) ;
#3700 = EDGE_CURVE ( 'NONE', #5027, #4913, #7804, .T. ) ;
#3701 = DIRECTION ( 'NONE',  ( -0.3236155771181852825, 0.8891264907159879272, 0.3236155771181852270 ) ) ;
#3702 = EDGE_CURVE ( 'NONE', #3794, #4765, #6518, .T. ) ;
#3703 = CYLINDRICAL_SURFACE ( 'NONE', #5782, 0.5000000000000004441 ) ;
#3704 = ORIENTED_EDGE ( 'NONE', *, *, #6806, .T. ) ;
#3705 = CARTESIAN_POINT ( 'NONE',  ( -3.103088547627917304, 3.828989928337166226, 61.43835861848602775 ) ) ;
#3706 = EDGE_LOOP ( 'NONE', ( #1160, #3254, #5748, #5118 ) ) ;
#3707 = FACE_OUTER_BOUND ( 'NONE', #3109, .T. ) ;
#3708 =( BOUNDED_CURVE ( )  B_SPLINE_CURVE ( 3, ( #6987, #3712, #6336, #438 ),
 .UNSPECIFIED., .F., .F. ) 
 B_SPLINE_CURVE_WITH_KNOTS ( ( 4, 4 ),
 ( 3.141592653589793116, 3.490658503988656847 ),
 .UNSPECIFIED. ) 
 CURVE ( )  GEOMETRIC_REPRESENTATION_ITEM ( )  RATIONAL_B_SPLINE_CURVE ( ( 1.000000000000000000, 0.9898718353414720506, 0.9898718353414720506, 1.000000000000000000 ) ) 
 REPRESENTATION_ITEM ( '' )  );
#3709 = VERTEX_POINT ( 'NONE', #2604 ) ;
#3710 = EDGE_CURVE ( 'NONE', #7433, #6153, #5862, .T. ) ;
#3711 = DIRECTION ( 'NONE',  ( 0.000000000000000000, 0.000000000000000000, 1.000000000000000000 ) ) ;
#3712 = CARTESIAN_POINT ( 'NONE',  ( 35.86675776276504735, 3.941525029986322703, 22.40820492887897331 ) ) ;
#3713 = CARTESIAN_POINT ( 'NONE',  ( 35.87691183474704104, 3.883938426159697421, 65.46990285015485256 ) ) ;
#3714 = DIRECTION ( 'NONE',  ( -0.000000000000000000, -0.000000000000000000, -1.000000000000000000 ) ) ;
#3715 = VERTEX_POINT ( 'NONE', #4516 ) ;
#3716 = PRODUCT ( 'Calculator_Plate', 'Calculator_Plate', '', ( #3875 ) ) ;
#3717 = DIRECTION ( 'NONE',  ( -1.000000000000000000, 0.000000000000000000, 0.000000000000000000 ) ) ;
#3718 = ORIENTED_EDGE ( 'NONE', *, *, #6532, .T. ) ;
#3719 = PLANE ( 'NONE',  #3358 ) ;
#3720 = DIRECTION ( 'NONE',  ( -0.000000000000000000, -1.000000000000000000, 0.000000000000000000 ) ) ;
#3721 = LINE ( 'NONE', #7607, #4727 ) ;
#3722 = VECTOR ( 'NONE', #2280, 1000.000000000000000 ) ;
#3723 = CARTESIAN_POINT ( 'NONE',  ( 16.39691145237208403, 3.828989928337164450, 100.1941309255079204 ) ) ;
#3724 = ORIENTED_EDGE ( 'NONE', *, *, #1025, .T. ) ;
#3725 = ORIENTED_EDGE ( 'NONE', *, *, #3913, .F. ) ;
#3726 = DIRECTION ( 'NONE',  ( 0.3236155771181852825, 0.8891264907159880382, 0.3236155771181852825 ) ) ;
#3727 = CARTESIAN_POINT ( 'NONE',  ( -3.133242237234968197, 4.000000000000000000, 22.40820492887896975 ) ) ;
#3728 = ORIENTED_EDGE ( 'NONE', *, *, #5364, .T. ) ;
#3729 = DIRECTION ( 'NONE',  ( -2.312964634635742957E-16, 0.000000000000000000, 1.000000000000000000 ) ) ;
#3730 = AXIS2_PLACEMENT_3D ( 'NONE', #2421, #475, #5035 ) ;
#3731 = EDGE_CURVE ( 'NONE', #2270, #4623, #4927, .T. ) ;
#3732 = EDGE_CURVE ( 'NONE', #5841, #1224, #7432, .T. ) ;
#3733 = VERTEX_POINT ( 'NONE', #5526 ) ;
#3734 = DIRECTION ( 'NONE',  ( -0.000000000000000000, -0.000000000000000000, -1.000000000000000000 ) ) ;
#3735 = EDGE_LOOP ( 'NONE', ( #1068, #7950, #4236, #8383 ) ) ;
#3736 = VERTEX_POINT ( 'NONE', #4110 ) ;
#3737 = LINE ( 'NONE', #8294, #6505 ) ;
#3738 = LINE ( 'NONE', #5630, #6796 ) ;
#3739 = VECTOR ( 'NONE', #7889, 1000.000000000000000 ) ;
#3740 = CARTESIAN_POINT ( 'NONE',  ( -46.57270240415702744, 4.500000000000000000, 27.37770686201812609 ) ) ;
#3741 = DIRECTION ( 'NONE',  ( 1.000000000000000000, -0.000000000000000000, -0.000000000000000000 ) ) ;
#3742 = EDGE_CURVE ( 'NONE', #1856, #1578, #1637, .T. ) ;
#3743 = EDGE_LOOP ( 'NONE', ( #5994, #2174, #4804, #6311 ) ) ;
#3744 = CARTESIAN_POINT ( 'NONE',  ( 0.000000000000000000, 4.500000000000000000, 81.40820492887897331 ) ) ;
#3745 = ORIENTED_EDGE ( 'NONE', *, *, #4738, .T. ) ;
#3746 = CARTESIAN_POINT ( 'NONE',  ( 48.90268375939397316, 5.000000000000000000, -38.30586907449209377 ) ) ;
#3747 = EDGE_CURVE ( 'NONE', #4047, #220, #8208, .T. ) ;
#3748 = EDGE_LOOP ( 'NONE', ( #2101, #7489, #2916, #3663, #2248 ) ) ;
#3749 = DIRECTION ( 'NONE',  ( 1.000000000000000000, -0.000000000000000000, -0.000000000000000000 ) ) ;
#3750 = VECTOR ( 'NONE', #771, 1000.000000000000000 ) ;
#3751 = FACE_BOUND ( 'NONE', #6306, .T. ) ;
#3752 = CARTESIAN_POINT ( 'NONE',  ( -39.34731624060601263, 0.000000000000000000, 101.9441309255079062 ) ) ;
#3753 = DIRECTION ( 'NONE',  ( -1.000000000000000000, 0.000000000000000000, -1.156482317317871232E-16 ) ) ;
#3754 = AXIS2_PLACEMENT_3D ( 'NONE', #4248, #5661, #2411 ) ;
#3755 = EDGE_CURVE ( 'NONE', #8500, #1927, #6877, .T. ) ;
#3756 = CARTESIAN_POINT ( 'NONE',  ( 35.89691145237208758, 3.828989928337162674, 65.44990323252982023 ) ) ;
#3757 =( BOUNDED_CURVE ( )  B_SPLINE_CURVE ( 3, ( #3247, #1300, #6557, #52 ),
 .UNSPECIFIED., .F., .F. ) 
 B_SPLINE_CURVE_WITH_KNOTS ( ( 4, 4 ),
 ( 0.000000000000000000, 1.570796326794896558 ),
 .UNSPECIFIED. ) 
 CURVE ( )  GEOMETRIC_REPRESENTATION_ITEM ( )  RATIONAL_B_SPLINE_CURVE ( ( 1.000000000000000000, 0.8047378541243649375, 0.8047378541243649375, 1.000000000000000000 ) ) 
 REPRESENTATION_ITEM ( '' )  );
#3758 = DIRECTION ( 'NONE',  ( -0.9396926207859082059, 0.3420201433256694901, 0.000000000000000000 ) ) ;
#3759 = CARTESIAN_POINT ( 'NONE',  ( 16.36675776276503669, 3.941525029986323592, 65.48005692213685336 ) ) ;
#3760 = ORIENTED_EDGE ( 'NONE', *, *, #8409, .T. ) ;
#3761 = AXIS2_PLACEMENT_3D ( 'NONE', #4382, #2498, #3058 ) ;
#3762 = ORIENTED_EDGE ( 'NONE', *, *, #486, .F. ) ;
#3763 = DIRECTION ( 'NONE',  ( -0.000000000000000000, -1.000000000000000000, -0.000000000000000000 ) ) ;
#3764 = CARTESIAN_POINT ( 'NONE',  ( -2.926135456048415850, 4.500000000000000000, 6.772950140950310782 ) ) ;
#3765 = VECTOR ( 'NONE', #1915, 1000.000000000000000 ) ;
#3766 = LINE ( 'NONE', #1073, #5149 ) ;
#3767 = CARTESIAN_POINT ( 'NONE',  ( -3.747035622832277327E-16, 4.500000000000000000, 6.480056922136861353 ) ) ;
#3768 = VERTEX_POINT ( 'NONE', #986 ) ;
#3769 = VECTOR ( 'NONE', #4422, 1000.000000000000000 ) ;
#3770 = LINE ( 'NONE', #8456, #5114 ) ;
#3771 = CARTESIAN_POINT ( 'NONE',  ( 27.15268375939398737, 5.000000000000000000, 0.000000000000000000 ) ) ;
#3772 = CARTESIAN_POINT ( 'NONE',  ( -3.133242237234962868, 3.941525029986324480, 100.4082049288789733 ) ) ;
#3773 = CARTESIAN_POINT ( 'NONE',  ( 36.36675776276504735, 4.500000000000000000, 81.40820492887897331 ) ) ;
#3774 = VECTOR ( 'NONE', #7564, 1000.000000000000000 ) ;
#3775 = VECTOR ( 'NONE', #7187, 1000.000000000000000 ) ;
#3776 = VERTEX_POINT ( 'NONE', #3514 ) ;
#3777 = CARTESIAN_POINT ( 'NONE',  ( 0.4386097560229337278, 4.500000000000000000, 84.48005692213685336 ) ) ;
#3778 = VECTOR ( 'NONE', #7572, 1000.000000000000000 ) ;
#3779 = EDGE_LOOP ( 'NONE', ( #7141, #3675, #7787, #3114, #5539 ) ) ;
#3780 = AXIS2_PLACEMENT_3D ( 'NONE', #5468, #4139, #4098 ) ;
#3781 = ORIENTED_EDGE ( 'NONE', *, *, #3016, .T. ) ;
#3782 = VERTEX_POINT ( 'NONE', #6094 ) ;
#3783 = CARTESIAN_POINT ( 'NONE',  ( 1.152683759393980489, 4.500000000000000000, 46.19413092550791333 ) ) ;
#3784 = DIRECTION ( 'NONE',  ( 4.606734542013097089E-16, 0.000000000000000000, 1.000000000000000000 ) ) ;
#3785 = AXIS2_PLACEMENT_3D ( 'NONE', #4689, #2904, #7325 ) ;
#3786 = EDGE_CURVE ( 'NONE', #3709, #6342, #7608, .T. ) ;
#3787 = DIRECTION ( 'NONE',  ( -0.000000000000000000, -0.000000000000000000, -1.000000000000000000 ) ) ;
#3788 = EDGE_LOOP ( 'NONE', ( #699, #1884, #187, #8163, #7817, #399 ) ) ;
#3789 = CARTESIAN_POINT ( 'NONE',  ( -2.633242237234963312, 4.500000000000000000, 25.98005692213686046 ) ) ;
#3790 = VECTOR ( 'NONE', #6570, 1000.000000000000114 ) ;
#3791 = ORIENTED_EDGE ( 'NONE', *, *, #4478, .F. ) ;
#3792 = CARTESIAN_POINT ( 'NONE',  ( 35.86675776276504735, 4.292893218813452094, 84.98005692213686757 ) ) ;
#3793 = CARTESIAN_POINT ( 'NONE',  ( 20.65268375939398382, 0.000000000000000000, 25.05626487131000246 ) ) ;
#3794 = VERTEX_POINT ( 'NONE', #208 ) ;
#3795 = EDGE_CURVE ( 'NONE', #5531, #422, #2011, .T. ) ;
#3796 = CARTESIAN_POINT ( 'NONE',  ( -51.09731624060602684, 4.500000000000000000, -5.130869074492089510 ) ) ;
#3797 = EDGE_CURVE ( 'NONE', #8302, #2848, #6832, .T. ) ;
#3798 = EDGE_CURVE ( 'NONE', #4637, #270, #290, .T. ) ;
#3799 = CARTESIAN_POINT ( 'NONE',  ( -18.56139024397707971, 3.941525029986322703, 100.4082049288789733 ) ) ;
#3800 = ADVANCED_FACE ( 'NONE', ( #5441 ), #8158, .T. ) ;
#3801 = CARTESIAN_POINT ( 'NONE',  ( -51.09731624060602684, -7.500000000000000000, -45.30586907449209377 ) ) ;
#3802 = CARTESIAN_POINT ( 'NONE',  ( 35.89691145237208758, 3.828989928337165338, 45.94990323252980602 ) ) ;
#3803 = DIRECTION ( 'NONE',  ( 1.000000000000000000, 0.000000000000000000, 2.312964634635747887E-16 ) ) ;
#3804 = CARTESIAN_POINT ( 'NONE',  ( -18.59154393358412349, 3.828989928337163562, 22.43835861848602065 ) ) ;
#3805 = ORIENTED_EDGE ( 'NONE', *, *, #4317, .F. ) ;
#3806 = EDGE_LOOP ( 'NONE', ( #5202, #2299 ) ) ;
#3807 = ADVANCED_FACE ( 'NONE', ( #5576 ), #8202, .F. ) ;
#3808 = LINE ( 'NONE', #6471, #1000 ) ;
#3809 = DIRECTION ( 'NONE',  ( 0.000000000000000000, 0.9396926207859082059, 0.3420201433256694901 ) ) ;
#3810 = EDGE_CURVE ( 'NONE', #4051, #2655, #631, .T. ) ;
#3811 =( BOUNDED_CURVE ( )  B_SPLINE_CURVE ( 3, ( #3142, #1570, #7510, #4775 ),
 .UNSPECIFIED., .F., .F. ) 
 B_SPLINE_CURVE_WITH_KNOTS ( ( 4, 4 ),
 ( 3.141592653589793116, 4.712388980384689674 ),
 .UNSPECIFIED. ) 
 CURVE ( )  GEOMETRIC_REPRESENTATION_ITEM ( )  RATIONAL_B_SPLINE_CURVE ( ( 1.000000000000000000, 0.8047378541243649375, 0.8047378541243649375, 1.000000000000000000 ) ) 
 REPRESENTATION_ITEM ( '' )  );
#3812 = CARTESIAN_POINT ( 'NONE',  ( -22.13324223723496331, 4.500000000000000000, 61.90820492887896620 ) ) ;
#3813 = FACE_OUTER_BOUND ( 'NONE', #4266, .T. ) ;
#3814 = DIRECTION ( 'NONE',  ( 0.000000000000000000, 1.000000000000000000, -0.000000000000000000 ) ) ;
#3815 = ORIENTED_EDGE ( 'NONE', *, *, #580, .F. ) ;
#3816 = VERTEX_POINT ( 'NONE', #3648 ) ;
#3817 = DIRECTION ( 'NONE',  ( 0.000000000000000000, 0.3420201433256694901, -0.9396926207859082059 ) ) ;
#3818 = DIRECTION ( 'NONE',  ( -0.3236155771181854490, 0.8891264907159878161, 0.3236155771181851715 ) ) ;
#3819 = CARTESIAN_POINT ( 'NONE',  ( 3.747035622832274861E-16, 4.000000000000000000, 6.480056922136858688 ) ) ;
#3820 = DIRECTION ( 'NONE',  ( 0.000000000000000000, 0.000000000000000000, 1.000000000000000000 ) ) ;
#3821 = DIRECTION ( 'NONE',  ( 0.000000000000000000, 0.000000000000000000, 1.000000000000000000 ) ) ;
#3822 = ORIENTED_EDGE ( 'NONE', *, *, #8223, .F. ) ;
#3823 = CARTESIAN_POINT ( 'NONE',  ( 17.79054981359189824, -8.673617379884035472E-16, 83.55626487130999180 ) ) ;
#3824 = ORIENTED_EDGE ( 'NONE', *, *, #5169, .F. ) ;
#3825 = ORIENTED_EDGE ( 'NONE', *, *, #322, .F. ) ;
#3826 = ORIENTED_EDGE ( 'NONE', *, *, #1909, .T. ) ;
#3827 = DIRECTION ( 'NONE',  ( 0.3236155771181852270, 0.8891264907159880382, 0.3236155771181852825 ) ) ;
#3828 = CARTESIAN_POINT ( 'NONE',  ( 0.000000000000000000, 4.000000000000000000, 81.40820492887897331 ) ) ;
#3829 = DIRECTION ( 'NONE',  ( 0.9396926207859082059, 0.3420201433256694901, 2.173475799305982003E-16 ) ) ;
#3830 = ORIENTED_EDGE ( 'NONE', *, *, #6431, .F. ) ;
#3831 = CARTESIAN_POINT ( 'NONE',  ( 48.90268375939397316, 5.000000000000000000, -35.80586907449208667 ) ) ;
#3832 = ORIENTED_EDGE ( 'NONE', *, *, #5899, .F. ) ;
#3833 = DIRECTION ( 'NONE',  ( -1.000000000000000000, 0.000000000000000000, -0.000000000000000000 ) ) ;
#3834 = CARTESIAN_POINT ( 'NONE',  ( 0.9386097560229230696, 4.000000000000000000, 65.48005692213685336 ) ) ;
#3835 = DIRECTION ( 'NONE',  ( 1.011922027653137513E-16, -0.000000000000000000, -1.000000000000000000 ) ) ;
#3836 = PLANE ( 'NONE',  #5828 ) ;
#3837 = LINE ( 'NONE', #4314, #6201 ) ;
#3838 = CARTESIAN_POINT ( 'NONE',  ( 20.43860975602290964, 4.000000000000000000, 41.90820492887897331 ) ) ;
#3839 = ADVANCED_FACE ( 'NONE', ( #8076 ), #375, .T. ) ;
#3840 = EDGE_CURVE ( 'NONE', #4774, #8463, #2566, .T. ) ;
#3841 = DIRECTION ( 'NONE',  ( 1.000000000000000000, -0.000000000000000000, -9.251858538542969855E-16 ) ) ;
#3842 = ORIENTED_EDGE ( 'NONE', *, *, #4172, .F. ) ;
#3843 = ORIENTED_EDGE ( 'NONE', *, *, #8434, .F. ) ;
#3844 = CARTESIAN_POINT ( 'NONE',  ( -3.133242237234970862, 4.000000000000000000, 41.90820492887897331 ) ) ;
#3845 = CYLINDRICAL_SURFACE ( 'NONE', #2085, 0.5000000000000004441 ) ;
#3846 = CARTESIAN_POINT ( 'NONE',  ( -3.133242237234963756, 4.292893218813452094, 84.98005692213686757 ) ) ;
#3847 = CARTESIAN_POINT ( 'NONE',  ( -2.633242237234958427, 4.500000000000000000, -3.045298084576779529E-16 ) ) ;
#3848 = ORIENTED_EDGE ( 'NONE', *, *, #1509, .F. ) ;
#3849 = DIRECTION ( 'NONE',  ( -1.000000000000000000, 0.000000000000000000, 0.000000000000000000 ) ) ;
#3850 = ADVANCED_FACE ( 'NONE', ( #3266 ), #113, .T. ) ;
#3851 = VERTEX_POINT ( 'NONE', #5873 ) ;
#3852 = ADVANCED_FACE ( 'NONE', ( #6654 ), #74, .T. ) ;
#3853 = DIRECTION ( 'NONE',  ( 0.9396926207859082059, 0.3420201433256694901, 0.000000000000000000 ) ) ;
#3854 =( BOUNDED_CURVE ( )  B_SPLINE_CURVE ( 3, ( #4601, #6555, #3401, #7144 ),
 .UNSPECIFIED., .F., .F. ) 
 B_SPLINE_CURVE_WITH_KNOTS ( ( 4, 4 ),
 ( 5.934119456780717172, 6.283185307179586232 ),
 .UNSPECIFIED. ) 
 CURVE ( )  GEOMETRIC_REPRESENTATION_ITEM ( )  RATIONAL_B_SPLINE_CURVE ( ( 1.000000000000000000, 0.9898718353414717175, 0.9898718353414717175, 1.000000000000000000 ) ) 
 REPRESENTATION_ITEM ( '' )  );
#3855 = AXIS2_PLACEMENT_3D ( 'NONE', #7168, #6703, #1404 ) ;
#3856 = PLANE ( 'NONE',  #4462 ) ;
#3857 = CARTESIAN_POINT ( 'NONE',  ( 0.000000000000000000, 4.500000000000000000, 61.90820492887896620 ) ) ;
#3858 = ORIENTED_EDGE ( 'NONE', *, *, #3522, .T. ) ;
#3859 = CYLINDRICAL_SURFACE ( 'NONE', #6239, 0.5000000000000004441 ) ;
#3860 = ADVANCED_FACE ( 'NONE', ( #2017 ), #4617, .T. ) ;
#3861 = ORIENTED_EDGE ( 'NONE', *, *, #1138, .F. ) ;
#3862 = ORIENTED_EDGE ( 'NONE', *, *, #875, .T. ) ;
#3863 = ORIENTED_EDGE ( 'NONE', *, *, #1069, .T. ) ;
#3864 = CARTESIAN_POINT ( 'NONE',  ( 0.4386097560229306191, 4.000000000000000000, 5.072444270436250596E-17 ) ) ;
#3865 = CARTESIAN_POINT ( 'NONE',  ( 0.4386097560230009518, 4.000000000000000000, 3.487305435925481945E-16 ) ) ;
#3866 = EDGE_LOOP ( 'NONE', ( #4835, #4588, #8397, #6495 ) ) ;
#3867 = CARTESIAN_POINT ( 'NONE',  ( 35.89691145237208758, 3.828989928337164450, 6.949903232529813124 ) ) ;
#3868 = ORIENTED_EDGE ( 'NONE', *, *, #7119, .F. ) ;
#3869 = DIRECTION ( 'NONE',  ( -1.000000000000000000, 0.000000000000000000, 0.000000000000000000 ) ) ;
#3870 = LINE ( 'NONE', #1821, #3203 ) ;
#3871 = VECTOR ( 'NONE', #7902, 1000.000000000000000 ) ;
#3872 = LINE ( 'NONE', #4044, #6078 ) ;
#3873 = CARTESIAN_POINT ( 'NONE',  ( 48.90268375939397316, 4.500000000000000000, -38.30586907449209377 ) ) ;
#3874 = LINE ( 'NONE', #2638, #994 ) ;
#3875 = PRODUCT_CONTEXT ( 'NONE', #3525, 'mechanical' ) ;
#3876 = VECTOR ( 'NONE', #1582, 1000.000000000000000 ) ;
#3877 = CARTESIAN_POINT ( 'NONE',  ( -2.633242237234963312, 4.500000000000000000, 64.98005692213685336 ) ) ;
#3878 = LINE ( 'NONE', #574, #3637 ) ;
#3879 = DIRECTION ( 'NONE',  ( -0.000000000000000000, -0.000000000000000000, -1.000000000000000000 ) ) ;
#3880 = CARTESIAN_POINT ( 'NONE',  ( -18.56139024397707971, 4.000000000000000000, 100.4082049288789733 ) ) ;
#3881 = ORIENTED_EDGE ( 'NONE', *, *, #3558, .T. ) ;
#3882 = ORIENTED_EDGE ( 'NONE', *, *, #3184, .T. ) ;
#3883 = DIRECTION ( 'NONE',  ( 0.000000000000000000, 1.000000000000000000, 0.000000000000000000 ) ) ;
#3884 = VECTOR ( 'NONE', #1508, 1000.000000000000000 ) ;
#3885 = EDGE_CURVE ( 'NONE', #6146, #4391, #4698, .T. ) ;
#3886 = FACE_OUTER_BOUND ( 'NONE', #7836, .T. ) ;
#3887 = DIRECTION ( 'NONE',  ( 1.000000000000000000, -0.000000000000000000, -4.625929269271483942E-16 ) ) ;
#3888 = DIRECTION ( 'NONE',  ( 1.156482317317870985E-16, 3.716729199869950923E-34, -1.000000000000000000 ) ) ;
#3889 = AXIS2_PLACEMENT_3D ( 'NONE', #4502, #6451, #5068 ) ;
#3890 = VERTEX_POINT ( 'NONE', #633 ) ;
#3891 = AXIS2_PLACEMENT_3D ( 'NONE', #4027, #2061, #83 ) ;
#3892 = CARTESIAN_POINT ( 'NONE',  ( -18.56139024397707260, 3.941525029986321815, 65.48005692213686757 ) ) ;
#3893 = DIRECTION ( 'NONE',  ( -1.000000000000000000, 0.000000000000000000, 0.000000000000000000 ) ) ;
#3894 = DIRECTION ( 'NONE',  ( 0.000000000000000000, -1.000000000000000000, 0.000000000000000000 ) ) ;
#3895 = VECTOR ( 'NONE', #7453, 1000.000000000000000 ) ;
#3896 = EDGE_CURVE ( 'NONE', #6625, #1188, #2740, .T. ) ;
#3897 = LINE ( 'NONE', #3857, #562 ) ;
#3898 = VECTOR ( 'NONE', #6110, 1000.000000000000000 ) ;
#3899 = DIRECTION ( 'NONE',  ( 0.000000000000000000, 0.000000000000000000, -1.000000000000000000 ) ) ;
#3900 = EDGE_CURVE ( 'NONE', #4972, #5542, #3262, .T. ) ;
#3901 = ORIENTED_EDGE ( 'NONE', *, *, #7808, .F. ) ;
#3902 = CARTESIAN_POINT ( 'NONE',  ( -38.06139024397707971, 3.941525029986321815, 22.40820492887897331 ) ) ;
#3903 = ORIENTED_EDGE ( 'NONE', *, *, #7482, .F. ) ;
#3904 = VECTOR ( 'NONE', #111, 1000.000000000000000 ) ;
#3905 = VERTEX_POINT ( 'NONE', #7338 ) ;
#3906 = VERTEX_POINT ( 'NONE', #5345 ) ;
#3907 = CARTESIAN_POINT ( 'NONE',  ( 35.86675776276504735, 4.000000000000000000, 41.90820492887896620 ) ) ;
#3908 = AXIS2_PLACEMENT_3D ( 'NONE', #5575, #2325, #7526 ) ;
#3909 = LINE ( 'NONE', #3111, #2682 ) ;
#3910 = ADVANCED_FACE ( 'NONE', ( #2096 ), #2705, .T. ) ;
#3911 = AXIS2_PLACEMENT_3D ( 'NONE', #1921, #2697, #4564 ) ;
#3912 = VECTOR ( 'NONE', #4620, 1000.000000000000000 ) ;
#3913 = EDGE_CURVE ( 'NONE', #7286, #185, #798, .T. ) ;
#3914 = DIRECTION ( 'NONE',  ( 1.000000000000000000, 0.000000000000000000, 4.625929269271482956E-16 ) ) ;
#3915 = AXIS2_PLACEMENT_3D ( 'NONE', #629, #667, #3259 ) ;
#3916 = VERTEX_POINT ( 'NONE', #6608 ) ;
#3917 = DIRECTION ( 'NONE',  ( -1.000000000000000000, 0.000000000000000000, 0.000000000000000000 ) ) ;
#3918 = EDGE_LOOP ( 'NONE', ( #6098, #5151, #3858, #4494 ) ) ;
#3919 = LINE ( 'NONE', #3793, #1967 ) ;
#3920 = VECTOR ( 'NONE', #2449, 1000.000000000000000 ) ;
#3921 = CARTESIAN_POINT ( 'NONE',  ( -38.06139024397706550, 3.941525029986321815, 45.98005692213685336 ) ) ;
#3922 = ADVANCED_FACE ( 'NONE', ( #3937 ), #5266, .F. ) ;
#3923 = CARTESIAN_POINT ( 'NONE',  ( 20.65268375939397316, 4.500000000000000000, 46.19413092550791333 ) ) ;
#3924 = DIRECTION ( 'NONE',  ( 0.000000000000000000, 0.000000000000000000, 1.000000000000000000 ) ) ;
#3925 = LINE ( 'NONE', #7832, #3217 ) ;
#3926 = FACE_OUTER_BOUND ( 'NONE', #3982, .T. ) ;
#3927 = LINE ( 'NONE', #1306, #4311 ) ;
#3928 = VERTEX_POINT ( 'NONE', #7815 ) ;
#3929 = FACE_BOUND ( 'NONE', #7693, .T. ) ;
#3930 = ORIENTED_EDGE ( 'NONE', *, *, #2867, .F. ) ;
#3931 = LINE ( 'NONE', #4610, #3227 ) ;
#3932 = CYLINDRICAL_SURFACE ( 'NONE', #6907, 0.5000000000000004441 ) ;
#3933 = LINE ( 'NONE', #4613, #5094 ) ;
#3934 = DIRECTION ( 'NONE',  ( -0.000000000000000000, -1.000000000000000000, 0.000000000000000000 ) ) ;
#3935 = VERTEX_POINT ( 'NONE', #1929 ) ;
#3936 = ORIENTED_EDGE ( 'NONE', *, *, #3161, .T. ) ;
#3937 = FACE_OUTER_BOUND ( 'NONE', #7897, .T. ) ;
#3938 = DIRECTION ( 'NONE',  ( 1.000000000000000000, -0.000000000000000000, -0.000000000000000000 ) ) ;
#3939 = FACE_OUTER_BOUND ( 'NONE', #7256, .T. ) ;
#3940 = CARTESIAN_POINT ( 'NONE',  ( -21.84731624060601263, -7.500000000000000000, -5.130869074492089510 ) ) ;
#3941 = CARTESIAN_POINT ( 'NONE',  ( 16.86675776276503669, 4.500000000000000000, 25.98005692213686046 ) ) ;
#3942 = EDGE_LOOP ( 'NONE', ( #8204, #8078, #7152, #3435 ) ) ;
#3943 = DIRECTION ( 'NONE',  ( 1.000000000000000000, -0.000000000000000000, 4.625929269271483942E-16 ) ) ;
#3944 = ORIENTED_EDGE ( 'NONE', *, *, #5581, .F. ) ;
#3945 = EDGE_CURVE ( 'NONE', #7726, #5941, #4575, .T. ) ;
#3946 = ORIENTED_EDGE ( 'NONE', *, *, #742, .T. ) ;
#3947 = EDGE_CURVE ( 'NONE', #4181, #7413, #1464, .T. ) ;
#3948 = ORIENTED_EDGE ( 'NONE', *, *, #4042, .F. ) ;
#3949 = FACE_OUTER_BOUND ( 'NONE', #4244, .T. ) ;
#3950 = CARTESIAN_POINT ( 'NONE',  ( 36.36675776276504735, 4.500000000000000000, 42.40820492887896620 ) ) ;
#3951 = EDGE_CURVE ( 'NONE', #1767, #7321, #28, .T. ) ;
#3952 = CARTESIAN_POINT ( 'NONE',  ( 20.43860975602292740, 4.000000000000000000, 65.48005692213685336 ) ) ;
#3953 = ORIENTED_EDGE ( 'NONE', *, *, #7099, .F. ) ;
#3954 = LINE ( 'NONE', #5241, #6103 ) ;
#3955 = ADVANCED_FACE ( 'NONE', ( #8424 ), #119, .T. ) ;
#3956 = EDGE_LOOP ( 'NONE', ( #3540, #462, #5448, #8465 ) ) ;
#3957 = DIRECTION ( 'NONE',  ( -1.000000000000000000, 0.000000000000000000, 0.000000000000000000 ) ) ;
#3958 = ADVANCED_FACE ( 'NONE', ( #2502 ), #7627, .F. ) ;
#3959 = LINE ( 'NONE', #5894, #8277 ) ;
#3960 = DIRECTION ( 'NONE',  ( 0.9396926207859082059, 0.3420201433256694901, 0.000000000000000000 ) ) ;
#3961 = DIRECTION ( 'NONE',  ( -1.156482317317871478E-16, -0.000000000000000000, 1.000000000000000000 ) ) ;
#3962 = CARTESIAN_POINT ( 'NONE',  ( 0.000000000000000000, 4.000000000000000000, 65.48005692213685336 ) ) ;
#3963 = FACE_OUTER_BOUND ( 'NONE', #7215, .T. ) ;
#3964 = EDGE_CURVE ( 'NONE', #2829, #4387, #247, .T. ) ;
#3965 = DIRECTION ( 'NONE',  ( -1.011922027653137513E-16, 0.000000000000000000, 1.000000000000000000 ) ) ;
#3966 = ORIENTED_EDGE ( 'NONE', *, *, #703, .F. ) ;
#3967 = ORIENTED_EDGE ( 'NONE', *, *, #499, .T. ) ;
#3968 = FACE_OUTER_BOUND ( 'NONE', #1869, .T. ) ;
#3969 = CARTESIAN_POINT ( 'NONE',  ( -46.09731624060599131, 4.500000000000000000, 104.6941309255078920 ) ) ;
#3970 = DIRECTION ( 'NONE',  ( 0.000000000000000000, -0.000000000000000000, -1.000000000000000000 ) ) ;
#3971 = CARTESIAN_POINT ( 'NONE',  ( -46.09731624060602684, 4.500000000000000000, -12.64576011232859720 ) ) ;
#3972 = CYLINDRICAL_SURFACE ( 'NONE', #3107, 0.5000000000000004441 ) ;
#3973 = ORIENTED_EDGE ( 'NONE', *, *, #1703, .F. ) ;
#3974 = ORIENTED_EDGE ( 'NONE', *, *, #730, .F. ) ;
#3975 = CARTESIAN_POINT ( 'NONE',  ( 45.04656229815405055, 4.500000000000000000, 26.22964386981126239 ) ) ;
#3976 =( BOUNDED_CURVE ( )  B_SPLINE_CURVE ( 3, ( #7926, #5296, #5372, #617 ),
 .UNSPECIFIED., .F., .F. ) 
 B_SPLINE_CURVE_WITH_KNOTS ( ( 4, 4 ),
 ( 5.934119456780724278, 6.283185307179586232 ),
 .UNSPECIFIED. ) 
 CURVE ( )  GEOMETRIC_REPRESENTATION_ITEM ( )  RATIONAL_B_SPLINE_CURVE ( ( 1.000000000000000000, 0.9898718353414721616, 0.9898718353414721616, 1.000000000000000000 ) ) 
 REPRESENTATION_ITEM ( '' )  );
#3977 = LINE ( 'NONE', #114, #1007 ) ;
#3978 = CYLINDRICAL_SURFACE ( 'NONE', #7497, 0.5000000000000004441 ) ;
#3979 = CARTESIAN_POINT ( 'NONE',  ( -38.07154431595908761, 3.883938426159694313, 61.41835900086096700 ) ) ;
#3980 = FACE_OUTER_BOUND ( 'NONE', #1468, .T. ) ;
#3981 = ORIENTED_EDGE ( 'NONE', *, *, #3732, .F. ) ;
#3982 = EDGE_LOOP ( 'NONE', ( #8027, #2899, #3085, #5802 ) ) ;
#3983 = ORIENTED_EDGE ( 'NONE', *, *, #7592, .T. ) ;
#3984 = VERTEX_POINT ( 'NONE', #5754 ) ;
#3985 = CARTESIAN_POINT ( 'NONE',  ( -18.34731624060601973, 4.500000000000000000, 80.69413092550790623 ) ) ;
#3986 = CARTESIAN_POINT ( 'NONE',  ( 0.9386097560229260672, 4.000000000000000000, 1.085485585702555745E-16 ) ) ;
#3987 = CARTESIAN_POINT ( 'NONE',  ( -22.60308854762792308, 3.828989928337165338, 22.43835861848601709 ) ) ;
#3988 = VECTOR ( 'NONE', #2440, 1000.000000000000000 ) ;
#3989 = ADVANCED_FACE ( 'NONE', ( #6361 ), #4940, .T. ) ;
#3990 = EDGE_CURVE ( 'NONE', #5155, #2882, #5631, .T. ) ;
#3991 = CARTESIAN_POINT ( 'NONE',  ( -22.60308854762792308, 3.828989928337167115, 80.93835861848602065 ) ) ;
#3992 = AXIS2_PLACEMENT_3D ( 'NONE', #5735, #1102, #6346 ) ;
#3993 = DIRECTION ( 'NONE',  ( -1.000000000000000000, 0.000000000000000000, 0.000000000000000000 ) ) ;
#3994 = VERTEX_POINT ( 'NONE', #8255 ) ;
#3995 = CARTESIAN_POINT ( 'NONE',  ( -38.06139024397707260, 4.000000000000000000, 61.40820492887896620 ) ) ;
#3997 = LINE ( 'NONE', #98, #7179 ) ;
#3996 = VECTOR ( 'NONE', #7330, 1000.000000000000000 ) ;
#3998 = EDGE_CURVE ( 'NONE', #6428, #6598, #6999, .T. ) ;
#3999 = LINE ( 'NONE', #2637, #4043 ) ;
#4000 = DIRECTION ( 'NONE',  ( 0.000000000000000000, -1.000000000000000000, 0.000000000000000000 ) ) ;
#4001 = ORIENTED_EDGE ( 'NONE', *, *, #1930, .F. ) ;
#4002 = ADVANCED_FACE ( 'NONE', ( #2110 ), #6751, .T. ) ;
#4003 = DIRECTION ( 'NONE',  ( 1.000000000000000000, 0.000000000000000000, 4.625929269271484928E-16 ) ) ;
#4004 = DIRECTION ( 'NONE',  ( -1.000000000000000000, 0.000000000000000000, 0.000000000000000000 ) ) ;
#4005 = CARTESIAN_POINT ( 'NONE',  ( 0.9386097560229210712, 4.000000000000000000, 100.4082049288789875 ) ) ;
#4006 = ORIENTED_EDGE ( 'NONE', *, *, #3798, .T. ) ;
#4007 = ORIENTED_EDGE ( 'NONE', *, *, #6791, .T. ) ;
#4008 = CARTESIAN_POINT ( 'NONE',  ( -22.13324223723496331, 4.500000000000000000, 25.98005692213686046 ) ) ;
#4009 = CARTESIAN_POINT ( 'NONE',  ( -21.20945018640810886, 0.000000000000000000, 80.69413092550790623 ) ) ;
#4010 = CIRCLE ( 'NONE', #5244, 2.500000000000002220 ) ;
#4011 = ADVANCED_FACE ( 'NONE', ( #7400 ), #42, .T. ) ;
#4012 = CARTESIAN_POINT ( 'NONE',  ( -0.4851822948039336558, -4.336808689942017736E-16, 25.05626487131000246 ) ) ;
#4013 = CARTESIAN_POINT ( 'NONE',  ( -37.84731624060602684, 0.000000000000000000, 25.05626487131000246 ) ) ;
#4014 = DIRECTION ( 'NONE',  ( 0.000000000000000000, 0.000000000000000000, -1.000000000000000000 ) ) ;
#4015 = FACE_OUTER_BOUND ( 'NONE', #145, .T. ) ;
#4016 = VERTEX_POINT ( 'NONE', #4082 ) ;
#4017 = VECTOR ( 'NONE', #7143, 1000.000000000000000 ) ;
#4018 = EDGE_LOOP ( 'NONE', ( #1308, #1565, #4486, #5064 ) ) ;
#4019 = CARTESIAN_POINT ( 'NONE',  ( -18.57154431595908051, 3.883938426159695645, 65.46990285015485256 ) ) ;
#4020 = CARTESIAN_POINT ( 'NONE',  ( -3.103088547627917748, 3.828989928337166226, 26.44990323252981668 ) ) ;
#4021 = FACE_OUTER_BOUND ( 'NONE', #3695, .T. ) ;
#4022 = ADVANCED_FACE ( 'NONE', ( #811 ), #3350, .T. ) ;
#4023 = CARTESIAN_POINT ( 'NONE',  ( 20.65268375939398382, 0.000000000000000000, 5.556264871310002462 ) ) ;
#4024 = VECTOR ( 'NONE', #1504, 1000.000000000000000 ) ;
#4025 = CARTESIAN_POINT ( 'NONE',  ( -22.84731624060602329, 4.500000000000000000, 80.69413092550790623 ) ) ;
#4026 = VERTEX_POINT ( 'NONE', #7223 ) ;
#4027 = CARTESIAN_POINT ( 'NONE',  ( 0.000000000000000000, 4.000000000000000000, 45.48005692213685336 ) ) ;
#4028 = ORIENTED_EDGE ( 'NONE', *, *, #4966, .F. ) ;
#4029 =( BOUNDED_CURVE ( )  B_SPLINE_CURVE ( 3, ( #1658, #4858, #2307, #7450 ),
 .UNSPECIFIED., .F., .F. ) 
 B_SPLINE_CURVE_WITH_KNOTS ( ( 4, 4 ),
 ( 1.570796326794903663, 3.141592653589793116 ),
 .UNSPECIFIED. ) 
 CURVE ( )  GEOMETRIC_REPRESENTATION_ITEM ( )  RATIONAL_B_SPLINE_CURVE ( ( 1.000000000000000000, 0.8047378541243667138, 0.8047378541243667138, 1.000000000000000000 ) ) 
 REPRESENTATION_ITEM ( '' )  );
#4030 = EDGE_LOOP ( 'NONE', ( #4646, #8203, #3612, #161 ) ) ;
#4031 = VERTEX_POINT ( 'NONE', #1414 ) ;
#4032 = DIRECTION ( 'NONE',  ( -0.000000000000000000, -1.000000000000000000, -0.000000000000000000 ) ) ;
#4033 = CARTESIAN_POINT ( 'NONE',  ( 19.93860975602291674, 4.000000000000000000, 0.000000000000000000 ) ) ;
#4034 = VECTOR ( 'NONE', #201, 1000.000000000000000 ) ;
#4035 = VECTOR ( 'NONE', #1563, 1000.000000000000000 ) ;
#4036 = CARTESIAN_POINT ( 'NONE',  ( -18.76849702516361873, 4.500000000000000888, 65.27295014095030012 ) ) ;
#4037 = AXIS2_PLACEMENT_3D ( 'NONE', #4951, #2173, #4132 ) ;
#4038 = LINE ( 'NONE', #776, #7625 ) ;
#4039 = VECTOR ( 'NONE', #4717, 1000.000000000000000 ) ;
#4040 = VERTEX_POINT ( 'NONE', #2160 ) ;
#4041 = DIRECTION ( 'NONE',  ( 0.9396926207859082059, 0.3420201433256694901, 6.520427397917946008E-16 ) ) ;
#4042 = EDGE_CURVE ( 'NONE', #5602, #8500, #4631, .T. ) ;
#4043 = VECTOR ( 'NONE', #7236, 1000.000000000000000 ) ;
#4044 = CARTESIAN_POINT ( 'NONE',  ( -37.84731624060601263, 0.000000000000000000, 101.8319969797058206 ) ) ;
#4045 = CARTESIAN_POINT ( 'NONE',  ( 19.01481770519606940, 0.000000000000000000, 5.556264871310002462 ) ) ;
#4046 = CARTESIAN_POINT ( 'NONE',  ( -22.13324223723495621, 4.000000000000000000, -5.119340654455056422E-15 ) ) ;
#4047 = VERTEX_POINT ( 'NONE', #3987 ) ;
#4048 = FACE_OUTER_BOUND ( 'NONE', #577, .T. ) ;
#4049 = CIRCLE ( 'NONE', #356, 2.500000000000002220 ) ;
#4050 = CARTESIAN_POINT ( 'NONE',  ( 16.86675776276504024, 4.500000000000000000, 45.48005692213685336 ) ) ;
#4051 = VERTEX_POINT ( 'NONE', #4666 ) ;
#4052 = EDGE_CURVE ( 'NONE', #4416, #3736, #5978, .T. ) ;
#4053 = CIRCLE ( 'NONE', #6675, 1.399999999999998579 ) ;
#4054 = VERTEX_POINT ( 'NONE', #56 ) ;
#4055 = ADVANCED_FACE ( 'NONE', ( #4048 ), #7880, .T. ) ;
#4056 = EDGE_CURVE ( 'NONE', #769, #848, #7366, .T. ) ;
#4057 = ADVANCED_FACE ( 'NONE', ( #3963 ), #142, .F. ) ;
#4059 = CARTESIAN_POINT ( 'NONE',  ( -2.633242237234960648, 4.000000000000000000, -3.045298084576784952E-16 ) ) ;
#4058 = VECTOR ( 'NONE', #8282, 1000.000000000000000 ) ;
#4060 = PLANE ( 'NONE',  #897 ) ;
#4061 = LINE ( 'NONE', #749, #6058 ) ;
#4062 = DIRECTION ( 'NONE',  ( 0.000000000000000000, 0.000000000000000000, 1.000000000000000000 ) ) ;
#4063 = LINE ( 'NONE', #8145, #613 ) ;
#4064 = ORIENTED_EDGE ( 'NONE', *, *, #644, .T. ) ;
#4065 = VECTOR ( 'NONE', #7684, 1000.000000000000000 ) ;
#4066 = ORIENTED_EDGE ( 'NONE', *, *, #8425, .F. ) ;
#4067 = EDGE_CURVE ( 'NONE', #6136, #1580, #1616, .T. ) ;
#4068 = DIRECTION ( 'NONE',  ( -1.000000000000000000, 0.000000000000000000, 0.000000000000000000 ) ) ;
#4069 = DIRECTION ( 'NONE',  ( 1.156482317317871478E-16, -0.000000000000000000, -1.000000000000000000 ) ) ;
#4070 = CARTESIAN_POINT ( 'NONE',  ( -18.56139024397707971, 4.000000000000000000, 22.40820492887896975 ) ) ;
#4071 = DIRECTION ( 'NONE',  ( -1.228122814850837064E-16, 0.000000000000000000, -1.000000000000000000 ) ) ;
#4072 = ADVANCED_FACE ( 'NONE', ( #313 ), #7369, .T. ) ;
#4073 = LINE ( 'NONE', #8034, #6053 ) ;
#4074 = DIRECTION ( 'NONE',  ( 1.000000000000000000, -0.000000000000000000, 1.368951553890978336E-17 ) ) ;
#4075 = VERTEX_POINT ( 'NONE', #1148 ) ;
#4076 = ORIENTED_EDGE ( 'NONE', *, *, #7257, .T. ) ;
#4077 = ORIENTED_EDGE ( 'NONE', *, *, #7173, .T. ) ;
#4078 = ADVANCED_FACE ( 'NONE', ( #1195 ), #8407, .T. ) ;
#4079 = EDGE_LOOP ( 'NONE', ( #8113, #3272, #2304, #4607 ) ) ;
#4080 = FACE_OUTER_BOUND ( 'NONE', #4895, .T. ) ;
#4081 = DIRECTION ( 'NONE',  ( 1.000000000000000000, -0.000000000000000000, -0.000000000000000000 ) ) ;
#4082 = CARTESIAN_POINT ( 'NONE',  ( 20.43860975602292385, 4.000000000000000000, 80.90820492887897331 ) ) ;
#4083 =( BOUNDED_CURVE ( )  B_SPLINE_CURVE ( 3, ( #423, #1774, #5199, #5711 ),
 .UNSPECIFIED., .F., .F. ) 
 B_SPLINE_CURVE_WITH_KNOTS ( ( 4, 4 ),
 ( 0.000000000000000000, 1.570796326794896558 ),
 .UNSPECIFIED. ) 
 CURVE ( )  GEOMETRIC_REPRESENTATION_ITEM ( )  RATIONAL_B_SPLINE_CURVE ( ( 1.000000000000000000, 0.8047378541243649375, 0.8047378541243649375, 1.000000000000000000 ) ) 
 REPRESENTATION_ITEM ( '' )  );
#4084 = DIRECTION ( 'NONE',  ( 0.000000000000000000, -0.000000000000000000, -1.000000000000000000 ) ) ;
#4085 = CARTESIAN_POINT ( 'NONE',  ( 16.86675776276503669, 4.000000000000000000, 0.000000000000000000 ) ) ;
#4086 = ORIENTED_EDGE ( 'NONE', *, *, #972, .F. ) ;
#4087 = CARTESIAN_POINT ( 'NONE',  ( 36.36675776276504735, 4.500000000000000000, 6.480056922136859576 ) ) ;
#4088 = DIRECTION ( 'NONE',  ( -0.3420201433256694901, 0.9396926207859082059, 0.000000000000000000 ) ) ;
#4089 = DIRECTION ( 'NONE',  ( 0.000000000000000000, 1.000000000000000000, -0.000000000000000000 ) ) ;
#4090 = CYLINDRICAL_SURFACE ( 'NONE', #6344, 0.5000000000000004441 ) ;
#4091 = ORIENTED_EDGE ( 'NONE', *, *, #94, .F. ) ;
#4092 = CARTESIAN_POINT ( 'NONE',  ( 20.42845568404094081, 3.883938426159695645, 84.96990285015485256 ) ) ;
#4093 = DIRECTION ( 'NONE',  ( 0.000000000000000000, 0.000000000000000000, -1.000000000000000000 ) ) ;
#4094 = VERTEX_POINT ( 'NONE', #458 ) ;
#4095 = VERTEX_POINT ( 'NONE', #3773 ) ;
#4096 = CARTESIAN_POINT ( 'NONE',  ( 35.87691183474705525, 3.883938426159696533, 45.96990285015485256 ) ) ;
#4097 = DIRECTION ( 'NONE',  ( -4.625929269271465206E-16, 0.000000000000000000, -1.000000000000000000 ) ) ;
#4098 = DIRECTION ( 'NONE',  ( 0.000000000000000000, -0.9396926207859082059, 0.3420201433256694901 ) ) ;
#4099 = EDGE_CURVE ( 'NONE', #7350, #6544, #8210, .T. ) ;
#4100 = ADVANCED_FACE ( 'NONE', ( #1765 ), #3100, .T. ) ;
#4101 = CARTESIAN_POINT ( 'NONE',  ( 20.65268375939398382, 4.500000000000000000, 7.194130925507916885 ) ) ;
#4102 = VERTEX_POINT ( 'NONE', #7573 ) ;
#4103 = ORIENTED_EDGE ( 'NONE', *, *, #7274, .F. ) ;
#4104 = FACE_BOUND ( 'NONE', #3806, .T. ) ;
#4105 = CARTESIAN_POINT ( 'NONE',  ( -3.123088165252959847, 3.883938426159696533, 6.969902850154856111 ) ) ;
#4106 = FACE_OUTER_BOUND ( 'NONE', #5048, .T. ) ;
#4107 = CARTESIAN_POINT ( 'NONE',  ( 48.90268375939397316, 5.000000000000000000, -35.80586907449208667 ) ) ;
#4108 = LINE ( 'NONE', #1680, #4867 ) ;
#4109 = ADVANCED_FACE ( 'NONE', ( #1153 ), #1727, .T. ) ;
#4110 = CARTESIAN_POINT ( 'NONE',  ( -19.06139024397707971, 4.500000000000000000, 100.9082049288789733 ) ) ;
#4111 = ORIENTED_EDGE ( 'NONE', *, *, #5301, .F. ) ;
#4112 = ORIENTED_EDGE ( 'NONE', *, *, #3755, .F. ) ;
#4113 = ADVANCED_FACE ( 'NONE', ( #1687 ), #2450, .T. ) ;
#4114 = VERTEX_POINT ( 'NONE', #5585 ) ;
#4115 = ORIENTED_EDGE ( 'NONE', *, *, #3900, .F. ) ;
#4116 = CARTESIAN_POINT ( 'NONE',  ( -18.56139024397707971, 3.941525029986321815, 6.980056922136858688 ) ) ;
#4117 = LINE ( 'NONE', #6750, #3084 ) ;
#4118 = EDGE_CURVE ( 'NONE', #6049, #4051, #6443, .T. ) ;
#4119 = ORIENTED_EDGE ( 'NONE', *, *, #4671, .T. ) ;
#4120 = FACE_OUTER_BOUND ( 'NONE', #966, .T. ) ;
#4121 = EDGE_LOOP ( 'NONE', ( #8252, #6696, #170, #105 ) ) ;
#4122 = DIRECTION ( 'NONE',  ( -0.3236155771181852270, 0.8891264907159879272, -0.3236155771181854490 ) ) ;
#4123 = VERTEX_POINT ( 'NONE', #3656 ) ;
#4124 = CYLINDRICAL_SURFACE ( 'NONE', #6084, 0.5000000000000004441 ) ;
#4125 = EDGE_LOOP ( 'NONE', ( #281, #2064, #976, #7267 ) ) ;
#4126 =( BOUNDED_CURVE ( )  B_SPLINE_CURVE ( 3, ( #127, #167, #5357, #7993 ),
 .UNSPECIFIED., .F., .F. ) 
 B_SPLINE_CURVE_WITH_KNOTS ( ( 4, 4 ),
 ( 0.000000000000000000, 1.570796326794897446 ),
 .UNSPECIFIED. ) 
 CURVE ( )  GEOMETRIC_REPRESENTATION_ITEM ( )  RATIONAL_B_SPLINE_CURVE ( ( 1.000000000000000000, 0.8047378541243648264, 0.8047378541243648264, 1.000000000000000000 ) ) 
 REPRESENTATION_ITEM ( '' )  );
#4127 = LINE ( 'NONE', #6117, #18 ) ;
#4128 = CARTESIAN_POINT ( 'NONE',  ( -3.103088547627919080, 3.828989928337165338, 22.19413092550791688 ) ) ;
#4129 = ORIENTED_EDGE ( 'NONE', *, *, #5205, .F. ) ;
#4130 = CARTESIAN_POINT ( 'NONE',  ( -37.84731624060602684, 4.500000000000000000, 41.69413092550791333 ) ) ;
#4131 = CARTESIAN_POINT ( 'NONE',  ( 0.9386097560229239578, 4.000000000000000000, 1.085485585702553033E-16 ) ) ;
#4132 = DIRECTION ( 'NONE',  ( -0.5031907286678239943, 0.000000000000000000, 0.8641753818425657041 ) ) ;
#4133 = ORIENTED_EDGE ( 'NONE', *, *, #4565, .T. ) ;
#4134 = ORIENTED_EDGE ( 'NONE', *, *, #2071, .T. ) ;
#4135 = VECTOR ( 'NONE', #194, 1000.000000000000000 ) ;
#4136 = CARTESIAN_POINT ( 'NONE',  ( -3.133242237234963756, 3.941525029986320927, 22.40820492887897331 ) ) ;
#4137 = CARTESIAN_POINT ( 'NONE',  ( -38.06139024397706550, 4.000000000000000000, 65.48005692213685336 ) ) ;
#4138 = CARTESIAN_POINT ( 'NONE',  ( 0.9386097560229211823, 4.292893218813452094, 41.90820492887897331 ) ) ;
#4139 = DIRECTION ( 'NONE',  ( 0.000000000000000000, 0.3420201433256694901, 0.9396926207859082059 ) ) ;
#4140 = CARTESIAN_POINT ( 'NONE',  ( -18.34731624060601973, 4.500000000000000000, 22.19413092550791688 ) ) ;
#4141 = EDGE_LOOP ( 'NONE', ( #1241, #326, #1769, #8224 ) ) ;
#4142 = ORIENTED_EDGE ( 'NONE', *, *, #1912, .F. ) ;
#4143 = CARTESIAN_POINT ( 'NONE',  ( 20.43860975602292740, 3.941525029986321815, 6.980056922136857800 ) ) ;
#4144 = FACE_BOUND ( 'NONE', #834, .T. ) ;
#4145 = AXIS2_PLACEMENT_3D ( 'NONE', #7155, #2865, #746 ) ;
#4146 = EDGE_CURVE ( 'NONE', #6544, #3916, #383, .T. ) ;
#4147 = CARTESIAN_POINT ( 'NONE',  ( -22.63324223723497042, 4.292893218813452982, 22.40820492887897331 ) ) ;
#4148 = LINE ( 'NONE', #4282, #7631 ) ;
#4149 = DIRECTION ( 'NONE',  ( -1.156482317317871478E-16, -0.000000000000000000, 1.000000000000000000 ) ) ;
#4150 = FACE_OUTER_BOUND ( 'NONE', #2208, .T. ) ;
#4151 = CARTESIAN_POINT ( 'NONE',  ( -22.63324223723497042, 3.941525029986321815, 22.40820492887897331 ) ) ;
#4152 = ORIENTED_EDGE ( 'NONE', *, *, #743, .F. ) ;
#4153 = EDGE_LOOP ( 'NONE', ( #7044, #6844 ) ) ;
#4154 = ORIENTED_EDGE ( 'NONE', *, *, #4172, .T. ) ;
#4155 = FACE_OUTER_BOUND ( 'NONE', #6861, .T. ) ;
#4156 = CARTESIAN_POINT ( 'NONE',  ( 0.000000000000000000, 4.500000000000000000, 25.98005692213686046 ) ) ;
#4157 = ADVANCED_FACE ( 'NONE', ( #2050 ), #6433, .F. ) ;
#4158 = DIRECTION ( 'NONE',  ( 1.000000000000000000, -0.000000000000000000, 0.000000000000000000 ) ) ;
#4159 = AXIS2_PLACEMENT_3D ( 'NONE', #8337, #560, #5666 ) ;
#4160 = EDGE_CURVE ( 'NONE', #6909, #422, #5868, .T. ) ;
#4161 = VECTOR ( 'NONE', #8247, 1000.000000000000114 ) ;
#4162 = VERTEX_POINT ( 'NONE', #3277 ) ;
#4163 = DIRECTION ( 'NONE',  ( -0.3420201433256694901, -0.9396926207859082059, 0.000000000000000000 ) ) ;
#4164 = ORIENTED_EDGE ( 'NONE', *, *, #6109, .T. ) ;
#4165 = DIRECTION ( 'NONE',  ( -2.312964634635742957E-16, 0.000000000000000000, 1.000000000000000000 ) ) ;
#4166 = VECTOR ( 'NONE', #8265, 1000.000000000000000 ) ;
#4167 = ORIENTED_EDGE ( 'NONE', *, *, #7165, .T. ) ;
#4168 = CARTESIAN_POINT ( 'NONE',  ( 16.36675776276504024, 4.000000000000000000, 45.98005692213684625 ) ) ;
#4169 = VECTOR ( 'NONE', #4769, 1000.000000000000000 ) ;
#4170 = EDGE_CURVE ( 'NONE', #1761, #3581, #6063, .T. ) ;
#4171 = CARTESIAN_POINT ( 'NONE',  ( 0.000000000000000000, 4.000000000000000000, 45.48005692213685336 ) ) ;
#4172 = EDGE_CURVE ( 'NONE', #4075, #7384, #2033, .T. ) ;
#4173 = CARTESIAN_POINT ( 'NONE',  ( 20.43860975602292385, 4.000000000000000000, 80.90820492887897331 ) ) ;
#4174 = CARTESIAN_POINT ( 'NONE',  ( -18.56139024397707971, 4.000000000000000000, 100.4082049288789733 ) ) ;
#4175 = EDGE_LOOP ( 'NONE', ( #2014, #5517, #2425, #5871 ) ) ;
#4176 = CYLINDRICAL_SURFACE ( 'NONE', #7878, 0.5000000000000000000 ) ;
#4177 = ORIENTED_EDGE ( 'NONE', *, *, #5525, .F. ) ;
#4178 = CARTESIAN_POINT ( 'NONE',  ( -37.84731624060602684, 3.828989928337165338, 26.44990323252981312 ) ) ;
#4179 = VERTEX_POINT ( 'NONE', #3394 ) ;
#4180 = VECTOR ( 'NONE', #8286, 1000.000000000000000 ) ;
#4181 = VERTEX_POINT ( 'NONE', #5651 ) ;
#4182 = EDGE_CURVE ( 'NONE', #6163, #444, #977, .T. ) ;
#4183 = VECTOR ( 'NONE', #7123, 1000.000000000000000 ) ;
#4184 = CARTESIAN_POINT ( 'NONE',  ( -22.60308854762792308, 3.828989928337167115, 80.93835861848602065 ) ) ;
#4185 = DIRECTION ( 'NONE',  ( 0.000000000000000000, 0.000000000000000000, -1.000000000000000000 ) ) ;
#4186 = CARTESIAN_POINT ( 'NONE',  ( 20.65268375939398027, 4.500000000000000000, 80.69413092550790623 ) ) ;
#4187 = DIRECTION ( 'NONE',  ( 0.000000000000000000, 0.000000000000000000, -1.000000000000000000 ) ) ;
#4188 = AXIS2_PLACEMENT_3D ( 'NONE', #2056, #3894, #6702 ) ;
#4189 = CARTESIAN_POINT ( 'NONE',  ( -37.84731624060601263, 0.000000000000000000, 44.55626487130999891 ) ) ;
#4190 = FACE_OUTER_BOUND ( 'NONE', #6417, .T. ) ;
#4191 = DIRECTION ( 'NONE',  ( -1.000000000000000000, 0.000000000000000000, 0.000000000000000000 ) ) ;
#4192 = ORIENTED_EDGE ( 'NONE', *, *, #7546, .F. ) ;
#4193 = ORIENTED_EDGE ( 'NONE', *, *, #7605, .F. ) ;
#4194 = FACE_BOUND ( 'NONE', #3030, .T. ) ;
#4195 = VECTOR ( 'NONE', #3251, 1000.000000000000000 ) ;
#4196 = DIRECTION ( 'NONE',  ( 0.000000000000000000, 0.9396926207859082059, 0.3420201433256694901 ) ) ;
#4197 = DIRECTION ( 'NONE',  ( -5.782411586589351229E-17, 0.000000000000000000, 1.000000000000000000 ) ) ;
#4198 = PLANE ( 'NONE',  #1169 ) ;
#4199 = CARTESIAN_POINT ( 'NONE',  ( 20.43860975602292029, 4.292893218813451206, 100.4082049288789591 ) ) ;
#4200 = CARTESIAN_POINT ( 'NONE',  ( -22.13324223723496686, 4.500000000000000000, 81.40820492887897331 ) ) ;
#4201 = CARTESIAN_POINT ( 'NONE',  ( 0.7315029748363756079, 4.500000000000000888, 26.27295014095030723 ) ) ;
#4202 = EDGE_LOOP ( 'NONE', ( #1203, #715, #2557, #5912 ) ) ;
#4203 = VECTOR ( 'NONE', #2773, 1000.000000000000000 ) ;
#4204 = EDGE_LOOP ( 'NONE', ( #6747, #2176, #8283, #2198 ) ) ;
#4205 = ORIENTED_EDGE ( 'NONE', *, *, #4948, .T. ) ;
#4206 = CARTESIAN_POINT ( 'NONE',  ( -22.13324223723495621, 4.500000000000000000, -5.119340654455056422E-15 ) ) ;
#4207 = DIRECTION ( 'NONE',  ( -4.346951598611961047E-16, 0.3420201433256694901, 0.9396926207859082059 ) ) ;
#4208 = CARTESIAN_POINT ( 'NONE',  ( -39.48518229480392705, 4.336808689942017736E-16, 101.8319969797058206 ) ) ;
#4209 = ORIENTED_EDGE ( 'NONE', *, *, #6109, .F. ) ;
#4210 = CARTESIAN_POINT ( 'NONE',  ( 43.90268375939398027, 4.500000000000000000, -7.615901617580645118E-15 ) ) ;
#4211 = EDGE_CURVE ( 'NONE', #6706, #1752, #4513, .T. ) ;
#4212 = EDGE_CURVE ( 'NONE', #4996, #6909, #6304, .T. ) ;
#4213 = ORIENTED_EDGE ( 'NONE', *, *, #2864, .F. ) ;
#4214 = LINE ( 'NONE', #5491, #3898 ) ;
#4215 = ORIENTED_EDGE ( 'NONE', *, *, #5944, .F. ) ;
#4216 = CARTESIAN_POINT ( 'NONE',  ( 0.000000000000000000, 4.000000000000000000, 100.9082049288789733 ) ) ;
#4217 = CARTESIAN_POINT ( 'NONE',  ( -21.20945018640810531, 0.000000000000000000, 25.05626487131000246 ) ) ;
#4218 = LINE ( 'NONE', #3086, #5519 ) ;
#4219 = CARTESIAN_POINT ( 'NONE',  ( 0.4386097560229238468, 4.000000000000000000, 5.072444270436172326E-17 ) ) ;
#4220 = DIRECTION ( 'NONE',  ( 4.625929269271465206E-16, 0.000000000000000000, -1.000000000000000000 ) ) ;
#4221 = ADVANCED_FACE ( 'NONE', ( #1191 ), #4401, .F. ) ;
#4222 = ORIENTED_EDGE ( 'NONE', *, *, #794, .F. ) ;
#4223 = EDGE_LOOP ( 'NONE', ( #5256, #1702, #1112, #645 ) ) ;
#4224 = DIRECTION ( 'NONE',  ( 0.000000000000000000, 1.000000000000000000, -0.000000000000000000 ) ) ;
#4225 = VERTEX_POINT ( 'NONE', #1071 ) ;
#4226 = EDGE_CURVE ( 'NONE', #45, #1346, #1607, .T. ) ;
#4227 = ORIENTED_EDGE ( 'NONE', *, *, #1113, .F. ) ;
#4228 = FACE_OUTER_BOUND ( 'NONE', #5204, .T. ) ;
#4229 = CARTESIAN_POINT ( 'NONE',  ( -38.26849702516361873, 4.500000000000000888, 65.27295014095030012 ) ) ;
#4230 = CARTESIAN_POINT ( 'NONE',  ( 16.39691145237208403, 3.828989928337164450, 22.19413092550791688 ) ) ;
#4231 = DIRECTION ( 'NONE',  ( -0.000000000000000000, -1.000000000000000000, 0.000000000000000000 ) ) ;
#4232 = ADVANCED_FACE ( 'NONE', ( #7079 ), #4967, .F. ) ;
#4233 = PLANE ( 'NONE',  #5673 ) ;
#4234 = ORIENTED_EDGE ( 'NONE', *, *, #8153, .F. ) ;
#4235 = CARTESIAN_POINT ( 'NONE',  ( -2.633242237234962868, 4.000000000000000000, 0.000000000000000000 ) ) ;
#4236 = ORIENTED_EDGE ( 'NONE', *, *, #7552, .F. ) ;
#4237 = CARTESIAN_POINT ( 'NONE',  ( 0.000000000000000000, 4.000000000000000000, 22.40820492887897331 ) ) ;
#4238 = CARTESIAN_POINT ( 'NONE',  ( -22.63324223723496331, 4.000000000000000000, 80.90820492887897331 ) ) ;
#4239 = CARTESIAN_POINT ( 'NONE',  ( 1.152683759393978935, 4.500000000000000000, 100.1941309255079062 ) ) ;
#4240 = CARTESIAN_POINT ( 'NONE',  ( -3.133242237234962868, 4.000000000000000000, 0.000000000000000000 ) ) ;
#4241 = CARTESIAN_POINT ( 'NONE',  ( -38.09154393358412705, 3.828989928337165338, 80.69413092550790623 ) ) ;
#4242 = CARTESIAN_POINT ( 'NONE',  ( 0.000000000000000000, 4.500000000000000000, -41.80586907449207956 ) ) ;
#4243 = EDGE_LOOP ( 'NONE', ( #796, #3055, #3464, #1808 ) ) ;
#4244 = EDGE_LOOP ( 'NONE', ( #8386, #4697, #8290, #5038 ) ) ;
#4245 = CARTESIAN_POINT ( 'NONE',  ( 35.86675776276505445, 3.941525029986320927, 41.90820492887896620 ) ) ;
#4246 = CARTESIAN_POINT ( 'NONE',  ( 48.90268375939397316, 4.500000000000000000, -35.80586907449208667 ) ) ;
#4247 = ORIENTED_EDGE ( 'NONE', *, *, #1424, .T. ) ;
#4248 = CARTESIAN_POINT ( 'NONE',  ( -51.09731624060602684, 4.500000000000000000, -35.80586907449208667 ) ) ;
#4249 = ORIENTED_EDGE ( 'NONE', *, *, #1121, .F. ) ;
#4250 = DIRECTION ( 'NONE',  ( -2.312964634635742957E-16, 0.000000000000000000, 1.000000000000000000 ) ) ;
#4251 = VERTEX_POINT ( 'NONE', #6993 ) ;
#4252 = CARTESIAN_POINT ( 'NONE',  ( 0.000000000000000000, 4.000000000000000000, 84.98005692213685336 ) ) ;
#4253 = DIRECTION ( 'NONE',  ( 0.000000000000000000, -0.000000000000000000, -1.000000000000000000 ) ) ;
#4254 =( BOUNDED_CURVE ( )  B_SPLINE_CURVE ( 3, ( #2857, #8057, #5457, #7548 ),
 .UNSPECIFIED., .F., .F. ) 
 B_SPLINE_CURVE_WITH_KNOTS ( ( 4, 4 ),
 ( 1.570796326794896558, 3.141592653589793116 ),
 .UNSPECIFIED. ) 
 CURVE ( )  GEOMETRIC_REPRESENTATION_ITEM ( )  RATIONAL_B_SPLINE_CURVE ( ( 1.000000000000000000, 0.8047378541243649375, 0.8047378541243649375, 1.000000000000000000 ) ) 
 REPRESENTATION_ITEM ( '' )  );
#4255 = EDGE_LOOP ( 'NONE', ( #2739, #1005, #4754, #96 ) ) ;
#4256 = EDGE_CURVE ( 'NONE', #4623, #5488, #448, .T. ) ;
#4257 = EDGE_CURVE ( 'NONE', #6706, #4031, #1794, .T. ) ;
#4258 = DIRECTION ( 'NONE',  ( 0.000000000000000000, -0.000000000000000000, -1.000000000000000000 ) ) ;
#4259 = CARTESIAN_POINT ( 'NONE',  ( 20.65268375939398382, 4.500000000000000000, 65.69413092550790623 ) ) ;
#4260 = CARTESIAN_POINT ( 'NONE',  ( -18.34731624060601618, 0.000000000000000000, 5.556264871310002462 ) ) ;
#4261 = EDGE_LOOP ( 'NONE', ( #5143, #6060, #7652, #3542 ) ) ;
#4262 = CARTESIAN_POINT ( 'NONE',  ( -3.103088547627919080, 3.828989928337165338, 80.69413092550790623 ) ) ;
#4263 = ORIENTED_EDGE ( 'NONE', *, *, #1645, .T. ) ;
#4264 = CARTESIAN_POINT ( 'NONE',  ( -6.362396975355915854E-15, 4.500000000000000000, -51.80586907449210088 ) ) ;
#4265 = VERTEX_POINT ( 'NONE', #5734 ) ;
#4266 = EDGE_LOOP ( 'NONE', ( #6868, #8331, #6921, #3274 ) ) ;
#4267 = AXIS2_PLACEMENT_3D ( 'NONE', #4259, #7544, #6893 ) ;
#4268 = EDGE_CURVE ( 'NONE', #1641, #270, #2276, .T. ) ;
#4269 = CARTESIAN_POINT ( 'NONE',  ( -22.62308816525295896, 3.883938426159696533, 100.4183590008609741 ) ) ;
#4270 = FACE_BOUND ( 'NONE', #632, .T. ) ;
#4271 = EDGE_CURVE ( 'NONE', #419, #7672, #7604, .T. ) ;
#4272 = FACE_OUTER_BOUND ( 'NONE', #3131, .T. ) ;
#4273 = LINE ( 'NONE', #4743, #3237 ) ;
#4274 =( BOUNDED_CURVE ( )  B_SPLINE_CURVE ( 3, ( #882, #6133, #7596, #4481 ),
 .UNSPECIFIED., .F., .F. ) 
 B_SPLINE_CURVE_WITH_KNOTS ( ( 4, 4 ),
 ( 0.000000000000000000, 1.570796326794896558 ),
 .UNSPECIFIED. ) 
 CURVE ( )  GEOMETRIC_REPRESENTATION_ITEM ( )  RATIONAL_B_SPLINE_CURVE ( ( 1.000000000000000000, 0.8047378541243649375, 0.8047378541243649375, 1.000000000000000000 ) ) 
 REPRESENTATION_ITEM ( '' )  );
#4275 = LINE ( 'NONE', #6908, #1428 ) ;
#4276 = VECTOR ( 'NONE', #4956, 1000.000000000000000 ) ;
#4277 = EDGE_LOOP ( 'NONE', ( #1665, #8377, #1507, #2271 ) ) ;
#4278 = VERTEX_POINT ( 'NONE', #1143 ) ;
#4279 = ADVANCED_FACE ( 'NONE', ( #7029 ), #7648, .F. ) ;
#4280 = AXIS2_PLACEMENT_3D ( 'NONE', #4046, #5988, #4603 ) ;
#4281 = DIRECTION ( 'NONE',  ( 0.000000000000000000, -1.000000000000000000, 0.000000000000000000 ) ) ;
#4282 = CARTESIAN_POINT ( 'NONE',  ( 1.152683759393978935, 0.000000000000000000, 82.33199697970582065 ) ) ;
#4283 = ADVANCED_FACE ( 'NONE', ( #6390 ), #3719, .F. ) ;
#4284 = LINE ( 'NONE', #8074, #2075 ) ;
#4285 = CARTESIAN_POINT ( 'NONE',  ( 20.43860975602292385, 4.000000000000000000, 100.4082049288789591 ) ) ;
#4286 = CARTESIAN_POINT ( 'NONE',  ( 51.90268375939396606, 4.500000000000000000, -48.30586907449210088 ) ) ;
#4287 = ORIENTED_EDGE ( 'NONE', *, *, #3430, .F. ) ;
#4288 = VERTEX_POINT ( 'NONE', #5012 ) ;
#4289 = VECTOR ( 'NONE', #2822, 1000.000000000000000 ) ;
#4290 = CARTESIAN_POINT ( 'NONE',  ( 16.37691183474703749, 3.883938426159698754, 80.91835900086097411 ) ) ;
#4291 = VECTOR ( 'NONE', #1674, 1000.000000000000000 ) ;
#4292 = ORIENTED_EDGE ( 'NONE', *, *, #1317, .F. ) ;
#4293 = DIRECTION ( 'NONE',  ( -0.9396926207859082059, 0.3420201433256694901, 0.000000000000000000 ) ) ;
#4294 = EDGE_LOOP ( 'NONE', ( #3335, #3018, #2934, #3116 ) ) ;
#4295 = DIRECTION ( 'NONE',  ( -0.3420201433256694901, 0.9396926207859082059, 0.000000000000000000 ) ) ;
#4296 = EDGE_LOOP ( 'NONE', ( #125, #3456, #3577, #807 ) ) ;
#4297 = CARTESIAN_POINT ( 'NONE',  ( -2.926135456048420735, 4.499999999999994671, 81.11531171006551233 ) ) ;
#4298 = VECTOR ( 'NONE', #3608, 1000.000000000000000 ) ;
#4299 = CARTESIAN_POINT ( 'NONE',  ( -22.63324223723495621, 4.000000000000000000, 84.98005692213685336 ) ) ;
#4300 = VECTOR ( 'NONE', #3787, 1000.000000000000000 ) ;
#4301 = LINE ( 'NONE', #395, #4805 ) ;
#4302 = DIRECTION ( 'NONE',  ( 0.000000000000000000, 0.000000000000000000, 1.000000000000000000 ) ) ;
#4303 = VECTOR ( 'NONE', #2816, 1000.000000000000000 ) ;
#4304 = ORIENTED_EDGE ( 'NONE', *, *, #3279, .F. ) ;
#4305 = DIRECTION ( 'NONE',  ( -1.000000000000000000, 0.000000000000000000, 0.000000000000000000 ) ) ;
#4306 = AXIS2_PLACEMENT_3D ( 'NONE', #182, #5601, #6896 ) ;
#4307 = EDGE_LOOP ( 'NONE', ( #4501, #258, #3638, #4675 ) ) ;
#4308 = PLANE ( 'NONE',  #4999 ) ;
#4309 =( BOUNDED_CURVE ( )  B_SPLINE_CURVE ( 3, ( #1611, #3440, #3488, #1559 ),
 .UNSPECIFIED., .F., .F. ) 
 B_SPLINE_CURVE_WITH_KNOTS ( ( 4, 4 ),
 ( 3.141592653589793116, 3.490658503988661288 ),
 .UNSPECIFIED. ) 
 CURVE ( )  GEOMETRIC_REPRESENTATION_ITEM ( )  RATIONAL_B_SPLINE_CURVE ( ( 1.000000000000000000, 0.9898718353414719395, 0.9898718353414719395, 1.000000000000000000 ) ) 
 REPRESENTATION_ITEM ( '' )  );
#4310 = VERTEX_POINT ( 'NONE', #4327 ) ;
#4311 = VECTOR ( 'NONE', #661, 1000.000000000000000 ) ;
#4312 = VECTOR ( 'NONE', #1417, 1000.000000000000000 ) ;
#4313 = FACE_BOUND ( 'NONE', #912, .T. ) ;
#4314 = CARTESIAN_POINT ( 'NONE',  ( 0.000000000000000000, 4.500000000000000000, 84.48005692213685336 ) ) ;
#4315 = DIRECTION ( 'NONE',  ( 0.000000000000000000, -0.9396926207859082059, 0.3420201433256694901 ) ) ;
#4316 = FACE_OUTER_BOUND ( 'NONE', #4355, .T. ) ;
#4317 = EDGE_CURVE ( 'NONE', #4094, #2759, #541, .T. ) ;
#4318 = AXIS2_PLACEMENT_3D ( 'NONE', #3519, #4837, #7479 ) ;
#4319 = ADVANCED_FACE ( 'NONE', ( #1754 ), #4447, .F. ) ;
#4320 = ADVANCED_FACE ( 'NONE', ( #5138 ), #6962, .T. ) ;
#4321 = ORIENTED_EDGE ( 'NONE', *, *, #7211, .F. ) ;
#4322 = AXIS2_PLACEMENT_3D ( 'NONE', #7428, #2194, #1678 ) ;
#4323 = VERTEX_POINT ( 'NONE', #4490 ) ;
#4324 = EDGE_CURVE ( 'NONE', #988, #2462, #1227, .T. ) ;
#4325 = VECTOR ( 'NONE', #51, 1000.000000000000000 ) ;
#4326 = VECTOR ( 'NONE', #3264, 1000.000000000000000 ) ;
#4327 = CARTESIAN_POINT ( 'NONE',  ( -2.633242237234962868, 4.500000000000000000, 84.48005692213685336 ) ) ;
#4328 = CARTESIAN_POINT ( 'NONE',  ( 48.90268375939397316, 0.000000000000000000, -45.30586907449209377 ) ) ;
#4329 = AXIS2_PLACEMENT_3D ( 'NONE', #7067, #4358, #1182 ) ;
#4330 = CARTESIAN_POINT ( 'NONE',  ( -22.63324223723495621, 4.000000000000000000, -5.234988886186843299E-15 ) ) ;
#4331 = DIRECTION ( 'NONE',  ( 2.312964634635740985E-16, -0.000000000000000000, -1.000000000000000000 ) ) ;
#4332 = ORIENTED_EDGE ( 'NONE', *, *, #4056, .F. ) ;
#4333 = EDGE_CURVE ( 'NONE', #6010, #2521, #3041, .T. ) ;
#4334 = ORIENTED_EDGE ( 'NONE', *, *, #130, .F. ) ;
#4335 = AXIS2_PLACEMENT_3D ( 'NONE', #3771, #5743, #5784 ) ;
#4336 = ORIENTED_EDGE ( 'NONE', *, *, #6159, .T. ) ;
#4337 = ADVANCED_FACE ( 'NONE', ( #4366 ), #8237, .F. ) ;
#4338 = DIRECTION ( 'NONE',  ( 1.734723475976807094E-16, 0.000000000000000000, 1.000000000000000000 ) ) ;
#4339 = AXIS2_PLACEMENT_3D ( 'NONE', #4885, #844, #2968 ) ;
#4340 = ORIENTED_EDGE ( 'NONE', *, *, #793, .T. ) ;
#4341 = CARTESIAN_POINT ( 'NONE',  ( -39.48518229480393416, 0.000000000000000000, 22.19413092550791688 ) ) ;
#4342 = EDGE_CURVE ( 'NONE', #3816, #7726, #1123, .T. ) ;
#4343 = ORIENTED_EDGE ( 'NONE', *, *, #226, .T. ) ;
#4344 = CARTESIAN_POINT ( 'NONE',  ( -38.56139024397707260, 4.500000000000000000, 81.40820492887897331 ) ) ;
#4345 = ORIENTED_EDGE ( 'NONE', *, *, #1361, .T. ) ;
#4346 = CARTESIAN_POINT ( 'NONE',  ( -0.4851822948039366534, 0.000000000000000000, 101.8319969797058206 ) ) ;
#4347 = LINE ( 'NONE', #3019, #7869 ) ;
#4348 = CARTESIAN_POINT ( 'NONE',  ( -3.103088547627919080, 3.828989928337165338, 41.69413092550790623 ) ) ;
#4349 = FACE_OUTER_BOUND ( 'NONE', #8325, .T. ) ;
#4350 = DIRECTION ( 'NONE',  ( -1.000000000000000000, 0.000000000000000000, -0.000000000000000000 ) ) ;
#4351 = EDGE_LOOP ( 'NONE', ( #407, #101, #242, #1202 ) ) ;
#4352 = CARTESIAN_POINT ( 'NONE',  ( -18.59154393358412349, 3.828989928337165338, 80.69413092550790623 ) ) ;
#4353 = ORIENTED_EDGE ( 'NONE', *, *, #2491, .T. ) ;
#4354 = DIRECTION ( 'NONE',  ( 0.000000000000000000, 0.000000000000000000, 1.000000000000000000 ) ) ;
#4355 = EDGE_LOOP ( 'NONE', ( #222, #2130, #5265, #7674 ) ) ;
#4356 = FACE_BOUND ( 'NONE', #2624, .T. ) ;
#4357 = FACE_OUTER_BOUND ( 'NONE', #4686, .T. ) ;
#4358 = DIRECTION ( 'NONE',  ( -0.000000000000000000, -1.000000000000000000, 0.000000000000000000 ) ) ;
#4359 = CARTESIAN_POINT ( 'NONE',  ( -38.56139024397705128, 4.000000000000000000, -1.783822637934133607E-14 ) ) ;
#4360 =( BOUNDED_CURVE ( )  B_SPLINE_CURVE ( 3, ( #4173, #6160, #2168, #6025 ),
 .UNSPECIFIED., .F., .F. ) 
 B_SPLINE_CURVE_WITH_KNOTS ( ( 4, 4 ),
 ( 0.000000000000000000, 1.570796326794896558 ),
 .UNSPECIFIED. ) 
 CURVE ( )  GEOMETRIC_REPRESENTATION_ITEM ( )  RATIONAL_B_SPLINE_CURVE ( ( 1.000000000000000000, 0.8047378541243649375, 0.8047378541243649375, 1.000000000000000000 ) ) 
 REPRESENTATION_ITEM ( '' )  );
#4361 = EDGE_LOOP ( 'NONE', ( #5365, #7789, #122, #4844 ) ) ;
#4362 = CYLINDRICAL_SURFACE ( 'NONE', #189, 0.5000000000000000000 ) ;
#4363 = ORIENTED_EDGE ( 'NONE', *, *, #4441, .F. ) ;
#4364 = ADVANCED_FACE ( 'NONE', ( #3886 ), #1260, .F. ) ;
#4365 = EDGE_CURVE ( 'NONE', #3994, #3307, #7329, .T. ) ;
#4366 = FACE_OUTER_BOUND ( 'NONE', #1140, .T. ) ;
#4367 = DIRECTION ( 'NONE',  ( -1.000000000000000000, 0.000000000000000000, 0.000000000000000000 ) ) ;
#4368 = LINE ( 'NONE', #2360, #6384 ) ;
#4369 = LINE ( 'NONE', #3847, #4469 ) ;
#4370 = ORIENTED_EDGE ( 'NONE', *, *, #6641, .F. ) ;
#4371 = ORIENTED_EDGE ( 'NONE', *, *, #3522, .F. ) ;
#4372 = CARTESIAN_POINT ( 'NONE',  ( 20.42845568404091239, 3.883938426159694757, 22.41835900086098121 ) ) ;
#4373 = CARTESIAN_POINT ( 'NONE',  ( 0.000000000000000000, 4.500000000000000000, -41.80586907449207956 ) ) ;
#4374 = EDGE_CURVE ( 'NONE', #2521, #5716, #7281, .T. ) ;
#4375 = EDGE_CURVE ( 'NONE', #4584, #7705, #4692, .T. ) ;
#4376 = ADVANCED_FACE ( 'NONE', ( #3293 ), #2010, .T. ) ;
#4377 = ORIENTED_EDGE ( 'NONE', *, *, #5210, .F. ) ;
#4378 = DIRECTION ( 'NONE',  ( -0.000000000000000000, 1.000000000000000000, -0.000000000000000000 ) ) ;
#4379 = EDGE_LOOP ( 'NONE', ( #72, #6826 ) ) ;
#4380 = CARTESIAN_POINT ( 'NONE',  ( -38.06139024397706550, 4.000000000000000000, 45.98005692213685336 ) ) ;
#4381 = ORIENTED_EDGE ( 'NONE', *, *, #8053, .T. ) ;
#4382 = CARTESIAN_POINT ( 'NONE',  ( -51.09731624060602684, 5.000000000000000000, -35.80586907449208667 ) ) ;
#4383 = DIRECTION ( 'NONE',  ( -0.3420201433256694901, -0.9396926207859082059, 0.000000000000000000 ) ) ;
#4384 = DIRECTION ( 'NONE',  ( 0.000000000000000000, 0.000000000000000000, -1.000000000000000000 ) ) ;
#4385 = ADVANCED_FACE ( 'NONE', ( #3332 ), #7809, .T. ) ;
#4386 = CARTESIAN_POINT ( 'NONE',  ( 1.152683759393978935, 0.000000000000000000, 23.83199697970583131 ) ) ;
#4387 = VERTEX_POINT ( 'NONE', #8448 ) ;
#4388 = CARTESIAN_POINT ( 'NONE',  ( -3.133242237234963312, 4.000000000000000000, 26.48005692213686402 ) ) ;
#4389 = ORIENTED_EDGE ( 'NONE', *, *, #2975, .F. ) ;
#4390 = DIRECTION ( 'NONE',  ( 0.000000000000000000, 0.000000000000000000, 1.000000000000000000 ) ) ;
#4391 = VERTEX_POINT ( 'NONE', #65 ) ;
#4392 = DIRECTION ( 'NONE',  ( 0.000000000000000000, -1.000000000000000000, 0.000000000000000000 ) ) ;
#4393 = FACE_OUTER_BOUND ( 'NONE', #1246, .T. ) ;
#4394 = CARTESIAN_POINT ( 'NONE',  ( -39.34731624060601263, 0.000000000000000000, 101.9441309255079062 ) ) ;
#4395 = CARTESIAN_POINT ( 'NONE',  ( 48.90268375939397316, 5.000000000000000000, -33.30586907449208667 ) ) ;
#4396 = CARTESIAN_POINT ( 'NONE',  ( 0.000000000000000000, 4.000000000000000000, 45.48005692213685336 ) ) ;
#4397 = FACE_OUTER_BOUND ( 'NONE', #718, .T. ) ;
#4398 = DIRECTION ( 'NONE',  ( 1.000000000000000000, -0.000000000000000000, -4.625929269271484928E-16 ) ) ;
#4399 = VERTEX_POINT ( 'NONE', #665 ) ;
#4400 = VERTEX_POINT ( 'NONE', #4012 ) ;
#4401 = PLANE ( 'NONE',  #2424 ) ;
#4402 =( BOUNDED_CURVE ( )  B_SPLINE_CURVE ( 3, ( #3082, #5688, #8315, #5047 ),
 .UNSPECIFIED., .F., .F. ) 
 B_SPLINE_CURVE_WITH_KNOTS ( ( 4, 4 ),
 ( 5.934119456780720725, 6.283185307179586232 ),
 .UNSPECIFIED. ) 
 CURVE ( )  GEOMETRIC_REPRESENTATION_ITEM ( )  RATIONAL_B_SPLINE_CURVE ( ( 1.000000000000000000, 0.9898718353414720506, 0.9898718353414720506, 1.000000000000000000 ) ) 
 REPRESENTATION_ITEM ( '' )  );
#4403 = DIRECTION ( 'NONE',  ( 0.000000000000000000, 0.000000000000000000, 1.000000000000000000 ) ) ;
#4404 = CARTESIAN_POINT ( 'NONE',  ( 37.29054981359189469, 0.000000000000000000, 100.1941309255078920 ) ) ;
#4405 = VECTOR ( 'NONE', #6611, 1000.000000000000000 ) ;
#4406 = LINE ( 'NONE', #8405, #6269 ) ;
#4407 = ORIENTED_EDGE ( 'NONE', *, *, #1965, .T. ) ;
#4408 = VERTEX_POINT ( 'NONE', #6645 ) ;
#4409 = ADVANCED_FACE ( 'NONE', ( #627 ), #7841, .T. ) ;
#4410 = CARTESIAN_POINT ( 'NONE',  ( -51.09731624060602684, 0.000000000000000000, -5.130869074492089510 ) ) ;
#4411 = VECTOR ( 'NONE', #3588, 1000.000000000000000 ) ;
#4412 = LINE ( 'NONE', #927, #5570 ) ;
#4413 = CARTESIAN_POINT ( 'NONE',  ( -3.103088547627918192, 3.828989928337168003, 100.4383586184860064 ) ) ;
#4414 = EDGE_LOOP ( 'NONE', ( #4539, #1477, #754, #3046 ) ) ;
#4415 = CARTESIAN_POINT ( 'NONE',  ( -19.06139024397707615, 4.000000000000000000, -4.408832152130975110E-15 ) ) ;
#4416 = VERTEX_POINT ( 'NONE', #1961 ) ;
#4417 = EDGE_CURVE ( 'NONE', #8189, #5396, #6472, .T. ) ;
#4418 = EDGE_CURVE ( 'NONE', #4623, #2778, #3257, .T. ) ;
#4419 = ORIENTED_EDGE ( 'NONE', *, *, #7440, .F. ) ;
#4420 = EDGE_LOOP ( 'NONE', ( #2679, #7162, #1700, #2326 ) ) ;
#4421 = LINE ( 'NONE', #4467, #1418 ) ;
#4422 = DIRECTION ( 'NONE',  ( 0.3236155771181852825, 0.8891264907159880382, 0.3236155771181852825 ) ) ;
#4423 = EDGE_CURVE ( 'NONE', #2046, #7620, #4524, .T. ) ;
#4424 = VECTOR ( 'NONE', #2615, 1000.000000000000000 ) ;
#4425 = CARTESIAN_POINT ( 'NONE',  ( 16.36675776276503669, 4.292893218813452094, 22.40820492887896620 ) ) ;
#4426 = VERTEX_POINT ( 'NONE', #7890 ) ;
#4427 = CARTESIAN_POINT ( 'NONE',  ( 16.36675776276504024, 4.000000000000000000, 61.40820492887897331 ) ) ;
#4428 = VECTOR ( 'NONE', #5475, 1000.000000000000000 ) ;
#4429 = EDGE_CURVE ( 'NONE', #7398, #7139, #2650, .T. ) ;
#4430 = ORIENTED_EDGE ( 'NONE', *, *, #4182, .F. ) ;
#4431 = DIRECTION ( 'NONE',  ( -1.000000000000000000, 0.000000000000000000, 0.000000000000000000 ) ) ;
#4432 = DIRECTION ( 'NONE',  ( 1.000000000000000000, -0.000000000000000000, -4.625929269271484928E-16 ) ) ;
#4433 = ORIENTED_EDGE ( 'NONE', *, *, #2818, .F. ) ;
#4434 = EDGE_CURVE ( 'NONE', #943, #5186, #4612, .T. ) ;
#4435 = FACE_BOUND ( 'NONE', #2259, .T. ) ;
#4436 = LINE ( 'NONE', #5764, #4276 ) ;
#4437 = DIRECTION ( 'NONE',  ( -1.000000000000000000, 0.000000000000000000, 0.000000000000000000 ) ) ;
#4438 = VECTOR ( 'NONE', #7818, 1000.000000000000000 ) ;
#4439 = LINE ( 'NONE', #3035, #2673 ) ;
#4440 = CARTESIAN_POINT ( 'NONE',  ( 0.4386097560230009518, 4.000000000000000000, 3.487305435925481945E-16 ) ) ;
#4441 = EDGE_CURVE ( 'NONE', #2930, #8305, #5302, .T. ) ;
#4442 = DIRECTION ( 'NONE',  ( 1.000000000000000000, 0.000000000000000000, 4.625929269271465206E-16 ) ) ;
#4443 = ORIENTED_EDGE ( 'NONE', *, *, #3219, .F. ) ;
#4444 = VECTOR ( 'NONE', #3714, 1000.000000000000000 ) ;
#4445 = ORIENTED_EDGE ( 'NONE', *, *, #163, .T. ) ;
#4446 = CYLINDRICAL_SURFACE ( 'NONE', #4145, 0.5000000000000004441 ) ;
#4447 = PLANE ( 'NONE',  #3516 ) ;
#4448 = CARTESIAN_POINT ( 'NONE',  ( 0.000000000000000000, 4.000000000000000000, 81.40820492887897331 ) ) ;
#4449 = AXIS2_PLACEMENT_3D ( 'NONE', #1519, #5554, #364 ) ;
#4450 = DIRECTION ( 'NONE',  ( 1.000000000000000000, -0.000000000000000000, -4.625929269271485914E-16 ) ) ;
#4451 = ORIENTED_EDGE ( 'NONE', *, *, #391, .T. ) ;
#4452 = FACE_OUTER_BOUND ( 'NONE', #3070, .T. ) ;
#4453 = VECTOR ( 'NONE', #5849, 1000.000000000000000 ) ;
#4454 = AXIS2_PLACEMENT_3D ( 'NONE', #3828, #7744, #1861 ) ;
#4455 = CARTESIAN_POINT ( 'NONE',  ( 0.9386097560229230696, 3.941525029986321815, 6.980056922136860464 ) ) ;
#4456 = CARTESIAN_POINT ( 'NONE',  ( 16.36675776276504024, 4.000000000000000000, 84.98005692213685336 ) ) ;
#4457 =( BOUNDED_CURVE ( )  B_SPLINE_CURVE ( 3, ( #5237, #8042, #7298, #7399 ),
 .UNSPECIFIED., .F., .F. ) 
 B_SPLINE_CURVE_WITH_KNOTS ( ( 4, 4 ),
 ( 3.141592653589793116, 3.490658503988663064 ),
 .UNSPECIFIED. ) 
 CURVE ( )  GEOMETRIC_REPRESENTATION_ITEM ( )  RATIONAL_B_SPLINE_CURVE ( ( 1.000000000000000000, 0.9898718353414717175, 0.9898718353414717175, 1.000000000000000000 ) ) 
 REPRESENTATION_ITEM ( '' )  );
#4458 = AXIS2_PLACEMENT_3D ( 'NONE', #2323, #330, #3461 ) ;
#4459 = CARTESIAN_POINT ( 'NONE',  ( 16.57386454395158992, 4.500000000000000888, 84.77295014095028591 ) ) ;
#4460 = EDGE_LOOP ( 'NONE', ( #2990, #969 ) ) ;
#4461 = CARTESIAN_POINT ( 'NONE',  ( -3.133242237234962424, 4.000000000000000000, -3.623539243235720815E-16 ) ) ;
#4462 = AXIS2_PLACEMENT_3D ( 'NONE', #7669, #6325, #1776 ) ;
#4463 = ORIENTED_EDGE ( 'NONE', *, *, #4738, .F. ) ;
#4464 = ORIENTED_EDGE ( 'NONE', *, *, #5512, .T. ) ;
#4465 = EDGE_LOOP ( 'NONE', ( #2939, #260, #5040, #4086 ) ) ;
#4466 = CARTESIAN_POINT ( 'NONE',  ( 16.36675776276503669, 4.292893218813452094, 41.90820492887897331 ) ) ;
#4467 = CARTESIAN_POINT ( 'NONE',  ( -38.06139024397707971, 4.000000000000000000, 0.000000000000000000 ) ) ;
#4468 = CARTESIAN_POINT ( 'NONE',  ( -22.63324223723496686, 4.000000000000000000, 41.90820492887897331 ) ) ;
#4469 = VECTOR ( 'NONE', #1759, 1000.000000000000000 ) ;
#4470 = EDGE_CURVE ( 'NONE', #3156, #2533, #2049, .T. ) ;
#4471 = ADVANCED_FACE ( 'NONE', ( #789 ), #1438, .F. ) ;
#4472 = CARTESIAN_POINT ( 'NONE',  ( 0.9386097560229217374, 4.000000000000000000, 80.90820492887897331 ) ) ;
#4473 = ORIENTED_EDGE ( 'NONE', *, *, #137, .F. ) ;
#4474 = ORIENTED_EDGE ( 'NONE', *, *, #5605, .F. ) ;
#4475 = FACE_OUTER_BOUND ( 'NONE', #3039, .T. ) ;
#4476 = LINE ( 'NONE', #1173, #1142 ) ;
#4477 = CARTESIAN_POINT ( 'NONE',  ( 14.58177813309093906, 8.816027736361819578, 47.76503655181095809 ) ) ;
#4478 = EDGE_CURVE ( 'NONE', #4761, #4123, #6036, .T. ) ;
#4479 = CARTESIAN_POINT ( 'NONE',  ( -37.84731624060601263, 4.500000000000000000, 7.194130925507916885 ) ) ;
#4480 = DIRECTION ( 'NONE',  ( 0.000000000000000000, 0.000000000000000000, 1.000000000000000000 ) ) ;
#4481 = CARTESIAN_POINT ( 'NONE',  ( 36.36675776276504735, 4.500000000000000000, 6.480056922136859576 ) ) ;
#4482 = EDGE_CURVE ( 'NONE', #2246, #7697, #5136, .T. ) ;
#4483 = DIRECTION ( 'NONE',  ( -0.000000000000000000, 1.000000000000000000, -0.000000000000000000 ) ) ;
#4484 = CARTESIAN_POINT ( 'NONE',  ( 20.43860975602291319, 4.000000000000000000, 61.40820492887896620 ) ) ;
#4485 = DIRECTION ( 'NONE',  ( 0.000000000000000000, 0.000000000000000000, 1.000000000000000000 ) ) ;
#4486 = ORIENTED_EDGE ( 'NONE', *, *, #6792, .F. ) ;
#4487 = EDGE_LOOP ( 'NONE', ( #6522, #5067, #5532, #5057 ) ) ;
#4488 = CARTESIAN_POINT ( 'NONE',  ( 16.36675776276503669, 4.000000000000000000, 65.48005692213685336 ) ) ;
#4489 = EDGE_CURVE ( 'NONE', #5990, #3582, #1623, .T. ) ;
#4490 = CARTESIAN_POINT ( 'NONE',  ( -22.63324223723496331, 4.000000000000000000, 45.98005692213685336 ) ) ;
#4491 = LINE ( 'NONE', #8449, #2367 ) ;
#4492 = DIRECTION ( 'NONE',  ( 4.625929269271485914E-16, -0.000000000000000000, -1.000000000000000000 ) ) ;
#4493 = CARTESIAN_POINT ( 'NONE',  ( 1.152683759393978713, 3.828989928337163562, 100.4383586184860206 ) ) ;
#4494 = ORIENTED_EDGE ( 'NONE', *, *, #4544, .F. ) ;
#4495 = ORIENTED_EDGE ( 'NONE', *, *, #6473, .F. ) ;
#4496 = CARTESIAN_POINT ( 'NONE',  ( -18.34731624060601973, 4.500000000000000000, 80.69413092550790623 ) ) ;
#4497 = VERTEX_POINT ( 'NONE', #7512 ) ;
#4498 = CARTESIAN_POINT ( 'NONE',  ( 14.58177813309093729, 8.816027736361817801, 79.12322529920486147 ) ) ;
#4499 = ORIENTED_EDGE ( 'NONE', *, *, #5840, .T. ) ;
#4500 = EDGE_LOOP ( 'NONE', ( #7404, #529, #2769, #4474 ) ) ;
#4501 = ORIENTED_EDGE ( 'NONE', *, *, #3731, .T. ) ;
#4502 = CARTESIAN_POINT ( 'NONE',  ( 48.90268375939397316, 0.000000000000000000, -5.130869074492089510 ) ) ;
#4503 = DIRECTION ( 'NONE',  ( 1.000000000000000000, 0.000000000000000000, -4.606734542013097089E-16 ) ) ;
#4504 = DIRECTION ( 'NONE',  ( -0.000000000000000000, 0.000000000000000000, 1.000000000000000000 ) ) ;
#4505 = ORIENTED_EDGE ( 'NONE', *, *, #2377, .T. ) ;
#4506 = LINE ( 'NONE', #7140, #1579 ) ;
#4507 = ORIENTED_EDGE ( 'NONE', *, *, #4841, .T. ) ;
#4508 = DIRECTION ( 'NONE',  ( -0.3420201433256694901, -0.9396926207859082059, 0.000000000000000000 ) ) ;
#4509 = LINE ( 'NONE', #7106, #4017 ) ;
#4510 = ADVANCED_FACE ( 'NONE', ( #4815 ), #2866, .T. ) ;
#4511 = LINE ( 'NONE', #4640, #6913 ) ;
#4512 = CARTESIAN_POINT ( 'NONE',  ( -38.26849702516363294, 4.500000000000000000, 26.27295014095031433 ) ) ;
#4513 = LINE ( 'NONE', #8231, #2961 ) ;
#4514 = DIRECTION ( 'NONE',  ( -1.000000000000000000, 0.000000000000000000, 0.000000000000000000 ) ) ;
#4515 = DIRECTION ( 'NONE',  ( -4.625929269271465206E-16, 0.000000000000000000, -1.000000000000000000 ) ) ;
#4516 = CARTESIAN_POINT ( 'NONE',  ( -21.84731624060601263, 0.000000000000000000, -2.730869074492088711 ) ) ;
#4517 = ORIENTED_EDGE ( 'NONE', *, *, #6482, .F. ) ;
#4518 = EDGE_LOOP ( 'NONE', ( #8273, #3832, #213, #5378 ) ) ;
#4519 = ADVANCED_FACE ( 'NONE', ( #4740 ), #4060, .T. ) ;
#4520 = ADVANCED_FACE ( 'NONE', ( #6821 ), #3410, .T. ) ;
#4521 = LINE ( 'NONE', #3255, #6115 ) ;
#4522 = EDGE_CURVE ( 'NONE', #3890, #2427, #4912, .T. ) ;
#4523 = FACE_OUTER_BOUND ( 'NONE', #1363, .T. ) ;
#4524 = LINE ( 'NONE', #1310, #3102 ) ;
#4525 = DIRECTION ( 'NONE',  ( 1.000000000000000000, -0.000000000000000000, 0.000000000000000000 ) ) ;
#4526 = CARTESIAN_POINT ( 'NONE',  ( -19.06139024397708681, 4.500000000000000000, 61.90820492887896620 ) ) ;
#4527 = VERTEX_POINT ( 'NONE', #829 ) ;
#4528 = EDGE_LOOP ( 'NONE', ( #3083, #5890, #7203, #1429 ) ) ;
#4529 = EDGE_CURVE ( 'NONE', #8000, #4933, #8426, .T. ) ;
#4530 = LINE ( 'NONE', #3097, #4180 ) ;
#4531 = DIRECTION ( 'NONE',  ( 1.000000000000000000, -0.000000000000000000, 0.000000000000000000 ) ) ;
#4532 = PLANE ( 'NONE',  #2244 ) ;
#4533 = DIRECTION ( 'NONE',  ( 1.000000000000000000, -0.000000000000000000, 4.625929269271482956E-16 ) ) ;
#4534 = EDGE_CURVE ( 'NONE', #3537, #6651, #2135, .T. ) ;
#4535 = AXIS2_PLACEMENT_3D ( 'NONE', #5965, #636, #1974 ) ;
#4536 = CARTESIAN_POINT ( 'NONE',  ( -42.59731624060599131, 4.500000000000000000, 104.6941309255078920 ) ) ;
#4537 = FACE_OUTER_BOUND ( 'NONE', #4307, .T. ) ;
#4538 = DIRECTION ( 'NONE',  ( -0.3236155771181852825, 0.8891264907159880382, 0.3236155771181852825 ) ) ;
#4539 = ORIENTED_EDGE ( 'NONE', *, *, #909, .F. ) ;
#4540 = DIRECTION ( 'NONE',  ( 6.938893903907229364E-16, -0.000000000000000000, -1.000000000000000000 ) ) ;
#4541 = EDGE_LOOP ( 'NONE', ( #6919, #5087, #7770, #7708 ) ) ;
#4542 = CIRCLE ( 'NONE', #298, 2.399999999999999467 ) ;
#4543 = ORIENTED_EDGE ( 'NONE', *, *, #3485, .T. ) ;
#4544 = EDGE_CURVE ( 'NONE', #3851, #4288, #1524, .T. ) ;
#4545 = ORIENTED_EDGE ( 'NONE', *, *, #5099, .F. ) ;
#4546 = DIRECTION ( 'NONE',  ( -4.606734542013097089E-16, 0.000000000000000000, -1.000000000000000000 ) ) ;
#4547 = CYLINDRICAL_SURFACE ( 'NONE', #2534, 0.5000000000000000000 ) ;
#4548 = DIRECTION ( 'NONE',  ( 0.000000000000000000, -0.000000000000000000, -1.000000000000000000 ) ) ;
#4549 = ORIENTED_EDGE ( 'NONE', *, *, #647, .F. ) ;
#4550 = DIRECTION ( 'NONE',  ( -1.000000000000000000, 0.000000000000000000, 0.000000000000000000 ) ) ;
#4551 = LINE ( 'NONE', #2562, #7733 ) ;
#4552 = CARTESIAN_POINT ( 'NONE',  ( -21.20945018640810531, 0.000000000000000000, 64.05626487130999180 ) ) ;
#4553 = LINE ( 'NONE', #10, #7720 ) ;
#4554 = VECTOR ( 'NONE', #2780, 1000.000000000000000 ) ;
#4555 = DIRECTION ( 'NONE',  ( 1.000000000000000000, -0.000000000000000000, -4.625929269271485914E-16 ) ) ;
#4556 = CARTESIAN_POINT ( 'NONE',  ( -2.863829771885583808E-14, 4.000000000000000000, 61.90820492887897331 ) ) ;
#4557 = CARTESIAN_POINT ( 'NONE',  ( 18.15268375939398737, 4.500000000000000000, -41.80586907449207246 ) ) ;
#4558 = DIRECTION ( 'NONE',  ( -1.156482317317871478E-16, 0.000000000000000000, 1.000000000000000000 ) ) ;
#4559 = ORIENTED_EDGE ( 'NONE', *, *, #7940, .F. ) ;
#4560 = ORIENTED_EDGE ( 'NONE', *, *, #853, .T. ) ;
#4561 = AXIS2_PLACEMENT_3D ( 'NONE', #6545, #3429, #5977 ) ;
#4562 = FACE_OUTER_BOUND ( 'NONE', #1056, .T. ) ;
#4563 = AXIS2_PLACEMENT_3D ( 'NONE', #5162, #7138, #2675 ) ;
#4564 = DIRECTION ( 'NONE',  ( 1.000000000000000000, 0.000000000000000000, 0.000000000000000000 ) ) ;
#4565 = EDGE_CURVE ( 'NONE', #1092, #2538, #3425, .T. ) ;
#4566 = CARTESIAN_POINT ( 'NONE',  ( -19.98518229480394126, 4.336808689942017736E-16, 44.55626487130999891 ) ) ;
#4567 = DIRECTION ( 'NONE',  ( 0.000000000000000000, 0.000000000000000000, 1.000000000000000000 ) ) ;
#4568 = ADVANCED_FACE ( 'NONE', ( #6863 ), #8141, .T. ) ;
#4569 = ADVANCED_FACE ( 'NONE', ( #6210 ), #2953, .T. ) ;
#4570 = AXIS2_PLACEMENT_3D ( 'NONE', #7275, #2643, #697 ) ;
#4571 = VERTEX_POINT ( 'NONE', #1668 ) ;
#4572 = ADVANCED_FACE ( 'NONE', ( #2351 ), #8389, .T. ) ;
#4573 = AXIS2_PLACEMENT_3D ( 'NONE', #2897, #2991, #7411 ) ;
#4574 = ORIENTED_EDGE ( 'NONE', *, *, #5169, .T. ) ;
#4575 = LINE ( 'NONE', #7205, #1165 ) ;
#4576 =( BOUNDED_CURVE ( )  B_SPLINE_CURVE ( 3, ( #7252, #1357, #5877, #80 ),
 .UNSPECIFIED., .F., .F. ) 
 B_SPLINE_CURVE_WITH_KNOTS ( ( 4, 4 ),
 ( 5.934119456780716284, 6.283185307179586232 ),
 .UNSPECIFIED. ) 
 CURVE ( )  GEOMETRIC_REPRESENTATION_ITEM ( )  RATIONAL_B_SPLINE_CURVE ( ( 1.000000000000000000, 0.9898718353414717175, 0.9898718353414717175, 1.000000000000000000 ) ) 
 REPRESENTATION_ITEM ( '' )  );
#4577 = CARTESIAN_POINT ( 'NONE',  ( -1.097316240606029059, 4.500000000000000000, -1.502172772687430288E-17 ) ) ;
#4578 = VECTOR ( 'NONE', #8012, 1000.000000000000000 ) ;
#4579 = CARTESIAN_POINT ( 'NONE',  ( 48.90268375939397316, 0.000000000000000000, -35.80586907449208667 ) ) ;
#4580 = DIRECTION ( 'NONE',  ( 1.000000000000000000, -0.000000000000000000, 4.625929269271484928E-16 ) ) ;
#4581 = ADVANCED_FACE ( 'NONE', ( #3676 ), #1748, .T. ) ;
#4582 = ORIENTED_EDGE ( 'NONE', *, *, #217, .F. ) ;
#4583 = CARTESIAN_POINT ( 'NONE',  ( -22.13324223723496331, 4.500000000000000000, 25.98005692213686046 ) ) ;
#4584 = VERTEX_POINT ( 'NONE', #2513 ) ;
#4585 = EDGE_CURVE ( 'NONE', #4527, #7726, #8310, .T. ) ;
#4586 = VECTOR ( 'NONE', #519, 1000.000000000000000 ) ;
#4587 = ORIENTED_EDGE ( 'NONE', *, *, #4966, .T. ) ;
#4588 = ORIENTED_EDGE ( 'NONE', *, *, #2598, .T. ) ;
#4589 = DIRECTION ( 'NONE',  ( 0.000000000000000000, 0.000000000000000000, 1.000000000000000000 ) ) ;
#4590 = CARTESIAN_POINT ( 'NONE',  ( 51.90268375939396606, 4.500000000000000000, -51.80586907449210088 ) ) ;
#4591 = AXIS2_PLACEMENT_3D ( 'NONE', #674, #3303, #637 ) ;
#4592 = VECTOR ( 'NONE', #5089, 1000.000000000000000 ) ;
#4593 = ADVANCED_FACE ( 'NONE', ( #6260, #3076, #5042, #3032, #7065, #7593, #4270, #1133, #7676, #8228, #5682, #6904, #6376, #1013, #4393, #3751, #6335, #366, #5643, #4435, #4313, #487, #437, #2996, #1706, #6421, #8269, #4356, #6950 ), #7554, .F. ) ;
#4594 = PLANE ( 'NONE',  #3079 ) ;
#4595 = VECTOR ( 'NONE', #6865, 1000.000000000000000 ) ;
#4596 = ORIENTED_EDGE ( 'NONE', *, *, #7657, .F. ) ;
#4597 = DIRECTION ( 'NONE',  ( -9.251858538542930412E-16, 0.000000000000000000, -1.000000000000000000 ) ) ;
#4598 = ORIENTED_EDGE ( 'NONE', *, *, #7052, .F. ) ;
#4599 = CARTESIAN_POINT ( 'NONE',  ( -38.06139024397706550, 4.292893218813452094, 61.40820492887896620 ) ) ;
#4600 = VECTOR ( 'NONE', #3879, 1000.000000000000000 ) ;
#4601 = CARTESIAN_POINT ( 'NONE',  ( -18.59154393358412349, 3.828989928337164450, 80.93835861848602065 ) ) ;
#4602 = CARTESIAN_POINT ( 'NONE',  ( -3.133242237234960648, 4.000000000000000000, -3.623539243235720815E-16 ) ) ;
#4603 = DIRECTION ( 'NONE',  ( -1.000000000000000000, 0.000000000000000000, -2.312964634635747887E-16 ) ) ;
#4604 = VECTOR ( 'NONE', #5714, 1000.000000000000000 ) ;
#4605 = DIRECTION ( 'NONE',  ( -1.000000000000000000, 0.000000000000000000, 0.000000000000000000 ) ) ;
#4606 = CARTESIAN_POINT ( 'NONE',  ( -51.09731624060602684, 0.000000000000000000, -7.630869074492091286 ) ) ;
#4607 = ORIENTED_EDGE ( 'NONE', *, *, #962, .F. ) ;
#4608 = ORIENTED_EDGE ( 'NONE', *, *, #925, .T. ) ;
#4609 = DIRECTION ( 'NONE',  ( -1.000000000000000000, 0.000000000000000000, 5.782411586589358625E-17 ) ) ;
#4610 = CARTESIAN_POINT ( 'NONE',  ( 1.152683759393978935, 4.500000000000000000, 61.19413092550791333 ) ) ;
#4611 = DIRECTION ( 'NONE',  ( -1.000000000000000000, 0.000000000000000000, -0.000000000000000000 ) ) ;
#4612 = LINE ( 'NONE', #1349, #3501 ) ;
#4613 = CARTESIAN_POINT ( 'NONE',  ( -19.98518229480393416, 0.000000000000000000, 85.19413092550790623 ) ) ;
#4614 = CYLINDRICAL_SURFACE ( 'NONE', #3654, 0.5000000000000004441 ) ;
#4615 = EDGE_LOOP ( 'NONE', ( #5344, #4688, #4389, #1280 ) ) ;
#4616 = ORIENTED_EDGE ( 'NONE', *, *, #7431, .F. ) ;
#4617 = CYLINDRICAL_SURFACE ( 'NONE', #8186, 0.5000000000000004441 ) ;
#4618 = EDGE_CURVE ( 'NONE', #2262, #2522, #2467, .T. ) ;
#4619 = ADVANCED_FACE ( 'NONE', ( #2389 ), #5079, .F. ) ;
#4620 = DIRECTION ( 'NONE',  ( -0.3236155771181852270, 0.8891264907159880382, -0.3236155771181852825 ) ) ;
#4621 = CARTESIAN_POINT ( 'NONE',  ( -18.57154431595908406, 3.883938426159694757, 84.96990285015485256 ) ) ;
#4622 = DIRECTION ( 'NONE',  ( 0.000000000000000000, 0.3420201433256694901, -0.9396926207859082059 ) ) ;
#4623 = VERTEX_POINT ( 'NONE', #5722 ) ;
#4624 = CARTESIAN_POINT ( 'NONE',  ( 0.000000000000000000, 4.500000000000000000, 25.98005692213686046 ) ) ;
#4625 = ORIENTED_EDGE ( 'NONE', *, *, #6737, .T. ) ;
#4626 =( BOUNDED_CURVE ( )  B_SPLINE_CURVE ( 3, ( #2124, #4767, #6068, #820 ),
 .UNSPECIFIED., .F., .F. ) 
 B_SPLINE_CURVE_WITH_KNOTS ( ( 4, 4 ),
 ( 3.141592653589793116, 3.490658503988668837 ),
 .UNSPECIFIED. ) 
 CURVE ( )  GEOMETRIC_REPRESENTATION_ITEM ( )  RATIONAL_B_SPLINE_CURVE ( ( 1.000000000000000000, 0.9898718353414714954, 0.9898718353414714954, 1.000000000000000000 ) ) 
 REPRESENTATION_ITEM ( '' )  );
#4627 = EDGE_LOOP ( 'NONE', ( #7931, #3515, #6340, #4249 ) ) ;
#4628 = ORIENTED_EDGE ( 'NONE', *, *, #8320, .F. ) ;
#4629 = CARTESIAN_POINT ( 'NONE',  ( 34.08177813309094262, 8.816027736361819578, 79.12322529920486147 ) ) ;
#4630 = CARTESIAN_POINT ( 'NONE',  ( -22.62308816525295541, 3.883938426159695645, 61.41835900086096700 ) ) ;
#4631 = LINE ( 'NONE', #7263, #1314 ) ;
#4632 = EDGE_CURVE ( 'NONE', #1891, #4162, #790, .T. ) ;
#4633 = ADVANCED_FACE ( 'NONE', ( #1095 ), #5763, .F. ) ;
#4634 = EDGE_CURVE ( 'NONE', #1092, #5546, #3285, .T. ) ;
#4635 = PLANE ( 'NONE',  #1564 ) ;
#4636 = DIRECTION ( 'NONE',  ( -1.000000000000000000, -3.869277488079190422E-33, -5.782411586589358625E-17 ) ) ;
#4637 = VERTEX_POINT ( 'NONE', #5126 ) ;
#4638 = DIRECTION ( 'NONE',  ( 1.000000000000000000, 0.000000000000000000, 4.625929269271495775E-16 ) ) ;
#4639 = ADVANCED_FACE ( 'NONE', ( #7145 ), #3836, .F. ) ;
#4640 = CARTESIAN_POINT ( 'NONE',  ( 14.58177813309093729, 8.816027736361817801, 67.26503655181096519 ) ) ;
#4641 = DIRECTION ( 'NONE',  ( 0.000000000000000000, 0.9396926207859082059, 0.3420201433256694901 ) ) ;
#4642 = CARTESIAN_POINT ( 'NONE',  ( 19.93860975602291674, 4.500000000000000000, 42.40820492887897331 ) ) ;
#4643 = CARTESIAN_POINT ( 'NONE',  ( 1.961773564377645065E-14, 4.000000000000000000, 42.40820492887897331 ) ) ;
#4644 = CARTESIAN_POINT ( 'NONE',  ( 0.9386097560229210712, 3.941525029986321815, 100.4082049288789733 ) ) ;
#4645 = VERTEX_POINT ( 'NONE', #4552 ) ;
#4646 = ORIENTED_EDGE ( 'NONE', *, *, #7996, .F. ) ;
#4647 = DIRECTION ( 'NONE',  ( 0.000000000000000000, 0.9396926207859082059, 0.3420201433256694901 ) ) ;
#4648 = CARTESIAN_POINT ( 'NONE',  ( 1.961773564377645065E-14, 4.000000000000000000, 42.40820492887897331 ) ) ;
#4649 = DIRECTION ( 'NONE',  ( 0.000000000000000000, 0.000000000000000000, -1.000000000000000000 ) ) ;
#4650 = CYLINDRICAL_SURFACE ( 'NONE', #156, 3.499999999999999556 ) ;
#4651 = DIRECTION ( 'NONE',  ( -1.156482317317871478E-16, 0.000000000000000000, 1.000000000000000000 ) ) ;
#4652 = EDGE_LOOP ( 'NONE', ( #8248, #2337, #6352, #6552 ) ) ;
#4653 = ORIENTED_EDGE ( 'NONE', *, *, #3885, .T. ) ;
#4654 = LINE ( 'NONE', #6609, #5379 ) ;
#4655 = DIRECTION ( 'NONE',  ( 6.938893903907229364E-16, -0.000000000000000000, -1.000000000000000000 ) ) ;
#4656 = LINE ( 'NONE', #5229, #7438 ) ;
#4657 = PLANE ( 'NONE',  #1995 ) ;
#4658 = ORIENTED_EDGE ( 'NONE', *, *, #5586, .T. ) ;
#4659 = DIRECTION ( 'NONE',  ( 2.312964634635742957E-16, -0.000000000000000000, -1.000000000000000000 ) ) ;
#4660 = EDGE_CURVE ( 'NONE', #2980, #3427, #2041, .T. ) ;
#4661 = VERTEX_POINT ( 'NONE', #5810 ) ;
#4662 = EDGE_LOOP ( 'NONE', ( #2005, #1315, #3354, #2436 ) ) ;
#4663 = ORIENTED_EDGE ( 'NONE', *, *, #3380, .T. ) ;
#4664 = FACE_OUTER_BOUND ( 'NONE', #8016, .T. ) ;
#4665 = PLANE ( 'NONE',  #2662 ) ;
#4666 = CARTESIAN_POINT ( 'NONE',  ( 55.40268375939397316, 4.500000000000000000, -48.30586907449210088 ) ) ;
#4667 = VECTOR ( 'NONE', #227, 1000.000000000000114 ) ;
#4668 =( BOUNDED_CURVE ( )  B_SPLINE_CURVE ( 3, ( #4184, #3587, #7417, #6819 ),
 .UNSPECIFIED., .F., .F. ) 
 B_SPLINE_CURVE_WITH_KNOTS ( ( 4, 4 ),
 ( 5.934119456780725166, 6.283185307179586232 ),
 .UNSPECIFIED. ) 
 CURVE ( )  GEOMETRIC_REPRESENTATION_ITEM ( )  RATIONAL_B_SPLINE_CURVE ( ( 1.000000000000000000, 0.9898718353414723836, 0.9898718353414723836, 1.000000000000000000 ) ) 
 REPRESENTATION_ITEM ( '' )  );
#4669 = EDGE_CURVE ( 'NONE', #2522, #7812, #5897, .T. ) ;
#4670 = PLANE ( 'NONE',  #1277 ) ;
#4671 = EDGE_CURVE ( 'NONE', #2462, #7778, #8, .T. ) ;
#4672 = EDGE_CURVE ( 'NONE', #3470, #5990, #5293, .T. ) ;
#4673 = ORIENTED_EDGE ( 'NONE', *, *, #3594, .F. ) ;
#4674 = LINE ( 'NONE', #5165, #8026 ) ;
#4675 = ORIENTED_EDGE ( 'NONE', *, *, #22, .F. ) ;
#4676 = CARTESIAN_POINT ( 'NONE',  ( -49.59731624060601263, 4.500000000000000000, 29.13887441235550568 ) ) ;
#4677 = EDGE_CURVE ( 'NONE', #3, #5577, #3999, .T. ) ;
#4678 = DIRECTION ( 'NONE',  ( -1.000000000000000000, 0.000000000000000000, 5.782411586589358625E-17 ) ) ;
#4679 = DIRECTION ( 'NONE',  ( 0.000000000000000000, 0.9396926207859082059, 0.3420201433256694901 ) ) ;
#4680 = EDGE_CURVE ( 'NONE', #3816, #5709, #1252, .T. ) ;
#4681 = VERTEX_POINT ( 'NONE', #3873 ) ;
#4682 = CARTESIAN_POINT ( 'NONE',  ( -1.097316240606029059, 0.000000000000000000, 3.194130925507918217 ) ) ;
#4683 = CARTESIAN_POINT ( 'NONE',  ( 0.000000000000000000, 4.000000000000000000, 100.4082049288789733 ) ) ;
#4684 = VECTOR ( 'NONE', #1931, 1000.000000000000114 ) ;
#4685 = LINE ( 'NONE', #7372, #4303 ) ;
#4686 = EDGE_LOOP ( 'NONE', ( #3442, #1048, #3433, #1715 ) ) ;
#4687 = EDGE_CURVE ( 'NONE', #7588, #896, #7822, .T. ) ;
#4688 = ORIENTED_EDGE ( 'NONE', *, *, #1879, .T. ) ;
#4689 = CARTESIAN_POINT ( 'NONE',  ( 48.90268375939397316, 0.000000000000000000, -5.130869074492089510 ) ) ;
#4690 = CARTESIAN_POINT ( 'NONE',  ( 54.92729759584297256, 4.500000000000000000, 9.260554988997700576 ) ) ;
#4691 = VECTOR ( 'NONE', #1631, 1000.000000000000000 ) ;
#4692 = LINE ( 'NONE', #5219, #1729 ) ;
#4693 = CARTESIAN_POINT ( 'NONE',  ( -18.34731624060601973, 4.500000000000000000, 85.19413092550790623 ) ) ;
#4694 = CARTESIAN_POINT ( 'NONE',  ( 16.36675776276503669, 4.000000000000000000, 6.980056922136860464 ) ) ;
#4695 = EDGE_CURVE ( 'NONE', #8037, #2606, #1080, .T. ) ;
#4696 = DIRECTION ( 'NONE',  ( -0.000000000000000000, -0.000000000000000000, 1.000000000000000000 ) ) ;
#4697 = ORIENTED_EDGE ( 'NONE', *, *, #7792, .T. ) ;
#4698 = LINE ( 'NONE', #7249, #490 ) ;
#4699 = AXIS2_PLACEMENT_3D ( 'NONE', #7575, #4293, #6929 ) ;
#4700 = FACE_OUTER_BOUND ( 'NONE', #5274, .T. ) ;
#4701 = FACE_OUTER_BOUND ( 'NONE', #6027, .T. ) ;
#4702 = AXIS2_PLACEMENT_3D ( 'NONE', #1859, #4503, #4546 ) ;
#4703 = CARTESIAN_POINT ( 'NONE',  ( 35.89691145237208758, 3.828989928337161786, 41.93835861848601354 ) ) ;
#4704 = ORIENTED_EDGE ( 'NONE', *, *, #3132, .F. ) ;
#4705 = VECTOR ( 'NONE', #2171, 1000.000000000000000 ) ;
#4706 = ORIENTED_EDGE ( 'NONE', *, *, #2178, .F. ) ;
#4707 = ORIENTED_EDGE ( 'NONE', *, *, #3279, .T. ) ;
#4708 = ORIENTED_EDGE ( 'NONE', *, *, #1332, .T. ) ;
#4709 = DIRECTION ( 'NONE',  ( 1.000000000000000000, 0.000000000000000000, -1.228122814850837064E-16 ) ) ;
#4710 = LINE ( 'NONE', #3986, #6359 ) ;
#4711 = VECTOR ( 'NONE', #1956, 1000.000000000000114 ) ;
#4712 = VECTOR ( 'NONE', #3056, 1000.000000000000000 ) ;
#4713 = CYLINDRICAL_SURFACE ( 'NONE', #183, 0.5000000000000004441 ) ;
#4714 = AXIS2_PLACEMENT_3D ( 'NONE', #1009, #4224, #4772 ) ;
#4715 = APPLICATION_CONTEXT ( 'automotive_design' ) ;
#4716 = ORIENTED_EDGE ( 'NONE', *, *, #1020, .F. ) ;
#4717 = DIRECTION ( 'NONE',  ( 0.3236155771181850049, 0.8891264907159880382, 0.3236155771181853380 ) ) ;
#4718 = VECTOR ( 'NONE', #4122, 1000.000000000000114 ) ;
#4719 = ORIENTED_EDGE ( 'NONE', *, *, #7792, .F. ) ;
#4720 = DIRECTION ( 'NONE',  ( -0.3420201433256694901, 0.9396926207859082059, 0.000000000000000000 ) ) ;
#4721 = VECTOR ( 'NONE', #6131, 1000.000000000000000 ) ;
#4722 = VECTOR ( 'NONE', #3348, 1000.000000000000000 ) ;
#4723 = DIRECTION ( 'NONE',  ( -1.000000000000000000, 0.000000000000000000, -0.000000000000000000 ) ) ;
#4724 = ADVANCED_FACE ( 'NONE', ( #6593 ), #3246, .T. ) ;
#4725 = EDGE_CURVE ( 'NONE', #4251, #6242, #6018, .T. ) ;
#4726 =( BOUNDED_CURVE ( )  B_SPLINE_CURVE ( 3, ( #1022, #1945, #3198, #3834 ),
 .UNSPECIFIED., .F., .F. ) 
 B_SPLINE_CURVE_WITH_KNOTS ( ( 4, 4 ),
 ( 1.570796326794896780, 3.141592653589793116 ),
 .UNSPECIFIED. ) 
 CURVE ( )  GEOMETRIC_REPRESENTATION_ITEM ( )  RATIONAL_B_SPLINE_CURVE ( ( 1.000000000000000000, 0.8047378541243650485, 0.8047378541243650485, 1.000000000000000000 ) ) 
 REPRESENTATION_ITEM ( '' )  );
#4727 = VECTOR ( 'NONE', #3685, 1000.000000000000000 ) ;
#4728 = FACE_OUTER_BOUND ( 'NONE', #140, .T. ) ;
#4729 = CARTESIAN_POINT ( 'NONE',  ( 35.86675776276504735, 4.000000000000000000, 0.000000000000000000 ) ) ;
#4730 = EDGE_LOOP ( 'NONE', ( #3389, #775, #456, #7601 ) ) ;
#4731 = DIRECTION ( 'NONE',  ( 0.000000000000000000, -0.9396926207859082059, 0.3420201433256694901 ) ) ;
#4732 = AXIS2_PLACEMENT_3D ( 'NONE', #3339, #4071, #2098 ) ;
#4733 = VERTEX_POINT ( 'NONE', #3201 ) ;
#4734 = DIRECTION ( 'NONE',  ( -1.000000000000000000, 0.000000000000000000, -0.000000000000000000 ) ) ;
#4735 = VERTEX_POINT ( 'NONE', #5858 ) ;
#4736 = VECTOR ( 'NONE', #148, 1000.000000000000000 ) ;
#4737 = ORIENTED_EDGE ( 'NONE', *, *, #3291, .T. ) ;
#4738 = EDGE_CURVE ( 'NONE', #8162, #7736, #2599, .T. ) ;
#4739 = CARTESIAN_POINT ( 'NONE',  ( 16.36675776276503669, 4.292893218813452094, 6.980056922136860464 ) ) ;
#4740 = FACE_OUTER_BOUND ( 'NONE', #1128, .T. ) ;
#4741 = ADVANCED_FACE ( 'NONE', ( #3361 ), #7830, .F. ) ;
#4742 = CARTESIAN_POINT ( 'NONE',  ( -3.123088165252959403, 3.883938426159695645, 65.46990285015485256 ) ) ;
#4743 = CARTESIAN_POINT ( 'NONE',  ( 0.9084560664158753962, 3.828989928337165338, 61.19413092550791333 ) ) ;
#4744 = LINE ( 'NONE', #7462, #2962 ) ;
#4745 = VERTEX_POINT ( 'NONE', #5936 ) ;
#4746 = ORIENTED_EDGE ( 'NONE', *, *, #3021, .F. ) ;
#4747 = FACE_BOUND ( 'NONE', #5770, .T. ) ;
#4748 = EDGE_CURVE ( 'NONE', #4016, #1106, #4360, .T. ) ;
#4749 = LINE ( 'NONE', #5308, #2789 ) ;
#4750 = CARTESIAN_POINT ( 'NONE',  ( -18.34731624060601973, 0.000000000000000000, 83.55626487131000601 ) ) ;
#4751 = CARTESIAN_POINT ( 'NONE',  ( 40.40268375939400158, 0.000000000000000000, 104.6941309255078920 ) ) ;
#4752 = CARTESIAN_POINT ( 'NONE',  ( -38.09154393358411994, 3.828989928337163562, 100.1941309255079062 ) ) ;
#4753 = ORIENTED_EDGE ( 'NONE', *, *, #502, .F. ) ;
#4754 = ORIENTED_EDGE ( 'NONE', *, *, #5051, .T. ) ;
#4755 = VERTEX_POINT ( 'NONE', #6067 ) ;
#4756 = ORIENTED_EDGE ( 'NONE', *, *, #660, .F. ) ;
#4757 = FACE_OUTER_BOUND ( 'NONE', #4812, .T. ) ;
#4758 = LINE ( 'NONE', #1463, #6640 ) ;
#4759 = VERTEX_POINT ( 'NONE', #1471 ) ;
#4760 = CARTESIAN_POINT ( 'NONE',  ( -31.84731624060601618, -7.500000000000000000, -2.730869074492095372 ) ) ;
#4761 = VERTEX_POINT ( 'NONE', #7407 ) ;
#4762 = LINE ( 'NONE', #7403, #4718 ) ;
#4763 = VERTEX_POINT ( 'NONE', #6718 ) ;
#4764 = DIRECTION ( 'NONE',  ( -4.625929269271485914E-16, 0.000000000000000000, 1.000000000000000000 ) ) ;
#4765 = VERTEX_POINT ( 'NONE', #780 ) ;
#4766 = CARTESIAN_POINT ( 'NONE',  ( 0.7315029748363734985, 4.500000000000000000, 61.61531171006551233 ) ) ;
#4767 = CARTESIAN_POINT ( 'NONE',  ( -38.06139024397707260, 3.941525029986320483, 41.90820492887898041 ) ) ;
#4768 = ORIENTED_EDGE ( 'NONE', *, *, #4226, .T. ) ;
#4769 = DIRECTION ( 'NONE',  ( -0.000000000000000000, 1.000000000000000000, -0.000000000000000000 ) ) ;
#4770 = ADVANCED_FACE ( 'NONE', ( #138 ), #5416, .T. ) ;
#4771 = EDGE_LOOP ( 'NONE', ( #3328, #6757, #8460, #2094 ) ) ;
#4772 = DIRECTION ( 'NONE',  ( 0.000000000000000000, 0.000000000000000000, 1.000000000000000000 ) ) ;
#4773 = ORIENTED_EDGE ( 'NONE', *, *, #6753, .T. ) ;
#4774 = VERTEX_POINT ( 'NONE', #4806 ) ;
#4775 = CARTESIAN_POINT ( 'NONE',  ( 16.86675776276503669, 4.500000000000000000, 81.40820492887897331 ) ) ;
#4776 = DIRECTION ( 'NONE',  ( 1.000000000000000000, -0.000000000000000000, -0.000000000000000000 ) ) ;
#4777 = CARTESIAN_POINT ( 'NONE',  ( -3.747035622832277327E-16, 4.000000000000000000, 6.480056922136861353 ) ) ;
#4778 = CYLINDRICAL_SURFACE ( 'NONE', #6892, 0.5000000000000004441 ) ;
#4779 = CARTESIAN_POINT ( 'NONE',  ( -4.001785595760413393E-16, 5.000000000000000000, 3.194130925507918217 ) ) ;
#4780 = EDGE_CURVE ( 'NONE', #4571, #3905, #3402, .T. ) ;
#4781 = DIRECTION ( 'NONE',  ( -1.000000000000000000, -0.000000000000000000, -5.782411586589359857E-17 ) ) ;
#4782 = ORIENTED_EDGE ( 'NONE', *, *, #1654, .F. ) ;
#4783 = VERTEX_POINT ( 'NONE', #2765 ) ;
#4784 = ADVANCED_FACE ( 'NONE', ( #4728 ), #5497, .F. ) ;
#4785 = FACE_BOUND ( 'NONE', #2029, .T. ) ;
#4786 = CARTESIAN_POINT ( 'NONE',  ( -0.4851822948039354877, 0.000000000000000000, 82.33199697970582065 ) ) ;
#4787 = DIRECTION ( 'NONE',  ( 1.000000000000000000, -0.000000000000000000, -0.000000000000000000 ) ) ;
#4788 = DIRECTION ( 'NONE',  ( 2.312964634635740985E-16, -0.000000000000000000, -1.000000000000000000 ) ) ;
#4789 = LINE ( 'NONE', #4330, #4183 ) ;
#4790 = ORIENTED_EDGE ( 'NONE', *, *, #2073, .F. ) ;
#4791 = EDGE_CURVE ( 'NONE', #2084, #6163, #4127, .T. ) ;
#4792 = ORIENTED_EDGE ( 'NONE', *, *, #4943, .F. ) ;
#4793 = ORIENTED_EDGE ( 'NONE', *, *, #5463, .T. ) ;
#4794 = DIRECTION ( 'NONE',  ( -4.625929269271465206E-16, 0.000000000000000000, -1.000000000000000000 ) ) ;
#4795 = EDGE_CURVE ( 'NONE', #8106, #2749, #1688, .T. ) ;
#4796 =( BOUNDED_CURVE ( )  B_SPLINE_CURVE ( 3, ( #7538, #2847, #6801, #8174 ),
 .UNSPECIFIED., .F., .F. ) 
 B_SPLINE_CURVE_WITH_KNOTS ( ( 4, 4 ),
 ( 3.141592653589793116, 3.490658503988653738 ),
 .UNSPECIFIED. ) 
 CURVE ( )  GEOMETRIC_REPRESENTATION_ITEM ( )  RATIONAL_B_SPLINE_CURVE ( ( 1.000000000000000000, 0.9898718353414723836, 0.9898718353414723836, 1.000000000000000000 ) ) 
 REPRESENTATION_ITEM ( '' )  );
#4797 = ORIENTED_EDGE ( 'NONE', *, *, #6066, .F. ) ;
#4798 = LINE ( 'NONE', #7357, #7872 ) ;
#4799 = ORIENTED_EDGE ( 'NONE', *, *, #852, .T. ) ;
#4800 = DIRECTION ( 'NONE',  ( -1.000000000000000000, 0.000000000000000000, -0.000000000000000000 ) ) ;
#4801 = ORIENTED_EDGE ( 'NONE', *, *, #7, .F. ) ;
#4802 = FACE_OUTER_BOUND ( 'NONE', #1783, .T. ) ;
#4803 = DIRECTION ( 'NONE',  ( 0.000000000000000000, 0.000000000000000000, 1.000000000000000000 ) ) ;
#4804 = ORIENTED_EDGE ( 'NONE', *, *, #502, .T. ) ;
#4805 = VECTOR ( 'NONE', #553, 1000.000000000000000 ) ;
#4806 = CARTESIAN_POINT ( 'NONE',  ( -18.56139024397707260, 4.000000000000000000, 65.48005692213686757 ) ) ;
#4807 = DIRECTION ( 'NONE',  ( -0.000000000000000000, 1.000000000000000000, -0.000000000000000000 ) ) ;
#4808 = VERTEX_POINT ( 'NONE', #2123 ) ;
#4809 = FACE_OUTER_BOUND ( 'NONE', #4465, .T. ) ;
#4810 = ORIENTED_EDGE ( 'NONE', *, *, #962, .T. ) ;
#4811 = CARTESIAN_POINT ( 'NONE',  ( -51.09731624060602684, 4.500000000000000000, -7.630869074492091286 ) ) ;
#4812 = EDGE_LOOP ( 'NONE', ( #3390, #2474, #7805, #1693 ) ) ;
#4813 = ORIENTED_EDGE ( 'NONE', *, *, #3480, .T. ) ;
#4814 = AXIS2_PLACEMENT_3D ( 'NONE', #3451, #4816, #1669 ) ;
#4815 = FACE_OUTER_BOUND ( 'NONE', #8355, .T. ) ;
#4816 = DIRECTION ( 'NONE',  ( 1.000000000000000000, -0.000000000000000000, 0.000000000000000000 ) ) ;
#4817 = LINE ( 'NONE', #2776, #2827 ) ;
#4818 = AXIS2_PLACEMENT_3D ( 'NONE', #3752, #3077, #5081 ) ;
#4819 = CARTESIAN_POINT ( 'NONE',  ( 19.93860975602303753, 4.500000000000000000, 2.305864961474224380E-14 ) ) ;
#4820 = LINE ( 'NONE', #3552, #7488 ) ;
#4821 = ORIENTED_EDGE ( 'NONE', *, *, #6478, .F. ) ;
#4822 =( BOUNDED_CURVE ( )  B_SPLINE_CURVE ( 3, ( #6783, #7389, #6140, #1402 ),
 .UNSPECIFIED., .F., .F. ) 
 B_SPLINE_CURVE_WITH_KNOTS ( ( 4, 4 ),
 ( 1.570796326794896558, 3.141592653589793116 ),
 .UNSPECIFIED. ) 
 CURVE ( )  GEOMETRIC_REPRESENTATION_ITEM ( )  RATIONAL_B_SPLINE_CURVE ( ( 1.000000000000000000, 0.8047378541243649375, 0.8047378541243649375, 1.000000000000000000 ) ) 
 REPRESENTATION_ITEM ( '' )  );
#4823 = PLANE ( 'NONE',  #7186 ) ;
#4824 = ORIENTED_EDGE ( 'NONE', *, *, #2556, .T. ) ;
#4825 = FACE_BOUND ( 'NONE', #3506, .T. ) ;
#4826 = CARTESIAN_POINT ( 'NONE',  ( 20.65268375939398382, 4.500000000000000000, 7.194130925507916885 ) ) ;
#4827 = ADVANCED_FACE ( 'NONE', ( #7963 ), #2076, .T. ) ;
#4828 = EDGE_CURVE ( 'NONE', #4765, #4745, #5916, .T. ) ;
#4829 = DIRECTION ( 'NONE',  ( -0.000000000000000000, -1.000000000000000000, 0.000000000000000000 ) ) ;
#4830 = DIRECTION ( 'NONE',  ( 0.000000000000000000, -0.9396926207859082059, 0.3420201433256694901 ) ) ;
#4831 = LINE ( 'NONE', #4752, #7355 ) ;
#4832 = EDGE_CURVE ( 'NONE', #2533, #4225, #8088, .T. ) ;
#4833 = VERTEX_POINT ( 'NONE', #4045 ) ;
#4834 = AXIS2_PLACEMENT_3D ( 'NONE', #4826, #7470, #4196 ) ;
#4835 = ORIENTED_EDGE ( 'NONE', *, *, #7165, .F. ) ;
#4836 = ORIENTED_EDGE ( 'NONE', *, *, #5431, .F. ) ;
#4837 = DIRECTION ( 'NONE',  ( 1.000000000000000000, 0.000000000000000000, -1.734723475976807094E-16 ) ) ;
#4838 = CARTESIAN_POINT ( 'NONE',  ( -39.48518229480394126, 0.000000000000000000, 43.33199697970582775 ) ) ;
#4839 = DIRECTION ( 'NONE',  ( -2.312964634635740985E-16, 0.000000000000000000, 1.000000000000000000 ) ) ;
#4840 = AXIS2_PLACEMENT_3D ( 'NONE', #354, #2207, #4803 ) ;
#4841 = EDGE_CURVE ( 'NONE', #422, #1313, #4309, .T. ) ;
#4842 = AXIS2_PLACEMENT_3D ( 'NONE', #8289, #2370, #5707 ) ;
#4843 = ADVANCED_FACE ( 'NONE', ( #6809 ), #917, .T. ) ;
#4844 = ORIENTED_EDGE ( 'NONE', *, *, #4434, .F. ) ;
#4845 = PLANE ( 'NONE',  #7185 ) ;
#4846 = EDGE_LOOP ( 'NONE', ( #2357, #1159, #1066, #6639 ) ) ;
#4847 = DIRECTION ( 'NONE',  ( 1.000000000000000000, 0.000000000000000000, 2.312964634635747887E-16 ) ) ;
#4848 = VECTOR ( 'NONE', #6959, 1000.000000000000000 ) ;
#4849 = ORIENTED_EDGE ( 'NONE', *, *, #3731, .F. ) ;
#4850 = FACE_OUTER_BOUND ( 'NONE', #3002, .T. ) ;
#4851 = AXIS2_PLACEMENT_3D ( 'NONE', #4396, #573, #5813 ) ;
#4852 = LINE ( 'NONE', #3617, #5687 ) ;
#4853 =( BOUNDED_CURVE ( )  B_SPLINE_CURVE ( 3, ( #3420, #3979, #6659, #1322 ),
 .UNSPECIFIED., .F., .F. ) 
 B_SPLINE_CURVE_WITH_KNOTS ( ( 4, 4 ),
 ( 5.934119456780715396, 6.283185307179586232 ),
 .UNSPECIFIED. ) 
 CURVE ( )  GEOMETRIC_REPRESENTATION_ITEM ( )  RATIONAL_B_SPLINE_CURVE ( ( 1.000000000000000000, 0.9898718353414717175, 0.9898718353414717175, 1.000000000000000000 ) ) 
 REPRESENTATION_ITEM ( '' )  );
#4854 = DIRECTION ( 'NONE',  ( 2.312964634635742957E-16, -0.000000000000000000, -1.000000000000000000 ) ) ;
#4855 = ADVANCED_FACE ( 'NONE', ( #2809 ), #864, .F. ) ;
#4856 = CIRCLE ( 'NONE', #4714, 3.500000000000003109 ) ;
#4857 = CARTESIAN_POINT ( 'NONE',  ( -2.633242237234958427, 4.000000000000000000, -3.045298084576779529E-16 ) ) ;
#4858 = CARTESIAN_POINT ( 'NONE',  ( 20.23150297483637772, 4.499999999999999112, 22.61531171006551588 ) ) ;
#4859 = VECTOR ( 'NONE', #6368, 1000.000000000000000 ) ;
#4860 = EDGE_LOOP ( 'NONE', ( #1747, #6900, #2851, #4707 ) ) ;
#4861 = CARTESIAN_POINT ( 'NONE',  ( -37.84731624060601973, 3.828989928337164450, 22.43835861848602065 ) ) ;
#4862 = DIRECTION ( 'NONE',  ( 0.000000000000000000, 0.000000000000000000, 1.000000000000000000 ) ) ;
#4863 = ORIENTED_EDGE ( 'NONE', *, *, #2818, .T. ) ;
#4864 = AXIS2_PLACEMENT_3D ( 'NONE', #2407, #3820, #5704 ) ;
#4865 = VECTOR ( 'NONE', #4781, 1000.000000000000000 ) ;
#4866 = ORIENTED_EDGE ( 'NONE', *, *, #4429, .F. ) ;
#4867 = VECTOR ( 'NONE', #1586, 1000.000000000000000 ) ;
#4868 = EDGE_CURVE ( 'NONE', #4952, #7611, #1426, .T. ) ;
#4869 = CARTESIAN_POINT ( 'NONE',  ( -22.60308854762791242, 3.828989928337166226, 84.94990323252982023 ) ) ;
#4870 = VECTOR ( 'NONE', #6556, 1000.000000000000114 ) ;
#4871 = DIRECTION ( 'NONE',  ( 0.000000000000000000, 0.000000000000000000, -1.000000000000000000 ) ) ;
#4872 = AXIS2_PLACEMENT_3D ( 'NONE', #7543, #4258, #1002 ) ;
#4873 = DIRECTION ( 'NONE',  ( 1.000000000000000000, 0.000000000000000000, 1.252855843761027209E-16 ) ) ;
#4874 = CARTESIAN_POINT ( 'NONE',  ( 16.39691145237208048, 3.828989928337167115, 65.44990323252982023 ) ) ;
#4875 = CYLINDRICAL_SURFACE ( 'NONE', #2137, 0.5000000000000000000 ) ;
#4876 = ORIENTED_EDGE ( 'NONE', *, *, #4212, .T. ) ;
#4877 = VERTEX_POINT ( 'NONE', #3024 ) ;
#4878 = CARTESIAN_POINT ( 'NONE',  ( -21.20945018640810531, 0.000000000000000000, 61.19413092550791333 ) ) ;
#4879 = FACE_BOUND ( 'NONE', #7454, .T. ) ;
#4880 = VECTOR ( 'NONE', #6996, 1000.000000000000000 ) ;
#4881 = DIRECTION ( 'NONE',  ( -1.000000000000000000, 0.000000000000000000, 0.000000000000000000 ) ) ;
#4882 = CARTESIAN_POINT ( 'NONE',  ( -2.633242237234965089, 4.500000000000000000, 42.40820492887897331 ) ) ;
#4883 = CARTESIAN_POINT ( 'NONE',  ( 17.79054981359189469, 8.673617379884035472E-16, 64.05626487130999180 ) ) ;
#4884 = LINE ( 'NONE', #6093, #6802 ) ;
#4885 = CARTESIAN_POINT ( 'NONE',  ( -21.84731624060601263, -7.500000000000000000, -5.130869074492089510 ) ) ;
#4886 = ORIENTED_EDGE ( 'NONE', *, *, #5427, .F. ) ;
#4887 = VECTOR ( 'NONE', #6857, 1000.000000000000000 ) ;
#4888 = VERTEX_POINT ( 'NONE', #5104 ) ;
#4889 = EDGE_CURVE ( 'NONE', #311, #7696, #5781, .T. ) ;
#4890 = EDGE_CURVE ( 'NONE', #5334, #6192, #3897, .T. ) ;
#4891 = CARTESIAN_POINT ( 'NONE',  ( -18.56139024397707260, 4.292893218813452094, 26.48005692213686046 ) ) ;
#4892 = FACE_OUTER_BOUND ( 'NONE', #2455, .T. ) ;
#4893 = VERTEX_POINT ( 'NONE', #3621 ) ;
#4894 = DIRECTION ( 'NONE',  ( 1.000000000000000000, 0.000000000000000000, 2.312964634635747887E-16 ) ) ;
#4895 = EDGE_LOOP ( 'NONE', ( #4628, #6305, #578, #563 ) ) ;
#4896 = DIRECTION ( 'NONE',  ( 1.000000000000000000, 0.000000000000000000, 1.156482317317871725E-16 ) ) ;
#4897 = EDGE_CURVE ( 'NONE', #2952, #3782, #4904, .T. ) ;
#4898 = EDGE_CURVE ( 'NONE', #5157, #5155, #4301, .T. ) ;
#4899 = VERTEX_POINT ( 'NONE', #2945 ) ;
#4900 = CARTESIAN_POINT ( 'NONE',  ( -3.133242237234979299, 4.000000000000000000, 80.90820492887897331 ) ) ;
#4901 = CARTESIAN_POINT ( 'NONE',  ( 16.36675776276503669, 4.000000000000000000, 41.90820492887896620 ) ) ;
#4902 = ADVANCED_FACE ( 'NONE', ( #6251 ), #359, .F. ) ;
#4903 = ORIENTED_EDGE ( 'NONE', *, *, #2139, .T. ) ;
#4904 = LINE ( 'NONE', #7584, #7977 ) ;
#4905 = CARTESIAN_POINT ( 'NONE',  ( -2.633242237234955763, 4.000000000000000000, -3.045298084576778050E-16 ) ) ;
#4906 = ORIENTED_EDGE ( 'NONE', *, *, #5427, .T. ) ;
#4907 = CARTESIAN_POINT ( 'NONE',  ( 0.4386097560229275105, 4.000000000000000000, 4.438388736631687224E-17 ) ) ;
#4908 = EDGE_CURVE ( 'NONE', #8414, #1335, #3183, .T. ) ;
#4909 = VERTEX_POINT ( 'NONE', #5598 ) ;
#4910 = DIRECTION ( 'NONE',  ( 1.000000000000000000, -0.000000000000000000, -0.000000000000000000 ) ) ;
#4911 = ORIENTED_EDGE ( 'NONE', *, *, #2714, .F. ) ;
#4912 =( BOUNDED_CURVE ( )  B_SPLINE_CURVE ( 3, ( #4869, #8064, #2315, #3450 ),
 .UNSPECIFIED., .F., .F. ) 
 B_SPLINE_CURVE_WITH_KNOTS ( ( 4, 4 ),
 ( 5.934119456780727830, 6.283185307179586232 ),
 .UNSPECIFIED. ) 
 CURVE ( )  GEOMETRIC_REPRESENTATION_ITEM ( )  RATIONAL_B_SPLINE_CURVE ( ( 1.000000000000000000, 0.9898718353414723836, 0.9898718353414723836, 1.000000000000000000 ) ) 
 REPRESENTATION_ITEM ( '' )  );
#4913 = VERTEX_POINT ( 'NONE', #3222 ) ;
#4914 = DIRECTION ( 'NONE',  ( -1.000000000000000000, 0.000000000000000000, -5.782411586589359857E-17 ) ) ;
#4915 = LINE ( 'NONE', #2316, #4135 ) ;
#4916 = DIRECTION ( 'NONE',  ( 0.3236155771181852825, 0.8891264907159879272, -0.3236155771181852270 ) ) ;
#4917 = CARTESIAN_POINT ( 'NONE',  ( 20.40845606641587651, 3.828989928337163562, 26.44990323252981312 ) ) ;
#4918 = ORIENTED_EDGE ( 'NONE', *, *, #8257, .T. ) ;
#4919 = DIRECTION ( 'NONE',  ( 0.000000000000000000, 1.000000000000000000, -0.000000000000000000 ) ) ;
#4920 = CARTESIAN_POINT ( 'NONE',  ( 37.15268375939399448, -7.500000000000000000, 101.9441309255079062 ) ) ;
#4921 = ORIENTED_EDGE ( 'NONE', *, *, #7316, .T. ) ;
#4922 = CARTESIAN_POINT ( 'NONE',  ( 0.000000000000000000, 4.000000000000000000, 84.48005692213685336 ) ) ;
#4923 = DIRECTION ( 'NONE',  ( -0.000000000000000000, 1.000000000000000000, -0.000000000000000000 ) ) ;
#4924 = LINE ( 'NONE', #6915, #5409 ) ;
#4925 = CARTESIAN_POINT ( 'NONE',  ( 0.000000000000000000, 4.500000000000000000, 22.90820492887897686 ) ) ;
#4926 = DIRECTION ( 'NONE',  ( -1.156482317317871528E-15, 0.000000000000000000, 1.000000000000000000 ) ) ;
#4927 = LINE ( 'NONE', #4242, #8050 ) ;
#4928 = ORIENTED_EDGE ( 'NONE', *, *, #116, .T. ) ;
#4929 = ORIENTED_EDGE ( 'NONE', *, *, #6439, .T. ) ;
#4930 = PLANE ( 'NONE',  #1705 ) ;
#4931 = CARTESIAN_POINT ( 'NONE',  ( 0.000000000000000000, 4.000000000000000000, 25.98005692213686046 ) ) ;
#4932 = DIRECTION ( 'NONE',  ( -0.000000000000000000, 1.000000000000000000, -0.000000000000000000 ) ) ;
#4933 = VERTEX_POINT ( 'NONE', #2582 ) ;
#4934 = PLANE ( 'NONE',  #4699 ) ;
#4935 = ORIENTED_EDGE ( 'NONE', *, *, #5179, .F. ) ;
#4936 = CARTESIAN_POINT ( 'NONE',  ( 16.36675776276504024, 4.000000000000000000, 0.000000000000000000 ) ) ;
#4937 = ORIENTED_EDGE ( 'NONE', *, *, #4522, .F. ) ;
#4938 = DIRECTION ( 'NONE',  ( -4.625929269271485914E-16, 0.000000000000000000, 1.000000000000000000 ) ) ;
#4939 = CARTESIAN_POINT ( 'NONE',  ( 16.39691145237208048, 3.828989928337167115, 80.93835861848600643 ) ) ;
#4940 = CYLINDRICAL_SURFACE ( 'NONE', #92, 0.5000000000000004441 ) ;
#4941 = FACE_OUTER_BOUND ( 'NONE', #7240, .T. ) ;
#4942 = ADVANCED_FACE ( 'NONE', ( #5633 ), #5833, .F. ) ;
#4943 = EDGE_CURVE ( 'NONE', #825, #6136, #1657, .T. ) ;
#4944 = EDGE_CURVE ( 'NONE', #3916, #906, #5189, .T. ) ;
#4945 = CARTESIAN_POINT ( 'NONE',  ( 17.79054981359189469, 0.000000000000000000, 82.33199697970582065 ) ) ;
#4946 = DIRECTION ( 'NONE',  ( 1.000000000000000000, 0.000000000000000000, 9.251858538542971828E-16 ) ) ;
#4947 = VERTEX_POINT ( 'NONE', #4945 ) ;
#4948 = EDGE_CURVE ( 'NONE', #2295, #5488, #8412, .T. ) ;
#4949 = FACE_OUTER_BOUND ( 'NONE', #7477, .T. ) ;
#4950 = ORIENTED_EDGE ( 'NONE', *, *, #3710, .T. ) ;
#4951 = CARTESIAN_POINT ( 'NONE',  ( 45.04656229815405055, 4.500000000000000000, 26.22964386981126239 ) ) ;
#4952 = VERTEX_POINT ( 'NONE', #1199 ) ;
#4953 = VECTOR ( 'NONE', #2490, 1000.000000000000000 ) ;
#4954 = EDGE_CURVE ( 'NONE', #945, #2497, #6444, .T. ) ;
#4955 = DIRECTION ( 'NONE',  ( -4.625929269271485914E-16, 0.000000000000000000, 1.000000000000000000 ) ) ;
#4956 = DIRECTION ( 'NONE',  ( -0.000000000000000000, -0.000000000000000000, 1.000000000000000000 ) ) ;
#4957 = PLANE ( 'NONE',  #5015 ) ;
#4958 = EDGE_CURVE ( 'NONE', #2533, #4584, #5150, .T. ) ;
#4959 = CARTESIAN_POINT ( 'NONE',  ( -39.34731624060601263, 0.000000000000000000, 101.9441309255079062 ) ) ;
#4960 =( BOUNDED_CURVE ( )  B_SPLINE_CURVE ( 3, ( #8207, #4290, #2201, #6923 ),
 .UNSPECIFIED., .F., .F. ) 
 B_SPLINE_CURVE_WITH_KNOTS ( ( 4, 4 ),
 ( 2.792526803190936935, 3.141592653589793116 ),
 .UNSPECIFIED. ) 
 CURVE ( )  GEOMETRIC_REPRESENTATION_ITEM ( )  RATIONAL_B_SPLINE_CURVE ( ( 1.000000000000000000, 0.9898718353414726057, 0.9898718353414726057, 1.000000000000000000 ) ) 
 REPRESENTATION_ITEM ( '' )  );
#4961 = VECTOR ( 'NONE', #1311, 1000.000000000000000 ) ;
#4962 = EDGE_LOOP ( 'NONE', ( #2286, #6189, #2746, #8176 ) ) ;
#4963 = DIRECTION ( 'NONE',  ( 0.000000000000000000, -0.000000000000000000, -1.000000000000000000 ) ) ;
#4964 = ORIENTED_EDGE ( 'NONE', *, *, #5963, .T. ) ;
#4965 = AXIS2_PLACEMENT_3D ( 'NONE', #4905, #6810, #7545 ) ;
#4966 = EDGE_CURVE ( 'NONE', #7862, #1406, #6961, .T. ) ;
#4967 = PLANE ( 'NONE',  #7090 ) ;
#4968 = DIRECTION ( 'NONE',  ( 1.000000000000000000, -0.000000000000000000, -4.625929269271485914E-16 ) ) ;
#4969 = CARTESIAN_POINT ( 'NONE',  ( -22.60308854762791597, 3.828989928337167115, 65.44990323252982023 ) ) ;
#4970 = DIRECTION ( 'NONE',  ( -1.000000000000000000, 0.000000000000000000, 0.000000000000000000 ) ) ;
#4971 = ORIENTED_EDGE ( 'NONE', *, *, #7302, .F. ) ;
#4972 = VERTEX_POINT ( 'NONE', #2306 ) ;
#4973 = VECTOR ( 'NONE', #7983, 1000.000000000000114 ) ;
#4974 = DIRECTION ( 'NONE',  ( 1.000000000000000000, -0.000000000000000000, -0.000000000000000000 ) ) ;
#4975 = PLANE ( 'NONE',  #5011 ) ;
#4976 = VECTOR ( 'NONE', #5, 1000.000000000000000 ) ;
#4977 = EDGE_LOOP ( 'NONE', ( #8376, #4215, #675, #1791 ) ) ;
#4978 = FACE_OUTER_BOUND ( 'NONE', #1502, .T. ) ;
#4979 = ORIENTED_EDGE ( 'NONE', *, *, #2535, .T. ) ;
#4980 = DIRECTION ( 'NONE',  ( 0.000000000000000000, 0.000000000000000000, 1.000000000000000000 ) ) ;
#4981 = ORIENTED_EDGE ( 'NONE', *, *, #5465, .F. ) ;
#4982 = CARTESIAN_POINT ( 'NONE',  ( 0.9386097560229209602, 4.292893218813451206, 80.90820492887895909 ) ) ;
#4983 = LINE ( 'NONE', #7580, #7048 ) ;
#4984 = VECTOR ( 'NONE', #7405, 1000.000000000000000 ) ;
#4985 = CARTESIAN_POINT ( 'NONE',  ( -3.103088547627916860, 3.828989928337165338, 84.94990323252980602 ) ) ;
#4986 = AXIS2_PLACEMENT_3D ( 'NONE', #6404, #1647, #3053 ) ;
#4987 = LINE ( 'NONE', #357, #3503 ) ;
#4988 = FACE_OUTER_BOUND ( 'NONE', #7509, .T. ) ;
#4989 = VECTOR ( 'NONE', #4398, 1000.000000000000000 ) ;
#4990 = DIRECTION ( 'NONE',  ( 1.156482317317871478E-16, -0.000000000000000000, -1.000000000000000000 ) ) ;
#4991 = VERTEX_POINT ( 'NONE', #7129 ) ;
#4992 = CARTESIAN_POINT ( 'NONE',  ( 19.93860975602292385, 4.500000000000000000, 22.90820492887897686 ) ) ;
#4993 = CIRCLE ( 'NONE', #6369, 1.399999999999998579 ) ;
#4994 = ORIENTED_EDGE ( 'NONE', *, *, #8365, .T. ) ;
#4995 = CARTESIAN_POINT ( 'NONE',  ( -1.709450186408106864, 8.673617379884035472E-16, 44.55626487130999891 ) ) ;
#4996 = VERTEX_POINT ( 'NONE', #1934 ) ;
#4997 = ADVANCED_FACE ( 'NONE', ( #4537 ), #6292, .F. ) ;
#4998 = EDGE_CURVE ( 'NONE', #5488, #992, #4073, .T. ) ;
#4999 = AXIS2_PLACEMENT_3D ( 'NONE', #4264, #6945, #2993 ) ;
#5000 = VECTOR ( 'NONE', #2372, 1000.000000000000000 ) ;
#5001 = DIRECTION ( 'NONE',  ( 0.9396926207859082059, 0.3420201433256694901, 0.000000000000000000 ) ) ;
#5002 = DIRECTION ( 'NONE',  ( 0.000000000000000000, -0.9396926207859082059, 0.3420201433256694901 ) ) ;
#5003 = FACE_OUTER_BOUND ( 'NONE', #200, .T. ) ;
#5004 = PLANE ( 'NONE',  #8430 ) ;
#5005 = VECTOR ( 'NONE', #279, 1000.000000000000000 ) ;
#5006 = ORIENTED_EDGE ( 'NONE', *, *, #2963, .T. ) ;
#5007 = ORIENTED_EDGE ( 'NONE', *, *, #8434, .T. ) ;
#5008 = EDGE_CURVE ( 'NONE', #708, #4899, #4853, .T. ) ;
#5009 = EDGE_CURVE ( 'NONE', #7413, #4181, #2361, .T. ) ;
#5010 = VECTOR ( 'NONE', #2218, 1000.000000000000000 ) ;
#5011 = AXIS2_PLACEMENT_3D ( 'NONE', #6279, #991, #6882 ) ;
#5012 = CARTESIAN_POINT ( 'NONE',  ( 48.90268375939397316, 0.000000000000000000, -7.630869074492091286 ) ) ;
#5013 =( BOUNDED_CURVE ( )  B_SPLINE_CURVE ( 3, ( #6427, #6990, #3759, #8395 ),
 .UNSPECIFIED., .F., .F. ) 
 B_SPLINE_CURVE_WITH_KNOTS ( ( 4, 4 ),
 ( 5.934119456780729607, 6.283185307179586232 ),
 .UNSPECIFIED. ) 
 CURVE ( )  GEOMETRIC_REPRESENTATION_ITEM ( )  RATIONAL_B_SPLINE_CURVE ( ( 1.000000000000000000, 0.9898718353414726057, 0.9898718353414726057, 1.000000000000000000 ) ) 
 REPRESENTATION_ITEM ( '' )  );
#5014 = DIRECTION ( 'NONE',  ( -1.000000000000000000, 0.000000000000000000, 0.000000000000000000 ) ) ;
#5015 = AXIS2_PLACEMENT_3D ( 'NONE', #8349, #8271, #4315 ) ;
#5016 = FACE_OUTER_BOUND ( 'NONE', #2170, .T. ) ;
#5017 = DIRECTION ( 'NONE',  ( -0.000000000000000000, -0.000000000000000000, -1.000000000000000000 ) ) ;
#5018 = ORIENTED_EDGE ( 'NONE', *, *, #8365, .F. ) ;
#5019 = EDGE_LOOP ( 'NONE', ( #7559, #6187, #1174, #5930 ) ) ;
#5020 = AXIS2_PLACEMENT_3D ( 'NONE', #8494, #2579, #7981 ) ;
#5021 = EDGE_CURVE ( 'NONE', #4075, #4833, #1496, .T. ) ;
#5022 = DIRECTION ( 'NONE',  ( 0.000000000000000000, -0.9396926207859080948, 0.3420201433256694346 ) ) ;
#5023 = CARTESIAN_POINT ( 'NONE',  ( -22.13324223723496331, 4.500000000000000000, 6.480056922136859576 ) ) ;
#5024 = AXIS2_PLACEMENT_3D ( 'NONE', #6224, #4281, #2420 ) ;
#5025 = ORIENTED_EDGE ( 'NONE', *, *, #6013, .F. ) ;
#5026 = LINE ( 'NONE', #1731, #6782 ) ;
#5027 = VERTEX_POINT ( 'NONE', #5271 ) ;
#5028 = CARTESIAN_POINT ( 'NONE',  ( 51.90268375939396606, 0.000000000000000000, -51.80586907449210088 ) ) ;
#5029 = ORIENTED_EDGE ( 'NONE', *, *, #2864, .T. ) ;
#5030 = CARTESIAN_POINT ( 'NONE',  ( 16.36675776276503669, 4.000000000000000000, 41.90820492887896620 ) ) ;
#5031 = CARTESIAN_POINT ( 'NONE',  ( -31.84731624060601618, -7.500000000000000000, -5.130869074492096615 ) ) ;
#5032 = CYLINDRICAL_SURFACE ( 'NONE', #3090, 0.5000000000000004441 ) ;
#5033 = CARTESIAN_POINT ( 'NONE',  ( 0.9386097560229217374, 4.000000000000000000, 22.40820492887897331 ) ) ;
#5034 = DIRECTION ( 'NONE',  ( -0.3236155771181852825, 0.8891264907159880382, -0.3236155771181851715 ) ) ;
#5035 = DIRECTION ( 'NONE',  ( 0.000000000000000000, 0.000000000000000000, 1.000000000000000000 ) ) ;
#5036 = ORIENTED_EDGE ( 'NONE', *, *, #1025, .F. ) ;
#5037 = DIRECTION ( 'NONE',  ( -1.000000000000000000, 0.000000000000000000, -5.782411586589359857E-17 ) ) ;
#5038 = ORIENTED_EDGE ( 'NONE', *, *, #3795, .T. ) ;
#5039 = CARTESIAN_POINT ( 'NONE',  ( 36.36675776276504735, 4.500000000000000000, 84.48005692213685336 ) ) ;
#5040 = ORIENTED_EDGE ( 'NONE', *, *, #6655, .F. ) ;
#5041 = CARTESIAN_POINT ( 'NONE',  ( 20.43860975602292740, 4.292893218813452094, 65.48005692213685336 ) ) ;
#5042 = FACE_BOUND ( 'NONE', #3190, .T. ) ;
#5043 = CARTESIAN_POINT ( 'NONE',  ( 35.89691145237208758, 3.828989928337162674, 65.44990323252982023 ) ) ;
#5044 = CARTESIAN_POINT ( 'NONE',  ( 9.335884373802928896E-14, 4.500000000000000000, 100.9082049288789875 ) ) ;
#5045 = EDGE_CURVE ( 'NONE', #6298, #2505, #6334, .T. ) ;
#5046 = CARTESIAN_POINT ( 'NONE',  ( -22.13324223723496331, 4.500000000000000000, 0.000000000000000000 ) ) ;
#5047 = CARTESIAN_POINT ( 'NONE',  ( -3.133242237234962868, 4.000000000000000000, 84.98005692213685336 ) ) ;
#5048 = EDGE_LOOP ( 'NONE', ( #5817, #5073, #5566, #5555 ) ) ;
#5049 = ORIENTED_EDGE ( 'NONE', *, *, #3161, .F. ) ;
#5050 = DIRECTION ( 'NONE',  ( -0.000000000000000000, -1.000000000000000000, 0.000000000000000000 ) ) ;
#5051 = EDGE_CURVE ( 'NONE', #1736, #7561, #3586, .T. ) ;
#5052 = CARTESIAN_POINT ( 'NONE',  ( 0.000000000000000000, 4.000000000000000000, 25.98005692213686046 ) ) ;
#5053 = CARTESIAN_POINT ( 'NONE',  ( 19.93860975602292740, 4.500000000000000000, 6.480056922136858688 ) ) ;
#5054 = EDGE_CURVE ( 'NONE', #5622, #311, #2708, .T. ) ;
#5055 = CARTESIAN_POINT ( 'NONE',  ( 0.000000000000000000, 4.000000000000000000, 84.98005692213685336 ) ) ;
#5056 = EDGE_LOOP ( 'NONE', ( #126, #3825 ) ) ;
#5057 = ORIENTED_EDGE ( 'NONE', *, *, #1750, .F. ) ;
#5058 = EDGE_CURVE ( 'NONE', #5386, #4162, #761, .T. ) ;
#5059 = CARTESIAN_POINT ( 'NONE',  ( 43.90268375939396606, 4.500000000000000000, 3.194130925507923546 ) ) ;
#5060 =( BOUNDED_CURVE ( )  B_SPLINE_CURVE ( 3, ( #1139, #2472, #7151, #3804 ),
 .UNSPECIFIED., .F., .F. ) 
 B_SPLINE_CURVE_WITH_KNOTS ( ( 4, 4 ),
 ( 0.000000000000000000, 0.3490658503988705030 ),
 .UNSPECIFIED. ) 
 CURVE ( )  GEOMETRIC_REPRESENTATION_ITEM ( )  RATIONAL_B_SPLINE_CURVE ( ( 1.000000000000000000, 0.9898718353414717175, 0.9898718353414717175, 1.000000000000000000 ) ) 
 REPRESENTATION_ITEM ( '' )  );
#5061 = EDGE_CURVE ( 'NONE', #6895, #2930, #6681, .T. ) ;
#5062 = VERTEX_POINT ( 'NONE', #5393 ) ;
#5063 = CARTESIAN_POINT ( 'NONE',  ( 40.40268375939400158, 4.500000000000000000, 108.1941309255078920 ) ) ;
#5064 = ORIENTED_EDGE ( 'NONE', *, *, #2121, .F. ) ;
#5065 = ADVANCED_FACE ( 'NONE', ( #7212 ), #713, .T. ) ;
#5066 = EDGE_LOOP ( 'NONE', ( #3130, #7102, #2415, #7910 ) ) ;
#5067 = ORIENTED_EDGE ( 'NONE', *, *, #5530, .F. ) ;
#5068 = DIRECTION ( 'NONE',  ( 0.000000000000000000, 0.000000000000000000, -1.000000000000000000 ) ) ;
#5069 = FACE_OUTER_BOUND ( 'NONE', #8474, .T. ) ;
#5070 = CARTESIAN_POINT ( 'NONE',  ( -18.34731624060602684, 4.500000000000000000, 46.19413092550791333 ) ) ;
#5071 = EDGE_CURVE ( 'NONE', #4123, #3816, #32, .T. ) ;
#5072 = CARTESIAN_POINT ( 'NONE',  ( 16.39691145237208403, 3.828989928337164450, 80.69413092550790623 ) ) ;
#5073 = ORIENTED_EDGE ( 'NONE', *, *, #5210, .T. ) ;
#5074 = ORIENTED_EDGE ( 'NONE', *, *, #3702, .T. ) ;
#5075 = DIRECTION ( 'NONE',  ( 0.9396926207859082059, 0.3420201433256694901, 0.000000000000000000 ) ) ;
#5076 = CARTESIAN_POINT ( 'NONE',  ( -38.06139024397707971, 4.000000000000000000, 80.90820492887897331 ) ) ;
#5077 = ORIENTED_EDGE ( 'NONE', *, *, #7536, .T. ) ;
#5078 = CARTESIAN_POINT ( 'NONE',  ( 19.93860975602292740, 4.500000000000000000, 64.98005692213685336 ) ) ;
#5079 = PLANE ( 'NONE',  #8039 ) ;
#5080 =( BOUNDED_CURVE ( )  B_SPLINE_CURVE ( 3, ( #1636, #7393, #2232, #2967 ),
 .UNSPECIFIED., .F., .F. ) 
 B_SPLINE_CURVE_WITH_KNOTS ( ( 4, 4 ),
 ( 5.934119456780716284, 6.283185307179586232 ),
 .UNSPECIFIED. ) 
 CURVE ( )  GEOMETRIC_REPRESENTATION_ITEM ( )  RATIONAL_B_SPLINE_CURVE ( ( 1.000000000000000000, 0.9898718353414717175, 0.9898718353414717175, 1.000000000000000000 ) ) 
 REPRESENTATION_ITEM ( '' )  );
#5081 = DIRECTION ( 'NONE',  ( 0.000000000000000000, 0.000000000000000000, 1.000000000000000000 ) ) ;
#5082 = LINE ( 'NONE', #8313, #2692 ) ;
#5083 = CARTESIAN_POINT ( 'NONE',  ( 35.87691183474705525, 3.883938426159695201, 61.41835900086096700 ) ) ;
#5084 = CARTESIAN_POINT ( 'NONE',  ( -38.06139024397707260, 4.000000000000000000, 0.000000000000000000 ) ) ;
#5085 = LINE ( 'NONE', #1883, #3630 ) ;
#5086 = VERTEX_POINT ( 'NONE', #2022 ) ;
#5087 = ORIENTED_EDGE ( 'NONE', *, *, #5949, .T. ) ;
#5088 = CIRCLE ( 'NONE', #289, 2.400000000000000799 ) ;
#5089 = DIRECTION ( 'NONE',  ( 1.000000000000000000, -0.000000000000000000, 5.782411586589357392E-17 ) ) ;
#5090 = CARTESIAN_POINT ( 'NONE',  ( 0.000000000000000000, 4.000000000000000000, 45.48005692213685336 ) ) ;
#5091 = CARTESIAN_POINT ( 'NONE',  ( -46.09731624060602684, 5.000000000000000000, -1.096924524745305033E-14 ) ) ;
#5092 = CARTESIAN_POINT ( 'NONE',  ( -3.133242237234962868, 4.000000000000000000, 6.980056922136860464 ) ) ;
#5093 = CARTESIAN_POINT ( 'NONE',  ( 20.65268375939397671, 4.500000000000000000, 41.69413092550791333 ) ) ;
#5094 = VECTOR ( 'NONE', #109, 1000.000000000000000 ) ;
#5095 = LINE ( 'NONE', #3214, #84 ) ;
#5096 = ORIENTED_EDGE ( 'NONE', *, *, #6902, .F. ) ;
#5097 = ORIENTED_EDGE ( 'NONE', *, *, #6814, .T. ) ;
#5098 = LINE ( 'NONE', #3047, #5556 ) ;
#5099 = EDGE_CURVE ( 'NONE', #862, #6428, #193, .T. ) ;
#5100 = EDGE_CURVE ( 'NONE', #2261, #3816, #4576, .T. ) ;
#5101 = CARTESIAN_POINT ( 'NONE',  ( 35.65268375939398027, 4.500000000000000000, 61.19413092550792044 ) ) ;
#5102 = CARTESIAN_POINT ( 'NONE',  ( 20.42845568404091594, 3.883938426159695201, 80.91835900086097411 ) ) ;
#5103 = CARTESIAN_POINT ( 'NONE',  ( -18.34731624060601973, 4.500000000000000000, 85.19413092550790623 ) ) ;
#5104 = CARTESIAN_POINT ( 'NONE',  ( 16.86675776276503669, 4.500000000000000000, 22.90820492887897686 ) ) ;
#5105 = EDGE_LOOP ( 'NONE', ( #1673, #2397, #339, #4133 ) ) ;
#5106 = CARTESIAN_POINT ( 'NONE',  ( 48.90268375939397316, 4.500000000000000000, -33.30586907449208667 ) ) ;
#5107 = EDGE_LOOP ( 'NONE', ( #5956, #7402, #243, #7788 ) ) ;
#5108 = ORIENTED_EDGE ( 'NONE', *, *, #3786, .T. ) ;
#5109 = ORIENTED_EDGE ( 'NONE', *, *, #604, .F. ) ;
#5110 = LINE ( 'NONE', #6287, #6244 ) ;
#5111 = CARTESIAN_POINT ( 'NONE',  ( 20.65268375939398027, 4.500000000000000000, 22.19413092550791688 ) ) ;
#5112 = EDGE_CURVE ( 'NONE', #6815, #3290, #4656, .T. ) ;
#5113 = LINE ( 'NONE', #6410, #4586 ) ;
#5114 = VECTOR ( 'NONE', #6571, 1000.000000000000000 ) ;
#5115 = CARTESIAN_POINT ( 'NONE',  ( -18.56139024397707971, 4.292893218813452094, 84.98005692213686757 ) ) ;
#5116 = EDGE_CURVE ( 'NONE', #4416, #1618, #1951, .T. ) ;
#5117 = CARTESIAN_POINT ( 'NONE',  ( -3.133242237234963756, 3.941525029986322703, 26.48005692213686402 ) ) ;
#5118 = ORIENTED_EDGE ( 'NONE', *, *, #7682, .F. ) ;
#5119 = DIRECTION ( 'NONE',  ( -1.000000000000000000, -0.000000000000000000, -0.000000000000000000 ) ) ;
#5120 = VECTOR ( 'NONE', #7108, 1000.000000000000000 ) ;
#5121 = VERTEX_POINT ( 'NONE', #7854 ) ;
#5122 = CARTESIAN_POINT ( 'NONE',  ( -3.133242237234962868, 4.000000000000000000, 100.4082049288789733 ) ) ;
#5123 = CARTESIAN_POINT ( 'NONE',  ( -18.57154431595907695, 3.883938426159694313, 26.46990285015485611 ) ) ;
#5124 = EDGE_CURVE ( 'NONE', #1761, #7176, #5348, .T. ) ;
#5125 = DIRECTION ( 'NONE',  ( 0.000000000000000000, 0.000000000000000000, 1.000000000000000000 ) ) ;
#5126 = CARTESIAN_POINT ( 'NONE',  ( -39.34731624060601263, -7.500000000000000000, 103.3441309255078977 ) ) ;
#5127 = DIRECTION ( 'NONE',  ( -0.000000000000000000, 1.000000000000000000, -0.000000000000000000 ) ) ;
#5128 = CARTESIAN_POINT ( 'NONE',  ( 18.15268375939398737, 0.000000000000000000, -51.80586907449210088 ) ) ;
#5129 = AXIS2_PLACEMENT_3D ( 'NONE', #1207, #2552, #1865 ) ;
#5130 = CARTESIAN_POINT ( 'NONE',  ( 35.86675776276504024, 3.941525029986321815, 61.40820492887897331 ) ) ;
#5131 = CARTESIAN_POINT ( 'NONE',  ( -38.06139024397706550, 4.000000000000000000, -1.760692991587777020E-14 ) ) ;
#5132 = CARTESIAN_POINT ( 'NONE',  ( 34.08177813309094262, 8.816027736361819578, 40.12322529920486858 ) ) ;
#5133 = ORIENTED_EDGE ( 'NONE', *, *, #5163, .F. ) ;
#5134 = ORIENTED_EDGE ( 'NONE', *, *, #2799, .F. ) ;
#5135 = EDGE_CURVE ( 'NONE', #8038, #2999, #2223, .T. ) ;
#5136 =( BOUNDED_CURVE ( )  B_SPLINE_CURVE ( 3, ( #2265, #4096, #5380, #1483 ),
 .UNSPECIFIED., .F., .F. ) 
 B_SPLINE_CURVE_WITH_KNOTS ( ( 4, 4 ),
 ( 5.934119456780721613, 6.283185307179586232 ),
 .UNSPECIFIED. ) 
 CURVE ( )  GEOMETRIC_REPRESENTATION_ITEM ( )  RATIONAL_B_SPLINE_CURVE ( ( 1.000000000000000000, 0.9898718353414720506, 0.9898718353414720506, 1.000000000000000000 ) ) 
 REPRESENTATION_ITEM ( '' )  );
#5137 = CARTESIAN_POINT ( 'NONE',  ( 37.15268375939399448, -7.500000000000000000, 100.5441309255079005 ) ) ;
#5138 = FACE_OUTER_BOUND ( 'NONE', #413, .T. ) ;
#5139 = DIRECTION ( 'NONE',  ( 0.000000000000000000, -0.000000000000000000, -1.000000000000000000 ) ) ;
#5140 = VECTOR ( 'NONE', #3205, 1000.000000000000000 ) ;
#5141 = CARTESIAN_POINT ( 'NONE',  ( 17.79054981359189114, 8.673617379884035472E-16, 25.05626487131000601 ) ) ;
#5142 = DIRECTION ( 'NONE',  ( 0.3236155771181852270, 0.8891264907159880382, 0.3236155771181852825 ) ) ;
#5143 = ORIENTED_EDGE ( 'NONE', *, *, #6583, .F. ) ;
#5144 = CARTESIAN_POINT ( 'NONE',  ( 0.000000000000000000, 4.000000000000000000, 45.48005692213685336 ) ) ;
#5145 = VECTOR ( 'NONE', #6758, 1000.000000000000000 ) ;
#5146 = ORIENTED_EDGE ( 'NONE', *, *, #7494, .T. ) ;
#5147 = AXIS2_PLACEMENT_3D ( 'NONE', #2608, #8489, #5340 ) ;
#5148 = CARTESIAN_POINT ( 'NONE',  ( -22.63324223723496331, 4.000000000000000000, 61.40820492887896620 ) ) ;
#5149 = VECTOR ( 'NONE', #8281, 1000.000000000000000 ) ;
#5150 = LINE ( 'NONE', #7783, #8251 ) ;
#5151 = ORIENTED_EDGE ( 'NONE', *, *, #4423, .T. ) ;
#5152 = CARTESIAN_POINT ( 'NONE',  ( -19.06139024397707971, 4.500000000000000000, 84.48005692213685336 ) ) ;
#5153 = VECTOR ( 'NONE', #5192, 1000.000000000000000 ) ;
#5154 = EDGE_CURVE ( 'NONE', #1313, #1944, #4284, .T. ) ;
#5155 = VERTEX_POINT ( 'NONE', #288 ) ;
#5156 = AXIS2_PLACEMENT_3D ( 'NONE', #1443, #2052, #4062 ) ;
#5157 = VERTEX_POINT ( 'NONE', #2922 ) ;
#5158 = EDGE_LOOP ( 'NONE', ( #4227, #3574, #3843, #1518 ) ) ;
#5159 = DIRECTION ( 'NONE',  ( -0.000000000000000000, 1.000000000000000000, -0.000000000000000000 ) ) ;
#5160 = DIRECTION ( 'NONE',  ( -4.625929269271485914E-16, 0.000000000000000000, 1.000000000000000000 ) ) ;
#5161 = FACE_OUTER_BOUND ( 'NONE', #7739, .T. ) ;
#5162 = CARTESIAN_POINT ( 'NONE',  ( 0.000000000000000000, 4.000000000000000000, 45.48005692213685336 ) ) ;
#5163 = EDGE_CURVE ( 'NONE', #1406, #2571, #1679, .T. ) ;
#5164 = ORIENTED_EDGE ( 'NONE', *, *, #6974, .F. ) ;
#5165 = CARTESIAN_POINT ( 'NONE',  ( 44.37806992294500930, 4.500000000000000000, 27.37770686201808701 ) ) ;
#5166 = ORIENTED_EDGE ( 'NONE', *, *, #1802, .T. ) ;
#5167 = CARTESIAN_POINT ( 'NONE',  ( -37.95181418822527775, 0.000000000000000000, 101.8319969797058206 ) ) ;
#5168 = CARTESIAN_POINT ( 'NONE',  ( -37.84731624060602684, 0.000000000000000000, 43.33199697970582775 ) ) ;
#5169 = EDGE_CURVE ( 'NONE', #6789, #3928, #6916, .T. ) ;
#5170 = PLANE ( 'NONE',  #332 ) ;
#5171 = CARTESIAN_POINT ( 'NONE',  ( -38.26849702516361873, 4.500000000000000000, 6.772950140950310782 ) ) ;
#5172 = CARTESIAN_POINT ( 'NONE',  ( -18.34731624060601618, 4.500000000000000000, 7.194130925507916885 ) ) ;
#5173 = CARTESIAN_POINT ( 'NONE',  ( -31.84731624060601618, -7.500000000000000000, -5.130869074492096615 ) ) ;
#5174 = EDGE_CURVE ( 'NONE', #311, #906, #249, .T. ) ;
#5175 = LINE ( 'NONE', #6955, #5957 ) ;
#5176 = CYLINDRICAL_SURFACE ( 'NONE', #607, 1.399999999999998579 ) ;
#5177 = DIRECTION ( 'NONE',  ( 1.000000000000000000, -0.000000000000000000, 9.251858538542971828E-16 ) ) ;
#5178 = ORIENTED_EDGE ( 'NONE', *, *, #959, .F. ) ;
#5179 = EDGE_CURVE ( 'NONE', #1618, #3935, #6091, .T. ) ;
#5180 = ORIENTED_EDGE ( 'NONE', *, *, #546, .T. ) ;
#5181 = DIRECTION ( 'NONE',  ( 1.000000000000000000, 0.000000000000000000, 2.312964634635747887E-16 ) ) ;
#5182 = DIRECTION ( 'NONE',  ( 0.3236155771181852825, 0.8891264907159879272, -0.3236155771181851160 ) ) ;
#5183 = FACE_OUTER_BOUND ( 'NONE', #8428, .T. ) ;
#5184 = DIRECTION ( 'NONE',  ( -1.000000000000000000, 0.000000000000000000, 0.000000000000000000 ) ) ;
#5185 = ADVANCED_FACE ( 'NONE', ( #6142 ), #2195, .T. ) ;
#5186 = VERTEX_POINT ( 'NONE', #5574 ) ;
#5187 = ORIENTED_EDGE ( 'NONE', *, *, #472, .F. ) ;
#5188 = DIRECTION ( 'NONE',  ( 1.000000000000000000, -0.000000000000000000, -9.251858538542969855E-16 ) ) ;
#5189 =( BOUNDED_CURVE ( )  B_SPLINE_CURVE ( 3, ( #1850, #4459, #309, #5788 ),
 .UNSPECIFIED., .F., .F. ) 
 B_SPLINE_CURVE_WITH_KNOTS ( ( 4, 4 ),
 ( 4.712388980384689674, 6.283185307179586232 ),
 .UNSPECIFIED. ) 
 CURVE ( )  GEOMETRIC_REPRESENTATION_ITEM ( )  RATIONAL_B_SPLINE_CURVE ( ( 1.000000000000000000, 0.8047378541243649375, 0.8047378541243649375, 1.000000000000000000 ) ) 
 REPRESENTATION_ITEM ( '' )  );
#5190 = CYLINDRICAL_SURFACE ( 'NONE', #1415, 0.5000000000000004441 ) ;
#5191 = LINE ( 'NONE', #7782, #7901 ) ;
#5192 = DIRECTION ( 'NONE',  ( -1.000000000000000000, 0.000000000000000000, -0.000000000000000000 ) ) ;
#5193 = DIRECTION ( 'NONE',  ( -1.000000000000000000, 0.000000000000000000, 4.625929269271485914E-16 ) ) ;
#5194 = VERTEX_POINT ( 'NONE', #205 ) ;
#5195 = CARTESIAN_POINT ( 'NONE',  ( -51.09731624060602684, 4.500000000000000000, -2.630869074492086845 ) ) ;
#5196 = VERTEX_POINT ( 'NONE', #4883 ) ;
#5197 = ORIENTED_EDGE ( 'NONE', *, *, #3140, .T. ) ;
#5198 = VERTEX_POINT ( 'NONE', #2878 ) ;
#5199 = CARTESIAN_POINT ( 'NONE',  ( 0.7315029748363756079, 4.500000000000000888, 6.772950140950312559 ) ) ;
#5200 = CARTESIAN_POINT ( 'NONE',  ( 36.07386454395158637, 4.500000000000000000, 22.61531171006552299 ) ) ;
#5201 = DIRECTION ( 'NONE',  ( -0.3420201433256694901, 0.9396926207859082059, 0.000000000000000000 ) ) ;
#5202 = ORIENTED_EDGE ( 'NONE', *, *, #6488, .F. ) ;
#5203 = DIRECTION ( 'NONE',  ( 1.000000000000000000, -0.000000000000000000, 0.000000000000000000 ) ) ;
#5204 = EDGE_LOOP ( 'NONE', ( #496, #3273, #7478, #4719 ) ) ;
#5205 = EDGE_CURVE ( 'NONE', #2577, #3, #3645, .T. ) ;
#5206 = CARTESIAN_POINT ( 'NONE',  ( -39.34731624060601263, -7.500000000000000000, 101.9441309255079062 ) ) ;
#5207 = ADVANCED_FACE ( 'NONE', ( #7472 ), #6227, .F. ) ;
#5208 = EDGE_CURVE ( 'NONE', #7919, #4759, #2885, .T. ) ;
#5209 = DIRECTION ( 'NONE',  ( -1.000000000000000000, -0.000000000000000000, 5.782411586589358625E-17 ) ) ;
#5210 = EDGE_CURVE ( 'NONE', #8487, #4808, #2324, .T. ) ;
#5211 = FACE_OUTER_BOUND ( 'NONE', #1744, .T. ) ;
#5212 = APPLICATION_PROTOCOL_DEFINITION ( 'draft international standard', 'automotive_design', 1998, #4715 ) ;
#5213 = LINE ( 'NONE', #6596, #7056 ) ;
#5214 = CARTESIAN_POINT ( 'NONE',  ( -37.84731624060601263, 4.500000000000000000, 46.19413092550791333 ) ) ;
#5215 = ORIENTED_EDGE ( 'NONE', *, *, #8114, .T. ) ;
#5216 = VERTEX_POINT ( 'NONE', #1635 ) ;
#5217 = EDGE_CURVE ( 'NONE', #4733, #2482, #3004, .T. ) ;
#5218 = DIRECTION ( 'NONE',  ( -1.011922027653137513E-16, 0.000000000000000000, 1.000000000000000000 ) ) ;
#5219 = CARTESIAN_POINT ( 'NONE',  ( 37.29054981359189469, 0.000000000000000000, 41.69413092550790623 ) ) ;
#5220 = EDGE_CURVE ( 'NONE', #2762, #4996, #8238, .T. ) ;
#5221 = DIRECTION ( 'NONE',  ( -1.000000000000000000, -0.000000000000000000, -0.000000000000000000 ) ) ;
#5222 = CARTESIAN_POINT ( 'NONE',  ( 0.000000000000000000, 4.000000000000000000, 64.98005692213685336 ) ) ;
#5223 = ORIENTED_EDGE ( 'NONE', *, *, #2238, .F. ) ;
#5224 = DIRECTION ( 'NONE',  ( 0.000000000000000000, -1.000000000000000000, 0.000000000000000000 ) ) ;
#5225 = EDGE_CURVE ( 'NONE', #524, #5194, #1536, .T. ) ;
#5226 = CARTESIAN_POINT ( 'NONE',  ( -22.63324223723496331, 4.000000000000000000, 65.48005692213685336 ) ) ;
#5227 = VECTOR ( 'NONE', #6683, 1000.000000000000000 ) ;
#5228 = CYLINDRICAL_SURFACE ( 'NONE', #5693, 2.400000000000000799 ) ;
#5229 = CARTESIAN_POINT ( 'NONE',  ( 20.65268375939398027, 0.000000000000000000, 23.83199697970583131 ) ) ;
#5230 = CARTESIAN_POINT ( 'NONE',  ( -22.13324223723496686, 4.500000000000000000, 22.90820492887897686 ) ) ;
#5231 = ORIENTED_EDGE ( 'NONE', *, *, #4868, .T. ) ;
#5232 = CARTESIAN_POINT ( 'NONE',  ( 35.89691145237208758, 3.828989928337165338, 22.43835861848602065 ) ) ;
#5233 = ORIENTED_EDGE ( 'NONE', *, *, #5220, .T. ) ;
#5234 =( BOUNDED_CURVE ( )  B_SPLINE_CURVE ( 3, ( #6719, #781, #8183, #6118 ),
 .UNSPECIFIED., .F., .F. ) 
 B_SPLINE_CURVE_WITH_KNOTS ( ( 4, 4 ),
 ( 4.712388980384686121, 6.283185307179586232 ),
 .UNSPECIFIED. ) 
 CURVE ( )  GEOMETRIC_REPRESENTATION_ITEM ( )  RATIONAL_B_SPLINE_CURVE ( ( 1.000000000000000000, 0.8047378541243641603, 0.8047378541243641603, 1.000000000000000000 ) ) 
 REPRESENTATION_ITEM ( '' )  );
#5235 = ORIENTED_EDGE ( 'NONE', *, *, #6595, .F. ) ;
#5236 = VERTEX_POINT ( 'NONE', #3462 ) ;
#5237 = CARTESIAN_POINT ( 'NONE',  ( -18.56139024397708681, 4.000000000000000000, 45.98005692213684625 ) ) ;
#5238 = LINE ( 'NONE', #6710, #3341 ) ;
#5239 = PLANE ( 'NONE',  #5129 ) ;
#5240 = ORIENTED_EDGE ( 'NONE', *, *, #520, .F. ) ;
#5241 = CARTESIAN_POINT ( 'NONE',  ( -37.84731624060601263, 4.500000000000000000, 65.69413092550790623 ) ) ;
#5242 = ORIENTED_EDGE ( 'NONE', *, *, #1726, .T. ) ;
#5243 = DIRECTION ( 'NONE',  ( -2.379584353717864084E-16, 0.000000000000000000, 1.000000000000000000 ) ) ;
#5244 = AXIS2_PLACEMENT_3D ( 'NONE', #274, #2263, #4185 ) ;
#5245 = UNCERTAINTY_MEASURE_WITH_UNIT (LENGTH_MEASURE( 1.000000000000000082E-05 ), #6295, 'distance_accuracy_value', 'NONE');
#5246 = CARTESIAN_POINT ( 'NONE',  ( -22.62308816525295541, 3.883938426159696533, 45.96990285015485256 ) ) ;
#5247 = CARTESIAN_POINT ( 'NONE',  ( -38.06139024397707971, 4.292893218813452094, 26.48005692213686046 ) ) ;
#5248 = CARTESIAN_POINT ( 'NONE',  ( -22.63324223723495976, 4.292893218813452094, 84.98005692213686757 ) ) ;
#5249 = AXIS2_PLACEMENT_3D ( 'NONE', #154, #7339, #8029 ) ;
#5250 = DIRECTION ( 'NONE',  ( -4.625929269271465206E-16, 0.000000000000000000, -1.000000000000000000 ) ) ;
#5251 = CARTESIAN_POINT ( 'NONE',  ( 20.40845606641586940, 3.828989928337164450, 61.43835861848602065 ) ) ;
#5252 = ADVANCED_FACE ( 'NONE', ( #2835 ), #891, .F. ) ;
#5253 = EDGE_CURVE ( 'NONE', #1041, #1761, #6830, .T. ) ;
#5254 = CARTESIAN_POINT ( 'NONE',  ( -21.20945018640809820, 0.000000000000000000, 83.55626487131000601 ) ) ;
#5255 = ORIENTED_EDGE ( 'NONE', *, *, #2556, .F. ) ;
#5256 = ORIENTED_EDGE ( 'NONE', *, *, #2289, .F. ) ;
#5257 = VECTOR ( 'NONE', #2374, 1000.000000000000000 ) ;
#5258 = CARTESIAN_POINT ( 'NONE',  ( 20.43860975602292385, 4.000000000000000000, 80.90820492887897331 ) ) ;
#5259 = VECTOR ( 'NONE', #4378, 1000.000000000000000 ) ;
#5260 = CARTESIAN_POINT ( 'NONE',  ( -57.59731624060602684, 0.000000000000000000, -48.30586907449208667 ) ) ;
#5261 = CYLINDRICAL_SURFACE ( 'NONE', #5831, 0.5000000000000000000 ) ;
#5262 = AXIS2_PLACEMENT_3D ( 'NONE', #2457, #517, #1810 ) ;
#5263 = EDGE_CURVE ( 'NONE', #3776, #3715, #5088, .T. ) ;
#5264 = ORIENTED_EDGE ( 'NONE', *, *, #5853, .F. ) ;
#5265 = ORIENTED_EDGE ( 'NONE', *, *, #8052, .F. ) ;
#5266 = CYLINDRICAL_SURFACE ( 'NONE', #2839, 3.500000000000003109 ) ;
#5267 = EDGE_CURVE ( 'NONE', #7451, #7549, #542, .T. ) ;
#5268 = DIRECTION ( 'NONE',  ( -0.000000000000000000, -0.000000000000000000, -1.000000000000000000 ) ) ;
#5269 = CARTESIAN_POINT ( 'NONE',  ( -22.13324223723489581, 4.000000000000000000, -1.535802196336512272E-14 ) ) ;
#5270 = VECTOR ( 'NONE', #7928, 1000.000000000000000 ) ;
#5271 = CARTESIAN_POINT ( 'NONE',  ( 35.89691145237208758, 3.828989928337164450, 100.4383586184860064 ) ) ;
#5272 = VECTOR ( 'NONE', #5037, 1000.000000000000000 ) ;
#5273 = DIRECTION ( 'NONE',  ( 0.000000000000000000, -0.9396926207859082059, 0.3420201433256694901 ) ) ;
#5274 = EDGE_LOOP ( 'NONE', ( #2483, #5794, #454, #1409 ) ) ;
#5275 = CARTESIAN_POINT ( 'NONE',  ( 14.58177813309093729, 8.816027736361817801, 8.765036551810958088 ) ) ;
#5276 = EDGE_CURVE ( 'NONE', #5710, #6997, #8322, .T. ) ;
#5277 = EDGE_LOOP ( 'NONE', ( #1419, #5499, #4517, #1683 ) ) ;
#5278 = VECTOR ( 'NONE', #8366, 1000.000000000000000 ) ;
#5279 = ORIENTED_EDGE ( 'NONE', *, *, #7941, .F. ) ;
#5280 = ORIENTED_EDGE ( 'NONE', *, *, #7435, .F. ) ;
#5281 = CARTESIAN_POINT ( 'NONE',  ( -38.09154393358412705, 3.828989928337165338, 22.19413092550791688 ) ) ;
#5282 = VECTOR ( 'NONE', #3213, 1000.000000000000000 ) ;
#5283 = VECTOR ( 'NONE', #3371, 1000.000000000000000 ) ;
#5284 = VECTOR ( 'NONE', #4533, 1000.000000000000000 ) ;
#5285 =( BOUNDED_CURVE ( )  B_SPLINE_CURVE ( 3, ( #2272, #5387, #4143, #6780 ),
 .UNSPECIFIED., .F., .F. ) 
 B_SPLINE_CURVE_WITH_KNOTS ( ( 4, 4 ),
 ( 5.934119456780718949, 6.283185307179586232 ),
 .UNSPECIFIED. ) 
 CURVE ( )  GEOMETRIC_REPRESENTATION_ITEM ( )  RATIONAL_B_SPLINE_CURVE ( ( 1.000000000000000000, 0.9898718353414719395, 0.9898718353414719395, 1.000000000000000000 ) ) 
 REPRESENTATION_ITEM ( '' )  );
#5286 = CYLINDRICAL_SURFACE ( 'NONE', #2796, 0.5000000000000004441 ) ;
#5287 = VERTEX_POINT ( 'NONE', #1144 ) ;
#5288 = DIRECTION ( 'NONE',  ( 0.000000000000000000, 0.000000000000000000, 1.000000000000000000 ) ) ;
#5289 = ORIENTED_EDGE ( 'NONE', *, *, #1534, .F. ) ;
#5290 = CARTESIAN_POINT ( 'NONE',  ( 16.39691145237208403, 3.828989928337165338, 45.94990323252980602 ) ) ;
#5291 = VECTOR ( 'NONE', #7124, 1000.000000000000000 ) ;
#5292 = CARTESIAN_POINT ( 'NONE',  ( -24.41822186690906449, 8.816027736361816025, 20.62322529920487568 ) ) ;
#5293 = LINE ( 'NONE', #2563, #4325 ) ;
#5294 = CYLINDRICAL_SURFACE ( 'NONE', #6484, 0.5000000000000004441 ) ;
#5295 = DIRECTION ( 'NONE',  ( 1.000000000000000000, 0.000000000000000000, 0.000000000000000000 ) ) ;
#5296 = CARTESIAN_POINT ( 'NONE',  ( -3.123088165252959847, 3.883938426159696977, 45.96990285015485256 ) ) ;
#5297 = ORIENTED_EDGE ( 'NONE', *, *, #7941, .T. ) ;
#5298 = ORIENTED_EDGE ( 'NONE', *, *, #6713, .F. ) ;
#5299 = DIRECTION ( 'NONE',  ( 1.000000000000000000, -0.000000000000000000, 0.000000000000000000 ) ) ;
#5300 = DIRECTION ( 'NONE',  ( 2.312964634635742957E-16, -0.000000000000000000, -1.000000000000000000 ) ) ;
#5301 = EDGE_CURVE ( 'NONE', #6598, #4310, #7030, .T. ) ;
#5302 = LINE ( 'NONE', #7934, #5283 ) ;
#5303 = CARTESIAN_POINT ( 'NONE',  ( -22.63324223723496331, 3.941525029986321815, 6.980056922136860464 ) ) ;
#5304 = CARTESIAN_POINT ( 'NONE',  ( 37.15268375939399448, 0.000000000000000000, 101.9441309255079062 ) ) ;
#5305 = EDGE_LOOP ( 'NONE', ( #3103, #1034, #8060, #253 ) ) ;
#5306 = EDGE_LOOP ( 'NONE', ( #385, #826, #3108, #5029 ) ) ;
#5307 = CARTESIAN_POINT ( 'NONE',  ( 0.000000000000000000, 4.000000000000000000, 61.90820492887896620 ) ) ;
#5308 = CARTESIAN_POINT ( 'NONE',  ( -4.001785595760413393E-16, 0.000000000000000000, 3.194130925507918217 ) ) ;
#5309 = DIRECTION ( 'NONE',  ( 1.000000000000000000, -0.000000000000000000, 0.000000000000000000 ) ) ;
#5310 = ADVANCED_FACE ( 'NONE', ( #2575 ), #1795, .T. ) ;
#5311 = EDGE_CURVE ( 'NONE', #124, #3408, #8151, .T. ) ;
#5312 = ADVANCED_FACE ( 'NONE', ( #7122 ), #3845, .T. ) ;
#5313 = CARTESIAN_POINT ( 'NONE',  ( 20.43860975602294516, 4.292893218813452094, 84.98005692213686757 ) ) ;
#5314 = LINE ( 'NONE', #1405, #70 ) ;
#5315 = EDGE_CURVE ( 'NONE', #4265, #6298, #7773, .T. ) ;
#5316 = ORIENTED_EDGE ( 'NONE', *, *, #6313, .F. ) ;
#5317 = DIRECTION ( 'NONE',  ( -0.3420201433256694901, -0.9396926207859082059, 0.000000000000000000 ) ) ;
#5318 = ORIENTED_EDGE ( 'NONE', *, *, #5375, .F. ) ;
#5319 = ORIENTED_EDGE ( 'NONE', *, *, #129, .T. ) ;
#5320 = ORIENTED_EDGE ( 'NONE', *, *, #4182, .T. ) ;
#5321 = DIRECTION ( 'NONE',  ( -1.156482317317871528E-15, 0.000000000000000000, 1.000000000000000000 ) ) ;
#5322 = CARTESIAN_POINT ( 'NONE',  ( -19.06139024397707971, 4.500000000000000000, 84.48005692213685336 ) ) ;
#5323 = ADVANCED_FACE ( 'NONE', ( #2528 ), #503, .T. ) ;
#5324 = EDGE_CURVE ( 'NONE', #2505, #6298, #4542, .T. ) ;
#5325 = FACE_OUTER_BOUND ( 'NONE', #3379, .T. ) ;
#5326 = CARTESIAN_POINT ( 'NONE',  ( -3.103088547627917304, 3.828989928337160453, 80.93835861848602065 ) ) ;
#5327 = EDGE_LOOP ( 'NONE', ( #7160, #4560, #6708, #5689, #1510 ) ) ;
#5328 = CARTESIAN_POINT ( 'NONE',  ( 16.86675776276503669, 4.000000000000000000, 0.000000000000000000 ) ) ;
#5329 = CARTESIAN_POINT ( 'NONE',  ( -19.98518229480393416, 0.000000000000000000, 80.69413092550790623 ) ) ;
#5330 = ADVANCED_FACE ( 'NONE', ( #8359 ), #2479, .T. ) ;
#5331 =( BOUNDED_CURVE ( )  B_SPLINE_CURVE ( 3, ( #6824, #2870, #2184, #3376 ),
 .UNSPECIFIED., .F., .F. ) 
 B_SPLINE_CURVE_WITH_KNOTS ( ( 4, 4 ),
 ( 5.934119456780715396, 6.283185307179586232 ),
 .UNSPECIFIED. ) 
 CURVE ( )  GEOMETRIC_REPRESENTATION_ITEM ( )  RATIONAL_B_SPLINE_CURVE ( ( 1.000000000000000000, 0.9898718353414717175, 0.9898718353414717175, 1.000000000000000000 ) ) 
 REPRESENTATION_ITEM ( '' )  );
#5332 = DIRECTION ( 'NONE',  ( 0.000000000000000000, 0.000000000000000000, 1.000000000000000000 ) ) ;
#5333 = DIRECTION ( 'NONE',  ( 2.312964634635740985E-16, -0.000000000000000000, -1.000000000000000000 ) ) ;
#5334 = VERTEX_POINT ( 'NONE', #3812 ) ;
#5335 = CARTESIAN_POINT ( 'NONE',  ( -18.34731624060601973, 4.500000000000000000, 85.19413092550790623 ) ) ;
#5336 = CARTESIAN_POINT ( 'NONE',  ( 16.86675776276503669, 4.000000000000000000, 0.000000000000000000 ) ) ;
#5337 = PLANE ( 'NONE',  #740 ) ;
#5338 = ORIENTED_EDGE ( 'NONE', *, *, #5899, .T. ) ;
#5339 = ORIENTED_EDGE ( 'NONE', *, *, #6362, .T. ) ;
#5340 = DIRECTION ( 'NONE',  ( -0.3420201433256694901, 0.9396926207859082059, 0.000000000000000000 ) ) ;
#5341 = DIRECTION ( 'NONE',  ( -4.625929269271465206E-16, 0.000000000000000000, -1.000000000000000000 ) ) ;
#5342 = CARTESIAN_POINT ( 'NONE',  ( -42.59731624060599131, 4.500000000000000000, 104.6941309255078920 ) ) ;
#5343 = DIRECTION ( 'NONE',  ( -0.3420201433256694901, 0.9396926207859082059, 0.000000000000000000 ) ) ;
#5344 = ORIENTED_EDGE ( 'NONE', *, *, #75, .T. ) ;
#5345 = CARTESIAN_POINT ( 'NONE',  ( -38.09154393358413415, 3.828989928337162674, 41.93835861848602065 ) ) ;
#5346 = LINE ( 'NONE', #3510, #5798 ) ;
#5347 = CARTESIAN_POINT ( 'NONE',  ( -51.09731624060602684, 5.000000000000000000, -33.30586907449208667 ) ) ;
#5348 = LINE ( 'NONE', #4925, #6470 ) ;
#5349 = CARTESIAN_POINT ( 'NONE',  ( -38.26849702516361873, 4.500000000000000000, 84.77295014095028591 ) ) ;
#5350 =( BOUNDED_CURVE ( )  B_SPLINE_CURVE ( 3, ( #2480, #2441, #7031, #5053 ),
 .UNSPECIFIED., .F., .F. ) 
 B_SPLINE_CURVE_WITH_KNOTS ( ( 4, 4 ),
 ( 0.000000000000000000, 1.570796326794896558 ),
 .UNSPECIFIED. ) 
 CURVE ( )  GEOMETRIC_REPRESENTATION_ITEM ( )  RATIONAL_B_SPLINE_CURVE ( ( 1.000000000000000000, 0.8047378541243649375, 0.8047378541243649375, 1.000000000000000000 ) ) 
 REPRESENTATION_ITEM ( '' )  );
#5351 = ORIENTED_EDGE ( 'NONE', *, *, #6548, .T. ) ;
#5352 = ORIENTED_EDGE ( 'NONE', *, *, #6128, .F. ) ;
#5353 = EDGE_CURVE ( 'NONE', #8364, #1944, #5822, .T. ) ;
#5354 = EDGE_LOOP ( 'NONE', ( #3138, #5351, #27, #5502 ) ) ;
#5355 = ADVANCED_FACE ( 'NONE', ( #5183 ), #3089, .T. ) ;
#5356 = VERTEX_POINT ( 'NONE', #1888 ) ;
#5357 = CARTESIAN_POINT ( 'NONE',  ( -22.42613545604841363, 4.500000000000000888, 6.772950140950311670 ) ) ;
#5358 = DIRECTION ( 'NONE',  ( -0.3236155771181852270, 0.8891264907159879272, -0.3236155771181854490 ) ) ;
#5359 = AXIS2_PLACEMENT_3D ( 'NONE', #3940, #7904, #6573 ) ;
#5360 = CARTESIAN_POINT ( 'NONE',  ( -38.09154393358411994, 3.828989928337162674, 100.4383586184860206 ) ) ;
#5361 = AXIS2_PLACEMENT_3D ( 'NONE', #8403, #5696, #5139 ) ;
#5362 = ORIENTED_EDGE ( 'NONE', *, *, #5464, .F. ) ;
#5363 = CARTESIAN_POINT ( 'NONE',  ( 20.40845606641586940, 3.828989928337164450, 45.94990323252980602 ) ) ;
#5364 = EDGE_CURVE ( 'NONE', #6014, #6722, #4491, .T. ) ;
#5365 = ORIENTED_EDGE ( 'NONE', *, *, #1287, .T. ) ;
#5366 = CARTESIAN_POINT ( 'NONE',  ( 19.93860975602293806, 4.000000000000000000, 9.223459845896851451E-15 ) ) ;
#5367 = EDGE_CURVE ( 'NONE', #3768, #8418, #1072, .T. ) ;
#5368 = DIRECTION ( 'NONE',  ( -1.000000000000000000, 0.000000000000000000, 0.000000000000000000 ) ) ;
#5369 = DIRECTION ( 'NONE',  ( 0.9396926207859082059, 0.3420201433256694901, 1.086737899652990385E-16 ) ) ;
#5370 = DIRECTION ( 'NONE',  ( -1.000000000000000000, 0.000000000000000000, -0.000000000000000000 ) ) ;
#5371 = ORIENTED_EDGE ( 'NONE', *, *, #5174, .F. ) ;
#5372 = CARTESIAN_POINT ( 'NONE',  ( -3.133242237234963312, 3.941525029986322703, 45.98005692213684625 ) ) ;
#5373 = CARTESIAN_POINT ( 'NONE',  ( -21.20945018640810886, 0.000000000000000000, 100.1941309255079062 ) ) ;
#5374 = CIRCLE ( 'NONE', #3605, 2.500000000000002220 ) ;
#5375 = EDGE_CURVE ( 'NONE', #4251, #5881, #410, .T. ) ;
#5376 = LINE ( 'NONE', #824, #5270 ) ;
#5377 = ORIENTED_EDGE ( 'NONE', *, *, #5367, .F. ) ;
#5378 = ORIENTED_EDGE ( 'NONE', *, *, #5116, .T. ) ;
#5379 = VECTOR ( 'NONE', #3338, 1000.000000000000114 ) ;
#5380 = CARTESIAN_POINT ( 'NONE',  ( 35.86675776276504735, 3.941525029986322703, 45.98005692213685336 ) ) ;
#5381 = LINE ( 'NONE', #2136, #3188 ) ;
#5382 = CARTESIAN_POINT ( 'NONE',  ( -38.09154393358412705, 3.828989928337164450, 80.93835861848602065 ) ) ;
#5383 = CARTESIAN_POINT ( 'NONE',  ( 37.29054981359189469, 0.000000000000000000, 82.33199697970582065 ) ) ;
#5384 = EDGE_LOOP ( 'NONE', ( #2943, #5007, #4773, #3346 ) ) ;
#5385 = AXIS2_PLACEMENT_3D ( 'NONE', #3864, #6497, #601 ) ;
#5386 = VERTEX_POINT ( 'NONE', #7157 ) ;
#5387 = CARTESIAN_POINT ( 'NONE',  ( 20.42845568404091949, 3.883938426159695645, 6.969902850154855223 ) ) ;
#5388 = FACE_OUTER_BOUND ( 'NONE', #3207, .T. ) ;
#5389 = VECTOR ( 'NONE', #8415, 1000.000000000000000 ) ;
#5390 = CARTESIAN_POINT ( 'NONE',  ( -18.76849702516362228, 4.500000000000001776, 81.11531171006551233 ) ) ;
#5391 = CARTESIAN_POINT ( 'NONE',  ( -3.747035622832277327E-16, 4.000000000000000000, 6.480056922136861353 ) ) ;
#5392 = CARTESIAN_POINT ( 'NONE',  ( 35.86675776276504735, 4.000000000000000000, 45.98005692213684625 ) ) ;
#5393 = CARTESIAN_POINT ( 'NONE',  ( -19.06139024397707260, 4.500000000000000000, 64.98005692213685336 ) ) ;
#5394 = AXIS2_PLACEMENT_3D ( 'NONE', #1211, #4431, #4354 ) ;
#5395 = FACE_OUTER_BOUND ( 'NONE', #2331, .T. ) ;
#5396 = VERTEX_POINT ( 'NONE', #5999 ) ;
#5397 = AXIS2_PLACEMENT_3D ( 'NONE', #2747, #1710, #6011 ) ;
#5398 = ORIENTED_EDGE ( 'NONE', *, *, #8476, .F. ) ;
#5399 = EDGE_LOOP ( 'NONE', ( #7006, #7590, #3493, #2412 ) ) ;
#5400 = ORIENTED_EDGE ( 'NONE', *, *, #7342, .F. ) ;
#5401 = CARTESIAN_POINT ( 'NONE',  ( 19.01481770519608716, 0.000000000000000000, 83.55626487131000601 ) ) ;
#5402 = DIRECTION ( 'NONE',  ( -1.000000000000000000, 0.000000000000000000, 0.000000000000000000 ) ) ;
#5403 = AXIS2_PLACEMENT_3D ( 'NONE', #8094, #5639, #7589 ) ;
#5404 = ADVANCED_FACE ( 'NONE', ( #2736 ), #4650, .F. ) ;
#5405 = PLANE ( 'NONE',  #7468 ) ;
#5406 = VECTOR ( 'NONE', #6498, 1000.000000000000000 ) ;
#5407 = EDGE_LOOP ( 'NONE', ( #1822, #4495, #3370, #5362 ) ) ;
#5408 = DIRECTION ( 'NONE',  ( -0.3420201433256694901, -0.9396926207859082059, 0.000000000000000000 ) ) ;
#5409 = VECTOR ( 'NONE', #1026, 1000.000000000000000 ) ;
#5410 = EDGE_LOOP ( 'NONE', ( #3008, #1753, #7821, #8190 ) ) ;
#5411 = FACE_OUTER_BOUND ( 'NONE', #6600, .T. ) ;
#5412 = AXIS2_PLACEMENT_3D ( 'NONE', #5650, #6603, #5998 ) ;
#5413 = VECTOR ( 'NONE', #7984, 1000.000000000000000 ) ;
#5414 = ORIENTED_EDGE ( 'NONE', *, *, #2238, .T. ) ;
#5415 = ADVANCED_FACE ( 'NONE', ( #8490 ), #705, .F. ) ;
#5416 = PLANE ( 'NONE',  #3182 ) ;
#5417 = CARTESIAN_POINT ( 'NONE',  ( 35.86675776276504735, 4.000000000000000000, 6.980056922136860464 ) ) ;
#5418 = ORIENTED_EDGE ( 'NONE', *, *, #863, .T. ) ;
#5419 = ADVANCED_FACE ( 'NONE', ( #7282 ), #6525, .T. ) ;
#5420 = LINE ( 'NONE', #230, #8423 ) ;
#5421 = AXIS2_PLACEMENT_3D ( 'NONE', #4286, #6918, #1030 ) ;
#5422 = ORIENTED_EDGE ( 'NONE', *, *, #391, .F. ) ;
#5423 = CARTESIAN_POINT ( 'NONE',  ( 0.9284556840409176059, 3.883938426159695645, 100.4183590008609741 ) ) ;
#5424 = VERTEX_POINT ( 'NONE', #66 ) ;
#5425 = ORIENTED_EDGE ( 'NONE', *, *, #165, .T. ) ;
#5426 = CARTESIAN_POINT ( 'NONE',  ( -22.63324223723497042, 4.000000000000000000, 22.40820492887897331 ) ) ;
#5427 = EDGE_CURVE ( 'NONE', #8040, #4400, #3294, .T. ) ;
#5428 = CARTESIAN_POINT ( 'NONE',  ( -38.56139024397706550, 4.500000000000000000, 64.98005692213685336 ) ) ;
#5429 = CARTESIAN_POINT ( 'NONE',  ( -3.103088547627917748, 3.828989928337167115, 45.94990323252980602 ) ) ;
#5430 = CARTESIAN_POINT ( 'NONE',  ( 0.9284556840409197154, 3.883938426159697421, 65.46990285015485256 ) ) ;
#5431 = EDGE_CURVE ( 'NONE', #2522, #4991, #2610, .T. ) ;
#5432 = FACE_OUTER_BOUND ( 'NONE', #777, .T. ) ;
#5433 = ORIENTED_EDGE ( 'NONE', *, *, #595, .T. ) ;
#5434 = VERTEX_POINT ( 'NONE', #6647 ) ;
#5435 = CARTESIAN_POINT ( 'NONE',  ( 35.75718170701325960, 0.000000000000000000, 101.8319969797058064 ) ) ;
#5436 = FACE_BOUND ( 'NONE', #4541, .T. ) ;
#5437 = CARTESIAN_POINT ( 'NONE',  ( 0.000000000000000000, 4.500000000000000000, 45.48005692213685336 ) ) ;
#5438 = DIRECTION ( 'NONE',  ( -1.000000000000000000, 0.000000000000000000, 0.000000000000000000 ) ) ;
#5439 = DIRECTION ( 'NONE',  ( 1.000000000000000000, -0.000000000000000000, 0.000000000000000000 ) ) ;
#5440 = DIRECTION ( 'NONE',  ( 5.433689498264956239E-17, 0.3420201433256694901, -0.9396926207859082059 ) ) ;
#5441 = FACE_OUTER_BOUND ( 'NONE', #3446, .T. ) ;
#5442 = ORIENTED_EDGE ( 'NONE', *, *, #2349, .T. ) ;
#5443 = EDGE_LOOP ( 'NONE', ( #4911, #7856, #6668, #2711 ) ) ;
#5444 = ORIENTED_EDGE ( 'NONE', *, *, #7654, .T. ) ;
#5445 = DIRECTION ( 'NONE',  ( -0.000000000000000000, -1.000000000000000000, 0.000000000000000000 ) ) ;
#5446 = ORIENTED_EDGE ( 'NONE', *, *, #1660, .T. ) ;
#5447 = CARTESIAN_POINT ( 'NONE',  ( -18.56139024397707260, 4.292893218813452094, 65.48005692213685336 ) ) ;
#5448 = ORIENTED_EDGE ( 'NONE', *, *, #6753, .F. ) ;
#5449 = CARTESIAN_POINT ( 'NONE',  ( -51.09731624060602684, 0.000000000000000000, -2.630869074492086845 ) ) ;
#5450 = ORIENTED_EDGE ( 'NONE', *, *, #4342, .T. ) ;
#5451 = FACE_OUTER_BOUND ( 'NONE', #7948, .T. ) ;
#5452 =( BOUNDED_CURVE ( )  B_SPLINE_CURVE ( 3, ( #657, #5248, #3286, #3202 ),
 .UNSPECIFIED., .F., .F. ) 
 B_SPLINE_CURVE_WITH_KNOTS ( ( 4, 4 ),
 ( 0.000000000000000000, 1.570796326794896558 ),
 .UNSPECIFIED. ) 
 CURVE ( )  GEOMETRIC_REPRESENTATION_ITEM ( )  RATIONAL_B_SPLINE_CURVE ( ( 1.000000000000000000, 0.8047378541243649375, 0.8047378541243649375, 1.000000000000000000 ) ) 
 REPRESENTATION_ITEM ( '' )  );
#5453 = ORIENTED_EDGE ( 'NONE', *, *, #4118, .F. ) ;
#5454 = DIRECTION ( 'NONE',  ( -0.000000000000000000, -1.000000000000000000, 0.000000000000000000 ) ) ;
#5455 = CARTESIAN_POINT ( 'NONE',  ( 35.86675776276504735, 4.292893218813452094, 61.40820492887897331 ) ) ;
#5456 = EDGE_LOOP ( 'NONE', ( #1689, #1326, #6883, #2820 ) ) ;
#5457 = CARTESIAN_POINT ( 'NONE',  ( 16.36675776276503669, 4.292893218813452094, 100.4082049288789875 ) ) ;
#5458 = CARTESIAN_POINT ( 'NONE',  ( 40.40268375939400158, 4.500000000000000000, 108.1941309255078920 ) ) ;
#5459 = ORIENTED_EDGE ( 'NONE', *, *, #7592, .F. ) ;
#5460 = DIRECTION ( 'NONE',  ( -1.000000000000000000, 0.000000000000000000, 0.000000000000000000 ) ) ;
#5461 = EDGE_LOOP ( 'NONE', ( #1141, #7396, #6277, #6762 ) ) ;
#5462 = VERTEX_POINT ( 'NONE', #4566 ) ;
#5463 = EDGE_CURVE ( 'NONE', #1010, #4094, #4061, .T. ) ;
#5464 = EDGE_CURVE ( 'NONE', #2759, #452, #628, .T. ) ;
#5465 = EDGE_CURVE ( 'NONE', #4735, #5386, #3933, .T. ) ;
#5466 = CARTESIAN_POINT ( 'NONE',  ( 20.65268375939398027, 4.500000000000000000, 22.19413092550791688 ) ) ;
#5467 = LINE ( 'NONE', #238, #6616 ) ;
#5468 = CARTESIAN_POINT ( 'NONE',  ( -37.84731624060601263, 4.500000000000000000, 100.1941309255079062 ) ) ;
#5469 = CARTESIAN_POINT ( 'NONE',  ( 16.86675776276506156, 4.000000000000000000, 3.901221420624344413E-15 ) ) ;
#5470 = ORIENTED_EDGE ( 'NONE', *, *, #2913, .F. ) ;
#5471 = ORIENTED_EDGE ( 'NONE', *, *, #695, .T. ) ;
#5472 = ADVANCED_FACE ( 'NONE', ( #6692 ), #7199, .T. ) ;
#5473 = CARTESIAN_POINT ( 'NONE',  ( 16.36675776276504024, 3.941525029986321815, 26.48005692213686402 ) ) ;
#5474 = CYLINDRICAL_SURFACE ( 'NONE', #1569, 2.399999999999999467 ) ;
#5475 = DIRECTION ( 'NONE',  ( -7.950815931560366507E-16, -4.633042321641727710E-32, 1.000000000000000000 ) ) ;
#5476 = EDGE_CURVE ( 'NONE', #7611, #7054, #2089, .T. ) ;
#5477 = CARTESIAN_POINT ( 'NONE',  ( -18.34731624060601618, 3.828989928337165338, 26.44990323252981312 ) ) ;
#5478 = CARTESIAN_POINT ( 'NONE',  ( 20.65268375939398027, 4.500000000000000000, 22.19413092550791688 ) ) ;
#5479 = CYLINDRICAL_SURFACE ( 'NONE', #2281, 0.5000000000000004441 ) ;
#5480 = CARTESIAN_POINT ( 'NONE',  ( -18.34731624060601973, 3.828989928337165338, 22.43835861848602065 ) ) ;
#5481 = ORIENTED_EDGE ( 'NONE', *, *, #6591, .T. ) ;
#5482 = VERTEX_POINT ( 'NONE', #1441 ) ;
#5483 = VERTEX_POINT ( 'NONE', #666 ) ;
#5484 = EDGE_CURVE ( 'NONE', #4051, #3794, #791, .T. ) ;
#5485 = ORIENTED_EDGE ( 'NONE', *, *, #6009, .T. ) ;
#5486 = CARTESIAN_POINT ( 'NONE',  ( 35.86675776276504735, 4.000000000000000000, 26.48005692213685691 ) ) ;
#5487 = LINE ( 'NONE', #6797, #2285 ) ;
#5488 = VERTEX_POINT ( 'NONE', #3971 ) ;
#5489 = DIRECTION ( 'NONE',  ( -1.541976423090495387E-16, 0.000000000000000000, -1.000000000000000000 ) ) ;
#5490 = ORIENTED_EDGE ( 'NONE', *, *, #8409, .F. ) ;
#5491 = CARTESIAN_POINT ( 'NONE',  ( 0.9084560664158753962, 3.828989928337165338, 80.69413092550790623 ) ) ;
#5492 = ORIENTED_EDGE ( 'NONE', *, *, #2535, .F. ) ;
#5493 = PLANE ( 'NONE',  #6920 ) ;
#5494 = CARTESIAN_POINT ( 'NONE',  ( 48.90268375939397316, 0.000000000000000000, -47.70586907449209235 ) ) ;
#5495 = VERTEX_POINT ( 'NONE', #23 ) ;
#5496 = AXIS2_PLACEMENT_3D ( 'NONE', #6785, #3560, #331 ) ;
#5497 = PLANE ( 'NONE',  #2487 ) ;
#5498 = CARTESIAN_POINT ( 'NONE',  ( 35.87691183474704815, 3.883938426159695645, 6.969902850154856111 ) ) ;
#5499 = ORIENTED_EDGE ( 'NONE', *, *, #1127, .T. ) ;
#5500 = FACE_OUTER_BOUND ( 'NONE', #6777, .T. ) ;
#5501 = DIRECTION ( 'NONE',  ( 0.000000000000000000, 0.9396926207859082059, 0.3420201433256694901 ) ) ;
#5502 = ORIENTED_EDGE ( 'NONE', *, *, #6430, .T. ) ;
#5503 = PLANE ( 'NONE',  #4037 ) ;
#5504 = VERTEX_POINT ( 'NONE', #2651 ) ;
#5505 =( BOUNDED_CURVE ( )  B_SPLINE_CURVE ( 3, ( #1515, #5455, #3441, #6161 ),
 .UNSPECIFIED., .F., .F. ) 
 B_SPLINE_CURVE_WITH_KNOTS ( ( 4, 4 ),
 ( 3.141592653589793116, 4.712388980384689674 ),
 .UNSPECIFIED. ) 
 CURVE ( )  GEOMETRIC_REPRESENTATION_ITEM ( )  RATIONAL_B_SPLINE_CURVE ( ( 1.000000000000000000, 0.8047378541243649375, 0.8047378541243649375, 1.000000000000000000 ) ) 
 REPRESENTATION_ITEM ( '' )  );
#5506 = EDGE_LOOP ( 'NONE', ( #3791, #7385, #166, #7323 ) ) ;
#5507 = VECTOR ( 'NONE', #6261, 1000.000000000000000 ) ;
#5508 = DIRECTION ( 'NONE',  ( -0.000000000000000000, -1.000000000000000000, 0.000000000000000000 ) ) ;
#5509 = CARTESIAN_POINT ( 'NONE',  ( 48.90268375939397316, 5.000000000000000000, -7.630869074492091286 ) ) ;
#5510 = DIRECTION ( 'NONE',  ( -1.252855843761027209E-16, 0.000000000000000000, 1.000000000000000000 ) ) ;
#5511 = EDGE_CURVE ( 'NONE', #4637, #5495, #1946, .T. ) ;
#5512 = EDGE_CURVE ( 'NONE', #5434, #1359, #2510, .T. ) ;
#5513 = CARTESIAN_POINT ( 'NONE',  ( 20.42845568404091594, 3.883938426159695645, 100.4183590008609741 ) ) ;
#5514 = CARTESIAN_POINT ( 'NONE',  ( -22.63324223723496331, 4.000000000000000000, 26.48005692213685691 ) ) ;
#5515 = ORIENTED_EDGE ( 'NONE', *, *, #7757, .F. ) ;
#5516 = CARTESIAN_POINT ( 'NONE',  ( 0.000000000000000000, 4.000000000000000000, 81.40820492887897331 ) ) ;
#5517 = ORIENTED_EDGE ( 'NONE', *, *, #1331, .T. ) ;
#5518 = CARTESIAN_POINT ( 'NONE',  ( 16.36675776276503669, 4.000000000000000000, 6.980056922136860464 ) ) ;
#5519 = VECTOR ( 'NONE', #1793, 1000.000000000000000 ) ;
#5520 = CARTESIAN_POINT ( 'NONE',  ( 19.93860975602291674, 4.500000000000000000, 45.48005692213685336 ) ) ;
#5521 = CARTESIAN_POINT ( 'NONE',  ( 1.152683759393978935, 4.500000000000000000, 41.69413092550791333 ) ) ;
#5522 = CARTESIAN_POINT ( 'NONE',  ( 1.938643918031286901E-14, 4.000000000000000000, 41.90820492887895909 ) ) ;
#5523 = DIRECTION ( 'NONE',  ( -0.000000000000000000, -0.000000000000000000, 1.000000000000000000 ) ) ;
#5524 = ADVANCED_FACE ( 'NONE', ( #6037 ), #7810, .T. ) ;
#5525 = EDGE_CURVE ( 'NONE', #8464, #7232, #4915, .T. ) ;
#5526 = CARTESIAN_POINT ( 'NONE',  ( 0.9084560664158769505, 3.828989928337165338, 45.94990323252980602 ) ) ;
#5527 = VERTEX_POINT ( 'NONE', #5429 ) ;
#5528 = AXIS2_PLACEMENT_3D ( 'NONE', #285, #4392, #7522 ) ;
#5529 = ORIENTED_EDGE ( 'NONE', *, *, #4889, .F. ) ;
#5530 = EDGE_CURVE ( 'NONE', #2497, #2762, #2841, .T. ) ;
#5531 = VERTEX_POINT ( 'NONE', #2182 ) ;
#5532 = ORIENTED_EDGE ( 'NONE', *, *, #4954, .F. ) ;
#5533 = LINE ( 'NONE', #4156, #7465 ) ;
#5534 = CARTESIAN_POINT ( 'NONE',  ( 19.93860975602292740, 4.500000000000000000, 6.480056922136858688 ) ) ;
#5535 = AXIS2_PLACEMENT_3D ( 'NONE', #6549, #3829, #5201 ) ;
#5536 = ADVANCED_FACE ( 'NONE', ( #3548 ), #4778, .T. ) ;
#5537 = ORIENTED_EDGE ( 'NONE', *, *, #3947, .T. ) ;
#5538 = LINE ( 'NONE', #6972, #7319 ) ;
#5539 = ORIENTED_EDGE ( 'NONE', *, *, #1907, .F. ) ;
#5540 = FACE_OUTER_BOUND ( 'NONE', #547, .T. ) ;
#5541 = AXIS2_PLACEMENT_3D ( 'NONE', #7142, #3869, #4390 ) ;
#5542 = VERTEX_POINT ( 'NONE', #1525 ) ;
#5543 = CARTESIAN_POINT ( 'NONE',  ( 0.9386097560229210712, 4.000000000000000000, 100.4082049288789875 ) ) ;
#5544 = VECTOR ( 'NONE', #4483, 1000.000000000000000 ) ;
#5545 = DIRECTION ( 'NONE',  ( 1.000000000000000000, -0.000000000000000000, 0.000000000000000000 ) ) ;
#5546 = VERTEX_POINT ( 'NONE', #1573 ) ;
#5547 = AXIS2_PLACEMENT_3D ( 'NONE', #1664, #5460, #4862 ) ;
#5548 = CARTESIAN_POINT ( 'NONE',  ( -38.56139024397707971, 4.500000000000000000, 42.40820492887898041 ) ) ;
#5549 = LINE ( 'NONE', #3403, #3453 ) ;
#5550 = AXIS2_PLACEMENT_3D ( 'NONE', #6154, #4165, #4847 ) ;
#5551 = EDGE_LOOP ( 'NONE', ( #5557, #7503, #7539, #3306, #1327 ) ) ;
#5552 = CARTESIAN_POINT ( 'NONE',  ( 0.000000000000000000, 4.000000000000000000, 64.98005692213685336 ) ) ;
#5553 = ORIENTED_EDGE ( 'NONE', *, *, #6056, .F. ) ;
#5554 = DIRECTION ( 'NONE',  ( 0.000000000000000000, 0.3420201433256694901, 0.9396926207859082059 ) ) ;
#5555 = ORIENTED_EDGE ( 'NONE', *, *, #3087, .F. ) ;
#5556 = VECTOR ( 'NONE', #3726, 1000.000000000000000 ) ;
#5557 = ORIENTED_EDGE ( 'NONE', *, *, #682, .F. ) ;
#5558 = VECTOR ( 'NONE', #81, 1000.000000000000000 ) ;
#5559 = CARTESIAN_POINT ( 'NONE',  ( -22.13324223723494910, 4.000000000000000000, -5.119340654455052478E-15 ) ) ;
#5560 = CARTESIAN_POINT ( 'NONE',  ( 0.7315029748363736095, 4.500000000000000000, 42.11531171006551233 ) ) ;
#5561 = VECTOR ( 'NONE', #5034, 1000.000000000000000 ) ;
#5562 = CARTESIAN_POINT ( 'NONE',  ( -19.06139024397707615, 4.500000000000000000, 81.40820492887897331 ) ) ;
#5563 = CARTESIAN_POINT ( 'NONE',  ( 20.40845606641589427, 3.828989928337165338, 84.94990323252980602 ) ) ;
#5564 =( BOUNDED_CURVE ( )  B_SPLINE_CURVE ( 3, ( #6592, #2074, #3921, #7923 ),
 .UNSPECIFIED., .F., .F. ) 
 B_SPLINE_CURVE_WITH_KNOTS ( ( 4, 4 ),
 ( 2.792526803190924944, 3.141592653589793116 ),
 .UNSPECIFIED. ) 
 CURVE ( )  GEOMETRIC_REPRESENTATION_ITEM ( )  RATIONAL_B_SPLINE_CURVE ( ( 1.000000000000000000, 0.9898718353414719395, 0.9898718353414719395, 1.000000000000000000 ) ) 
 REPRESENTATION_ITEM ( '' )  );
#5565 =( GEOMETRIC_REPRESENTATION_CONTEXT ( 3 ) GLOBAL_UNCERTAINTY_ASSIGNED_CONTEXT ( ( #5856 ) ) GLOBAL_UNIT_ASSIGNED_CONTEXT ( ( #6988, #368, #3324 ) ) REPRESENTATION_CONTEXT ( 'NONE', 'WORKASPACE' ) );
#5566 = ORIENTED_EDGE ( 'NONE', *, *, #1549, .F. ) ;
#5567 = DIRECTION ( 'NONE',  ( -1.368951553890978336E-17, 0.000000000000000000, 1.000000000000000000 ) ) ;
#5568 = ORIENTED_EDGE ( 'NONE', *, *, #8071, .F. ) ;
#5569 = CARTESIAN_POINT ( 'NONE',  ( 16.36675776276504024, 3.941525029986321815, 6.980056922136859576 ) ) ;
#5570 = VECTOR ( 'NONE', #877, 1000.000000000000000 ) ;
#5571 = EDGE_CURVE ( 'NONE', #7645, #2630, #8193, .T. ) ;
#5572 = CARTESIAN_POINT ( 'NONE',  ( 0.4386097560229275105, 4.000000000000000000, 4.438388736631687224E-17 ) ) ;
#5573 = FACE_OUTER_BOUND ( 'NONE', #2202, .T. ) ;
#5574 = CARTESIAN_POINT ( 'NONE',  ( 37.29054981359189469, 1.734723475976807094E-15, 44.55626487130999891 ) ) ;
#5575 = CARTESIAN_POINT ( 'NONE',  ( 0.000000000000000000, 4.000000000000000000, 45.48005692213685336 ) ) ;
#5576 = FACE_OUTER_BOUND ( 'NONE', #6004, .T. ) ;
#5577 = VERTEX_POINT ( 'NONE', #2219 ) ;
#5578 = EDGE_LOOP ( 'NONE', ( #4064, #6587, #6766, #254 ) ) ;
#5579 = ORIENTED_EDGE ( 'NONE', *, *, #604, .T. ) ;
#5580 = CYLINDRICAL_SURFACE ( 'NONE', #6526, 0.5000000000000004441 ) ;
#5581 = EDGE_CURVE ( 'NONE', #4408, #4251, #6864, .T. ) ;
#5582 = ADVANCED_FACE ( 'NONE', ( #2954 ), #2907, .T. ) ;
#5583 = ADVANCED_FACE ( 'NONE', ( #4272 ), #7419, .T. ) ;
#5584 = DIRECTION ( 'NONE',  ( 0.000000000000000000, 1.000000000000000000, -0.000000000000000000 ) ) ;
#5585 = CARTESIAN_POINT ( 'NONE',  ( 19.01481770519606940, 0.000000000000000000, 82.33199697970582065 ) ) ;
#5586 = EDGE_CURVE ( 'NONE', #3026, #7778, #2239, .T. ) ;
#5587 = ORIENTED_EDGE ( 'NONE', *, *, #6583, .T. ) ;
#5588 = CARTESIAN_POINT ( 'NONE',  ( 0.9084560664158769505, 3.828989928337165338, 45.94990323252980602 ) ) ;
#5589 = EDGE_LOOP ( 'NONE', ( #1110, #2345, #3368, #6617 ) ) ;
#5590 = CARTESIAN_POINT ( 'NONE',  ( 48.90268375939397316, 0.000000000000000000, -2.630869074492086845 ) ) ;
#5591 = ORIENTED_EDGE ( 'NONE', *, *, #1372, .T. ) ;
#5592 = CARTESIAN_POINT ( 'NONE',  ( -19.06139024397706194, 4.000000000000000000, -8.817664304261943909E-15 ) ) ;
#5593 = EDGE_CURVE ( 'NONE', #6745, #7812, #6729, .T. ) ;
#5594 = CYLINDRICAL_SURFACE ( 'NONE', #61, 0.5000000000000004441 ) ;
#5595 = CARTESIAN_POINT ( 'NONE',  ( 35.65268375939398027, 4.500000000000000000, 41.69413092550790623 ) ) ;
#5596 = FACE_OUTER_BOUND ( 'NONE', #1800, .T. ) ;
#5597 = ADVANCED_FACE ( 'NONE', ( #973 ), #6905, .T. ) ;
#5598 = CARTESIAN_POINT ( 'NONE',  ( 35.89691145237208758, 3.828989928337164450, 61.43835861848602775 ) ) ;
#5599 = CARTESIAN_POINT ( 'NONE',  ( 1.152683759393980711, 0.000000000000000000, 64.05626487130999180 ) ) ;
#5600 = ORIENTED_EDGE ( 'NONE', *, *, #4418, .F. ) ;
#5601 = DIRECTION ( 'NONE',  ( -1.000000000000000000, 0.000000000000000000, 0.000000000000000000 ) ) ;
#5602 = VERTEX_POINT ( 'NONE', #7514 ) ;
#5603 = LINE ( 'NONE', #6898, #1289 ) ;
#5604 = ORIENTED_EDGE ( 'NONE', *, *, #5253, .T. ) ;
#5605 = EDGE_CURVE ( 'NONE', #6104, #2715, #1624, .T. ) ;
#5606 = CARTESIAN_POINT ( 'NONE',  ( 0.000000000000000000, 4.000000000000000000, 22.90820492887897331 ) ) ;
#5607 = DIRECTION ( 'NONE',  ( -1.000000000000000000, 0.000000000000000000, -0.000000000000000000 ) ) ;
#5608 = CARTESIAN_POINT ( 'NONE',  ( -19.06139024397707971, 4.500000000000000000, 22.90820492887897331 ) ) ;
#5609 = CARTESIAN_POINT ( 'NONE',  ( 16.39691145237208758, 3.828989928337165338, 61.43835861848602775 ) ) ;
#5610 = ORIENTED_EDGE ( 'NONE', *, *, #5593, .T. ) ;
#5611 = CARTESIAN_POINT ( 'NONE',  ( 35.86675776276504735, 4.000000000000000000, 80.90820492887897331 ) ) ;
#5612 = EDGE_LOOP ( 'NONE', ( #4464, #4167, #4381, #5400 ) ) ;
#5613 = DIRECTION ( 'NONE',  ( 0.000000000000000000, -0.000000000000000000, -1.000000000000000000 ) ) ;
#5614 =( BOUNDED_CURVE ( )  B_SPLINE_CURVE ( 3, ( #2636, #3245, #8478, #7235 ),
 .UNSPECIFIED., .F., .F. ) 
 B_SPLINE_CURVE_WITH_KNOTS ( ( 4, 4 ),
 ( 1.570796326794896558, 3.141592653589793116 ),
 .UNSPECIFIED. ) 
 CURVE ( )  GEOMETRIC_REPRESENTATION_ITEM ( )  RATIONAL_B_SPLINE_CURVE ( ( 1.000000000000000000, 0.8047378541243649375, 0.8047378541243649375, 1.000000000000000000 ) ) 
 REPRESENTATION_ITEM ( '' )  );
#5615 = CARTESIAN_POINT ( 'NONE',  ( 20.23150297483637061, 4.500000000000000000, 100.6153117100655123 ) ) ;
#5616 = LINE ( 'NONE', #4241, #5690 ) ;
#5617 = DIRECTION ( 'NONE',  ( 4.625929269271485914E-16, -0.000000000000000000, -1.000000000000000000 ) ) ;
#5618 = ORIENTED_EDGE ( 'NONE', *, *, #2302, .T. ) ;
#5619 = ORIENTED_EDGE ( 'NONE', *, *, #172, .T. ) ;
#5620 = CARTESIAN_POINT ( 'NONE',  ( -18.76849702516361873, 4.500000000000000888, 26.27295014095031433 ) ) ;
#5621 = CYLINDRICAL_SURFACE ( 'NONE', #757, 0.5000000000000004441 ) ;
#5622 = VERTEX_POINT ( 'NONE', #6211 ) ;
#5623 = CARTESIAN_POINT ( 'NONE',  ( 0.4386097560229238468, 4.500000000000000000, 5.072444270436172326E-17 ) ) ;
#5624 = EDGE_CURVE ( 'NONE', #4181, #3715, #1014, .T. ) ;
#5625 = EDGE_CURVE ( 'NONE', #1480, #3782, #5381, .T. ) ;
#5626 = EDGE_LOOP ( 'NONE', ( #4419, #5882, #2206, #5674 ) ) ;
#5627 = CARTESIAN_POINT ( 'NONE',  ( 35.89691145237208758, 3.828989928337163562, 80.69413092550790623 ) ) ;
#5628 = ORIENTED_EDGE ( 'NONE', *, *, #7852, .T. ) ;
#5629 = CARTESIAN_POINT ( 'NONE',  ( -38.56139024397704418, 4.500000000000000000, -1.783822637934133291E-14 ) ) ;
#5630 = CARTESIAN_POINT ( 'NONE',  ( 0.000000000000000000, 0.000000000000000000, -41.80586907449207956 ) ) ;
#5631 = LINE ( 'NONE', #3740, #1886 ) ;
#5632 = DIRECTION ( 'NONE',  ( 1.734723475976807094E-16, 0.000000000000000000, 1.000000000000000000 ) ) ;
#5633 = FACE_OUTER_BOUND ( 'NONE', #6177, .T. ) ;
#5634 = CARTESIAN_POINT ( 'NONE',  ( 16.36675776276503669, 4.000000000000000000, 22.40820492887897686 ) ) ;
#5635 = EDGE_CURVE ( 'NONE', #6684, #738, #6080, .T. ) ;
#5636 = ORIENTED_EDGE ( 'NONE', *, *, #6903, .T. ) ;
#5637 = LINE ( 'NONE', #8263, #5966 ) ;
#5638 = ORIENTED_EDGE ( 'NONE', *, *, #3700, .F. ) ;
#5639 = DIRECTION ( 'NONE',  ( 0.000000000000000000, 0.3420201433256694901, 0.9396926207859082059 ) ) ;
#5640 = EDGE_CURVE ( 'NONE', #4047, #5434, #5467, .T. ) ;
#5641 = ORIENTED_EDGE ( 'NONE', *, *, #1486, .T. ) ;
#5642 = VECTOR ( 'NONE', #3512, 1000.000000000000000 ) ;
#5643 = FACE_BOUND ( 'NONE', #4460, .T. ) ;
#5644 = CARTESIAN_POINT ( 'NONE',  ( -19.06139024397707971, 4.000000000000000000, 0.000000000000000000 ) ) ;
#5645 = EDGE_CURVE ( 'NONE', #886, #4426, #7985, .T. ) ;
#5646 = DIRECTION ( 'NONE',  ( -0.3236155771181852825, 0.8891264907159880382, -0.3236155771181852825 ) ) ;
#5647 = AXIS2_PLACEMENT_3D ( 'NONE', #7974, #3887, #5341 ) ;
#5648 = ORIENTED_EDGE ( 'NONE', *, *, #4791, .T. ) ;
#5649 = ORIENTED_EDGE ( 'NONE', *, *, #8065, .F. ) ;
#5650 = CARTESIAN_POINT ( 'NONE',  ( -37.84731624060601263, 4.500000000000000000, 85.19413092550790623 ) ) ;
#5651 = CARTESIAN_POINT ( 'NONE',  ( -21.84731624060601263, -7.500000000000000000, -2.730869074492088711 ) ) ;
#5652 = DIRECTION ( 'NONE',  ( 0.000000000000000000, 0.000000000000000000, 1.000000000000000000 ) ) ;
#5653 = FACE_OUTER_BOUND ( 'NONE', #1540, .T. ) ;
#5654 = CARTESIAN_POINT ( 'NONE',  ( 20.65268375939397316, 3.828989928337163562, 45.94990323252980602 ) ) ;
#5655 = ORIENTED_EDGE ( 'NONE', *, *, #2772, .F. ) ;
#5656 = ORIENTED_EDGE ( 'NONE', *, *, #4671, .F. ) ;
#5657 = DIRECTION ( 'NONE',  ( 0.000000000000000000, 0.000000000000000000, -1.000000000000000000 ) ) ;
#5658 = DIRECTION ( 'NONE',  ( -1.000000000000000000, 0.000000000000000000, -5.782411586589357392E-17 ) ) ;
#5659 = VECTOR ( 'NONE', #4432, 1000.000000000000000 ) ;
#5660 = ORIENTED_EDGE ( 'NONE', *, *, #3174, .F. ) ;
#5661 = DIRECTION ( 'NONE',  ( 0.000000000000000000, 1.000000000000000000, -0.000000000000000000 ) ) ;
#5662 = EDGE_LOOP ( 'NONE', ( #5700, #3343, #2446, #816 ) ) ;
#5663 = DIRECTION ( 'NONE',  ( 0.000000000000000000, -0.000000000000000000, -1.000000000000000000 ) ) ;
#5664 = VERTEX_POINT ( 'NONE', #8311 ) ;
#5665 = CARTESIAN_POINT ( 'NONE',  ( 48.90268375939397316, 0.000000000000000000, -33.30586907449208667 ) ) ;
#5666 = DIRECTION ( 'NONE',  ( 1.000000000000000000, 0.000000000000000000, 1.156482317317872514E-15 ) ) ;
#5667 = VECTOR ( 'NONE', #7047, 1000.000000000000000 ) ;
#5668 = LINE ( 'NONE', #1087, #889 ) ;
#5669 = VECTOR ( 'NONE', #6020, 1000.000000000000000 ) ;
#5670 = EDGE_CURVE ( 'NONE', #266, #5483, #7716, .T. ) ;
#5671 = ORIENTED_EDGE ( 'NONE', *, *, #1264, .F. ) ;
#5672 = CARTESIAN_POINT ( 'NONE',  ( -4.036156202161745011E-16, 4.000000000000000000, 6.980056922136861353 ) ) ;
#5673 = AXIS2_PLACEMENT_3D ( 'NONE', #6867, #716, #5317 ) ;
#5674 = ORIENTED_EDGE ( 'NONE', *, *, #1604, .F. ) ;
#5675 = FACE_OUTER_BOUND ( 'NONE', #5662, .T. ) ;
#5676 = ORIENTED_EDGE ( 'NONE', *, *, #3174, .T. ) ;
#5677 = VECTOR ( 'NONE', #8254, 1000.000000000000000 ) ;
#5678 = CARTESIAN_POINT ( 'NONE',  ( 0.7315029748363858220, 4.500000000000000888, 84.77295014095028591 ) ) ;
#5679 = EDGE_CURVE ( 'NONE', #2848, #4571, #3837, .T. ) ;
#5680 = EDGE_CURVE ( 'NONE', #7768, #1767, #7638, .T. ) ;
#5681 = AXIS2_PLACEMENT_3D ( 'NONE', #7751, #1817, #1699 ) ;
#5682 = FACE_BOUND ( 'NONE', #858, .T. ) ;
#5683 = ADVANCED_FACE ( 'NONE', ( #5723 ), #3159, .F. ) ;
#5684 =( BOUNDED_CURVE ( )  B_SPLINE_CURVE ( 3, ( #3034, #1064, #533, #6302 ),
 .UNSPECIFIED., .F., .F. ) 
 B_SPLINE_CURVE_WITH_KNOTS ( ( 4, 4 ),
 ( 3.141592653589793116, 3.490658503988661288 ),
 .UNSPECIFIED. ) 
 CURVE ( )  GEOMETRIC_REPRESENTATION_ITEM ( )  RATIONAL_B_SPLINE_CURVE ( ( 1.000000000000000000, 0.9898718353414719395, 0.9898718353414719395, 1.000000000000000000 ) ) 
 REPRESENTATION_ITEM ( '' )  );
#5685 = DIRECTION ( 'NONE',  ( 2.312964634635742957E-16, -0.000000000000000000, -1.000000000000000000 ) ) ;
#5686 = FACE_OUTER_BOUND ( 'NONE', #252, .T. ) ;
#5687 = VECTOR ( 'NONE', #355, 1000.000000000000000 ) ;
#5688 = CARTESIAN_POINT ( 'NONE',  ( -3.123088165252960291, 3.883938426159695645, 84.96990285015485256 ) ) ;
#5689 = ORIENTED_EDGE ( 'NONE', *, *, #8306, .T. ) ;
#5690 = VECTOR ( 'NONE', #3646, 1000.000000000000000 ) ;
#5691 = EDGE_LOOP ( 'NONE', ( #464, #497, #7636, #3861 ) ) ;
#5692 = EDGE_CURVE ( 'NONE', #4991, #1500, #4436, .T. ) ;
#5693 = AXIS2_PLACEMENT_3D ( 'NONE', #7210, #7853, #1973 ) ;
#5694 = CARTESIAN_POINT ( 'NONE',  ( 1.152683759393990925, 4.500000000000000000, 85.19413092550790623 ) ) ;
#5695 = EDGE_CURVE ( 'NONE', #5745, #4251, #1063, .T. ) ;
#5696 = DIRECTION ( 'NONE',  ( 0.000000000000000000, -1.000000000000000000, 0.000000000000000000 ) ) ;
#5697 = VECTOR ( 'NONE', #3678, 1000.000000000000000 ) ;
#5698 = FACE_OUTER_BOUND ( 'NONE', #5305, .T. ) ;
#5699 = CARTESIAN_POINT ( 'NONE',  ( -22.63324223723496331, 4.000000000000000000, -5.234988886186843299E-15 ) ) ;
#5700 = ORIENTED_EDGE ( 'NONE', *, *, #7692, .T. ) ;
#5701 = VERTEX_POINT ( 'NONE', #2514 ) ;
#5702 = CARTESIAN_POINT ( 'NONE',  ( -18.34731624060602329, 4.500000000000000000, 41.69413092550791333 ) ) ;
#5703 = CARTESIAN_POINT ( 'NONE',  ( -57.59731624060601973, 4.500000000000000000, 6.633388656321294430E-15 ) ) ;
#5704 = DIRECTION ( 'NONE',  ( 1.000000000000000000, 0.000000000000000000, 0.000000000000000000 ) ) ;
#5705 = AXIS2_PLACEMENT_3D ( 'NONE', #6052, #680, #2794 ) ;
#5706 = ORIENTED_EDGE ( 'NONE', *, *, #5625, .F. ) ;
#5707 = DIRECTION ( 'NONE',  ( 0.000000000000000000, 0.000000000000000000, 1.000000000000000000 ) ) ;
#5708 = ORIENTED_EDGE ( 'NONE', *, *, #3467, .F. ) ;
#5709 = VERTEX_POINT ( 'NONE', #1096 ) ;
#5710 = VERTEX_POINT ( 'NONE', #2468 ) ;
#5711 = CARTESIAN_POINT ( 'NONE',  ( 0.4386097560229231807, 4.500000000000000000, 6.480056922136859576 ) ) ;
#5712 =( BOUNDED_CURVE ( )  B_SPLINE_CURVE ( 3, ( #2512, #2919, #2466, #5762 ),
 .UNSPECIFIED., .F., .F. ) 
 B_SPLINE_CURVE_WITH_KNOTS ( ( 4, 4 ),
 ( 1.570796326794896558, 3.141592653589793116 ),
 .UNSPECIFIED. ) 
 CURVE ( )  GEOMETRIC_REPRESENTATION_ITEM ( )  RATIONAL_B_SPLINE_CURVE ( ( 1.000000000000000000, 0.8047378541243649375, 0.8047378541243649375, 1.000000000000000000 ) ) 
 REPRESENTATION_ITEM ( '' )  );
#5713 = DIRECTION ( 'NONE',  ( -1.156482317317871528E-15, -0.000000000000000000, 1.000000000000000000 ) ) ;
#5714 = DIRECTION ( 'NONE',  ( 0.3236155771181852825, 0.8891264907159880382, 0.3236155771181852825 ) ) ;
#5715 = FACE_OUTER_BOUND ( 'NONE', #4175, .T. ) ;
#5716 = VERTEX_POINT ( 'NONE', #8390 ) ;
#5717 = CARTESIAN_POINT ( 'NONE',  ( -2.926135456048415850, 4.500000000000000888, 26.27295014095031433 ) ) ;
#5718 = ORIENTED_EDGE ( 'NONE', *, *, #2917, .T. ) ;
#5719 = DIRECTION ( 'NONE',  ( 0.000000000000000000, 0.000000000000000000, 1.000000000000000000 ) ) ;
#5720 = ORIENTED_EDGE ( 'NONE', *, *, #4680, .F. ) ;
#5721 = CARTESIAN_POINT ( 'NONE',  ( 20.23150297483638127, 4.500000000000000888, 65.27295014095030012 ) ) ;
#5722 = CARTESIAN_POINT ( 'NONE',  ( -46.09731624060601973, 4.500000000000000000, -41.80586907449207956 ) ) ;
#5723 = FACE_OUTER_BOUND ( 'NONE', #8342, .T. ) ;
#5724 = DIRECTION ( 'NONE',  ( 1.156482317317870985E-16, -0.000000000000000000, -1.000000000000000000 ) ) ;
#5725 = DIRECTION ( 'NONE',  ( 1.000000000000000000, 0.000000000000000000, 0.000000000000000000 ) ) ;
#5726 = DIRECTION ( 'NONE',  ( -0.3420201433256694901, -0.9396926207859082059, 0.000000000000000000 ) ) ;
#5727 = EDGE_CURVE ( 'NONE', #7949, #884, #7022, .T. ) ;
#5728 = ADVANCED_FACE ( 'NONE', ( #3033 ), #8229, .T. ) ;
#5729 = CARTESIAN_POINT ( 'NONE',  ( 0.9084560664158751742, 3.828989928337164894, 41.93835861848602065 ) ) ;
#5730 = ORIENTED_EDGE ( 'NONE', *, *, #6319, .F. ) ;
#5731 = ORIENTED_EDGE ( 'NONE', *, *, #5276, .T. ) ;
#5732 =( BOUNDED_CURVE ( )  B_SPLINE_CURVE ( 3, ( #684, #7229, #606, #1371 ),
 .UNSPECIFIED., .F., .F. ) 
 B_SPLINE_CURVE_WITH_KNOTS ( ( 4, 4 ),
 ( 1.570796326794906994, 3.141592653589793116 ),
 .UNSPECIFIED. ) 
 CURVE ( )  GEOMETRIC_REPRESENTATION_ITEM ( )  RATIONAL_B_SPLINE_CURVE ( ( 1.000000000000000000, 0.8047378541243674910, 0.8047378541243674910, 1.000000000000000000 ) ) 
 REPRESENTATION_ITEM ( '' )  );
#5733 = DIRECTION ( 'NONE',  ( -1.000000000000000000, 0.000000000000000000, 0.000000000000000000 ) ) ;
#5734 = CARTESIAN_POINT ( 'NONE',  ( 48.90268375939397316, -7.500000000000000000, -42.90586907449209519 ) ) ;
#5735 = CARTESIAN_POINT ( 'NONE',  ( 1.961773564377644750E-14, 4.000000000000000000, 42.40820492887898041 ) ) ;
#5736 = CARTESIAN_POINT ( 'NONE',  ( -3.133242237234963312, 4.000000000000000000, 45.98005692213686046 ) ) ;
#5737 = FACE_OUTER_BOUND ( 'NONE', #8051, .T. ) ;
#5738 = ORIENTED_EDGE ( 'NONE', *, *, #3635, .F. ) ;
#5739 = EDGE_CURVE ( 'NONE', #4426, #1641, #2771, .T. ) ;
#5740 = ORIENTED_EDGE ( 'NONE', *, *, #1533, .T. ) ;
#5741 = EDGE_CURVE ( 'NONE', #6296, #2605, #7712, .T. ) ;
#5742 = LINE ( 'NONE', #509, #2511 ) ;
#5743 = DIRECTION ( 'NONE',  ( 1.000000000000000000, 0.000000000000000000, 0.000000000000000000 ) ) ;
#5744 = DIRECTION ( 'NONE',  ( 0.000000000000000000, 0.000000000000000000, -1.000000000000000000 ) ) ;
#5745 = VERTEX_POINT ( 'NONE', #5043 ) ;
#5746 = CARTESIAN_POINT ( 'NONE',  ( -31.84731624060601618, -7.500000000000000000, -7.530869074492096971 ) ) ;
#5747 = EDGE_CURVE ( 'NONE', #5841, #3, #8098, .T. ) ;
#5748 = ORIENTED_EDGE ( 'NONE', *, *, #2936, .F. ) ;
#5749 = ORIENTED_EDGE ( 'NONE', *, *, #7390, .T. ) ;
#5750 = ORIENTED_EDGE ( 'NONE', *, *, #8071, .T. ) ;
#5751 = LINE ( 'NONE', #1161, #2803 ) ;
#5752 = CYLINDRICAL_SURFACE ( 'NONE', #4159, 0.5000000000000004441 ) ;
#5753 = CYLINDRICAL_SURFACE ( 'NONE', #4454, 0.5000000000000004441 ) ;
#5754 = CARTESIAN_POINT ( 'NONE',  ( 17.79054981359189469, 8.673617379884035472E-16, 23.83199697970583131 ) ) ;
#5755 = CARTESIAN_POINT ( 'NONE',  ( 0.000000000000000000, 4.000000000000000000, 64.98005692213685336 ) ) ;
#5756 = ORIENTED_EDGE ( 'NONE', *, *, #595, .F. ) ;
#5757 = CARTESIAN_POINT ( 'NONE',  ( 16.57386454395158992, 4.500000000000000888, 61.61531171006551233 ) ) ;
#5758 = ORIENTED_EDGE ( 'NONE', *, *, #6313, .T. ) ;
#5759 = PLANE ( 'NONE',  #7051 ) ;
#5760 = CARTESIAN_POINT ( 'NONE',  ( -18.56139024397707260, 3.941525029986320927, 26.48005692213685691 ) ) ;
#5761 = VERTEX_POINT ( 'NONE', #7762 ) ;
#5762 = CARTESIAN_POINT ( 'NONE',  ( -38.06139024397707260, 4.000000000000000000, 100.4082049288789733 ) ) ;
#5763 = PLANE ( 'NONE',  #76 ) ;
#5764 = CARTESIAN_POINT ( 'NONE',  ( -39.48518229480394126, 0.000000000000000000, 41.69413092550791333 ) ) ;
#5765 = CARTESIAN_POINT ( 'NONE',  ( -37.84731624060601973, 4.500000000000000000, 61.19413092550791333 ) ) ;
#5766 = DIRECTION ( 'NONE',  ( 0.000000000000000000, 0.000000000000000000, 1.000000000000000000 ) ) ;
#5767 = CARTESIAN_POINT ( 'NONE',  ( 0.000000000000000000, 4.500000000000000000, 45.48005692213685336 ) ) ;
#5768 = FACE_OUTER_BOUND ( 'NONE', #7806, .T. ) ;
#5769 = ORIENTED_EDGE ( 'NONE', *, *, #7898, .T. ) ;
#5770 = EDGE_LOOP ( 'NONE', ( #4407, #5180, #920, #924 ) ) ;
#5771 = VECTOR ( 'NONE', #673, 1000.000000000000000 ) ;
#5772 = EDGE_CURVE ( 'NONE', #2952, #6146, #3677, .T. ) ;
#5773 = DIRECTION ( 'NONE',  ( 0.000000000000000000, 0.9396926207859082059, 0.3420201433256694901 ) ) ;
#5774 = DIRECTION ( 'NONE',  ( 0.3236155771181852825, 0.8891264907159878161, -0.3236155771181854490 ) ) ;
#5775 = DIRECTION ( 'NONE',  ( -2.312964634635742957E-16, 0.000000000000000000, 1.000000000000000000 ) ) ;
#5776 = VECTOR ( 'NONE', #7380, 1000.000000000000000 ) ;
#5777 = ADVANCED_BREP_SHAPE_REPRESENTATION ( 'Calculator_Plate', ( #7137, #8308 ), #5565 ) ;
#5778 = LINE ( 'NONE', #1231, #1058 ) ;
#5779 = ORIENTED_EDGE ( 'NONE', *, *, #4898, .F. ) ;
#5780 = FACE_OUTER_BOUND ( 'NONE', #1432, .T. ) ;
#5781 =( BOUNDED_CURVE ( )  B_SPLINE_CURVE ( 3, ( #1237, #6940, #1271, #2342 ),
 .UNSPECIFIED., .F., .F. ) 
 B_SPLINE_CURVE_WITH_KNOTS ( ( 4, 4 ),
 ( 3.141592653589793116, 3.490658503988659955 ),
 .UNSPECIFIED. ) 
 CURVE ( )  GEOMETRIC_REPRESENTATION_ITEM ( )  RATIONAL_B_SPLINE_CURVE ( ( 1.000000000000000000, 0.9898718353414720506, 0.9898718353414720506, 1.000000000000000000 ) ) 
 REPRESENTATION_ITEM ( '' )  );
#5782 = AXIS2_PLACEMENT_3D ( 'NONE', #2343, #4946, #7585 ) ;
#5783 = DIRECTION ( 'NONE',  ( 0.000000000000000000, 0.000000000000000000, 1.000000000000000000 ) ) ;
#5784 = DIRECTION ( 'NONE',  ( 0.000000000000000000, 0.000000000000000000, -1.000000000000000000 ) ) ;
#5785 = DIRECTION ( 'NONE',  ( -1.000000000000000000, 0.000000000000000000, 0.000000000000000000 ) ) ;
#5786 = ADVANCED_FACE ( 'NONE', ( #1217 ), #2352, .F. ) ;
#5787 = EDGE_CURVE ( 'NONE', #3581, #6651, #3708, .T. ) ;
#5788 = CARTESIAN_POINT ( 'NONE',  ( 16.36675776276504024, 4.000000000000000000, 84.98005692213685336 ) ) ;
#5789 = ADVANCED_FACE ( 'NONE', ( #4357 ), #6513, .T. ) ;
#5790 = ORIENTED_EDGE ( 'NONE', *, *, #7808, .T. ) ;
#5791 = LINE ( 'NONE', #7216, #5807 ) ;
#5792 = CIRCLE ( 'NONE', #1548, 3.500000000000003109 ) ;
#5793 = ORIENTED_EDGE ( 'NONE', *, *, #1627, .T. ) ;
#5794 = ORIENTED_EDGE ( 'NONE', *, *, #7274, .T. ) ;
#5795 = ORIENTED_EDGE ( 'NONE', *, *, #2433, .T. ) ;
#5796 = DIRECTION ( 'NONE',  ( -0.000000000000000000, -0.000000000000000000, 1.000000000000000000 ) ) ;
#5797 = DIRECTION ( 'NONE',  ( -0.9396926207859082059, 0.3420201433256694901, -2.173475799305982003E-16 ) ) ;
#5798 = VECTOR ( 'NONE', #800, 1000.000000000000000 ) ;
#5799 = EDGE_CURVE ( 'NONE', #4265, #3447, #7166, .T. ) ;
#5800 = ADVANCED_FACE ( 'NONE', ( #7831 ), #5859, .F. ) ;
#5801 = CARTESIAN_POINT ( 'NONE',  ( 0.9386097560229212933, 3.941525029986321815, 80.90820492887897331 ) ) ;
#5802 = ORIENTED_EDGE ( 'NONE', *, *, #6001, .F. ) ;
#5803 = DIRECTION ( 'NONE',  ( -0.000000000000000000, -0.000000000000000000, -1.000000000000000000 ) ) ;
#5804 = ORIENTED_EDGE ( 'NONE', *, *, #2489, .T. ) ;
#5805 = CYLINDRICAL_SURFACE ( 'NONE', #5541, 0.5000000000000004441 ) ;
#5806 = CARTESIAN_POINT ( 'NONE',  ( 37.29054981359190180, -8.673617379884035472E-16, 62.83199697970584197 ) ) ;
#5807 = VECTOR ( 'NONE', #4540, 1000.000000000000000 ) ;
#5808 = CARTESIAN_POINT ( 'NONE',  ( -22.60308854762791597, 3.828989928337165338, 61.43835861848602065 ) ) ;
#5809 = ADVANCED_FACE ( 'NONE', ( #6632 ), #572, .T. ) ;
#5810 = CARTESIAN_POINT ( 'NONE',  ( 35.86675776276504735, 4.000000000000000000, 100.4082049288789591 ) ) ;
#5811 = FACE_OUTER_BOUND ( 'NONE', #4018, .T. ) ;
#5812 = VECTOR ( 'NONE', #6254, 1000.000000000000000 ) ;
#5813 = DIRECTION ( 'NONE',  ( 0.000000000000000000, 0.000000000000000000, 1.000000000000000000 ) ) ;
#5814 = CARTESIAN_POINT ( 'NONE',  ( -2.633242237234961980, 4.000000000000000000, -3.045298084576785445E-16 ) ) ;
#5815 = CARTESIAN_POINT ( 'NONE',  ( 1.152683759393977381, 0.000000000000000000, 101.8319969797058206 ) ) ;
#5816 = ORIENTED_EDGE ( 'NONE', *, *, #3017, .F. ) ;
#5817 = ORIENTED_EDGE ( 'NONE', *, *, #2936, .T. ) ;
#5818 = AXIS2_PLACEMENT_3D ( 'NONE', #3015, #6355, #4295 ) ;
#5819 = LINE ( 'NONE', #2475, #4592 ) ;
#5820 = FACE_OUTER_BOUND ( 'NONE', #5854, .T. ) ;
#5821 = CARTESIAN_POINT ( 'NONE',  ( 20.65268375939397316, 4.500000000000000000, 61.19413092550791333 ) ) ;
#5822 = LINE ( 'NONE', #3172, #8123 ) ;
#5823 = AXIS2_PLACEMENT_3D ( 'NONE', #6248, #7626, #7541 ) ;
#5824 = FACE_OUTER_BOUND ( 'NONE', #7492, .T. ) ;
#5825 = CARTESIAN_POINT ( 'NONE',  ( 36.36675776276504735, 4.500000000000000000, 25.98005692213686046 ) ) ;
#5826 = EDGE_LOOP ( 'NONE', ( #5995, #2126, #7028, #181, #1646 ) ) ;
#5827 = ORIENTED_EDGE ( 'NONE', *, *, #7301, .F. ) ;
#5828 = AXIS2_PLACEMENT_3D ( 'NONE', #5172, #7111, #4641 ) ;
#5829 = AXIS2_PLACEMENT_3D ( 'NONE', #4410, #7163, #5657 ) ;
#5830 = CARTESIAN_POINT ( 'NONE',  ( 0.9386097560229235137, 4.000000000000000000, 6.980056922136860464 ) ) ;
#5831 = AXIS2_PLACEMENT_3D ( 'NONE', #7246, #2737, #7936 ) ;
#5832 = DIRECTION ( 'NONE',  ( 0.000000000000000000, 0.000000000000000000, 1.000000000000000000 ) ) ;
#5833 = PLANE ( 'NONE',  #1114 ) ;
#5834 = ORIENTED_EDGE ( 'NONE', *, *, #1718, .T. ) ;
#5835 = CARTESIAN_POINT ( 'NONE',  ( -22.63324223723496331, 4.292893218813452094, 26.48005692213686046 ) ) ;
#5836 = VECTOR ( 'NONE', #1356, 1000.000000000000000 ) ;
#5837 = ORIENTED_EDGE ( 'NONE', *, *, #6655, .T. ) ;
#5838 =( BOUNDED_CURVE ( )  B_SPLINE_CURVE ( 3, ( #7799, #5171, #3360, #1379 ),
 .UNSPECIFIED., .F., .F. ) 
 B_SPLINE_CURVE_WITH_KNOTS ( ( 4, 4 ),
 ( 1.570796326794896558, 3.141592653589793116 ),
 .UNSPECIFIED. ) 
 CURVE ( )  GEOMETRIC_REPRESENTATION_ITEM ( )  RATIONAL_B_SPLINE_CURVE ( ( 1.000000000000000000, 0.8047378541243649375, 0.8047378541243649375, 1.000000000000000000 ) ) 
 REPRESENTATION_ITEM ( '' )  );
#5839 = ADVANCED_FACE ( 'NONE', ( #733 ), #7964, .T. ) ;
#5840 = EDGE_CURVE ( 'NONE', #2117, #5745, #5898, .T. ) ;
#5841 = VERTEX_POINT ( 'NONE', #4642 ) ;
#5842 = EDGE_CURVE ( 'NONE', #4763, #4387, #7146, .T. ) ;
#5843 = EDGE_LOOP ( 'NONE', ( #1620, #2213, #5943, #4334 ) ) ;
#5844 = LINE ( 'NONE', #5281, #1296 ) ;
#5845 = DIRECTION ( 'NONE',  ( -0.3236155771181851160, 0.8891264907159880382, -0.3236155771181853380 ) ) ;
#5846 = CYLINDRICAL_SURFACE ( 'NONE', #8297, 0.5000000000000004441 ) ;
#5847 = EDGE_CURVE ( 'NONE', #2427, #4571, #5452, .T. ) ;
#5848 = VECTOR ( 'NONE', #1842, 1000.000000000000000 ) ;
#5849 = DIRECTION ( 'NONE',  ( -1.000000000000000000, 0.000000000000000000, 0.000000000000000000 ) ) ;
#5850 = CYLINDRICAL_SURFACE ( 'NONE', #4563, 0.5000000000000004441 ) ;
#5851 = ORIENTED_EDGE ( 'NONE', *, *, #4529, .T. ) ;
#5852 = CYLINDRICAL_SURFACE ( 'NONE', #470, 0.5000000000000004441 ) ;
#5853 = EDGE_CURVE ( 'NONE', #6296, #6625, #2928, .T. ) ;
#5854 = EDGE_LOOP ( 'NONE', ( #1490, #5749, #6613, #7845 ) ) ;
#5855 = LINE ( 'NONE', #371, #6633 ) ;
#5856 = UNCERTAINTY_MEASURE_WITH_UNIT (LENGTH_MEASURE( 1.000000000000000082E-05 ), #6988, 'distance_accuracy_value', 'NONE');
#5857 = EDGE_CURVE ( 'NONE', #2164, #2053, #4553, .T. ) ;
#5858 = CARTESIAN_POINT ( 'NONE',  ( -19.98518229480393416, 4.336808689942017736E-16, 83.55626487131000601 ) ) ;
#5859 = PLANE ( 'NONE',  #7849 ) ;
#5860 = CARTESIAN_POINT ( 'NONE',  ( -22.63324223723496331, 4.000000000000000000, 80.90820492887897331 ) ) ;
#5861 = CARTESIAN_POINT ( 'NONE',  ( -21.20945018640810531, -8.673617379884035472E-16, 43.33199697970582065 ) ) ;
#5862 = LINE ( 'NONE', #5214, #3248 ) ;
#5863 = ADVANCED_FACE ( 'NONE', ( #5811 ), #7313, .F. ) ;
#5864 = CARTESIAN_POINT ( 'NONE',  ( 37.15268375939399448, 0.000000000000000000, 101.9441309255079062 ) ) ;
#5865 = ORIENTED_EDGE ( 'NONE', *, *, #5645, .T. ) ;
#5866 = ORIENTED_EDGE ( 'NONE', *, *, #5511, .T. ) ;
#5867 = CARTESIAN_POINT ( 'NONE',  ( -3.133242237234965089, 4.292893218813450318, 41.90820492887898752 ) ) ;
#5868 = LINE ( 'NONE', #1286, #4453 ) ;
#5869 = DIRECTION ( 'NONE',  ( 4.606734542013097089E-16, 0.000000000000000000, 1.000000000000000000 ) ) ;
#5870 = FACE_OUTER_BOUND ( 'NONE', #2888, .T. ) ;
#5871 = ORIENTED_EDGE ( 'NONE', *, *, #4429, .T. ) ;
#5872 = VERTEX_POINT ( 'NONE', #7801 ) ;
#5873 = CARTESIAN_POINT ( 'NONE',  ( 48.90268375939397316, 4.500000000000000000, -7.630869074492091286 ) ) ;
#5874 = DIRECTION ( 'NONE',  ( 0.000000000000000000, 0.000000000000000000, 1.000000000000000000 ) ) ;
#5875 = CARTESIAN_POINT ( 'NONE',  ( -18.34731624060602684, 4.500000000000000000, 61.19413092550791333 ) ) ;
#5876 = PRODUCT_RELATED_PRODUCT_CATEGORY ( 'part', '', ( #3716 ) ) ;
#5877 = CARTESIAN_POINT ( 'NONE',  ( -3.133242237234964200, 3.941525029986321815, 41.90820492887897331 ) ) ;
#5878 = DIRECTION ( 'NONE',  ( -0.000000000000000000, -1.000000000000000000, -0.000000000000000000 ) ) ;
#5879 = ORIENTED_EDGE ( 'NONE', *, *, #7999, .T. ) ;
#5880 = CARTESIAN_POINT ( 'NONE',  ( -3.133242237234966421, 4.000000000000000000, 61.40820492887897331 ) ) ;
#5881 = VERTEX_POINT ( 'NONE', #1997 ) ;
#5882 = ORIENTED_EDGE ( 'NONE', *, *, #2065, .T. ) ;
#5883 = EDGE_LOOP ( 'NONE', ( #6234, #7406, #6899, #6878 ) ) ;
#5884 = FACE_OUTER_BOUND ( 'NONE', #8159, .T. ) ;
#5885 = CARTESIAN_POINT ( 'NONE',  ( 36.36675776276504735, 4.500000000000000000, 22.90820492887897686 ) ) ;
#5886 = ADVANCED_FACE ( 'NONE', ( #5211 ), #1913, .T. ) ;
#5887 = EDGE_CURVE ( 'NONE', #1335, #2363, #3874, .T. ) ;
#5888 =( BOUNDED_CURVE ( )  B_SPLINE_CURVE ( 3, ( #1329, #4116, #770, #1412 ),
 .UNSPECIFIED., .F., .F. ) 
 B_SPLINE_CURVE_WITH_KNOTS ( ( 4, 4 ),
 ( 3.141592653589793116, 3.490658503988660399 ),
 .UNSPECIFIED. ) 
 CURVE ( )  GEOMETRIC_REPRESENTATION_ITEM ( )  RATIONAL_B_SPLINE_CURVE ( ( 1.000000000000000000, 0.9898718353414719395, 0.9898718353414719395, 1.000000000000000000 ) ) 
 REPRESENTATION_ITEM ( '' )  );
#5889 = DIRECTION ( 'NONE',  ( 0.000000000000000000, -0.9396926207859080948, 0.3420201433256694346 ) ) ;
#5890 = ORIENTED_EDGE ( 'NONE', *, *, #1373, .T. ) ;
#5891 = CARTESIAN_POINT ( 'NONE',  ( -38.56139024397706550, 4.500000000000000000, 6.480056922136858688 ) ) ;
#5892 = VERTEX_POINT ( 'NONE', #6594 ) ;
#5893 = CYLINDRICAL_SURFACE ( 'NONE', #5938, 0.5000000000000004441 ) ;
#5894 = CARTESIAN_POINT ( 'NONE',  ( 4.036156202161742546E-16, 4.000000000000000000, 6.980056922136858688 ) ) ;
#5895 = EDGE_CURVE ( 'NONE', #308, #5546, #3757, .T. ) ;
#5896 = ADVANCED_FACE ( 'NONE', ( #3323 ), #5294, .T. ) ;
#5897 = LINE ( 'NONE', #1381, #4870 ) ;
#5898 = LINE ( 'NONE', #2564, #3598 ) ;
#5899 = EDGE_CURVE ( 'NONE', #3736, #1891, #2609, .T. ) ;
#5900 = CARTESIAN_POINT ( 'NONE',  ( 35.86675776276504735, 4.000000000000000000, 26.48005692213685691 ) ) ;
#5901 = DIRECTION ( 'NONE',  ( 1.000000000000000000, 0.000000000000000000, 4.625929269271483942E-16 ) ) ;
#5902 = FACE_OUTER_BOUND ( 'NONE', #8242, .T. ) ;
#5903 = FACE_OUTER_BOUND ( 'NONE', #6385, .T. ) ;
#5904 = ORIENTED_EDGE ( 'NONE', *, *, #4725, .T. ) ;
#5905 = EDGE_LOOP ( 'NONE', ( #5077, #4574, #3815, #1259 ) ) ;
#5906 = CARTESIAN_POINT ( 'NONE',  ( -22.63324223723494910, 4.000000000000000000, -5.234988886186839354E-15 ) ) ;
#5907 = EDGE_CURVE ( 'NONE', #5236, #6116, #5549, .T. ) ;
#5908 = DIRECTION ( 'NONE',  ( -0.000000000000000000, -1.000000000000000000, -0.000000000000000000 ) ) ;
#5909 = CARTESIAN_POINT ( 'NONE',  ( 0.000000000000000000, 4.500000000000000000, 84.48005692213685336 ) ) ;
#5910 = CARTESIAN_POINT ( 'NONE',  ( -2.840700125539226590E-14, 4.000000000000000000, 61.40820492887897331 ) ) ;
#5911 = CARTESIAN_POINT ( 'NONE',  ( -18.56139024397707971, 4.292893218813451206, 6.980056922136859576 ) ) ;
#5912 = ORIENTED_EDGE ( 'NONE', *, *, #1235, .F. ) ;
#5913 = DIRECTION ( 'NONE',  ( 0.000000000000000000, 0.000000000000000000, -1.000000000000000000 ) ) ;
#5914 = CARTESIAN_POINT ( 'NONE',  ( -22.13324223723494910, 4.500000000000000000, -5.119340654455052478E-15 ) ) ;
#5915 = LINE ( 'NONE', #7208, #2001 ) ;
#5916 = CIRCLE ( 'NONE', #7154, 3.499999999999999556 ) ;
#5917 = CARTESIAN_POINT ( 'NONE',  ( -9.289625081110214461E-14, 4.000000000000000000, 100.4082049288789733 ) ) ;
#5918 = CARTESIAN_POINT ( 'NONE',  ( -38.06139024397707260, 4.000000000000000000, 84.98005692213685336 ) ) ;
#5919 = ORIENTED_EDGE ( 'NONE', *, *, #1539, .T. ) ;
#5920 = DIRECTION ( 'NONE',  ( -0.000000000000000000, -0.000000000000000000, -1.000000000000000000 ) ) ;
#5921 = ORIENTED_EDGE ( 'NONE', *, *, #1533, .F. ) ;
#5922 = VECTOR ( 'NONE', #7935, 1000.000000000000000 ) ;
#5923 = ORIENTED_EDGE ( 'NONE', *, *, #4478, .T. ) ;
#5924 = EDGE_LOOP ( 'NONE', ( #6811, #6860, #477, #1489 ) ) ;
#5925 = DIRECTION ( 'NONE',  ( 0.000000000000000000, 0.000000000000000000, 1.000000000000000000 ) ) ;
#5926 = CARTESIAN_POINT ( 'NONE',  ( -57.59731624060601973, 4.500000000000000000, 7.499387438660329863 ) ) ;
#5927 = PLANE ( 'NONE',  #5535 ) ;
#5928 = ORIENTED_EDGE ( 'NONE', *, *, #4257, .T. ) ;
#5929 = FACE_OUTER_BOUND ( 'NONE', #3196, .T. ) ;
#5930 = ORIENTED_EDGE ( 'NONE', *, *, #7161, .T. ) ;
#5931 = CARTESIAN_POINT ( 'NONE',  ( 0.4386097560229306191, 4.500000000000000000, 5.072444270436250596E-17 ) ) ;
#5932 = CIRCLE ( 'NONE', #314, 3.500000000000003109 ) ;
#5933 = EDGE_CURVE ( 'NONE', #4745, #185, #963, .T. ) ;
#5934 = CARTESIAN_POINT ( 'NONE',  ( 16.36675776276504024, 4.000000000000000000, 61.40820492887897331 ) ) ;
#5935 =( BOUNDED_CURVE ( )  B_SPLINE_CURVE ( 3, ( #1994, #3319, #2039, #1908 ),
 .UNSPECIFIED., .F., .F. ) 
 B_SPLINE_CURVE_WITH_KNOTS ( ( 4, 4 ),
 ( 1.570796326794896558, 3.141592653589793116 ),
 .UNSPECIFIED. ) 
 CURVE ( )  GEOMETRIC_REPRESENTATION_ITEM ( )  RATIONAL_B_SPLINE_CURVE ( ( 1.000000000000000000, 0.8047378541243649375, 0.8047378541243649375, 1.000000000000000000 ) ) 
 REPRESENTATION_ITEM ( '' )  );
#5936 = CARTESIAN_POINT ( 'NONE',  ( 54.92729759584297256, 0.000000000000000000, 9.260554988997700576 ) ) ;
#5937 = DIRECTION ( 'NONE',  ( -1.000000000000000000, 0.000000000000000000, -2.312964634635732603E-16 ) ) ;
#5938 = AXIS2_PLACEMENT_3D ( 'NONE', #5366, #4764, #4638 ) ;
#5939 = CYLINDRICAL_SURFACE ( 'NONE', #3626, 0.5000000000000004441 ) ;
#5940 = CARTESIAN_POINT ( 'NONE',  ( 16.36675776276504024, 4.000000000000000000, 45.98005692213684625 ) ) ;
#5941 = VERTEX_POINT ( 'NONE', #6026 ) ;
#5942 = ADVANCED_FACE ( 'NONE', ( #3576 ), #4090, .T. ) ;
#5943 = ORIENTED_EDGE ( 'NONE', *, *, #5008, .F. ) ;
#5944 = EDGE_CURVE ( 'NONE', #5941, #4123, #5234, .T. ) ;
#5945 = EDGE_CURVE ( 'NONE', #7176, #8504, #4029, .T. ) ;
#5946 = VECTOR ( 'NONE', #5845, 1000.000000000000000 ) ;
#5947 = FACE_OUTER_BOUND ( 'NONE', #2328, .T. ) ;
#5948 = CARTESIAN_POINT ( 'NONE',  ( -19.98518229480393771, 0.000000000000000000, 43.33199697970582775 ) ) ;
#5949 = EDGE_CURVE ( 'NONE', #4095, #1106, #1560, .T. ) ;
#5950 = DIRECTION ( 'NONE',  ( 0.000000000000000000, 1.000000000000000000, -0.000000000000000000 ) ) ;
#5951 = AXIS2_PLACEMENT_3D ( 'NONE', #4415, #3729, #4894 ) ;
#5952 = CARTESIAN_POINT ( 'NONE',  ( 0.000000000000000000, 4.000000000000000000, 100.4082049288789733 ) ) ;
#5953 = DIRECTION ( 'NONE',  ( 0.000000000000000000, 0.000000000000000000, -1.000000000000000000 ) ) ;
#5954 = CARTESIAN_POINT ( 'NONE',  ( 0.9386097560229217374, 4.000000000000000000, 80.90820492887897331 ) ) ;
#5955 = VECTOR ( 'NONE', #1790, 1000.000000000000000 ) ;
#5956 = ORIENTED_EDGE ( 'NONE', *, *, #1970, .T. ) ;
#5957 = VECTOR ( 'NONE', #3679, 1000.000000000000000 ) ;
#5958 = ORIENTED_EDGE ( 'NONE', *, *, #6744, .F. ) ;
#5959 = ADVANCED_FACE ( 'NONE', ( #8006 ), #6203, .T. ) ;
#5960 = CARTESIAN_POINT ( 'NONE',  ( 36.36675776276504735, 4.000000000000000000, 0.000000000000000000 ) ) ;
#5961 = CARTESIAN_POINT ( 'NONE',  ( -3.133242237234963312, 3.941525029986322703, 6.980056922136858688 ) ) ;
#5962 = CARTESIAN_POINT ( 'NONE',  ( 0.000000000000000000, 4.000000000000000000, 22.40820492887897331 ) ) ;
#5963 = EDGE_CURVE ( 'NONE', #1406, #3906, #4626, .T. ) ;
#5964 = AXIS2_PLACEMENT_3D ( 'NONE', #1608, #8178, #6937 ) ;
#5965 = CARTESIAN_POINT ( 'NONE',  ( 48.90268375939397316, 0.000000000000000000, -45.30586907449209377 ) ) ;
#5966 = VECTOR ( 'NONE', #8301, 1000.000000000000000 ) ;
#5967 = FACE_OUTER_BOUND ( 'NONE', #34, .T. ) ;
#5968 =( BOUNDED_CURVE ( )  B_SPLINE_CURVE ( 3, ( #2834, #2150, #8199, #8110 ),
 .UNSPECIFIED., .F., .F. ) 
 B_SPLINE_CURVE_WITH_KNOTS ( ( 4, 4 ),
 ( 0.000000000000000000, 0.3490658503988669503 ),
 .UNSPECIFIED. ) 
 CURVE ( )  GEOMETRIC_REPRESENTATION_ITEM ( )  RATIONAL_B_SPLINE_CURVE ( ( 1.000000000000000000, 0.9898718353414720506, 0.9898718353414720506, 1.000000000000000000 ) ) 
 REPRESENTATION_ITEM ( '' )  );
#5969 = ORIENTED_EDGE ( 'NONE', *, *, #6630, .T. ) ;
#5970 = DIRECTION ( 'NONE',  ( 0.5031907286678238833, 0.000000000000000000, -0.8641753818425657041 ) ) ;
#5971 = EDGE_LOOP ( 'NONE', ( #7695, #5769, #3363, #408 ) ) ;
#5972 = AXIS2_PLACEMENT_3D ( 'NONE', #8402, #1228, #1923 ) ;
#5973 = VECTOR ( 'NONE', #2892, 1000.000000000000000 ) ;
#5974 = ORIENTED_EDGE ( 'NONE', *, *, #381, .F. ) ;
#5975 = ORIENTED_EDGE ( 'NONE', *, *, #7209, .F. ) ;
#5976 = DIRECTION ( 'NONE',  ( -2.312964634635742957E-16, 0.000000000000000000, 1.000000000000000000 ) ) ;
#5977 = DIRECTION ( 'NONE',  ( -1.000000000000000000, 0.000000000000000000, 0.000000000000000000 ) ) ;
#5978 = LINE ( 'NONE', #772, #2015 ) ;
#5979 = CARTESIAN_POINT ( 'NONE',  ( 34.08177813309094262, 8.816027736361817801, 8.765036551810958088 ) ) ;
#5980 = AXIS2_PLACEMENT_3D ( 'NONE', #5875, #8497, #8256 ) ;
#5981 = LINE ( 'NONE', #6454, #2948 ) ;
#5982 = CARTESIAN_POINT ( 'NONE',  ( -3.133242237234964200, 3.941525029986320927, 80.90820492887897331 ) ) ;
#5983 = ORIENTED_EDGE ( 'NONE', *, *, #5842, .F. ) ;
#5984 = CARTESIAN_POINT ( 'NONE',  ( 35.86675776276504735, 4.000000000000000000, 0.000000000000000000 ) ) ;
#5985 = AXIS2_PLACEMENT_3D ( 'NONE', #5307, #4531, #7164 ) ;
#5986 = CARTESIAN_POINT ( 'NONE',  ( 1.152683759393978935, 4.500000000000000000, 22.19413092550791688 ) ) ;
#5987 = CARTESIAN_POINT ( 'NONE',  ( -38.26849702516361873, 4.500000000000000888, 81.11531171006551233 ) ) ;
#5988 = DIRECTION ( 'NONE',  ( 2.312964634635743943E-16, -0.000000000000000000, -1.000000000000000000 ) ) ;
#5989 = AXIS2_PLACEMENT_3D ( 'NONE', #5144, #3849, #7653 ) ;
#5990 = VERTEX_POINT ( 'NONE', #139 ) ;
#5991 = DIRECTION ( 'NONE',  ( 0.000000000000000000, 0.000000000000000000, -1.000000000000000000 ) ) ;
#5992 = FACE_OUTER_BOUND ( 'NONE', #7569, .T. ) ;
#5993 = DIRECTION ( 'NONE',  ( 0.000000000000000000, 0.000000000000000000, -1.000000000000000000 ) ) ;
#5994 = ORIENTED_EDGE ( 'NONE', *, *, #1867, .T. ) ;
#5995 = ORIENTED_EDGE ( 'NONE', *, *, #1435, .T. ) ;
#5996 = CARTESIAN_POINT ( 'NONE',  ( 16.39691145237208403, 3.828989928337162674, 84.94990323252979181 ) ) ;
#5997 = CARTESIAN_POINT ( 'NONE',  ( -3.133242237234962868, 4.000000000000000000, 6.980056922136860464 ) ) ;
#5998 = DIRECTION ( 'NONE',  ( 0.000000000000000000, 0.9396926207859082059, 0.3420201433256694901 ) ) ;
#5999 = CARTESIAN_POINT ( 'NONE',  ( 20.40845606641586940, 3.828989928337164450, 61.43835861848602065 ) ) ;
#6000 = CARTESIAN_POINT ( 'NONE',  ( -51.09731624060602684, 0.000000000000000000, -35.80586907449208667 ) ) ;
#6001 = EDGE_CURVE ( 'NONE', #6342, #8162, #2255, .T. ) ;
#6002 = LINE ( 'NONE', #833, #4865 ) ;
#6003 = ORIENTED_EDGE ( 'NONE', *, *, #6108, .F. ) ;
#6004 = EDGE_LOOP ( 'NONE', ( #1387, #6715, #2668, #6449 ) ) ;
#6005 = CARTESIAN_POINT ( 'NONE',  ( 0.000000000000000000, 0.000000000000000000, -41.80586907449207956 ) ) ;
#6006 = LINE ( 'NONE', #1403, #3365 ) ;
#6007 = CARTESIAN_POINT ( 'NONE',  ( -21.84731624060601263, -7.500000000000000000, -5.130869074492089510 ) ) ;
#6008 = DIRECTION ( 'NONE',  ( 0.9396926207859082059, 0.3420201433256694901, 2.173475799305982003E-16 ) ) ;
#6009 = EDGE_CURVE ( 'NONE', #4661, #5424, #179, .T. ) ;
#6010 = VERTEX_POINT ( 'NONE', #7409 ) ;
#6011 = DIRECTION ( 'NONE',  ( 0.000000000000000000, 0.000000000000000000, 1.000000000000000000 ) ) ;
#6012 = EDGE_LOOP ( 'NONE', ( #6327, #3455, #6354, #1760 ) ) ;
#6013 = EDGE_CURVE ( 'NONE', #2363, #7672, #5505, .T. ) ;
#6014 = VERTEX_POINT ( 'NONE', #5417 ) ;
#6015 = ORIENTED_EDGE ( 'NONE', *, *, #647, .T. ) ;
#6016 = CARTESIAN_POINT ( 'NONE',  ( -6.362396975355915854E-15, 0.000000000000000000, -51.80586907449210088 ) ) ;
#6017 = CARTESIAN_POINT ( 'NONE',  ( -38.06139024397707260, 4.000000000000000000, 41.90820492887898041 ) ) ;
#6018 =( BOUNDED_CURVE ( )  B_SPLINE_CURVE ( 3, ( #7876, #571, #8479, #99 ),
 .UNSPECIFIED., .F., .F. ) 
 B_SPLINE_CURVE_WITH_KNOTS ( ( 4, 4 ),
 ( 2.792526803190924944, 3.141592653589793116 ),
 .UNSPECIFIED. ) 
 CURVE ( )  GEOMETRIC_REPRESENTATION_ITEM ( )  RATIONAL_B_SPLINE_CURVE ( ( 1.000000000000000000, 0.9898718353414719395, 0.9898718353414719395, 1.000000000000000000 ) ) 
 REPRESENTATION_ITEM ( '' )  );
#6019 = EDGE_CURVE ( 'NONE', #2046, #3851, #8267, .T. ) ;
#6020 = DIRECTION ( 'NONE',  ( -1.156482317317871528E-15, 0.000000000000000000, 1.000000000000000000 ) ) ;
#6021 = CARTESIAN_POINT ( 'NONE',  ( -57.59731624060602684, 4.500000000000000000, -48.30586907449208667 ) ) ;
#6022 = ORIENTED_EDGE ( 'NONE', *, *, #6477, .T. ) ;
#6023 = CARTESIAN_POINT ( 'NONE',  ( 35.65268375939398027, 4.500000000000000000, 100.1941309255078920 ) ) ;
#6024 = EDGE_LOOP ( 'NONE', ( #5133, #4028, #7057, #5097 ) ) ;
#6025 = CARTESIAN_POINT ( 'NONE',  ( 19.93860975602292385, 4.500000000000000000, 81.40820492887897331 ) ) ;
#6026 = CARTESIAN_POINT ( 'NONE',  ( -19.06139024397708326, 4.500000000000000000, 42.40820492887898041 ) ) ;
#6027 = EDGE_LOOP ( 'NONE', ( #2937, #5453, #8246, #2155 ) ) ;
#6028 = CARTESIAN_POINT ( 'NONE',  ( 0.000000000000000000, 4.500000000000000000, 22.90820492887897686 ) ) ;
#6029 = LINE ( 'NONE', #5373, #4578 ) ;
#6030 = LINE ( 'NONE', #6073, #7341 ) ;
#6031 = ORIENTED_EDGE ( 'NONE', *, *, #4365, .T. ) ;
#6032 =( BOUNDED_CURVE ( )  B_SPLINE_CURVE ( 3, ( #5608, #1135, #6263, #8230 ),
 .UNSPECIFIED., .F., .F. ) 
 B_SPLINE_CURVE_WITH_KNOTS ( ( 4, 4 ),
 ( 4.712388980384689674, 6.283185307179586232 ),
 .UNSPECIFIED. ) 
 CURVE ( )  GEOMETRIC_REPRESENTATION_ITEM ( )  RATIONAL_B_SPLINE_CURVE ( ( 1.000000000000000000, 0.8047378541243649375, 0.8047378541243649375, 1.000000000000000000 ) ) 
 REPRESENTATION_ITEM ( '' )  );
#6033 = ORIENTED_EDGE ( 'NONE', *, *, #914, .T. ) ;
#6034 = LINE ( 'NONE', #7279, #8179 ) ;
#6035 = CARTESIAN_POINT ( 'NONE',  ( 16.36675776276503669, 4.000000000000000000, 65.48005692213685336 ) ) ;
#6036 = LINE ( 'NONE', #237, #5010 ) ;
#6037 = FACE_OUTER_BOUND ( 'NONE', #5691, .T. ) ;
#6038 = CARTESIAN_POINT ( 'NONE',  ( 0.9386097560229230696, 4.000000000000000000, 65.48005692213685336 ) ) ;
#6039 = ORIENTED_EDGE ( 'NONE', *, *, #5205, .T. ) ;
#6040 = LINE ( 'NONE', #1449, #7749 ) ;
#6041 = EDGE_CURVE ( 'NONE', #7384, #6014, #7873, .T. ) ;
#6042 = CARTESIAN_POINT ( 'NONE',  ( -4.918221866909063600, 8.816027736361821354, 47.76503655181095809 ) ) ;
#6043 = LINE ( 'NONE', #7903, #3912 ) ;
#6044 = DIRECTION ( 'NONE',  ( -0.000000000000000000, -1.000000000000000000, -0.000000000000000000 ) ) ;
#6045 = DIRECTION ( 'NONE',  ( -1.000000000000000000, -0.000000000000000000, -4.625929269271484928E-16 ) ) ;
#6046 = EDGE_LOOP ( 'NONE', ( #8300, #7506, #678, #5289 ) ) ;
#6047 = ORIENTED_EDGE ( 'NONE', *, *, #7310, .T. ) ;
#6048 = EDGE_LOOP ( 'NONE', ( #8264, #4653, #7885, #2845 ) ) ;
#6049 = VERTEX_POINT ( 'NONE', #265 ) ;
#6050 = CARTESIAN_POINT ( 'NONE',  ( 48.90268375939397316, 5.000000000000000000, -5.130869074492089510 ) ) ;
#6051 = CARTESIAN_POINT ( 'NONE',  ( 37.15268375939399448, -7.500000000000000000, 103.3441309255078977 ) ) ;
#6052 = CARTESIAN_POINT ( 'NONE',  ( 0.000000000000000000, 4.000000000000000000, 22.90820492887897686 ) ) ;
#6053 = VECTOR ( 'NONE', #6044, 1000.000000000000000 ) ;
#6054 = EDGE_CURVE ( 'NONE', #2749, #6847, #6397, .T. ) ;
#6055 = ADVANCED_FACE ( 'NONE', ( #1743 ), #6894, .T. ) ;
#6056 = EDGE_CURVE ( 'NONE', #4888, #5482, #6129, .T. ) ;
#6057 = DIRECTION ( 'NONE',  ( 0.000000000000000000, 1.000000000000000000, -0.000000000000000000 ) ) ;
#6058 = VECTOR ( 'NONE', #3372, 1000.000000000000000 ) ;
#6059 = DIRECTION ( 'NONE',  ( 0.000000000000000000, -0.000000000000000000, -1.000000000000000000 ) ) ;
#6060 = ORIENTED_EDGE ( 'NONE', *, *, #3667, .F. ) ;
#6061 = LINE ( 'NONE', #3357, #2532 ) ;
#6062 = ADVANCED_FACE ( 'NONE', ( #3113 ), #3703, .T. ) ;
#6063 =( BOUNDED_CURVE ( )  B_SPLINE_CURVE ( 3, ( #5885, #5200, #681, #2674 ),
 .UNSPECIFIED., .F., .F. ) 
 B_SPLINE_CURVE_WITH_KNOTS ( ( 4, 4 ),
 ( 1.570796326794896558, 3.141592653589793116 ),
 .UNSPECIFIED. ) 
 CURVE ( )  GEOMETRIC_REPRESENTATION_ITEM ( )  RATIONAL_B_SPLINE_CURVE ( ( 1.000000000000000000, 0.8047378541243649375, 0.8047378541243649375, 1.000000000000000000 ) ) 
 REPRESENTATION_ITEM ( '' )  );
#6065 = ORIENTED_EDGE ( 'NONE', *, *, #1233, .T. ) ;
#6064 = AXIS2_PLACEMENT_3D ( 'NONE', #8220, #1004, #8298 ) ;
#6066 = EDGE_CURVE ( 'NONE', #5196, #415, #3150, .T. ) ;
#6067 = CARTESIAN_POINT ( 'NONE',  ( -21.20945018640810531, 0.000000000000000000, 5.556264871310001574 ) ) ;
#6068 = CARTESIAN_POINT ( 'NONE',  ( -38.07154431595908761, 3.883938426159692980, 41.91835900086098121 ) ) ;
#6069 = ORIENTED_EDGE ( 'NONE', *, *, #1726, .F. ) ;
#6070 = CARTESIAN_POINT ( 'NONE',  ( -3.133242237234966421, 4.000000000000000000, 61.40820492887897331 ) ) ;
#6071 = CARTESIAN_POINT ( 'NONE',  ( -2.633242237234961980, 4.000000000000000000, -3.045298084576785445E-16 ) ) ;
#6072 = ORIENTED_EDGE ( 'NONE', *, *, #6630, .F. ) ;
#6073 = CARTESIAN_POINT ( 'NONE',  ( -4.918221866909063600, 8.816027736361819578, 8.765036551810958088 ) ) ;
#6074 = ORIENTED_EDGE ( 'NONE', *, *, #4470, .T. ) ;
#6075 = ORIENTED_EDGE ( 'NONE', *, *, #5267, .F. ) ;
#6076 = EDGE_CURVE ( 'NONE', #5664, #7537, #6293, .T. ) ;
#6077 = CARTESIAN_POINT ( 'NONE',  ( 16.36675776276503669, 4.000000000000000000, 6.980056922136860464 ) ) ;
#6078 = VECTOR ( 'NONE', #7829, 1000.000000000000000 ) ;
#6079 = CARTESIAN_POINT ( 'NONE',  ( -2.633242237234963312, 4.500000000000000000, 45.48005692213685336 ) ) ;
#6080 = LINE ( 'NONE', #881, #1814 ) ;
#6081 = LINE ( 'NONE', #8021, #2148 ) ;
#6082 = CARTESIAN_POINT ( 'NONE',  ( 19.01481770519606584, 0.000000000000000000, 22.19413092550791688 ) ) ;
#6083 = EDGE_LOOP ( 'NONE', ( #2843, #7195, #4704, #6015 ) ) ;
#6084 = AXIS2_PLACEMENT_3D ( 'NONE', #6760, #859, #3957 ) ;
#6085 = ORIENTED_EDGE ( 'NONE', *, *, #1361, .F. ) ;
#6086 = CARTESIAN_POINT ( 'NONE',  ( 16.36675776276503669, 4.000000000000000000, 26.48005692213685691 ) ) ;
#6087 = CARTESIAN_POINT ( 'NONE',  ( -4.001785595760413393E-16, 4.500000000000000000, 3.194130925507918217 ) ) ;
#6088 = VECTOR ( 'NONE', #2026, 1000.000000000000000 ) ;
#6089 = DIRECTION ( 'NONE',  ( -1.000000000000000000, 0.000000000000000000, 0.000000000000000000 ) ) ;
#6090 = FACE_OUTER_BOUND ( 'NONE', #2060, .T. ) ;
#6091 = LINE ( 'NONE', #4240, #3313 ) ;
#6092 = CIRCLE ( 'NONE', #1028, 1.399999999999998579 ) ;
#6093 = CARTESIAN_POINT ( 'NONE',  ( -19.98518229480393416, 0.000000000000000000, 22.19413092550791688 ) ) ;
#6094 = CARTESIAN_POINT ( 'NONE',  ( -18.59154393358412705, 3.828989928337164006, 41.93835861848602065 ) ) ;
#6095 = ORIENTED_EDGE ( 'NONE', *, *, #3422, .T. ) ;
#6096 = AXIS2_PLACEMENT_3D ( 'NONE', #658, #2729, #5250 ) ;
#6097 = EDGE_LOOP ( 'NONE', ( #5297, #2830, #8138, #3762 ) ) ;
#6098 = ORIENTED_EDGE ( 'NONE', *, *, #121, .T. ) ;
#6099 = ORIENTED_EDGE ( 'NONE', *, *, #4669, .F. ) ;
#6100 = CARTESIAN_POINT ( 'NONE',  ( -21.20945018640811242, 8.673617379884035472E-16, 23.83199697970583131 ) ) ;
#6101 = DIRECTION ( 'NONE',  ( 1.000000000000000000, -0.000000000000000000, -0.000000000000000000 ) ) ;
#6102 = AXIS2_PLACEMENT_3D ( 'NONE', #4440, #7071, #535 ) ;
#6103 = VECTOR ( 'NONE', #2036, 1000.000000000000114 ) ;
#6104 = VERTEX_POINT ( 'NONE', #7701 ) ;
#6105 = ADVANCED_FACE ( 'NONE', ( #5715 ), #3066, .F. ) ;
#6106 = CARTESIAN_POINT ( 'NONE',  ( 48.90268375939397316, 0.000000000000000000, -42.90586907449209519 ) ) ;
#6107 = VECTOR ( 'NONE', #4032, 1000.000000000000000 ) ;
#6108 = EDGE_CURVE ( 'NONE', #3391, #7530, #7050, .T. ) ;
#6109 = EDGE_CURVE ( 'NONE', #2164, #6575, #3054, .T. ) ;
#6110 = DIRECTION ( 'NONE',  ( -1.156482317317871478E-16, -0.000000000000000000, 1.000000000000000000 ) ) ;
#6111 = VECTOR ( 'NONE', #2965, 1000.000000000000000 ) ;
#6112 = ORIENTED_EDGE ( 'NONE', *, *, #129, .F. ) ;
#6113 = CARTESIAN_POINT ( 'NONE',  ( -18.34731624060602329, 3.828989928337163562, 41.93835861848602065 ) ) ;
#6114 = ADVANCED_FACE ( 'NONE', ( #4988 ), #1697, .T. ) ;
#6115 = VECTOR ( 'NONE', #1959, 1000.000000000000114 ) ;
#6116 = VERTEX_POINT ( 'NONE', #6941 ) ;
#6117 = CARTESIAN_POINT ( 'NONE',  ( -37.84731624060601263, 0.000000000000000000, 83.55626487131000601 ) ) ;
#6118 = CARTESIAN_POINT ( 'NONE',  ( -18.56139024397707971, 4.000000000000000000, 41.90820492887898041 ) ) ;
#6119 = ADVANCED_FACE ( 'NONE', ( #1168 ), #7670, .T. ) ;
#6120 = EDGE_CURVE ( 'NONE', #669, #3984, #1778, .T. ) ;
#6121 = ORIENTED_EDGE ( 'NONE', *, *, #4795, .F. ) ;
#6122 = DIRECTION ( 'NONE',  ( 1.000000000000000000, -0.000000000000000000, -0.000000000000000000 ) ) ;
#6123 = DIRECTION ( 'NONE',  ( 1.000000000000000000, -0.000000000000000000, 0.000000000000000000 ) ) ;
#6124 = VECTOR ( 'NONE', #4331, 1000.000000000000000 ) ;
#6125 = EDGE_LOOP ( 'NONE', ( #1362, #8503, #7117, #5339 ) ) ;
#6126 = DIRECTION ( 'NONE',  ( -7.950815931560367493E-16, 0.000000000000000000, 1.000000000000000000 ) ) ;
#6127 = ORIENTED_EDGE ( 'NONE', *, *, #3546, .F. ) ;
#6128 = EDGE_CURVE ( 'NONE', #2403, #6732, #8339, .T. ) ;
#6129 =( BOUNDED_CURVE ( )  B_SPLINE_CURVE ( 3, ( #7014, #6980, #4425, #5634 ),
 .UNSPECIFIED., .F., .F. ) 
 B_SPLINE_CURVE_WITH_KNOTS ( ( 4, 4 ),
 ( 1.570796326794896558, 3.141592653589793116 ),
 .UNSPECIFIED. ) 
 CURVE ( )  GEOMETRIC_REPRESENTATION_ITEM ( )  RATIONAL_B_SPLINE_CURVE ( ( 1.000000000000000000, 0.8047378541243649375, 0.8047378541243649375, 1.000000000000000000 ) ) 
 REPRESENTATION_ITEM ( '' )  );
#6130 = EDGE_LOOP ( 'NONE', ( #1939, #3624, #39, #6768 ) ) ;
#6131 = DIRECTION ( 'NONE',  ( 1.000000000000000000, -0.000000000000000000, -0.000000000000000000 ) ) ;
#6132 = CARTESIAN_POINT ( 'NONE',  ( -3.133242237234962868, 3.941525029986321815, 65.48005692213685336 ) ) ;
#6133 = CARTESIAN_POINT ( 'NONE',  ( 35.86675776276504735, 4.292893218813452094, 6.980056922136860464 ) ) ;
#6134 = EDGE_CURVE ( 'NONE', #516, #5709, #522, .T. ) ;
#6135 = CARTESIAN_POINT ( 'NONE',  ( -22.62308816525295541, 3.883938426159695645, 26.46990285015485611 ) ) ;
#6136 = VERTEX_POINT ( 'NONE', #523 ) ;
#6137 = ORIENTED_EDGE ( 'NONE', *, *, #1534, .T. ) ;
#6138 = DIRECTION ( 'NONE',  ( 1.000000000000000000, 0.000000000000000000, -1.541976423090495387E-16 ) ) ;
#6139 = CARTESIAN_POINT ( 'NONE',  ( -38.06139024397707260, 4.000000000000000000, 84.98005692213685336 ) ) ;
#6140 = CARTESIAN_POINT ( 'NONE',  ( -18.56139024397708681, 4.292893218813452094, 45.98005692213685336 ) ) ;
#6141 = PLANE ( 'NONE',  #1990 ) ;
#6142 = FACE_OUTER_BOUND ( 'NONE', #1639, .T. ) ;
#6143 = CARTESIAN_POINT ( 'NONE',  ( 48.90268375939397316, -7.500000000000000000, -45.30586907449209377 ) ) ;
#6144 = DIRECTION ( 'NONE',  ( 0.000000000000000000, 0.000000000000000000, 1.000000000000000000 ) ) ;
#6145 = ORIENTED_EDGE ( 'NONE', *, *, #3786, .F. ) ;
#6146 = VERTEX_POINT ( 'NONE', #6252 ) ;
#6147 = ORIENTED_EDGE ( 'NONE', *, *, #6009, .F. ) ;
#6148 = EDGE_LOOP ( 'NONE', ( #7095, #6266, #8241, #4886 ) ) ;
#6149 = FACE_OUTER_BOUND ( 'NONE', #895, .T. ) ;
#6150 = CARTESIAN_POINT ( 'NONE',  ( -46.09731624060601263, 0.000000000000000000, 7.996609666210618732E-15 ) ) ;
#6151 = ORIENTED_EDGE ( 'NONE', *, *, #4618, .F. ) ;
#6152 = CARTESIAN_POINT ( 'NONE',  ( -19.06139024397707615, 4.500000000000000000, 25.98005692213686046 ) ) ;
#6153 = VERTEX_POINT ( 'NONE', #360 ) ;
#6154 = CARTESIAN_POINT ( 'NONE',  ( 19.93860975602292740, 4.000000000000000000, 4.611729922948423359E-15 ) ) ;
#6155 = ORIENTED_EDGE ( 'NONE', *, *, #5787, .T. ) ;
#6156 = CARTESIAN_POINT ( 'NONE',  ( -38.56139024397706550, 4.500000000000000000, 64.98005692213685336 ) ) ;
#6157 = CARTESIAN_POINT ( 'NONE',  ( -3.347316240606022397, 4.500000000000000000, 41.69413092550790623 ) ) ;
#6158 = ADVANCED_FACE ( 'NONE', ( #6502 ), #5286, .T. ) ;
#6159 = EDGE_CURVE ( 'NONE', #8196, #6662, #6621, .T. ) ;
#6160 = CARTESIAN_POINT ( 'NONE',  ( 20.43860975602292740, 4.292893218813452094, 80.90820492887898752 ) ) ;
#6161 = CARTESIAN_POINT ( 'NONE',  ( 36.36675776276504735, 4.500000000000000000, 61.90820492887897331 ) ) ;
#6162 = ORIENTED_EDGE ( 'NONE', *, *, #283, .F. ) ;
#6163 = VERTEX_POINT ( 'NONE', #8427 ) ;
#6164 = CARTESIAN_POINT ( 'NONE',  ( 20.43860975602292740, 4.292893218813452094, 26.48005692213686046 ) ) ;
#6165 = ORIENTED_EDGE ( 'NONE', *, *, #5476, .T. ) ;
#6166 = ORIENTED_EDGE ( 'NONE', *, *, #8168, .F. ) ;
#6167 = ADVANCED_FACE ( 'NONE', ( #3312 ), #4547, .T. ) ;
#6168 = CARTESIAN_POINT ( 'NONE',  ( 0.9084560664158772836, 3.828989928337165338, 6.949903232529813124 ) ) ;
#6169 = CARTESIAN_POINT ( 'NONE',  ( 20.65268375939398027, 3.828989928337164450, 22.43835861848602065 ) ) ;
#6170 = EDGE_CURVE ( 'NONE', #4972, #2364, #5981, .T. ) ;
#6171 = CARTESIAN_POINT ( 'NONE',  ( -22.60308854762791952, 3.828989928337164450, 41.69413092550790623 ) ) ;
#6172 = DIRECTION ( 'NONE',  ( 2.312964634635742957E-16, -0.000000000000000000, -1.000000000000000000 ) ) ;
#6173 = FACE_OUTER_BOUND ( 'NONE', #6083, .T. ) ;
#6174 =( BOUNDED_CURVE ( )  B_SPLINE_CURVE ( 3, ( #5486, #7571, #6837, #1595 ),
 .UNSPECIFIED., .F., .F. ) 
 B_SPLINE_CURVE_WITH_KNOTS ( ( 4, 4 ),
 ( 0.000000000000000000, 1.570796326794896558 ),
 .UNSPECIFIED. ) 
 CURVE ( )  GEOMETRIC_REPRESENTATION_ITEM ( )  RATIONAL_B_SPLINE_CURVE ( ( 1.000000000000000000, 0.8047378541243649375, 0.8047378541243649375, 1.000000000000000000 ) ) 
 REPRESENTATION_ITEM ( '' )  );
#6175 = FACE_OUTER_BOUND ( 'NONE', #5905, .T. ) ;
#6176 = ORIENTED_EDGE ( 'NONE', *, *, #1069, .F. ) ;
#6177 = EDGE_LOOP ( 'NONE', ( #7633, #6414, #6676, #6983 ) ) ;
#6178 = DIRECTION ( 'NONE',  ( 1.000000000000000000, 0.000000000000000000, 4.625929269271465206E-16 ) ) ;
#6179 = FACE_BOUND ( 'NONE', #2620, .T. ) ;
#6180 = ADVANCED_FACE ( 'NONE', ( #44 ), #5927, .F. ) ;
#6181 = CARTESIAN_POINT ( 'NONE',  ( 0.000000000000000000, 4.500000000000000000, 45.48005692213685336 ) ) ;
#6182 = CARTESIAN_POINT ( 'NONE',  ( 14.58177813309093729, 8.816027736361817801, 20.62322529920487568 ) ) ;
#6183 = CARTESIAN_POINT ( 'NONE',  ( -51.09731624060602684, 0.000000000000000000, -35.80586907449208667 ) ) ;
#6184 = DIRECTION ( 'NONE',  ( -0.000000000000000000, 1.000000000000000000, -0.000000000000000000 ) ) ;
#6185 = CARTESIAN_POINT ( 'NONE',  ( -38.56139024397707260, 4.500000000000000000, 0.000000000000000000 ) ) ;
#6186 = ORIENTED_EDGE ( 'NONE', *, *, #875, .F. ) ;
#6187 = ORIENTED_EDGE ( 'NONE', *, *, #4634, .T. ) ;
#6188 = ORIENTED_EDGE ( 'NONE', *, *, #7557, .T. ) ;
#6189 = ORIENTED_EDGE ( 'NONE', *, *, #7, .T. ) ;
#6190 = CARTESIAN_POINT ( 'NONE',  ( 35.89691145237208758, 3.828989928337161786, 41.93835861848601354 ) ) ;
#6191 = CYLINDRICAL_SURFACE ( 'NONE', #7771, 0.5000000000000004441 ) ;
#6192 = VERTEX_POINT ( 'NONE', #6584 ) ;
#6193 = CARTESIAN_POINT ( 'NONE',  ( -2.633242237234955763, 4.500000000000000000, -3.045298084576778050E-16 ) ) ;
#6194 = ORIENTED_EDGE ( 'NONE', *, *, #6563, .T. ) ;
#6195 = DIRECTION ( 'NONE',  ( 1.000000000000000000, -0.000000000000000000, -0.000000000000000000 ) ) ;
#6196 = VECTOR ( 'NONE', #7685, 1000.000000000000000 ) ;
#6197 = ORIENTED_EDGE ( 'NONE', *, *, #7269, .F. ) ;
#6198 = CARTESIAN_POINT ( 'NONE',  ( 0.7315029748363734985, 4.500000000000000888, 100.6153117100655123 ) ) ;
#6199 = CARTESIAN_POINT ( 'NONE',  ( -31.84731624060601618, -7.500000000000000000, -5.130869074492096615 ) ) ;
#6200 = ORIENTED_EDGE ( 'NONE', *, *, #5135, .T. ) ;
#6201 = VECTOR ( 'NONE', #6422, 1000.000000000000000 ) ;
#6202 = DIRECTION ( 'NONE',  ( 0.000000000000000000, -0.9396926207859082059, 0.3420201433256694901 ) ) ;
#6203 = CYLINDRICAL_SURFACE ( 'NONE', #4965, 0.5000000000000000000 ) ;
#6204 = VERTEX_POINT ( 'NONE', #3991 ) ;
#6205 = SURFACE_STYLE_FILL_AREA ( #3578 ) ;
#6206 = EDGE_CURVE ( 'NONE', #3768, #4102, #7101, .T. ) ;
#6207 = LINE ( 'NONE', #1619, #6932 ) ;
#6208 = EDGE_LOOP ( 'NONE', ( #2204, #5579, #7401, #177 ) ) ;
#6209 = ORIENTED_EDGE ( 'NONE', *, *, #417, .T. ) ;
#6210 = FACE_OUTER_BOUND ( 'NONE', #1460, .T. ) ;
#6211 = CARTESIAN_POINT ( 'NONE',  ( 0.9386097560229210712, 4.000000000000000000, 100.4082049288789875 ) ) ;
#6212 = DIRECTION ( 'NONE',  ( 0.000000000000000000, 0.000000000000000000, 1.000000000000000000 ) ) ;
#6213 = AXIS2_PLACEMENT_3D ( 'NONE', #6157, #263, #4088 ) ;
#6214 = DIRECTION ( 'NONE',  ( -0.000000000000000000, -1.000000000000000000, -0.000000000000000000 ) ) ;
#6215 = ADVANCED_FACE ( 'NONE', ( #5325 ), #4594, .F. ) ;
#6216 = EDGE_CURVE ( 'NONE', #1767, #1663, #5732, .T. ) ;
#6217 = ADVANCED_FACE ( 'NONE', ( #2628 ), #5239, .F. ) ;
#6218 = EDGE_LOOP ( 'NONE', ( #1902, #4863, #539, #3269 ) ) ;
#6219 = LINE ( 'NONE', #2957, #3216 ) ;
#6220 = ORIENTED_EDGE ( 'NONE', *, *, #1910, .T. ) ;
#6221 = EDGE_CURVE ( 'NONE', #7697, #419, #7270, .T. ) ;
#6222 = FACE_BOUND ( 'NONE', #271, .T. ) ;
#6223 = CARTESIAN_POINT ( 'NONE',  ( 1.152683759393980711, 3.828989928337165338, 26.44990323252981312 ) ) ;
#6224 = CARTESIAN_POINT ( 'NONE',  ( 48.90268375939397316, -7.500000000000000000, -45.30586907449209377 ) ) ;
#6225 = CARTESIAN_POINT ( 'NONE',  ( 0.000000000000000000, 4.000000000000000000, 84.48005692213685336 ) ) ;
#6226 =( BOUNDED_CURVE ( )  B_SPLINE_CURVE ( 3, ( #6420, #530, #2428, #6460 ),
 .UNSPECIFIED., .F., .F. ) 
 B_SPLINE_CURVE_WITH_KNOTS ( ( 4, 4 ),
 ( 3.141592653589793116, 3.490658503988663952 ),
 .UNSPECIFIED. ) 
 CURVE ( )  GEOMETRIC_REPRESENTATION_ITEM ( )  RATIONAL_B_SPLINE_CURVE ( ( 1.000000000000000000, 0.9898718353414717175, 0.9898718353414717175, 1.000000000000000000 ) ) 
 REPRESENTATION_ITEM ( '' )  );
#6227 = CYLINDRICAL_SURFACE ( 'NONE', #6610, 2.500000000000002220 ) ;
#6228 = CYLINDRICAL_SURFACE ( 'NONE', #3908, 0.5000000000000004441 ) ;
#6229 = DIRECTION ( 'NONE',  ( -0.000000000000000000, 1.000000000000000000, -0.000000000000000000 ) ) ;
#6230 = ORIENTED_EDGE ( 'NONE', *, *, #5933, .F. ) ;
#6231 = AXIS2_PLACEMENT_3D ( 'NONE', #244, #1491, #6178 ) ;
#6232 = ADVANCED_FACE ( 'NONE', ( #3236 ), #5850, .T. ) ;
#6233 = ORIENTED_EDGE ( 'NONE', *, *, #402, .T. ) ;
#6234 = ORIENTED_EDGE ( 'NONE', *, *, #7657, .T. ) ;
#6235 = FACE_OUTER_BOUND ( 'NONE', #3779, .T. ) ;
#6236 = EDGE_CURVE ( 'NONE', #3564, #685, #2035, .T. ) ;
#6237 = CARTESIAN_POINT ( 'NONE',  ( 20.65268375939398382, 4.500000000000000000, 26.69413092550791688 ) ) ;
#6238 = AXIS2_PLACEMENT_3D ( 'NONE', #4216, #7540, #6246 ) ;
#6239 = AXIS2_PLACEMENT_3D ( 'NONE', #3270, #2621, #1201 ) ;
#6240 = ORIENTED_EDGE ( 'NONE', *, *, #7737, .T. ) ;
#6241 = CARTESIAN_POINT ( 'NONE',  ( 0.9284556840409194933, 3.883938426159697421, 45.96990285015485256 ) ) ;
#6242 = VERTEX_POINT ( 'NONE', #3952 ) ;
#6243 = DIRECTION ( 'NONE',  ( -0.000000000000000000, 1.000000000000000000, -0.000000000000000000 ) ) ;
#6244 = VECTOR ( 'NONE', #468, 1000.000000000000000 ) ;
#6245 = EDGE_LOOP ( 'NONE', ( #1433, #5610, #6099, #6151 ) ) ;
#6246 = DIRECTION ( 'NONE',  ( 0.000000000000000000, 0.000000000000000000, -1.000000000000000000 ) ) ;
#6247 = VECTOR ( 'NONE', #1575, 1000.000000000000000 ) ;
#6248 = CARTESIAN_POINT ( 'NONE',  ( -54.09731624060601263, 0.000000000000000000, 7.499387438660329863 ) ) ;
#6249 = CARTESIAN_POINT ( 'NONE',  ( 16.86675776276503669, 4.000000000000000000, 0.000000000000000000 ) ) ;
#6250 = AXIS2_PLACEMENT_3D ( 'NONE', #2129, #2002, #5993 ) ;
#6251 = FACE_OUTER_BOUND ( 'NONE', #514, .T. ) ;
#6252 = CARTESIAN_POINT ( 'NONE',  ( -1.709450186408109529, -8.673617379884035472E-16, 43.33199697970582065 ) ) ;
#6253 = VERTEX_POINT ( 'NONE', #8469 ) ;
#6254 = DIRECTION ( 'NONE',  ( 1.156482317317871478E-16, -0.000000000000000000, -1.000000000000000000 ) ) ;
#6255 = EDGE_LOOP ( 'NONE', ( #7004, #2225, #6879, #2716 ) ) ;
#6256 = LINE ( 'NONE', #3541, #196 ) ;
#6257 = AXIS2_PLACEMENT_3D ( 'NONE', #7423, #2141, #5343 ) ;
#6258 = ORIENTED_EDGE ( 'NONE', *, *, #4324, .T. ) ;
#6259 = AXIS2_PLACEMENT_3D ( 'NONE', #7905, #4074, #7169 ) ;
#6260 = FACE_BOUND ( 'NONE', #4846, .T. ) ;
#6261 = DIRECTION ( 'NONE',  ( -0.000000000000000000, 1.000000000000000000, -0.000000000000000000 ) ) ;
#6262 = AXIS2_PLACEMENT_3D ( 'NONE', #6237, #551, #4647 ) ;
#6263 = CARTESIAN_POINT ( 'NONE',  ( -18.56139024397707971, 4.292893218813452094, 22.40820492887896620 ) ) ;
#6264 = CARTESIAN_POINT ( 'NONE',  ( 20.43860975602292740, 4.000000000000000000, 6.980056922136859576 ) ) ;
#6265 = AXIS2_PLACEMENT_3D ( 'NONE', #7381, #4231, #277 ) ;
#6266 = ORIENTED_EDGE ( 'NONE', *, *, #605, .T. ) ;
#6267 = CARTESIAN_POINT ( 'NONE',  ( 36.36675776276504735, 4.500000000000000000, 22.90820492887897686 ) ) ;
#6268 = ORIENTED_EDGE ( 'NONE', *, *, #486, .T. ) ;
#6269 = VECTOR ( 'NONE', #1104, 1000.000000000000000 ) ;
#6270 = ADVANCED_FACE ( 'NONE', ( #6623 ), #4635, .F. ) ;
#6271 = EDGE_CURVE ( 'NONE', #6146, #2261, #2756, .T. ) ;
#6272 = CARTESIAN_POINT ( 'NONE',  ( -1.709450186408107975, 0.000000000000000000, 80.69413092550790623 ) ) ;
#6273 = CARTESIAN_POINT ( 'NONE',  ( 20.43860975602293806, 4.000000000000000000, 9.454756309360425204E-15 ) ) ;
#6274 = FACE_OUTER_BOUND ( 'NONE', #4243, .T. ) ;
#6275 = EDGE_LOOP ( 'NONE', ( #6578, #586 ) ) ;
#6276 = AXIS2_PLACEMENT_3D ( 'NONE', #4033, #2626, #6671 ) ;
#6277 = ORIENTED_EDGE ( 'NONE', *, *, #6866, .F. ) ;
#6278 = LINE ( 'NONE', #379, #4024 ) ;
#6279 = CARTESIAN_POINT ( 'NONE',  ( -18.34731624060601973, 4.500000000000000000, 22.19413092550791688 ) ) ;
#6280 = ADVANCED_FACE ( 'NONE', ( #950 ), #4845, .T. ) ;
#6281 = ADVANCED_FACE ( 'NONE', ( #4120 ), #1416, .F. ) ;
#6282 = EDGE_LOOP ( 'NONE', ( #2992, #1324, #7410, #6492 ) ) ;
#6283 = CARTESIAN_POINT ( 'NONE',  ( 16.86675776276503669, 4.500000000000000000, 0.000000000000000000 ) ) ;
#6284 = ORIENTED_EDGE ( 'NONE', *, *, #3075, .T. ) ;
#6285 = CARTESIAN_POINT ( 'NONE',  ( -19.06139024397707615, 4.500000000000000000, 6.480056922136859576 ) ) ;
#6286 = EDGE_LOOP ( 'NONE', ( #7703, #3760, #3826, #7170 ) ) ;
#6287 = CARTESIAN_POINT ( 'NONE',  ( 20.65268375939398382, 0.000000000000000000, 64.05626487130999180 ) ) ;
#6288 = DIRECTION ( 'NONE',  ( 0.000000000000000000, -0.000000000000000000, -1.000000000000000000 ) ) ;
#6289 = EDGE_CURVE ( 'NONE', #3994, #630, #6343, .T. ) ;
#6290 = DIRECTION ( 'NONE',  ( -0.3420201433256694901, 0.9396926207859082059, 0.000000000000000000 ) ) ;
#6291 = FACE_OUTER_BOUND ( 'NONE', #855, .T. ) ;
#6292 = PLANE ( 'NONE',  #3855 ) ;
#6293 = LINE ( 'NONE', #6326, #2091 ) ;
#6294 = VERTEX_POINT ( 'NONE', #6152 ) ;
#6295 =( LENGTH_UNIT ( ) NAMED_UNIT ( * ) SI_UNIT ( .MILLI., .METRE. ) );
#6296 = VERTEX_POINT ( 'NONE', #4760 ) ;
#6297 = DIRECTION ( 'NONE',  ( 0.000000000000000000, 0.000000000000000000, -1.000000000000000000 ) ) ;
#6298 = VERTEX_POINT ( 'NONE', #6106 ) ;
#6299 = DIRECTION ( 'NONE',  ( 0.000000000000000000, -1.000000000000000000, 0.000000000000000000 ) ) ;
#6300 = DIRECTION ( 'NONE',  ( 1.000000000000000000, -0.000000000000000000, 0.000000000000000000 ) ) ;
#6301 = DIRECTION ( 'NONE',  ( -1.000000000000000000, 0.000000000000000000, -0.000000000000000000 ) ) ;
#6302 = CARTESIAN_POINT ( 'NONE',  ( -38.09154393358411994, 3.828989928337164450, 65.44990323252980602 ) ) ;
#6303 = CARTESIAN_POINT ( 'NONE',  ( 16.36675776276503669, 4.000000000000000000, 26.48005692213685691 ) ) ;
#6304 = LINE ( 'NONE', #3672, #4203 ) ;
#6305 = ORIENTED_EDGE ( 'NONE', *, *, #273, .T. ) ;
#6306 = EDGE_LOOP ( 'NONE', ( #4213, #2211 ) ) ;
#6307 = CARTESIAN_POINT ( 'NONE',  ( 1.152683759393980711, 4.500000000000000000, 26.69413092550791688 ) ) ;
#6308 = DIRECTION ( 'NONE',  ( 0.000000000000000000, -0.000000000000000000, -1.000000000000000000 ) ) ;
#6309 = CARTESIAN_POINT ( 'NONE',  ( -46.09731624060600552, 0.000000000000000000, 29.13887441235550568 ) ) ;
#6310 = CARTESIAN_POINT ( 'NONE',  ( 35.89691145237208758, 3.828989928337163562, 22.19413092550791688 ) ) ;
#6311 = ORIENTED_EDGE ( 'NONE', *, *, #3320, .F. ) ;
#6312 = ORIENTED_EDGE ( 'NONE', *, *, #691, .F. ) ;
#6313 = EDGE_CURVE ( 'NONE', #6746, #5121, #6644, .T. ) ;
#6314 = FACE_OUTER_BOUND ( 'NONE', #2045, .T. ) ;
#6315 = EDGE_LOOP ( 'NONE', ( #5529, #6842, #6095, #8221 ) ) ;
#6316 = CYLINDRICAL_SURFACE ( 'NONE', #4986, 0.5000000000000004441 ) ;
#6317 = ORIENTED_EDGE ( 'NONE', *, *, #6532, .F. ) ;
#6318 = LINE ( 'NONE', #420, #7196 ) ;
#6319 = EDGE_CURVE ( 'NONE', #266, #2880, #7997, .T. ) ;
#6320 = ORIENTED_EDGE ( 'NONE', *, *, #2590, .T. ) ;
#6321 = CARTESIAN_POINT ( 'NONE',  ( 36.07386454395158637, 4.500000000000000888, 100.6153117100655123 ) ) ;
#6322 = LINE ( 'NONE', #3230, #5946 ) ;
#6323 = DIRECTION ( 'NONE',  ( -1.000000000000000000, 0.000000000000000000, 0.000000000000000000 ) ) ;
#6324 = EDGE_CURVE ( 'NONE', #5062, #4774, #1742, .T. ) ;
#6325 = DIRECTION ( 'NONE',  ( 0.000000000000000000, 0.3420201433256694901, -0.9396926207859082059 ) ) ;
#6326 = CARTESIAN_POINT ( 'NONE',  ( -6.362396975355915854E-15, 0.000000000000000000, -51.80586907449210088 ) ) ;
#6327 = ORIENTED_EDGE ( 'NONE', *, *, #6134, .T. ) ;
#6328 = CARTESIAN_POINT ( 'NONE',  ( -19.98518229480394126, 0.000000000000000000, 62.83199697970583486 ) ) ;
#6329 = EDGE_CURVE ( 'NONE', #6976, #1170, #8083, .T. ) ;
#6330 = ORIENTED_EDGE ( 'NONE', *, *, #6170, .T. ) ;
#6331 = CARTESIAN_POINT ( 'NONE',  ( 16.15268375939398027, 4.500000000000000000, 22.19413092550791688 ) ) ;
#6332 = ORIENTED_EDGE ( 'NONE', *, *, #8167, .F. ) ;
#6333 = ADVANCED_FACE ( 'NONE', ( #6674 ), #4670, .T. ) ;
#6334 = CIRCLE ( 'NONE', #4535, 2.399999999999999467 ) ;
#6335 = FACE_BOUND ( 'NONE', #5056, .T. ) ;
#6336 = CARTESIAN_POINT ( 'NONE',  ( 35.87691183474705525, 3.883938426159696977, 22.41835900086098121 ) ) ;
#6337 = CARTESIAN_POINT ( 'NONE',  ( 37.15268375939399448, -7.500000000000000000, 101.9441309255079062 ) ) ;
#6338 = CARTESIAN_POINT ( 'NONE',  ( 20.40845606641587295, 3.828989928337164450, 41.93835861848602065 ) ) ;
#6339 = LINE ( 'NONE', #5815, #6786 ) ;
#6340 = ORIENTED_EDGE ( 'NONE', *, *, #932, .T. ) ;
#6341 = LINE ( 'NONE', #7464, #1714 ) ;
#6342 = VERTEX_POINT ( 'NONE', #3396 ) ;
#6343 =( BOUNDED_CURVE ( )  B_SPLINE_CURVE ( 3, ( #3477, #6756, #856, #5360 ),
 .UNSPECIFIED., .F., .F. ) 
 B_SPLINE_CURVE_WITH_KNOTS ( ( 4, 4 ),
 ( 3.141592653589793116, 3.490658503988662176 ),
 .UNSPECIFIED. ) 
 CURVE ( )  GEOMETRIC_REPRESENTATION_ITEM ( )  RATIONAL_B_SPLINE_CURVE ( ( 1.000000000000000000, 0.9898718353414717175, 0.9898718353414717175, 1.000000000000000000 ) ) 
 REPRESENTATION_ITEM ( '' )  );
#6344 = AXIS2_PLACEMENT_3D ( 'NONE', #8132, #310, #2169 ) ;
#6345 = DIRECTION ( 'NONE',  ( 0.000000000000000000, -1.000000000000000000, 0.000000000000000000 ) ) ;
#6346 = DIRECTION ( 'NONE',  ( -4.625929269271465206E-16, 0.000000000000000000, -1.000000000000000000 ) ) ;
#6347 = CARTESIAN_POINT ( 'NONE',  ( 0.4386097560229212378, 4.500000000000000000, 61.90820492887896620 ) ) ;
#6348 = CARTESIAN_POINT ( 'NONE',  ( 43.90268375939397316, 0.000000000000000000, -41.80586907449207956 ) ) ;
#6349 = EDGE_LOOP ( 'NONE', ( #1130, #1605, #2078, #785 ) ) ;
#6350 = ORIENTED_EDGE ( 'NONE', *, *, #651, .F. ) ;
#6351 = CARTESIAN_POINT ( 'NONE',  ( -3.133242237234963756, 4.292893218813451206, 22.40820492887897686 ) ) ;
#6352 = ORIENTED_EDGE ( 'NONE', *, *, #7011, .T. ) ;
#6353 = PLANE ( 'NONE',  #4842 ) ;
#6354 = ORIENTED_EDGE ( 'NONE', *, *, #959, .T. ) ;
#6355 = DIRECTION ( 'NONE',  ( 0.9396926207859082059, 0.3420201433256694901, 0.000000000000000000 ) ) ;
#6356 = EDGE_LOOP ( 'NONE', ( #4746, #6112, #2395, #4115 ) ) ;
#6357 = ORIENTED_EDGE ( 'NONE', *, *, #340, .T. ) ;
#6358 = DIRECTION ( 'NONE',  ( -0.000000000000000000, 1.000000000000000000, -0.000000000000000000 ) ) ;
#6359 = VECTOR ( 'NONE', #7994, 1000.000000000000000 ) ;
#6360 = VECTOR ( 'NONE', #463, 1000.000000000000000 ) ;
#6361 = FACE_OUTER_BOUND ( 'NONE', #5277, .T. ) ;
#6362 = EDGE_CURVE ( 'NONE', #1459, #669, #4798, .T. ) ;
#6363 = ADVANCED_FACE ( 'NONE', ( #7442 ), #5405, .F. ) ;
#6364 = DIRECTION ( 'NONE',  ( 1.000000000000000000, 0.000000000000000000, -1.228122814850837064E-16 ) ) ;
#6365 = VECTOR ( 'NONE', #6700, 1000.000000000000000 ) ;
#6366 = ORIENTED_EDGE ( 'NONE', *, *, #5465, .T. ) ;
#6367 = ADVANCED_FACE ( 'NONE', ( #6799 ), #4713, .T. ) ;
#6368 = DIRECTION ( 'NONE',  ( -2.312964634635742957E-16, -0.000000000000000000, 1.000000000000000000 ) ) ;
#6369 = AXIS2_PLACEMENT_3D ( 'NONE', #4959, #7558, #7598 ) ;
#6370 = ORIENTED_EDGE ( 'NONE', *, *, #7481, .F. ) ;
#6371 = ORIENTED_EDGE ( 'NONE', *, *, #2763, .F. ) ;
#6372 = VECTOR ( 'NONE', #869, 1000.000000000000000 ) ;
#6373 = CARTESIAN_POINT ( 'NONE',  ( 0.000000000000000000, 4.000000000000000000, 84.48005692213685336 ) ) ;
#6374 = AXIS2_PLACEMENT_3D ( 'NONE', #650, #6624, #5288 ) ;
#6375 = EDGE_CURVE ( 'NONE', #2630, #4733, #7303, .T. ) ;
#6376 = FACE_BOUND ( 'NONE', #4153, .T. ) ;
#6377 = CARTESIAN_POINT ( 'NONE',  ( 0.000000000000000000, 4.500000000000000000, 64.98005692213685336 ) ) ;
#6378 = CARTESIAN_POINT ( 'NONE',  ( -18.59154393358412349, 3.828989928337164450, 65.44990323252980602 ) ) ;
#6379 = ADVANCED_FACE ( 'NONE', ( #7487 ), #131, .T. ) ;
#6380 = CARTESIAN_POINT ( 'NONE',  ( -2.633242237234964644, 4.500000000000000000, 22.90820492887897331 ) ) ;
#6381 = VECTOR ( 'NONE', #1763, 1000.000000000000000 ) ;
#6382 = DIRECTION ( 'NONE',  ( 0.000000000000000000, 0.000000000000000000, 1.000000000000000000 ) ) ;
#6383 = ORIENTED_EDGE ( 'NONE', *, *, #2024, .T. ) ;
#6384 = VECTOR ( 'NONE', #7775, 1000.000000000000114 ) ;
#6385 = EDGE_LOOP ( 'NONE', ( #6394, #6858, #6233, #4370 ) ) ;
#6386 = VECTOR ( 'NONE', #2088, 1000.000000000000000 ) ;
#6388 = LINE ( 'NONE', #5906, #3739 ) ;
#6387 = AXIS2_PLACEMENT_3D ( 'NONE', #5391, #8030, #4197 ) ;
#6389 = EDGE_CURVE ( 'NONE', #7241, #8464, #813, .T. ) ;
#6390 = FACE_OUTER_BOUND ( 'NONE', #2693, .T. ) ;
#6391 = DIRECTION ( 'NONE',  ( 2.312964634635742957E-16, -0.000000000000000000, -1.000000000000000000 ) ) ;
#6392 = AXIS2_PLACEMENT_3D ( 'NONE', #4779, #5510, #4873 ) ;
#6393 = CARTESIAN_POINT ( 'NONE',  ( -2.633242237234962868, 4.500000000000000000, 84.48005692213685336 ) ) ;
#6394 = ORIENTED_EDGE ( 'NONE', *, *, #3068, .T. ) ;
#6395 = ORIENTED_EDGE ( 'NONE', *, *, #2501, .T. ) ;
#6396 = VECTOR ( 'NONE', #6144, 1000.000000000000000 ) ;
#6397 =( BOUNDED_CURVE ( )  B_SPLINE_CURVE ( 3, ( #426, #2380, #7748, #2989 ),
 .UNSPECIFIED., .F., .F. ) 
 B_SPLINE_CURVE_WITH_KNOTS ( ( 4, 4 ),
 ( 3.141592653589793116, 3.490658503988663952 ),
 .UNSPECIFIED. ) 
 CURVE ( )  GEOMETRIC_REPRESENTATION_ITEM ( )  RATIONAL_B_SPLINE_CURVE ( ( 1.000000000000000000, 0.9898718353414717175, 0.9898718353414717175, 1.000000000000000000 ) ) 
 REPRESENTATION_ITEM ( '' )  );
#6398 = CARTESIAN_POINT ( 'NONE',  ( 16.39691145237208048, 3.828989928337166226, 22.43835861848601709 ) ) ;
#6399 = DIRECTION ( 'NONE',  ( 0.000000000000000000, -0.000000000000000000, -1.000000000000000000 ) ) ;
#6400 = DIRECTION ( 'NONE',  ( -0.3420201433256694901, -0.9396926207859082059, 0.000000000000000000 ) ) ;
#6401 = DIRECTION ( 'NONE',  ( 7.950815931560367493E-16, -0.000000000000000000, -1.000000000000000000 ) ) ;
#6402 = AXIS2_PLACEMENT_3D ( 'NONE', #8279, #6345, #2439 ) ;
#6403 = VERTEX_POINT ( 'NONE', #2452 ) ;
#6404 = CARTESIAN_POINT ( 'NONE',  ( 0.000000000000000000, 4.000000000000000000, 22.90820492887897686 ) ) ;
#6405 = ORIENTED_EDGE ( 'NONE', *, *, #2714, .T. ) ;
#6406 = ORIENTED_EDGE ( 'NONE', *, *, #6128, .T. ) ;
#6407 = ORIENTED_EDGE ( 'NONE', *, *, #3419, .F. ) ;
#6408 = CARTESIAN_POINT ( 'NONE',  ( 36.36675776276504735, 4.500000000000000000, 100.9082049288789591 ) ) ;
#6409 = CYLINDRICAL_SURFACE ( 'NONE', #2388, 0.5000000000000004441 ) ;
#6410 = CARTESIAN_POINT ( 'NONE',  ( 34.08177813309094262, 8.816027736361814249, 86.76503655181095098 ) ) ;
#6411 = DIRECTION ( 'NONE',  ( 1.000000000000000000, 0.000000000000000000, 9.251858538542971828E-16 ) ) ;
#6412 = ORIENTED_EDGE ( 'NONE', *, *, #5431, .T. ) ;
#6413 = FACE_OUTER_BOUND ( 'NONE', #7534, .T. ) ;
#6414 = ORIENTED_EDGE ( 'NONE', *, *, #703, .T. ) ;
#6415 = DIRECTION ( 'NONE',  ( -0.9396926207859082059, 0.3420201433256694901, -2.173475799305982003E-16 ) ) ;
#6416 = DIRECTION ( 'NONE',  ( 0.000000000000000000, -0.000000000000000000, -1.000000000000000000 ) ) ;
#6417 = EDGE_LOOP ( 'NONE', ( #4950, #7297, #949, #6542 ) ) ;
#6418 = ADVANCED_FACE ( 'NONE', ( #3104 ), #6316, .T. ) ;
#6419 = ADVANCED_FACE ( 'NONE', ( #4978 ), #6353, .T. ) ;
#6420 = CARTESIAN_POINT ( 'NONE',  ( 20.43860975602292385, 4.000000000000000000, 26.48005692213686046 ) ) ;
#6421 = FACE_BOUND ( 'NONE', #506, .T. ) ;
#6422 = DIRECTION ( 'NONE',  ( 1.000000000000000000, -0.000000000000000000, -0.000000000000000000 ) ) ;
#6423 = FACE_OUTER_BOUND ( 'NONE', #1457, .T. ) ;
#6424 = CARTESIAN_POINT ( 'NONE',  ( -39.48518229480393416, 0.000000000000000000, 82.33199697970582065 ) ) ;
#6425 = LINE ( 'NONE', #3250, #3765 ) ;
#6426 = LINE ( 'NONE', #5767, #2154 ) ;
#6427 = CARTESIAN_POINT ( 'NONE',  ( 16.39691145237208048, 3.828989928337167115, 65.44990323252982023 ) ) ;
#6428 = VERTEX_POINT ( 'NONE', #1768 ) ;
#6429 = ORIENTED_EDGE ( 'NONE', *, *, #4795, .T. ) ;
#6430 = EDGE_CURVE ( 'NONE', #1578, #4888, #1690, .T. ) ;
#6431 = EDGE_CURVE ( 'NONE', #3581, #6014, #5026, .T. ) ;
#6432 = CARTESIAN_POINT ( 'NONE',  ( -37.84731624060601263, 4.500000000000000000, 65.69413092550790623 ) ) ;
#6433 = PLANE ( 'NONE',  #5972 ) ;
#6434 = DIRECTION ( 'NONE',  ( -0.000000000000000000, -1.000000000000000000, 0.000000000000000000 ) ) ;
#6435 = CARTESIAN_POINT ( 'NONE',  ( -3.133242237234962868, 4.000000000000000000, 84.98005692213685336 ) ) ;
#6436 = CARTESIAN_POINT ( 'NONE',  ( 20.40845606641587295, 3.828989928337164006, 22.43835861848602065 ) ) ;
#6437 = ORIENTED_EDGE ( 'NONE', *, *, #3021, .T. ) ;
#6438 = ORIENTED_EDGE ( 'NONE', *, *, #5008, .T. ) ;
#6439 = EDGE_CURVE ( 'NONE', #2980, #3096, #7005, .T. ) ;
#6440 = LINE ( 'NONE', #7656, #6381 ) ;
#6441 = DIRECTION ( 'NONE',  ( -0.000000000000000000, -1.000000000000000000, 0.000000000000000000 ) ) ;
#6442 = CARTESIAN_POINT ( 'NONE',  ( 20.43860975602292385, 3.941525029986321815, 80.90820492887897331 ) ) ;
#6443 = LINE ( 'NONE', #2330, #2301 ) ;
#6444 = LINE ( 'NONE', #2537, #2911 ) ;
#6445 = ORIENTED_EDGE ( 'NONE', *, *, #3657, .F. ) ;
#6446 = LINE ( 'NONE', #5275, #6088 ) ;
#6447 = ORIENTED_EDGE ( 'NONE', *, *, #7377, .T. ) ;
#6448 =( BOUNDED_CURVE ( )  B_SPLINE_CURVE ( 3, ( #8062, #1522, #4136, #8324 ),
 .UNSPECIFIED., .F., .F. ) 
 B_SPLINE_CURVE_WITH_KNOTS ( ( 4, 4 ),
 ( 5.934119456780714508, 6.283185307179586232 ),
 .UNSPECIFIED. ) 
 CURVE ( )  GEOMETRIC_REPRESENTATION_ITEM ( )  RATIONAL_B_SPLINE_CURVE ( ( 1.000000000000000000, 0.9898718353414717175, 0.9898718353414717175, 1.000000000000000000 ) ) 
 REPRESENTATION_ITEM ( '' )  );
#6449 = ORIENTED_EDGE ( 'NONE', *, *, #1660, .F. ) ;
#6450 = ORIENTED_EDGE ( 'NONE', *, *, #2853, .T. ) ;
#6451 = DIRECTION ( 'NONE',  ( 0.000000000000000000, -1.000000000000000000, 0.000000000000000000 ) ) ;
#6452 = FACE_OUTER_BOUND ( 'NONE', #3956, .T. ) ;
#6453 = CARTESIAN_POINT ( 'NONE',  ( -37.84731624060601973, 3.828989928337165338, 61.43835861848602065 ) ) ;
#6454 = CARTESIAN_POINT ( 'NONE',  ( 1.668327990038994106E-14, 4.500000000000000000, 108.1941309255078920 ) ) ;
#6455 = EDGE_LOOP ( 'NONE', ( #3830, #1843, #8146, #5018 ) ) ;
#6456 = DIRECTION ( 'NONE',  ( -0.000000000000000000, -1.000000000000000000, -0.000000000000000000 ) ) ;
#6457 = ORIENTED_EDGE ( 'NONE', *, *, #1070, .T. ) ;
#6458 = LINE ( 'NONE', #2595, #2396 ) ;
#6459 = CARTESIAN_POINT ( 'NONE',  ( 35.86675776276504735, 4.000000000000000000, 100.4082049288789591 ) ) ;
#6460 = CARTESIAN_POINT ( 'NONE',  ( 20.40845606641587651, 3.828989928337163562, 26.44990323252981312 ) ) ;
#6461 = CARTESIAN_POINT ( 'NONE',  ( -38.06139024397706550, 4.292893218813452094, 80.90820492887898752 ) ) ;
#6462 = CARTESIAN_POINT ( 'NONE',  ( 0.000000000000000000, 4.500000000000000000, 22.90820492887897686 ) ) ;
#6463 = DIRECTION ( 'NONE',  ( 0.000000000000000000, 0.000000000000000000, 1.000000000000000000 ) ) ;
#6464 = FACE_OUTER_BOUND ( 'NONE', #4962, .T. ) ;
#6465 = CYLINDRICAL_SURFACE ( 'NONE', #3487, 0.5000000000000004441 ) ;
#6466 = DIRECTION ( 'NONE',  ( -2.312964634635742957E-16, 0.000000000000000000, 1.000000000000000000 ) ) ;
#6467 = LINE ( 'NONE', #8484, #4444 ) ;
#6468 = ORIENTED_EDGE ( 'NONE', *, *, #6739, .T. ) ;
#6469 = ORIENTED_EDGE ( 'NONE', *, *, #3480, .F. ) ;
#6470 = VECTOR ( 'NONE', #2966, 1000.000000000000000 ) ;
#6471 = CARTESIAN_POINT ( 'NONE',  ( -37.84731624060602684, 4.500000000000000000, 41.69413092550791333 ) ) ;
#6472 = LINE ( 'NONE', #5821, #3643 ) ;
#6473 = EDGE_CURVE ( 'NONE', #2702, #2364, #2332, .T. ) ;
#6474 = DIRECTION ( 'NONE',  ( -0.000000000000000000, 1.000000000000000000, -0.000000000000000000 ) ) ;
#6475 = CARTESIAN_POINT ( 'NONE',  ( -2.926135456048415850, 4.500000000000000000, 84.77295014095028591 ) ) ;
#6476 = VECTOR ( 'NONE', #6301, 1000.000000000000000 ) ;
#6477 = EDGE_CURVE ( 'NONE', #5462, #7241, #5538, .T. ) ;
#6478 = EDGE_CURVE ( 'NONE', #1083, #7219, #2296, .T. ) ;
#6479 = LINE ( 'NONE', #5654, #5848 ) ;
#6480 = ORIENTED_EDGE ( 'NONE', *, *, #2754, .T. ) ;
#6481 = ORIENTED_EDGE ( 'NONE', *, *, #2127, .T. ) ;
#6482 = EDGE_CURVE ( 'NONE', #1075, #7350, #1082, .T. ) ;
#6483 = LINE ( 'NONE', #588, #1043 ) ;
#6484 = AXIS2_PLACEMENT_3D ( 'NONE', #7925, #1613, #4220 ) ;
#6485 = CARTESIAN_POINT ( 'NONE',  ( 16.36675776276503669, 4.000000000000000000, 100.4082049288789875 ) ) ;
#6486 = DIRECTION ( 'NONE',  ( 0.000000000000000000, 1.000000000000000000, -0.000000000000000000 ) ) ;
#6487 = DIRECTION ( 'NONE',  ( -1.000000000000000000, 0.000000000000000000, -0.000000000000000000 ) ) ;
#6488 = EDGE_CURVE ( 'NONE', #5356, #6253, #3618, .T. ) ;
#6489 = EDGE_LOOP ( 'NONE', ( #5641, #2105, #1666, #2871 ) ) ;
#6490 = LINE ( 'NONE', #1360, #4438 ) ;
#6491 = VECTOR ( 'NONE', #1269, 1000.000000000000114 ) ;
#6492 = ORIENTED_EDGE ( 'NONE', *, *, #2021, .F. ) ;
#6493 = EDGE_CURVE ( 'NONE', #884, #4095, #3694, .T. ) ;
#6494 = EDGE_LOOP ( 'NONE', ( #3593, #5418, #5255, #4716 ) ) ;
#6495 = ORIENTED_EDGE ( 'NONE', *, *, #654, .T. ) ;
#6496 = DIRECTION ( 'NONE',  ( 1.734723475976807094E-16, 0.000000000000000000, 1.000000000000000000 ) ) ;
#6497 = DIRECTION ( 'NONE',  ( -1.156482317317871478E-16, 0.000000000000000000, 1.000000000000000000 ) ) ;
#6498 = DIRECTION ( 'NONE',  ( 1.000000000000000000, -0.000000000000000000, 0.000000000000000000 ) ) ;
#6499 = VECTOR ( 'NONE', #246, 1000.000000000000000 ) ;
#6500 = ADVANCED_FACE ( 'NONE', ( #7660 ), #1111, .T. ) ;
#6501 =( BOUNDED_CURVE ( )  B_SPLINE_CURVE ( 3, ( #6190, #296, #4245, #2287 ),
 .UNSPECIFIED., .F., .F. ) 
 B_SPLINE_CURVE_WITH_KNOTS ( ( 4, 4 ),
 ( 2.792526803190920059, 3.141592653589793116 ),
 .UNSPECIFIED. ) 
 CURVE ( )  GEOMETRIC_REPRESENTATION_ITEM ( )  RATIONAL_B_SPLINE_CURVE ( ( 1.000000000000000000, 0.9898718353414716065, 0.9898718353414716065, 1.000000000000000000 ) ) 
 REPRESENTATION_ITEM ( '' )  );
#6502 = FACE_OUTER_BOUND ( 'NONE', #5461, .T. ) ;
#6503 = ORIENTED_EDGE ( 'NONE', *, *, #8205, .F. ) ;
#6504 = FACE_OUTER_BOUND ( 'NONE', #8115, .T. ) ;
#6505 = VECTOR ( 'NONE', #2458, 1000.000000000000000 ) ;
#6506 = VERTEX_POINT ( 'NONE', #7040 ) ;
#6507 = CARTESIAN_POINT ( 'NONE',  ( 16.86675776276503669, 4.500000000000000000, 81.40820492887897331 ) ) ;
#6508 = DIRECTION ( 'NONE',  ( -1.000000000000000000, 0.000000000000000000, -0.000000000000000000 ) ) ;
#6509 = VECTOR ( 'NONE', #6614, 1000.000000000000000 ) ;
#6510 = CARTESIAN_POINT ( 'NONE',  ( -22.63324223723496331, 3.941525029986322703, 45.98005692213685336 ) ) ;
#6511 = CIRCLE ( 'NONE', #7875, 2.400000000000000799 ) ;
#6512 = CARTESIAN_POINT ( 'NONE',  ( -38.56139024397707971, 4.500000000000000000, 25.98005692213686046 ) ) ;
#6513 = CYLINDRICAL_SURFACE ( 'NONE', #4280, 0.5000000000000004441 ) ;
#6514 = SHAPE_DEFINITION_REPRESENTATION ( #2167, #5777 ) ;
#6515 = VECTOR ( 'NONE', #6122, 1000.000000000000000 ) ;
#6516 = FACE_OUTER_BOUND ( 'NONE', #5578, .T. ) ;
#6517 = CYLINDRICAL_SURFACE ( 'NONE', #6102, 0.5000000000000000000 ) ;
#6518 = LINE ( 'NONE', #620, #4195 ) ;
#6519 = CYLINDRICAL_SURFACE ( 'NONE', #1283, 0.5000000000000004441 ) ;
#6520 = ORIENTED_EDGE ( 'NONE', *, *, #94, .T. ) ;
#6521 = AXIS2_PLACEMENT_3D ( 'NONE', #3164, #8393, #7765 ) ;
#6522 = ORIENTED_EDGE ( 'NONE', *, *, #5220, .F. ) ;
#6523 = AXIS2_PLACEMENT_3D ( 'NONE', #1943, #1336, #3993 ) ;
#6524 = DIRECTION ( 'NONE',  ( 0.000000000000000000, -0.000000000000000000, -1.000000000000000000 ) ) ;
#6525 = CYLINDRICAL_SURFACE ( 'NONE', #5647, 0.5000000000000004441 ) ;
#6526 = AXIS2_PLACEMENT_3D ( 'NONE', #2241, #1544, #2365 ) ;
#6527 = CYLINDRICAL_SURFACE ( 'NONE', #3915, 2.399999999999999467 ) ;
#6528 = CIRCLE ( 'NONE', #2140, 3.500000000000003109 ) ;
#6529 = ORIENTED_EDGE ( 'NONE', *, *, #1813, .T. ) ;
#6530 = CARTESIAN_POINT ( 'NONE',  ( -18.56139024397707260, 4.000000000000000000, 65.48005692213686757 ) ) ;
#6531 = AXIS2_PLACEMENT_3D ( 'NONE', #4536, #6486, #5832 ) ;
#6532 = EDGE_CURVE ( 'NONE', #4026, #7219, #3118, .T. ) ;
#6533 = EDGE_CURVE ( 'NONE', #7219, #3733, #1394, .T. ) ;
#6534 = CARTESIAN_POINT ( 'NONE',  ( -51.09731624060602684, -7.500000000000000000, -42.90586907449209519 ) ) ;
#6535 = DIRECTION ( 'NONE',  ( 1.368951553890978336E-17, 0.000000000000000000, -1.000000000000000000 ) ) ;
#6536 = CIRCLE ( 'NONE', #903, 1.399999999999998579 ) ;
#6537 = CARTESIAN_POINT ( 'NONE',  ( 0.000000000000000000, 4.500000000000000000, 22.90820492887897331 ) ) ;
#6538 = DIRECTION ( 'NONE',  ( 1.000000000000000000, 0.000000000000000000, 9.251858538542971828E-16 ) ) ;
#6539 = DIRECTION ( 'NONE',  ( -0.3420201433256694901, 0.9396926207859082059, 0.000000000000000000 ) ) ;
#6540 = ORIENTED_EDGE ( 'NONE', *, *, #8103, .T. ) ;
#6541 = CARTESIAN_POINT ( 'NONE',  ( -38.07154431595908761, 3.883938426159695645, 22.41835900086098121 ) ) ;
#6542 = ORIENTED_EDGE ( 'NONE', *, *, #1213, .F. ) ;
#6543 = ORIENTED_EDGE ( 'NONE', *, *, #5058, .F. ) ;
#6544 = VERTEX_POINT ( 'NONE', #3777 ) ;
#6545 = CARTESIAN_POINT ( 'NONE',  ( 16.86675776276504024, 4.000000000000000000, 0.000000000000000000 ) ) ;
#6546 = ADVANCED_FACE ( 'NONE', ( #8212 ), #4934, .F. ) ;
#6547 = AXIS2_PLACEMENT_3D ( 'NONE', #7772, #409, #1887 ) ;
#6548 = EDGE_CURVE ( 'NONE', #6707, #1856, #3013, .T. ) ;
#6549 = CARTESIAN_POINT ( 'NONE',  ( -22.84731624060602329, 4.500000000000000000, 22.19413092550791688 ) ) ;
#6550 = ORIENTED_EDGE ( 'NONE', *, *, #3951, .T. ) ;
#6551 = CARTESIAN_POINT ( 'NONE',  ( 9.335884373802928896E-14, 4.000000000000000000, 100.9082049288789875 ) ) ;
#6552 = ORIENTED_EDGE ( 'NONE', *, *, #3651, .F. ) ;
#6553 = CARTESIAN_POINT ( 'NONE',  ( -39.48518229480392705, 0.000000000000000000, 64.05626487130999180 ) ) ;
#6554 = EDGE_CURVE ( 'NONE', #7219, #2749, #35, .T. ) ;
#6555 = CARTESIAN_POINT ( 'NONE',  ( -18.57154431595907695, 3.883938426159694757, 80.91835900086097411 ) ) ;
#6556 = DIRECTION ( 'NONE',  ( -0.3236155771181852825, 0.8891264907159879272, 0.3236155771181852270 ) ) ;
#6557 = CARTESIAN_POINT ( 'NONE',  ( -22.42613545604841363, 4.500000000000000888, 65.27295014095030012 ) ) ;
#6558 = DIRECTION ( 'NONE',  ( 0.000000000000000000, 0.000000000000000000, 1.000000000000000000 ) ) ;
#6559 = FACE_OUTER_BOUND ( 'NONE', #8079, .T. ) ;
#6560 = FACE_OUTER_BOUND ( 'NONE', #2066, .T. ) ;
#6561 = EDGE_LOOP ( 'NONE', ( #2722, #3327, #4937, #5660 ) ) ;
#6562 = ORIENTED_EDGE ( 'NONE', *, *, #7003, .F. ) ;
#6563 = EDGE_CURVE ( 'NONE', #7750, #1798, #3305, .T. ) ;
#6564 = DIRECTION ( 'NONE',  ( 0.3236155771181852270, 0.8891264907159879272, -0.3236155771181854490 ) ) ;
#6565 = DIRECTION ( 'NONE',  ( 0.000000000000000000, -1.000000000000000000, 0.000000000000000000 ) ) ;
#6566 = CARTESIAN_POINT ( 'NONE',  ( 0.000000000000000000, 4.000000000000000000, 25.98005692213686046 ) ) ;
#6567 = CARTESIAN_POINT ( 'NONE',  ( 20.43860975602292740, 4.000000000000000000, 4.727378154680210235E-15 ) ) ;
#6568 = ORIENTED_EDGE ( 'NONE', *, *, #4828, .T. ) ;
#6569 = ORIENTED_EDGE ( 'NONE', *, *, #4695, .T. ) ;
#6570 = DIRECTION ( 'NONE',  ( 0.5031907286678238833, 0.000000000000000000, -0.8641753818425657041 ) ) ;
#6571 = DIRECTION ( 'NONE',  ( 1.000000000000000000, -0.000000000000000000, 0.000000000000000000 ) ) ;
#6572 = FACE_OUTER_BOUND ( 'NONE', #4771, .T. ) ;
#6573 = DIRECTION ( 'NONE',  ( 0.000000000000000000, 0.000000000000000000, -1.000000000000000000 ) ) ;
#6574 = CARTESIAN_POINT ( 'NONE',  ( 34.08177813309094262, 8.816027736361819578, 47.76503655181095809 ) ) ;
#6575 = VERTEX_POINT ( 'NONE', #5195 ) ;
#6576 = CARTESIAN_POINT ( 'NONE',  ( 19.93860975602291674, 4.500000000000000000, 0.000000000000000000 ) ) ;
#6577 = EDGE_CURVE ( 'NONE', #1389, #26, #1325, .T. ) ;
#6578 = ORIENTED_EDGE ( 'NONE', *, *, #121, .F. ) ;
#6579 = VERTEX_POINT ( 'NONE', #5106 ) ;
#6580 = EDGE_LOOP ( 'NONE', ( #7373, #5851, #8025, #6209 ) ) ;
#6581 = FACE_OUTER_BOUND ( 'NONE', #2982, .T. ) ;
#6582 = CARTESIAN_POINT ( 'NONE',  ( 35.86675776276504735, 4.292893218813452094, 41.90820492887897331 ) ) ;
#6583 = EDGE_CURVE ( 'NONE', #1117, #6242, #7908, .T. ) ;
#6584 = CARTESIAN_POINT ( 'NONE',  ( -38.56139024397707260, 4.500000000000000000, 61.90820492887896620 ) ) ;
#6585 = EDGE_CURVE ( 'NONE', #3282, #124, #639, .T. ) ;
#6586 = EDGE_CURVE ( 'NONE', #1663, #677, #7227, .T. ) ;
#6587 = ORIENTED_EDGE ( 'NONE', *, *, #5225, .T. ) ;
#6588 = LINE ( 'NONE', #2678, #199 ) ;
#6589 = ORIENTED_EDGE ( 'NONE', *, *, #1233, .F. ) ;
#6590 = DIRECTION ( 'NONE',  ( 0.9396926207859082059, 0.3420201433256694901, 0.000000000000000000 ) ) ;
#6591 = EDGE_CURVE ( 'NONE', #1638, #2715, #6446, .T. ) ;
#6592 = CARTESIAN_POINT ( 'NONE',  ( -38.09154393358411994, 3.828989928337164450, 45.94990323252980602 ) ) ;
#6593 = FACE_OUTER_BOUND ( 'NONE', #7688, .T. ) ;
#6594 = CARTESIAN_POINT ( 'NONE',  ( -54.09731624060601973, 4.500000000000000000, -51.80586907449209377 ) ) ;
#6595 = EDGE_CURVE ( 'NONE', #7241, #1200, #555, .T. ) ;
#6596 = CARTESIAN_POINT ( 'NONE',  ( -2.840700125539227221E-14, 4.000000000000000000, 61.40820492887896620 ) ) ;
#6597 = LINE ( 'NONE', #186, #3353 ) ;
#6598 = VERTEX_POINT ( 'NONE', #5152 ) ;
#6599 = EDGE_CURVE ( 'NONE', #2606, #3386, #7131, .T. ) ;
#6600 = EDGE_LOOP ( 'NONE', ( #5166, #1835, #2872, #3067, #4287 ) ) ;
#6601 = CARTESIAN_POINT ( 'NONE',  ( 20.43860975602292029, 4.000000000000000000, 22.40820492887897331 ) ) ;
#6602 = DIRECTION ( 'NONE',  ( -4.625929269271465206E-16, 0.000000000000000000, -1.000000000000000000 ) ) ;
#6603 = DIRECTION ( 'NONE',  ( 0.000000000000000000, 0.3420201433256694901, -0.9396926207859082059 ) ) ;
#6604 = DIRECTION ( 'NONE',  ( 0.000000000000000000, 0.000000000000000000, -1.000000000000000000 ) ) ;
#6605 = CARTESIAN_POINT ( 'NONE',  ( -2.863829771885584439E-14, 4.000000000000000000, 61.90820492887896620 ) ) ;
#6606 = ORIENTED_EDGE ( 'NONE', *, *, #1677, .F. ) ;
#6607 = ORIENTED_EDGE ( 'NONE', *, *, #5267, .T. ) ;
#6608 = CARTESIAN_POINT ( 'NONE',  ( 16.86675776276504024, 4.500000000000000000, 84.48005692213685336 ) ) ;
#6609 = CARTESIAN_POINT ( 'NONE',  ( -4.918221866909063600, 8.816027736361823131, 59.62322529920487568 ) ) ;
#6610 = AXIS2_PLACEMENT_3D ( 'NONE', #4107, #8200, #1584 ) ;
#6611 = DIRECTION ( 'NONE',  ( 0.3236155771181852825, 0.8891264907159880382, -0.3236155771181852825 ) ) ;
#6612 = LINE ( 'NONE', #2059, #2821 ) ;
#6613 = ORIENTED_EDGE ( 'NONE', *, *, #644, .F. ) ;
#6614 = DIRECTION ( 'NONE',  ( 1.156482317317871478E-16, -0.000000000000000000, -1.000000000000000000 ) ) ;
#6615 = ORIENTED_EDGE ( 'NONE', *, *, #2187, .T. ) ;
#6616 = VECTOR ( 'NONE', #5685, 1000.000000000000000 ) ;
#6617 = ORIENTED_EDGE ( 'NONE', *, *, #2489, .F. ) ;
#6618 = ORIENTED_EDGE ( 'NONE', *, *, #3690, .F. ) ;
#6619 = CARTESIAN_POINT ( 'NONE',  ( 19.93860975602294161, 4.000000000000000000, 4.611729922948426514E-15 ) ) ;
#6620 = DIRECTION ( 'NONE',  ( -4.346951598611963019E-16, 0.3420201433256694901, 0.9396926207859082059 ) ) ;
#6621 =( BOUNDED_CURVE ( )  B_SPLINE_CURVE ( 3, ( #4472, #5801, #724, #1244 ),
 .UNSPECIFIED., .F., .F. ) 
 B_SPLINE_CURVE_WITH_KNOTS ( ( 4, 4 ),
 ( 3.141592653589793116, 3.490658503988659067 ),
 .UNSPECIFIED. ) 
 CURVE ( )  GEOMETRIC_REPRESENTATION_ITEM ( )  RATIONAL_B_SPLINE_CURVE ( ( 1.000000000000000000, 0.9898718353414720506, 0.9898718353414720506, 1.000000000000000000 ) ) 
 REPRESENTATION_ITEM ( '' )  );
#6622 = AXIS2_PLACEMENT_3D ( 'NONE', #2042, #3924, #7877 ) ;
#6623 = FACE_OUTER_BOUND ( 'NONE', #7084, .T. ) ;
#6624 = DIRECTION ( 'NONE',  ( 0.000000000000000000, 1.000000000000000000, -0.000000000000000000 ) ) ;
#6625 = VERTEX_POINT ( 'NONE', #5746 ) ;
#6626 = CARTESIAN_POINT ( 'NONE',  ( 0.000000000000000000, 4.000000000000000000, 25.98005692213686046 ) ) ;
#6627 = VECTOR ( 'NONE', #7972, 1000.000000000000114 ) ;
#6628 = LINE ( 'NONE', #5329, #447 ) ;
#6629 = EDGE_CURVE ( 'NONE', #7232, #7054, #461, .T. ) ;
#6630 = EDGE_CURVE ( 'NONE', #4947, #2403, #1896, .T. ) ;
#6631 = CARTESIAN_POINT ( 'NONE',  ( -38.06139024397707971, 4.000000000000000000, 26.48005692213686046 ) ) ;
#6632 = FACE_OUTER_BOUND ( 'NONE', #136, .T. ) ;
#6633 = VECTOR ( 'NONE', #8475, 1000.000000000000000 ) ;
#6634 = ORIENTED_EDGE ( 'NONE', *, *, #4375, .T. ) ;
#6635 = LINE ( 'NONE', #6028, #3352 ) ;
#6636 = DIRECTION ( 'NONE',  ( -1.156482317317871478E-16, 0.000000000000000000, 1.000000000000000000 ) ) ;
#6637 = CARTESIAN_POINT ( 'NONE',  ( 0.9284556840409173839, 3.883938426159694313, 41.91835900086098121 ) ) ;
#6638 = EDGE_LOOP ( 'NONE', ( #60, #5442, #7463, #5983 ) ) ;
#6639 = ORIENTED_EDGE ( 'NONE', *, *, #1704, .T. ) ;
#6640 = VECTOR ( 'NONE', #5402, 1000.000000000000000 ) ;
#6641 = EDGE_CURVE ( 'NONE', #1691, #3582, #6490, .T. ) ;
#6642 = CARTESIAN_POINT ( 'NONE',  ( -1.709450186408106420, 0.000000000000000000, 5.556264871310001574 ) ) ;
#6643 = DIRECTION ( 'NONE',  ( -4.625929269271485914E-16, -0.000000000000000000, 1.000000000000000000 ) ) ;
#6644 = CIRCLE ( 'NONE', #729, 3.499999999999999556 ) ;
#6645 = CARTESIAN_POINT ( 'NONE',  ( 19.01481770519607295, 4.336808689942017736E-16, 64.05626487130999180 ) ) ;
#6646 = ADVANCED_FACE ( 'NONE', ( #8501 ), #3859, .T. ) ;
#6647 = CARTESIAN_POINT ( 'NONE',  ( -22.60308854762791597, 3.828989928337166226, 6.949903232529812236 ) ) ;
#6648 = CARTESIAN_POINT ( 'NONE',  ( -0.4851822948039353767, 0.000000000000000000, 41.69413092550791333 ) ) ;
#6649 = AXIS2_PLACEMENT_3D ( 'NONE', #284, #6827, #2918 ) ;
#6650 = CYLINDRICAL_SURFACE ( 'NONE', #898, 3.499999999999999556 ) ;
#6651 = VERTEX_POINT ( 'NONE', #5232 ) ;
#6652 = VECTOR ( 'NONE', #7024, 1000.000000000000000 ) ;
#6653 = ORIENTED_EDGE ( 'NONE', *, *, #7605, .T. ) ;
#6654 = FACE_OUTER_BOUND ( 'NONE', #7734, .T. ) ;
#6655 = EDGE_CURVE ( 'NONE', #6192, #8173, #597, .T. ) ;
#6656 = DIRECTION ( 'NONE',  ( 0.000000000000000000, -0.000000000000000000, -1.000000000000000000 ) ) ;
#6657 = CARTESIAN_POINT ( 'NONE',  ( 19.01481770519606940, -4.336808689942017736E-16, 25.05626487131000246 ) ) ;
#6658 = AXIS2_PLACEMENT_3D ( 'NONE', #1137, #3758, #5726 ) ;
#6659 = CARTESIAN_POINT ( 'NONE',  ( -38.06139024397707260, 3.941525029986320927, 61.40820492887896620 ) ) ;
#6660 = VECTOR ( 'NONE', #7920, 1000.000000000000000 ) ;
#6661 = FACE_OUTER_BOUND ( 'NONE', #1352, .T. ) ;
#6662 = VERTEX_POINT ( 'NONE', #3225 ) ;
#6663 = CYLINDRICAL_SURFACE ( 'NONE', #5397, 0.5000000000000004441 ) ;
#6664 = ORIENTED_EDGE ( 'NONE', *, *, #8350, .T. ) ;
#6665 = AXIS2_PLACEMENT_3D ( 'NONE', #670, #3299, #5913 ) ;
#6666 = VECTOR ( 'NONE', #2738, 1000.000000000000000 ) ;
#6667 = ORIENTED_EDGE ( 'NONE', *, *, #1486, .F. ) ;
#6668 = ORIENTED_EDGE ( 'NONE', *, *, #3388, .T. ) ;
#6669 = CARTESIAN_POINT ( 'NONE',  ( -31.84731624060601618, 0.000000000000000000, -2.730869074492095372 ) ) ;
#6670 = FACE_OUTER_BOUND ( 'NONE', #1895, .T. ) ;
#6671 = DIRECTION ( 'NONE',  ( 1.000000000000000000, 0.000000000000000000, 0.000000000000000000 ) ) ;
#6672 = AXIS2_PLACEMENT_3D ( 'NONE', #5093, #583, #8239 ) ;
#6673 = EDGE_CURVE ( 'NONE', #7579, #3386, #2294, .T. ) ;
#6674 = FACE_OUTER_BOUND ( 'NONE', #7689, .T. ) ;
#6675 = AXIS2_PLACEMENT_3D ( 'NONE', #5304, #3934, #7975 ) ;
#6676 = ORIENTED_EDGE ( 'NONE', *, *, #4417, .F. ) ;
#6677 = CARTESIAN_POINT ( 'NONE',  ( -38.06139024397703707, 4.000000000000000000, -1.760692991587775758E-14 ) ) ;
#6678 = EDGE_LOOP ( 'NONE', ( #87, #1599, #7359, #2801 ) ) ;
#6679 = CARTESIAN_POINT ( 'NONE',  ( 43.90268375939396606, 4.500000000000000000, 1.044701393600772663E-14 ) ) ;
#6680 = AXIS2_PLACEMENT_3D ( 'NONE', #3819, #4609, #1347 ) ;
#6681 =( BOUNDED_CURVE ( )  B_SPLINE_CURVE ( 3, ( #7343, #5313, #7944, #2151 ),
 .UNSPECIFIED., .F., .F. ) 
 B_SPLINE_CURVE_WITH_KNOTS ( ( 4, 4 ),
 ( 3.141592653589793116, 4.712388980384689674 ),
 .UNSPECIFIED. ) 
 CURVE ( )  GEOMETRIC_REPRESENTATION_ITEM ( )  RATIONAL_B_SPLINE_CURVE ( ( 1.000000000000000000, 0.8047378541243649375, 0.8047378541243649375, 1.000000000000000000 ) ) 
 REPRESENTATION_ITEM ( '' )  );
#6682 = LINE ( 'NONE', #7962, #175 ) ;
#6683 = DIRECTION ( 'NONE',  ( 0.000000000000000000, 0.000000000000000000, 1.000000000000000000 ) ) ;
#6684 = VERTEX_POINT ( 'NONE', #3823 ) ;
#6685 = EDGE_CURVE ( 'NONE', #3307, #2427, #5791, .T. ) ;
#6686 = ADVANCED_FACE ( 'NONE', ( #6173 ), #8232, .T. ) ;
#6687 = CARTESIAN_POINT ( 'NONE',  ( 0.4386097560229238468, 4.000000000000000000, 5.072444270436172326E-17 ) ) ;
#6688 = EDGE_LOOP ( 'NONE', ( #7017, #649 ) ) ;
#6689 = ORIENTED_EDGE ( 'NONE', *, *, #4669, .T. ) ;
#6690 = DIRECTION ( 'NONE',  ( 1.156482317317871971E-16, -0.000000000000000000, -1.000000000000000000 ) ) ;
#6691 = DIRECTION ( 'NONE',  ( -1.000000000000000000, 0.000000000000000000, -2.312964634635747887E-16 ) ) ;
#6692 = FACE_OUTER_BOUND ( 'NONE', #6012, .T. ) ;
#6693 = CARTESIAN_POINT ( 'NONE',  ( -3.103088547627919080, 3.828989928337165338, 61.19413092550792044 ) ) ;
#6694 = ADVANCED_FACE ( 'NONE', ( #2955 ), #6663, .T. ) ;
#6695 = DIRECTION ( 'NONE',  ( -1.000000000000000000, 0.000000000000000000, -1.156482317317872218E-16 ) ) ;
#6696 = ORIENTED_EDGE ( 'NONE', *, *, #2601, .T. ) ;
#6697 = ORIENTED_EDGE ( 'NONE', *, *, #1955, .F. ) ;
#6698 = DIRECTION ( 'NONE',  ( -9.251858538542930412E-16, 0.000000000000000000, -1.000000000000000000 ) ) ;
#6699 = EDGE_CURVE ( 'NONE', #2482, #7919, #3163, .T. ) ;
#6700 = DIRECTION ( 'NONE',  ( 1.000000000000000000, -0.000000000000000000, 0.000000000000000000 ) ) ;
#6701 = CARTESIAN_POINT ( 'NONE',  ( -22.63324223723497042, 4.000000000000000000, 22.40820492887897331 ) ) ;
#6702 = DIRECTION ( 'NONE',  ( 0.000000000000000000, 0.000000000000000000, -1.000000000000000000 ) ) ;
#6703 = DIRECTION ( 'NONE',  ( 0.000000000000000000, 0.000000000000000000, -1.000000000000000000 ) ) ;
#6704 = ORIENTED_EDGE ( 'NONE', *, *, #2149, .F. ) ;
#6705 = ADVANCED_FACE ( 'NONE', ( #4316 ), #4233, .F. ) ;
#6706 = VERTEX_POINT ( 'NONE', #3344 ) ;
#6707 = VERTEX_POINT ( 'NONE', #1672 ) ;
#6708 = ORIENTED_EDGE ( 'NONE', *, *, #8153, .T. ) ;
#6709 = CYLINDRICAL_SURFACE ( 'NONE', #3496, 0.5000000000000004441 ) ;
#6710 = CARTESIAN_POINT ( 'NONE',  ( 20.43860975602303753, 4.000000000000000000, 2.363689077340118055E-14 ) ) ;
#6711 = EDGE_CURVE ( 'NONE', #1562, #4745, #7947, .T. ) ;
#6712 = DIRECTION ( 'NONE',  ( -1.000000000000000000, 0.000000000000000000, 0.000000000000000000 ) ) ;
#6713 = EDGE_CURVE ( 'NONE', #2622, #4755, #7461, .T. ) ;
#6714 = CARTESIAN_POINT ( 'NONE',  ( -39.34731624060601263, -7.500000000000000000, 101.9441309255079062 ) ) ;
#6715 = ORIENTED_EDGE ( 'NONE', *, *, #6001, .T. ) ;
#6716 = CARTESIAN_POINT ( 'NONE',  ( 16.37691183474705170, 3.883938426159696533, 45.96990285015485256 ) ) ;
#6717 = CARTESIAN_POINT ( 'NONE',  ( 19.93860975602292740, 4.500000000000000000, 4.611729922948423359E-15 ) ) ;
#6718 = CARTESIAN_POINT ( 'NONE',  ( 0.9084560664158772836, 3.828989928337165338, 6.949903232529813124 ) ) ;
#6719 = CARTESIAN_POINT ( 'NONE',  ( -19.06139024397708326, 4.500000000000000000, 42.40820492887898041 ) ) ;
#6720 = ORIENTED_EDGE ( 'NONE', *, *, #5747, .T. ) ;
#6721 = CYLINDRICAL_SURFACE ( 'NONE', #879, 0.5000000000000004441 ) ;
#6722 = VERTEX_POINT ( 'NONE', #6264 ) ;
#6723 = ORIENTED_EDGE ( 'NONE', *, *, #6206, .F. ) ;
#6724 =( BOUNDED_CURVE ( )  B_SPLINE_CURVE ( 3, ( #5030, #4466, #1118, #1737 ),
 .UNSPECIFIED., .F., .F. ) 
 B_SPLINE_CURVE_WITH_KNOTS ( ( 4, 4 ),
 ( 0.000000000000000000, 1.570796326794896558 ),
 .UNSPECIFIED. ) 
 CURVE ( )  GEOMETRIC_REPRESENTATION_ITEM ( )  RATIONAL_B_SPLINE_CURVE ( ( 1.000000000000000000, 0.8047378541243649375, 0.8047378541243649375, 1.000000000000000000 ) ) 
 REPRESENTATION_ITEM ( '' )  );
#6725 = ORIENTED_EDGE ( 'NONE', *, *, #5021, .T. ) ;
#6726 = CARTESIAN_POINT ( 'NONE',  ( -24.41822186690906094, 8.816027736361817801, 40.12322529920486858 ) ) ;
#6727 = LINE ( 'NONE', #3499, #7995 ) ;
#6728 = DIRECTION ( 'NONE',  ( -0.3420201433256694901, -0.9396926207859082059, 0.000000000000000000 ) ) ;
#6729 = LINE ( 'NONE', #6171, #25 ) ;
#6730 = CARTESIAN_POINT ( 'NONE',  ( -0.4851822948039354322, 0.000000000000000000, 43.33199697970582775 ) ) ;
#6731 = CARTESIAN_POINT ( 'NONE',  ( -38.56139024397707260, 4.500000000000000000, 84.48005692213685336 ) ) ;
#6732 = VERTEX_POINT ( 'NONE', #4874 ) ;
#6733 = ORIENTED_EDGE ( 'NONE', *, *, #2852, .T. ) ;
#6734 = CARTESIAN_POINT ( 'NONE',  ( 16.36675776276504024, 4.000000000000000000, 61.40820492887897331 ) ) ;
#6735 = CARTESIAN_POINT ( 'NONE',  ( -38.07154431595908761, 3.883938426159694757, 84.96990285015485256 ) ) ;
#6736 = LINE ( 'NONE', #6005, #587 ) ;
#6737 = EDGE_CURVE ( 'NONE', #988, #6116, #369, .T. ) ;
#6738 = ADVANCED_FACE ( 'NONE', ( #2355 ), #975, .F. ) ;
#6739 = EDGE_CURVE ( 'NONE', #2462, #224, #4275, .T. ) ;
#6740 = PLANE ( 'NONE',  #2553 ) ;
#6741 = DIRECTION ( 'NONE',  ( 0.3236155771181855600, 0.8891264907159877051, -0.3236155771181855045 ) ) ;
#6742 = DIRECTION ( 'NONE',  ( 0.000000000000000000, 0.3420201433256694901, 0.9396926207859082059 ) ) ;
#6743 = DIRECTION ( 'NONE',  ( -0.3420201433256694901, 0.9396926207859082059, 0.000000000000000000 ) ) ;
#6744 = EDGE_CURVE ( 'NONE', #4947, #5196, #764, .T. ) ;
#6745 = VERTEX_POINT ( 'NONE', #6823 ) ;
#6746 = VERTEX_POINT ( 'NONE', #2102 ) ;
#6747 = ORIENTED_EDGE ( 'NONE', *, *, #8022, .T. ) ;
#6748 = ORIENTED_EDGE ( 'NONE', *, *, #6271, .F. ) ;
#6749 = FACE_OUTER_BOUND ( 'NONE', #2016, .T. ) ;
#6750 = CARTESIAN_POINT ( 'NONE',  ( 1.152683759393978935, 3.828989928337164450, 22.43835861848602065 ) ) ;
#6751 = CYLINDRICAL_SURFACE ( 'NONE', #6276, 0.5000000000000004441 ) ;
#6752 = VECTOR ( 'NONE', #5209, 1000.000000000000000 ) ;
#6753 = EDGE_CURVE ( 'NONE', #4759, #2930, #1017, .T. ) ;
#6754 = ADVANCED_FACE ( 'NONE', ( #4190 ), #278, .F. ) ;
#6755 = VERTEX_POINT ( 'NONE', #323 ) ;
#6756 = CARTESIAN_POINT ( 'NONE',  ( -38.06139024397707260, 3.941525029986321815, 100.4082049288789733 ) ) ;
#6757 = ORIENTED_EDGE ( 'NONE', *, *, #1423, .T. ) ;
#6758 = DIRECTION ( 'NONE',  ( -1.000000000000000000, 0.000000000000000000, 4.625929269271483942E-16 ) ) ;
#6759 = VERTEX_POINT ( 'NONE', #5563 ) ;
#6760 = CARTESIAN_POINT ( 'NONE',  ( 36.36675776276504735, 4.000000000000000000, 0.000000000000000000 ) ) ;
#6762 = ORIENTED_EDGE ( 'NONE', *, *, #3080, .F. ) ;
#6761 = AXIS2_PLACEMENT_3D ( 'NONE', #1382, #7188, #1427 ) ;
#6763 = EDGE_CURVE ( 'NONE', #2846, #1480, #2998, .T. ) ;
#6764 = DIRECTION ( 'NONE',  ( 1.000000000000000000, 0.000000000000000000, 1.156482317317871725E-16 ) ) ;
#6765 = DIRECTION ( 'NONE',  ( 0.000000000000000000, 0.000000000000000000, 1.000000000000000000 ) ) ;
#6766 = ORIENTED_EDGE ( 'NONE', *, *, #7316, .F. ) ;
#6767 = CARTESIAN_POINT ( 'NONE',  ( -51.09731624060602684, -7.500000000000000000, -47.70586907449209235 ) ) ;
#6768 = ORIENTED_EDGE ( 'NONE', *, *, #1922, .F. ) ;
#6769 = ORIENTED_EDGE ( 'NONE', *, *, #5311, .T. ) ;
#6770 = VERTEX_POINT ( 'NONE', #4917 ) ;
#6771 = FACE_OUTER_BOUND ( 'NONE', #8485, .T. ) ;
#6772 = VECTOR ( 'NONE', #5243, 1000.000000000000000 ) ;
#6773 = DIRECTION ( 'NONE',  ( 2.379584353717864084E-16, 0.000000000000000000, -1.000000000000000000 ) ) ;
#6774 = CARTESIAN_POINT ( 'NONE',  ( -3.133242237234963756, 4.000000000000000000, 65.48005692213685336 ) ) ;
#6775 =( BOUNDED_CURVE ( )  B_SPLINE_CURVE ( 3, ( #5940, #7882, #2082, #4050 ),
 .UNSPECIFIED., .F., .F. ) 
 B_SPLINE_CURVE_WITH_KNOTS ( ( 4, 4 ),
 ( 0.000000000000000000, 1.570796326794896558 ),
 .UNSPECIFIED. ) 
 CURVE ( )  GEOMETRIC_REPRESENTATION_ITEM ( )  RATIONAL_B_SPLINE_CURVE ( ( 1.000000000000000000, 0.8047378541243649375, 0.8047378541243649375, 1.000000000000000000 ) ) 
 REPRESENTATION_ITEM ( '' )  );
#6776 = DIRECTION ( 'NONE',  ( 2.312964634635740985E-16, -0.000000000000000000, -1.000000000000000000 ) ) ;
#6777 = EDGE_LOOP ( 'NONE', ( #6220, #964, #7486, #466 ) ) ;
#6778 = VECTOR ( 'NONE', #215, 1000.000000000000000 ) ;
#6779 = ORIENTED_EDGE ( 'NONE', *, *, #3036, .F. ) ;
#6780 = CARTESIAN_POINT ( 'NONE',  ( 20.43860975602292740, 4.000000000000000000, 6.980056922136859576 ) ) ;
#6781 = DIRECTION ( 'NONE',  ( -1.000000000000000000, 0.000000000000000000, -1.156482317317872218E-16 ) ) ;
#6782 = VECTOR ( 'NONE', #513, 1000.000000000000000 ) ;
#6783 = CARTESIAN_POINT ( 'NONE',  ( -19.06139024397708681, 4.500000000000000000, 45.48005692213685336 ) ) ;
#6784 = CYLINDRICAL_SURFACE ( 'NONE', #4458, 0.5000000000000004441 ) ;
#6785 = CARTESIAN_POINT ( 'NONE',  ( -51.09731624060602684, -7.500000000000000000, -45.30586907449209377 ) ) ;
#6786 = VECTOR ( 'NONE', #5177, 1000.000000000000000 ) ;
#6787 = CARTESIAN_POINT ( 'NONE',  ( -22.63324223723496686, 3.941525029986320927, 41.90820492887896620 ) ) ;
#6788 = CARTESIAN_POINT ( 'NONE',  ( -22.60308854762792308, 3.828989928337165338, 22.43835861848601709 ) ) ;
#6789 = VERTEX_POINT ( 'NONE', #5609 ) ;
#6790 = ORIENTED_EDGE ( 'NONE', *, *, #3550, .F. ) ;
#6791 = EDGE_CURVE ( 'NONE', #270, #886, #4993, .T. ) ;
#6792 = EDGE_CURVE ( 'NONE', #5287, #638, #4439, .T. ) ;
#6793 = ORIENTED_EDGE ( 'NONE', *, *, #8053, .F. ) ;
#6794 = PLANE ( 'NONE',  #4318 ) ;
#6795 = LINE ( 'NONE', #851, #325 ) ;
#6796 = VECTOR ( 'NONE', #7581, 1000.000000000000000 ) ;
#6797 = CARTESIAN_POINT ( 'NONE',  ( -4.918221866909062712, 8.816027736361816025, 28.26503655181095809 ) ) ;
#6798 = ORIENTED_EDGE ( 'NONE', *, *, #5624, .F. ) ;
#6799 = FACE_OUTER_BOUND ( 'NONE', #292, .T. ) ;
#6800 = EDGE_LOOP ( 'NONE', ( #1512, #6948, #3178, #7361 ) ) ;
#6801 = CARTESIAN_POINT ( 'NONE',  ( 35.87691183474704104, 3.883938426159697421, 84.96990285015485256 ) ) ;
#6802 = VECTOR ( 'NONE', #2152, 1000.000000000000000 ) ;
#6803 = ADVANCED_FACE ( 'NONE', ( #6464 ), #5004, .F. ) ;
#6804 = ORIENTED_EDGE ( 'NONE', *, *, #3234, .T. ) ;
#6805 = CARTESIAN_POINT ( 'NONE',  ( -38.56139024397706550, 4.500000000000000000, 45.48005692213685336 ) ) ;
#6806 = EDGE_CURVE ( 'NONE', #3, #4225, #7563, .T. ) ;
#6807 = VECTOR ( 'NONE', #31, 1000.000000000000000 ) ;
#6808 = DIRECTION ( 'NONE',  ( 0.000000000000000000, 0.000000000000000000, 1.000000000000000000 ) ) ;
#6809 = FACE_OUTER_BOUND ( 'NONE', #2994, .T. ) ;
#6810 = DIRECTION ( 'NONE',  ( 1.156482317317871478E-16, -0.000000000000000000, -1.000000000000000000 ) ) ;
#6811 = ORIENTED_EDGE ( 'NONE', *, *, #7390, .F. ) ;
#6812 = CARTESIAN_POINT ( 'NONE',  ( 20.65268375939397671, 3.828989928337165338, 41.93835861848602065 ) ) ;
#6813 = VECTOR ( 'NONE', #5017, 1000.000000000000000 ) ;
#6814 = EDGE_CURVE ( 'NONE', #4893, #2571, #736, .T. ) ;
#6815 = VERTEX_POINT ( 'NONE', #442 ) ;
#6816 = CYLINDRICAL_SURFACE ( 'NONE', #1576, 2.500000000000002220 ) ;
#6817 = EDGE_LOOP ( 'NONE', ( #8041, #6520, #3554, #164 ) ) ;
#6818 = EDGE_LOOP ( 'NONE', ( #4164, #942, #5242, #1045 ) ) ;
#6819 = CARTESIAN_POINT ( 'NONE',  ( -22.63324223723496331, 4.000000000000000000, 80.90820492887897331 ) ) ;
#6820 = DIRECTION ( 'NONE',  ( 0.000000000000000000, 0.000000000000000000, 1.000000000000000000 ) ) ;
#6821 = FACE_OUTER_BOUND ( 'NONE', #3687, .T. ) ;
#6822 = CARTESIAN_POINT ( 'NONE',  ( 36.36675776276504735, 4.500000000000000000, 84.48005692213685336 ) ) ;
#6823 = CARTESIAN_POINT ( 'NONE',  ( -22.60308854762791597, 3.828989928337163562, 41.93835861848601354 ) ) ;
#6824 = CARTESIAN_POINT ( 'NONE',  ( -38.09154393358413415, 3.828989928337164450, 26.44990323252981312 ) ) ;
#6825 = EDGE_LOOP ( 'NONE', ( #1733, #766, #6412, #3143 ) ) ;
#6826 = ORIENTED_EDGE ( 'NONE', *, *, #5324, .F. ) ;
#6827 = DIRECTION ( 'NONE',  ( 0.000000000000000000, 1.000000000000000000, -0.000000000000000000 ) ) ;
#6828 = DIRECTION ( 'NONE',  ( -0.9396926207859082059, 0.3420201433256694901, -7.471323060114312579E-16 ) ) ;
#6829 =( BOUNDED_CURVE ( )  B_SPLINE_CURVE ( 3, ( #3445, #2730, #6637, #784 ),
 .UNSPECIFIED., .F., .F. ) 
 B_SPLINE_CURVE_WITH_KNOTS ( ( 4, 4 ),
 ( 0.000000000000000000, 0.3490658503988713912 ),
 .UNSPECIFIED. ) 
 CURVE ( )  GEOMETRIC_REPRESENTATION_ITEM ( )  RATIONAL_B_SPLINE_CURVE ( ( 1.000000000000000000, 0.9898718353414717175, 0.9898718353414717175, 1.000000000000000000 ) ) 
 REPRESENTATION_ITEM ( '' )  );
#6830 = LINE ( 'NONE', #7080, #3988 ) ;
#6831 = PLANE ( 'NONE',  #892 ) ;
#6832 = LINE ( 'NONE', #6185, #7505 ) ;
#6833 = ORIENTED_EDGE ( 'NONE', *, *, #4489, .T. ) ;
#6834 = VERTEX_POINT ( 'NONE', #6380 ) ;
#6835 = EDGE_LOOP ( 'NONE', ( #1554, #8137, #1724, #2473 ) ) ;
#6836 = DIRECTION ( 'NONE',  ( -2.312964634635743943E-16, 0.000000000000000000, 1.000000000000000000 ) ) ;
#6837 = CARTESIAN_POINT ( 'NONE',  ( 36.07386454395158637, 4.500000000000000000, 26.27295014095031433 ) ) ;
#6838 = DIRECTION ( 'NONE',  ( -5.782411586589351229E-17, 0.000000000000000000, 1.000000000000000000 ) ) ;
#6839 = EDGE_CURVE ( 'NONE', #3447, #2505, #406, .T. ) ;
#6840 = VERTEX_POINT ( 'NONE', #6424 ) ;
#6841 = DIRECTION ( 'NONE',  ( -1.000000000000000000, 0.000000000000000000, 1.541976423090495387E-16 ) ) ;
#6842 = ORIENTED_EDGE ( 'NONE', *, *, #5174, .T. ) ;
#6843 = CARTESIAN_POINT ( 'NONE',  ( 1.961773564377644750E-14, 4.500000000000000000, 42.40820492887898041 ) ) ;
#6844 = ORIENTED_EDGE ( 'NONE', *, *, #8181, .F. ) ;
#6845 = CARTESIAN_POINT ( 'NONE',  ( 1.152683759393980711, 0.000000000000000000, 5.556264871310002462 ) ) ;
#6846 = LINE ( 'NONE', #956, #6939 ) ;
#6847 = VERTEX_POINT ( 'NONE', #8351 ) ;
#6848 = EDGE_CURVE ( 'NONE', #228, #2454, #1184, .T. ) ;
#6849 = EDGE_CURVE ( 'NONE', #1117, #5745, #1343, .T. ) ;
#6850 = ADVANCED_FACE ( 'NONE', ( #5686 ), #1065, .T. ) ;
#6851 = CARTESIAN_POINT ( 'NONE',  ( 1.152683759393978935, 4.500000000000000000, 100.1941309255079062 ) ) ;
#6852 = CARTESIAN_POINT ( 'NONE',  ( -19.06139024397707971, 4.500000000000000000, 100.9082049288789733 ) ) ;
#6853 = ORIENTED_EDGE ( 'NONE', *, *, #3661, .F. ) ;
#6854 = EDGE_CURVE ( 'NONE', #992, #4054, #3126, .T. ) ;
#6855 = FILL_AREA_STYLE_COLOUR ( '', #6927 ) ;
#6856 =( BOUNDED_CURVE ( )  B_SPLINE_CURVE ( 3, ( #2593, #7265, #1375, #3281 ),
 .UNSPECIFIED., .F., .F. ) 
 B_SPLINE_CURVE_WITH_KNOTS ( ( 4, 4 ),
 ( 5.934119456780728719, 6.283185307179586232 ),
 .UNSPECIFIED. ) 
 CURVE ( )  GEOMETRIC_REPRESENTATION_ITEM ( )  RATIONAL_B_SPLINE_CURVE ( ( 1.000000000000000000, 0.9898718353414724946, 0.9898718353414724946, 1.000000000000000000 ) ) 
 REPRESENTATION_ITEM ( '' )  );
#6857 = DIRECTION ( 'NONE',  ( -0.000000000000000000, 0.000000000000000000, 1.000000000000000000 ) ) ;
#6858 = ORIENTED_EDGE ( 'NONE', *, *, #6206, .T. ) ;
#6859 = CARTESIAN_POINT ( 'NONE',  ( 20.23150297483638127, 4.500000000000000888, 26.27295014095031433 ) ) ;
#6860 = ORIENTED_EDGE ( 'NONE', *, *, #6324, .F. ) ;
#6861 = EDGE_LOOP ( 'NONE', ( #6779, #564, #2166, #5319 ) ) ;
#6862 = ADVANCED_FACE ( 'NONE', ( #2470 ), #2394, .T. ) ;
#6863 = FACE_OUTER_BOUND ( 'NONE', #5612, .T. ) ;
#6864 = LINE ( 'NONE', #7555, #5776 ) ;
#6865 = DIRECTION ( 'NONE',  ( -0.000000000000000000, 1.000000000000000000, -0.000000000000000000 ) ) ;
#6866 = EDGE_CURVE ( 'NONE', #4909, #2363, #7513, .T. ) ;
#6867 = CARTESIAN_POINT ( 'NONE',  ( 1.152683759393978935, 4.500000000000000000, 80.69413092550790623 ) ) ;
#6868 = ORIENTED_EDGE ( 'NONE', *, *, #2290, .F. ) ;
#6869 = DIRECTION ( 'NONE',  ( 0.000000000000000000, -0.000000000000000000, -1.000000000000000000 ) ) ;
#6870 = EDGE_LOOP ( 'NONE', ( #5316, #3119, #8417, #4091 ) ) ;
#6871 = FACE_OUTER_BOUND ( 'NONE', #6130, .T. ) ;
#6872 = FACE_OUTER_BOUND ( 'NONE', #6992, .T. ) ;
#6873 = ADVANCED_FACE ( 'NONE', ( #1880 ), #1751, .T. ) ;
#6874 = DIRECTION ( 'NONE',  ( 0.000000000000000000, 0.000000000000000000, 1.000000000000000000 ) ) ;
#6875 = CARTESIAN_POINT ( 'NONE',  ( 16.39691145237208403, 3.828989928337164450, 41.69413092550790623 ) ) ;
#6876 = CARTESIAN_POINT ( 'NONE',  ( 0.000000000000000000, 4.500000000000000000, 25.98005692213686046 ) ) ;
#6877 = LINE ( 'NONE', #894, #6396 ) ;
#6878 = ORIENTED_EDGE ( 'NONE', *, *, #2288, .T. ) ;
#6879 = ORIENTED_EDGE ( 'NONE', *, *, #7377, .F. ) ;
#6880 = ORIENTED_EDGE ( 'NONE', *, *, #8262, .T. ) ;
#6881 = CARTESIAN_POINT ( 'NONE',  ( -37.84731624060601263, 4.500000000000000000, 100.1941309255079062 ) ) ;
#6882 = DIRECTION ( 'NONE',  ( -0.3420201433256694901, -0.9396926207859082059, 0.000000000000000000 ) ) ;
#6883 = ORIENTED_EDGE ( 'NONE', *, *, #2491, .F. ) ;
#6884 = DIRECTION ( 'NONE',  ( -1.000000000000000000, -0.000000000000000000, -9.251858538542971828E-16 ) ) ;
#6885 = ORIENTED_EDGE ( 'NONE', *, *, #7003, .T. ) ;
#6886 = CARTESIAN_POINT ( 'NONE',  ( -37.84731624060601263, 3.828989928337163562, 100.4383586184860206 ) ) ;
#6887 = EDGE_LOOP ( 'NONE', ( #478, #7125, #151, #2704 ) ) ;
#6888 = CYLINDRICAL_SURFACE ( 'NONE', #4840, 1.399999999999998579 ) ;
#6889 = CARTESIAN_POINT ( 'NONE',  ( 20.40845606641587295, 3.828989928337164894, 100.4383586184860206 ) ) ;
#6890 = ORIENTED_EDGE ( 'NONE', *, *, #3422, .F. ) ;
#6891 = LINE ( 'NONE', #6537, #5153 ) ;
#6892 = AXIS2_PLACEMENT_3D ( 'NONE', #2824, #830, #4097 ) ;
#6893 = DIRECTION ( 'NONE',  ( 0.000000000000000000, 0.9396926207859082059, 0.3420201433256694901 ) ) ;
#6894 = CYLINDRICAL_SURFACE ( 'NONE', #2503, 0.5000000000000004441 ) ;
#6895 = VERTEX_POINT ( 'NONE', #2565 ) ;
#6896 = DIRECTION ( 'NONE',  ( 0.000000000000000000, 0.000000000000000000, 1.000000000000000000 ) ) ;
#6897 = ORIENTED_EDGE ( 'NONE', *, *, #1604, .T. ) ;
#6898 = CARTESIAN_POINT ( 'NONE',  ( -37.84731624060601973, 4.500000000000000000, 80.69413092550790623 ) ) ;
#6899 = ORIENTED_EDGE ( 'NONE', *, *, #6066, .T. ) ;
#6900 = ORIENTED_EDGE ( 'NONE', *, *, #4748, .T. ) ;
#6901 = VECTOR ( 'NONE', #5127, 1000.000000000000000 ) ;
#6902 = EDGE_CURVE ( 'NONE', #1809, #5334, #2432, .T. ) ;
#6903 = EDGE_CURVE ( 'NONE', #1170, #8344, #5175, .T. ) ;
#6904 = FACE_BOUND ( 'NONE', #2546, .T. ) ;
#6905 = CYLINDRICAL_SURFACE ( 'NONE', #3318, 0.5000000000000004441 ) ;
#6906 = CARTESIAN_POINT ( 'NONE',  ( 19.01481770519605874, 4.336808689942017736E-16, 44.55626487130999891 ) ) ;
#6907 = AXIS2_PLACEMENT_3D ( 'NONE', #5090, #5733, #8488 ) ;
#6908 = CARTESIAN_POINT ( 'NONE',  ( -18.34731624060601618, 0.000000000000000000, 64.05626487130999180 ) ) ;
#6909 = VERTEX_POINT ( 'NONE', #6303 ) ;
#6910 = CARTESIAN_POINT ( 'NONE',  ( 0.4386097560229231807, 4.500000000000000000, 64.98005692213685336 ) ) ;
#6911 = ORIENTED_EDGE ( 'NONE', *, *, #2290, .T. ) ;
#6912 = EDGE_CURVE ( 'NONE', #5527, #8000, #3976, .T. ) ;
#6913 = VECTOR ( 'NONE', #7271, 1000.000000000000000 ) ;
#6914 = EDGE_CURVE ( 'NONE', #214, #1157, #3249, .T. ) ;
#6915 = CARTESIAN_POINT ( 'NONE',  ( 3.747035622832274861E-16, 4.500000000000000000, 6.480056922136858688 ) ) ;
#6916 = LINE ( 'NONE', #7565, #3722 ) ;
#6917 = DIRECTION ( 'NONE',  ( 1.000000000000000000, 0.000000000000000000, 1.156482317317872514E-15 ) ) ;
#6918 = DIRECTION ( 'NONE',  ( 0.000000000000000000, 1.000000000000000000, -0.000000000000000000 ) ) ;
#6919 = ORIENTED_EDGE ( 'NONE', *, *, #6493, .T. ) ;
#6920 = AXIS2_PLACEMENT_3D ( 'NONE', #2891, #913, #8127 ) ;
#6921 = ORIENTED_EDGE ( 'NONE', *, *, #3951, .F. ) ;
#6922 = EDGE_CURVE ( 'NONE', #559, #7957, #8371, .T. ) ;
#6923 = CARTESIAN_POINT ( 'NONE',  ( 16.36675776276503669, 4.000000000000000000, 80.90820492887897331 ) ) ;
#6924 =( BOUNDED_CURVE ( )  B_SPLINE_CURVE ( 3, ( #8143, #321, #8100, #1526 ),
 .UNSPECIFIED., .F., .F. ) 
 B_SPLINE_CURVE_WITH_KNOTS ( ( 4, 4 ),
 ( 1.570796326794896558, 3.141592653589793116 ),
 .UNSPECIFIED. ) 
 CURVE ( )  GEOMETRIC_REPRESENTATION_ITEM ( )  RATIONAL_B_SPLINE_CURVE ( ( 1.000000000000000000, 0.8047378541243649375, 0.8047378541243649375, 1.000000000000000000 ) ) 
 REPRESENTATION_ITEM ( '' )  );
#6925 = LINE ( 'NONE', #1644, #3778 ) ;
#6926 = VECTOR ( 'NONE', #5159, 1000.000000000000000 ) ;
#6927 = COLOUR_RGB ( '',0.7921568627450980005, 0.8196078431372548767, 0.9333333333333333481 ) ;
#6928 = EDGE_LOOP ( 'NONE', ( #5928, #6268, #1446, #640 ) ) ;
#6929 = DIRECTION ( 'NONE',  ( -0.3420201433256694901, -0.9396926207859082059, 0.000000000000000000 ) ) ;
#6930 = ORIENTED_EDGE ( 'NONE', *, *, #4324, .F. ) ;
#6931 = FACE_OUTER_BOUND ( 'NONE', #2256, .T. ) ;
#6932 = VECTOR ( 'NONE', #316, 1000.000000000000000 ) ;
#6933 = ADVANCED_FACE ( 'NONE', ( #1385 ), #1301, .T. ) ;
#6934 = EDGE_LOOP ( 'NONE', ( #3404, #4077, #5974, #4152 ) ) ;
#6935 = LINE ( 'NONE', #3665, #8147 ) ;
#6936 = AXIS2_PLACEMENT_3D ( 'NONE', #911, #8084, #4896 ) ;
#6937 = DIRECTION ( 'NONE',  ( -1.000000000000000000, 0.000000000000000000, 0.000000000000000000 ) ) ;
#6938 = CARTESIAN_POINT ( 'NONE',  ( 0.9386097560229211823, 3.941525029986321815, 22.40820492887896975 ) ) ;
#6939 = VECTOR ( 'NONE', #1652, 1000.000000000000000 ) ;
#6940 = CARTESIAN_POINT ( 'NONE',  ( 16.36675776276504024, 3.941525029986321815, 100.4082049288789875 ) ) ;
#6941 = CARTESIAN_POINT ( 'NONE',  ( -3.103088547627917304, 3.828989928337160453, 80.93835861848602065 ) ) ;
#6942 = AXIS2_PLACEMENT_3D ( 'NONE', #6143, #6184, #2282 ) ;
#6943 = EDGE_LOOP ( 'NONE', ( #1991, #3974, #3822, #5049 ) ) ;
#6944 = ORIENTED_EDGE ( 'NONE', *, *, #322, .T. ) ;
#6945 = DIRECTION ( 'NONE',  ( -1.228122814850837064E-16, 0.000000000000000000, -1.000000000000000000 ) ) ;
#6946 = VECTOR ( 'NONE', #7156, 1000.000000000000000 ) ;
#6947 = AXIS2_PLACEMENT_3D ( 'NONE', #5469, #6776, #2777 ) ;
#6948 = ORIENTED_EDGE ( 'NONE', *, *, #838, .T. ) ;
#6949 = CIRCLE ( 'NONE', #4329, 3.500000000000003109 ) ;
#6950 = FACE_BOUND ( 'NONE', #6825, .T. ) ;
#6951 = CARTESIAN_POINT ( 'NONE',  ( -18.34731624060602329, 0.000000000000000000, 43.33199697970582775 ) ) ;
#6952 = VECTOR ( 'NONE', #8496, 1000.000000000000000 ) ;
#6953 = LINE ( 'NONE', #5044, #5697 ) ;
#6954 = EDGE_CURVE ( 'NONE', #4497, #3906, #3925, .T. ) ;
#6955 = CARTESIAN_POINT ( 'NONE',  ( 0.000000000000000000, 4.500000000000000000, 81.40820492887897331 ) ) ;
#6956 = VECTOR ( 'NONE', #3125, 1000.000000000000000 ) ;
#6957 = ORIENTED_EDGE ( 'NONE', *, *, #5512, .F. ) ;
#6958 = ORIENTED_EDGE ( 'NONE', *, *, #163, .F. ) ;
#6959 = DIRECTION ( 'NONE',  ( -2.312964634635742957E-16, -0.000000000000000000, 1.000000000000000000 ) ) ;
#6960 = VECTOR ( 'NONE', #2568, 1000.000000000000000 ) ;
#6961 =( BOUNDED_CURVE ( )  B_SPLINE_CURVE ( 3, ( #5548, #1054, #3668, #8182 ),
 .UNSPECIFIED., .F., .F. ) 
 B_SPLINE_CURVE_WITH_KNOTS ( ( 4, 4 ),
 ( 1.570796326794896558, 3.141592653589793116 ),
 .UNSPECIFIED. ) 
 CURVE ( )  GEOMETRIC_REPRESENTATION_ITEM ( )  RATIONAL_B_SPLINE_CURVE ( ( 1.000000000000000000, 0.8047378541243649375, 0.8047378541243649375, 1.000000000000000000 ) ) 
 REPRESENTATION_ITEM ( '' )  );
#6962 = CYLINDRICAL_SURFACE ( 'NONE', #6547, 0.5000000000000004441 ) ;
#6963 = DIRECTION ( 'NONE',  ( -1.000000000000000000, 0.000000000000000000, -5.782411586589357392E-17 ) ) ;
#6964 = ADVANCED_FACE ( 'NONE', ( #1950 ), #5939, .T. ) ;
#6965 = LINE ( 'NONE', #5055, #3509 ) ;
#6966 = VERTEX_POINT ( 'NONE', #4682 ) ;
#6967 = ADVANCED_FACE ( 'NONE', ( #2602 ), #7147, .T. ) ;
#6968 = DIRECTION ( 'NONE',  ( 0.000000000000000000, 0.000000000000000000, 1.000000000000000000 ) ) ;
#6969 = CARTESIAN_POINT ( 'NONE',  ( 0.4386097560230009518, 4.500000000000000000, 3.487305435925481945E-16 ) ) ;
#6970 = EDGE_CURVE ( 'NONE', #2749, #698, #5213, .T. ) ;
#6971 = EDGE_LOOP ( 'NONE', ( #4433, #144, #5096, #808 ) ) ;
#6972 = CARTESIAN_POINT ( 'NONE',  ( -19.98518229480394126, 0.000000000000000000, 61.19413092550791333 ) ) ;
#6973 = ORIENTED_EDGE ( 'NONE', *, *, #4052, .T. ) ;
#6974 = EDGE_CURVE ( 'NONE', #4888, #6707, #6635, .T. ) ;
#6975 = CARTESIAN_POINT ( 'NONE',  ( 0.7315029748363734985, 4.500000000000000888, 22.61531171006552299 ) ) ;
#6976 = VERTEX_POINT ( 'NONE', #3877 ) ;
#6977 = CARTESIAN_POINT ( 'NONE',  ( 0.4386097560229211823, 4.500000000000000000, 42.40820492887897331 ) ) ;
#6978 = DIRECTION ( 'NONE',  ( -1.000000000000000000, 0.000000000000000000, 0.000000000000000000 ) ) ;
#6979 = EDGE_CURVE ( 'NONE', #1798, #1857, #1640, .T. ) ;
#6980 = CARTESIAN_POINT ( 'NONE',  ( 16.57386454395158637, 4.500000000000000000, 22.61531171006552299 ) ) ;
#6981 = ORIENTED_EDGE ( 'NONE', *, *, #272, .F. ) ;
#6982 = CYLINDRICAL_SURFACE ( 'NONE', #5681, 0.5000000000000004441 ) ;
#6983 = ORIENTED_EDGE ( 'NONE', *, *, #1704, .F. ) ;
#6984 = CARTESIAN_POINT ( 'NONE',  ( 17.79054981359189469, 8.673617379884035472E-16, 5.556264871310004239 ) ) ;
#6985 = EDGE_LOOP ( 'NONE', ( #4209, #3518 ) ) ;
#6986 = DIRECTION ( 'NONE',  ( 2.312964634635743943E-16, -0.000000000000000000, -1.000000000000000000 ) ) ;
#6987 = CARTESIAN_POINT ( 'NONE',  ( 35.86675776276504735, 4.000000000000000000, 22.40820492887897686 ) ) ;
#6988 =( LENGTH_UNIT ( ) NAMED_UNIT ( * ) SI_UNIT ( .MILLI., .METRE. ) );
#6989 = CARTESIAN_POINT ( 'NONE',  ( 20.42845568404091594, 3.883938426159694313, 41.91835900086097411 ) ) ;
#6990 = CARTESIAN_POINT ( 'NONE',  ( 16.37691183474703749, 3.883938426159698309, 65.46990285015485256 ) ) ;
#6991 = ORIENTED_EDGE ( 'NONE', *, *, #4660, .F. ) ;
#6992 = EDGE_LOOP ( 'NONE', ( #7153, #5758, #5006, #8316, #2143, #6437, #6330, #3565, #3805, #8266, #7093, #3862, #7346, #8059, #3139, #5377, #7367, #4810, #2356, #62, #4205, #7717, #4849, #152, #2613, #1208 ) ) ;
#6993 = CARTESIAN_POINT ( 'NONE',  ( 20.40845606641587651, 3.828989928337164450, 65.44990323252980602 ) ) ;
#6994 = CARTESIAN_POINT ( 'NONE',  ( 16.86675776276504024, 4.500000000000000000, 0.000000000000000000 ) ) ;
#6995 = LINE ( 'NONE', #543, #8175 ) ;
#6996 = DIRECTION ( 'NONE',  ( 0.3236155771181852270, 0.8891264907159880382, 0.3236155771181852825 ) ) ;
#6997 = VERTEX_POINT ( 'NONE', #3364 ) ;
#6998 = ORIENTED_EDGE ( 'NONE', *, *, #5887, .F. ) ;
#6999 =( BOUNDED_CURVE ( )  B_SPLINE_CURVE ( 3, ( #521, #5115, #7747, #5322 ),
 .UNSPECIFIED., .F., .F. ) 
 B_SPLINE_CURVE_WITH_KNOTS ( ( 4, 4 ),
 ( 0.000000000000000000, 1.570796326794896558 ),
 .UNSPECIFIED. ) 
 CURVE ( )  GEOMETRIC_REPRESENTATION_ITEM ( )  RATIONAL_B_SPLINE_CURVE ( ( 1.000000000000000000, 0.8047378541243649375, 0.8047378541243649375, 1.000000000000000000 ) ) 
 REPRESENTATION_ITEM ( '' )  );
#7000 = ADVANCED_FACE ( 'NONE', ( #6516 ), #11, .T. ) ;
#7001 = ADVANCED_FACE ( 'NONE', ( #102 ), #1342, .T. ) ;
#7002 = DIRECTION ( 'NONE',  ( -0.9396926207859082059, 0.3420201433256694901, 0.000000000000000000 ) ) ;
#7003 = EDGE_CURVE ( 'NONE', #4735, #862, #7317, .T. ) ;
#7004 = ORIENTED_EDGE ( 'NONE', *, *, #6585, .F. ) ;
#7005 = LINE ( 'NONE', #4341, #455 ) ;
#7006 = ORIENTED_EDGE ( 'NONE', *, *, #8480, .F. ) ;
#7007 = LINE ( 'NONE', #5627, #2811 ) ;
#7008 = EDGE_LOOP ( 'NONE', ( #6793, #6911, #1011, #8236 ) ) ;
#7009 = CYLINDRICAL_SURFACE ( 'NONE', #7333, 0.5000000000000004441 ) ;
#7010 = CARTESIAN_POINT ( 'NONE',  ( 36.36675776276504735, 4.500000000000000000, 100.9082049288789591 ) ) ;
#7011 = EDGE_CURVE ( 'NONE', #8414, #7436, #3381, .T. ) ;
#7012 = FACE_OUTER_BOUND ( 'NONE', #1501, .T. ) ;
#7013 = ADVANCED_FACE ( 'NONE', ( #1254 ), #822, .T. ) ;
#7014 = CARTESIAN_POINT ( 'NONE',  ( 16.86675776276503669, 4.500000000000000000, 22.90820492887897686 ) ) ;
#7015 = ORIENTED_EDGE ( 'NONE', *, *, #7421, .T. ) ;
#7016 = EDGE_LOOP ( 'NONE', ( #7204, #3745, #4142, #6003 ) ) ;
#7017 = ORIENTED_EDGE ( 'NONE', *, *, #226, .F. ) ;
#7018 = EDGE_CURVE ( 'NONE', #3444, #7768, #5420, .T. ) ;
#7020 = CARTESIAN_POINT ( 'NONE',  ( -46.09731624060600552, 4.500000000000000000, 29.13887441235550568 ) ) ;
#7019 = AXIS2_PLACEMENT_3D ( 'NONE', #6183, #939, #3600 ) ;
#7021 = DIRECTION ( 'NONE',  ( 0.000000000000000000, 0.000000000000000000, -1.000000000000000000 ) ) ;
#7022 = LINE ( 'NONE', #6377, #8387 ) ;
#7023 = DIRECTION ( 'NONE',  ( 0.000000000000000000, 0.000000000000000000, 1.000000000000000000 ) ) ;
#7024 = DIRECTION ( 'NONE',  ( -0.000000000000000000, 0.000000000000000000, 1.000000000000000000 ) ) ;
#7025 = PLANE ( 'NONE',  #6658 ) ;
#7026 = AXIS2_PLACEMENT_3D ( 'NONE', #6566, #7245, #3258 ) ;
#7027 = EDGE_LOOP ( 'NONE', ( #4154, #6653, #8126, #2200 ) ) ;
#7028 = ORIENTED_EDGE ( 'NONE', *, *, #1279, .F. ) ;
#7029 = FACE_OUTER_BOUND ( 'NONE', #2770, .T. ) ;
#7030 = LINE ( 'NONE', #1720, #425 ) ;
#7031 = CARTESIAN_POINT ( 'NONE',  ( 20.23150297483638127, 4.500000000000000888, 6.772950140950310782 ) ) ;
#7032 = DIRECTION ( 'NONE',  ( 1.000000000000000000, -0.000000000000000000, 9.251858538542971828E-16 ) ) ;
#7033 = ORIENTED_EDGE ( 'NONE', *, *, #2188, .T. ) ;
#7034 = ORIENTED_EDGE ( 'NONE', *, *, #6120, .F. ) ;
#7035 = AXIS2_PLACEMENT_3D ( 'NONE', #5572, #5218, #8447 ) ;
#7036 = ORIENTED_EDGE ( 'NONE', *, *, #6595, .T. ) ;
#7037 = DIRECTION ( 'NONE',  ( 0.000000000000000000, 0.000000000000000000, 1.000000000000000000 ) ) ;
#7038 = VECTOR ( 'NONE', #688, 1000.000000000000000 ) ;
#7039 = ORIENTED_EDGE ( 'NONE', *, *, #3322, .F. ) ;
#7040 = CARTESIAN_POINT ( 'NONE',  ( -19.98518229480393060, 0.000000000000000000, 82.33199697970582065 ) ) ;
#7041 = ADVANCED_FACE ( 'NONE', ( #4809 ), #312, .T. ) ;
#7042 = ORIENTED_EDGE ( 'NONE', *, *, #1378, .T. ) ;
#7043 =( BOUNDED_CURVE ( )  B_SPLINE_CURVE ( 3, ( #6601, #7088, #4372, #8368 ),
 .UNSPECIFIED., .F., .F. ) 
 B_SPLINE_CURVE_WITH_KNOTS ( ( 4, 4 ),
 ( 3.141592653589793116, 3.490658503988662176 ),
 .UNSPECIFIED. ) 
 CURVE ( )  GEOMETRIC_REPRESENTATION_ITEM ( )  RATIONAL_B_SPLINE_CURVE ( ( 1.000000000000000000, 0.9898718353414717175, 0.9898718353414717175, 1.000000000000000000 ) ) 
 REPRESENTATION_ITEM ( '' )  );
#7044 = ORIENTED_EDGE ( 'NONE', *, *, #5135, .F. ) ;
#7045 = VERTEX_POINT ( 'NONE', #2814 ) ;
#7046 = CARTESIAN_POINT ( 'NONE',  ( 43.90268375939397316, 4.500000000000000000, -41.80586907449207956 ) ) ;
#7047 = DIRECTION ( 'NONE',  ( -0.000000000000000000, -0.000000000000000000, 1.000000000000000000 ) ) ;
#7048 = VECTOR ( 'NONE', #2850, 1000.000000000000000 ) ;
#7049 = VECTOR ( 'NONE', #5920, 1000.000000000000000 ) ;
#7050 = LINE ( 'NONE', #4260, #1953 ) ;
#7051 = AXIS2_PLACEMENT_3D ( 'NONE', #6331, #5075, #1129 ) ;
#7052 = EDGE_CURVE ( 'NONE', #1075, #311, #4254, .T. ) ;
#7053 = ADVANCED_FACE ( 'NONE', ( #5500 ), #6721, .T. ) ;
#7054 = VERTEX_POINT ( 'NONE', #6070 ) ;
#7055 = SURFACE_SIDE_STYLE ('',( #6205 ) ) ;
#7056 = VECTOR ( 'NONE', #4003, 1000.000000000000000 ) ;
#7057 = ORIENTED_EDGE ( 'NONE', *, *, #3597, .F. ) ;
#7058 = CARTESIAN_POINT ( 'NONE',  ( 19.93860975602291674, 4.500000000000000000, 61.90820492887896620 ) ) ;
#7059 = CARTESIAN_POINT ( 'NONE',  ( 37.29054981359189469, 0.000000000000000000, 100.5509356947165003 ) ) ;
#7060 = ADVANCED_FACE ( 'NONE', ( #1517 ), #1006, .F. ) ;
#7061 = ORIENTED_EDGE ( 'NONE', *, *, #745, .T. ) ;
#7062 = AXIS2_PLACEMENT_3D ( 'NONE', #5336, #2858, #4004 ) ;
#7063 = DIRECTION ( 'NONE',  ( 0.9396926207859082059, 0.3420201433256694901, 2.173475799305982496E-16 ) ) ;
#7064 = VECTOR ( 'NONE', #7182, 1000.000000000000000 ) ;
#7065 = FACE_BOUND ( 'NONE', #3788, .T. ) ;
#7066 = CARTESIAN_POINT ( 'NONE',  ( 20.23150297483637772, 4.500000000000001776, 42.11531171006551233 ) ) ;
#7067 = CARTESIAN_POINT ( 'NONE',  ( -54.09731624060601973, 0.000000000000000000, -48.30586907449208667 ) ) ;
#7068 = EDGE_CURVE ( 'NONE', #5482, #8130, #2309, .T. ) ;
#7069 = CARTESIAN_POINT ( 'NONE',  ( 48.90268375939397316, -7.500000000000000000, -47.70586907449209235 ) ) ;
#7070 = AXIS2_PLACEMENT_3D ( 'NONE', #1101, #3763, #1719 ) ;
#7071 = DIRECTION ( 'NONE',  ( -7.950815931560367493E-16, 0.000000000000000000, 1.000000000000000000 ) ) ;
#7072 = VECTOR ( 'NONE', #6836, 1000.000000000000000 ) ;
#7073 = DIRECTION ( 'NONE',  ( -1.000000000000000000, 0.000000000000000000, 0.000000000000000000 ) ) ;
#7074 = ORIENTED_EDGE ( 'NONE', *, *, #7847, .T. ) ;
#7075 = FACE_BOUND ( 'NONE', #3186, .T. ) ;
#7076 = ORIENTED_EDGE ( 'NONE', *, *, #537, .T. ) ;
#7078 = DIRECTION ( 'NONE',  ( 0.000000000000000000, -1.000000000000000000, 0.000000000000000000 ) ) ;
#7077 = CIRCLE ( 'NONE', #3242, 2.500000000000002220 ) ;
#7079 = FACE_OUTER_BOUND ( 'NONE', #3145, .T. ) ;
#7080 = CARTESIAN_POINT ( 'NONE',  ( 36.36675776276504735, 4.500000000000000000, 0.000000000000000000 ) ) ;
#7081 = CARTESIAN_POINT ( 'NONE',  ( -46.09731624060599131, 0.000000000000000000, 104.6941309255078920 ) ) ;
#7082 = LINE ( 'NONE', #3092, #5291 ) ;
#7083 = ORIENTED_EDGE ( 'NONE', *, *, #3322, .T. ) ;
#7084 = EDGE_LOOP ( 'NONE', ( #2612, #7576, #4756, #2320 ) ) ;
#7085 = AXIS2_PLACEMENT_3D ( 'NONE', #2530, #2442, #5295 ) ;
#7086 = CARTESIAN_POINT ( 'NONE',  ( -37.84731624060602684, 4.500000000000000000, 26.69413092550791688 ) ) ;
#7087 = CARTESIAN_POINT ( 'NONE',  ( -39.34731624060601263, 0.000000000000000000, 103.3441309255078977 ) ) ;
#7088 = CARTESIAN_POINT ( 'NONE',  ( 20.43860975602291674, 3.941525029986321815, 22.40820492887897331 ) ) ;
#7089 = CARTESIAN_POINT ( 'NONE',  ( 0.000000000000000000, 4.500000000000000000, -12.64576011232859720 ) ) ;
#7090 = AXIS2_PLACEMENT_3D ( 'NONE', #6432, #2358, #3809 ) ;
#7091 = ORIENTED_EDGE ( 'NONE', *, *, #730, .T. ) ;
#7092 = DIRECTION ( 'NONE',  ( -0.3236155771181852825, 0.8891264907159880382, -0.3236155771181852825 ) ) ;
#7093 = ORIENTED_EDGE ( 'NONE', *, *, #3913, .T. ) ;
#7094 = ORIENTED_EDGE ( 'NONE', *, *, #7536, .F. ) ;
#7095 = ORIENTED_EDGE ( 'NONE', *, *, #1549, .T. ) ;
#7096 = FACE_OUTER_BOUND ( 'NONE', #3613, .T. ) ;
#7097 = FACE_OUTER_BOUND ( 'NONE', #2766, .T. ) ;
#7098 = CARTESIAN_POINT ( 'NONE',  ( 20.43860975602292385, 4.000000000000000000, 26.48005692213686046 ) ) ;
#7099 = EDGE_CURVE ( 'NONE', #1200, #1653, #965, .T. ) ;
#7100 =( BOUNDED_CURVE ( )  B_SPLINE_CURVE ( 3, ( #2300, #998, #7624, #8177 ),
 .UNSPECIFIED., .F., .F. ) 
 B_SPLINE_CURVE_WITH_KNOTS ( ( 4, 4 ),
 ( 1.570796326794896558, 3.141592653589793116 ),
 .UNSPECIFIED. ) 
 CURVE ( )  GEOMETRIC_REPRESENTATION_ITEM ( )  RATIONAL_B_SPLINE_CURVE ( ( 1.000000000000000000, 0.8047378541243649375, 0.8047378541243649375, 1.000000000000000000 ) ) 
 REPRESENTATION_ITEM ( '' )  );
#7101 = LINE ( 'NONE', #1, #7746 ) ;
#7102 = ORIENTED_EDGE ( 'NONE', *, *, #3651, .T. ) ;
#7103 = FACE_OUTER_BOUND ( 'NONE', #4255, .T. ) ;
#7104 = ORIENTED_EDGE ( 'NONE', *, *, #3795, .F. ) ;
#7105 = DIRECTION ( 'NONE',  ( 1.000000000000000000, 0.000000000000000000, 0.000000000000000000 ) ) ;
#7106 = CARTESIAN_POINT ( 'NONE',  ( 37.15268375939399448, -7.500000000000000000, 100.5441309255079005 ) ) ;
#7107 = ADVANCED_FACE ( 'NONE', ( #1615 ), #4176, .T. ) ;
#7108 = DIRECTION ( 'NONE',  ( -0.3236155771181852825, 0.8891264907159880382, 0.3236155771181852825 ) ) ;
#7109 = EDGE_CURVE ( 'NONE', #6242, #4016, #1661, .T. ) ;
#7110 = EDGE_CURVE ( 'NONE', #5483, #5761, #3625, .T. ) ;
#7111 = DIRECTION ( 'NONE',  ( -5.433689498264955623E-17, 0.3420201433256694901, -0.9396926207859082059 ) ) ;
#7112 = EDGE_CURVE ( 'NONE', #6116, #7778, #2212, .T. ) ;
#7113 = DIRECTION ( 'NONE',  ( 1.000000000000000000, -0.000000000000000000, -4.625929269271485914E-16 ) ) ;
#7114 = DIRECTION ( 'NONE',  ( 0.000000000000000000, 0.9396926207859082059, 0.3420201433256694901 ) ) ;
#7115 = CARTESIAN_POINT ( 'NONE',  ( -38.56139024397706550, 4.000000000000000000, -1.783822637934134238E-14 ) ) ;
#7116 = DIRECTION ( 'NONE',  ( -0.5031907286678233282, 0.000000000000000000, -0.8641753818425661482 ) ) ;
#7117 = ORIENTED_EDGE ( 'NONE', *, *, #1079, .T. ) ;
#7118 = ORIENTED_EDGE ( 'NONE', *, *, #852, .F. ) ;
#7119 = EDGE_CURVE ( 'NONE', #677, #4047, #3491, .T. ) ;
#7120 = DIRECTION ( 'NONE',  ( 0.000000000000000000, 0.9396926207859082059, 0.3420201433256694901 ) ) ;
#7121 = EDGE_CURVE ( 'NONE', #4225, #7750, #8091, .T. ) ;
#7122 = FACE_OUTER_BOUND ( 'NONE', #6046, .T. ) ;
#7123 = DIRECTION ( 'NONE',  ( 2.312964634635743943E-16, -0.000000000000000000, -1.000000000000000000 ) ) ;
#7124 = DIRECTION ( 'NONE',  ( -1.000000000000000000, 0.000000000000000000, 4.625929269271484928E-16 ) ) ;
#7125 = ORIENTED_EDGE ( 'NONE', *, *, #5375, .T. ) ;
#7126 = EDGE_CURVE ( 'NONE', #6759, #6895, #3475, .T. ) ;
#7127 = DIRECTION ( 'NONE',  ( -0.000000000000000000, -1.000000000000000000, 0.000000000000000000 ) ) ;
#7128 = DIRECTION ( 'NONE',  ( 0.000000000000000000, 0.000000000000000000, 1.000000000000000000 ) ) ;
#7129 = CARTESIAN_POINT ( 'NONE',  ( -39.48518229480394126, -4.336808689942017736E-16, 25.05626487131000246 ) ) ;
#7130 = EDGE_LOOP ( 'NONE', ( #3189, #5074, #353, #3037 ) ) ;
#7131 = LINE ( 'NONE', #4624, #2393 ) ;
#7132 = ORIENTED_EDGE ( 'NONE', *, *, #2398, .F. ) ;
#7133 = EDGE_LOOP ( 'NONE', ( #8472, #6481, #6072, #4596 ) ) ;
#7134 = ORIENTED_EDGE ( 'NONE', *, *, #4890, .T. ) ;
#7135 = LINE ( 'NONE', #8466, #8172 ) ;
#7136 = DIRECTION ( 'NONE',  ( -1.000000000000000000, 0.000000000000000000, 0.000000000000000000 ) ) ;
#7137 = MANIFOLD_SOLID_BREP ( 'Fillet3', #2376 ) ;
#7138 = DIRECTION ( 'NONE',  ( -1.000000000000000000, 0.000000000000000000, 0.000000000000000000 ) ) ;
#7139 = VERTEX_POINT ( 'NONE', #3195 ) ;
#7140 = CARTESIAN_POINT ( 'NONE',  ( -18.59154393358413060, 3.828989928337164450, 61.19413092550791333 ) ) ;
#7141 = ORIENTED_EDGE ( 'NONE', *, *, #5217, .T. ) ;
#7142 = CARTESIAN_POINT ( 'NONE',  ( 0.000000000000000000, 4.000000000000000000, 84.48005692213685336 ) ) ;
#7143 = DIRECTION ( 'NONE',  ( -0.000000000000000000, 1.000000000000000000, -0.000000000000000000 ) ) ;
#7144 = CARTESIAN_POINT ( 'NONE',  ( -18.56139024397707615, 4.000000000000000000, 80.90820492887897331 ) ) ;
#7145 = FACE_OUTER_BOUND ( 'NONE', #7016, .T. ) ;
#7146 = LINE ( 'NONE', #1253, #1823 ) ;
#7147 = CYLINDRICAL_SURFACE ( 'NONE', #6096, 0.5000000000000004441 ) ;
#7148 = CARTESIAN_POINT ( 'NONE',  ( -22.63324223723497042, 4.292893218813452094, 100.4082049288789875 ) ) ;
#7149 = EDGE_CURVE ( 'NONE', #5709, #4527, #2733, .T. ) ;
#7150 = ADVANCED_FACE ( 'NONE', ( #6413 ), #3152, .T. ) ;
#7151 = CARTESIAN_POINT ( 'NONE',  ( -18.57154431595908406, 3.883938426159694757, 22.41835900086097766 ) ) ;
#7152 = ORIENTED_EDGE ( 'NONE', *, *, #4271, .T. ) ;
#7153 = ORIENTED_EDGE ( 'NONE', *, *, #3469, .T. ) ;
#7154 = AXIS2_PLACEMENT_3D ( 'NONE', #7365, #5454, #8131 ) ;
#7155 = CARTESIAN_POINT ( 'NONE',  ( -2.863829771885582546E-14, 4.000000000000000000, 61.90820492887895909 ) ) ;
#7156 = DIRECTION ( 'NONE',  ( -1.000000000000000000, -0.000000000000000000, -0.000000000000000000 ) ) ;
#7157 = CARTESIAN_POINT ( 'NONE',  ( -19.98518229480393060, 0.000000000000000000, 101.8319969797058206 ) ) ;
#7158 = FACE_OUTER_BOUND ( 'NONE', #6356, .T. ) ;
#7159 = VECTOR ( 'NONE', #6474, 1000.000000000000000 ) ;
#7160 = ORIENTED_EDGE ( 'NONE', *, *, #4226, .F. ) ;
#7161 = EDGE_CURVE ( 'NONE', #7957, #7588, #1057, .T. ) ;
#7162 = ORIENTED_EDGE ( 'NONE', *, *, #2233, .F. ) ;
#7163 = DIRECTION ( 'NONE',  ( 0.000000000000000000, -1.000000000000000000, 0.000000000000000000 ) ) ;
#7164 = DIRECTION ( 'NONE',  ( 0.000000000000000000, 0.000000000000000000, -1.000000000000000000 ) ) ;
#7165 = EDGE_CURVE ( 'NONE', #1359, #1711, #7704, .T. ) ;
#7166 = CIRCLE ( 'NONE', #6761, 2.399999999999999467 ) ;
#7167 = PLANE ( 'NONE',  #5980 ) ;
#7168 = CARTESIAN_POINT ( 'NONE',  ( 0.000000000000000000, 5.000000000000000000, -41.80586907449207956 ) ) ;
#7169 = DIRECTION ( 'NONE',  ( 1.368951553890978336E-17, 0.000000000000000000, -1.000000000000000000 ) ) ;
#7170 = ORIENTED_EDGE ( 'NONE', *, *, #1868, .F. ) ;
#7171 = CARTESIAN_POINT ( 'NONE',  ( -3.133242237234965533, 3.941525029986321815, 61.40820492887898041 ) ) ;
#7172 = VECTOR ( 'NONE', #4776, 1000.000000000000000 ) ;
#7173 = EDGE_CURVE ( 'NONE', #8463, #5236, #1780, .T. ) ;
#7174 = EDGE_LOOP ( 'NONE', ( #256, #8454, #4616, #7907 ) ) ;
#7175 = ORIENTED_EDGE ( 'NONE', *, *, #5847, .T. ) ;
#7176 = VERTEX_POINT ( 'NONE', #4992 ) ;
#7177 = LINE ( 'NONE', #1282, #453 ) ;
#7178 = CARTESIAN_POINT ( 'NONE',  ( -38.06139024397706550, 4.000000000000000000, 65.48005692213685336 ) ) ;
#7179 = VECTOR ( 'NONE', #2724, 1000.000000000000114 ) ;
#7180 = CARTESIAN_POINT ( 'NONE',  ( -18.34731624060601973, 4.500000000000000000, 22.19413092550791688 ) ) ;
#7181 = ORIENTED_EDGE ( 'NONE', *, *, #334, .F. ) ;
#7182 = DIRECTION ( 'NONE',  ( -1.000000000000000000, 0.000000000000000000, -0.000000000000000000 ) ) ;
#7183 = ORIENTED_EDGE ( 'NONE', *, *, #2598, .F. ) ;
#7184 = CARTESIAN_POINT ( 'NONE',  ( 35.65268375939398027, 4.500000000000000000, 22.19413092550791688 ) ) ;
#7185 = AXIS2_PLACEMENT_3D ( 'NONE', #4210, #257, #2203 ) ;
#7186 = AXIS2_PLACEMENT_3D ( 'NONE', #4920, #3001, #4963 ) ;
#7187 = DIRECTION ( 'NONE',  ( 1.000000000000000000, -0.000000000000000000, -0.000000000000000000 ) ) ;
#7188 = DIRECTION ( 'NONE',  ( 0.000000000000000000, -1.000000000000000000, 0.000000000000000000 ) ) ;
#7189 = AXIS2_PLACEMENT_3D ( 'NONE', #8195, #6214, #7989 ) ;
#7190 = CARTESIAN_POINT ( 'NONE',  ( 35.87691183474705525, 3.883938426159695645, 26.46990285015485611 ) ) ;
#7191 = CARTESIAN_POINT ( 'NONE',  ( 37.15268375939399448, 0.000000000000000000, 101.9441309255079062 ) ) ;
#7192 = CYLINDRICAL_SURFACE ( 'NONE', #6521, 0.5000000000000004441 ) ;
#7193 = DIRECTION ( 'NONE',  ( -0.9396926207859082059, 0.3420201433256694901, -4.346951598611964005E-16 ) ) ;
#7194 = ORIENTED_EDGE ( 'NONE', *, *, #6922, .T. ) ;
#7195 = ORIENTED_EDGE ( 'NONE', *, *, #6221, .T. ) ;
#7196 = VECTOR ( 'NONE', #351, 1000.000000000000000 ) ;
#7197 = ADVANCED_FACE ( 'NONE', ( #4949 ), #6982, .T. ) ;
#7198 = CARTESIAN_POINT ( 'NONE',  ( -46.09731624060601973, 5.000000000000000000, -41.80586907449207956 ) ) ;
#7199 = CYLINDRICAL_SURFACE ( 'NONE', #7026, 0.5000000000000004441 ) ;
#7200 = CIRCLE ( 'NONE', #5829, 2.500000000000002220 ) ;
#7201 = DIRECTION ( 'NONE',  ( 0.3236155771181852270, 0.8891264907159880382, 0.3236155771181852825 ) ) ;
#7202 = AXIS2_PLACEMENT_3D ( 'NONE', #1323, #2745, #5273 ) ;
#7203 = ORIENTED_EDGE ( 'NONE', *, *, #6236, .F. ) ;
#7204 = ORIENTED_EDGE ( 'NONE', *, *, #2081, .T. ) ;
#7205 = CARTESIAN_POINT ( 'NONE',  ( 1.961773564377645065E-14, 4.500000000000000000, 42.40820492887897331 ) ) ;
#7206 = VECTOR ( 'NONE', #1299, 1000.000000000000114 ) ;
#7207 = CARTESIAN_POINT ( 'NONE',  ( 16.36675776276503669, 4.000000000000000000, 22.40820492887897686 ) ) ;
#7208 = CARTESIAN_POINT ( 'NONE',  ( 0.000000000000000000, 4.500000000000000000, 45.48005692213685336 ) ) ;
#7209 = EDGE_CURVE ( 'NONE', #698, #6997, #1862, .T. ) ;
#7210 = CARTESIAN_POINT ( 'NONE',  ( -21.84731624060601263, -7.500000000000000000, -5.130869074492089510 ) ) ;
#7211 = EDGE_CURVE ( 'NONE', #6684, #6706, #2506, .T. ) ;
#7212 = FACE_OUTER_BOUND ( 'NONE', #209, .T. ) ;
#7213 = DIRECTION ( 'NONE',  ( 0.000000000000000000, 0.9396926207859082059, 0.3420201433256694901 ) ) ;
#7214 = ADVANCED_FACE ( 'NONE', ( #7103 ), #1209, .F. ) ;
#7215 = EDGE_LOOP ( 'NONE', ( #2840, #6897, #7725, #8445 ) ) ;
#7216 = CARTESIAN_POINT ( 'NONE',  ( -22.63324223723489581, 4.000000000000000000, -1.570496665856048414E-14 ) ) ;
#7217 = AXIS2_PLACEMENT_3D ( 'NONE', #2401, #3814, #6382 ) ;
#7218 = ORIENTED_EDGE ( 'NONE', *, *, #768, .F. ) ;
#7219 = VERTEX_POINT ( 'NONE', #8222 ) ;
#7220 = ORIENTED_EDGE ( 'NONE', *, *, #3690, .T. ) ;
#7221 = CARTESIAN_POINT ( 'NONE',  ( -38.56139024397707971, 4.500000000000000000, 25.98005692213686046 ) ) ;
#7222 = CARTESIAN_POINT ( 'NONE',  ( 35.87691183474704104, 3.883938426159699642, 80.91835900086097411 ) ) ;
#7223 = CARTESIAN_POINT ( 'NONE',  ( 0.4386097560229229031, 4.500000000000000000, 45.48005692213685336 ) ) ;
#7224 = CARTESIAN_POINT ( 'NONE',  ( 19.01481770519605874, 0.000000000000000000, 43.33199697970582775 ) ) ;
#7225 = AXIS2_PLACEMENT_3D ( 'NONE', #8321, #5050, #8357 ) ;
#7226 = EDGE_CURVE ( 'NONE', #4755, #5434, #3671, .T. ) ;
#7227 =( BOUNDED_CURVE ( )  B_SPLINE_CURVE ( 3, ( #7735, #3902, #6541, #3144 ),
 .UNSPECIFIED., .F., .F. ) 
 B_SPLINE_CURVE_WITH_KNOTS ( ( 4, 4 ),
 ( 3.141592653589793116, 3.490658503988659067 ),
 .UNSPECIFIED. ) 
 CURVE ( )  GEOMETRIC_REPRESENTATION_ITEM ( )  RATIONAL_B_SPLINE_CURVE ( ( 1.000000000000000000, 0.9898718353414720506, 0.9898718353414720506, 1.000000000000000000 ) ) 
 REPRESENTATION_ITEM ( '' )  );
#7228 = EDGE_CURVE ( 'NONE', #7697, #8414, #5637, .T. ) ;
#7229 = CARTESIAN_POINT ( 'NONE',  ( -38.26849702516362584, 4.499999999999996447, 22.61531171006551588 ) ) ;
#7230 = ORIENTED_EDGE ( 'NONE', *, *, #6673, .T. ) ;
#7231 = LINE ( 'NONE', #686, #6660 ) ;
#7232 = VERTEX_POINT ( 'NONE', #3705 ) ;
#7233 = DIRECTION ( 'NONE',  ( -1.000000000000000000, -0.000000000000000000, -0.000000000000000000 ) ) ;
#7234 = PRODUCT_DEFINITION_CONTEXT ( 'detailed design', #4715, 'design' ) ;
#7235 = CARTESIAN_POINT ( 'NONE',  ( 20.43860975602291674, 4.000000000000000000, 45.98005692213684625 ) ) ;
#7236 = DIRECTION ( 'NONE',  ( 1.000000000000000000, -0.000000000000000000, -4.625929269271483942E-16 ) ) ;
#7237 = DIRECTION ( 'NONE',  ( 0.000000000000000000, 0.3420201433256694901, -0.9396926207859082059 ) ) ;
#7238 = DIRECTION ( 'NONE',  ( 0.000000000000000000, 0.000000000000000000, 1.000000000000000000 ) ) ;
#7239 = CARTESIAN_POINT ( 'NONE',  ( -38.09154393358411994, 3.828989928337164450, 65.44990323252980602 ) ) ;
#7240 = EDGE_LOOP ( 'NONE', ( #7304, #6065, #4964, #1979 ) ) ;
#7241 = VERTEX_POINT ( 'NONE', #6328 ) ;
#7242 = CARTESIAN_POINT ( 'NONE',  ( -2.633242237234962868, 4.500000000000000000, 6.480056922136858688 ) ) ;
#7243 = PLANE ( 'NONE',  #3459 ) ;
#7244 = DIRECTION ( 'NONE',  ( 1.000000000000000000, -0.000000000000000000, 0.000000000000000000 ) ) ;
#7245 = DIRECTION ( 'NONE',  ( -1.000000000000000000, 0.000000000000000000, 0.000000000000000000 ) ) ;
#7246 = CARTESIAN_POINT ( 'NONE',  ( 0.4386097560229261227, 4.000000000000000000, 5.072444270436198827E-17 ) ) ;
#7247 = ORIENTED_EDGE ( 'NONE', *, *, #2127, .F. ) ;
#7248 = EDGE_LOOP ( 'NONE', ( #1772, #6258, #6468, #1258 ) ) ;
#7249 = CARTESIAN_POINT ( 'NONE',  ( -1.709450186408107975, 0.000000000000000000, 41.69413092550790623 ) ) ;
#7250 = DIRECTION ( 'NONE',  ( 1.000000000000000000, 0.000000000000000000, 0.000000000000000000 ) ) ;
#7251 = CARTESIAN_POINT ( 'NONE',  ( -39.48518229480394126, 0.000000000000000000, 23.83199697970583131 ) ) ;
#7252 = CARTESIAN_POINT ( 'NONE',  ( -3.103088547627916416, 3.828989928337161786, 41.93835861848601354 ) ) ;
#7253 = DIRECTION ( 'NONE',  ( -0.3420201433256694901, 0.9396926207859082059, 0.000000000000000000 ) ) ;
#7254 = ORIENTED_EDGE ( 'NONE', *, *, #2501, .F. ) ;
#7255 = CARTESIAN_POINT ( 'NONE',  ( -3.103088547627917304, 3.828989928337166226, 61.43835861848602775 ) ) ;
#7256 = EDGE_LOOP ( 'NONE', ( #6885, #2544, #6543, #4981 ) ) ;
#7257 = EDGE_CURVE ( 'NONE', #1663, #220, #2382, .T. ) ;
#7258 = EDGE_LOOP ( 'NONE', ( #7662, #1105, #8095, #5422 ) ) ;
#7259 = ADVANCED_FACE ( 'NONE', ( #5929 ), #7825, .T. ) ;
#7260 = ORIENTED_EDGE ( 'NONE', *, *, #1645, .F. ) ;
#7261 = CYLINDRICAL_SURFACE ( 'NONE', #2277, 0.5000000000000004441 ) ;
#7262 = CARTESIAN_POINT ( 'NONE',  ( -22.60308854762791597, 3.828989928337165338, 61.43835861848602065 ) ) ;
#7263 = CARTESIAN_POINT ( 'NONE',  ( 18.15268375939398737, 5.000000000000000000, -51.80586907449210088 ) ) ;
#7264 = CARTESIAN_POINT ( 'NONE',  ( 1.152683759393978935, 4.500000000000000000, 22.19413092550791688 ) ) ;
#7265 = CARTESIAN_POINT ( 'NONE',  ( -22.62308816525296251, 3.883938426159698754, 65.46990285015485256 ) ) ;
#7266 = ADVANCED_FACE ( 'NONE', ( #725 ), #608, .T. ) ;
#7267 = ORIENTED_EDGE ( 'NONE', *, *, #2812, .F. ) ;
#7268 = FACE_OUTER_BOUND ( 'NONE', #1684, .T. ) ;
#7269 = EDGE_CURVE ( 'NONE', #4681, #6579, #8166, .T. ) ;
#7270 =( BOUNDED_CURVE ( )  B_SPLINE_CURVE ( 3, ( #7866, #1986, #7918, #3193 ),
 .UNSPECIFIED., .F., .F. ) 
 B_SPLINE_CURVE_WITH_KNOTS ( ( 4, 4 ),
 ( 0.000000000000000000, 1.570796326794896558 ),
 .UNSPECIFIED. ) 
 CURVE ( )  GEOMETRIC_REPRESENTATION_ITEM ( )  RATIONAL_B_SPLINE_CURVE ( ( 1.000000000000000000, 0.8047378541243649375, 0.8047378541243649375, 1.000000000000000000 ) ) 
 REPRESENTATION_ITEM ( '' )  );
#7271 = DIRECTION ( 'NONE',  ( -0.3236155771181852825, 0.8891264907159880382, 0.3236155771181852825 ) ) ;
#7272 = CARTESIAN_POINT ( 'NONE',  ( 0.000000000000000000, 4.500000000000000000, 64.98005692213685336 ) ) ;
#7273 = CARTESIAN_POINT ( 'NONE',  ( 0.000000000000000000, 4.000000000000000000, 25.98005692213686046 ) ) ;
#7274 = EDGE_CURVE ( 'NONE', #3928, #3733, #46, .T. ) ;
#7275 = CARTESIAN_POINT ( 'NONE',  ( 16.86675776276504024, 4.000000000000000000, 0.000000000000000000 ) ) ;
#7276 = EDGE_LOOP ( 'NONE', ( #4921, #6033, #4658, #1187 ) ) ;
#7277 = ORIENTED_EDGE ( 'NONE', *, *, #739, .F. ) ;
#7278 = CYLINDRICAL_SURFACE ( 'NONE', #1458, 3.500000000000003109 ) ;
#7279 = CARTESIAN_POINT ( 'NONE',  ( -46.68551183928657622, 4.500000000000000000, 27.18396891907825363 ) ) ;
#7280 = DIRECTION ( 'NONE',  ( 0.000000000000000000, 0.000000000000000000, 1.000000000000000000 ) ) ;
#7281 = LINE ( 'NONE', #108, #6946 ) ;
#7282 = FACE_OUTER_BOUND ( 'NONE', #8077, .T. ) ;
#7283 = DIRECTION ( 'NONE',  ( 1.000000000000000000, 0.000000000000000000, 4.625929269271484928E-16 ) ) ;
#7284 = VECTOR ( 'NONE', #3821, 1000.000000000000000 ) ;
#7285 = ORIENTED_EDGE ( 'NONE', *, *, #5464, .T. ) ;
#7286 = VERTEX_POINT ( 'NONE', #8429 ) ;
#7287 = DIRECTION ( 'NONE',  ( -1.000000000000000000, 0.000000000000000000, -1.252855843761027209E-16 ) ) ;
#7288 = CARTESIAN_POINT ( 'NONE',  ( -2.926135456048418071, 4.500000000000000000, 61.61531171006551233 ) ) ;
#7289 = VECTOR ( 'NONE', #6308, 1000.000000000000000 ) ;
#7290 = DIRECTION ( 'NONE',  ( 1.000000000000000000, -0.000000000000000000, -0.000000000000000000 ) ) ;
#7291 = LINE ( 'NONE', #3342, #5558 ) ;
#7292 = ORIENTED_EDGE ( 'NONE', *, *, #8410, .F. ) ;
#7293 = CARTESIAN_POINT ( 'NONE',  ( 45.04656229815405055, 0.000000000000000000, 26.22964386981126239 ) ) ;
#7294 = ORIENTED_EDGE ( 'NONE', *, *, #3747, .F. ) ;
#7295 = AXIS2_PLACEMENT_3D ( 'NONE', #7273, #4514, #3362 ) ;
#7296 = ORIENTED_EDGE ( 'NONE', *, *, #1166, .T. ) ;
#7297 = ORIENTED_EDGE ( 'NONE', *, *, #130, .T. ) ;
#7298 = CARTESIAN_POINT ( 'NONE',  ( -18.57154431595909116, 3.883938426159694757, 45.96990285015485256 ) ) ;
#7299 = CARTESIAN_POINT ( 'NONE',  ( 0.9084560664158770615, 3.828989928337165338, 26.44990323252981312 ) ) ;
#7300 = AXIS2_PLACEMENT_3D ( 'NONE', #30, #6441, #5783 ) ;
#7301 = EDGE_CURVE ( 'NONE', #936, #2384, #3954, .T. ) ;
#7302 = EDGE_CURVE ( 'NONE', #8090, #308, #6856, .T. ) ;
#7303 = LINE ( 'NONE', #2247, #5669 ) ;
#7304 = ORIENTED_EDGE ( 'NONE', *, *, #2898, .T. ) ;
#7305 = LINE ( 'NONE', #6677, #4312 ) ;
#7306 = ORIENTED_EDGE ( 'NONE', *, *, #2034, .T. ) ;
#7307 = PLANE ( 'NONE',  #7610 ) ;
#7308 = CIRCLE ( 'NONE', #860, 1.399999999999998579 ) ;
#7309 = CARTESIAN_POINT ( 'NONE',  ( -38.09154393358412705, 3.828989928337163562, 22.43835861848602065 ) ) ;
#7310 = EDGE_CURVE ( 'NONE', #2925, #2117, #7231, .T. ) ;
#7311 = EDGE_CURVE ( 'NONE', #1857, #2577, #3355, .T. ) ;
#7312 = CARTESIAN_POINT ( 'NONE',  ( -22.13324223723489581, 4.500000000000000000, -1.535802196336512272E-14 ) ) ;
#7313 = PLANE ( 'NONE',  #8394 ) ;
#7314 = AXIS2_PLACEMENT_3D ( 'NONE', #8072, #2192, #710 ) ;
#7315 = ORIENTED_EDGE ( 'NONE', *, *, #8205, .T. ) ;
#7316 = EDGE_CURVE ( 'NONE', #6116, #5194, #1295, .T. ) ;
#7317 = LINE ( 'NONE', #5335, #3484 ) ;
#7318 = CARTESIAN_POINT ( 'NONE',  ( -37.84731624060601973, 0.000000000000000000, 23.83199697970583131 ) ) ;
#7319 = VECTOR ( 'NONE', #8332, 1000.000000000000000 ) ;
#7320 = DIRECTION ( 'NONE',  ( -0.3420201433256694901, -0.9396926207859082059, 0.000000000000000000 ) ) ;
#7321 = VERTEX_POINT ( 'NONE', #5891 ) ;
#7322 =( BOUNDED_CURVE ( )  B_SPLINE_CURVE ( 3, ( #1074, #3686, #412, #3045 ),
 .UNSPECIFIED., .F., .F. ) 
 B_SPLINE_CURVE_WITH_KNOTS ( ( 4, 4 ),
 ( 1.570796326794896558, 3.141592653589793116 ),
 .UNSPECIFIED. ) 
 CURVE ( )  GEOMETRIC_REPRESENTATION_ITEM ( )  RATIONAL_B_SPLINE_CURVE ( ( 1.000000000000000000, 0.8047378541243649375, 0.8047378541243649375, 1.000000000000000000 ) ) 
 REPRESENTATION_ITEM ( '' )  );
#7323 = ORIENTED_EDGE ( 'NONE', *, *, #5944, .T. ) ;
#7324 = VECTOR ( 'NONE', #3827, 1000.000000000000000 ) ;
#7325 = DIRECTION ( 'NONE',  ( 0.000000000000000000, 0.000000000000000000, -1.000000000000000000 ) ) ;
#7326 = CYLINDRICAL_SURFACE ( 'NONE', #440, 0.5000000000000000000 ) ;
#7327 = AXIS2_PLACEMENT_3D ( 'NONE', #1465, #4084, #6712 ) ;
#7328 = EDGE_CURVE ( 'NONE', #7286, #1562, #4674, .T. ) ;
#7329 = LINE ( 'NONE', #5952, #618 ) ;
#7330 = DIRECTION ( 'NONE',  ( 1.000000000000000000, 0.000000000000000000, 4.625929269271483942E-16 ) ) ;
#7331 = DIRECTION ( 'NONE',  ( -1.000000000000000000, -0.000000000000000000, -0.000000000000000000 ) ) ;
#7332 = ADVANCED_FACE ( 'NONE', ( #3315 ), #5852, .T. ) ;
#7333 = AXIS2_PLACEMENT_3D ( 'NONE', #5516, #8274, #3038 ) ;
#7334 = DIRECTION ( 'NONE',  ( -0.000000000000000000, -1.000000000000000000, 0.000000000000000000 ) ) ;
#7335 = ORIENTED_EDGE ( 'NONE', *, *, #520, .T. ) ;
#7336 = VECTOR ( 'NONE', #2128, 1000.000000000000000 ) ;
#7337 = ORIENTED_EDGE ( 'NONE', *, *, #1020, .T. ) ;
#7338 = CARTESIAN_POINT ( 'NONE',  ( -22.13324223723496686, 4.500000000000000000, 100.9082049288789733 ) ) ;
#7339 = DIRECTION ( 'NONE',  ( 0.000000000000000000, -0.000000000000000000, -1.000000000000000000 ) ) ;
#7340 = LINE ( 'NONE', #2744, #4326 ) ;
#7341 = VECTOR ( 'NONE', #737, 1000.000000000000114 ) ;
#7342 = EDGE_CURVE ( 'NONE', #5434, #3427, #6588, .T. ) ;
#7343 = CARTESIAN_POINT ( 'NONE',  ( 20.43860975602294161, 4.000000000000000000, 84.98005692213685336 ) ) ;
#7344 = VECTOR ( 'NONE', #5119, 1000.000000000000000 ) ;
#7345 = CARTESIAN_POINT ( 'NONE',  ( 16.36675776276503669, 4.000000000000000000, 26.48005692213685691 ) ) ;
#7346 = ORIENTED_EDGE ( 'NONE', *, *, #5484, .F. ) ;
#7347 = ORIENTED_EDGE ( 'NONE', *, *, #7226, .F. ) ;
#7348 = AXIS2_PLACEMENT_3D ( 'NONE', #1786, #4955, #2429 ) ;
#7349 = VECTOR ( 'NONE', #2914, 1000.000000000000114 ) ;
#7350 = VERTEX_POINT ( 'NONE', #2070 ) ;
#7351 = EDGE_LOOP ( 'NONE', ( #1337, #2313, #5793, #4343 ) ) ;
#7352 = CARTESIAN_POINT ( 'NONE',  ( 27.15268375939398737, 5.000000000000000000, -51.80586907449210088 ) ) ;
#7353 = CARTESIAN_POINT ( 'NONE',  ( 20.65268375939398027, 0.000000000000000000, 82.33199697970582065 ) ) ;
#7354 = DIRECTION ( 'NONE',  ( -2.312964634635742957E-16, 0.000000000000000000, 1.000000000000000000 ) ) ;
#7355 = VECTOR ( 'NONE', #5523, 1000.000000000000000 ) ;
#7356 = VECTOR ( 'NONE', #2243, 1000.000000000000000 ) ;
#7357 = CARTESIAN_POINT ( 'NONE',  ( -0.4851822948039353767, 0.000000000000000000, 22.19413092550791688 ) ) ;
#7358 = VECTOR ( 'NONE', #7331, 1000.000000000000000 ) ;
#7359 = ORIENTED_EDGE ( 'NONE', *, *, #6849, .T. ) ;
#7360 = FACE_OUTER_BOUND ( 'NONE', #1240, .T. ) ;
#7361 = ORIENTED_EDGE ( 'NONE', *, *, #2754, .F. ) ;
#7362 = CARTESIAN_POINT ( 'NONE',  ( -38.56139024397707260, 4.500000000000000000, 61.90820492887896620 ) ) ;
#7363 = AXIS2_PLACEMENT_3D ( 'NONE', #787, #827, #3409 ) ;
#7364 = FACE_OUTER_BOUND ( 'NONE', #132, .T. ) ;
#7365 = CARTESIAN_POINT ( 'NONE',  ( 51.90268375939398737, 0.000000000000000000, 7.499387438660317429 ) ) ;
#7366 = CIRCLE ( 'NONE', #498, 1.399999999999998579 ) ;
#7367 = ORIENTED_EDGE ( 'NONE', *, *, #3068, .F. ) ;
#7368 = DIRECTION ( 'NONE',  ( 1.000000000000000000, 0.000000000000000000, 1.011922027653137390E-16 ) ) ;
#7369 = CYLINDRICAL_SURFACE ( 'NONE', #915, 0.5000000000000000000 ) ;
#7370 = LINE ( 'NONE', #4683, #1987 ) ;
#7371 = ORIENTED_EDGE ( 'NONE', *, *, #1766, .F. ) ;
#7372 = CARTESIAN_POINT ( 'NONE',  ( -1.097316240606028837, 5.000000000000000000, -12.64576011232859720 ) ) ;
#7373 = ORIENTED_EDGE ( 'NONE', *, *, #2863, .F. ) ;
#7374 = EDGE_CURVE ( 'NONE', #2538, #896, #7305, .T. ) ;
#7375 = ORIENTED_EDGE ( 'NONE', *, *, #8272, .T. ) ;
#7376 = EDGE_CURVE ( 'NONE', #3736, #6598, #4038, .T. ) ;
#7377 = EDGE_CURVE ( 'NONE', #3408, #6834, #2555, .T. ) ;
#7378 = EDGE_CURVE ( 'NONE', #5216, #8464, #4506, .T. ) ;
#7379 = DIRECTION ( 'NONE',  ( 0.000000000000000000, -0.000000000000000000, -1.000000000000000000 ) ) ;
#7380 = DIRECTION ( 'NONE',  ( 0.3236155771181852270, 0.8891264907159880382, 0.3236155771181852825 ) ) ;
#7381 = CARTESIAN_POINT ( 'NONE',  ( -42.59731624060599131, 0.000000000000000000, 104.6941309255078920 ) ) ;
#7382 =( BOUNDED_CURVE ( )  B_SPLINE_CURVE ( 3, ( #2044, #5423, #4644, #4005 ),
 .UNSPECIFIED., .F., .F. ) 
 B_SPLINE_CURVE_WITH_KNOTS ( ( 4, 4 ),
 ( 5.934119456780720725, 6.283185307179586232 ),
 .UNSPECIFIED. ) 
 CURVE ( )  GEOMETRIC_REPRESENTATION_ITEM ( )  RATIONAL_B_SPLINE_CURVE ( ( 1.000000000000000000, 0.9898718353414720506, 0.9898718353414720506, 1.000000000000000000 ) ) 
 REPRESENTATION_ITEM ( '' )  );
#7383 = CARTESIAN_POINT ( 'NONE',  ( -22.60308854762791952, 3.828989928337165338, 26.44990323252981668 ) ) ;
#7384 = VERTEX_POINT ( 'NONE', #3867 ) ;
#7385 = ORIENTED_EDGE ( 'NONE', *, *, #1505, .F. ) ;
#7386 = ADVANCED_FACE ( 'NONE', ( #6504 ), #2298, .T. ) ;
#7387 = LINE ( 'NONE', #2321, #1556 ) ;
#7388 = FACE_BOUND ( 'NONE', #5354, .T. ) ;
#7389 = CARTESIAN_POINT ( 'NONE',  ( -18.76849702516363294, 4.500000000000000000, 45.77295014095030012 ) ) ;
#7390 = EDGE_CURVE ( 'NONE', #4774, #524, #304, .T. ) ;
#7391 = CARTESIAN_POINT ( 'NONE',  ( 20.65268375939398027, 4.500000000000000000, 100.1941309255079062 ) ) ;
#7392 = CARTESIAN_POINT ( 'NONE',  ( -18.59154393358412349, 3.828989928337162674, 84.94990323252980602 ) ) ;
#7393 = CARTESIAN_POINT ( 'NONE',  ( 0.9284556840409294853, 3.883938426159694757, 84.96990285015485256 ) ) ;
#7394 = EDGE_LOOP ( 'NONE', ( #3930, #7230, #515, #8184 ) ) ;
#7395 = VERTEX_POINT ( 'NONE', #5449 ) ;
#7396 = ORIENTED_EDGE ( 'NONE', *, *, #5887, .T. ) ;
#7397 = EDGE_CURVE ( 'NONE', #630, #5504, #3434, .T. ) ;
#7398 = VERTEX_POINT ( 'NONE', #6021 ) ;
#7399 = CARTESIAN_POINT ( 'NONE',  ( -18.59154393358413060, 3.828989928337164006, 45.94990323252980602 ) ) ;
#7400 = FACE_OUTER_BOUND ( 'NONE', #6286, .T. ) ;
#7401 = ORIENTED_EDGE ( 'NONE', *, *, #4099, .F. ) ;
#7402 = ORIENTED_EDGE ( 'NONE', *, *, #2175, .T. ) ;
#7403 = CARTESIAN_POINT ( 'NONE',  ( 14.58177813309094084, 8.816027736361821354, 59.62322529920487568 ) ) ;
#7404 = ORIENTED_EDGE ( 'NONE', *, *, #345, .F. ) ;
#7405 = DIRECTION ( 'NONE',  ( 1.000000000000000000, 2.946752822468554575E-32, -4.625929269271484928E-16 ) ) ;
#7406 = ORIENTED_EDGE ( 'NONE', *, *, #6744, .T. ) ;
#7407 = CARTESIAN_POINT ( 'NONE',  ( -18.56139024397707615, 4.000000000000000000, 26.48005692213686046 ) ) ;
#7408 = PRODUCT_DEFINITION ( 'UNKNOWN', '', #2004, #7234 ) ;
#7409 = CARTESIAN_POINT ( 'NONE',  ( 17.79054981359189824, -8.673617379884035472E-16, 62.83199697970584197 ) ) ;
#7410 = ORIENTED_EDGE ( 'NONE', *, *, #2932, .F. ) ;
#7411 = DIRECTION ( 'NONE',  ( 1.000000000000000000, 0.000000000000000000, 4.625929269271465206E-16 ) ) ;
#7412 = LINE ( 'NONE', #7318, #6372 ) ;
#7413 = VERTEX_POINT ( 'NONE', #3478 ) ;
#7414 = DIRECTION ( 'NONE',  ( -0.000000000000000000, -0.000000000000000000, 1.000000000000000000 ) ) ;
#7415 = EDGE_LOOP ( 'NONE', ( #8197, #73, #7315, #3627 ) ) ;
#7416 = ORIENTED_EDGE ( 'NONE', *, *, #3140, .F. ) ;
#7417 = CARTESIAN_POINT ( 'NONE',  ( -22.63324223723496331, 3.941525029986322703, 80.90820492887897331 ) ) ;
#7418 = CARTESIAN_POINT ( 'NONE',  ( -51.09731624060602684, -7.500000000000000000, -45.30586907449209377 ) ) ;
#7419 = CYLINDRICAL_SURFACE ( 'NONE', #707, 0.5000000000000004441 ) ;
#7420 = LINE ( 'NONE', #3504, #358 ) ;
#7421 = EDGE_CURVE ( 'NONE', #6732, #3563, #952, .T. ) ;
#7422 = ADVANCED_FACE ( 'NONE', ( #5540 ), #7445, .T. ) ;
#7423 = CARTESIAN_POINT ( 'NONE',  ( 16.15268375939398382, 4.500000000000000000, 61.19413092550792044 ) ) ;
#7424 = ORIENTED_EDGE ( 'NONE', *, *, #1671, .F. ) ;
#7425 = ORIENTED_EDGE ( 'NONE', *, *, #3998, .F. ) ;
#7426 = CARTESIAN_POINT ( 'NONE',  ( 16.37691183474704815, 3.883938426159695645, 6.969902850154856111 ) ) ;
#7427 = CARTESIAN_POINT ( 'NONE',  ( -0.4851822948039328232, 4.336808689942017736E-16, 64.05626487130999180 ) ) ;
#7428 = CARTESIAN_POINT ( 'NONE',  ( 1.152683759393980711, 4.500000000000000000, 7.194130925507916885 ) ) ;
#7429 = CARTESIAN_POINT ( 'NONE',  ( 16.36675776276506156, 4.000000000000000000, 3.785573188892557537E-15 ) ) ;
#7430 = CARTESIAN_POINT ( 'NONE',  ( -22.63324223723496686, 4.000000000000000000, 41.90820492887897331 ) ) ;
#7431 = EDGE_CURVE ( 'NONE', #685, #5841, #133, .T. ) ;
#7432 = LINE ( 'NONE', #1538, #765 ) ;
#7433 = VERTEX_POINT ( 'NONE', #1467 ) ;
#7434 = ORIENTED_EDGE ( 'NONE', *, *, #3896, .F. ) ;
#7435 = EDGE_CURVE ( 'NONE', #1157, #8196, #1553, .T. ) ;
#7436 = VERTEX_POINT ( 'NONE', #5363 ) ;
#7437 = LINE ( 'NONE', #3520, #6778 ) ;
#7438 = VECTOR ( 'NONE', #7290, 1000.000000000000000 ) ;
#7439 = CARTESIAN_POINT ( 'NONE',  ( 16.36675776276503669, 4.000000000000000000, 80.90820492887897331 ) ) ;
#7440 = EDGE_CURVE ( 'NONE', #5424, #4913, #4796, .T. ) ;
#7441 = ORIENTED_EDGE ( 'NONE', *, *, #760, .F. ) ;
#7442 = FACE_OUTER_BOUND ( 'NONE', #6282, .T. ) ;
#7443 = VECTOR ( 'NONE', #5869, 1000.000000000000000 ) ;
#7444 = ORIENTED_EDGE ( 'NONE', *, *, #4889, .T. ) ;
#7445 = CYLINDRICAL_SURFACE ( 'NONE', #5550, 0.5000000000000004441 ) ;
#7446 = EDGE_LOOP ( 'NONE', ( #8004, #782, #2896, #4321 ) ) ;
#7447 = CARTESIAN_POINT ( 'NONE',  ( -38.06139024397706550, 4.000000000000000000, 45.98005692213685336 ) ) ;
#7448 = FACE_OUTER_BOUND ( 'NONE', #6580, .T. ) ;
#7449 = DIRECTION ( 'NONE',  ( -1.000000000000000000, -0.000000000000000000, -0.000000000000000000 ) ) ;
#7450 = CARTESIAN_POINT ( 'NONE',  ( 20.43860975602292029, 4.000000000000000000, 22.40820492887897331 ) ) ;
#7451 = VERTEX_POINT ( 'NONE', #3527 ) ;
#7452 = ORIENTED_EDGE ( 'NONE', *, *, #6902, .T. ) ;
#7453 = DIRECTION ( 'NONE',  ( 2.312964634635740985E-16, -0.000000000000000000, -1.000000000000000000 ) ) ;
#7454 = EDGE_LOOP ( 'NONE', ( #5619, #954, #5636, #7375 ) ) ;
#7455 = ORIENTED_EDGE ( 'NONE', *, *, #4632, .F. ) ;
#7456 = CARTESIAN_POINT ( 'NONE',  ( -2.633242237234965089, 4.500000000000000000, 61.90820492887897331 ) ) ;
#7457 = VECTOR ( 'NONE', #6138, 1000.000000000000000 ) ;
#7458 = CARTESIAN_POINT ( 'NONE',  ( -2.863829771885584439E-14, 4.000000000000000000, 61.90820492887896620 ) ) ;
#7459 = DIRECTION ( 'NONE',  ( 0.000000000000000000, 0.000000000000000000, 1.000000000000000000 ) ) ;
#7460 = DIRECTION ( 'NONE',  ( -1.000000000000000000, -0.000000000000000000, -0.000000000000000000 ) ) ;
#7461 = LINE ( 'NONE', #2267, #7476 ) ;
#7462 = CARTESIAN_POINT ( 'NONE',  ( -37.84731624060601973, 3.828989928337163562, 80.93835861848602065 ) ) ;
#7463 = ORIENTED_EDGE ( 'NONE', *, *, #3964, .T. ) ;
#7464 = CARTESIAN_POINT ( 'NONE',  ( 34.08177813309094262, 8.816027736361819578, 20.62322529920487568 ) ) ;
#7465 = VECTOR ( 'NONE', #4974, 1000.000000000000000 ) ;
#7466 = ORIENTED_EDGE ( 'NONE', *, *, #5530, .T. ) ;
#7467 = LINE ( 'NONE', #3457, #7457 ) ;
#7468 = AXIS2_PLACEMENT_3D ( 'NONE', #1551, #907, #4163 ) ;
#7469 = ADVANCED_FACE ( 'NONE', ( #1649 ), #221, .F. ) ;
#7470 = DIRECTION ( 'NONE',  ( 5.433689498264955006E-17, 0.3420201433256694901, -0.9396926207859082059 ) ) ;
#7471 = CARTESIAN_POINT ( 'NONE',  ( 37.29054981359189469, 1.734723475976807094E-15, 25.05626487131000601 ) ) ;
#7472 = FACE_OUTER_BOUND ( 'NONE', #7351, .T. ) ;
#7473 = VECTOR ( 'NONE', #3833, 1000.000000000000000 ) ;
#7474 = CARTESIAN_POINT ( 'NONE',  ( 35.65268375939398027, 4.500000000000000000, 80.69413092550790623 ) ) ;
#7475 = ORIENTED_EDGE ( 'NONE', *, *, #3647, .F. ) ;
#7476 = VECTOR ( 'NONE', #4659, 1000.000000000000000 ) ;
#7477 = EDGE_LOOP ( 'NONE', ( #3615, #4799, #1514, #5649 ) ) ;
#7478 = ORIENTED_EDGE ( 'NONE', *, *, #2139, .F. ) ;
#7479 = DIRECTION ( 'NONE',  ( -1.734723475976807094E-16, 0.000000000000000000, -1.000000000000000000 ) ) ;
#7480 = CARTESIAN_POINT ( 'NONE',  ( 14.58177813309093729, 8.816027736361816025, 28.26503655181095809 ) ) ;
#7481 = EDGE_CURVE ( 'NONE', #3563, #6662, #4214, .T. ) ;
#7482 = EDGE_CURVE ( 'NONE', #1224, #3564, #7490, .T. ) ;
#7483 = DIRECTION ( 'NONE',  ( 0.000000000000000000, 0.000000000000000000, 1.000000000000000000 ) ) ;
#7484 = VECTOR ( 'NONE', #1903, 1000.000000000000000 ) ;
#7485 = ADVANCED_FACE ( 'NONE', ( #8125 ), #3398, .T. ) ;
#7486 = ORIENTED_EDGE ( 'NONE', *, *, #8307, .T. ) ;
#7487 = FACE_OUTER_BOUND ( 'NONE', #6971, .T. ) ;
#7488 = VECTOR ( 'NONE', #4696, 1000.000000000000000 ) ;
#7489 = ORIENTED_EDGE ( 'NONE', *, *, #3243, .F. ) ;
#7490 = LINE ( 'NONE', #2889, #1163 ) ;
#7491 = CIRCLE ( 'NONE', #476, 3.500000000000003109 ) ;
#7492 = EDGE_LOOP ( 'NONE', ( #1001, #4445, #8443, #5671 ) ) ;
#7493 = DIRECTION ( 'NONE',  ( 1.000000000000000000, -0.000000000000000000, -9.251858538542969855E-16 ) ) ;
#7494 = EDGE_CURVE ( 'NONE', #2630, #6759, #1511, .T. ) ;
#7495 = CARTESIAN_POINT ( 'NONE',  ( -3.133242237234958427, 4.000000000000000000, -3.623539243235714898E-16 ) ) ;
#7496 = AXIS2_PLACEMENT_3D ( 'NONE', #1062, #8347, #3711 ) ;
#7497 = AXIS2_PLACEMENT_3D ( 'NONE', #1270, #2616, #2147 ) ;
#7498 = ORIENTED_EDGE ( 'NONE', *, *, #4748, .F. ) ;
#7499 = ADVANCED_FACE ( 'NONE', ( #7360 ), #857, .T. ) ;
#7500 = AXIS2_PLACEMENT_3D ( 'NONE', #439, #5724, #3753 ) ;
#7501 = DIRECTION ( 'NONE',  ( 1.156482317317870985E-16, -0.000000000000000000, -1.000000000000000000 ) ) ;
#7502 = CARTESIAN_POINT ( 'NONE',  ( 54.92729759584297256, 4.500000000000000000, 9.260554988997705905 ) ) ;
#7503 = ORIENTED_EDGE ( 'NONE', *, *, #286, .T. ) ;
#7504 = CARTESIAN_POINT ( 'NONE',  ( 20.43860975602294161, 4.000000000000000000, 84.98005692213685336 ) ) ;
#7505 = VECTOR ( 'NONE', #2837, 1000.000000000000000 ) ;
#7506 = ORIENTED_EDGE ( 'NONE', *, *, #7311, .T. ) ;
#7507 = CARTESIAN_POINT ( 'NONE',  ( 19.93860975602292385, 4.500000000000000000, 25.98005692213686046 ) ) ;
#7508 = EDGE_LOOP ( 'NONE', ( #5320, #7813, #8216, #2104, #622 ) ) ;
#7509 = EDGE_LOOP ( 'NONE', ( #389, #8056, #625, #7970 ) ) ;
#7510 = CARTESIAN_POINT ( 'NONE',  ( 16.57386454395158637, 4.500000000000000000, 81.11531171006551233 ) ) ;
#7511 = VECTOR ( 'NONE', #1369, 1000.000000000000000 ) ;
#7512 = CARTESIAN_POINT ( 'NONE',  ( -38.09154393358413415, 3.828989928337164450, 26.44990323252981312 ) ) ;
#7513 =( BOUNDED_CURVE ( )  B_SPLINE_CURVE ( 3, ( #3204, #5083, #5130, #7763 ),
 .UNSPECIFIED., .F., .F. ) 
 B_SPLINE_CURVE_WITH_KNOTS ( ( 4, 4 ),
 ( 2.792526803190924944, 3.141592653589793116 ),
 .UNSPECIFIED. ) 
 CURVE ( )  GEOMETRIC_REPRESENTATION_ITEM ( )  RATIONAL_B_SPLINE_CURVE ( ( 1.000000000000000000, 0.9898718353414719395, 0.9898718353414719395, 1.000000000000000000 ) ) 
 REPRESENTATION_ITEM ( '' )  );
#7514 = CARTESIAN_POINT ( 'NONE',  ( 18.15268375939398737, 4.500000000000000000, -51.80586907449210088 ) ) ;
#7515 = FACE_OUTER_BOUND ( 'NONE', #5327, .T. ) ;
#7516 = DIRECTION ( 'NONE',  ( -0.3420201433256694901, -0.9396926207859082059, 0.000000000000000000 ) ) ;
#7517 = EDGE_LOOP ( 'NONE', ( #8372, #4304, #8069, #767 ) ) ;
#7518 = CARTESIAN_POINT ( 'NONE',  ( -2.633242237234963312, 4.500000000000000000, 64.98005692213685336 ) ) ;
#7519 = ORIENTED_EDGE ( 'NONE', *, *, #5741, .F. ) ;
#7520 = LINE ( 'NONE', #4878, #4691 ) ;
#7521 = DIRECTION ( 'NONE',  ( 0.000000000000000000, 0.000000000000000000, 1.000000000000000000 ) ) ;
#7522 = DIRECTION ( 'NONE',  ( 0.000000000000000000, 0.000000000000000000, -1.000000000000000000 ) ) ;
#7523 = CYLINDRICAL_SURFACE ( 'NONE', #7035, 0.5000000000000000000 ) ;
#7524 = FACE_OUTER_BOUND ( 'NONE', #446, .T. ) ;
#7525 = DIRECTION ( 'NONE',  ( -4.625929269271485914E-16, 0.000000000000000000, 1.000000000000000000 ) ) ;
#7526 = DIRECTION ( 'NONE',  ( 0.000000000000000000, 0.000000000000000000, 1.000000000000000000 ) ) ;
#7527 = CARTESIAN_POINT ( 'NONE',  ( 0.9386097560229229586, 4.292893218813451206, 26.48005692213686046 ) ) ;
#7528 = ORIENTED_EDGE ( 'NONE', *, *, #8167, .T. ) ;
#7529 = ORIENTED_EDGE ( 'NONE', *, *, #4908, .F. ) ;
#7530 = VERTEX_POINT ( 'NONE', #8047 ) ;
#7531 = VERTEX_POINT ( 'NONE', #2163 ) ;
#7532 = CARTESIAN_POINT ( 'NONE',  ( 0.9386097560229214043, 4.000000000000000000, 61.40820492887896620 ) ) ;
#7533 = CARTESIAN_POINT ( 'NONE',  ( 36.36675776276504735, 4.500000000000000000, 81.40820492887897331 ) ) ;
#7534 = EDGE_LOOP ( 'NONE', ( #6085, #1410, #7912, #5109 ) ) ;
#7535 = CARTESIAN_POINT ( 'NONE',  ( 0.9386097560229228476, 4.000000000000000000, 45.98005692213685336 ) ) ;
#7536 = EDGE_CURVE ( 'NONE', #6010, #6789, #4762, .T. ) ;
#7537 = VERTEX_POINT ( 'NONE', #5028 ) ;
#7538 = CARTESIAN_POINT ( 'NONE',  ( 35.86675776276504735, 4.000000000000000000, 84.98005692213685336 ) ) ;
#7539 = ORIENTED_EDGE ( 'NONE', *, *, #5739, .T. ) ;
#7540 = DIRECTION ( 'NONE',  ( 1.000000000000000000, -0.000000000000000000, 0.000000000000000000 ) ) ;
#7541 = DIRECTION ( 'NONE',  ( 3.965082230804130614E-15, 0.000000000000000000, 1.000000000000000000 ) ) ;
#7542 = EDGE_LOOP ( 'NONE', ( #7118, #3670, #2028, #2757 ) ) ;
#7543 = CARTESIAN_POINT ( 'NONE',  ( 36.36675776276504735, 4.000000000000000000, 0.000000000000000000 ) ) ;
#7544 = DIRECTION ( 'NONE',  ( 0.000000000000000000, 0.3420201433256694901, -0.9396926207859082059 ) ) ;
#7545 = DIRECTION ( 'NONE',  ( -1.000000000000000000, 0.000000000000000000, -1.156482317317872218E-16 ) ) ;
#7546 = EDGE_CURVE ( 'NONE', #2270, #5602, #7663, .T. ) ;
#7547 = EDGE_LOOP ( 'NONE', ( #7946, #2645, #8085, #7938 ) ) ;
#7548 = CARTESIAN_POINT ( 'NONE',  ( 16.36675776276503669, 4.000000000000000000, 100.4082049288789875 ) ) ;
#7549 = VERTEX_POINT ( 'NONE', #6285 ) ;
#7550 = LINE ( 'NONE', #8136, #2268 ) ;
#7551 = ORIENTED_EDGE ( 'NONE', *, *, #7209, .T. ) ;
#7552 = EDGE_CURVE ( 'NONE', #5086, #228, #1692, .T. ) ;
#7553 = ORIENTED_EDGE ( 'NONE', *, *, #1079, .F. ) ;
#7554 = PLANE ( 'NONE',  #7496 ) ;
#7555 = CARTESIAN_POINT ( 'NONE',  ( 20.65268375939398382, 4.500000000000000000, 65.69413092550790623 ) ) ;
#7556 = DIRECTION ( 'NONE',  ( -0.000000000000000000, -1.000000000000000000, 0.000000000000000000 ) ) ;
#7557 = EDGE_CURVE ( 'NONE', #698, #1083, #8214, .T. ) ;
#7558 = DIRECTION ( 'NONE',  ( -0.000000000000000000, -1.000000000000000000, 0.000000000000000000 ) ) ;
#7559 = ORIENTED_EDGE ( 'NONE', *, *, #1167, .T. ) ;
#7560 = CARTESIAN_POINT ( 'NONE',  ( -38.09154393358412705, 3.828989928337164450, 80.93835861848602065 ) ) ;
#7561 = VERTEX_POINT ( 'NONE', #8291 ) ;
#7562 = DIRECTION ( 'NONE',  ( -1.000000000000000000, 0.000000000000000000, 0.000000000000000000 ) ) ;
#7563 =( BOUNDED_CURVE ( )  B_SPLINE_CURVE ( 3, ( #3838, #3162, #6989, #6338 ),
 .UNSPECIFIED., .F., .F. ) 
 B_SPLINE_CURVE_WITH_KNOTS ( ( 4, 4 ),
 ( 3.141592653589793116, 3.490658503988666173 ),
 .UNSPECIFIED. ) 
 CURVE ( )  GEOMETRIC_REPRESENTATION_ITEM ( )  RATIONAL_B_SPLINE_CURVE ( ( 1.000000000000000000, 0.9898718353414716065, 0.9898718353414716065, 1.000000000000000000 ) ) 
 REPRESENTATION_ITEM ( '' )  );
#7564 = DIRECTION ( 'NONE',  ( -1.000000000000000000, 0.000000000000000000, -0.000000000000000000 ) ) ;
#7565 = CARTESIAN_POINT ( 'NONE',  ( 16.39691145237208758, 3.828989928337164450, 61.19413092550792044 ) ) ;
#7566 = CARTESIAN_POINT ( 'NONE',  ( -38.56139024397707971, 4.500000000000000000, 42.40820492887898041 ) ) ;
#7567 = ADVANCED_FACE ( 'NONE', ( #2413 ), #1771, .F. ) ;
#7568 = CARTESIAN_POINT ( 'NONE',  ( -3.347316240606022397, 4.500000000000000000, 22.19413092550791688 ) ) ;
#7569 = EDGE_LOOP ( 'NONE', ( #1588, #1281, #6155, #1194 ) ) ;
#7570 = ORIENTED_EDGE ( 'NONE', *, *, #4828, .F. ) ;
#7571 = CARTESIAN_POINT ( 'NONE',  ( 35.86675776276504735, 4.292893218813452094, 26.48005692213686046 ) ) ;
#7572 = DIRECTION ( 'NONE',  ( -0.000000000000000000, -0.000000000000000000, -1.000000000000000000 ) ) ;
#7573 = CARTESIAN_POINT ( 'NONE',  ( 27.15268375939398737, 0.000000000000000000, -41.80586907449207246 ) ) ;
#7574 = VERTEX_POINT ( 'NONE', #4380 ) ;
#7575 = CARTESIAN_POINT ( 'NONE',  ( -37.84731624060601263, 4.500000000000000000, 100.1941309255079062 ) ) ;
#7576 = ORIENTED_EDGE ( 'NONE', *, *, #5842, .T. ) ;
#7577 = CARTESIAN_POINT ( 'NONE',  ( 0.9386097560229209602, 4.292893218813451206, 22.40820492887897331 ) ) ;
#7578 = VECTOR ( 'NONE', #264, 1000.000000000000000 ) ;
#7579 = VERTEX_POINT ( 'NONE', #1734 ) ;
#7580 = CARTESIAN_POINT ( 'NONE',  ( 20.65268375939398027, 3.828989928337163562, 100.4383586184860206 ) ) ;
#7581 = DIRECTION ( 'NONE',  ( 1.000000000000000000, 0.000000000000000000, 0.000000000000000000 ) ) ;
#7582 = EDGE_CURVE ( 'NONE', #430, #5745, #7007, .T. ) ;
#7583 = CARTESIAN_POINT ( 'NONE',  ( -9.335884373802930158E-14, 4.000000000000000000, 100.9082049288789733 ) ) ;
#7584 = CARTESIAN_POINT ( 'NONE',  ( -18.34731624060602329, 4.500000000000000000, 41.69413092550791333 ) ) ;
#7585 = DIRECTION ( 'NONE',  ( 9.251858538542930412E-16, 0.000000000000000000, -1.000000000000000000 ) ) ;
#7586 = ORIENTED_EDGE ( 'NONE', *, *, #5853, .T. ) ;
#7587 = DIRECTION ( 'NONE',  ( 0.000000000000000000, 0.000000000000000000, -1.000000000000000000 ) ) ;
#7588 = VERTEX_POINT ( 'NONE', #4344 ) ;
#7589 = DIRECTION ( 'NONE',  ( 0.000000000000000000, -0.9396926207859082059, 0.3420201433256694901 ) ) ;
#7590 = ORIENTED_EDGE ( 'NONE', *, *, #7374, .T. ) ;
#7591 = VECTOR ( 'NONE', #865, 1000.000000000000000 ) ;
#7592 = EDGE_CURVE ( 'NONE', #6707, #2829, #3061, .T. ) ;
#7593 = FACE_BOUND ( 'NONE', #8363, .T. ) ;
#7594 = EDGE_CURVE ( 'NONE', #2715, #4763, #1084, .T. ) ;
#7595 = CARTESIAN_POINT ( 'NONE',  ( 19.93860975602291674, 4.500000000000000000, 42.40820492887897331 ) ) ;
#7596 = CARTESIAN_POINT ( 'NONE',  ( 36.07386454395158637, 4.500000000000000000, 6.772950140950312559 ) ) ;
#7597 = AXIS2_PLACEMENT_3D ( 'NONE', #671, #7127, #7850 ) ;
#7598 = DIRECTION ( 'NONE',  ( 0.000000000000000000, 0.000000000000000000, 1.000000000000000000 ) ) ;
#7599 = ORIENTED_EDGE ( 'NONE', *, *, #6389, .F. ) ;
#7600 = CARTESIAN_POINT ( 'NONE',  ( 0.9084560664158751742, 3.828989928337165338, 100.4383586184860206 ) ) ;
#7601 = ORIENTED_EDGE ( 'NONE', *, *, #5045, .T. ) ;
#7602 = AXIS2_PLACEMENT_3D ( 'NONE', #7675, #7063, #1215 ) ;
#7603 = ADVANCED_FACE ( 'NONE', ( #6931 ), #1046, .T. ) ;
#7604 = LINE ( 'NONE', #2399, #4065 ) ;
#7605 = EDGE_CURVE ( 'NONE', #7384, #5701, #6318, .T. ) ;
#7606 = CARTESIAN_POINT ( 'NONE',  ( 0.000000000000000000, 4.000000000000000000, 80.90820492887897331 ) ) ;
#7607 = CARTESIAN_POINT ( 'NONE',  ( -1.709450186408106420, 0.000000000000000000, 85.19413092550790623 ) ) ;
#7608 = LINE ( 'NONE', #5480, #1598 ) ;
#7609 = ORIENTED_EDGE ( 'NONE', *, *, #755, .F. ) ;
#7610 = AXIS2_PLACEMENT_3D ( 'NONE', #6023, #6590, #8049 ) ;
#7611 = VERTEX_POINT ( 'NONE', #2981 ) ;
#7612 = VECTOR ( 'NONE', #2161, 1000.000000000000000 ) ;
#7613 = ORIENTED_EDGE ( 'NONE', *, *, #6389, .T. ) ;
#7614 =( BOUNDED_CURVE ( )  B_SPLINE_CURVE ( 3, ( #2191, #7426, #5569, #5518 ),
 .UNSPECIFIED., .F., .F. ) 
 B_SPLINE_CURVE_WITH_KNOTS ( ( 4, 4 ),
 ( 5.934119456780719837, 6.283185307179586232 ),
 .UNSPECIFIED. ) 
 CURVE ( )  GEOMETRIC_REPRESENTATION_ITEM ( )  RATIONAL_B_SPLINE_CURVE ( ( 1.000000000000000000, 0.9898718353414720506, 0.9898718353414720506, 1.000000000000000000 ) ) 
 REPRESENTATION_ITEM ( '' )  );
#7615 = LINE ( 'NONE', #6150, #2971 ) ;
#7616 = CIRCLE ( 'NONE', #3889, 2.500000000000002220 ) ;
#7617 = VECTOR ( 'NONE', #5970, 1000.000000000000114 ) ;
#7618 = ORIENTED_EDGE ( 'NONE', *, *, #7376, .T. ) ;
#7619 = DIRECTION ( 'NONE',  ( -0.000000000000000000, 0.000000000000000000, 1.000000000000000000 ) ) ;
#7620 = VERTEX_POINT ( 'NONE', #5590 ) ;
#7621 = CARTESIAN_POINT ( 'NONE',  ( 0.4386097560229211823, 4.500000000000000000, 22.90820492887897686 ) ) ;
#7622 = ORIENTED_EDGE ( 'NONE', *, *, #593, .F. ) ;
#7623 = CARTESIAN_POINT ( 'NONE',  ( 0.9386097560229217374, 4.000000000000000000, 80.90820492887897331 ) ) ;
#7624 = CARTESIAN_POINT ( 'NONE',  ( -22.63324223723496331, 4.292893218813452094, 45.98005692213685336 ) ) ;
#7625 = VECTOR ( 'NONE', #5803, 1000.000000000000000 ) ;
#7626 = DIRECTION ( 'NONE',  ( -0.000000000000000000, -1.000000000000000000, 0.000000000000000000 ) ) ;
#7627 = PLANE ( 'NONE',  #3378 ) ;
#7628 = FACE_OUTER_BOUND ( 'NONE', #5306, .T. ) ;
#7629 = AXIS2_PLACEMENT_3D ( 'NONE', #197, #7334, #150 ) ;
#7630 = DIRECTION ( 'NONE',  ( -2.312964634635742957E-16, 0.000000000000000000, 1.000000000000000000 ) ) ;
#7631 = VECTOR ( 'NONE', #4787, 1000.000000000000000 ) ;
#7632 = ORIENTED_EDGE ( 'NONE', *, *, #3175, .T. ) ;
#7633 = ORIENTED_EDGE ( 'NONE', *, *, #7800, .T. ) ;
#7634 = CARTESIAN_POINT ( 'NONE',  ( 20.23150297483637416, 4.500000000000000888, 61.61531171006551233 ) ) ;
#7635 = VECTOR ( 'NONE', #747, 1000.000000000000000 ) ;
#7636 = ORIENTED_EDGE ( 'NONE', *, *, #6903, .F. ) ;
#7637 = VECTOR ( 'NONE', #8391, 1000.000000000000114 ) ;
#7638 = LINE ( 'NONE', #6462, #2495 ) ;
#7639 = VECTOR ( 'NONE', #1354, 1000.000000000000000 ) ;
#7640 = LINE ( 'NONE', #405, #3244 ) ;
#7641 = ADVANCED_FACE ( 'NONE', ( #2336 ), #8073, .T. ) ;
#7642 = ADVANCED_FACE ( 'NONE', ( #6090 ), #6141, .F. ) ;
#7643 = EDGE_CURVE ( 'NONE', #4123, #3782, #5968, .T. ) ;
#7644 = ORIENTED_EDGE ( 'NONE', *, *, #2289, .T. ) ;
#7645 = VERTEX_POINT ( 'NONE', #2279 ) ;
#7646 = ADVANCED_FACE ( 'NONE', ( #890 ), #204, .F. ) ;
#7647 = AXIS2_PLACEMENT_3D ( 'NONE', #2753, #7354, #1984 ) ;
#7648 = CYLINDRICAL_SURFACE ( 'NONE', #7070, 2.500000000000002220 ) ;
#7649 = CARTESIAN_POINT ( 'NONE',  ( -21.84731624060601263, 0.000000000000000000, -5.130869074492089510 ) ) ;
#7650 = CARTESIAN_POINT ( 'NONE',  ( -38.06139024397707971, 4.000000000000000000, 26.48005692213686046 ) ) ;
#7651 = CARTESIAN_POINT ( 'NONE',  ( -18.34731624060601618, 4.500000000000000000, 65.69413092550790623 ) ) ;
#7652 = ORIENTED_EDGE ( 'NONE', *, *, #5727, .F. ) ;
#7653 = DIRECTION ( 'NONE',  ( 0.000000000000000000, 0.000000000000000000, 1.000000000000000000 ) ) ;
#7654 = EDGE_CURVE ( 'NONE', #516, #1480, #983, .T. ) ;
#7655 = ORIENTED_EDGE ( 'NONE', *, *, #5692, .F. ) ;
#7656 = CARTESIAN_POINT ( 'NONE',  ( -51.09731624060602684, 5.000000000000000000, -38.30586907449209377 ) ) ;
#7657 = EDGE_CURVE ( 'NONE', #428, #4947, #4148, .T. ) ;
#7658 = CARTESIAN_POINT ( 'NONE',  ( 48.90268375939397316, -7.500000000000000000, -47.70586907449209235 ) ) ;
#7659 = ORIENTED_EDGE ( 'NONE', *, *, #3171, .F. ) ;
#7660 = FACE_OUTER_BOUND ( 'NONE', #317, .T. ) ;
#7661 = ADVANCED_FACE ( 'NONE', ( #7524 ), #6784, .T. ) ;
#7662 = ORIENTED_EDGE ( 'NONE', *, *, #7257, .F. ) ;
#7663 = LINE ( 'NONE', #3662, #4712 ) ;
#7664 =( BOUNDED_CURVE ( )  B_SPLINE_CURVE ( 3, ( #7533, #8287, #3011, #3691 ),
 .UNSPECIFIED., .F., .F. ) 
 B_SPLINE_CURVE_WITH_KNOTS ( ( 4, 4 ),
 ( 1.570796326794896558, 3.141592653589793116 ),
 .UNSPECIFIED. ) 
 CURVE ( )  GEOMETRIC_REPRESENTATION_ITEM ( )  RATIONAL_B_SPLINE_CURVE ( ( 1.000000000000000000, 0.8047378541243649375, 0.8047378541243649375, 1.000000000000000000 ) ) 
 REPRESENTATION_ITEM ( '' )  );
#7665 = ORIENTED_EDGE ( 'NONE', *, *, #3287, .F. ) ;
#7666 = CYLINDRICAL_SURFACE ( 'NONE', #3761, 2.500000000000002220 ) ;
#7667 = FACE_OUTER_BOUND ( 'NONE', #2240, .T. ) ;
#7668 = CARTESIAN_POINT ( 'NONE',  ( 16.37691183474704459, 3.883938426159694313, 41.91835900086097411 ) ) ;
#7669 = CARTESIAN_POINT ( 'NONE',  ( -18.34731624060601618, 4.500000000000000000, 65.69413092550790623 ) ) ;
#7670 = PLANE ( 'NONE',  #1838 ) ;
#7671 = PRESENTATION_STYLE_ASSIGNMENT (( #1126 ) ) ;
#7672 = VERTEX_POINT ( 'NONE', #3511 ) ;
#7673 = CARTESIAN_POINT ( 'NONE',  ( 36.07386454395158637, 4.500000000000000000, 84.77295014095028591 ) ) ;
#7674 = ORIENTED_EDGE ( 'NONE', *, *, #2288, .F. ) ;
#7675 = CARTESIAN_POINT ( 'NONE',  ( -22.84731624060602329, 4.500000000000000000, 41.69413092550790623 ) ) ;
#7676 = FACE_BOUND ( 'NONE', #6125, .T. ) ;
#7677 = CYLINDRICAL_SURFACE ( 'NONE', #7500, 0.5000000000000000000 ) ;
#7678 = DIRECTION ( 'NONE',  ( 0.000000000000000000, 0.3420201433256694901, -0.9396926207859082059 ) ) ;
#7679 = DIRECTION ( 'NONE',  ( 0.8641753818425661482, 0.000000000000000000, -0.5031907286678233282 ) ) ;
#7680 = ORIENTED_EDGE ( 'NONE', *, *, #1922, .T. ) ;
#7681 = ORIENTED_EDGE ( 'NONE', *, *, #2302, .F. ) ;
#7682 = EDGE_CURVE ( 'NONE', #8364, #4040, #2921, .T. ) ;
#7683 = ADVANCED_FACE ( 'NONE', ( #5573 ), #248, .F. ) ;
#7684 = DIRECTION ( 'NONE',  ( -0.000000000000000000, 0.000000000000000000, 1.000000000000000000 ) ) ;
#7685 = DIRECTION ( 'NONE',  ( -0.000000000000000000, 0.000000000000000000, 1.000000000000000000 ) ) ;
#7686 = DIRECTION ( 'NONE',  ( 1.000000000000000000, 0.000000000000000000, 2.312964634635747887E-16 ) ) ;
#7687 = LINE ( 'NONE', #3723, #6124 ) ;
#7688 = EDGE_LOOP ( 'NONE', ( #1630, #7754, #4336, #6370 ) ) ;
#7689 = EDGE_LOOP ( 'NONE', ( #3185, #4112, #3948, #4192 ) ) ;
#7690 = DIRECTION ( 'NONE',  ( 1.000000000000000000, 0.000000000000000000, -1.228122814850837064E-16 ) ) ;
#7691 = EDGE_CURVE ( 'NONE', #7549, #3408, #4924, .T. ) ;
#7692 = EDGE_CURVE ( 'NONE', #3984, #6104, #3644, .T. ) ;
#7693 = EDGE_LOOP ( 'NONE', ( #7913, #3553, #293, #8187 ) ) ;
#7694 = CARTESIAN_POINT ( 'NONE',  ( 36.36675776276504735, 4.500000000000000000, 0.000000000000000000 ) ) ;
#7695 = ORIENTED_EDGE ( 'NONE', *, *, #7301, .T. ) ;
#7696 = VERTEX_POINT ( 'NONE', #2877 ) ;
#7697 = VERTEX_POINT ( 'NONE', #5392 ) ;
#7698 = FACE_OUTER_BOUND ( 'NONE', #7130, .T. ) ;
#7699 = EDGE_CURVE ( 'NONE', #4094, #7286, #1444, .T. ) ;
#7700 =( BOUNDED_CURVE ( )  B_SPLINE_CURVE ( 3, ( #7507, #6859, #6164, #967 ),
 .UNSPECIFIED., .F., .F. ) 
 B_SPLINE_CURVE_WITH_KNOTS ( ( 4, 4 ),
 ( 1.570796326794896558, 3.141592653589793116 ),
 .UNSPECIFIED. ) 
 CURVE ( )  GEOMETRIC_REPRESENTATION_ITEM ( )  RATIONAL_B_SPLINE_CURVE ( ( 1.000000000000000000, 0.8047378541243649375, 0.8047378541243649375, 1.000000000000000000 ) ) 
 REPRESENTATION_ITEM ( '' )  );
#7701 = CARTESIAN_POINT ( 'NONE',  ( 16.39691145237208048, 3.828989928337166226, 22.43835861848601709 ) ) ;
#7702 = AXIS2_PLACEMENT_3D ( 'NONE', #5478, #8111, #4830 ) ;
#7703 = ORIENTED_EDGE ( 'NONE', *, *, #2648, .F. ) ;
#7704 = LINE ( 'NONE', #5672, #5272 ) ;
#7705 = VERTEX_POINT ( 'NONE', #7471 ) ;
#7706 = PLANE ( 'NONE',  #1425 ) ;
#7707 = CARTESIAN_POINT ( 'NONE',  ( -18.59154393358412349, 3.828989928337162674, 84.94990323252980602 ) ) ;
#7708 = ORIENTED_EDGE ( 'NONE', *, *, #5727, .T. ) ;
#7710 = CARTESIAN_POINT ( 'NONE',  ( 20.43860975602292740, 4.000000000000000000, 65.48005692213685336 ) ) ;
#7709 = VECTOR ( 'NONE', #4968, 1000.000000000000000 ) ;
#7711 = CARTESIAN_POINT ( 'NONE',  ( -3.347316240606020621, 4.500000000000000000, 85.19413092550790623 ) ) ;
#7712 = LINE ( 'NONE', #1827, #6901 ) ;
#7713 = CARTESIAN_POINT ( 'NONE',  ( 20.43860975602291674, 4.000000000000000000, 45.98005692213684625 ) ) ;
#7714 = CARTESIAN_POINT ( 'NONE',  ( -22.63324223723496331, 4.292893218813452982, 41.90820492887896620 ) ) ;
#7715 = CARTESIAN_POINT ( 'NONE',  ( -3.103088547627916416, 3.828989928337161786, 41.93835861848601354 ) ) ;
#7716 = CIRCLE ( 'NONE', #1390, 2.399999999999999467 ) ;
#7717 = ORIENTED_EDGE ( 'NONE', *, *, #4256, .F. ) ;
#7718 = ORIENTED_EDGE ( 'NONE', *, *, #1138, .T. ) ;
#7719 = DIRECTION ( 'NONE',  ( -1.000000000000000000, 0.000000000000000000, -2.379584353717864084E-16 ) ) ;
#7720 = VECTOR ( 'NONE', #694, 1000.000000000000000 ) ;
#7721 = DIRECTION ( 'NONE',  ( -2.379584353717864084E-16, 0.000000000000000000, 1.000000000000000000 ) ) ;
#7722 = CARTESIAN_POINT ( 'NONE',  ( -2.633242237234962868, 4.500000000000000000, 6.480056922136858688 ) ) ;
#7723 = CARTESIAN_POINT ( 'NONE',  ( -38.09154393358411994, 3.828989928337164894, 6.949903232529813124 ) ) ;
#7724 = CARTESIAN_POINT ( 'NONE',  ( -54.09731624060601973, 0.000000000000000000, -51.80586907449209377 ) ) ;
#7725 = ORIENTED_EDGE ( 'NONE', *, *, #7494, .F. ) ;
#7726 = VERTEX_POINT ( 'NONE', #4882 ) ;
#7727 =( BOUNDED_CURVE ( )  B_SPLINE_CURVE ( 3, ( #68, #2576, #5911, #750 ),
 .UNSPECIFIED., .F., .F. ) 
 B_SPLINE_CURVE_WITH_KNOTS ( ( 4, 4 ),
 ( 1.570796326794901887, 3.141592653589793116 ),
 .UNSPECIFIED. ) 
 CURVE ( )  GEOMETRIC_REPRESENTATION_ITEM ( )  RATIONAL_B_SPLINE_CURVE ( ( 1.000000000000000000, 0.8047378541243662697, 0.8047378541243662697, 1.000000000000000000 ) ) 
 REPRESENTATION_ITEM ( '' )  );
#7728 = AXIS2_PLACEMENT_3D ( 'NONE', #4171, #5368, #6808 ) ;
#7729 = ADVANCED_FACE ( 'NONE', ( #157 ), #4198, .F. ) ;
#7730 = DIRECTION ( 'NONE',  ( -1.000000000000000000, 0.000000000000000000, -0.000000000000000000 ) ) ;
#7731 = PLANE ( 'NONE',  #4335 ) ;
#7732 = CARTESIAN_POINT ( 'NONE',  ( 0.000000000000000000, 4.500000000000000000, 64.98005692213685336 ) ) ;
#7733 = VECTOR ( 'NONE', #1422, 1000.000000000000000 ) ;
#7734 = EDGE_LOOP ( 'NONE', ( #3603, #3424, #5591, #5921 ) ) ;
#7735 = CARTESIAN_POINT ( 'NONE',  ( -38.06139024397707971, 4.000000000000000000, 22.40820492887897331 ) ) ;
#7736 = VERTEX_POINT ( 'NONE', #8032 ) ;
#7737 = EDGE_CURVE ( 'NONE', #452, #2702, #6528, .T. ) ;
#7738 = ADVANCED_FACE ( 'NONE', ( #4106 ), #6740, .F. ) ;
#7739 = EDGE_LOOP ( 'NONE', ( #3476, #7937, #6957, #1550 ) ) ;
#7740 = ADVANCED_FACE ( 'NONE', ( #5967 ), #2100, .F. ) ;
#7741 = ORIENTED_EDGE ( 'NONE', *, *, #6737, .F. ) ;
#7742 = CARTESIAN_POINT ( 'NONE',  ( -39.48518229480392705, 0.000000000000000000, 100.1941309255079062 ) ) ;
#7743 = AXIS2_PLACEMENT_3D ( 'NONE', #1035, #1685, #4794 ) ;
#7744 = DIRECTION ( 'NONE',  ( 1.000000000000000000, -0.000000000000000000, 0.000000000000000000 ) ) ;
#7745 = ADVANCED_FACE ( 'NONE', ( #3980 ), #7855, .T. ) ;
#7746 = VECTOR ( 'NONE', #93, 1000.000000000000000 ) ;
#7747 = CARTESIAN_POINT ( 'NONE',  ( -18.76849702516362584, 4.500000000000000000, 84.77295014095028591 ) ) ;
#7748 = CARTESIAN_POINT ( 'NONE',  ( 0.9284556840409174949, 3.883938426159694313, 61.41835900086096700 ) ) ;
#7749 = VECTOR ( 'NONE', #1632, 1000.000000000000000 ) ;
#7750 = VERTEX_POINT ( 'NONE', #4703 ) ;
#7751 = CARTESIAN_POINT ( 'NONE',  ( 36.36675776276504735, 4.000000000000000000, 0.000000000000000000 ) ) ;
#7752 = AXIS2_PLACEMENT_3D ( 'NONE', #4130, #921, #4731 ) ;
#7753 = ADVANCED_FACE ( 'NONE', ( #1358 ), #3421, .F. ) ;
#7754 = ORIENTED_EDGE ( 'NONE', *, *, #7435, .T. ) ;
#7755 = FACE_OUTER_BOUND ( 'NONE', #6934, .T. ) ;
#7756 = CARTESIAN_POINT ( 'NONE',  ( -18.59154393358412349, 3.828989928337163562, 26.44990323252981312 ) ) ;
#7757 = EDGE_CURVE ( 'NONE', #4162, #228, #3268, .T. ) ;
#7758 = CIRCLE ( 'NONE', #5823, 3.499999999999999556 ) ;
#7759 = LINE ( 'NONE', #4477, #5120 ) ;
#7760 = AXIS2_PLACEMENT_3D ( 'NONE', #6714, #1602, #2115 ) ;
#7761 = DIRECTION ( 'NONE',  ( 0.000000000000000000, 0.3420201433256694901, -0.9396926207859082059 ) ) ;
#7762 = CARTESIAN_POINT ( 'NONE',  ( -51.09731624060602684, 0.000000000000000000, -47.70586907449209235 ) ) ;
#7763 = CARTESIAN_POINT ( 'NONE',  ( 35.86675776276505445, 4.000000000000000000, 61.40820492887897331 ) ) ;
#7764 = VECTOR ( 'NONE', #616, 1000.000000000000114 ) ;
#7765 = DIRECTION ( 'NONE',  ( -1.000000000000000000, 0.000000000000000000, -2.312964634635747887E-16 ) ) ;
#7766 = VECTOR ( 'NONE', #3413, 1000.000000000000000 ) ;
#7767 = DIRECTION ( 'NONE',  ( -0.000000000000000000, -1.000000000000000000, 0.000000000000000000 ) ) ;
#7768 = VERTEX_POINT ( 'NONE', #5230 ) ;
#7769 = VECTOR ( 'NONE', #2529, 1000.000000000000000 ) ;
#7770 = ORIENTED_EDGE ( 'NONE', *, *, #1655, .T. ) ;
#7771 = AXIS2_PLACEMENT_3D ( 'NONE', #1038, #4158, #904 ) ;
#7772 = CARTESIAN_POINT ( 'NONE',  ( 36.36675776276504735, 4.000000000000000000, 0.000000000000000000 ) ) ;
#7773 = LINE ( 'NONE', #3212, #7159 ) ;
#7774 = VECTOR ( 'NONE', #7201, 1000.000000000000000 ) ;
#7775 = DIRECTION ( 'NONE',  ( 0.3236155771181852825, 0.8891264907159879272, -0.3236155771181852270 ) ) ;
#7776 = LINE ( 'NONE', #4493, #363 ) ;
#7777 = ORIENTED_EDGE ( 'NONE', *, *, #6482, .T. ) ;
#7778 = VERTEX_POINT ( 'NONE', #2023 ) ;
#7779 = VECTOR ( 'NONE', #7971, 1000.000000000000000 ) ;
#7780 = DIRECTION ( 'NONE',  ( 0.000000000000000000, 0.9396926207859082059, 0.3420201433256694901 ) ) ;
#7781 = LINE ( 'NONE', #4496, #4684 ) ;
#7782 = CARTESIAN_POINT ( 'NONE',  ( 0.000000000000000000, 4.000000000000000000, 6.980056922136860464 ) ) ;
#7783 = CARTESIAN_POINT ( 'NONE',  ( 20.65268375939397671, 0.000000000000000000, 43.33199697970582775 ) ) ;
#7784 = VECTOR ( 'NONE', #7891, 1000.000000000000000 ) ;
#7785 = ORIENTED_EDGE ( 'NONE', *, *, #6041, .F. ) ;
#7786 = DIRECTION ( 'NONE',  ( 1.000000000000000000, -0.000000000000000000, -0.000000000000000000 ) ) ;
#7787 = ORIENTED_EDGE ( 'NONE', *, *, #1802, .F. ) ;
#7788 = ORIENTED_EDGE ( 'NONE', *, *, #4211, .T. ) ;
#7789 = ORIENTED_EDGE ( 'NONE', *, *, #8065, .T. ) ;
#7790 = DIRECTION ( 'NONE',  ( 0.000000000000000000, 0.000000000000000000, 1.000000000000000000 ) ) ;
#7791 = EDGE_CURVE ( 'NONE', #6847, #6789, #6612, .T. ) ;
#7792 = EDGE_CURVE ( 'NONE', #6909, #47, #3610, .T. ) ;
#7793 = DIRECTION ( 'NONE',  ( -7.950815931560367493E-16, 0.000000000000000000, 1.000000000000000000 ) ) ;
#7794 = ORIENTED_EDGE ( 'NONE', *, *, #1332, .F. ) ;
#7795 = CARTESIAN_POINT ( 'NONE',  ( -2.633242237234961980, 4.500000000000000000, -3.045298084576785445E-16 ) ) ;
#7796 = ORIENTED_EDGE ( 'NONE', *, *, #5061, .F. ) ;
#7797 = CARTESIAN_POINT ( 'NONE',  ( 44.37806992294500930, 0.000000000000000000, 27.37770686201808701 ) ) ;
#7798 = CARTESIAN_POINT ( 'NONE',  ( 0.000000000000000000, 4.000000000000000000, 65.48005692213685336 ) ) ;
#7799 = CARTESIAN_POINT ( 'NONE',  ( -38.56139024397706550, 4.500000000000000000, 6.480056922136858688 ) ) ;
#7800 = EDGE_CURVE ( 'NONE', #8288, #7436, #7291, .T. ) ;
#7801 = CARTESIAN_POINT ( 'NONE',  ( 0.9386097560229235137, 4.000000000000000000, 6.980056922136860464 ) ) ;
#7802 = ADVANCED_FACE ( 'NONE', ( #3385 ), #1273, .F. ) ;
#7803 = CARTESIAN_POINT ( 'NONE',  ( -22.63324223723496686, 4.000000000000000000, 41.90820492887897331 ) ) ;
#7804 = LINE ( 'NONE', #1256, #4600 ) ;
#7805 = ORIENTED_EDGE ( 'NONE', *, *, #4544, .T. ) ;
#7806 = EDGE_LOOP ( 'NONE', ( #282, #5750, #4111, #7425 ) ) ;
#7807 = FACE_OUTER_BOUND ( 'NONE', #4079, .T. ) ;
#7808 = EDGE_CURVE ( 'NONE', #6997, #8106, #5314, .T. ) ;
#7809 = CYLINDRICAL_SURFACE ( 'NONE', #2823, 0.5000000000000004441 ) ;
#7810 = CYLINDRICAL_SURFACE ( 'NONE', #7844, 0.5000000000000004441 ) ;
#7811 = LINE ( 'NONE', #1925, #1176 ) ;
#7812 = VERTEX_POINT ( 'NONE', #2787 ) ;
#7813 = ORIENTED_EDGE ( 'NONE', *, *, #7940, .T. ) ;
#7814 = CARTESIAN_POINT ( 'NONE',  ( -37.84731624060601263, 3.828989928337163562, 65.44990323252980602 ) ) ;
#7815 = CARTESIAN_POINT ( 'NONE',  ( 16.39691145237208403, 3.828989928337165338, 45.94990323252980602 ) ) ;
#7816 = LINE ( 'NONE', #6042, #4973 ) ;
#7817 = ORIENTED_EDGE ( 'NONE', *, *, #5571, .T. ) ;
#7818 = DIRECTION ( 'NONE',  ( -0.000000000000000000, -1.000000000000000000, -0.000000000000000000 ) ) ;
#7819 = ORIENTED_EDGE ( 'NONE', *, *, #3184, .F. ) ;
#7820 = ORIENTED_EDGE ( 'NONE', *, *, #75, .F. ) ;
#7821 = ORIENTED_EDGE ( 'NONE', *, *, #4998, .F. ) ;
#7822 =( BOUNDED_CURVE ( )  B_SPLINE_CURVE ( 3, ( #1996, #5987, #6461, #7924 ),
 .UNSPECIFIED., .F., .F. ) 
 B_SPLINE_CURVE_WITH_KNOTS ( ( 4, 4 ),
 ( 4.712388980384689674, 6.283185307179586232 ),
 .UNSPECIFIED. ) 
 CURVE ( )  GEOMETRIC_REPRESENTATION_ITEM ( )  RATIONAL_B_SPLINE_CURVE ( ( 1.000000000000000000, 0.8047378541243649375, 0.8047378541243649375, 1.000000000000000000 ) ) 
 REPRESENTATION_ITEM ( '' )  );
#7823 = DIRECTION ( 'NONE',  ( -0.3420201433256694901, -0.9396926207859082059, 0.000000000000000000 ) ) ;
#7824 = EDGE_LOOP ( 'NONE', ( #1400, #804, #3842, #1384 ) ) ;
#7825 = CYLINDRICAL_SURFACE ( 'NONE', #6523, 0.5000000000000000000 ) ;
#7826 = ORIENTED_EDGE ( 'NONE', *, *, #1758, .T. ) ;
#7827 = LINE ( 'NONE', #7798, #2523 ) ;
#7828 = EDGE_CURVE ( 'NONE', #5186, #2246, #8499, .T. ) ;
#7829 = DIRECTION ( 'NONE',  ( 1.000000000000000000, -0.000000000000000000, -0.000000000000000000 ) ) ;
#7830 = PLANE ( 'NONE',  #2764 ) ;
#7831 = FACE_OUTER_BOUND ( 'NONE', #7446, .T. ) ;
#7832 = CARTESIAN_POINT ( 'NONE',  ( -38.09154393358413415, 3.828989928337165338, 41.69413092550791333 ) ) ;
#7833 = CARTESIAN_POINT ( 'NONE',  ( 20.43860975602291319, 3.941525029986320927, 61.40820492887896620 ) ) ;
#7834 = CARTESIAN_POINT ( 'NONE',  ( -38.56139024397704418, 4.000000000000000000, -1.783822637934133291E-14 ) ) ;
#7835 = ORIENTED_EDGE ( 'NONE', *, *, #6739, .F. ) ;
#7836 = EDGE_LOOP ( 'NONE', ( #4625, #8211, #5656, #6930 ) ) ;
#7837 = AXIS2_PLACEMENT_3D ( 'NONE', #4579, #3302, #7986 ) ;
#7838 = EDGE_CURVE ( 'NONE', #5892, #7398, #7491, .T. ) ;
#7839 = ADVANCED_FACE ( 'NONE', ( #5395 ), #4657, .F. ) ;
#7840 = DIRECTION ( 'NONE',  ( 1.000000000000000000, -0.000000000000000000, -0.000000000000000000 ) ) ;
#7841 = CYLINDRICAL_SURFACE ( 'NONE', #3911, 0.5000000000000004441 ) ;
#7842 = DIRECTION ( 'NONE',  ( 0.000000000000000000, 0.9396926207859082059, 0.3420201433256694901 ) ) ;
#7843 = CARTESIAN_POINT ( 'NONE',  ( -38.56139024397706550, 4.500000000000000000, 45.48005692213685336 ) ) ;
#7844 = AXIS2_PLACEMENT_3D ( 'NONE', #1924, #4525, #4187 ) ;
#7845 = ORIENTED_EDGE ( 'NONE', *, *, #7173, .F. ) ;
#7846 = ORIENTED_EDGE ( 'NONE', *, *, #7791, .F. ) ;
#7847 = EDGE_CURVE ( 'NONE', #5761, #2880, #206, .T. ) ;
#7848 = DIRECTION ( 'NONE',  ( 0.000000000000000000, -0.000000000000000000, -1.000000000000000000 ) ) ;
#7849 = AXIS2_PLACEMENT_3D ( 'NONE', #2077, #7237, #4679 ) ;
#7850 = DIRECTION ( 'NONE',  ( 0.000000000000000000, 0.000000000000000000, 1.000000000000000000 ) ) ;
#7851 = PLANE ( 'NONE',  #4732 ) ;
#7852 = EDGE_CURVE ( 'NONE', #6403, #2848, #2190, .T. ) ;
#7853 = DIRECTION ( 'NONE',  ( -0.000000000000000000, 1.000000000000000000, -0.000000000000000000 ) ) ;
#7854 = CARTESIAN_POINT ( 'NONE',  ( -57.12193007705499781, 4.500000000000000000, 9.260554988997704129 ) ) ;
#7855 = PLANE ( 'NONE',  #6259 ) ;
#7856 = ORIENTED_EDGE ( 'NONE', *, *, #1703, .T. ) ;
#7857 = CARTESIAN_POINT ( 'NONE',  ( -38.56139024397705128, 4.500000000000000000, -1.783822637934133607E-14 ) ) ;
#7858 = VECTOR ( 'NONE', #5268, 1000.000000000000000 ) ;
#7859 = EDGE_LOOP ( 'NONE', ( #3523, #558, #7347, #5298 ) ) ;
#7860 = ORIENTED_EDGE ( 'NONE', *, *, #2826, .T. ) ;
#7861 = ADVANCED_FACE ( 'NONE', ( #6661 ), #6831, .F. ) ;
#7862 = VERTEX_POINT ( 'NONE', #7566 ) ;
#7863 = CYLINDRICAL_SURFACE ( 'NONE', #8031, 0.5000000000000004441 ) ;
#7864 = CARTESIAN_POINT ( 'NONE',  ( 36.07386454395158637, 4.500000000000000888, 42.11531171006551233 ) ) ;
#7865 = AXIS2_PLACEMENT_3D ( 'NONE', #2681, #4041, #4720 ) ;
#7866 = CARTESIAN_POINT ( 'NONE',  ( 35.86675776276504735, 4.000000000000000000, 45.98005692213684625 ) ) ;
#7867 = ORIENTED_EDGE ( 'NONE', *, *, #3017, .T. ) ;
#7868 = CARTESIAN_POINT ( 'NONE',  ( 0.000000000000000000, 4.000000000000000000, 26.48005692213686046 ) ) ;
#7869 = VECTOR ( 'NONE', #7493, 1000.000000000000000 ) ;
#7870 = EDGE_LOOP ( 'NONE', ( #2731, #1937, #8340, #318 ) ) ;
#7871 = CARTESIAN_POINT ( 'NONE',  ( 43.90268375939398737, 0.000000000000000000, 29.13887441235547016 ) ) ;
#7872 = VECTOR ( 'NONE', #2069, 1000.000000000000000 ) ;
#7873 =( BOUNDED_CURVE ( )  B_SPLINE_CURVE ( 3, ( #2895, #5498, #2855, #3025 ),
 .UNSPECIFIED., .F., .F. ) 
 B_SPLINE_CURVE_WITH_KNOTS ( ( 4, 4 ),
 ( 5.934119456780718949, 6.283185307179586232 ),
 .UNSPECIFIED. ) 
 CURVE ( )  GEOMETRIC_REPRESENTATION_ITEM ( )  RATIONAL_B_SPLINE_CURVE ( ( 1.000000000000000000, 0.9898718353414719395, 0.9898718353414719395, 1.000000000000000000 ) ) 
 REPRESENTATION_ITEM ( '' )  );
#7874 = DIRECTION ( 'NONE',  ( 0.3236155771181852825, 0.8891264907159879272, -0.3236155771181852270 ) ) ;
#7875 = AXIS2_PLACEMENT_3D ( 'NONE', #2844, #5445, #901 ) ;
#7876 = CARTESIAN_POINT ( 'NONE',  ( 20.40845606641587651, 3.828989928337164450, 65.44990323252980602 ) ) ;
#7877 = DIRECTION ( 'NONE',  ( 1.000000000000000000, 0.000000000000000000, 0.000000000000000000 ) ) ;
#7878 = AXIS2_PLACEMENT_3D ( 'NONE', #4907, #868, #7368 ) ;
#7879 = CARTESIAN_POINT ( 'NONE',  ( 0.000000000000000000, 4.000000000000000000, 81.40820492887897331 ) ) ;
#7880 = CYLINDRICAL_SURFACE ( 'NONE', #2572, 0.5000000000000004441 ) ;
#7881 = DIRECTION ( 'NONE',  ( 0.000000000000000000, 0.000000000000000000, 1.000000000000000000 ) ) ;
#7882 = CARTESIAN_POINT ( 'NONE',  ( 16.36675776276504024, 4.292893218813452094, 45.98005692213685336 ) ) ;
#7883 = ORIENTED_EDGE ( 'NONE', *, *, #1509, .T. ) ;
#7884 = VECTOR ( 'NONE', #872, 1000.000000000000000 ) ;
#7885 = ORIENTED_EDGE ( 'NONE', *, *, #3171, .T. ) ;
#7886 = VECTOR ( 'NONE', #5203, 1000.000000000000000 ) ;
#7887 = CARTESIAN_POINT ( 'NONE',  ( -38.09154393358411994, 3.828989928337164894, 6.949903232529813124 ) ) ;
#7888 = CARTESIAN_POINT ( 'NONE',  ( 19.93860975602294161, 4.500000000000000000, 84.48005692213685336 ) ) ;
#7889 = DIRECTION ( 'NONE',  ( 2.312964634635742957E-16, -0.000000000000000000, -1.000000000000000000 ) ) ;
#7890 = CARTESIAN_POINT ( 'NONE',  ( -39.34731624060601263, 0.000000000000000000, 100.5441309255079005 ) ) ;
#7891 = DIRECTION ( 'NONE',  ( 1.000000000000000000, -0.000000000000000000, -0.000000000000000000 ) ) ;
#7892 = CARTESIAN_POINT ( 'NONE',  ( 1.152683759393980711, 0.000000000000000000, 25.05626487131000246 ) ) ;
#7893 = LINE ( 'NONE', #6693, #3369 ) ;
#7894 = ADVANCED_FACE ( 'NONE', ( #843 ), #8157, .F. ) ;
#7895 = EDGE_CURVE ( 'NONE', #4400, #1313, #4108, .T. ) ;
#7896 = VECTOR ( 'NONE', #2923, 1000.000000000000000 ) ;
#7897 = EDGE_LOOP ( 'NONE', ( #2250, #1816, #8406, #1833 ) ) ;
#7898 = EDGE_CURVE ( 'NONE', #2384, #873, #5616, .T. ) ;
#7899 = CARTESIAN_POINT ( 'NONE',  ( -18.59154393358412349, 3.828989928337164450, 65.44990323252980602 ) ) ;
#7900 = VECTOR ( 'NONE', #6773, 1000.000000000000000 ) ;
#7901 = VECTOR ( 'NONE', #1893, 1000.000000000000000 ) ;
#7902 = DIRECTION ( 'NONE',  ( -2.312964634635742957E-16, 0.000000000000000000, 1.000000000000000000 ) ) ;
#7903 = CARTESIAN_POINT ( 'NONE',  ( -24.41822186690906449, 8.816027736361816025, 79.12322529920487568 ) ) ;
#7904 = DIRECTION ( 'NONE',  ( 0.000000000000000000, -1.000000000000000000, 0.000000000000000000 ) ) ;
#7905 = CARTESIAN_POINT ( 'NONE',  ( -1.097316240606029059, 5.000000000000000000, -1.502172772687430288E-17 ) ) ;
#7906 = ADVANCED_FACE ( 'NONE', ( #6274 ), #374, .T. ) ;
#7907 = ORIENTED_EDGE ( 'NONE', *, *, #1373, .F. ) ;
#7908 = LINE ( 'NONE', #1853, #1709 ) ;
#7909 = AXIS2_PLACEMENT_3D ( 'NONE', #3165, #6466, #3803 ) ;
#7910 = ORIENTED_EDGE ( 'NONE', *, *, #3133, .F. ) ;
#7911 = EDGE_CURVE ( 'NONE', #7530, #2456, #4884, .T. ) ;
#7912 = ORIENTED_EDGE ( 'NONE', *, *, #4146, .F. ) ;
#7913 = ORIENTED_EDGE ( 'NONE', *, *, #335, .T. ) ;
#7914 = PLANE ( 'NONE',  #1583 ) ;
#7915 = CARTESIAN_POINT ( 'NONE',  ( 20.40845606641587295, 3.828989928337165338, 22.19413092550791688 ) ) ;
#7916 = AXIS2_PLACEMENT_3D ( 'NONE', #3051, #2486, #5744 ) ;
#7917 = EDGE_CURVE ( 'NONE', #5577, #1857, #3601, .T. ) ;
#7918 = CARTESIAN_POINT ( 'NONE',  ( 36.07386454395158637, 4.500000000000000000, 45.77295014095030012 ) ) ;
#7919 = VERTEX_POINT ( 'NONE', #4285 ) ;
#7920 = DIRECTION ( 'NONE',  ( 0.000000000000000000, -0.000000000000000000, -1.000000000000000000 ) ) ;
#7921 = ORIENTED_EDGE ( 'NONE', *, *, #4374, .T. ) ;
#7922 = CARTESIAN_POINT ( 'NONE',  ( 16.36675776276504379, 3.941525029986322703, 45.98005692213685336 ) ) ;
#7923 = CARTESIAN_POINT ( 'NONE',  ( -38.06139024397706550, 4.000000000000000000, 45.98005692213685336 ) ) ;
#7924 = CARTESIAN_POINT ( 'NONE',  ( -38.06139024397707971, 4.000000000000000000, 80.90820492887897331 ) ) ;
#7925 = CARTESIAN_POINT ( 'NONE',  ( -2.863829771885583808E-14, 4.000000000000000000, 61.90820492887897331 ) ) ;
#7926 = CARTESIAN_POINT ( 'NONE',  ( -3.103088547627917748, 3.828989928337167115, 45.94990323252980602 ) ) ;
#7927 = LINE ( 'NONE', #4131, #8292 ) ;
#7928 = DIRECTION ( 'NONE',  ( -1.000000000000000000, 0.000000000000000000, 0.000000000000000000 ) ) ;
#7929 = VERTEX_POINT ( 'NONE', #250 ) ;
#7930 =( BOUNDED_CURVE ( )  B_SPLINE_CURVE ( 3, ( #7518, #1629, #1675, #1067 ),
 .UNSPECIFIED., .F., .F. ) 
 B_SPLINE_CURVE_WITH_KNOTS ( ( 4, 4 ),
 ( 1.570796326794896558, 3.141592653589793116 ),
 .UNSPECIFIED. ) 
 CURVE ( )  GEOMETRIC_REPRESENTATION_ITEM ( )  RATIONAL_B_SPLINE_CURVE ( ( 1.000000000000000000, 0.8047378541243649375, 0.8047378541243649375, 1.000000000000000000 ) ) 
 REPRESENTATION_ITEM ( '' )  );
#7931 = ORIENTED_EDGE ( 'NONE', *, *, #6699, .T. ) ;
#7932 = CARTESIAN_POINT ( 'NONE',  ( 20.40845606641587295, 3.828989928337164450, 80.93835861848602065 ) ) ;
#7933 = CYLINDRICAL_SURFACE ( 'NONE', #3199, 0.5000000000000004441 ) ;
#7934 = CARTESIAN_POINT ( 'NONE',  ( 0.000000000000000000, 4.500000000000000000, 84.48005692213685336 ) ) ;
#7935 = DIRECTION ( 'NONE',  ( -1.000000000000000000, -0.000000000000000000, -0.000000000000000000 ) ) ;
#7936 = DIRECTION ( 'NONE',  ( 1.000000000000000000, 0.000000000000000000, 1.156482317317871725E-16 ) ) ;
#7937 = ORIENTED_EDGE ( 'NONE', *, *, #3657, .T. ) ;
#7938 = ORIENTED_EDGE ( 'NONE', *, *, #863, .F. ) ;
#7939 = CARTESIAN_POINT ( 'NONE',  ( -31.84731624060601618, -7.500000000000000000, -7.530869074492096971 ) ) ;
#7940 = EDGE_CURVE ( 'NONE', #444, #630, #4831, .T. ) ;
#7941 = EDGE_CURVE ( 'NONE', #4031, #4399, #5080, .T. ) ;
#7942 = CARTESIAN_POINT ( 'NONE',  ( -22.42613545604842074, 4.500000000000001776, 22.61531171006552654 ) ) ;
#7943 = CYLINDRICAL_SURFACE ( 'NONE', #4188, 3.500000000000003109 ) ;
#7944 = CARTESIAN_POINT ( 'NONE',  ( 20.23150297483639548, 4.500000000000000888, 84.77295014095028591 ) ) ;
#7945 = DIRECTION ( 'NONE',  ( 0.000000000000000000, 0.000000000000000000, 1.000000000000000000 ) ) ;
#7946 = ORIENTED_EDGE ( 'NONE', *, *, #6912, .T. ) ;
#7947 = LINE ( 'NONE', #7293, #7617 ) ;
#7948 = EDGE_LOOP ( 'NONE', ( #1917, #3881, #2958, #2186 ) ) ;
#7949 = VERTEX_POINT ( 'NONE', #1497 ) ;
#7950 = ORIENTED_EDGE ( 'NONE', *, *, #7757, .T. ) ;
#7951 = CYLINDRICAL_SURFACE ( 'NONE', #2819, 2.500000000000002220 ) ;
#7952 = CARTESIAN_POINT ( 'NONE',  ( 35.86675776276504735, 4.000000000000000000, 80.90820492887897331 ) ) ;
#7953 = ADVANCED_FACE ( 'NONE', ( #4150 ), #6228, .T. ) ;
#7954 = EDGE_CURVE ( 'NONE', #6294, #4527, #985, .T. ) ;
#7955 = ADVANCED_FACE ( 'NONE', ( #333 ), #5479, .T. ) ;
#7956 = CARTESIAN_POINT ( 'NONE',  ( -18.56139024397707260, 4.000000000000000000, 65.48005692213686757 ) ) ;
#7957 = VERTEX_POINT ( 'NONE', #4200 ) ;
#7958 = DIRECTION ( 'NONE',  ( -1.000000000000000000, 0.000000000000000000, 0.000000000000000000 ) ) ;
#7959 = VERTEX_POINT ( 'NONE', #3513 ) ;
#7960 = LINE ( 'NONE', #1992, #7038 ) ;
#7961 = ADVANCED_FACE ( 'NONE', ( #207 ), #2836, .F. ) ;
#7962 = CARTESIAN_POINT ( 'NONE',  ( -57.59731624060601973, 0.000000000000000000, 6.633388656321294430E-15 ) ) ;
#7963 = FACE_OUTER_BOUND ( 'NONE', #6638, .T. ) ;
#7964 = CYLINDRICAL_SURFACE ( 'NONE', #7295, 0.5000000000000004441 ) ;
#7965 = ORIENTED_EDGE ( 'NONE', *, *, #4958, .T. ) ;
#7966 = CARTESIAN_POINT ( 'NONE',  ( -22.63324223723497042, 4.292893218813452094, 80.90820492887898752 ) ) ;
#7967 = CARTESIAN_POINT ( 'NONE',  ( 0.000000000000000000, 4.000000000000000000, 22.90820492887897686 ) ) ;
#7968 = CARTESIAN_POINT ( 'NONE',  ( -0.4851822948039353767, 0.000000000000000000, 61.19413092550791333 ) ) ;
#7969 = ORIENTED_EDGE ( 'NONE', *, *, #6324, .T. ) ;
#7970 = ORIENTED_EDGE ( 'NONE', *, *, #116, .F. ) ;
#7971 = DIRECTION ( 'NONE',  ( 0.000000000000000000, -0.000000000000000000, -1.000000000000000000 ) ) ;
#7972 = DIRECTION ( 'NONE',  ( 0.3236155771181852825, 0.8891264907159879272, -0.3236155771181852270 ) ) ;
#7973 = CARTESIAN_POINT ( 'NONE',  ( 19.01481770519606229, 0.000000000000000000, 41.69413092550791333 ) ) ;
#7974 = CARTESIAN_POINT ( 'NONE',  ( 1.961773564377644750E-14, 4.000000000000000000, 42.40820492887898041 ) ) ;
#7975 = DIRECTION ( 'NONE',  ( 0.000000000000000000, 0.000000000000000000, 1.000000000000000000 ) ) ;
#7976 =( BOUNDED_CURVE ( )  B_SPLINE_CURVE ( 3, ( #2781, #6735, #2874, #6139 ),
 .UNSPECIFIED., .F., .F. ) 
 B_SPLINE_CURVE_WITH_KNOTS ( ( 4, 4 ),
 ( 5.934119456780717172, 6.283185307179586232 ),
 .UNSPECIFIED. ) 
 CURVE ( )  GEOMETRIC_REPRESENTATION_ITEM ( )  RATIONAL_B_SPLINE_CURVE ( ( 1.000000000000000000, 0.9898718353414717175, 0.9898718353414717175, 1.000000000000000000 ) ) 
 REPRESENTATION_ITEM ( '' )  );
#7977 = VECTOR ( 'NONE', #594, 1000.000000000000114 ) ;
#7978 = FACE_OUTER_BOUND ( 'NONE', #6315, .T. ) ;
#7979 = EDGE_LOOP ( 'NONE', ( #4353, #7867, #6562, #7416 ) ) ;
#7980 = ORIENTED_EDGE ( 'NONE', *, *, #7692, .F. ) ;
#7981 = DIRECTION ( 'NONE',  ( 0.000000000000000000, 0.000000000000000000, -1.000000000000000000 ) ) ;
#7982 = FACE_BOUND ( 'NONE', #5384, .T. ) ;
#7983 = DIRECTION ( 'NONE',  ( -0.3236155771181852825, 0.8891264907159879272, 0.3236155771181852270 ) ) ;
#7984 = DIRECTION ( 'NONE',  ( 6.938893903907228378E-16, -0.000000000000000000, -1.000000000000000000 ) ) ;
#7985 = CIRCLE ( 'NONE', #2920, 1.399999999999998579 ) ;
#7986 = DIRECTION ( 'NONE',  ( 0.000000000000000000, 0.000000000000000000, -1.000000000000000000 ) ) ;
#7987 = CARTESIAN_POINT ( 'NONE',  ( -38.56139024397707260, 4.500000000000000000, 84.48005692213685336 ) ) ;
#7988 = EDGE_LOOP ( 'NONE', ( #3304, #7015, #2623, #4797 ) ) ;
#7989 = DIRECTION ( 'NONE',  ( 0.000000000000000000, 0.000000000000000000, -1.000000000000000000 ) ) ;
#7990 = EDGE_LOOP ( 'NONE', ( #2594, #198, #1601, #361 ) ) ;
#7991 = EDGE_LOOP ( 'NONE', ( #1031, #3356, #4792, #1899 ) ) ;
#7992 = EDGE_LOOP ( 'NONE', ( #3946, #4340, #210, #3316 ) ) ;
#7993 = CARTESIAN_POINT ( 'NONE',  ( -22.13324223723496331, 4.500000000000000000, 6.480056922136859576 ) ) ;
#7994 = DIRECTION ( 'NONE',  ( -1.156482317317871478E-16, 0.000000000000000000, 1.000000000000000000 ) ) ;
#7995 = VECTOR ( 'NONE', #6643, 1000.000000000000000 ) ;
#7996 = EDGE_CURVE ( 'NONE', #2571, #6745, #689, .T. ) ;
#7997 = LINE ( 'NONE', #3569, #3884 ) ;
#7998 = EDGE_CURVE ( 'NONE', #2571, #7579, #4789, .T. ) ;
#7999 = EDGE_CURVE ( 'NONE', #6722, #3345, #5350, .T. ) ;
#8000 = VERTEX_POINT ( 'NONE', #5736 ) ;
#8001 = ADVANCED_FACE ( 'NONE', ( #5653 ), #450, .T. ) ;
#8002 =( BOUNDED_CURVE ( )  B_SPLINE_CURVE ( 3, ( #6038, #2138, #5430, #2220 ),
 .UNSPECIFIED., .F., .F. ) 
 B_SPLINE_CURVE_WITH_KNOTS ( ( 4, 4 ),
 ( 3.141592653589793116, 3.490658503988656403 ),
 .UNSPECIFIED. ) 
 CURVE ( )  GEOMETRIC_REPRESENTATION_ITEM ( )  RATIONAL_B_SPLINE_CURVE ( ( 1.000000000000000000, 0.9898718353414720506, 0.9898718353414720506, 1.000000000000000000 ) ) 
 REPRESENTATION_ITEM ( '' )  );
#8003 = AXIS2_PLACEMENT_3D ( 'NONE', #612, #4919, #3241 ) ;
#8004 = ORIENTED_EDGE ( 'NONE', *, *, #5635, .T. ) ;
#8005 = CARTESIAN_POINT ( 'NONE',  ( 0.9386097560229214043, 4.000000000000000000, 61.40820492887896620 ) ) ;
#8006 = FACE_OUTER_BOUND ( 'NONE', #7276, .T. ) ;
#8007 = VECTOR ( 'NONE', #1330, 1000.000000000000000 ) ;
#8008 = EDGE_CURVE ( 'NONE', #951, #7645, #1796, .T. ) ;
#8009 = EDGE_LOOP ( 'NONE', ( #557, #2861, #1479, #378 ) ) ;
#8010 = DIRECTION ( 'NONE',  ( -1.000000000000000000, 0.000000000000000000, 0.000000000000000000 ) ) ;
#8011 = DIRECTION ( 'NONE',  ( 0.000000000000000000, 0.000000000000000000, 1.000000000000000000 ) ) ;
#8012 = DIRECTION ( 'NONE',  ( 6.938893903907229364E-16, -0.000000000000000000, -1.000000000000000000 ) ) ;
#8013 = DIRECTION ( 'NONE',  ( 0.3236155771181853935, 0.8891264907159879272, -0.3236155771181852270 ) ) ;
#8014 = VERTEX_POINT ( 'NONE', #7081 ) ;
#8015 = EDGE_CURVE ( 'NONE', #5386, #5086, #1722, .T. ) ;
#8016 = EDGE_LOOP ( 'NONE', ( #6162, #8335, #3697, #5338 ) ) ;
#8017 = VECTOR ( 'NONE', #1221, 1000.000000000000000 ) ;
#8018 = STYLED_ITEM ( 'NONE', ( #7671 ), #7137 ) ;
#8019 = DIRECTION ( 'NONE',  ( 1.000000000000000000, 0.000000000000000000, 4.625929269271484928E-16 ) ) ;
#8020 = CARTESIAN_POINT ( 'NONE',  ( 0.9386097560229219594, 4.000000000000000000, 41.90820492887897331 ) ) ;
#8021 = CARTESIAN_POINT ( 'NONE',  ( 20.65268375939398027, 4.500000000000000000, 80.69413092550790623 ) ) ;
#8022 = EDGE_CURVE ( 'NONE', #5941, #6294, #3043, .T. ) ;
#8023 = AXIS2_PLACEMENT_3D ( 'NONE', #5814, #3127, #2567 ) ;
#8024 = LINE ( 'NONE', #241, #7766 ) ;
#8025 = ORIENTED_EDGE ( 'NONE', *, *, #546, .F. ) ;
#8026 = VECTOR ( 'NONE', #1989, 1000.000000000000000 ) ;
#8027 = ORIENTED_EDGE ( 'NONE', *, *, #3533, .T. ) ;
#8028 = FACE_BOUND ( 'NONE', #6985, .T. ) ;
#8029 = DIRECTION ( 'NONE',  ( -1.000000000000000000, 0.000000000000000000, 0.000000000000000000 ) ) ;
#8030 = DIRECTION ( 'NONE',  ( -1.000000000000000000, 0.000000000000000000, -5.782411586589359857E-17 ) ) ;
#8031 = AXIS2_PLACEMENT_3D ( 'NONE', #2158, #4589, #1982 ) ;
#8032 = CARTESIAN_POINT ( 'NONE',  ( -18.59154393358412349, 3.828989928337164450, 6.949903232529812236 ) ) ;
#8033 =( BOUNDED_CURVE ( )  B_SPLINE_CURVE ( 3, ( #6077, #4739, #1482, #1437 ),
 .UNSPECIFIED., .F., .F. ) 
 B_SPLINE_CURVE_WITH_KNOTS ( ( 4, 4 ),
 ( 0.000000000000000000, 1.570796326794896558 ),
 .UNSPECIFIED. ) 
 CURVE ( )  GEOMETRIC_REPRESENTATION_ITEM ( )  RATIONAL_B_SPLINE_CURVE ( ( 1.000000000000000000, 0.8047378541243649375, 0.8047378541243649375, 1.000000000000000000 ) ) 
 REPRESENTATION_ITEM ( '' )  );
#8034 = CARTESIAN_POINT ( 'NONE',  ( -46.09731624060602684, 5.000000000000000000, -12.64576011232859720 ) ) ;
#8035 = AXIS2_PLACEMENT_3D ( 'NONE', #5521, #3599, #1634 ) ;
#8036 = DIRECTION ( 'NONE',  ( 1.000000000000000000, -0.000000000000000000, -0.000000000000000000 ) ) ;
#8037 = VERTEX_POINT ( 'NONE', #7650 ) ;
#8038 = VERTEX_POINT ( 'NONE', #1756 ) ;
#8039 = AXIS2_PLACEMENT_3D ( 'NONE', #7711, #5001, #1179 ) ;
#8040 = VERTEX_POINT ( 'NONE', #5141 ) ;
#8041 = ORIENTED_EDGE ( 'NONE', *, *, #2963, .F. ) ;
#8042 = CARTESIAN_POINT ( 'NONE',  ( -18.56139024397708681, 3.941525029986321815, 45.98005692213684625 ) ) ;
#8043 = CARTESIAN_POINT ( 'NONE',  ( 35.86675776276504735, 3.941525029986324480, 80.90820492887895909 ) ) ;
#8044 = CIRCLE ( 'NONE', #6265, 3.500000000000003109 ) ;
#8045 = CARTESIAN_POINT ( 'NONE',  ( 18.15268375939398737, 5.000000000000000000, 0.000000000000000000 ) ) ;
#8046 = ORIENTED_EDGE ( 'NONE', *, *, #3533, .F. ) ;
#8047 = CARTESIAN_POINT ( 'NONE',  ( -19.98518229480393060, 0.000000000000000000, 5.556264871310002462 ) ) ;
#8048 = ORIENTED_EDGE ( 'NONE', *, *, #6711, .T. ) ;
#8049 = DIRECTION ( 'NONE',  ( -0.3420201433256694901, 0.9396926207859082059, 0.000000000000000000 ) ) ;
#8050 = VECTOR ( 'NONE', #4970, 1000.000000000000000 ) ;
#8051 = EDGE_LOOP ( 'NONE', ( #1411, #5231, #5618, #295 ) ) ;
#8052 = EDGE_CURVE ( 'NONE', #428, #6662, #4368, .T. ) ;
#8053 = EDGE_CURVE ( 'NONE', #1711, #3427, #2527, .T. ) ;
#8054 = DIRECTION ( 'NONE',  ( -1.156482317317871478E-16, 0.000000000000000000, 1.000000000000000000 ) ) ;
#8055 = DIRECTION ( 'NONE',  ( 0.000000000000000000, 1.000000000000000000, -0.000000000000000000 ) ) ;
#8056 = ORIENTED_EDGE ( 'NONE', *, *, #8471, .T. ) ;
#8057 = CARTESIAN_POINT ( 'NONE',  ( 16.57386454395158637, 4.500000000000000888, 100.6153117100655408 ) ) ;
#8058 = CARTESIAN_POINT ( 'NONE',  ( -18.34731624060602329, 4.500000000000000000, 41.69413092550791333 ) ) ;
#8059 = ORIENTED_EDGE ( 'NONE', *, *, #3810, .T. ) ;
#8060 = ORIENTED_EDGE ( 'NONE', *, *, #2073, .T. ) ;
#8061 = ADVANCED_FACE ( 'NONE', ( #3813 ), #1145, .T. ) ;
#8062 = CARTESIAN_POINT ( 'NONE',  ( -3.103088547627918192, 3.828989928337162674, 22.43835861848602065 ) ) ;
#8063 = FACE_OUTER_BOUND ( 'NONE', #5589, .T. ) ;
#8064 = CARTESIAN_POINT ( 'NONE',  ( -22.62308816525295185, 3.883938426159697865, 84.96990285015485256 ) ) ;
#8065 = EDGE_CURVE ( 'NONE', #4909, #2246, #3766, .T. ) ;
#8066 = CARTESIAN_POINT ( 'NONE',  ( 20.65268375939399803, 0.000000000000000000, 83.55626487131000601 ) ) ;
#8067 = CARTESIAN_POINT ( 'NONE',  ( 48.90268375939397316, -7.500000000000000000, -45.30586907449209377 ) ) ;
#8068 = CARTESIAN_POINT ( 'NONE',  ( -51.09731624060602684, 0.000000000000000000, -42.90586907449209519 ) ) ;
#8069 = ORIENTED_EDGE ( 'NONE', *, *, #6493, .F. ) ;
#8070 = ORIENTED_EDGE ( 'NONE', *, *, #7011, .F. ) ;
#8071 = EDGE_CURVE ( 'NONE', #3935, #4310, #3395, .T. ) ;
#8072 = CARTESIAN_POINT ( 'NONE',  ( 1.152683759393980489, 4.500000000000000000, 46.19413092550791333 ) ) ;
#8073 = CYLINDRICAL_SURFACE ( 'NONE', #2133, 0.5000000000000004441 ) ;
#8074 = CARTESIAN_POINT ( 'NONE',  ( 0.9084560664158753962, 3.828989928337165338, 41.69413092550791333 ) ) ;
#8075 = DIRECTION ( 'NONE',  ( 0.9396926207859082059, 0.3420201433256694901, 0.000000000000000000 ) ) ;
#8076 = FACE_OUTER_BOUND ( 'NONE', #4860, .T. ) ;
#8077 = EDGE_LOOP ( 'NONE', ( #2691, #2893, #6667, #2283 ) ) ;
#8078 = ORIENTED_EDGE ( 'NONE', *, *, #3132, .T. ) ;
#8079 = EDGE_LOOP ( 'NONE', ( #6445, #4451, #2025, #7183 ) ) ;
#8080 = ORIENTED_EDGE ( 'NONE', *, *, #4958, .F. ) ;
#8081 = DIRECTION ( 'NONE',  ( 0.000000000000000000, -0.9396926207859082059, 0.3420201433256694901 ) ) ;
#8082 = ORIENTED_EDGE ( 'NONE', *, *, #6477, .F. ) ;
#8083 = LINE ( 'NONE', #6193, #8285 ) ;
#8084 = DIRECTION ( 'NONE',  ( -1.156482317317871478E-16, 0.000000000000000000, 1.000000000000000000 ) ) ;
#8085 = ORIENTED_EDGE ( 'NONE', *, *, #2634, .T. ) ;
#8086 = FACE_OUTER_BOUND ( 'NONE', #3748, .T. ) ;
#8087 = ORIENTED_EDGE ( 'NONE', *, *, #556, .F. ) ;
#8088 = LINE ( 'NONE', #819, #4667 ) ;
#8089 = CARTESIAN_POINT ( 'NONE',  ( -18.56139024397707971, 4.292893218813452094, 100.4082049288789875 ) ) ;
#8090 = VERTEX_POINT ( 'NONE', #4969 ) ;
#8091 = LINE ( 'NONE', #6812, #2119 ) ;
#8092 = EDGE_CURVE ( 'NONE', #1944, #8487, #6995, .T. ) ;
#8093 = ORIENTED_EDGE ( 'NONE', *, *, #605, .F. ) ;
#8094 = CARTESIAN_POINT ( 'NONE',  ( -18.34731624060601973, 4.500000000000000000, 100.1941309255079062 ) ) ;
#8095 = ORIENTED_EDGE ( 'NONE', *, *, #5680, .F. ) ;
#8096 = ORIENTED_EDGE ( 'NONE', *, *, #2112, .T. ) ;
#8097 = CARTESIAN_POINT ( 'NONE',  ( 43.90268375939396606, 0.000000000000000000, 1.044701393600772663E-14 ) ) ;
#8098 =( BOUNDED_CURVE ( )  B_SPLINE_CURVE ( 3, ( #7595, #7066, #2997, #1707 ),
 .UNSPECIFIED., .F., .F. ) 
 B_SPLINE_CURVE_WITH_KNOTS ( ( 4, 4 ),
 ( 1.570796326794893227, 3.141592653589793116 ),
 .UNSPECIFIED. ) 
 CURVE ( )  GEOMETRIC_REPRESENTATION_ITEM ( )  RATIONAL_B_SPLINE_CURVE ( ( 1.000000000000000000, 0.8047378541243641603, 0.8047378541243641603, 1.000000000000000000 ) ) 
 REPRESENTATION_ITEM ( '' )  );
#8099 = CARTESIAN_POINT ( 'NONE',  ( 0.4386097560229211823, 4.500000000000000000, 42.40820492887897331 ) ) ;
#8100 = CARTESIAN_POINT ( 'NONE',  ( -22.63324223723496331, 4.292893218813452094, 61.40820492887896620 ) ) ;
#8101 = EDGE_CURVE ( 'NONE', #545, #1648, #504, .T. ) ;
#8102 = ADVANCED_FACE ( 'NONE', ( #5016 ), #1103, .F. ) ;
#8103 = EDGE_CURVE ( 'NONE', #5086, #7959, #3721, .T. ) ;
#8104 = CARTESIAN_POINT ( 'NONE',  ( 0.9386097560229217374, 4.000000000000000000, 22.40820492887897331 ) ) ;
#8105 = ORIENTED_EDGE ( 'NONE', *, *, #5217, .F. ) ;
#8106 = VERTEX_POINT ( 'NONE', #6347 ) ;
#8107 = ADVANCED_FACE ( 'NONE', ( #5698 ), #5261, .T. ) ;
#8108 = CARTESIAN_POINT ( 'NONE',  ( -51.09731624060602684, -7.500000000000000000, -45.30586907449209377 ) ) ;
#8109 = CARTESIAN_POINT ( 'NONE',  ( -18.56139024397707615, 4.000000000000000000, 80.90820492887897331 ) ) ;
#8110 = CARTESIAN_POINT ( 'NONE',  ( -18.59154393358412705, 3.828989928337164006, 41.93835861848602065 ) ) ;
#8111 = DIRECTION ( 'NONE',  ( 0.000000000000000000, 0.3420201433256694901, 0.9396926207859082059 ) ) ;
#8112 = CARTESIAN_POINT ( 'NONE',  ( -22.60308854762791597, 3.828989928337163562, 41.93835861848601354 ) ) ;
#8113 = ORIENTED_EDGE ( 'NONE', *, *, #6641, .T. ) ;
#8114 = EDGE_CURVE ( 'NONE', #4400, #8364, #1351, .T. ) ;
#8115 = EDGE_LOOP ( 'NONE', ( #4292, #7104, #3228, #7466 ) ) ;
#8116 = ORIENTED_EDGE ( 'NONE', *, *, #2898, .F. ) ;
#8117 = DIRECTION ( 'NONE',  ( 1.000000000000000000, -0.000000000000000000, 0.000000000000000000 ) ) ;
#8118 = DIRECTION ( 'NONE',  ( 0.3236155771181855600, 0.8891264907159879272, -0.3236155771181849494 ) ) ;
#8119 = ADVANCED_FACE ( 'NONE', ( #5870 ), #3972, .T. ) ;
#8120 = CARTESIAN_POINT ( 'NONE',  ( -18.34731624060601973, 0.000000000000000000, 82.33199697970582065 ) ) ;
#8121 = VERTEX_POINT ( 'NONE', #4526 ) ;
#8122 = DIRECTION ( 'NONE',  ( 0.000000000000000000, 0.000000000000000000, 1.000000000000000000 ) ) ;
#8123 = VECTOR ( 'NONE', #5774, 1000.000000000000227 ) ;
#8124 = ORIENTED_EDGE ( 'NONE', *, *, #6577, .F. ) ;
#8125 = FACE_OUTER_BOUND ( 'NONE', #5551, .T. ) ;
#8126 = ORIENTED_EDGE ( 'NONE', *, *, #2806, .F. ) ;
#8127 = DIRECTION ( 'NONE',  ( -0.3420201433256694901, 0.9396926207859082059, 0.000000000000000000 ) ) ;
#8128 = CARTESIAN_POINT ( 'NONE',  ( 17.79054981359189824, 0.000000000000000000, 44.55626487130999891 ) ) ;
#8130 = VERTEX_POINT ( 'NONE', #4694 ) ;
#8129 = AXIS2_PLACEMENT_3D ( 'NONE', #5644, #4480, #1180 ) ;
#8131 = DIRECTION ( 'NONE',  ( -5.947623346206196316E-15, 0.000000000000000000, 1.000000000000000000 ) ) ;
#8132 = CARTESIAN_POINT ( 'NONE',  ( -22.13324223723489581, 4.000000000000000000, -1.535802196336512272E-14 ) ) ;
#8133 = ORIENTED_EDGE ( 'NONE', *, *, #1955, .T. ) ;
#8134 = DIRECTION ( 'NONE',  ( -2.312964634635742957E-16, 0.000000000000000000, 1.000000000000000000 ) ) ;
#8135 = AXIS2_PLACEMENT_3D ( 'NONE', #3263, #3893, #5874 ) ;
#8136 = CARTESIAN_POINT ( 'NONE',  ( 1.152683759393978935, 3.828989928337163562, 80.93835861848602065 ) ) ;
#8137 = ORIENTED_EDGE ( 'NONE', *, *, #380, .T. ) ;
#8138 = ORIENTED_EDGE ( 'NONE', *, *, #2071, .F. ) ;
#8139 = CARTESIAN_POINT ( 'NONE',  ( -3.103088547627918192, 3.828989928337168003, 100.4383586184860064 ) ) ;
#8140 = AXIS2_PLACEMENT_3D ( 'NONE', #4676, #1513, #3483 ) ;
#8141 = CYLINDRICAL_SURFACE ( 'NONE', #1440, 0.5000000000000004441 ) ;
#8142 = DIRECTION ( 'NONE',  ( 1.000000000000000000, -0.000000000000000000, 0.000000000000000000 ) ) ;
#8143 = CARTESIAN_POINT ( 'NONE',  ( -22.13324223723496331, 4.500000000000000000, 61.90820492887896620 ) ) ;
#8144 = DIRECTION ( 'NONE',  ( -0.3236155771181852270, 0.8891264907159879272, -0.3236155771181853380 ) ) ;
#8145 = CARTESIAN_POINT ( 'NONE',  ( 0.000000000000000000, 4.000000000000000000, 45.98005692213685336 ) ) ;
#8146 = ORIENTED_EDGE ( 'NONE', *, *, #5253, .F. ) ;
#8147 = VECTOR ( 'NONE', #390, 1000.000000000000000 ) ;
#8148 = ORIENTED_EDGE ( 'NONE', *, *, #3607, .T. ) ;
#8149 = CARTESIAN_POINT ( 'NONE',  ( -22.13324223723496331, 4.500000000000000000, 45.48005692213685336 ) ) ;
#8150 = VECTOR ( 'NONE', #8461, 1000.000000000000000 ) ;
#8151 =( BOUNDED_CURVE ( )  B_SPLINE_CURVE ( 3, ( #5092, #3135, #3764, #7722 ),
 .UNSPECIFIED., .F., .F. ) 
 B_SPLINE_CURVE_WITH_KNOTS ( ( 4, 4 ),
 ( 0.000000000000000000, 1.570796326794896558 ),
 .UNSPECIFIED. ) 
 CURVE ( )  GEOMETRIC_REPRESENTATION_ITEM ( )  RATIONAL_B_SPLINE_CURVE ( ( 1.000000000000000000, 0.8047378541243649375, 0.8047378541243649375, 1.000000000000000000 ) ) 
 REPRESENTATION_ITEM ( '' )  );
#8152 = ADVANCED_FACE ( 'NONE', ( #7158 ), #3373, .T. ) ;
#8153 = EDGE_CURVE ( 'NONE', #848, #951, #4053, .T. ) ;
#8154 = DIRECTION ( 'NONE',  ( 0.000000000000000000, 0.000000000000000000, 1.000000000000000000 ) ) ;
#8155 = DIRECTION ( 'NONE',  ( 1.000000000000000000, -0.000000000000000000, -4.625929269271484928E-16 ) ) ;
#8156 = AXIS2_PLACEMENT_3D ( 'NONE', #7834, #2520, #4442 ) ;
#8157 = PLANE ( 'NONE',  #1728 ) ;
#8158 = PLANE ( 'NONE',  #4339 ) ;
#8159 = EDGE_LOOP ( 'NONE', ( #8396, #2856, #7094, #6127 ) ) ;
#8160 = AXIS2_PLACEMENT_3D ( 'NONE', #7879, #1998, #5991 ) ;
#8161 = ORIENTED_EDGE ( 'NONE', *, *, #1978, .T. ) ;
#8162 = VERTEX_POINT ( 'NONE', #706 ) ;
#8163 = ORIENTED_EDGE ( 'NONE', *, *, #8008, .T. ) ;
#8164 = CARTESIAN_POINT ( 'NONE',  ( -19.06139024397707615, 4.500000000000000000, 25.98005692213686046 ) ) ;
#8165 = CYLINDRICAL_SURFACE ( 'NONE', #8446, 0.5000000000000004441 ) ;
#8166 = CIRCLE ( 'NONE', #6374, 2.500000000000002220 ) ;
#8167 = EDGE_CURVE ( 'NONE', #7232, #5527, #7893, .T. ) ;
#8168 = EDGE_CURVE ( 'NONE', #7549, #6755, #7727, .T. ) ;
#8169 = VECTOR ( 'NONE', #2526, 1000.000000000000000 ) ;
#8170 = ORIENTED_EDGE ( 'NONE', *, *, #3896, .T. ) ;
#8171 = CARTESIAN_POINT ( 'NONE',  ( -9.335884373802930158E-14, 4.500000000000000000, 100.9082049288789733 ) ) ;
#8172 = VECTOR ( 'NONE', #6496, 1000.000000000000000 ) ;
#8173 = VERTEX_POINT ( 'NONE', #7843 ) ;
#8174 = CARTESIAN_POINT ( 'NONE',  ( 35.89691145237208758, 3.828989928337165338, 84.94990323252980602 ) ) ;
#8175 = VECTOR ( 'NONE', #4450, 1000.000000000000000 ) ;
#8176 = ORIENTED_EDGE ( 'NONE', *, *, #8258, .F. ) ;
#8177 = CARTESIAN_POINT ( 'NONE',  ( -22.63324223723496331, 4.000000000000000000, 45.98005692213685336 ) ) ;
#8178 = DIRECTION ( 'NONE',  ( 0.000000000000000000, -0.000000000000000000, -1.000000000000000000 ) ) ;
#8179 = VECTOR ( 'NONE', #1391, 1000.000000000000000 ) ;
#8180 = ORIENTED_EDGE ( 'NONE', *, *, #2398, .T. ) ;
#8181 = EDGE_CURVE ( 'NONE', #2999, #8038, #2973, .T. ) ;
#8182 = CARTESIAN_POINT ( 'NONE',  ( -38.06139024397707260, 4.000000000000000000, 41.90820492887898041 ) ) ;
#8183 = CARTESIAN_POINT ( 'NONE',  ( -18.56139024397708326, 4.292893218813452982, 41.90820492887898752 ) ) ;
#8184 = ORIENTED_EDGE ( 'NONE', *, *, #4695, .F. ) ;
#8185 = DIRECTION ( 'NONE',  ( -1.000000000000000000, 0.000000000000000000, 0.000000000000000000 ) ) ;
#8186 = AXIS2_PLACEMENT_3D ( 'NONE', #5960, #7848, #4068 ) ;
#8187 = ORIENTED_EDGE ( 'NONE', *, *, #4780, .T. ) ;
#8188 = PLANE ( 'NONE',  #5403 ) ;
#8189 = VERTEX_POINT ( 'NONE', #2090 ) ;
#8190 = ORIENTED_EDGE ( 'NONE', *, *, #4948, .F. ) ;
#8191 = VECTOR ( 'NONE', #6401, 1000.000000000000000 ) ;
#8192 = DIRECTION ( 'NONE',  ( 2.312964634635742957E-16, -0.000000000000000000, -1.000000000000000000 ) ) ;
#8193 = LINE ( 'NONE', #8066, #1686 ) ;
#8194 = DIRECTION ( 'NONE',  ( 0.000000000000000000, -1.000000000000000000, 0.000000000000000000 ) ) ;
#8195 = CARTESIAN_POINT ( 'NONE',  ( -51.09731624060602684, 5.000000000000000000, -35.80586907449208667 ) ) ;
#8196 = VERTEX_POINT ( 'NONE', #5954 ) ;
#8197 = ORIENTED_EDGE ( 'NONE', *, *, #58, .T. ) ;
#8198 = FACE_BOUND ( 'NONE', #341, .T. ) ;
#8199 = CARTESIAN_POINT ( 'NONE',  ( -18.57154431595908761, 3.883938426159695645, 41.91835900086098832 ) ) ;
#8200 = DIRECTION ( 'NONE',  ( -0.000000000000000000, -1.000000000000000000, -0.000000000000000000 ) ) ;
#8201 = DIRECTION ( 'NONE',  ( 1.000000000000000000, -0.000000000000000000, -0.000000000000000000 ) ) ;
#8202 = PLANE ( 'NONE',  #1740 ) ;
#8203 = ORIENTED_EDGE ( 'NONE', *, *, #7998, .T. ) ;
#8204 = ORIENTED_EDGE ( 'NONE', *, *, #6577, .T. ) ;
#8205 = EDGE_CURVE ( 'NONE', #4645, #936, #2013, .T. ) ;
#8206 = FACE_OUTER_BOUND ( 'NONE', #4528, .T. ) ;
#8207 = CARTESIAN_POINT ( 'NONE',  ( 16.39691145237208048, 3.828989928337167115, 80.93835861848600643 ) ) ;
#8208 =( BOUNDED_CURVE ( )  B_SPLINE_CURVE ( 3, ( #6788, #2196, #4151, #3562 ),
 .UNSPECIFIED., .F., .F. ) 
 B_SPLINE_CURVE_WITH_KNOTS ( ( 4, 4 ),
 ( 2.792526803190927609, 3.141592653589793116 ),
 .UNSPECIFIED. ) 
 CURVE ( )  GEOMETRIC_REPRESENTATION_ITEM ( )  RATIONAL_B_SPLINE_CURVE ( ( 1.000000000000000000, 0.9898718353414720506, 0.9898718353414720506, 1.000000000000000000 ) ) 
 REPRESENTATION_ITEM ( '' )  );
#8209 = DIRECTION ( 'NONE',  ( -1.000000000000000000, 0.000000000000000000, 0.000000000000000000 ) ) ;
#8210 = LINE ( 'NONE', #6969, #8191 ) ;
#8211 = ORIENTED_EDGE ( 'NONE', *, *, #7112, .T. ) ;
#8212 = FACE_OUTER_BOUND ( 'NONE', #7508, .T. ) ;
#8213 = ORIENTED_EDGE ( 'NONE', *, *, #7852, .F. ) ;
#8214 = LINE ( 'NONE', #4936, #1032 ) ;
#8215 = ADVANCED_FACE ( 'NONE', ( #5824 ), #2699, .T. ) ;
#8216 = ORIENTED_EDGE ( 'NONE', *, *, #1435, .F. ) ;
#8217 = FACE_OUTER_BOUND ( 'NONE', #4223, .T. ) ;
#8218 = ADVANCED_FACE ( 'NONE', ( #8451 ), #4614, .T. ) ;
#8219 = DIRECTION ( 'NONE',  ( 0.9396926207859082059, 0.3420201433256694901, 0.000000000000000000 ) ) ;
#8220 = CARTESIAN_POINT ( 'NONE',  ( -57.59731624060601973, 4.500000000000000000, 6.633388656321294430E-15 ) ) ;
#8221 = ORIENTED_EDGE ( 'NONE', *, *, #3558, .F. ) ;
#8222 = CARTESIAN_POINT ( 'NONE',  ( 0.9386097560229228476, 4.000000000000000000, 45.98005692213685336 ) ) ;
#8223 = EDGE_CURVE ( 'NONE', #232, #8121, #7811, .T. ) ;
#8224 = ORIENTED_EDGE ( 'NONE', *, *, #6922, .F. ) ;
#8225 = PLANE ( 'NONE',  #4449 ) ;
#8226 = ORIENTED_EDGE ( 'NONE', *, *, #2648, .T. ) ;
#8227 = ADVANCED_FACE ( 'NONE', ( #1263 ), #6527, .T. ) ;
#8228 = FACE_BOUND ( 'NONE', #3572, .T. ) ;
#8229 = CYLINDRICAL_SURFACE ( 'NONE', #8129, 0.5000000000000004441 ) ;
#8230 = CARTESIAN_POINT ( 'NONE',  ( -18.56139024397707971, 4.000000000000000000, 22.40820492887896975 ) ) ;
#8231 = CARTESIAN_POINT ( 'NONE',  ( -0.4851822948039353767, 0.000000000000000000, 100.1941309255079062 ) ) ;
#8232 = CYLINDRICAL_SURFACE ( 'NONE', #3891, 0.5000000000000004441 ) ;
#8233 = EDGE_CURVE ( 'NONE', #415, #3563, #8491, .T. ) ;
#8234 = EDGE_LOOP ( 'NONE', ( #2371, #6664 ) ) ;
#8235 = CARTESIAN_POINT ( 'NONE',  ( -46.09731624060599131, 4.500000000000000000, 104.6941309255078920 ) ) ;
#8236 = ORIENTED_EDGE ( 'NONE', *, *, #2601, .F. ) ;
#8237 = PLANE ( 'NONE',  #5412 ) ;
#8238 = LINE ( 'NONE', #2359, #7709 ) ;
#8239 = DIRECTION ( 'NONE',  ( 0.000000000000000000, -0.9396926207859082059, 0.3420201433256694901 ) ) ;
#8240 = DIRECTION ( 'NONE',  ( 1.000000000000000000, -0.000000000000000000, 0.000000000000000000 ) ) ;
#8241 = ORIENTED_EDGE ( 'NONE', *, *, #7895, .F. ) ;
#8242 = EDGE_LOOP ( 'NONE', ( #2790, #337, #4006, #4007, #5865 ) ) ;
#8243 = DIRECTION ( 'NONE',  ( 0.000000000000000000, 0.000000000000000000, -1.000000000000000000 ) ) ;
#8244 = DIRECTION ( 'NONE',  ( 0.000000000000000000, -0.9396926207859082059, 0.3420201433256694901 ) ) ;
#8245 = DIRECTION ( 'NONE',  ( -0.3236155771181852825, 0.8891264907159879272, 0.3236155771181852270 ) ) ;
#8246 = ORIENTED_EDGE ( 'NONE', *, *, #229, .F. ) ;
#8247 = DIRECTION ( 'NONE',  ( 0.3236155771181852825, 0.8891264907159879272, -0.3236155771181851160 ) ) ;
#8248 = ORIENTED_EDGE ( 'NONE', *, *, #4482, .T. ) ;
#8249 = DIRECTION ( 'NONE',  ( -0.3236155771181852825, 0.8891264907159880382, -0.3236155771181852825 ) ) ;
#8250 =( BOUNDED_CURVE ( )  B_SPLINE_CURVE ( 3, ( #7383, #6135, #2224, #5514 ),
 .UNSPECIFIED., .F., .F. ) 
 B_SPLINE_CURVE_WITH_KNOTS ( ( 4, 4 ),
 ( 5.934119456780720725, 6.283185307179586232 ),
 .UNSPECIFIED. ) 
 CURVE ( )  GEOMETRIC_REPRESENTATION_ITEM ( )  RATIONAL_B_SPLINE_CURVE ( ( 1.000000000000000000, 0.9898718353414720506, 0.9898718353414720506, 1.000000000000000000 ) ) 
 REPRESENTATION_ITEM ( '' )  );
#8251 = VECTOR ( 'NONE', #1696, 1000.000000000000000 ) ;
#8252 = ORIENTED_EDGE ( 'NONE', *, *, #4660, .T. ) ;
#8253 = LINE ( 'NONE', #4252, #3074 ) ;
#8254 = DIRECTION ( 'NONE',  ( 1.156482317317870985E-16, -0.000000000000000000, -1.000000000000000000 ) ) ;
#8255 = CARTESIAN_POINT ( 'NONE',  ( -38.06139024397707260, 4.000000000000000000, 100.4082049288789733 ) ) ;
#8256 = DIRECTION ( 'NONE',  ( -0.3420201433256694901, -0.9396926207859082059, 0.000000000000000000 ) ) ;
#8257 = EDGE_CURVE ( 'NONE', #6722, #8504, #1312, .T. ) ;
#8258 = EDGE_CURVE ( 'NONE', #2310, #7433, #195, .T. ) ;
#8259 = EDGE_CURVE ( 'NONE', #5334, #376, #6924, .T. ) ;
#8260 = DIRECTION ( 'NONE',  ( -0.3420201433256694901, -0.9396926207859082059, 0.000000000000000000 ) ) ;
#8261 = ORIENTED_EDGE ( 'NONE', *, *, #2763, .T. ) ;
#8262 = EDGE_CURVE ( 'NONE', #1580, #4278, #239, .T. ) ;
#8263 = CARTESIAN_POINT ( 'NONE',  ( 0.000000000000000000, 4.000000000000000000, 45.98005692213685336 ) ) ;
#8264 = ORIENTED_EDGE ( 'NONE', *, *, #5772, .T. ) ;
#8265 = DIRECTION ( 'NONE',  ( -0.3236155771181852825, 0.8891264907159880382, 0.3236155771181852825 ) ) ;
#8266 = ORIENTED_EDGE ( 'NONE', *, *, #7699, .T. ) ;
#8267 = CIRCLE ( 'NONE', #847, 2.500000000000002220 ) ;
#8268 = EDGE_CURVE ( 'NONE', #7413, #3776, #3589, .T. ) ;
#8269 = FACE_BOUND ( 'NONE', #1520, .T. ) ;
#8270 = CARTESIAN_POINT ( 'NONE',  ( 20.65268375939398027, 4.500000000000000000, 80.69413092550790623 ) ) ;
#8271 = DIRECTION ( 'NONE',  ( 0.000000000000000000, 0.3420201433256694901, 0.9396926207859082059 ) ) ;
#8272 = EDGE_CURVE ( 'NONE', #8344, #5062, #7420, .T. ) ;
#8273 = ORIENTED_EDGE ( 'NONE', *, *, #2387, .F. ) ;
#8274 = DIRECTION ( 'NONE',  ( 1.000000000000000000, -0.000000000000000000, 0.000000000000000000 ) ) ;
#8275 = ORIENTED_EDGE ( 'NONE', *, *, #5787, .F. ) ;
#8276 =( BOUNDED_CURVE ( )  B_SPLINE_CURVE ( 3, ( #1574, #1625, #931, #5382 ),
 .UNSPECIFIED., .F., .F. ) 
 B_SPLINE_CURVE_WITH_KNOTS ( ( 4, 4 ),
 ( 0.000000000000000000, 0.3490658503988640082 ),
 .UNSPECIFIED. ) 
 CURVE ( )  GEOMETRIC_REPRESENTATION_ITEM ( )  RATIONAL_B_SPLINE_CURVE ( ( 1.000000000000000000, 0.9898718353414720506, 0.9898718353414720506, 1.000000000000000000 ) ) 
 REPRESENTATION_ITEM ( '' )  );
#8277 = VECTOR ( 'NONE', #4678, 1000.000000000000000 ) ;
#8278 = EDGE_CURVE ( 'NONE', #3733, #6847, #4273, .T. ) ;
#8279 = CARTESIAN_POINT ( 'NONE',  ( 37.15268375939399448, -7.500000000000000000, 101.9441309255079062 ) ) ;
#8280 = DIRECTION ( 'NONE',  ( 1.000000000000000000, -0.000000000000000000, -0.000000000000000000 ) ) ;
#8281 = DIRECTION ( 'NONE',  ( -0.000000000000000000, -0.000000000000000000, -1.000000000000000000 ) ) ;
#8282 = DIRECTION ( 'NONE',  ( 1.000000000000000000, -0.000000000000000000, 5.782411586589359857E-17 ) ) ;
#8283 = ORIENTED_EDGE ( 'NONE', *, *, #4585, .T. ) ;
#8284 = AXIS2_PLACEMENT_3D ( 'NONE', #128, #810, #90 ) ;
#8285 = VECTOR ( 'NONE', #2113, 1000.000000000000000 ) ;
#8286 = DIRECTION ( 'NONE',  ( 0.000000000000000000, -0.000000000000000000, -1.000000000000000000 ) ) ;
#8287 = CARTESIAN_POINT ( 'NONE',  ( 36.07386454395158637, 4.500000000000000000, 81.11531171006551233 ) ) ;
#8288 = VERTEX_POINT ( 'NONE', #6906 ) ;
#8289 = CARTESIAN_POINT ( 'NONE',  ( 0.000000000000000000, 0.000000000000000000, 0.000000000000000000 ) ) ;
#8290 = ORIENTED_EDGE ( 'NONE', *, *, #1499, .F. ) ;
#8291 = CARTESIAN_POINT ( 'NONE',  ( 48.90268375939397316, 0.000000000000000000, -38.30586907449209377 ) ) ;
#8292 = VECTOR ( 'NONE', #6636, 1000.000000000000000 ) ;
#8293 = ORIENTED_EDGE ( 'NONE', *, *, #441, .T. ) ;
#8294 = CARTESIAN_POINT ( 'NONE',  ( -39.48518229480393416, 0.000000000000000000, 61.19413092550791333 ) ) ;
#8295 = VECTOR ( 'NONE', #4800, 1000.000000000000000 ) ;
#8296 = FACE_OUTER_BOUND ( 'NONE', #6218, .T. ) ;
#8297 = AXIS2_PLACEMENT_3D ( 'NONE', #2500, #471, #561 ) ;
#8298 = DIRECTION ( 'NONE',  ( -1.151683635503274519E-16, 0.000000000000000000, -1.000000000000000000 ) ) ;
#8299 = VECTOR ( 'NONE', #4538, 1000.000000000000000 ) ;
#8300 = ORIENTED_EDGE ( 'NONE', *, *, #6979, .T. ) ;
#8301 = DIRECTION ( 'NONE',  ( -1.000000000000000000, 0.000000000000000000, 0.000000000000000000 ) ) ;
#8302 = VERTEX_POINT ( 'NONE', #3412 ) ;
#8303 = CARTESIAN_POINT ( 'NONE',  ( 20.43860975602291674, 4.292893218813452094, 61.40820492887896620 ) ) ;
#8304 = VECTOR ( 'NONE', #5785, 1000.000000000000000 ) ;
#8305 = VERTEX_POINT ( 'NONE', #6822 ) ;
#8306 = EDGE_CURVE ( 'NONE', #951, #1498, #6536, .T. ) ;
#8307 = EDGE_CURVE ( 'NONE', #1157, #3563, #8002, .T. ) ;
#8308 = AXIS2_PLACEMENT_3D ( 'NONE', #53, #6463, #8439 ) ;
#8309 = PLANE ( 'NONE',  #4834 ) ;
#8310 = LINE ( 'NONE', #403, #1589 ) ;
#8311 = CARTESIAN_POINT ( 'NONE',  ( 27.15268375939398737, 0.000000000000000000, -51.80586907449210088 ) ) ;
#8312 = AXIS2_PLACEMENT_3D ( 'NONE', #2694, #5299, #1152 ) ;
#8313 = CARTESIAN_POINT ( 'NONE',  ( -46.09731624060602684, 0.000000000000000000, -1.096924524745305033E-14 ) ) ;
#8314 = DIRECTION ( 'NONE',  ( 1.000000000000000000, 0.000000000000000000, 4.625929269271465206E-16 ) ) ;
#8315 = CARTESIAN_POINT ( 'NONE',  ( -3.133242237234963312, 3.941525029986321815, 84.98005692213685336 ) ) ;
#8316 = ORIENTED_EDGE ( 'NONE', *, *, #1019, .T. ) ;
#8317 = ORIENTED_EDGE ( 'NONE', *, *, #6488, .T. ) ;
#8318 = EDGE_CURVE ( 'NONE', #6575, #7395, #4817, .T. ) ;
#8319 = VECTOR ( 'NONE', #5613, 1000.000000000000000 ) ;
#8320 = EDGE_CURVE ( 'NONE', #896, #873, #8276, .T. ) ;
#8321 = CARTESIAN_POINT ( 'NONE',  ( -39.34731624060601263, 0.000000000000000000, 101.9441309255079062 ) ) ;
#8322 = LINE ( 'NONE', #6994, #6196 ) ;
#8323 = DIRECTION ( 'NONE',  ( 1.000000000000000000, 0.000000000000000000, 4.625929269271465206E-16 ) ) ;
#8324 = CARTESIAN_POINT ( 'NONE',  ( -3.133242237234968197, 4.000000000000000000, 22.40820492887896975 ) ) ;
#8325 = EDGE_LOOP ( 'NONE', ( #5655, #4813, #2587, #3308 ) ) ;
#8326 = ORIENTED_EDGE ( 'NONE', *, *, #683, .F. ) ;
#8327 = EDGE_CURVE ( 'NONE', #5542, #8014, #8044, .T. ) ;
#8328 = PLANE ( 'NONE',  #3359 ) ;
#8329 = DIRECTION ( 'NONE',  ( 1.151683635503274765E-16, 0.000000000000000000, 1.000000000000000000 ) ) ;
#8330 = CARTESIAN_POINT ( 'NONE',  ( 0.000000000000000000, 4.000000000000000000, 6.480056922136859576 ) ) ;
#8331 = ORIENTED_EDGE ( 'NONE', *, *, #654, .F. ) ;
#8332 = DIRECTION ( 'NONE',  ( -0.000000000000000000, -0.000000000000000000, 1.000000000000000000 ) ) ;
#8333 = EDGE_LOOP ( 'NONE', ( #652, #1278, #2578, #3226 ) ) ;
#8334 = ORIENTED_EDGE ( 'NONE', *, *, #5116, .F. ) ;
#8335 = ORIENTED_EDGE ( 'NONE', *, *, #3998, .T. ) ;
#8336 = CARTESIAN_POINT ( 'NONE',  ( 0.4386097560229211823, 4.500000000000000000, 81.40820492887897331 ) ) ;
#8337 = CARTESIAN_POINT ( 'NONE',  ( 19.93860975602303753, 4.000000000000000000, 2.305864961474224380E-14 ) ) ;
#8338 = LINE ( 'NONE', #5070, #3769 ) ;
#8339 = LINE ( 'NONE', #5072, #4300 ) ;
#8340 = ORIENTED_EDGE ( 'NONE', *, *, #6236, .T. ) ;
#8341 = DIRECTION ( 'NONE',  ( 0.000000000000000000, 0.000000000000000000, 1.000000000000000000 ) ) ;
#8342 = EDGE_LOOP ( 'NONE', ( #7613, #3146, #821, #5235 ) ) ;
#8343 = CARTESIAN_POINT ( 'NONE',  ( 20.65268375939399803, 3.828989928337163562, 84.94990323252980602 ) ) ;
#8344 = VERTEX_POINT ( 'NONE', #5562 ) ;
#8345 = CARTESIAN_POINT ( 'NONE',  ( 0.4386097560229337278, 4.500000000000000000, 84.48005692213685336 ) ) ;
#8346 =( BOUNDED_CURVE ( )  B_SPLINE_CURVE ( 3, ( #4488, #2476, #3256, #2649 ),
 .UNSPECIFIED., .F., .F. ) 
 B_SPLINE_CURVE_WITH_KNOTS ( ( 4, 4 ),
 ( 0.000000000000000000, 1.570796326794896558 ),
 .UNSPECIFIED. ) 
 CURVE ( )  GEOMETRIC_REPRESENTATION_ITEM ( )  RATIONAL_B_SPLINE_CURVE ( ( 1.000000000000000000, 0.8047378541243649375, 0.8047378541243649375, 1.000000000000000000 ) ) 
 REPRESENTATION_ITEM ( '' )  );
#8347 = DIRECTION ( 'NONE',  ( 0.000000000000000000, 1.000000000000000000, -0.000000000000000000 ) ) ;
#8348 = CARTESIAN_POINT ( 'NONE',  ( 20.65268375939398382, 3.828989928337163562, 65.44990323252980602 ) ) ;
#8349 = CARTESIAN_POINT ( 'NONE',  ( 1.152683759393978935, 4.500000000000000000, 22.19413092550791688 ) ) ;
#8350 = EDGE_CURVE ( 'NONE', #3447, #4265, #1596, .T. ) ;
#8351 = CARTESIAN_POINT ( 'NONE',  ( 0.9084560664158750631, 3.828989928337164450, 61.43835861848602065 ) ) ;
#8352 = DIRECTION ( 'NONE',  ( 1.000000000000000000, 0.000000000000000000, 4.625929269271465206E-16 ) ) ;
#8353 = FACE_OUTER_BOUND ( 'NONE', #5399, .T. ) ;
#8354 = ORIENTED_EDGE ( 'NONE', *, *, #932, .F. ) ;
#8355 = EDGE_LOOP ( 'NONE', ( #1897, #88, #2817, #7846 ) ) ;
#8356 = CYLINDRICAL_SURFACE ( 'NONE', #854, 0.5000000000000004441 ) ;
#8357 = DIRECTION ( 'NONE',  ( 0.000000000000000000, 0.000000000000000000, 1.000000000000000000 ) ) ;
#8358 = ADVANCED_FACE ( 'NONE', ( #2908 ), #2869, .F. ) ;
#8359 = FACE_OUTER_BOUND ( 'NONE', #1885, .T. ) ;
#8360 = CARTESIAN_POINT ( 'NONE',  ( -18.34731624060601973, 0.000000000000000000, 101.8319969797058206 ) ) ;
#8361 = EDGE_CURVE ( 'NONE', #4114, #5881, #6081, .T. ) ;
#8362 = ADVANCED_FACE ( 'NONE', ( #1670 ), #1485, .F. ) ;
#8363 = EDGE_LOOP ( 'NONE', ( #3528, #6540, #5197, #6366 ) ) ;
#8364 = VERTEX_POINT ( 'NONE', #6730 ) ;
#8365 = EDGE_CURVE ( 'NONE', #6014, #1041, #4274, .T. ) ;
#8366 = DIRECTION ( 'NONE',  ( -1.000000000000000000, 0.000000000000000000, -0.000000000000000000 ) ) ;
#8367 = DIRECTION ( 'NONE',  ( 0.000000000000000000, -0.000000000000000000, -1.000000000000000000 ) ) ;
#8368 = CARTESIAN_POINT ( 'NONE',  ( 20.40845606641587295, 3.828989928337164006, 22.43835861848602065 ) ) ;
#8369 = DIRECTION ( 'NONE',  ( 0.000000000000000000, 0.000000000000000000, 1.000000000000000000 ) ) ;
#8370 = ADVANCED_FACE ( 'NONE', ( #7515 ), #1708, .T. ) ;
#8371 =( BOUNDED_CURVE ( )  B_SPLINE_CURVE ( 3, ( #5860, #7966, #2079, #8481 ),
 .UNSPECIFIED., .F., .F. ) 
 B_SPLINE_CURVE_WITH_KNOTS ( ( 4, 4 ),
 ( 0.000000000000000000, 1.570796326794896558 ),
 .UNSPECIFIED. ) 
 CURVE ( )  GEOMETRIC_REPRESENTATION_ITEM ( )  RATIONAL_B_SPLINE_CURVE ( ( 1.000000000000000000, 0.8047378541243649375, 0.8047378541243649375, 1.000000000000000000 ) ) 
 REPRESENTATION_ITEM ( '' )  );
#8372 = ORIENTED_EDGE ( 'NONE', *, *, #1033, .F. ) ;
#8373 = CARTESIAN_POINT ( 'NONE',  ( -22.42613545604841363, 4.500000000000000888, 26.27295014095031433 ) ) ;
#8374 = ORIENTED_EDGE ( 'NONE', *, *, #2550, .T. ) ;
#8375 = ADVANCED_FACE ( 'NONE', ( #6423 ), #4957, .F. ) ;
#8376 = ORIENTED_EDGE ( 'NONE', *, *, #5071, .F. ) ;
#8377 = ORIENTED_EDGE ( 'NONE', *, *, #1333, .T. ) ;
#8378 = CARTESIAN_POINT ( 'NONE',  ( 0.000000000000000000, 4.000000000000000000, 64.98005692213685336 ) ) ;
#8379 = FACE_OUTER_BOUND ( 'NONE', #6455, .T. ) ;
#8380 = CARTESIAN_POINT ( 'NONE',  ( -3.103088547627917748, 3.828989928337166226, 26.44990323252981668 ) ) ;
#8381 = ORIENTED_EDGE ( 'NONE', *, *, #8262, .F. ) ;
#8382 = CARTESIAN_POINT ( 'NONE',  ( 16.86675776276504024, 4.500000000000000000, 61.90820492887897331 ) ) ;
#8383 = ORIENTED_EDGE ( 'NONE', *, *, #8015, .F. ) ;
#8384 = CARTESIAN_POINT ( 'NONE',  ( 19.93860975602294161, 4.500000000000000000, 4.611729922948426514E-15 ) ) ;
#8385 = PLANE ( 'NONE',  #8408 ) ;
#8386 = ORIENTED_EDGE ( 'NONE', *, *, #4160, .F. ) ;
#8388 = LINE ( 'NONE', #6181, #1836 ) ;
#8387 = VECTOR ( 'NONE', #1787, 1000.000000000000000 ) ;
#8389 = CYLINDRICAL_SURFACE ( 'NONE', #7348, 0.5000000000000004441 ) ;
#8390 = CARTESIAN_POINT ( 'NONE',  ( -0.4851822948039330452, 4.336808689942017736E-16, 44.55626487130999891 ) ) ;
#8391 = DIRECTION ( 'NONE',  ( 0.3236155771181853935, 0.8891264907159879272, -0.3236155771181852270 ) ) ;
#8392 = CARTESIAN_POINT ( 'NONE',  ( -22.13324223723496686, 4.500000000000000000, 42.40820492887897331 ) ) ;
#8393 = DIRECTION ( 'NONE',  ( 2.312964634635742957E-16, -0.000000000000000000, -1.000000000000000000 ) ) ;
#8394 = AXIS2_PLACEMENT_3D ( 'NONE', #8438, #2600, #2727 ) ;
#8395 = CARTESIAN_POINT ( 'NONE',  ( 16.36675776276503669, 4.000000000000000000, 65.48005692213685336 ) ) ;
#8396 = ORIENTED_EDGE ( 'NONE', *, *, #2932, .T. ) ;
#8397 = ORIENTED_EDGE ( 'NONE', *, *, #3534, .F. ) ;
#8398 =( BOUNDED_CURVE ( )  B_SPLINE_CURVE ( 3, ( #1355, #4105, #5961, #78 ),
 .UNSPECIFIED., .F., .F. ) 
 B_SPLINE_CURVE_WITH_KNOTS ( ( 4, 4 ),
 ( 5.934119456780721613, 6.283185307179586232 ),
 .UNSPECIFIED. ) 
 CURVE ( )  GEOMETRIC_REPRESENTATION_ITEM ( )  RATIONAL_B_SPLINE_CURVE ( ( 1.000000000000000000, 0.9898718353414720506, 0.9898718353414720506, 1.000000000000000000 ) ) 
 REPRESENTATION_ITEM ( '' )  );
#8399 = LINE ( 'NONE', #1189, #3331 ) ;
#8400 = VECTOR ( 'NONE', #4723, 1000.000000000000000 ) ;
#8401 = CARTESIAN_POINT ( 'NONE',  ( -18.34731624060602684, 4.500000000000000000, 46.19413092550791333 ) ) ;
#8402 = CARTESIAN_POINT ( 'NONE',  ( -37.84731624060601973, 4.500000000000000000, 80.69413092550790623 ) ) ;
#8403 = CARTESIAN_POINT ( 'NONE',  ( -39.34731624060601263, -7.500000000000000000, 101.9441309255079062 ) ) ;
#8404 = CARTESIAN_POINT ( 'NONE',  ( 19.93860975602294161, 4.000000000000000000, 4.611729922948426514E-15 ) ) ;
#8405 = CARTESIAN_POINT ( 'NONE',  ( -18.34731624060601973, 0.000000000000000000, 23.83199697970583131 ) ) ;
#8406 = ORIENTED_EDGE ( 'NONE', *, *, #165, .F. ) ;
#8407 = CYLINDRICAL_SURFACE ( 'NONE', #5989, 0.5000000000000004441 ) ;
#8408 = AXIS2_PLACEMENT_3D ( 'NONE', #7184, #1250, #1294 ) ;
#8409 = EDGE_CURVE ( 'NONE', #6755, #397, #2469, .T. ) ;
#8410 = EDGE_CURVE ( 'NONE', #992, #2778, #5082, .T. ) ;
#8411 = DIRECTION ( 'NONE',  ( -0.3420201433256694901, 0.9396926207859082059, 0.000000000000000000 ) ) ;
#8412 = LINE ( 'NONE', #7089, #3439 ) ;
#8413 = AXIS2_PLACEMENT_3D ( 'NONE', #5328, #3317, #97 ) ;
#8414 = VERTEX_POINT ( 'NONE', #7713 ) ;
#8415 = DIRECTION ( 'NONE',  ( 1.156482317317871478E-16, -0.000000000000000000, -1.000000000000000000 ) ) ;
#8416 = VECTOR ( 'NONE', #7619, 1000.000000000000000 ) ;
#8417 = ORIENTED_EDGE ( 'NONE', *, *, #2477, .F. ) ;
#8418 = VERTEX_POINT ( 'NONE', #1015 ) ;
#8419 = ORIENTED_EDGE ( 'NONE', *, *, #7018, .T. ) ;
#8420 = DIRECTION ( 'NONE',  ( 0.000000000000000000, 0.000000000000000000, 1.000000000000000000 ) ) ;
#8421 = AXIS2_PLACEMENT_3D ( 'NONE', #5111, #5797, #4383 ) ;
#8422 = EDGE_CURVE ( 'NONE', #6579, #1736, #2431, .T. ) ;
#8423 = VECTOR ( 'NONE', #8134, 1000.000000000000000 ) ;
#8424 = FACE_OUTER_BOUND ( 'NONE', #8234, .T. ) ;
#8425 = EDGE_CURVE ( 'NONE', #7451, #397, #6032, .T. ) ;
#8426 =( BOUNDED_CURVE ( )  B_SPLINE_CURVE ( 3, ( #3500, #275, #2906, #6079 ),
 .UNSPECIFIED., .F., .F. ) 
 B_SPLINE_CURVE_WITH_KNOTS ( ( 4, 4 ),
 ( 0.000000000000000000, 1.570796326794896558 ),
 .UNSPECIFIED. ) 
 CURVE ( )  GEOMETRIC_REPRESENTATION_ITEM ( )  RATIONAL_B_SPLINE_CURVE ( ( 1.000000000000000000, 0.8047378541243649375, 0.8047378541243649375, 1.000000000000000000 ) ) 
 REPRESENTATION_ITEM ( '' )  );
#8427 = CARTESIAN_POINT ( 'NONE',  ( -39.48518229480392705, 4.336808689942017736E-16, 83.55626487131000601 ) ) ;
#8428 = EDGE_LOOP ( 'NONE', ( #5866, #1473 ) ) ;
#8429 = CARTESIAN_POINT ( 'NONE',  ( 44.37806992294500930, 4.500000000000000000, 27.37770686201808701 ) ) ;
#8430 = AXIS2_PLACEMENT_3D ( 'NONE', #534, #7678, #7114 ) ;
#8431 = ORIENTED_EDGE ( 'NONE', *, *, #1499, .T. ) ;
#8432 = DIRECTION ( 'NONE',  ( -0.000000000000000000, -1.000000000000000000, -0.000000000000000000 ) ) ;
#8433 = FACE_OUTER_BOUND ( 'NONE', #7824, .T. ) ;
#8434 = EDGE_CURVE ( 'NONE', #1204, #4759, #6953, .T. ) ;
#8435 = AXIS2_PLACEMENT_3D ( 'NONE', #3020, #2303, #2339 ) ;
#8436 = CARTESIAN_POINT ( 'NONE',  ( 36.36675776276504735, 4.500000000000000000, 42.40820492887896620 ) ) ;
#8437 = DIRECTION ( 'NONE',  ( 0.000000000000000000, 0.9396926207859082059, 0.3420201433256694901 ) ) ;
#8438 = CARTESIAN_POINT ( 'NONE',  ( -37.84731624060601973, 4.500000000000000000, 61.19413092550791333 ) ) ;
#8439 = DIRECTION ( 'NONE',  ( 1.000000000000000000, 0.000000000000000000, 0.000000000000000000 ) ) ;
#8440 = DIRECTION ( 'NONE',  ( -4.625929269271485914E-16, 0.000000000000000000, 1.000000000000000000 ) ) ;
#8441 = CARTESIAN_POINT ( 'NONE',  ( -1.097316240606028837, 4.500000000000000000, -12.64576011232859720 ) ) ;
#8442 = CARTESIAN_POINT ( 'NONE',  ( -37.84731624060601263, 3.828989928337163562, 84.94990323252980602 ) ) ;
#8443 = ORIENTED_EDGE ( 'NONE', *, *, #3742, .F. ) ;
#8444 = AXIS2_PLACEMENT_3D ( 'NONE', #8404, #5775, #7686 ) ;
#8445 = ORIENTED_EDGE ( 'NONE', *, *, #5571, .F. ) ;
#8447 = DIRECTION ( 'NONE',  ( 1.000000000000000000, 0.000000000000000000, 1.011922027653137390E-16 ) ) ;
#8446 = AXIS2_PLACEMENT_3D ( 'NONE', #4931, #8209, #7483 ) ;
#8448 = CARTESIAN_POINT ( 'NONE',  ( 0.9084560664158749521, 3.828989928337164450, 22.43835861848602065 ) ) ;
#8449 = CARTESIAN_POINT ( 'NONE',  ( -4.036156202161741067E-16, 4.000000000000000000, 6.980056922136858688 ) ) ;
#8450 = VECTOR ( 'NONE', #3295, 1000.000000000000000 ) ;
#8451 = FACE_OUTER_BOUND ( 'NONE', #5105, .T. ) ;
#8452 = DIRECTION ( 'NONE',  ( 2.312964634635742957E-16, -0.000000000000000000, -1.000000000000000000 ) ) ;
#8453 = ORIENTED_EDGE ( 'NONE', *, *, #3481, .T. ) ;
#8454 = ORIENTED_EDGE ( 'NONE', *, *, #5747, .F. ) ;
#8455 = VECTOR ( 'NONE', #8329, 1000.000000000000000 ) ;
#8456 = CARTESIAN_POINT ( 'NONE',  ( 0.000000000000000000, 4.000000000000000000, 80.90820492887897331 ) ) ;
#8457 = PLANE ( 'NONE',  #1052 ) ;
#8458 = CARTESIAN_POINT ( 'NONE',  ( -51.09731624060602684, 0.000000000000000000, -33.30586907449208667 ) ) ;
#8459 = DIRECTION ( 'NONE',  ( -0.9396926207859082059, 0.3420201433256694901, 0.000000000000000000 ) ) ;
#8460 = ORIENTED_EDGE ( 'NONE', *, *, #6076, .F. ) ;
#8461 = DIRECTION ( 'NONE',  ( -0.000000000000000000, -0.000000000000000000, -1.000000000000000000 ) ) ;
#8462 = ADVANCED_FACE ( 'NONE', ( #5003 ), #7677, .T. ) ;
#8463 = VERTEX_POINT ( 'NONE', #6378 ) ;
#8464 = VERTEX_POINT ( 'NONE', #1828 ) ;
#8465 = ORIENTED_EDGE ( 'NONE', *, *, #5208, .F. ) ;
#8466 = CARTESIAN_POINT ( 'NONE',  ( 43.90268375939398027, 0.000000000000000000, -7.615901617580645118E-15 ) ) ;
#8467 = LINE ( 'NONE', #3783, #7324 ) ;
#8468 = CARTESIAN_POINT ( 'NONE',  ( 55.40268375939399448, 0.000000000000000000, -2.552254569946283358E-14 ) ) ;
#8469 = CARTESIAN_POINT ( 'NONE',  ( -51.09731624060602684, 4.500000000000000000, -33.30586907449208667 ) ) ;
#8470 = EDGE_CURVE ( 'NONE', #6204, #8090, #7640, .T. ) ;
#8471 = EDGE_CURVE ( 'NONE', #3026, #4774, #2353, .T. ) ;
#8472 = ORIENTED_EDGE ( 'NONE', *, *, #8052, .T. ) ;
#8473 = DIRECTION ( 'NONE',  ( 1.000000000000000000, -0.000000000000000000, -9.251858538542969855E-16 ) ) ;
#8474 = EDGE_LOOP ( 'NONE', ( #5280, #3094, #6176, #5834 ) ) ;
#8475 = DIRECTION ( 'NONE',  ( -1.000000000000000000, 0.000000000000000000, 0.000000000000000000 ) ) ;
#8476 = EDGE_CURVE ( 'NONE', #7139, #3649, #6949, .T. ) ;
#8477 =( BOUNDED_CURVE ( )  B_SPLINE_CURVE ( 3, ( #6459, #3639, #2509, #653 ),
 .UNSPECIFIED., .F., .F. ) 
 B_SPLINE_CURVE_WITH_KNOTS ( ( 4, 4 ),
 ( 3.141592653589793116, 3.490658503988654626 ),
 .UNSPECIFIED. ) 
 CURVE ( )  GEOMETRIC_REPRESENTATION_ITEM ( )  RATIONAL_B_SPLINE_CURVE ( ( 1.000000000000000000, 0.9898718353414723836, 0.9898718353414723836, 1.000000000000000000 ) ) 
 REPRESENTATION_ITEM ( '' )  );
#8478 = CARTESIAN_POINT ( 'NONE',  ( 20.43860975602291674, 4.292893218813452094, 45.98005692213685336 ) ) ;
#8479 = CARTESIAN_POINT ( 'NONE',  ( 20.43860975602292740, 3.941525029986321815, 65.48005692213685336 ) ) ;
#8480 = EDGE_CURVE ( 'NONE', #2538, #2384, #5684, .T. ) ;
#8481 = CARTESIAN_POINT ( 'NONE',  ( -22.13324223723496686, 4.500000000000000000, 81.40820492887897331 ) ) ;
#8482 = CARTESIAN_POINT ( 'NONE',  ( -21.20945018640810531, 8.673617379884035472E-16, 44.55626487130999891 ) ) ;
#8483 = DIRECTION ( 'NONE',  ( 0.3236155771181851160, 0.8891264907159879272, 0.3236155771181852825 ) ) ;
#8484 = CARTESIAN_POINT ( 'NONE',  ( -19.06139024397708681, 4.500000000000000000, 0.000000000000000000 ) ) ;
#8485 = EDGE_LOOP ( 'NONE', ( #4790, #5233, #1792, #2969 ) ) ;
#8486 = EDGE_CURVE ( 'NONE', #7045, #708, #3160, .T. ) ;
#8487 = VERTEX_POINT ( 'NONE', #2515 ) ;
#8488 = DIRECTION ( 'NONE',  ( 0.000000000000000000, 0.000000000000000000, 1.000000000000000000 ) ) ;
#8489 = DIRECTION ( 'NONE',  ( 0.9396926207859082059, 0.3420201433256694901, 1.086737899652991001E-16 ) ) ;
#8490 = FACE_OUTER_BOUND ( 'NONE', #7979, .T. ) ;
#8491 = LINE ( 'NONE', #2611, #7774 ) ;
#8492 = ORIENTED_EDGE ( 'NONE', *, *, #7342, .T. ) ;
#8493 = EDGE_LOOP ( 'NONE', ( #5969, #6406, #7277, #5958 ) ) ;
#8494 = CARTESIAN_POINT ( 'NONE',  ( 0.000000000000000000, 4.000000000000000000, 81.40820492887897331 ) ) ;
#8495 = LINE ( 'NONE', #1892, #4424 ) ;
#8496 = DIRECTION ( 'NONE',  ( -0.000000000000000000, -1.000000000000000000, -0.000000000000000000 ) ) ;
#8497 = DIRECTION ( 'NONE',  ( -0.9396926207859082059, 0.3420201433256694901, 0.000000000000000000 ) ) ;
#8498 = CARTESIAN_POINT ( 'NONE',  ( -3.133242237234963756, 4.292893218813452094, 100.4082049288789875 ) ) ;
#8499 = LINE ( 'NONE', #6574, #8299 ) ;
#8500 = VERTEX_POINT ( 'NONE', #5128 ) ;
#8501 = FACE_OUTER_BOUND ( 'NONE', #4977, .T. ) ;
#8502 = EDGE_LOOP ( 'NONE', ( #2142, #6284, #2216, #507 ) ) ;
#8503 = ORIENTED_EDGE ( 'NONE', *, *, #3492, .T. ) ;
#8504 = VERTEX_POINT ( 'NONE', #1749 ) ;
#8505 = CARTESIAN_POINT ( 'NONE',  ( -22.63324223723496331, 4.000000000000000000, 61.40820492887896620 ) ) ;
ENDSEC;
END-ISO-10303-21;
