ISO-10303-21;
HEADER;
FILE_DESCRIPTION (( 'STEP AP214' ),
    '1' );
FILE_NAME ('Calculator_Body_V2.STEP',
    '2026-10-08T06:07:19',
    ( '' ),
    ( '' ),
    'SwSTEP 2.0',
    'SolidWorks 2024',
    '' );
FILE_SCHEMA (( 'AUTOMOTIVE_DESIGN' ));
ENDSEC;

DATA;
#1 = CARTESIAN_POINT ( 'NONE',  ( -43.59731624060600552, 12.00000000000000000, 96.19413092550787781 ) ) ;
#2 = DIRECTION ( 'NONE',  ( 1.000000000000000000, 0.000000000000000000, -1.541976423090495387E-16 ) ) ;
#3 = EDGE_CURVE ( 'NONE', #2390, #915, #480, .T. ) ;
#4 = DIRECTION ( 'NONE',  ( -8.788338571682101024E-17, 0.000000000000000000, -1.000000000000000000 ) ) ;
#5 = LINE ( 'NONE', #439, #2647 ) ;
#6 = ORIENTED_EDGE ( 'NONE', *, *, #2700, .T. ) ;
#7 = EDGE_CURVE ( 'NONE', #194, #478, #1743, .T. ) ;
#8 = DIRECTION ( 'NONE',  ( 0.000000000000000000, -0.000000000000000000, 1.000000000000000000 ) ) ;
#9 = VERTEX_POINT ( 'NONE', #865 ) ;
#10 = CIRCLE ( 'NONE', #2316, 3.500000000000003109 ) ;
#11 = LINE ( 'NONE', #888, #1876 ) ;
#12 = VERTEX_POINT ( 'NONE', #687 ) ;
#13 = AXIS2_PLACEMENT_3D ( 'NONE', #1052, #1670, #2292 ) ;
#14 = CARTESIAN_POINT ( 'NONE',  ( -57.12193007705499781, 15.00000000000000000, 9.260554988997700576 ) ) ;
#15 = VERTEX_POINT ( 'NONE', #2183 ) ;
#16 = CARTESIAN_POINT ( 'NONE',  ( -57.59731624060602684, 15.00000000000000000, -48.30586907449208667 ) ) ;
#17 = FACE_OUTER_BOUND ( 'NONE', #1130, .T. ) ;
#18 = EDGE_CURVE ( 'NONE', #741, #788, #450, .T. ) ;
#19 = CARTESIAN_POINT ( 'NONE',  ( -54.09731624060601973, 5.000000000000000000, -48.30586907449208667 ) ) ;
#20 = LINE ( 'NONE', #870, #1863 ) ;
#21 = CIRCLE ( 'NONE', #995, 3.500000000000003109 ) ;
#22 = VERTEX_POINT ( 'NONE', #62 ) ;
#23 = DIRECTION ( 'NONE',  ( 0.5031907286678237723, 0.000000000000000000, -0.8641753818425659261 ) ) ;
#24 = ORIENTED_EDGE ( 'NONE', *, *, #749, .F. ) ;
#25 = VECTOR ( 'NONE', #1400, 1000.000000000000000 ) ;
#26 = PLANE ( 'NONE',  #2504 ) ;
#27 = ORIENTED_EDGE ( 'NONE', *, *, #1820, .F. ) ;
#28 = AXIS2_PLACEMENT_3D ( 'NONE', #1034, #389, #2523 ) ;
#29 = CIRCLE ( 'NONE', #2554, 3.500000000000000000 ) ;
#30 = PLANE ( 'NONE',  #1177 ) ;
#31 = ORIENTED_EDGE ( 'NONE', *, *, #2717, .F. ) ;
#32 = CARTESIAN_POINT ( 'NONE',  ( 25.39289455655446659, 5.000000000000000000, 101.5715782262177811 ) ) ;
#33 = VERTEX_POINT ( 'NONE', #2144 ) ;
#34 = CYLINDRICAL_SURFACE ( 'NONE', #935, 3.500000000000003109 ) ;
#35 = PLANE ( 'NONE',  #1744 ) ;
#36 = EDGE_CURVE ( 'NONE', #2587, #1991, #1333, .T. ) ;
#37 = CARTESIAN_POINT ( 'NONE',  ( 41.40268375939400158, 15.00000000000000000, 27.68317820982386834 ) ) ;
#38 = ORIENTED_EDGE ( 'NONE', *, *, #2517, .F. ) ;
#39 = LINE ( 'NONE', #1532, #2418 ) ;
#40 = VERTEX_POINT ( 'NONE', #1562 ) ;
#41 = CARTESIAN_POINT ( 'NONE',  ( 41.40268375939400158, 12.00000000000000000, 96.19413092550787781 ) ) ;
#42 = VERTEX_POINT ( 'NONE', #2368 ) ;
#43 = FACE_OUTER_BOUND ( 'NONE', #1485, .T. ) ;
#44 = ORIENTED_EDGE ( 'NONE', *, *, #2309, .F. ) ;
#45 = ADVANCED_FACE ( 'NONE', ( #2352 ), #465, .T. ) ;
#46 = VERTEX_POINT ( 'NONE', #286 ) ;
#47 = CARTESIAN_POINT ( 'NONE',  ( -31.84731624060603039, 0.000000000000000000, -7.690135754659451983 ) ) ;
#48 = EDGE_CURVE ( 'NONE', #1462, #2425, #1970, .T. ) ;
#49 = ADVANCED_FACE ( 'NONE', ( #1526 ), #275, .T. ) ;
#50 = CYLINDRICAL_SURFACE ( 'NONE', #1267, 3.499999999999999556 ) ;
#51 = EDGE_CURVE ( 'NONE', #915, #270, #2714, .T. ) ;
#52 = VERTEX_POINT ( 'NONE', #1932 ) ;
#53 = FACE_BOUND ( 'NONE', #2196, .T. ) ;
#54 = ORIENTED_EDGE ( 'NONE', *, *, #2019, .F. ) ;
#55 = FACE_OUTER_BOUND ( 'NONE', #1697, .T. ) ;
#56 = ADVANCED_FACE ( 'NONE', ( #1715 ), #34, .F. ) ;
#57 = ORIENTED_EDGE ( 'NONE', *, *, #1298, .F. ) ;
#58 = CARTESIAN_POINT ( 'NONE',  ( -21.84731624060602684, 12.00000000000000355, -5.130869074492109938 ) ) ;
#59 = ORIENTED_EDGE ( 'NONE', *, *, #2187, .F. ) ;
#60 = AXIS2_PLACEMENT_3D ( 'NONE', #2711, #1851, #2057 ) ;
#61 = ORIENTED_EDGE ( 'NONE', *, *, #1035, .F. ) ;
#62 = CARTESIAN_POINT ( 'NONE',  ( -46.09731624060600552, 0.000000000000000000, 29.13887441235550568 ) ) ;
#63 = DIRECTION ( 'NONE',  ( -0.000000000000000000, 1.000000000000000000, -0.000000000000000000 ) ) ;
#64 = VECTOR ( 'NONE', #2, 1000.000000000000000 ) ;
#65 = EDGE_LOOP ( 'NONE', ( #2180, #735, #2728, #1847 ) ) ;
#66 = CIRCLE ( 'NONE', #2284, 3.500000000000003109 ) ;
#67 = CARTESIAN_POINT ( 'NONE',  ( -55.09731624060601263, 5.000000000000000000, 1.358270396802680928E-14 ) ) ;
#68 = VERTEX_POINT ( 'NONE', #16 ) ;
#69 = CARTESIAN_POINT ( 'NONE',  ( 51.90268375939396606, 15.00000000000000000, -51.80586907449210088 ) ) ;
#70 = EDGE_CURVE ( 'NONE', #182, #788, #2140, .T. ) ;
#71 = VERTEX_POINT ( 'NONE', #2573 ) ;
#72 = ORIENTED_EDGE ( 'NONE', *, *, #1574, .T. ) ;
#73 = DIRECTION ( 'NONE',  ( 0.000000000000000000, -1.000000000000000000, 0.000000000000000000 ) ) ;
#74 = DIRECTION ( 'NONE',  ( 0.000000000000000000, -1.000000000000000000, 0.000000000000000000 ) ) ;
#75 = FACE_BOUND ( 'NONE', #2161, .T. ) ;
#76 = CARTESIAN_POINT ( 'NONE',  ( 52.90268375939401579, 12.00000000000000355, -13.63086907449209662 ) ) ;
#77 = ORIENTED_EDGE ( 'NONE', *, *, #2245, .F. ) ;
#78 = CYLINDRICAL_SURFACE ( 'NONE', #864, 2.499999999999998668 ) ;
#79 = DIRECTION ( 'NONE',  ( 0.000000000000000000, 0.000000000000000000, 1.000000000000000000 ) ) ;
#80 = ORIENTED_EDGE ( 'NONE', *, *, #1878, .T. ) ;
#81 = EDGE_CURVE ( 'NONE', #2520, #1115, #810, .T. ) ;
#82 = ORIENTED_EDGE ( 'NONE', *, *, #1864, .F. ) ;
#83 = CARTESIAN_POINT ( 'NONE',  ( 54.92729759584297966, 0.000000000000000000, 9.260554988997697023 ) ) ;
#84 = AXIS2_PLACEMENT_3D ( 'NONE', #318, #731, #1583 ) ;
#85 = LINE ( 'NONE', #1345, #604 ) ;
#86 = AXIS2_PLACEMENT_3D ( 'NONE', #646, #606, #1688 ) ;
#87 = CARTESIAN_POINT ( 'NONE',  ( -31.84731624060603039, 12.00000000000000355, -7.630869074492109050 ) ) ;
#88 = EDGE_CURVE ( 'NONE', #921, #1311, #2430, .T. ) ;
#89 = DIRECTION ( 'NONE',  ( 1.000000000000000000, 0.000000000000000000, 0.000000000000000000 ) ) ;
#90 = AXIS2_PLACEMENT_3D ( 'NONE', #2241, #560, #1794 ) ;
#91 = ORIENTED_EDGE ( 'NONE', *, *, #1407, .T. ) ;
#92 = CARTESIAN_POINT ( 'NONE',  ( 55.40268375939399448, 0.000000000000000000, 7.499387438660307659 ) ) ;
#93 = DIRECTION ( 'NONE',  ( 1.000000000000000000, 0.000000000000000000, -1.734723475976807094E-16 ) ) ;
#94 = ORIENTED_EDGE ( 'NONE', *, *, #1298, .T. ) ;
#95 = ORIENTED_EDGE ( 'NONE', *, *, #373, .F. ) ;
#96 = DIRECTION ( 'NONE',  ( 0.000000000000000000, 1.000000000000000000, 0.000000000000000000 ) ) ;
#97 = VECTOR ( 'NONE', #892, 1000.000000000000000 ) ;
#98 = AXIS2_PLACEMENT_3D ( 'NONE', #1513, #1790, #228 ) ;
#99 = CARTESIAN_POINT ( 'NONE',  ( -55.09731624060601973, 12.00000000000000355, -13.63086907449211438 ) ) ;
#100 = ORIENTED_EDGE ( 'NONE', *, *, #144, .F. ) ;
#101 = LINE ( 'NONE', #332, #1710 ) ;
#102 = ADVANCED_FACE ( 'NONE', ( #2010 ), #2240, .T. ) ;
#103 = AXIS2_PLACEMENT_3D ( 'NONE', #2027, #972, #1039 ) ;
#104 =( LENGTH_UNIT ( ) NAMED_UNIT ( * ) SI_UNIT ( .MILLI., .METRE. ) );
#105 = DIRECTION ( 'NONE',  ( 0.000000000000000000, -1.000000000000000000, 0.000000000000000000 ) ) ;
#106 = VECTOR ( 'NONE', #2635, 1000.000000000000000 ) ;
#107 = CARTESIAN_POINT ( 'NONE',  ( -46.57270240415702744, 0.000000000000000000, 27.37770686201812609 ) ) ;
#108 = LINE ( 'NONE', #954, #326 ) ;
#109 = VERTEX_POINT ( 'NONE', #2252 ) ;
#110 = VECTOR ( 'NONE', #507, 1000.000000000000000 ) ;
#111 = ORIENTED_EDGE ( 'NONE', *, *, #2432, .T. ) ;
#112 = AXIS2_PLACEMENT_3D ( 'NONE', #978, #966, #2633 ) ;
#113 = CARTESIAN_POINT ( 'NONE',  ( -54.09731624060601263, 0.000000000000000000, 7.499387438660326310 ) ) ;
#114 = AXIS2_PLACEMENT_3D ( 'NONE', #1261, #204, #2104 ) ;
#115 = DIRECTION ( 'NONE',  ( 0.000000000000000000, 1.000000000000000000, -0.000000000000000000 ) ) ;
#116 = ORIENTED_EDGE ( 'NONE', *, *, #1981, .F. ) ;
#117 = CIRCLE ( 'NONE', #1321, 2.499999999999998224 ) ;
#118 = DIRECTION ( 'NONE',  ( 0.000000000000000000, 0.000000000000000000, 1.000000000000000000 ) ) ;
#119 = CARTESIAN_POINT ( 'NONE',  ( 48.90268375939400869, 12.00000000000000000, -47.80586907449209377 ) ) ;
#120 = EDGE_CURVE ( 'NONE', #46, #2378, #1079, .T. ) ;
#121 = LINE ( 'NONE', #538, #1381 ) ;
#122 = DIRECTION ( 'NONE',  ( 0.000000000000000000, 0.000000000000000000, 1.000000000000000000 ) ) ;
#123 = DIRECTION ( 'NONE',  ( 0.8641753818425663702, 0.000000000000000000, -0.5031907286678231062 ) ) ;
#124 = FACE_OUTER_BOUND ( 'NONE', #790, .T. ) ;
#125 = ORIENTED_EDGE ( 'NONE', *, *, #1024, .T. ) ;
#126 = ORIENTED_EDGE ( 'NONE', *, *, #833, .T. ) ;
#127 = EDGE_CURVE ( 'NONE', #1410, #2529, #723, .T. ) ;
#128 = DIRECTION ( 'NONE',  ( -0.000000000000000000, -1.000000000000000000, 0.000000000000000000 ) ) ;
#129 = CARTESIAN_POINT ( 'NONE',  ( -46.09731624060601973, 15.00000000000000000, 1.199491449931592968E-14 ) ) ;
#130 = LINE ( 'NONE', #2015, #514 ) ;
#131 = DIRECTION ( 'NONE',  ( 0.000000000000000000, 0.000000000000000000, 1.000000000000000000 ) ) ;
#132 = ADVANCED_BREP_SHAPE_REPRESENTATION ( 'Calculator_Body_V2', ( #2056, #603 ), #1361 ) ;
#133 = AXIS2_PLACEMENT_3D ( 'NONE', #371, #1178, #2002 ) ;
#134 = EDGE_CURVE ( 'NONE', #2666, #1276, #148, .T. ) ;
#135 = CARTESIAN_POINT ( 'NONE',  ( -57.12193007705499781, 5.000000000000000000, 9.260554988997704129 ) ) ;
#136 = DIRECTION ( 'NONE',  ( 0.000000000000000000, -1.000000000000000000, 0.000000000000000000 ) ) ;
#137 = CARTESIAN_POINT ( 'NONE',  ( -51.59731624060601263, 12.00000000000000355, -0.1308690744921091331 ) ) ;
#138 = DIRECTION ( 'NONE',  ( 0.000000000000000000, 1.000000000000000000, -0.000000000000000000 ) ) ;
#139 = VERTEX_POINT ( 'NONE', #83 ) ;
#140 = EDGE_CURVE ( 'NONE', #1395, #2666, #532, .T. ) ;
#141 = ORIENTED_EDGE ( 'NONE', *, *, #2098, .T. ) ;
#142 = DIRECTION ( 'NONE',  ( 3.965082230804130614E-15, 0.000000000000000000, 1.000000000000000000 ) ) ;
#143 = LINE ( 'NONE', #1835, #1620 ) ;
#144 = EDGE_CURVE ( 'NONE', #2153, #2667, #1413, .T. ) ;
#145 = DIRECTION ( 'NONE',  ( 0.000000000000000000, 0.000000000000000000, 1.000000000000000000 ) ) ;
#146 = VECTOR ( 'NONE', #2675, 1000.000000000000000 ) ;
#147 = DIRECTION ( 'NONE',  ( 0.000000000000000000, 0.000000000000000000, -1.000000000000000000 ) ) ;
#148 = CIRCLE ( 'NONE', #590, 2.499999999999998224 ) ;
#149 = CARTESIAN_POINT ( 'NONE',  ( 49.40268375939400869, 5.000000000000000000, -0.1308690744920970039 ) ) ;
#150 = CARTESIAN_POINT ( 'NONE',  ( -35.52818593026789529, 12.00000000000000000, 103.1941309255078920 ) ) ;
#151 = DIRECTION ( 'NONE',  ( 0.000000000000000000, 0.000000000000000000, -1.000000000000000000 ) ) ;
#152 = ORIENTED_EDGE ( 'NONE', *, *, #1334, .T. ) ;
#153 = CARTESIAN_POINT ( 'NONE',  ( 43.11454910002520080, 12.00000000000000355, -6.630869074492097504 ) ) ;
#154 = VERTEX_POINT ( 'NONE', #2224 ) ;
#155 = EDGE_CURVE ( 'NONE', #1057, #1749, #2497, .T. ) ;
#156 = AXIS2_PLACEMENT_3D ( 'NONE', #1366, #733, #1586 ) ;
#157 = ORIENTED_EDGE ( 'NONE', *, *, #2197, .T. ) ;
#158 = VECTOR ( 'NONE', #1190, 1000.000000000000000 ) ;
#159 = DIRECTION ( 'NONE',  ( 8.788338571682099792E-17, 0.000000000000000000, -1.000000000000000000 ) ) ;
#160 = LINE ( 'NONE', #344, #1183 ) ;
#161 = DIRECTION ( 'NONE',  ( 0.000000000000000000, 1.000000000000000000, 0.000000000000000000 ) ) ;
#162 = DIRECTION ( 'NONE',  ( -0.000000000000000000, 1.000000000000000000, -0.000000000000000000 ) ) ;
#163 = LINE ( 'NONE', #577, #1120 ) ;
#164 = DIRECTION ( 'NONE',  ( 0.000000000000000000, -1.000000000000000000, 0.000000000000000000 ) ) ;
#165 = DIRECTION ( 'NONE',  ( 0.000000000000000000, 0.000000000000000000, 1.000000000000000000 ) ) ;
#166 = VERTEX_POINT ( 'NONE', #2417 ) ;
#167 = LINE ( 'NONE', #181, #1197 ) ;
#168 = ORIENTED_EDGE ( 'NONE', *, *, #373, .T. ) ;
#169 = ADVANCED_FACE ( 'NONE', ( #2624 ), #1170, .F. ) ;
#170 = ORIENTED_EDGE ( 'NONE', *, *, #1003, .F. ) ;
#171 = EDGE_CURVE ( 'NONE', #1309, #805, #1616, .T. ) ;
#172 = CARTESIAN_POINT ( 'NONE',  ( -31.84731624060603039, 12.00000000000000355, -5.130869074492109938 ) ) ;
#173 = DIRECTION ( 'NONE',  ( 0.000000000000000000, 0.000000000000000000, 1.000000000000000000 ) ) ;
#174 = LINE ( 'NONE', #1890, #2125 ) ;
#175 = LINE ( 'NONE', #1626, #283 ) ;
#176 = ADVANCED_FACE ( 'NONE', ( #1834 ), #2657, .T. ) ;
#177 = AXIS2_PLACEMENT_3D ( 'NONE', #1855, #2704, #800 ) ;
#178 = FACE_OUTER_BOUND ( 'NONE', #1886, .T. ) ;
#179 = CARTESIAN_POINT ( 'NONE',  ( -51.09731624060602684, 0.000000000000000000, -42.80586907449207956 ) ) ;
#180 = ORIENTED_EDGE ( 'NONE', *, *, #1084, .F. ) ;
#181 = CARTESIAN_POINT ( 'NONE',  ( 1.402683759393974938, 5.000000000000000000, -2.433268446792131423E-16 ) ) ;
#182 = VERTEX_POINT ( 'NONE', #776 ) ;
#183 = VERTEX_POINT ( 'NONE', #1156 ) ;
#184 = FACE_OUTER_BOUND ( 'NONE', #522, .T. ) ;
#185 = FACE_OUTER_BOUND ( 'NONE', #2295, .T. ) ;
#186 = ADVANCED_FACE ( 'NONE', ( #1200 ), #1793, .F. ) ;
#187 = DIRECTION ( 'NONE',  ( -0.000000000000000000, -1.000000000000000000, -0.000000000000000000 ) ) ;
#188 = LINE ( 'NONE', #2044, #1455 ) ;
#189 = AXIS2_PLACEMENT_3D ( 'NONE', #1917, #1587, #2412 ) ;
#190 = DIRECTION ( 'NONE',  ( 0.000000000000000000, -1.000000000000000000, 0.000000000000000000 ) ) ;
#191 = VERTEX_POINT ( 'NONE', #739 ) ;
#192 = CARTESIAN_POINT ( 'NONE',  ( -23.51532123857142764, 12.00000000000000000, 102.5896296760165569 ) ) ;
#193 = VERTEX_POINT ( 'NONE', #520 ) ;
#194 = VERTEX_POINT ( 'NONE', #2668 ) ;
#195 = LINE ( 'NONE', #2742, #2322 ) ;
#196 = VECTOR ( 'NONE', #1015, 1000.000000000000000 ) ;
#197 = VERTEX_POINT ( 'NONE', #1631 ) ;
#198 = VECTOR ( 'NONE', #436, 1000.000000000000000 ) ;
#199 = CARTESIAN_POINT ( 'NONE',  ( -39.34731624060599842, 0.000000000000000000, 101.9441309255078920 ) ) ;
#200 = VECTOR ( 'NONE', #1520, 1000.000000000000000 ) ;
#201 = DIRECTION ( 'NONE',  ( 0.000000000000000000, 1.000000000000000000, -0.000000000000000000 ) ) ;
#202 = CARTESIAN_POINT ( 'NONE',  ( 43.90268375939400158, 0.000000000000000000, 104.6941309255078920 ) ) ;
#203 = EDGE_CURVE ( 'NONE', #1509, #1115, #942, .T. ) ;
#204 = DIRECTION ( 'NONE',  ( 0.000000000000000000, 1.000000000000000000, -0.000000000000000000 ) ) ;
#205 = ORIENTED_EDGE ( 'NONE', *, *, #2552, .F. ) ;
#206 = DIRECTION ( 'NONE',  ( 0.000000000000000000, 1.000000000000000000, -0.000000000000000000 ) ) ;
#207 = VERTEX_POINT ( 'NONE', #1144 ) ;
#208 = CARTESIAN_POINT ( 'NONE',  ( 52.90268375939400869, 12.00000000000000000, -41.30586907449208667 ) ) ;
#209 = EDGE_LOOP ( 'NONE', ( #815, #1898, #2334, #656 ) ) ;
#210 = CARTESIAN_POINT ( 'NONE',  ( 20.47181406973220774, 5.000000000000001776, 102.6941309255078920 ) ) ;
#211 = ADVANCED_FACE ( 'NONE', ( #1602 ), #2442, .T. ) ;
#212 = DIRECTION ( 'NONE',  ( 0.000000000000000000, 0.000000000000000000, 1.000000000000000000 ) ) ;
#213 = EDGE_CURVE ( 'NONE', #2440, #197, #1702, .T. ) ;
#214 = ADVANCED_FACE ( 'NONE', ( #624 ), #1012, .T. ) ;
#215 = DIRECTION ( 'NONE',  ( 0.9701425001453318764, 0.000000000000000000, 0.2425356250363331634 ) ) ;
#216 = CYLINDRICAL_SURFACE ( 'NONE', #778, 2.559266680167342045 ) ;
#217 = CIRCLE ( 'NONE', #1768, 3.499999999999999556 ) ;
#218 = ORIENTED_EDGE ( 'NONE', *, *, #2269, .F. ) ;
#219 = CYLINDRICAL_SURFACE ( 'NONE', #1757, 1.500000000000001332 ) ;
#220 = ORIENTED_EDGE ( 'NONE', *, *, #1092, .T. ) ;
#221 = CIRCLE ( 'NONE', #1337, 3.500000000000000444 ) ;
#222 = LINE ( 'NONE', #2597, #906 ) ;
#223 = EDGE_CURVE ( 'NONE', #154, #2420, #2068, .T. ) ;
#224 = ORIENTED_EDGE ( 'NONE', *, *, #2309, .T. ) ;
#225 = CARTESIAN_POINT ( 'NONE',  ( -39.34731624060599842, 12.00000000000000000, 101.9441309255078920 ) ) ;
#226 = ORIENTED_EDGE ( 'NONE', *, *, #1634, .F. ) ;
#227 = DIRECTION ( 'NONE',  ( 0.000000000000000000, 0.000000000000000000, 1.000000000000000000 ) ) ;
#228 = DIRECTION ( 'NONE',  ( 0.000000000000000000, 0.000000000000000000, 1.000000000000000000 ) ) ;
#229 = VECTOR ( 'NONE', #2669, 1000.000000000000000 ) ;
#230 = PRODUCT_RELATED_PRODUCT_CATEGORY ( 'part', '', ( #557 ) ) ;
#231 = CARTESIAN_POINT ( 'NONE',  ( 0.000000000000000000, 12.00000000000000000, 102.6941309255078920 ) ) ;
#232 = DIRECTION ( 'NONE',  ( 0.000000000000000000, 0.000000000000000000, 1.000000000000000000 ) ) ;
#233 = ORIENTED_EDGE ( 'NONE', *, *, #618, .T. ) ;
#234 = FACE_OUTER_BOUND ( 'NONE', #65, .T. ) ;
#235 = VECTOR ( 'NONE', #1302, 1000.000000000000000 ) ;
#236 = AXIS2_PLACEMENT_3D ( 'NONE', #1818, #2048, #969 ) ;
#237 = ORIENTED_EDGE ( 'NONE', *, *, #544, .T. ) ;
#238 = CARTESIAN_POINT ( 'NONE',  ( -55.09731624060602684, 12.00000000000000000, -49.30586907449208667 ) ) ;
#239 = ORIENTED_EDGE ( 'NONE', *, *, #833, .F. ) ;
#240 = CARTESIAN_POINT ( 'NONE',  ( -6.362396975355915854E-15, 5.000000000000000000, -51.80586907449210088 ) ) ;
#241 = ORIENTED_EDGE ( 'NONE', *, *, #2753, .T. ) ;
#242 = AXIS2_PLACEMENT_3D ( 'NONE', #559, #984, #299 ) ;
#243 = DIRECTION ( 'NONE',  ( 0.000000000000000000, 0.000000000000000000, 1.000000000000000000 ) ) ;
#244 = EDGE_CURVE ( 'NONE', #1395, #2588, #1570, .T. ) ;
#245 = VERTEX_POINT ( 'NONE', #1463 ) ;
#246 = LINE ( 'NONE', #2562, #2156 ) ;
#247 = CARTESIAN_POINT ( 'NONE',  ( 0.000000000000000000, 12.00000000000000000, 99.69413092550787781 ) ) ;
#248 = CARTESIAN_POINT ( 'NONE',  ( -39.34731624060599842, 12.00000000000000000, 101.9441309255078920 ) ) ;
#249 = AXIS2_PLACEMENT_3D ( 'NONE', #2229, #2445, #549 ) ;
#250 = ORIENTED_EDGE ( 'NONE', *, *, #1124, .T. ) ;
#251 = DIRECTION ( 'NONE',  ( 0.000000000000000000, 1.000000000000000000, 0.000000000000000000 ) ) ;
#252 = VERTEX_POINT ( 'NONE', #1451 ) ;
#253 = AXIS2_PLACEMENT_3D ( 'NONE', #1922, #455, #2152 ) ;
#254 = DIRECTION ( 'NONE',  ( -0.000000000000000000, -1.000000000000000000, -0.000000000000000000 ) ) ;
#255 = ORIENTED_EDGE ( 'NONE', *, *, #2383, .F. ) ;
#256 = VECTOR ( 'NONE', #1419, 1000.000000000000000 ) ;
#257 = AXIS2_PLACEMENT_3D ( 'NONE', #813, #190, #2524 ) ;
#258 = CARTESIAN_POINT ( 'NONE',  ( 49.40268375939400869, 58.09772228646443182, -13.63086907449209662 ) ) ;
#259 = VERTEX_POINT ( 'NONE', #2537 ) ;
#260 = ORIENTED_EDGE ( 'NONE', *, *, #1245, .F. ) ;
#261 = EDGE_LOOP ( 'NONE', ( #1652, #265, #530, #2499 ) ) ;
#262 = EDGE_CURVE ( 'NONE', #2124, #274, #2748, .T. ) ;
#263 = PLANE ( 'NONE',  #1179 ) ;
#264 = EDGE_CURVE ( 'NONE', #52, #1241, #2032, .T. ) ;
#265 = ORIENTED_EDGE ( 'NONE', *, *, #2090, .T. ) ;
#266 = FACE_BOUND ( 'NONE', #405, .T. ) ;
#267 = ORIENTED_EDGE ( 'NONE', *, *, #2085, .T. ) ;
#268 = CARTESIAN_POINT ( 'NONE',  ( 52.90268375939400869, 15.00000000000000000, -49.30586907449210088 ) ) ;
#269 = ADVANCED_FACE ( 'NONE', ( #1681 ), #1212, .F. ) ;
#270 = VERTEX_POINT ( 'NONE', #1653 ) ;
#271 = CARTESIAN_POINT ( 'NONE',  ( 43.11454910002520080, 12.00000000000000355, -3.630869074492097059 ) ) ;
#272 = EDGE_LOOP ( 'NONE', ( #1533, #1326, #1507, #404 ) ) ;
#273 = CIRCLE ( 'NONE', #1153, 1.500000000000001332 ) ;
#274 = VERTEX_POINT ( 'NONE', #2515 ) ;
#275 = CYLINDRICAL_SURFACE ( 'NONE', #2365, 3.500000000000003109 ) ;
#276 = DIRECTION ( 'NONE',  ( 0.000000000000000000, 1.000000000000000000, -0.000000000000000000 ) ) ;
#277 = EDGE_CURVE ( 'NONE', #166, #912, #839, .T. ) ;
#278 = ORIENTED_EDGE ( 'NONE', *, *, #1487, .F. ) ;
#279 = LINE ( 'NONE', #886, #1406 ) ;
#280 = ORIENTED_EDGE ( 'NONE', *, *, #1669, .F. ) ;
#281 = DIRECTION ( 'NONE',  ( 1.151683635503274765E-16, 0.000000000000000000, 1.000000000000000000 ) ) ;
#282 = VERTEX_POINT ( 'NONE', #831 ) ;
#283 = VECTOR ( 'NONE', #1840, 1000.000000000000000 ) ;
#284 = VECTOR ( 'NONE', #616, 1000.000000000000000 ) ;
#285 = ORIENTED_EDGE ( 'NONE', *, *, #2181, .F. ) ;
#286 = CARTESIAN_POINT ( 'NONE',  ( -57.12193007705499781, 0.000000000000000000, 9.260554988997700576 ) ) ;
#287 = DIRECTION ( 'NONE',  ( 0.000000000000000000, 0.000000000000000000, -1.000000000000000000 ) ) ;
#288 = CARTESIAN_POINT ( 'NONE',  ( -46.09731624060599131, 0.000000000000000000, 104.6941309255078920 ) ) ;
#289 = VECTOR ( 'NONE', #1101, 1000.000000000000000 ) ;
#290 = CIRCLE ( 'NONE', #249, 2.499999999999998224 ) ;
#291 = EDGE_CURVE ( 'NONE', #1512, #2356, #414, .T. ) ;
#292 = DIRECTION ( 'NONE',  ( -0.5031907286678238833, 0.000000000000000000, 0.8641753818425658151 ) ) ;
#293 = ORIENTED_EDGE ( 'NONE', *, *, #1191, .T. ) ;
#294 = DIRECTION ( 'NONE',  ( 0.000000000000000000, 0.000000000000000000, 1.000000000000000000 ) ) ;
#295 = FACE_OUTER_BOUND ( 'NONE', #2394, .T. ) ;
#296 = VERTEX_POINT ( 'NONE', #192 ) ;
#297 = VERTEX_POINT ( 'NONE', #1264 ) ;
#298 = AXIS2_PLACEMENT_3D ( 'NONE', #1854, #1679, #1020 ) ;
#299 = DIRECTION ( 'NONE',  ( -1.000000000000000000, 0.000000000000000000, -0.000000000000000000 ) ) ;
#300 = CARTESIAN_POINT ( 'NONE',  ( -35.52818593026789529, 12.00000000000000000, 99.69413092550787781 ) ) ;
#301 = ADVANCED_FACE ( 'NONE', ( #1694 ), #2278, .F. ) ;
#302 = PLANE ( 'NONE',  #509 ) ;
#303 = ADVANCED_FACE ( 'NONE', ( #2314 ), #2750, .T. ) ;
#304 = DIRECTION ( 'NONE',  ( 0.000000000000000000, 0.000000000000000000, 1.000000000000000000 ) ) ;
#305 = VERTEX_POINT ( 'NONE', #1238 ) ;
#306 = DIRECTION ( 'NONE',  ( 0.000000000000000000, 0.000000000000000000, 1.000000000000000000 ) ) ;
#307 = CARTESIAN_POINT ( 'NONE',  ( 51.90268375939396606, 5.000000000000000000, -48.30586907449210088 ) ) ;
#308 = ORIENTED_EDGE ( 'NONE', *, *, #2482, .F. ) ;
#309 = ORIENTED_EDGE ( 'NONE', *, *, #2306, .T. ) ;
#310 = EDGE_CURVE ( 'NONE', #499, #2378, #2330, .T. ) ;
#311 = DIRECTION ( 'NONE',  ( 0.000000000000000000, 0.000000000000000000, 1.000000000000000000 ) ) ;
#312 = DIRECTION ( 'NONE',  ( 0.000000000000000000, 0.000000000000000000, 1.000000000000000000 ) ) ;
#313 = ORIENTED_EDGE ( 'NONE', *, *, #761, .T. ) ;
#314 = CIRCLE ( 'NONE', #926, 3.500000000000003109 ) ;
#315 = CARTESIAN_POINT ( 'NONE',  ( 0.000000000000000000, 0.000000000000000000, 0.000000000000000000 ) ) ;
#316 = CARTESIAN_POINT ( 'NONE',  ( -21.84731624060602684, 12.00000000000000355, -2.630869074492111714 ) ) ;
#317 = DIRECTION ( 'NONE',  ( 0.000000000000000000, 0.000000000000000000, 1.000000000000000000 ) ) ;
#318 = CARTESIAN_POINT ( 'NONE',  ( 37.15268375939399448, 12.00000000000000000, 101.9441309255078920 ) ) ;
#319 = AXIS2_PLACEMENT_3D ( 'NONE', #2443, #2658, #2282 ) ;
#320 = ORIENTED_EDGE ( 'NONE', *, *, #442, .F. ) ;
#321 = LINE ( 'NONE', #2620, #2414 ) ;
#322 = CARTESIAN_POINT ( 'NONE',  ( 43.90268375939398027, 5.000000000000000000, -7.615901617580645118E-15 ) ) ;
#323 = ORIENTED_EDGE ( 'NONE', *, *, #2306, .F. ) ;
#324 = ORIENTED_EDGE ( 'NONE', *, *, #783, .T. ) ;
#325 = DIRECTION ( 'NONE',  ( 0.000000000000000000, 0.000000000000000000, 1.000000000000000000 ) ) ;
#326 = VECTOR ( 'NONE', #644, 1000.000000000000000 ) ;
#327 = EDGE_CURVE ( 'NONE', #2743, #2667, #167, .T. ) ;
#328 = CARTESIAN_POINT ( 'NONE',  ( -34.67931124264072196, 12.00000000000000000, 99.79863217499922712 ) ) ;
#329 = EDGE_LOOP ( 'NONE', ( #1578, #1601, #722, #364 ) ) ;
#330 = CARTESIAN_POINT ( 'NONE',  ( -2.097316240606025506, 12.00000000000000355, -0.1308690744921091331 ) ) ;
#331 = AXIS2_PLACEMENT_3D ( 'NONE', #673, #762, #2455 ) ;
#332 = CARTESIAN_POINT ( 'NONE',  ( -43.59731624060600552, 15.00000000000000000, 27.68317820982385769 ) ) ;
#333 = DIRECTION ( 'NONE',  ( 2.465220612327489274E-16, 0.000000000000000000, 1.000000000000000000 ) ) ;
#334 = CARTESIAN_POINT ( 'NONE',  ( 45.04656229815405055, 5.000000000000000000, 26.22964386981126239 ) ) ;
#335 = EDGE_CURVE ( 'NONE', #33, #962, #217, .T. ) ;
#336 = DIRECTION ( 'NONE',  ( 0.5031907286678232172, 0.000000000000000000, 0.8641753818425661482 ) ) ;
#337 = FACE_BOUND ( 'NONE', #2696, .T. ) ;
#338 = EDGE_LOOP ( 'NONE', ( #2403, #2026 ) ) ;
#339 = ORIENTED_EDGE ( 'NONE', *, *, #335, .F. ) ;
#340 = AXIS2_PLACEMENT_3D ( 'NONE', #1940, #1082, #703 ) ;
#341 = CARTESIAN_POINT ( 'NONE',  ( 43.90268375939398027, 0.000000000000000000, -7.615901617580645118E-15 ) ) ;
#342 = CYLINDRICAL_SURFACE ( 'NONE', #1388, 3.500000000000000000 ) ;
#343 = EDGE_CURVE ( 'NONE', #891, #2609, #1846, .T. ) ;
#344 = CARTESIAN_POINT ( 'NONE',  ( 51.90268375939396606, 5.000000000000000000, -51.80586907449210088 ) ) ;
#345 = DIRECTION ( 'NONE',  ( -0.000000000000000000, -1.000000000000000000, -0.000000000000000000 ) ) ;
#346 = EDGE_CURVE ( 'NONE', #695, #955, #2122, .T. ) ;
#347 = CARTESIAN_POINT ( 'NONE',  ( -55.09731624060601263, 15.00000000000000000, 1.358270396802680928E-14 ) ) ;
#348 = LINE ( 'NONE', #768, #985 ) ;
#349 = CARTESIAN_POINT ( 'NONE',  ( -55.09731624060601263, 5.000000000000000000, -13.63086907449211438 ) ) ;
#350 = DIRECTION ( 'NONE',  ( -1.000000000000000000, 0.000000000000000000, 1.284980352575412206E-16 ) ) ;
#351 = ORIENTED_EDGE ( 'NONE', *, *, #1204, .T. ) ;
#352 = EDGE_CURVE ( 'NONE', #413, #2070, #793, .T. ) ;
#353 = ORIENTED_EDGE ( 'NONE', *, *, #992, .F. ) ;
#354 = DIRECTION ( 'NONE',  ( -0.000000000000000000, -1.000000000000000000, 0.000000000000000000 ) ) ;
#355 = DIRECTION ( 'NONE',  ( 0.000000000000000000, 0.000000000000000000, 1.000000000000000000 ) ) ;
#356 = VECTOR ( 'NONE', #2154, 1000.000000000000000 ) ;
#357 = FACE_OUTER_BOUND ( 'NONE', #1411, .T. ) ;
#358 = CIRCLE ( 'NONE', #2035, 3.500000000000000000 ) ;
#359 = SURFACE_STYLE_FILL_AREA ( #2257 ) ;
#360 = PLANE ( 'NONE',  #854 ) ;
#361 = EDGE_CURVE ( 'NONE', #568, #2520, #666, .T. ) ;
#362 = DIRECTION ( 'NONE',  ( 0.000000000000000000, 0.000000000000000000, -1.000000000000000000 ) ) ;
#363 = FACE_BOUND ( 'NONE', #2541, .T. ) ;
#364 = ORIENTED_EDGE ( 'NONE', *, *, #1129, .T. ) ;
#365 = VERTEX_POINT ( 'NONE', #1339 ) ;
#366 = ORIENTED_EDGE ( 'NONE', *, *, #1701, .T. ) ;
#367 = DIRECTION ( 'NONE',  ( -0.000000000000000000, 1.000000000000000000, -0.000000000000000000 ) ) ;
#368 = CIRCLE ( 'NONE', #189, 3.499999999999999556 ) ;
#369 = FACE_OUTER_BOUND ( 'NONE', #1953, .T. ) ;
#370 = VECTOR ( 'NONE', #1678, 1000.000000000000114 ) ;
#371 = CARTESIAN_POINT ( 'NONE',  ( 40.40268375939400158, 0.000000000000000000, 104.6941309255078920 ) ) ;
#372 = AXIS2_PLACEMENT_3D ( 'NONE', #2209, #354, #2641 ) ;
#373 = EDGE_CURVE ( 'NONE', #2667, #2008, #2476, .T. ) ;
#374 = DIRECTION ( 'NONE',  ( -1.000000000000000000, 0.000000000000000000, 0.000000000000000000 ) ) ;
#375 = CARTESIAN_POINT ( 'NONE',  ( -6.335707302737796451E-15, 5.000000000000000000, -49.30586907449209377 ) ) ;
#376 = ADVANCED_FACE ( 'NONE', ( #2581 ), #1748, .F. ) ;
#377 = CARTESIAN_POINT ( 'NONE',  ( -51.09731624060602684, 12.00000000000000000, -45.30586907449209377 ) ) ;
#378 = ORIENTED_EDGE ( 'NONE', *, *, #2738, .T. ) ;
#379 = CARTESIAN_POINT ( 'NONE',  ( -51.59731624060601263, 4.999999999999997335, 3.369130925507890950 ) ) ;
#380 = ORIENTED_EDGE ( 'NONE', *, *, #1519, .F. ) ;
#381 = VERTEX_POINT ( 'NONE', #898 ) ;
#382 = CARTESIAN_POINT ( 'NONE',  ( 49.40268375939400869, 15.00000000000000000, 3.369130925507902941 ) ) ;
#383 = APPLICATION_CONTEXT ( 'automotive_design' ) ;
#384 = CARTESIAN_POINT ( 'NONE',  ( -47.09731624060600552, 5.000000000000000888, 27.68317820982385769 ) ) ;
#385 = EDGE_CURVE ( 'NONE', #2654, #2236, #279, .T. ) ;
#386 = VECTOR ( 'NONE', #1690, 1000.000000000000000 ) ;
#387 = AXIS2_PLACEMENT_3D ( 'NONE', #1650, #2677, #1208 ) ;
#388 = LINE ( 'NONE', #2285, #289 ) ;
#389 = DIRECTION ( 'NONE',  ( -0.000000000000000000, -1.000000000000000000, 0.000000000000000000 ) ) ;
#390 = FACE_OUTER_BOUND ( 'NONE', #1055, .T. ) ;
#391 = CARTESIAN_POINT ( 'NONE',  ( -31.84731624060603039, 58.09772228646443182, -5.130869074492109938 ) ) ;
#392 = ORIENTED_EDGE ( 'NONE', *, *, #2184, .T. ) ;
#393 = CARTESIAN_POINT ( 'NONE',  ( 55.40268375939399448, 0.000000000000000000, 7.499387438660307659 ) ) ;
#394 = VERTEX_POINT ( 'NONE', #681 ) ;
#395 = ORIENTED_EDGE ( 'NONE', *, *, #2671, .F. ) ;
#396 = DIRECTION ( 'NONE',  ( -4.606734542013097089E-16, 0.000000000000000000, -1.000000000000000000 ) ) ;
#397 = ADVANCED_FACE ( 'NONE', ( #443, #474, #1065 ), #2551, .T. ) ;
#398 = PLANE ( 'NONE',  #730 ) ;
#399 = DIRECTION ( 'NONE',  ( -0.000000000000000000, -1.000000000000000000, 0.000000000000000000 ) ) ;
#400 = CARTESIAN_POINT ( 'NONE',  ( -54.09731624060601263, 15.00000000000000000, 7.499387438660326310 ) ) ;
#401 = DIRECTION ( 'NONE',  ( 0.000000000000000000, -1.000000000000000000, 0.000000000000000000 ) ) ;
#402 = ORIENTED_EDGE ( 'NONE', *, *, #2277, .T. ) ;
#403 = DIRECTION ( 'NONE',  ( 0.000000000000000000, 0.000000000000000000, 1.000000000000000000 ) ) ;
#404 = ORIENTED_EDGE ( 'NONE', *, *, #1763, .F. ) ;
#405 = EDGE_LOOP ( 'NONE', ( #2593, #958 ) ) ;
#406 = CARTESIAN_POINT ( 'NONE',  ( 48.40268375939401579, 5.000000000000000000, -44.80586907449209377 ) ) ;
#407 = ORIENTED_EDGE ( 'NONE', *, *, #51, .F. ) ;
#408 = DIRECTION ( 'NONE',  ( -0.000000000000000000, -1.000000000000000000, 0.000000000000000000 ) ) ;
#409 = ADVANCED_FACE ( 'NONE', ( #1534 ), #219, .F. ) ;
#410 = CARTESIAN_POINT ( 'NONE',  ( -43.59731624060602684, 12.00000000000000355, -0.1308690744921091331 ) ) ;
#411 = CARTESIAN_POINT ( 'NONE',  ( 43.11454910002520080, 5.000000000000000000, -10.13086907449209662 ) ) ;
#412 = PLANE ( 'NONE',  #114 ) ;
#413 = VERTEX_POINT ( 'NONE', #1907 ) ;
#414 = LINE ( 'NONE', #393, #1287 ) ;
#415 = ADVANCED_FACE ( 'NONE', ( #651 ), #1294, .F. ) ;
#416 = ORIENTED_EDGE ( 'NONE', *, *, #2700, .F. ) ;
#417 = ORIENTED_EDGE ( 'NONE', *, *, #728, .T. ) ;
#418 = CYLINDRICAL_SURFACE ( 'NONE', #1751, 3.499999999999999556 ) ;
#419 = CIRCLE ( 'NONE', #1965, 1.500000000000001332 ) ;
#420 = ORIENTED_EDGE ( 'NONE', *, *, #623, .F. ) ;
#421 = VECTOR ( 'NONE', #1444, 1000.000000000000000 ) ;
#422 = AXIS2_PLACEMENT_3D ( 'NONE', #1767, #713, #1565 ) ;
#423 = LINE ( 'NONE', #1646, #1121 ) ;
#424 = CARTESIAN_POINT ( 'NONE',  ( -51.59731624060601263, 5.000000000000000888, 6.043691236128657884 ) ) ;
#425 = LINE ( 'NONE', #2199, #386 ) ;
#426 = EDGE_CURVE ( 'NONE', #381, #2587, #2135, .T. ) ;
#427 = CYLINDRICAL_SURFACE ( 'NONE', #1843, 2.500000000000002220 ) ;
#428 = ORIENTED_EDGE ( 'NONE', *, *, #2689, .F. ) ;
#429 = DIRECTION ( 'NONE',  ( 1.000000000000000000, 0.000000000000000000, -0.000000000000000000 ) ) ;
#430 = ORIENTED_EDGE ( 'NONE', *, *, #838, .F. ) ;
#431 = CARTESIAN_POINT ( 'NONE',  ( -50.59731624060603394, 12.00000000000000000, -44.80586907449209377 ) ) ;
#432 = ORIENTED_EDGE ( 'NONE', *, *, #618, .F. ) ;
#433 = DIRECTION ( 'NONE',  ( 0.000000000000000000, 0.000000000000000000, -1.000000000000000000 ) ) ;
#434 = ORIENTED_EDGE ( 'NONE', *, *, #1949, .T. ) ;
#435 = CARTESIAN_POINT ( 'NONE',  ( 52.90268375939400869, 12.00000000000000000, -41.30586907449208667 ) ) ;
#436 = DIRECTION ( 'NONE',  ( 0.000000000000000000, -1.000000000000000000, 0.000000000000000000 ) ) ;
#437 = DIRECTION ( 'NONE',  ( 1.000000000000000000, 0.000000000000000000, 0.000000000000000000 ) ) ;
#438 = ORIENTED_EDGE ( 'NONE', *, *, #791, .T. ) ;
#439 = CARTESIAN_POINT ( 'NONE',  ( 42.54656229815407897, 5.000000000000000000, 24.77394766727962150 ) ) ;
#440 = AXIS2_PLACEMENT_3D ( 'NONE', #2695, #1869, #1474 ) ;
#441 = VERTEX_POINT ( 'NONE', #41 ) ;
#442 = EDGE_CURVE ( 'NONE', #2743, #259, #2167, .T. ) ;
#443 = FACE_BOUND ( 'NONE', #1100, .T. ) ;
#444 = ORIENTED_EDGE ( 'NONE', *, *, #1528, .T. ) ;
#445 = COLOUR_RGB ( '',0.7921568627450980005, 0.8196078431372548767, 0.9333333333333333481 ) ;
#446 = PLANE ( 'NONE',  #2059 ) ;
#447 = ORIENTED_EDGE ( 'NONE', *, *, #540, .T. ) ;
#448 = DIRECTION ( 'NONE',  ( 0.000000000000000000, 1.000000000000000000, -0.000000000000000000 ) ) ;
#449 = ORIENTED_EDGE ( 'NONE', *, *, #2458, .T. ) ;
#450 = LINE ( 'NONE', #47, #97 ) ;
#451 = DIRECTION ( 'NONE',  ( -0.000000000000000000, 1.000000000000000000, -0.000000000000000000 ) ) ;
#452 = VECTOR ( 'NONE', #367, 1000.000000000000000 ) ;
#453 = LINE ( 'NONE', #37, #2639 ) ;
#454 = ORIENTED_EDGE ( 'NONE', *, *, #1614, .T. ) ;
#455 = DIRECTION ( 'NONE',  ( -0.000000000000000000, -1.000000000000000000, 0.000000000000000000 ) ) ;
#456 = VECTOR ( 'NONE', #1284, 1000.000000000000000 ) ;
#457 = EDGE_LOOP ( 'NONE', ( #1340, #82 ) ) ;
#458 = CARTESIAN_POINT ( 'NONE',  ( 44.90268375939400158, 15.00000000000000000, 27.68317820982386834 ) ) ;
#459 = ORIENTED_EDGE ( 'NONE', *, *, #1245, .T. ) ;
#460 = ADVANCED_FACE ( 'NONE', ( #1924 ), #26, .T. ) ;
#461 = CARTESIAN_POINT ( 'NONE',  ( -40.09731624060599131, 5.000000000000000888, 96.19413092550787781 ) ) ;
#462 = ORIENTED_EDGE ( 'NONE', *, *, #1240, .F. ) ;
#463 = ORIENTED_EDGE ( 'NONE', *, *, #613, .F. ) ;
#464 = EDGE_CURVE ( 'NONE', #2741, #1280, #1099, .T. ) ;
#465 = CYLINDRICAL_SURFACE ( 'NONE', #2000, 3.500000000000000000 ) ;
#466 = VECTOR ( 'NONE', #336, 1000.000000000000000 ) ;
#467 = DIRECTION ( 'NONE',  ( -1.000000000000000000, 0.000000000000000000, -0.000000000000000000 ) ) ;
#468 = EDGE_CURVE ( 'NONE', #193, #207, #2105, .T. ) ;
#469 = CIRCLE ( 'NONE', #1665, 3.499999999999999556 ) ;
#470 = EDGE_LOOP ( 'NONE', ( #2623, #220, #1573, #1639 ) ) ;
#471 = AXIS2_PLACEMENT_3D ( 'NONE', #1723, #2344, #694 ) ;
#472 = DIRECTION ( 'NONE',  ( 0.000000000000000000, 0.000000000000000000, -1.000000000000000000 ) ) ;
#473 = ORIENTED_EDGE ( 'NONE', *, *, #1453, .T. ) ;
#474 = FACE_OUTER_BOUND ( 'NONE', #1050, .T. ) ;
#475 = ORIENTED_EDGE ( 'NONE', *, *, #155, .T. ) ;
#476 = VECTOR ( 'NONE', #2185, 1000.000000000000000 ) ;
#477 = DIRECTION ( 'NONE',  ( 0.000000000000000000, 0.000000000000000000, 1.000000000000000000 ) ) ;
#478 = VERTEX_POINT ( 'NONE', #268 ) ;
#479 = EDGE_LOOP ( 'NONE', ( #516, #2543, #896, #1695, #2697, #2495, #1858, #486, #1979, #851, #748, #2211, #1373, #94, #1037, #267 ) ) ;
#480 = LINE ( 'NONE', #1946, #1028 ) ;
#481 = ADVANCED_FACE ( 'NONE', ( #55 ), #1707, .F. ) ;
#482 = FACE_OUTER_BOUND ( 'NONE', #1613, .T. ) ;
#483 = DIRECTION ( 'NONE',  ( 0.000000000000000000, 0.000000000000000000, 1.000000000000000000 ) ) ;
#484 = ORIENTED_EDGE ( 'NONE', *, *, #2245, .T. ) ;
#485 = DIRECTION ( 'NONE',  ( 0.000000000000000000, 0.000000000000000000, 1.000000000000000000 ) ) ;
#486 = ORIENTED_EDGE ( 'NONE', *, *, #120, .T. ) ;
#487 = DIRECTION ( 'NONE',  ( -1.228122814850837064E-16, 0.000000000000000000, -1.000000000000000000 ) ) ;
#488 = ORIENTED_EDGE ( 'NONE', *, *, #662, .T. ) ;
#489 = CIRCLE ( 'NONE', #1644, 3.500000000000003109 ) ;
#490 = ORIENTED_EDGE ( 'NONE', *, *, #528, .F. ) ;
#491 = VERTEX_POINT ( 'NONE', #76 ) ;
#492 = DIRECTION ( 'NONE',  ( 1.734723475976807094E-16, 0.000000000000000000, 1.000000000000000000 ) ) ;
#493 = EDGE_CURVE ( 'NONE', #305, #2025, #1147, .T. ) ;
#494 = DIRECTION ( 'NONE',  ( -0.000000000000000000, -1.000000000000000000, 0.000000000000000000 ) ) ;
#495 = LINE ( 'NONE', #2033, #501 ) ;
#496 = ORIENTED_EDGE ( 'NONE', *, *, #562, .T. ) ;
#497 = DIRECTION ( 'NONE',  ( 0.000000000000000000, 0.000000000000000000, -1.000000000000000000 ) ) ;
#498 = DIRECTION ( 'NONE',  ( 0.000000000000000000, 0.000000000000000000, -1.000000000000000000 ) ) ;
#499 = VERTEX_POINT ( 'NONE', #1180 ) ;
#500 = ADVANCED_FACE ( 'NONE', ( #1786 ), #2022, .F. ) ;
#501 = VECTOR ( 'NONE', #136, 1000.000000000000000 ) ;
#502 = ORIENTED_EDGE ( 'NONE', *, *, #702, .T. ) ;
#503 = VECTOR ( 'NONE', #2682, 1000.000000000000000 ) ;
#504 = DIRECTION ( 'NONE',  ( 0.000000000000000000, 0.000000000000000000, 1.000000000000000000 ) ) ;
#505 = EDGE_CURVE ( 'NONE', #1969, #2343, #1596, .T. ) ;
#506 = LINE ( 'NONE', #1920, #675 ) ;
#507 = DIRECTION ( 'NONE',  ( 0.000000000000000000, 0.000000000000000000, 1.000000000000000000 ) ) ;
#508 = AXIS2_PLACEMENT_3D ( 'NONE', #952, #1977, #746 ) ;
#509 = AXIS2_PLACEMENT_3D ( 'NONE', #1416, #1580, #2244 ) ;
#510 = DIRECTION ( 'NONE',  ( -0.000000000000000000, -1.000000000000000000, -0.000000000000000000 ) ) ;
#511 = ADVANCED_FACE ( 'NONE', ( #1771 ), #2233, .T. ) ;
#512 = ORIENTED_EDGE ( 'NONE', *, *, #838, .T. ) ;
#513 = FACE_OUTER_BOUND ( 'NONE', #2468, .T. ) ;
#514 = VECTOR ( 'NONE', #1811, 1000.000000000000000 ) ;
#515 = CARTESIAN_POINT ( 'NONE',  ( 54.92729759584298677, 15.00000000000000000, 9.260554988997693471 ) ) ;
#516 = ORIENTED_EDGE ( 'NONE', *, *, #171, .T. ) ;
#517 = CIRCLE ( 'NONE', #1800, 3.499999999999999556 ) ;
#518 = ORIENTED_EDGE ( 'NONE', *, *, #1274, .F. ) ;
#519 = AXIS2_PLACEMENT_3D ( 'NONE', #2578, #1950, #1938 ) ;
#520 = CARTESIAN_POINT ( 'NONE',  ( 41.87806992294502351, 15.00000000000000000, 25.92201065948648520 ) ) ;
#521 = CARTESIAN_POINT ( 'NONE',  ( 43.90268375939400158, 0.000000000000000000, 104.6941309255078920 ) ) ;
#522 = EDGE_LOOP ( 'NONE', ( #1539, #239, #1253, #1881 ) ) ;
#523 = DIRECTION ( 'NONE',  ( -0.000000000000000000, -1.000000000000000000, 0.000000000000000000 ) ) ;
#524 = CARTESIAN_POINT ( 'NONE',  ( 41.40268375939399448, 15.00000000000000000, 105.6941309255079062 ) ) ;
#525 = CARTESIAN_POINT ( 'NONE',  ( -55.09731624060601973, 5.000000000000000000, -41.30586907449208667 ) ) ;
#526 = VERTEX_POINT ( 'NONE', #1815 ) ;
#527 = CARTESIAN_POINT ( 'NONE',  ( 37.90268375939399448, 5.000000000000000000, 99.69413092550787781 ) ) ;
#528 = EDGE_CURVE ( 'NONE', #568, #955, #1607, .T. ) ;
#529 = DIRECTION ( 'NONE',  ( -0.000000000000000000, 1.000000000000000000, -0.000000000000000000 ) ) ;
#530 = ORIENTED_EDGE ( 'NONE', *, *, #1118, .F. ) ;
#531 = ORIENTED_EDGE ( 'NONE', *, *, #2072, .F. ) ;
#532 = LINE ( 'NONE', #928, #503 ) ;
#533 = LINE ( 'NONE', #986, #802 ) ;
#534 = ORIENTED_EDGE ( 'NONE', *, *, #88, .T. ) ;
#535 = AXIS2_PLACEMENT_3D ( 'NONE', #2480, #579, #1434 ) ;
#536 = LINE ( 'NONE', #2255, #2327 ) ;
#537 = EDGE_CURVE ( 'NONE', #305, #1266, #1181, .T. ) ;
#538 = CARTESIAN_POINT ( 'NONE',  ( -46.09731624060601263, 0.000000000000000000, 7.996609666210618732E-15 ) ) ;
#539 = DIRECTION ( 'NONE',  ( 0.000000000000000000, 1.000000000000000000, -0.000000000000000000 ) ) ;
#540 = EDGE_CURVE ( 'NONE', #2607, #665, #2617, .T. ) ;
#541 = LINE ( 'NONE', #2234, #466 ) ;
#542 = DIRECTION ( 'NONE',  ( 0.000000000000000000, 1.000000000000000000, -0.000000000000000000 ) ) ;
#543 = EDGE_LOOP ( 'NONE', ( #1630, #871, #2595, #1762 ) ) ;
#544 = EDGE_CURVE ( 'NONE', #1096, #2416, #2598, .T. ) ;
#545 = ORIENTED_EDGE ( 'NONE', *, *, #749, .T. ) ;
#546 = DIRECTION ( 'NONE',  ( 0.000000000000000000, 1.000000000000000000, 0.000000000000000000 ) ) ;
#547 = DIRECTION ( 'NONE',  ( 0.9701425001453318764, 0.000000000000000000, -0.2425356250363331634 ) ) ;
#548 = ADVANCED_FACE ( 'NONE', ( #2662 ), #2424, .T. ) ;
#549 = DIRECTION ( 'NONE',  ( 0.000000000000000000, 0.000000000000000000, 1.000000000000000000 ) ) ;
#550 = CARTESIAN_POINT ( 'NONE',  ( 1.668327990038994106E-14, 0.000000000000000000, 108.1941309255078920 ) ) ;
#551 = DIRECTION ( 'NONE',  ( 0.000000000000000000, 0.000000000000000000, 1.000000000000000000 ) ) ;
#552 = CIRCLE ( 'NONE', #2238, 3.500000000000003109 ) ;
#553 = CIRCLE ( 'NONE', #2592, 2.559266680167342045 ) ;
#554 = LINE ( 'NONE', #2652, #597 ) ;
#555 = LINE ( 'NONE', #2275, #1731 ) ;
#556 = EDGE_LOOP ( 'NONE', ( #1654, #1552, #1884, #1450 ) ) ;
#557 = PRODUCT ( 'Calculator_Body_V2', 'Calculator_Body_V2', '', ( #2029 ) ) ;
#558 = EDGE_LOOP ( 'NONE', ( #2576, #1081, #1755, #309 ) ) ;
#559 = CARTESIAN_POINT ( 'NONE',  ( 39.61454910002519370, 58.09772228646443182, -10.13086907449209662 ) ) ;
#560 = DIRECTION ( 'NONE',  ( 0.000000000000000000, 1.000000000000000000, -0.000000000000000000 ) ) ;
#561 = DIRECTION ( 'NONE',  ( -0.000000000000000000, 1.000000000000000000, -0.000000000000000000 ) ) ;
#562 = EDGE_CURVE ( 'NONE', #890, #1524, #10, .T. ) ;
#563 = DIRECTION ( 'NONE',  ( 0.000000000000000000, 1.000000000000000000, 0.000000000000000000 ) ) ;
#564 = DIRECTION ( 'NONE',  ( -0.000000000000000000, -1.000000000000000000, -0.000000000000000000 ) ) ;
#565 = DIRECTION ( 'NONE',  ( 0.000000000000000000, -1.000000000000000000, 0.000000000000000000 ) ) ;
#566 = CARTESIAN_POINT ( 'NONE',  ( -46.68551183928657622, 15.00000000000000000, 27.18396891907825363 ) ) ;
#567 = ORIENTED_EDGE ( 'NONE', *, *, #2014, .F. ) ;
#568 = VERTEX_POINT ( 'NONE', #525 ) ;
#569 = ORIENTED_EDGE ( 'NONE', *, *, #335, .T. ) ;
#570 = LINE ( 'NONE', #328, #452 ) ;
#571 = VECTOR ( 'NONE', #2706, 1000.000000000000000 ) ;
#572 =( NAMED_UNIT ( * ) PLANE_ANGLE_UNIT ( ) SI_UNIT ( $, .RADIAN. ) );
#573 = CARTESIAN_POINT ( 'NONE',  ( -31.84731624060603039, 0.000000000000000000, -2.571602394324768337 ) ) ;
#574 = VECTOR ( 'NONE', #1813, 1000.000000000000000 ) ;
#575 = ADVANCED_FACE ( 'NONE', ( #756 ), #2448, .T. ) ;
#576 = DIRECTION ( 'NONE',  ( 0.000000000000000000, 0.000000000000000000, 1.000000000000000000 ) ) ;
#577 = CARTESIAN_POINT ( 'NONE',  ( 55.40268375939399448, 15.00000000000000000, -2.552254569946283358E-14 ) ) ;
#578 = LINE ( 'NONE', #375, #1363 ) ;
#579 = DIRECTION ( 'NONE',  ( 0.000000000000000000, -1.000000000000000000, 0.000000000000000000 ) ) ;
#580 = ORIENTED_EDGE ( 'NONE', *, *, #537, .T. ) ;
#581 = AXIS2_PLACEMENT_3D ( 'NONE', #661, #1357, #1971 ) ;
#582 = CARTESIAN_POINT ( 'NONE',  ( 43.11454910002520080, 58.09772228646443182, -0.1308690744920970039 ) ) ;
#583 = VERTEX_POINT ( 'NONE', #933 ) ;
#584 = ADVANCED_FACE ( 'NONE', ( #715 ), #2247, .F. ) ;
#585 = ORIENTED_EDGE ( 'NONE', *, *, #1006, .T. ) ;
#586 = CARTESIAN_POINT ( 'NONE',  ( 41.40268375939400158, 5.000000000000000000, 3.638608026538383422E-15 ) ) ;
#587 = AXIS2_PLACEMENT_3D ( 'NONE', #322, #93, #2219 ) ;
#588 = DIRECTION ( 'NONE',  ( 0.000000000000000000, -1.000000000000000000, 0.000000000000000000 ) ) ;
#589 = PLANE ( 'NONE',  #1754 ) ;
#590 = AXIS2_PLACEMENT_3D ( 'NONE', #724, #546, #504 ) ;
#591 = DIRECTION ( 'NONE',  ( 0.000000000000000000, 0.000000000000000000, -1.000000000000000000 ) ) ;
#592 = DIRECTION ( 'NONE',  ( 0.000000000000000000, 1.000000000000000000, -0.000000000000000000 ) ) ;
#593 = CARTESIAN_POINT ( 'NONE',  ( 32.48467876142867539, 12.00000000000000000, 99.79863217499922712 ) ) ;
#594 = EDGE_LOOP ( 'NONE', ( #459, #1128, #170, #2126 ) ) ;
#595 = EDGE_CURVE ( 'NONE', #2654, #890, #348, .T. ) ;
#596 = DIRECTION ( 'NONE',  ( 0.000000000000000000, 0.000000000000000000, 1.000000000000000000 ) ) ;
#597 = VECTOR ( 'NONE', #1139, 1000.000000000000000 ) ;
#598 = ORIENTED_EDGE ( 'NONE', *, *, #626, .T. ) ;
#599 = VERTEX_POINT ( 'NONE', #1193 ) ;
#600 = AXIS2_PLACEMENT_3D ( 'NONE', #1700, #2112, #212 ) ;
#601 = CARTESIAN_POINT ( 'NONE',  ( 41.40268375939399448, 15.00000000000000000, 105.6941309255079062 ) ) ;
#602 = CARTESIAN_POINT ( 'NONE',  ( -54.62193007705499070, 15.00000000000000000, 7.804858786466037479 ) ) ;
#603 = AXIS2_PLACEMENT_3D ( 'NONE', #315, #483, #2444 ) ;
#604 = VECTOR ( 'NONE', #437, 1000.000000000000000 ) ;
#605 = AXIS2_PLACEMENT_3D ( 'NONE', #1721, #2132, #1308 ) ;
#606 = DIRECTION ( 'NONE',  ( 0.000000000000000000, 1.000000000000000000, -0.000000000000000000 ) ) ;
#607 = CARTESIAN_POINT ( 'NONE',  ( 52.90268375939400869, 5.000000000000000000, -41.30586907449208667 ) ) ;
#608 = CYLINDRICAL_SURFACE ( 'NONE', #1582, 3.500000000000003109 ) ;
#609 = DIRECTION ( 'NONE',  ( 0.000000000000000000, 0.000000000000000000, 1.000000000000000000 ) ) ;
#610 = ORIENTED_EDGE ( 'NONE', *, *, #1913, .T. ) ;
#611 = DIRECTION ( 'NONE',  ( 0.000000000000000000, 1.000000000000000000, -0.000000000000000000 ) ) ;
#612 = ORIENTED_EDGE ( 'NONE', *, *, #2096, .T. ) ;
#613 = EDGE_CURVE ( 'NONE', #962, #2520, #495, .T. ) ;
#614 = ORIENTED_EDGE ( 'NONE', *, *, #7, .T. ) ;
#615 = CARTESIAN_POINT ( 'NONE',  ( 37.15268375939399448, 12.00000000000000000, 100.4441309255078920 ) ) ;
#616 = DIRECTION ( 'NONE',  ( -0.000000000000000000, 1.000000000000000000, -0.000000000000000000 ) ) ;
#617 = PLANE ( 'NONE',  #1314 ) ;
#618 = EDGE_CURVE ( 'NONE', #15, #2484, #1349, .T. ) ;
#619 = AXIS2_PLACEMENT_3D ( 'NONE', #2494, #1844, #2450 ) ;
#620 = CARTESIAN_POINT ( 'NONE',  ( 45.04656229815405055, 0.000000000000000000, 26.22964386981126239 ) ) ;
#621 = FACE_BOUND ( 'NONE', #2320, .T. ) ;
#622 = ORIENTED_EDGE ( 'NONE', *, *, #2162, .T. ) ;
#623 = EDGE_CURVE ( 'NONE', #1102, #2217, #2399, .T. ) ;
#624 = FACE_OUTER_BOUND ( 'NONE', #2304, .T. ) ;
#625 = VERTEX_POINT ( 'NONE', #411 ) ;
#626 = EDGE_CURVE ( 'NONE', #2250, #2705, #1649, .T. ) ;
#627 = ORIENTED_EDGE ( 'NONE', *, *, #81, .T. ) ;
#628 = DIRECTION ( 'NONE',  ( 0.000000000000000000, 1.000000000000000000, -0.000000000000000000 ) ) ;
#629 = ORIENTED_EDGE ( 'NONE', *, *, #2181, .T. ) ;
#630 = DIRECTION ( 'NONE',  ( 0.000000000000000000, 0.000000000000000000, 1.000000000000000000 ) ) ;
#631 = EDGE_CURVE ( 'NONE', #1492, #2725, #1215, .T. ) ;
#632 = CARTESIAN_POINT ( 'NONE',  ( -55.09731624060601263, 5.000000000000000888, 6.043691236128658772 ) ) ;
#633 = CIRCLE ( 'NONE', #2186, 3.499999999999999556 ) ;
#634 = DIRECTION ( 'NONE',  ( 1.000000000000000000, 0.000000000000000000, -8.788338571682101024E-17 ) ) ;
#635 = CARTESIAN_POINT ( 'NONE',  ( -47.09731624060602684, 12.00000000000000000, -49.30586907449208667 ) ) ;
#636 = VERTEX_POINT ( 'NONE', #1663 ) ;
#637 = DIRECTION ( 'NONE',  ( 1.284980352575412206E-16, -0.000000000000000000, 1.000000000000000000 ) ) ;
#638 = ORIENTED_EDGE ( 'NONE', *, *, #3, .T. ) ;
#639 = LINE ( 'NONE', #696, #1488 ) ;
#640 = ORIENTED_EDGE ( 'NONE', *, *, #867, .F. ) ;
#641 = PLANE ( 'NONE',  #2727 ) ;
#642 = CIRCLE ( 'NONE', #1040, 3.500000000000000000 ) ;
#643 = CIRCLE ( 'NONE', #1134, 3.500000000000003109 ) ;
#644 = DIRECTION ( 'NONE',  ( -0.000000000000000000, -1.000000000000000000, -0.000000000000000000 ) ) ;
#645 = EDGE_CURVE ( 'NONE', #1615, #944, #1019, .T. ) ;
#646 = CARTESIAN_POINT ( 'NONE',  ( 49.40268375939400869, 4.999999999999997335, -13.63086907449209662 ) ) ;
#647 = CARTESIAN_POINT ( 'NONE',  ( -51.09731624060602684, 0.000000000000000000, -45.30586907449209377 ) ) ;
#648 = AXIS2_PLACEMENT_3D ( 'NONE', #1637, #2703, #1461 ) ;
#649 = CARTESIAN_POINT ( 'NONE',  ( 44.90268375939400869, 5.000000000000000000, -49.30586907449210088 ) ) ;
#650 = VERTEX_POINT ( 'NONE', #1865 ) ;
#651 = FACE_OUTER_BOUND ( 'NONE', #1505, .T. ) ;
#652 = ORIENTED_EDGE ( 'NONE', *, *, #929, .T. ) ;
#653 = DIRECTION ( 'NONE',  ( 0.000000000000000000, 1.000000000000000000, -0.000000000000000000 ) ) ;
#654 = ORIENTED_EDGE ( 'NONE', *, *, #1051, .F. ) ;
#655 = FACE_OUTER_BOUND ( 'NONE', #2622, .T. ) ;
#656 = ORIENTED_EDGE ( 'NONE', *, *, #277, .F. ) ;
#657 = EDGE_LOOP ( 'NONE', ( #38, #320, #863, #1963 ) ) ;
#658 = CARTESIAN_POINT ( 'NONE',  ( 52.90268375939400869, 5.000000000000000000, -41.30586907449208667 ) ) ;
#659 = EDGE_CURVE ( 'NONE', #1464, #2070, #1636, .T. ) ;
#660 = CARTESIAN_POINT ( 'NONE',  ( 33.33355344905584161, 5.000000000000000000, 103.1941309255078920 ) ) ;
#661 = CARTESIAN_POINT ( 'NONE',  ( 48.90268375939400869, 12.00000000000000000, -45.30586907449209377 ) ) ;
#662 = EDGE_CURVE ( 'NONE', #183, #139, #2477, .T. ) ;
#663 = ORIENTED_EDGE ( 'NONE', *, *, #623, .T. ) ;
#664 = CARTESIAN_POINT ( 'NONE',  ( 52.42729759584300098, 5.000000000000000000, 7.804858786466073894 ) ) ;
#665 = VERTEX_POINT ( 'NONE', #1471 ) ;
#666 = LINE ( 'NONE', #67, #356 ) ;
#667 = VERTEX_POINT ( 'NONE', #1891 ) ;
#668 = VECTOR ( 'NONE', #187, 1000.000000000000000 ) ;
#669 = PLANE ( 'NONE',  #947 ) ;
#670 = ORIENTED_EDGE ( 'NONE', *, *, #2098, .F. ) ;
#671 = ORIENTED_EDGE ( 'NONE', *, *, #1199, .T. ) ;
#672 = EDGE_CURVE ( 'NONE', #1512, #12, #163, .T. ) ;
#673 = CARTESIAN_POINT ( 'NONE',  ( -51.59731624060601263, 5.000000000000000888, -13.63086907449211438 ) ) ;
#674 = CARTESIAN_POINT ( 'NONE',  ( 39.61454910002519370, 12.00000000000000355, -3.630869074492096615 ) ) ;
#675 = VECTOR ( 'NONE', #215, 1000.000000000000000 ) ;
#676 = CARTESIAN_POINT ( 'NONE',  ( 47.40268375939399448, 5.000000000000000000, 29.13887441235547016 ) ) ;
#677 = ORIENTED_EDGE ( 'NONE', *, *, #2254, .F. ) ;
#678 = CYLINDRICAL_SURFACE ( 'NONE', #2508, 2.559266680167342045 ) ;
#679 = AXIS2_PLACEMENT_3D ( 'NONE', #2321, #1016, #824 ) ;
#680 = EDGE_LOOP ( 'NONE', ( #1377, #2149, #716, #759, #454, #1546, #685, #1760, #1053, #2276, #1535, #417, #1960, #2227, #2182, #2178 ) ) ;
#681 = CARTESIAN_POINT ( 'NONE',  ( -47.09731624060602684, 5.000000000000000000, -49.30586907449208667 ) ) ;
#682 = ORIENTED_EDGE ( 'NONE', *, *, #223, .F. ) ;
#683 = DIRECTION ( 'NONE',  ( 0.000000000000000000, 0.000000000000000000, -1.000000000000000000 ) ) ;
#684 = ADVANCED_FACE ( 'NONE', ( #1431 ), #360, .T. ) ;
#685 = ORIENTED_EDGE ( 'NONE', *, *, #672, .T. ) ;
#686 = ORIENTED_EDGE ( 'NONE', *, *, #2085, .F. ) ;
#687 = CARTESIAN_POINT ( 'NONE',  ( 55.40268375939397316, 15.00000000000000000, -48.30586907449210088 ) ) ;
#688 = AXIS2_PLACEMENT_3D ( 'NONE', #172, #2335, #1070 ) ;
#689 = VECTOR ( 'NONE', #1954, 1000.000000000000000 ) ;
#690 = CARTESIAN_POINT ( 'NONE',  ( -21.84731624060602684, 0.000000000000000000, -7.630869074492109050 ) ) ;
#691 = VECTOR ( 'NONE', #89, 1000.000000000000000 ) ;
#692 = DIRECTION ( 'NONE',  ( 0.000000000000000000, 0.000000000000000000, 1.000000000000000000 ) ) ;
#693 = ORIENTED_EDGE ( 'NONE', *, *, #714, .F. ) ;
#694 = DIRECTION ( 'NONE',  ( 0.000000000000000000, 0.000000000000000000, 1.000000000000000000 ) ) ;
#695 = VERTEX_POINT ( 'NONE', #2102 ) ;
#696 = CARTESIAN_POINT ( 'NONE',  ( -46.09731624060599131, 5.000000000000000000, 104.6941309255078920 ) ) ;
#697 = ORIENTED_EDGE ( 'NONE', *, *, #945, .T. ) ;
#698 = EDGE_CURVE ( 'NONE', #2119, #2012, #2271, .T. ) ;
#699 = ORIENTED_EDGE ( 'NONE', *, *, #352, .T. ) ;
#700 = DIRECTION ( 'NONE',  ( -0.000000000000000000, -1.000000000000000000, 0.000000000000000000 ) ) ;
#701 = CARTESIAN_POINT ( 'NONE',  ( 33.33355344905584161, 12.00000000000000000, 99.69413092550787781 ) ) ;
#702 = EDGE_CURVE ( 'NONE', #491, #526, #2672, .T. ) ;
#703 = DIRECTION ( 'NONE',  ( 0.000000000000000000, 0.000000000000000000, -1.000000000000000000 ) ) ;
#704 = ORIENTED_EDGE ( 'NONE', *, *, #1693, .F. ) ;
#705 = AXIS2_PLACEMENT_3D ( 'NONE', #379, #611, #596 ) ;
#706 = DIRECTION ( 'NONE',  ( -0.5031907286678231062, 0.000000000000000000, -0.8641753818425663702 ) ) ;
#707 = ADVANCED_FACE ( 'NONE', ( #2746 ), #1008, .F. ) ;
#708 = ORIENTED_EDGE ( 'NONE', *, *, #1453, .F. ) ;
#709 = CIRCLE ( 'NONE', #86, 3.499999999999999556 ) ;
#710 = ORIENTED_EDGE ( 'NONE', *, *, #36, .T. ) ;
#711 = CARTESIAN_POINT ( 'NONE',  ( -55.09731624060602684, 12.00000000000000000, -41.30586907449208667 ) ) ;
#712 = DIRECTION ( 'NONE',  ( 0.000000000000000000, -1.000000000000000000, 0.000000000000000000 ) ) ;
#713 = DIRECTION ( 'NONE',  ( 0.000000000000000000, 1.000000000000000000, -0.000000000000000000 ) ) ;
#714 = EDGE_CURVE ( 'NONE', #9, #413, #175, .T. ) ;
#715 = FACE_OUTER_BOUND ( 'NONE', #1726, .T. ) ;
#716 = ORIENTED_EDGE ( 'NONE', *, *, #464, .T. ) ;
#717 = CARTESIAN_POINT ( 'NONE',  ( -31.84731624060603039, 4.999999999999997335, -7.630869074492109050 ) ) ;
#718 = VECTOR ( 'NONE', #2084, 1000.000000000000000 ) ;
#719 = DIRECTION ( 'NONE',  ( -1.000000000000000000, 0.000000000000000000, -6.033820786006287689E-16 ) ) ;
#720 = ORIENTED_EDGE ( 'NONE', *, *, #544, .F. ) ;
#721 = VECTOR ( 'NONE', #374, 1000.000000000000000 ) ;
#722 = ORIENTED_EDGE ( 'NONE', *, *, #826, .T. ) ;
#723 = CIRCLE ( 'NONE', #372, 3.500000000000000000 ) ;
#724 = CARTESIAN_POINT ( 'NONE',  ( -21.84731624060602684, 0.000000000000000000, -5.130869074492109938 ) ) ;
#725 = DIRECTION ( 'NONE',  ( 0.000000000000000000, 1.000000000000000000, 0.000000000000000000 ) ) ;
#726 = EDGE_LOOP ( 'NONE', ( #580, #241, #1997, #818 ) ) ;
#727 = CARTESIAN_POINT ( 'NONE',  ( 41.40268375939400158, 15.00000000000000000, 3.638608026538383422E-15 ) ) ;
#728 = EDGE_CURVE ( 'NONE', #1657, #1172, #633, .T. ) ;
#729 = PRESENTATION_STYLE_ASSIGNMENT (( #1785 ) ) ;
#730 = AXIS2_PLACEMENT_3D ( 'NONE', #1888, #2532, #173 ) ;
#731 = DIRECTION ( 'NONE',  ( 0.000000000000000000, 1.000000000000000000, -0.000000000000000000 ) ) ;
#732 = ORIENTED_EDGE ( 'NONE', *, *, #1129, .F. ) ;
#733 = DIRECTION ( 'NONE',  ( -0.000000000000000000, -1.000000000000000000, -0.000000000000000000 ) ) ;
#734 = CARTESIAN_POINT ( 'NONE',  ( -42.59731624060599131, 0.000000000000000000, 108.1941309255078920 ) ) ;
#735 = ORIENTED_EDGE ( 'NONE', *, *, #18, .T. ) ;
#736 = CIRCLE ( 'NONE', #28, 3.500000000000000000 ) ;
#737 = ORIENTED_EDGE ( 'NONE', *, *, #1240, .T. ) ;
#738 = VECTOR ( 'NONE', #2115, 1000.000000000000000 ) ;
#739 = CARTESIAN_POINT ( 'NONE',  ( 41.40268375939399448, 5.000000000000000000, 96.19413092550787781 ) ) ;
#740 = CARTESIAN_POINT ( 'NONE',  ( -44.18551183928657622, 5.000000000000000000, 25.72827271654659498 ) ) ;
#741 = VERTEX_POINT ( 'NONE', #811 ) ;
#742 = CARTESIAN_POINT ( 'NONE',  ( -55.09731624060601973, 12.00000000000000355, 3.369130925507891838 ) ) ;
#743 = CARTESIAN_POINT ( 'NONE',  ( 51.90268375939396606, 15.00000000000000000, -48.30586907449210088 ) ) ;
#744 = ADVANCED_FACE ( 'NONE', ( #2702 ), #2259, .F. ) ;
#745 = DIRECTION ( 'NONE',  ( 0.000000000000000000, 0.000000000000000000, -1.000000000000000000 ) ) ;
#746 = DIRECTION ( 'NONE',  ( 0.000000000000000000, 0.000000000000000000, -1.000000000000000000 ) ) ;
#747 = FACE_OUTER_BOUND ( 'NONE', #1643, .T. ) ;
#748 = ORIENTED_EDGE ( 'NONE', *, *, #2058, .T. ) ;
#749 = EDGE_CURVE ( 'NONE', #394, #695, #188, .T. ) ;
#750 = VERTEX_POINT ( 'NONE', #149 ) ;
#751 = DIRECTION ( 'NONE',  ( -0.000000000000000000, -1.000000000000000000, -0.000000000000000000 ) ) ;
#752 = LINE ( 'NONE', #765, #2577 ) ;
#753 = EDGE_CURVE ( 'NONE', #1509, #2743, #736, .T. ) ;
#754 = DIRECTION ( 'NONE',  ( 0.000000000000000000, 0.000000000000000000, -1.000000000000000000 ) ) ;
#755 = CARTESIAN_POINT ( 'NONE',  ( -46.09731624060600552, 0.000000000000000000, 29.13887441235550568 ) ) ;
#756 = FACE_OUTER_BOUND ( 'NONE', #1741, .T. ) ;
#757 = CARTESIAN_POINT ( 'NONE',  ( -57.59731624060601973, 0.000000000000000000, 7.499387438660326310 ) ) ;
#758 = LINE ( 'NONE', #1612, #2752 ) ;
#759 = ORIENTED_EDGE ( 'NONE', *, *, #1887, .T. ) ;
#760 = ORIENTED_EDGE ( 'NONE', *, *, #291, .T. ) ;
#761 = EDGE_CURVE ( 'NONE', #2741, #805, #2463, .T. ) ;
#762 = DIRECTION ( 'NONE',  ( 0.000000000000000000, 1.000000000000000000, -0.000000000000000000 ) ) ;
#763 = AXIS2_PLACEMENT_3D ( 'NONE', #2436, #2650, #1364 ) ;
#764 = VECTOR ( 'NONE', #1599, 1000.000000000000000 ) ;
#765 = CARTESIAN_POINT ( 'NONE',  ( 25.39289455655446659, 12.00000000000000000, 101.5715782262177811 ) ) ;
#766 = LINE ( 'NONE', #119, #158 ) ;
#767 = PLANE ( 'NONE',  #2260 ) ;
#768 = CARTESIAN_POINT ( 'NONE',  ( 0.000000000000000000, 5.000000000000000000, 102.6941309255078920 ) ) ;
#769 = VECTOR ( 'NONE', #849, 1000.000000000000000 ) ;
#770 = CIRCLE ( 'NONE', #2454, 3.500000000000003109 ) ;
#771 = DIRECTION ( 'NONE',  ( -0.000000000000000000, 1.000000000000000000, 0.000000000000000000 ) ) ;
#772 = VECTOR ( 'NONE', #561, 1000.000000000000000 ) ;
#773 = DIRECTION ( 'NONE',  ( -0.000000000000000000, 1.000000000000000000, -0.000000000000000000 ) ) ;
#774 = ORIENTED_EDGE ( 'NONE', *, *, #18, .F. ) ;
#775 = ORIENTED_EDGE ( 'NONE', *, *, #1913, .F. ) ;
#776 = CARTESIAN_POINT ( 'NONE',  ( -31.84731624060603039, 5.000000000000000000, -2.571602394324768337 ) ) ;
#777 = EDGE_CURVE ( 'NONE', #599, #282, #517, .T. ) ;
#778 = AXIS2_PLACEMENT_3D ( 'NONE', #2328, #1063, #2566 ) ;
#779 = LINE ( 'NONE', #1632, #1160 ) ;
#780 = DIRECTION ( 'NONE',  ( 0.000000000000000000, -1.000000000000000000, 0.000000000000000000 ) ) ;
#781 = DIRECTION ( 'NONE',  ( 0.000000000000000000, 0.000000000000000000, 1.000000000000000000 ) ) ;
#782 = CARTESIAN_POINT ( 'NONE',  ( 52.90268375939400869, 12.00000000000000000, -41.30586907449208667 ) ) ;
#783 = EDGE_CURVE ( 'NONE', #154, #252, #85, .T. ) ;
#784 = CYLINDRICAL_SURFACE ( 'NONE', #2512, 3.500000000000003109 ) ;
#785 = DIRECTION ( 'NONE',  ( 1.000000000000000000, -0.000000000000000000, 0.000000000000000000 ) ) ;
#786 = ORIENTED_EDGE ( 'NONE', *, *, #875, .F. ) ;
#787 = CARTESIAN_POINT ( 'NONE',  ( 52.42729759584299387, 5.000000000000000888, 7.804858786466077447 ) ) ;
#788 = VERTEX_POINT ( 'NONE', #2339 ) ;
#789 = EDGE_CURVE ( 'NONE', #1859, #2025, #1931, .T. ) ;
#790 = EDGE_LOOP ( 'NONE', ( #432, #2485, #1870, #1476 ) ) ;
#791 = EDGE_CURVE ( 'NONE', #259, #2153, #1563, .T. ) ;
#792 = DIRECTION ( 'NONE',  ( 0.000000000000000000, -1.000000000000000000, 0.000000000000000000 ) ) ;
#793 = CIRCLE ( 'NONE', #922, 1.500000000000001332 ) ;
#794 = PLANE ( 'NONE',  #679 ) ;
#795 = VECTOR ( 'NONE', #162, 1000.000000000000000 ) ;
#796 = EDGE_CURVE ( 'NONE', #2091, #2705, #957, .T. ) ;
#797 = DIRECTION ( 'NONE',  ( 1.982541115402064913E-15, 0.000000000000000000, 1.000000000000000000 ) ) ;
#798 = DIRECTION ( 'NONE',  ( 0.000000000000000000, 0.000000000000000000, 1.000000000000000000 ) ) ;
#799 = LINE ( 'NONE', #2046, #1801 ) ;
#800 = DIRECTION ( 'NONE',  ( 0.000000000000000000, 0.000000000000000000, 1.000000000000000000 ) ) ;
#801 = EDGE_LOOP ( 'NONE', ( #1355, #1561, #899, #1152 ) ) ;
#802 = VECTOR ( 'NONE', #1385, 1000.000000000000000 ) ;
#803 = CARTESIAN_POINT ( 'NONE',  ( 39.61454910002519370, 58.09772228646443182, -0.1308690744920970039 ) ) ;
#804 = EDGE_LOOP ( 'NONE', ( #339, #1185, #2527, #463 ) ) ;
#805 = VERTEX_POINT ( 'NONE', #521 ) ;
#806 = FACE_OUTER_BOUND ( 'NONE', #1473, .T. ) ;
#807 = VECTOR ( 'NONE', #1916, 1000.000000000000000 ) ;
#808 = VECTOR ( 'NONE', #2297, 1000.000000000000000 ) ;
#809 = CYLINDRICAL_SURFACE ( 'NONE', #2092, 3.500000000000003109 ) ;
#810 = CIRCLE ( 'NONE', #331, 3.499999999999999556 ) ;
#811 = CARTESIAN_POINT ( 'NONE',  ( -31.84731624060603039, 0.000000000000000000, -7.690135754659451983 ) ) ;
#812 = EDGE_CURVE ( 'NONE', #2610, #2356, #1062, .T. ) ;
#813 = CARTESIAN_POINT ( 'NONE',  ( -2.097316240606026394, 58.09772228646443182, -6.630869074492111714 ) ) ;
#814 = CARTESIAN_POINT ( 'NONE',  ( -49.59731624060601263, 15.00000000000000000, 29.13887441235550568 ) ) ;
#815 = ORIENTED_EDGE ( 'NONE', *, *, #2197, .F. ) ;
#816 = DIRECTION ( 'NONE',  ( 0.000000000000000000, 1.000000000000000000, -0.000000000000000000 ) ) ;
#817 = AXIS2_PLACEMENT_3D ( 'NONE', #424, #1482, #1289 ) ;
#818 = ORIENTED_EDGE ( 'NONE', *, *, #493, .F. ) ;
#819 = ORIENTED_EDGE ( 'NONE', *, *, #352, .F. ) ;
#820 = CARTESIAN_POINT ( 'NONE',  ( -31.84731624060603039, 12.00000000000000355, -5.130869074492109938 ) ) ;
#821 = AXIS2_PLACEMENT_3D ( 'NONE', #2568, #1962, #2118 ) ;
#822 = ORIENTED_EDGE ( 'NONE', *, *, #223, .T. ) ;
#823 = ADVANCED_FACE ( 'NONE', ( #1132 ), #1704, .T. ) ;
#824 = DIRECTION ( 'NONE',  ( -1.734723475976807094E-16, 0.000000000000000000, -1.000000000000000000 ) ) ;
#825 = DIRECTION ( 'NONE',  ( -1.541976423090495387E-16, 0.000000000000000000, -1.000000000000000000 ) ) ;
#826 = EDGE_CURVE ( 'NONE', #2236, #2725, #1577, .T. ) ;
#827 = DIRECTION ( 'NONE',  ( -1.000000000000000000, 0.000000000000000000, 0.000000000000000000 ) ) ;
#828 = CYLINDRICAL_SURFACE ( 'NONE', #1935, 3.499999999999999556 ) ;
#829 = EDGE_CURVE ( 'NONE', #42, #915, #1983, .T. ) ;
#830 = VERTEX_POINT ( 'NONE', #1501 ) ;
#831 = CARTESIAN_POINT ( 'NONE',  ( -44.07270240415702034, 15.00000000000000000, 25.92201065948648164 ) ) ;
#832 = ORIENTED_EDGE ( 'NONE', *, *, #1519, .T. ) ;
#833 = EDGE_CURVE ( 'NONE', #2378, #1657, #425, .T. ) ;
#834 = VERTEX_POINT ( 'NONE', #1157 ) ;
#835 = FACE_OUTER_BOUND ( 'NONE', #1740, .T. ) ;
#836 = VERTEX_POINT ( 'NONE', #1077 ) ;
#837 = CARTESIAN_POINT ( 'NONE',  ( 43.11454910002520080, 12.00000000000000355, -10.13086907449209662 ) ) ;
#838 = EDGE_CURVE ( 'NONE', #40, #194, #1290, .T. ) ;
#839 = CIRCLE ( 'NONE', #1641, 1.500000000000001332 ) ;
#840 = LINE ( 'NONE', #632, #198 ) ;
#841 = VECTOR ( 'NONE', #965, 1000.000000000000000 ) ;
#842 = CARTESIAN_POINT ( 'NONE',  ( -51.59731624060601263, 58.09772228646443182, -0.1308690744921091331 ) ) ;
#843 = CARTESIAN_POINT ( 'NONE',  ( -51.09731624060602684, 12.00000000000000000, -45.30586907449209377 ) ) ;
#844 = ORIENTED_EDGE ( 'NONE', *, *, #1211, .F. ) ;
#845 = CARTESIAN_POINT ( 'NONE',  ( -6.335707302737796451E-15, 15.00000000000000000, -49.30586907449209377 ) ) ;
#846 = EDGE_LOOP ( 'NONE', ( #447, #1343, #24, #531 ) ) ;
#847 = CARTESIAN_POINT ( 'NONE',  ( -43.59731624060599842, 12.00000000000000000, 105.6941309255079062 ) ) ;
#848 = EDGE_LOOP ( 'NONE', ( #1338, #677, #395, #323 ) ) ;
#849 = DIRECTION ( 'NONE',  ( -0.000000000000000000, -1.000000000000000000, -0.000000000000000000 ) ) ;
#850 = ADVANCED_FACE ( 'NONE', ( #2614 ), #930, .T. ) ;
#851 = ORIENTED_EDGE ( 'NONE', *, *, #1331, .T. ) ;
#852 = CARTESIAN_POINT ( 'NONE',  ( -2.097316240606025950, 58.09772228646443182, -10.13086907449211083 ) ) ;
#853 =( NAMED_UNIT ( * ) PLANE_ANGLE_UNIT ( ) SI_UNIT ( $, .RADIAN. ) );
#854 = AXIS2_PLACEMENT_3D ( 'NONE', #1445, #2715, #1207 ) ;
#855 = DIRECTION ( 'NONE',  ( 4.606734542013097089E-16, 0.000000000000000000, 1.000000000000000000 ) ) ;
#856 = FACE_OUTER_BOUND ( 'NONE', #1502, .T. ) ;
#857 = ORIENTED_EDGE ( 'NONE', *, *, #1961, .F. ) ;
#858 = DIRECTION ( 'NONE',  ( -1.734723475976807094E-16, 0.000000000000000000, -1.000000000000000000 ) ) ;
#859 = ORIENTED_EDGE ( 'NONE', *, *, #1693, .T. ) ;
#860 = DIRECTION ( 'NONE',  ( -0.000000000000000000, 1.000000000000000000, -0.000000000000000000 ) ) ;
#861 = ORIENTED_EDGE ( 'NONE', *, *, #789, .F. ) ;
#862 = CARTESIAN_POINT ( 'NONE',  ( -49.59731624060601263, 0.000000000000000000, 29.13887441235550568 ) ) ;
#863 = ORIENTED_EDGE ( 'NONE', *, *, #753, .F. ) ;
#864 = AXIS2_PLACEMENT_3D ( 'NONE', #1597, #1352, #497 ) ;
#865 = CARTESIAN_POINT ( 'NONE',  ( -39.34731624060599842, 12.00000000000000000, 100.4441309255078920 ) ) ;
#866 = FACE_OUTER_BOUND ( 'NONE', #2640, .T. ) ;
#867 = EDGE_CURVE ( 'NONE', #245, #1615, #1780, .T. ) ;
#868 = CARTESIAN_POINT ( 'NONE',  ( -54.09731624060601973, 15.00000000000000000, -48.30586907449208667 ) ) ;
#869 = VECTOR ( 'NONE', #855, 1000.000000000000000 ) ;
#870 = CARTESIAN_POINT ( 'NONE',  ( 39.61454910002519370, 4.999999999999997335, -6.630869074492097504 ) ) ;
#871 = ORIENTED_EDGE ( 'NONE', *, *, #1717, .F. ) ;
#872 = FACE_OUTER_BOUND ( 'NONE', #470, .T. ) ;
#873 = EDGE_LOOP ( 'NONE', ( #598, #1988, #1531, #939 ) ) ;
#874 = CARTESIAN_POINT ( 'NONE',  ( -46.09731624060601263, 5.000000000000000000, 7.996609666210618732E-15 ) ) ;
#875 = EDGE_CURVE ( 'NONE', #1276, #2666, #117, .T. ) ;
#876 = ORIENTED_EDGE ( 'NONE', *, *, #1336, .F. ) ;
#877 = PLANE ( 'NONE',  #2195 ) ;
#878 = ORIENTED_EDGE ( 'NONE', *, *, #343, .T. ) ;
#879 = CARTESIAN_POINT ( 'NONE',  ( -31.84731624060603039, 5.000000000000000000, -5.130869074492109938 ) ) ;
#880 = CARTESIAN_POINT ( 'NONE',  ( 0.000000000000000000, 12.00000000000000000, 0.000000000000000000 ) ) ;
#881 = DIRECTION ( 'NONE',  ( 0.000000000000000000, 1.000000000000000000, -0.000000000000000000 ) ) ;
#882 = ORIENTED_EDGE ( 'NONE', *, *, #2638, .F. ) ;
#883 = EDGE_CURVE ( 'NONE', #2429, #296, #506, .T. ) ;
#884 = LINE ( 'NONE', #1734, #2735 ) ;
#885 = EDGE_LOOP ( 'NONE', ( #1921, #2263, #2134, #2039 ) ) ;
#886 = CARTESIAN_POINT ( 'NONE',  ( -22.66644655094426142, 12.00000000000000000, 102.6941309255078920 ) ) ;
#887 = ORIENTED_EDGE ( 'NONE', *, *, #1849, .T. ) ;
#888 = CARTESIAN_POINT ( 'NONE',  ( 41.87806992294502351, 15.00000000000000000, 25.92201065948648520 ) ) ;
#889 = EDGE_CURVE ( 'NONE', #274, #1262, #20, .T. ) ;
#890 = VERTEX_POINT ( 'NONE', #1996 ) ;
#891 = VERTEX_POINT ( 'NONE', #1719 ) ;
#892 = DIRECTION ( 'NONE',  ( -0.000000000000000000, 1.000000000000000000, -0.000000000000000000 ) ) ;
#893 = DIRECTION ( 'NONE',  ( -3.965082230804130614E-15, 0.000000000000000000, 1.000000000000000000 ) ) ;
#894 = ORIENTED_EDGE ( 'NONE', *, *, #2299, .T. ) ;
#895 = CARTESIAN_POINT ( 'NONE',  ( 55.40268375939397316, 0.000000000000000000, -48.30586907449210088 ) ) ;
#896 = ORIENTED_EDGE ( 'NONE', *, *, #1995, .F. ) ;
#897 = EDGE_CURVE ( 'NONE', #1749, #1057, #2223, .T. ) ;
#898 = CARTESIAN_POINT ( 'NONE',  ( -55.09731624060602684, 12.00000000000000000, -49.30586907449208667 ) ) ;
#899 = ORIENTED_EDGE ( 'NONE', *, *, #883, .T. ) ;
#900 = DIRECTION ( 'NONE',  ( 0.000000000000000000, 0.000000000000000000, -1.000000000000000000 ) ) ;
#901 = ORIENTED_EDGE ( 'NONE', *, *, #1763, .T. ) ;
#902 = ORIENTED_EDGE ( 'NONE', *, *, #1017, .F. ) ;
#903 = DIRECTION ( 'NONE',  ( 1.000000000000000000, -0.000000000000000000, 0.000000000000000000 ) ) ;
#904 = AXIS2_PLACEMENT_3D ( 'NONE', #1617, #2253, #355 ) ;
#905 = EDGE_CURVE ( 'NONE', #2529, #52, #2534, .T. ) ;
#906 = VECTOR ( 'NONE', #1329, 1000.000000000000000 ) ;
#907 = AXIS2_PLACEMENT_3D ( 'NONE', #248, #276, #2371 ) ;
#908 = CYLINDRICAL_SURFACE ( 'NONE', #2503, 3.500000000000003109 ) ;
#909 = AXIS2_PLACEMENT_3D ( 'NONE', #874, #2594, #911 ) ;
#910 = ADVANCED_FACE ( 'NONE', ( #918 ), #342, .F. ) ;
#911 = DIRECTION ( 'NONE',  ( -1.734723475976807094E-16, 0.000000000000000000, -1.000000000000000000 ) ) ;
#912 = VERTEX_POINT ( 'NONE', #1603 ) ;
#913 = DIRECTION ( 'NONE',  ( 0.000000000000000000, 1.000000000000000000, -0.000000000000000000 ) ) ;
#914 = ORIENTED_EDGE ( 'NONE', *, *, #2580, .F. ) ;
#915 = VERTEX_POINT ( 'NONE', #1202 ) ;
#916 = EDGE_CURVE ( 'NONE', #1213, #2610, #1429, .T. ) ;
#917 = CARTESIAN_POINT ( 'NONE',  ( 20.47181406973220774, 12.00000000000000000, 99.19413092550787781 ) ) ;
#918 = FACE_OUTER_BOUND ( 'NONE', #2237, .T. ) ;
#919 = PLANE ( 'NONE',  #422 ) ;
#920 = DIRECTION ( 'NONE',  ( -0.000000000000000000, -1.000000000000000000, -0.000000000000000000 ) ) ;
#921 = VERTEX_POINT ( 'NONE', #2028 ) ;
#922 = AXIS2_PLACEMENT_3D ( 'NONE', #1310, #2389, #1759 ) ;
#923 = FACE_OUTER_BOUND ( 'NONE', #2393, .T. ) ;
#924 = DIRECTION ( 'NONE',  ( 0.000000000000000000, 0.000000000000000000, -1.000000000000000000 ) ) ;
#925 = ORIENTED_EDGE ( 'NONE', *, *, #2277, .F. ) ;
#926 = AXIS2_PLACEMENT_3D ( 'NONE', #2232, #949, #2649 ) ;
#927 = VERTEX_POINT ( 'NONE', #1231 ) ;
#928 = CARTESIAN_POINT ( 'NONE',  ( -21.84731624060602684, 58.09772228646443182, -2.630869074492111714 ) ) ;
#929 = EDGE_CURVE ( 'NONE', #193, #891, #1399, .T. ) ;
#930 = CYLINDRICAL_SURFACE ( 'NONE', #2287, 3.500000000000003109 ) ;
#931 = AXIS2_PLACEMENT_3D ( 'NONE', #1171, #1591, #1188 ) ;
#932 = LINE ( 'NONE', #1824, #772 ) ;
#933 = CARTESIAN_POINT ( 'NONE',  ( -40.09731624060599131, 12.00000000000000000, 99.69413092550787781 ) ) ;
#934 = ORIENTED_EDGE ( 'NONE', *, *, #789, .T. ) ;
#935 = AXIS2_PLACEMENT_3D ( 'NONE', #917, #2404, #227 ) ;
#936 = CYLINDRICAL_SURFACE ( 'NONE', #156, 2.500000000000002220 ) ;
#937 = AXIS2_PLACEMENT_3D ( 'NONE', #1933, #1990, #2369 ) ;
#938 = CARTESIAN_POINT ( 'NONE',  ( 33.33355344905584161, 12.00000000000000000, 99.69413092550787781 ) ) ;
#939 = ORIENTED_EDGE ( 'NONE', *, *, #1609, .F. ) ;
#940 = ORIENTED_EDGE ( 'NONE', *, *, #2712, .T. ) ;
#941 = AXIS2_PLACEMENT_3D ( 'NONE', #1370, #1994, #325 ) ;
#942 = LINE ( 'NONE', #1187, #2146 ) ;
#943 = DIRECTION ( 'NONE',  ( 2.602085213965210642E-16, 0.000000000000000000, 1.000000000000000000 ) ) ;
#944 = VERTEX_POINT ( 'NONE', #2698 ) ;
#945 = EDGE_CURVE ( 'NONE', #191, #636, #2471, .T. ) ;
#946 = DIRECTION ( 'NONE',  ( -0.000000000000000000, 1.000000000000000000, -0.000000000000000000 ) ) ;
#947 = AXIS2_PLACEMENT_3D ( 'NONE', #240, #487, #1085 ) ;
#948 = EDGE_CURVE ( 'NONE', #139, #1724, #2431, .T. ) ;
#949 = DIRECTION ( 'NONE',  ( 0.000000000000000000, 1.000000000000000000, -0.000000000000000000 ) ) ;
#950 = VECTOR ( 'NONE', #1087, 1000.000000000000000 ) ;
#951 = CARTESIAN_POINT ( 'NONE',  ( -55.09731624060602684, 5.000000000000000000, -41.30586907449208667 ) ) ;
#952 = CARTESIAN_POINT ( 'NONE',  ( -21.84731624060602684, 58.09772228646443182, -5.130869074492109938 ) ) ;
#953 = AXIS2_PLACEMENT_3D ( 'NONE', #2055, #2646, #118 ) ;
#954 = CARTESIAN_POINT ( 'NONE',  ( 48.90268375939400869, 12.00000000000000000, -42.80586907449208667 ) ) ;
#955 = VERTEX_POINT ( 'NONE', #2054 ) ;
#956 = EDGE_CURVE ( 'NONE', #2025, #1859, #1778, .T. ) ;
#957 = CIRCLE ( 'NONE', #2509, 3.500000000000003109 ) ;
#958 = ORIENTED_EDGE ( 'NONE', *, *, #1656, .T. ) ;
#959 = VECTOR ( 'NONE', #1484, 1000.000000000000000 ) ;
#960 = DIRECTION ( 'NONE',  ( 1.734723475976807094E-16, 0.000000000000000000, 1.000000000000000000 ) ) ;
#961 = DIRECTION ( 'NONE',  ( 0.000000000000000000, 0.000000000000000000, -1.000000000000000000 ) ) ;
#962 = VERTEX_POINT ( 'NONE', #99 ) ;
#963 = CARTESIAN_POINT ( 'NONE',  ( 1.402683759393973828, 5.000000000000000000, -6.630869074492112603 ) ) ;
#964 = DIRECTION ( 'NONE',  ( 1.000000000000000000, 0.000000000000000000, 0.000000000000000000 ) ) ;
#965 = DIRECTION ( 'NONE',  ( -0.000000000000000000, -1.000000000000000000, -0.000000000000000000 ) ) ;
#966 = DIRECTION ( 'NONE',  ( 0.000000000000000000, 1.000000000000000000, 0.000000000000000000 ) ) ;
#967 = EDGE_CURVE ( 'NONE', #270, #2429, #570, .T. ) ;
#968 = LINE ( 'NONE', #1803, #1265 ) ;
#969 = DIRECTION ( 'NONE',  ( 0.000000000000000000, -0.000000000000000000, 1.000000000000000000 ) ) ;
#970 = ORIENTED_EDGE ( 'NONE', *, *, #2231, .T. ) ;
#971 = ORIENTED_EDGE ( 'NONE', *, *, #889, .T. ) ;
#972 = DIRECTION ( 'NONE',  ( -0.000000000000000000, 1.000000000000000000, 0.000000000000000000 ) ) ;
#973 =( GEOMETRIC_REPRESENTATION_CONTEXT ( 3 ) GLOBAL_UNCERTAINTY_ASSIGNED_CONTEXT ( ( #1658 ) ) GLOBAL_UNIT_ASSIGNED_CONTEXT ( ( #104, #853, #1060 ) ) REPRESENTATION_CONTEXT ( 'NONE', 'WORKASPACE' ) );
#974 = CARTESIAN_POINT ( 'NONE',  ( 41.40268375939400158, 12.00000000000000000, 0.000000000000000000 ) ) ;
#975 =( LENGTH_UNIT ( ) NAMED_UNIT ( * ) SI_UNIT ( .MILLI., .METRE. ) );
#976 = LINE ( 'NONE', #1175, #2548 ) ;
#977 = CARTESIAN_POINT ( 'NONE',  ( -55.09731624060602684, 12.00000000000000000, -49.30586907449208667 ) ) ;
#978 = CARTESIAN_POINT ( 'NONE',  ( -51.09731624060602684, 12.00000000000000000, -45.30586907449209377 ) ) ;
#979 = LINE ( 'NONE', #1627, #2289 ) ;
#980 = EDGE_CURVE ( 'NONE', #297, #2440, #1427, .T. ) ;
#981 = LINE ( 'NONE', #566, #2626 ) ;
#982 = ORIENTED_EDGE ( 'NONE', *, *, #2117, .F. ) ;
#983 = EDGE_LOOP ( 'NONE', ( #652, #878, #2109, #970 ) ) ;
#984 = DIRECTION ( 'NONE',  ( 0.000000000000000000, 0.000000000000000000, -1.000000000000000000 ) ) ;
#985 = VECTOR ( 'NONE', #1568, 1000.000000000000000 ) ;
#986 = CARTESIAN_POINT ( 'NONE',  ( 43.90268375939398737, 5.000000000000000000, 29.13887441235547016 ) ) ;
#987 = DIRECTION ( 'NONE',  ( -0.000000000000000000, -1.000000000000000000, 0.000000000000000000 ) ) ;
#988 = DIRECTION ( 'NONE',  ( 8.788338571682102257E-17, 0.000000000000000000, 1.000000000000000000 ) ) ;
#989 = EDGE_CURVE ( 'NONE', #1895, #2654, #1297, .T. ) ;
#990 = CARTESIAN_POINT ( 'NONE',  ( 43.11454910002520080, 4.999999999999997335, -6.630869074492097504 ) ) ;
#991 = CARTESIAN_POINT ( 'NONE',  ( -47.09731624060600552, 15.00000000000000000, 27.68317820982385769 ) ) ;
#992 = EDGE_CURVE ( 'NONE', #2564, #441, #2643, .T. ) ;
#993 = AXIS2_PLACEMENT_3D ( 'NONE', #1165, #2192, #306 ) ;
#994 = CARTESIAN_POINT ( 'NONE',  ( 51.90268375939398737, 15.00000000000000000, 7.499387438660309435 ) ) ;
#995 = AXIS2_PLACEMENT_3D ( 'NONE', #868, #881, #2575 ) ;
#996 = CARTESIAN_POINT ( 'NONE',  ( 48.90268375939400869, 12.00000000000000000, -47.80586907449209377 ) ) ;
#997 = ORIENTED_EDGE ( 'NONE', *, *, #2506, .F. ) ;
#998 = DIRECTION ( 'NONE',  ( 0.000000000000000000, 0.000000000000000000, 1.000000000000000000 ) ) ;
#999 = ORIENTED_EDGE ( 'NONE', *, *, #2299, .F. ) ;
#1000 = ORIENTED_EDGE ( 'NONE', *, *, #244, .F. ) ;
#1001 = AXIS2_PLACEMENT_3D ( 'NONE', #2261, #2736, #2036 ) ;
#1002 = DIRECTION ( 'NONE',  ( 0.000000000000000000, 0.000000000000000000, 1.000000000000000000 ) ) ;
#1003 = EDGE_CURVE ( 'NONE', #2361, #1354, #2684, .T. ) ;
#1004 =( NAMED_UNIT ( * ) SI_UNIT ( $, .STERADIAN. ) SOLID_ANGLE_UNIT ( ) );
#1005 = CARTESIAN_POINT ( 'NONE',  ( -55.09731624060602684, 12.00000000000000000, -41.30586907449208667 ) ) ;
#1006 = EDGE_CURVE ( 'NONE', #1309, #1280, #533, .T. ) ;
#1007 = CARTESIAN_POINT ( 'NONE',  ( -43.59731624060600552, 5.000000000000000000, 3.831479759391403016E-15 ) ) ;
#1008 = CYLINDRICAL_SURFACE ( 'NONE', #2273, 1.500000000000001332 ) ;
#1009 = DIRECTION ( 'NONE',  ( -0.000000000000000000, 1.000000000000000000, -0.000000000000000000 ) ) ;
#1010 = LINE ( 'NONE', #1830, #2491 ) ;
#1011 = ORIENTED_EDGE ( 'NONE', *, *, #1647, .T. ) ;
#1012 = CYLINDRICAL_SURFACE ( 'NONE', #13, 3.500000000000000000 ) ;
#1013 = ORIENTED_EDGE ( 'NONE', *, *, #2150, .T. ) ;
#1014 = ORIENTED_EDGE ( 'NONE', *, *, #264, .F. ) ;
#1015 = DIRECTION ( 'NONE',  ( 0.000000000000000000, -1.000000000000000000, 0.000000000000000000 ) ) ;
#1016 = DIRECTION ( 'NONE',  ( 1.000000000000000000, 0.000000000000000000, -1.734723475976807094E-16 ) ) ;
#1017 = EDGE_CURVE ( 'NONE', #40, #1311, #779, .T. ) ;
#1018 = DIRECTION ( 'NONE',  ( -1.000000000000000000, 0.000000000000000000, 0.000000000000000000 ) ) ;
#1019 = LINE ( 'NONE', #607, #1348 ) ;
#1020 = DIRECTION ( 'NONE',  ( 0.000000000000000000, 0.000000000000000000, 1.000000000000000000 ) ) ;
#1021 = CARTESIAN_POINT ( 'NONE',  ( 0.000000000000000000, 12.00000000000000000, 0.000000000000000000 ) ) ;
#1022 = VERTEX_POINT ( 'NONE', #2267 ) ;
#1023 = CARTESIAN_POINT ( 'NONE',  ( -42.59731624060599131, 15.00000000000000000, 104.6941309255078920 ) ) ;
#1024 = EDGE_CURVE ( 'NONE', #1410, #962, #2041, .T. ) ;
#1025 = ORIENTED_EDGE ( 'NONE', *, *, #1814, .F. ) ;
#1026 = EDGE_LOOP ( 'NONE', ( #2121, #1781, #1142, #378 ) ) ;
#1027 = DIRECTION ( 'NONE',  ( -0.000000000000000000, -1.000000000000000000, 0.000000000000000000 ) ) ;
#1028 = VECTOR ( 'NONE', #903, 1000.000000000000000 ) ;
#1029 = EDGE_CURVE ( 'NONE', #1492, #71, #752, .T. ) ;
#1030 = VECTOR ( 'NONE', #1457, 1000.000000000000000 ) ;
#1031 = CYLINDRICAL_SURFACE ( 'NONE', #1479, 3.500000000000000000 ) ;
#1032 = EDGE_CURVE ( 'NONE', #441, #1227, #1523, .T. ) ;
#1033 = LINE ( 'NONE', #2100, #2009 ) ;
#1034 = CARTESIAN_POINT ( 'NONE',  ( -2.097316240606026394, 4.999999999999997335, -6.630869074492111714 ) ) ;
#1035 = EDGE_CURVE ( 'NONE', #1524, #1492, #143, .T. ) ;
#1036 = CYLINDRICAL_SURFACE ( 'NONE', #257, 3.499999999999999556 ) ;
#1037 = ORIENTED_EDGE ( 'NONE', *, *, #662, .F. ) ;
#1038 = AXIS2_PLACEMENT_3D ( 'NONE', #2011, #115, #1002 ) ;
#1039 = DIRECTION ( 'NONE',  ( 0.000000000000000000, 0.000000000000000000, 1.000000000000000000 ) ) ;
#1040 = AXIS2_PLACEMENT_3D ( 'NONE', #271, #653, #1508 ) ;
#1041 = ORIENTED_EDGE ( 'NONE', *, *, #829, .F. ) ;
#1042 = EDGE_LOOP ( 'NONE', ( #224, #2600, #786, #428 ) ) ;
#1043 = CARTESIAN_POINT ( 'NONE',  ( -51.59731624060601263, 15.00000000000000000, -13.63086907449211438 ) ) ;
#1044 = AXIS2_PLACEMENT_3D ( 'NONE', #1376, #2189, #122 ) ;
#1045 = ORIENTED_EDGE ( 'NONE', *, *, #1807, .T. ) ;
#1046 = FACE_OUTER_BOUND ( 'NONE', #2400, .T. ) ;
#1047 = LINE ( 'NONE', #1703, #1860 ) ;
#1048 = CARTESIAN_POINT ( 'NONE',  ( 37.15268375939399448, 12.00000000000000000, 101.9441309255078920 ) ) ;
#1049 = DIRECTION ( 'NONE',  ( 0.000000000000000000, -1.000000000000000000, 0.000000000000000000 ) ) ;
#1050 = EDGE_LOOP ( 'NONE', ( #1424, #80, #1299, #1845, #1733, #1252, #1772, #1078, #1107, #2514, #1575, #1344, #2395, #366 ) ) ;
#1051 = EDGE_CURVE ( 'NONE', #2343, #191, #1263, .T. ) ;
#1052 = CARTESIAN_POINT ( 'NONE',  ( -2.097316240606025506, 58.09772228646443182, -3.630869074492109050 ) ) ;
#1053 = ORIENTED_EDGE ( 'NONE', *, *, #2117, .T. ) ;
#1054 = FACE_OUTER_BOUND ( 'NONE', #1368, .T. ) ;
#1055 = EDGE_LOOP ( 'NONE', ( #2251, #2291, #407, #1041 ) ) ;
#1056 = DIRECTION ( 'NONE',  ( -1.151683635503274765E-16, 0.000000000000000000, -1.000000000000000000 ) ) ;
#1057 = VERTEX_POINT ( 'NONE', #1850 ) ;
#1058 = FACE_BOUND ( 'NONE', #2349, .T. ) ;
#1059 = AXIS2_PLACEMENT_3D ( 'NONE', #845, #637, #1486 ) ;
#1060 =( NAMED_UNIT ( * ) SI_UNIT ( $, .STERADIAN. ) SOLID_ANGLE_UNIT ( ) );
#1061 = CIRCLE ( 'NONE', #177, 3.500000000000003109 ) ;
#1062 = LINE ( 'NONE', #1904, #869 ) ;
#1063 = DIRECTION ( 'NONE',  ( -0.000000000000000000, 1.000000000000000000, -0.000000000000000000 ) ) ;
#1064 = ORIENTED_EDGE ( 'NONE', *, *, #595, .T. ) ;
#1065 = FACE_BOUND ( 'NONE', #2130, .T. ) ;
#1066 = ORIENTED_EDGE ( 'NONE', *, *, #262, .T. ) ;
#1067 = ADVANCED_FACE ( 'NONE', ( #1861 ), #418, .F. ) ;
#1068 = FACE_BOUND ( 'NONE', #457, .T. ) ;
#1069 = ORIENTED_EDGE ( 'NONE', *, *, #1248, .T. ) ;
#1070 = DIRECTION ( 'NONE',  ( 0.000000000000000000, 0.000000000000000000, 1.000000000000000000 ) ) ;
#1071 = ORIENTED_EDGE ( 'NONE', *, *, #2738, .F. ) ;
#1072 = VERTEX_POINT ( 'NONE', #2542 ) ;
#1073 = CARTESIAN_POINT ( 'NONE',  ( 48.90268375939400869, 0.000000000000000000, -45.30586907449209377 ) ) ;
#1074 = AXIS2_PLACEMENT_3D ( 'NONE', #307, #1498, #924 ) ;
#1075 = FACE_OUTER_BOUND ( 'NONE', #329, .T. ) ;
#1076 = ADVANCED_FACE ( 'NONE', ( #184 ), #1510, .T. ) ;
#1077 = CARTESIAN_POINT ( 'NONE',  ( 48.90268375939400869, 0.000000000000000000, -47.80586907449209377 ) ) ;
#1078 = ORIENTED_EDGE ( 'NONE', *, *, #1032, .T. ) ;
#1079 = CIRCLE ( 'NONE', #1918, 3.499999999999999556 ) ;
#1080 = CARTESIAN_POINT ( 'NONE',  ( 1.402683759393974272, 5.000000000000000000, -3.630869074492109494 ) ) ;
#1081 = ORIENTED_EDGE ( 'NONE', *, *, #1669, .T. ) ;
#1082 = DIRECTION ( 'NONE',  ( -0.000000000000000000, -1.000000000000000000, -0.000000000000000000 ) ) ;
#1083 = ORIENTED_EDGE ( 'NONE', *, *, #796, .T. ) ;
#1084 = EDGE_CURVE ( 'NONE', #944, #1072, #552, .T. ) ;
#1085 = DIRECTION ( 'NONE',  ( -1.000000000000000000, 0.000000000000000000, 1.228122814850837064E-16 ) ) ;
#1086 = ORIENTED_EDGE ( 'NONE', *, *, #1383, .T. ) ;
#1087 = DIRECTION ( 'NONE',  ( 0.9701425001453318764, 0.000000000000000000, -0.2425356250363331634 ) ) ;
#1088 = ORIENTED_EDGE ( 'NONE', *, *, #1732, .F. ) ;
#1089 = DIRECTION ( 'NONE',  ( 0.000000000000000000, 0.000000000000000000, 1.000000000000000000 ) ) ;
#1090 = AXIS2_PLACEMENT_3D ( 'NONE', #2201, #1797, #1999 ) ;
#1091 = DIRECTION ( 'NONE',  ( 0.000000000000000000, 0.000000000000000000, -1.000000000000000000 ) ) ;
#1092 = EDGE_CURVE ( 'NONE', #1464, #9, #419, .T. ) ;
#1093 = CIRCLE ( 'NONE', #953, 2.499999999999998224 ) ;
#1094 = DIRECTION ( 'NONE',  ( 0.000000000000000000, -1.000000000000000000, 0.000000000000000000 ) ) ;
#1095 = VECTOR ( 'NONE', #287, 1000.000000000000000 ) ;
#1096 = VERTEX_POINT ( 'NONE', #615 ) ;
#1097 = DIRECTION ( 'NONE',  ( -0.000000000000000000, -1.000000000000000000, -0.000000000000000000 ) ) ;
#1098 = ORIENTED_EDGE ( 'NONE', *, *, #1003, .T. ) ;
#1099 = LINE ( 'NONE', #2606, #2732 ) ;
#1100 = EDGE_LOOP ( 'NONE', ( #462, #1806 ) ) ;
#1101 = DIRECTION ( 'NONE',  ( 1.000000000000000000, -0.000000000000000000, 0.000000000000000000 ) ) ;
#1102 = VERTEX_POINT ( 'NONE', #2709 ) ;
#1103 = ORIENTED_EDGE ( 'NONE', *, *, #791, .F. ) ;
#1104 = ORIENTED_EDGE ( 'NONE', *, *, #2753, .F. ) ;
#1105 = EDGE_CURVE ( 'NONE', #15, #1462, #2453, .T. ) ;
#1106 = CARTESIAN_POINT ( 'NONE',  ( 39.61454910002519370, 5.000000000000000000, -6.630869074492097504 ) ) ;
#1107 = ORIENTED_EDGE ( 'NONE', *, *, #2184, .F. ) ;
#1108 = FACE_BOUND ( 'NONE', #1516, .T. ) ;
#1109 = ORIENTED_EDGE ( 'NONE', *, *, #2294, .T. ) ;
#1110 = DIRECTION ( 'NONE',  ( -1.734723475976807094E-15, 0.000000000000000000, 1.000000000000000000 ) ) ;
#1111 = ORIENTED_EDGE ( 'NONE', *, *, #2712, .F. ) ;
#1112 = CARTESIAN_POINT ( 'NONE',  ( -42.59731624060599131, 5.000000000000000000, 108.1941309255078920 ) ) ;
#1113 = ORIENTED_EDGE ( 'NONE', *, *, #783, .F. ) ;
#1114 = ADVANCED_FACE ( 'NONE', ( #806 ), #1873, .T. ) ;
#1115 = VERTEX_POINT ( 'NONE', #1911 ) ;
#1116 = CARTESIAN_POINT ( 'NONE',  ( -31.84731624060603039, 58.09772228646443182, -7.630869074492109050 ) ) ;
#1117 = EDGE_CURVE ( 'NONE', #1138, #381, #1713, .T. ) ;
#1118 = EDGE_CURVE ( 'NONE', #625, #1680, #195, .T. ) ;
#1119 = CARTESIAN_POINT ( 'NONE',  ( 51.90268375939396606, 0.000000000000000000, -51.80586907449210088 ) ) ;
#1120 = VECTOR ( 'NONE', #1260, 1000.000000000000000 ) ;
#1121 = VECTOR ( 'NONE', #588, 1000.000000000000000 ) ;
#1122 = ORIENTED_EDGE ( 'NONE', *, *, #1941, .F. ) ;
#1123 = DIRECTION ( 'NONE',  ( -0.000000000000000000, 1.000000000000000000, -0.000000000000000000 ) ) ;
#1124 = EDGE_CURVE ( 'NONE', #2008, #52, #1281, .T. ) ;
#1125 = VERTEX_POINT ( 'NONE', #601 ) ;
#1126 = CARTESIAN_POINT ( 'NONE',  ( 37.15268375939399448, 12.00000000000000000, 103.4441309255078920 ) ) ;
#1127 = ORIENTED_EDGE ( 'NONE', *, *, #51, .T. ) ;
#1128 = ORIENTED_EDGE ( 'NONE', *, *, #1541, .T. ) ;
#1129 = EDGE_CURVE ( 'NONE', #2725, #890, #1466, .T. ) ;
#1130 = EDGE_LOOP ( 'NONE', ( #882, #1066, #402, #1109, #324, #1396, #2364, #502 ) ) ;
#1131 = VECTOR ( 'NONE', #2500, 1000.000000000000000 ) ;
#1132 = FACE_OUTER_BOUND ( 'NONE', #1168, .T. ) ;
#1133 = AXIS2_PLACEMENT_3D ( 'NONE', #2401, #2411, #1989 ) ;
#1134 = AXIS2_PLACEMENT_3D ( 'NONE', #2460, #2670, #2686 ) ;
#1135 = CARTESIAN_POINT ( 'NONE',  ( 51.90268375939398737, 0.000000000000000000, 7.499387438660309435 ) ) ;
#1136 = VECTOR ( 'NONE', #1009, 1000.000000000000000 ) ;
#1137 = CARTESIAN_POINT ( 'NONE',  ( 20.47181406973220774, 5.000000000000000000, 99.19413092550787781 ) ) ;
#1138 = VERTEX_POINT ( 'NONE', #1899 ) ;
#1139 = DIRECTION ( 'NONE',  ( 1.000000000000000000, -0.000000000000000000, 0.000000000000000000 ) ) ;
#1140 = ADVANCED_FACE ( 'NONE', ( #835 ), #2348, .F. ) ;
#1141 = CYLINDRICAL_SURFACE ( 'NONE', #1074, 3.500000000000003109 ) ;
#1142 = ORIENTED_EDGE ( 'NONE', *, *, #1124, .F. ) ;
#1143 = ORIENTED_EDGE ( 'NONE', *, *, #505, .T. ) ;
#1144 = CARTESIAN_POINT ( 'NONE',  ( 41.40268375939400158, 15.00000000000000000, 27.68317820982386834 ) ) ;
#1145 = CARTESIAN_POINT ( 'NONE',  ( -43.59731624060600552, 15.00000000000000000, 3.831479759391403016E-15 ) ) ;
#1146 = DIRECTION ( 'NONE',  ( 0.000000000000000000, 1.000000000000000000, -0.000000000000000000 ) ) ;
#1147 = LINE ( 'NONE', #2003, #2381 ) ;
#1148 = ORIENTED_EDGE ( 'NONE', *, *, #2090, .F. ) ;
#1149 = ADVANCED_FACE ( 'NONE', ( #2319 ), #1493, .T. ) ;
#1150 = PLANE ( 'NONE',  #2501 ) ;
#1151 = CARTESIAN_POINT ( 'NONE',  ( 45.04656229815406476, 15.00000000000000000, 26.22964386981125884 ) ) ;
#1152 = ORIENTED_EDGE ( 'NONE', *, *, #1598, .T. ) ;
#1153 = AXIS2_PLACEMENT_3D ( 'NONE', #2462, #563, #781 ) ;
#1154 = ADVANCED_FACE ( 'NONE', ( #655 ), #641, .T. ) ;
#1155 = ORIENTED_EDGE ( 'NONE', *, *, #1105, .F. ) ;
#1156 = CARTESIAN_POINT ( 'NONE',  ( 44.37806992294500930, 0.000000000000000000, 27.37770686201808701 ) ) ;
#1157 = CARTESIAN_POINT ( 'NONE',  ( 41.87806992294502351, 5.000000000000000000, 25.92201065948648520 ) ) ;
#1158 = EDGE_LOOP ( 'NONE', ( #125, #2171, #1422, #380, #2579, #2757, #1196, #1013, #2136, #1795 ) ) ;
#1159 = APPLICATION_PROTOCOL_DEFINITION ( 'draft international standard', 'automotive_design', 1998, #1286 ) ;
#1160 = VECTOR ( 'NONE', #1823, 1000.000000000000000 ) ;
#1161 = CARTESIAN_POINT ( 'NONE',  ( -47.09731624060602684, 12.00000000000000000, -49.30586907449208667 ) ) ;
#1162 = EDGE_CURVE ( 'NONE', #1462, #15, #1538, .T. ) ;
#1163 = CARTESIAN_POINT ( 'NONE',  ( -43.59731624060599842, 5.000000000000000000, 96.19413092550787781 ) ) ;
#1164 = CARTESIAN_POINT ( 'NONE',  ( 0.000000000000000000, 5.000000000000000000, 0.000000000000000000 ) ) ;
#1165 = CARTESIAN_POINT ( 'NONE',  ( 49.40268375939400869, 5.000000000000000888, 6.043691236128693411 ) ) ;
#1166 = VECTOR ( 'NONE', #719, 1000.000000000000000 ) ;
#1167 = LINE ( 'NONE', #938, #2142 ) ;
#1168 = EDGE_LOOP ( 'NONE', ( #1307, #2637, #285, #91, #1966, #663 ) ) ;
#1169 = ORIENTED_EDGE ( 'NONE', *, *, #277, .T. ) ;
#1170 = CYLINDRICAL_SURFACE ( 'NONE', #2279, 2.500000000000002220 ) ;
#1171 = CARTESIAN_POINT ( 'NONE',  ( 51.90268375939396606, 0.000000000000000000, -48.30586907449210088 ) ) ;
#1172 = VERTEX_POINT ( 'NONE', #14 ) ;
#1173 = LINE ( 'NONE', #330, #1319 ) ;
#1174 = AXIS2_PLACEMENT_3D ( 'NONE', #2756, #2296, #1698 ) ;
#1175 = CARTESIAN_POINT ( 'NONE',  ( 52.90268375939400869, 15.00000000000000000, -49.30586907449210088 ) ) ;
#1176 = EDGE_CURVE ( 'NONE', #22, #2336, #2591, .T. ) ;
#1177 = AXIS2_PLACEMENT_3D ( 'NONE', #1943, #1296, #2120 ) ;
#1178 = DIRECTION ( 'NONE',  ( -0.000000000000000000, -1.000000000000000000, 0.000000000000000000 ) ) ;
#1179 = AXIS2_PLACEMENT_3D ( 'NONE', #231, #1346, #467 ) ;
#1180 = CARTESIAN_POINT ( 'NONE',  ( -57.59731624060602684, 0.000000000000000000, -48.30586907449208667 ) ) ;
#1181 = CIRCLE ( 'NONE', #112, 2.500000000000002220 ) ;
#1182 = CARTESIAN_POINT ( 'NONE',  ( -40.09731624060599131, 5.000000000000000000, 99.69413092550787781 ) ) ;
#1183 = VECTOR ( 'NONE', #1545, 1000.000000000000000 ) ;
#1184 = CARTESIAN_POINT ( 'NONE',  ( 44.90268375939400869, 12.00000000000000000, -44.80586907449209377 ) ) ;
#1185 = ORIENTED_EDGE ( 'NONE', *, *, #1242, .F. ) ;
#1186 = ORIENTED_EDGE ( 'NONE', *, *, #761, .F. ) ;
#1187 = CARTESIAN_POINT ( 'NONE',  ( -43.59731624060602684, 5.000000000000000000, -10.13086907449211438 ) ) ;
#1188 = DIRECTION ( 'NONE',  ( 0.000000000000000000, 0.000000000000000000, 1.000000000000000000 ) ) ;
#1189 = CARTESIAN_POINT ( 'NONE',  ( -40.09731624060599131, 12.00000000000000000, 96.19413092550787781 ) ) ;
#1190 = DIRECTION ( 'NONE',  ( -0.000000000000000000, -1.000000000000000000, -0.000000000000000000 ) ) ;
#1191 = EDGE_CURVE ( 'NONE', #1262, #365, #1929, .T. ) ;
#1192 = DIRECTION ( 'NONE',  ( 0.000000000000000000, -1.000000000000000000, 0.000000000000000000 ) ) ;
#1193 = CARTESIAN_POINT ( 'NONE',  ( -43.59731624060600552, 15.00000000000000000, 27.68317820982385769 ) ) ;
#1194 = DIRECTION ( 'NONE',  ( 0.000000000000000000, 0.000000000000000000, 1.000000000000000000 ) ) ;
#1195 = LINE ( 'NONE', #1449, #1958 ) ;
#1196 = ORIENTED_EDGE ( 'NONE', *, *, #2034, .T. ) ;
#1197 = VECTOR ( 'NONE', #2050, 1000.000000000000000 ) ;
#1198 = ORIENTED_EDGE ( 'NONE', *, *, #155, .F. ) ;
#1199 = EDGE_CURVE ( 'NONE', #1524, #1316, #2141, .T. ) ;
#1200 = FACE_OUTER_BOUND ( 'NONE', #2315, .T. ) ;
#1201 = VECTOR ( 'NONE', #1192, 1000.000000000000000 ) ;
#1202 = CARTESIAN_POINT ( 'NONE',  ( -35.52818593026789529, 5.000000000000000000, 99.69413092550787781 ) ) ;
#1203 = CARTESIAN_POINT ( 'NONE',  ( 43.11454910002520080, 4.999999999999997335, -3.630869074492097059 ) ) ;
#1204 = EDGE_CURVE ( 'NONE', #2012, #1465, #246, .T. ) ;
#1205 = ADVANCED_FACE ( 'NONE', ( #482 ), #908, .T. ) ;
#1206 = LINE ( 'NONE', #1375, #795 ) ;
#1207 = DIRECTION ( 'NONE',  ( -0.5031907286678237723, 0.000000000000000000, 0.8641753818425659261 ) ) ;
#1208 = DIRECTION ( 'NONE',  ( 0.000000000000000000, 0.000000000000000000, 1.000000000000000000 ) ) ;
#1209 = FACE_OUTER_BOUND ( 'NONE', #338, .T. ) ;
#1210 = VERTEX_POINT ( 'NONE', #701 ) ;
#1211 = EDGE_CURVE ( 'NONE', #207, #636, #453, .T. ) ;
#1212 = PLANE ( 'NONE',  #1423 ) ;
#1213 = VERTEX_POINT ( 'NONE', #1119 ) ;
#1214 = ORIENTED_EDGE ( 'NONE', *, *, #1398, .F. ) ;
#1215 = CIRCLE ( 'NONE', #1567, 3.500000000000003109 ) ;
#1216 = DIRECTION ( 'NONE',  ( -0.000000000000000000, 1.000000000000000000, -0.000000000000000000 ) ) ;
#1217 = VECTOR ( 'NONE', #1436, 1000.000000000000000 ) ;
#1218 = CARTESIAN_POINT ( 'NONE',  ( 48.40268375939401579, 12.00000000000000000, -41.30586907449208667 ) ) ;
#1219 = CARTESIAN_POINT ( 'NONE',  ( -49.59731624060601263, 5.000000000000000000, 29.13887441235550568 ) ) ;
#1220 = CARTESIAN_POINT ( 'NONE',  ( -39.34731624060599842, 0.000000000000000000, 103.4441309255078920 ) ) ;
#1221 = CARTESIAN_POINT ( 'NONE',  ( 49.40268375939400869, 12.00000000000000355, -13.63086907449209662 ) ) ;
#1222 = LINE ( 'NONE', #2274, #1673 ) ;
#1223 = AXIS2_PLACEMENT_3D ( 'NONE', #2042, #2030, #131 ) ;
#1224 = DIRECTION ( 'NONE',  ( 0.000000000000000000, 1.000000000000000000, 0.000000000000000000 ) ) ;
#1225 = ORIENTED_EDGE ( 'NONE', *, *, #2580, .T. ) ;
#1226 = DIRECTION ( 'NONE',  ( 0.000000000000000000, 1.000000000000000000, 0.000000000000000000 ) ) ;
#1227 = VERTEX_POINT ( 'NONE', #2590 ) ;
#1228 = ADVANCED_FACE ( 'NONE', ( #1306 ), #1758, .F. ) ;
#1229 = ORIENTED_EDGE ( 'NONE', *, *, #945, .F. ) ;
#1230 = CIRCLE ( 'NONE', #2688, 3.499999999999999556 ) ;
#1231 = CARTESIAN_POINT ( 'NONE',  ( -2.097316240606023285, 12.00000000000000355, -10.13086907449208951 ) ) ;
#1232 = CARTESIAN_POINT ( 'NONE',  ( 21.32068875735937397, 5.000000000000000000, 102.5896296760165569 ) ) ;
#1233 = DIRECTION ( 'NONE',  ( -1.000000000000000000, 0.000000000000000000, 1.228122814850837064E-16 ) ) ;
#1234 = DIRECTION ( 'NONE',  ( -1.000000000000000000, 0.000000000000000000, 0.000000000000000000 ) ) ;
#1235 = LINE ( 'NONE', #1408, #1136 ) ;
#1236 = DIRECTION ( 'NONE',  ( 0.000000000000000000, 0.000000000000000000, 1.000000000000000000 ) ) ;
#1237 = ORIENTED_EDGE ( 'NONE', *, *, #2492, .T. ) ;
#1238 = CARTESIAN_POINT ( 'NONE',  ( -51.09731624060602684, 12.00000000000000000, -47.80586907449209377 ) ) ;
#1239 = ORIENTED_EDGE ( 'NONE', *, *, #2340, .F. ) ;
#1240 = EDGE_CURVE ( 'NONE', #9, #1464, #1623, .T. ) ;
#1241 = VERTEX_POINT ( 'NONE', #1730 ) ;
#1242 = EDGE_CURVE ( 'NONE', #1115, #33, #1360, .T. ) ;
#1243 = DIRECTION ( 'NONE',  ( 0.000000000000000000, 1.000000000000000000, 0.000000000000000000 ) ) ;
#1244 = FACE_OUTER_BOUND ( 'NONE', #680, .T. ) ;
#1245 = EDGE_CURVE ( 'NONE', #830, #282, #1947, .T. ) ;
#1246 = FACE_OUTER_BOUND ( 'NONE', #558, .T. ) ;
#1247 = DIRECTION ( 'NONE',  ( -0.000000000000000000, -1.000000000000000000, -0.000000000000000000 ) ) ;
#1248 = EDGE_CURVE ( 'NONE', #1316, #1969, #66, .T. ) ;
#1249 = DIRECTION ( 'NONE',  ( 1.000000000000000000, 0.000000000000000000, 0.000000000000000000 ) ) ;
#1250 = ORIENTED_EDGE ( 'NONE', *, *, #1032, .F. ) ;
#1251 = DIRECTION ( 'NONE',  ( 0.000000000000000000, -1.000000000000000000, 0.000000000000000000 ) ) ;
#1252 = ORIENTED_EDGE ( 'NONE', *, *, #2323, .T. ) ;
#1253 = ORIENTED_EDGE ( 'NONE', *, *, #120, .F. ) ;
#1254 = DIRECTION ( 'NONE',  ( 0.000000000000000000, 0.000000000000000000, 1.000000000000000000 ) ) ;
#1255 = ORIENTED_EDGE ( 'NONE', *, *, #1211, .T. ) ;
#1256 = AXIS2_PLACEMENT_3D ( 'NONE', #1073, #1353, #79 ) ;
#1257 = CARTESIAN_POINT ( 'NONE',  ( -51.59731624060601263, 58.09772228646443182, 3.369130925507890950 ) ) ;
#1258 = ADVANCED_FACE ( 'NONE', ( #1075 ), #263, .T. ) ;
#1259 = DIRECTION ( 'NONE',  ( -0.9701425001453318764, 0.000000000000000000, -0.2425356250363331634 ) ) ;
#1260 = DIRECTION ( 'NONE',  ( -4.606734542013097089E-16, 0.000000000000000000, -1.000000000000000000 ) ) ;
#1261 = CARTESIAN_POINT ( 'NONE',  ( 0.000000000000000000, 0.000000000000000000, 0.000000000000000000 ) ) ;
#1262 = VERTEX_POINT ( 'NONE', #1106 ) ;
#1263 = CIRCLE ( 'NONE', #1038, 3.500000000000003109 ) ;
#1264 = CARTESIAN_POINT ( 'NONE',  ( -46.09731624060601263, 15.00000000000000000, 29.13887441235550568 ) ) ;
#1265 = VECTOR ( 'NONE', #1817, 1000.000000000000000 ) ;
#1266 = VERTEX_POINT ( 'NONE', #2386 ) ;
#1267 = AXIS2_PLACEMENT_3D ( 'NONE', #676, #2163, #1959 ) ;
#1268 = EDGE_LOOP ( 'NONE', ( #2582, #1382 ) ) ;
#1269 = DIRECTION ( 'NONE',  ( 0.000000000000000000, 0.000000000000000000, 1.000000000000000000 ) ) ;
#1270 = ORIENTED_EDGE ( 'NONE', *, *, #1774, .F. ) ;
#1271 = DIRECTION ( 'NONE',  ( 0.000000000000000000, -1.000000000000000000, 0.000000000000000000 ) ) ;
#1272 = DIRECTION ( 'NONE',  ( 0.000000000000000000, 1.000000000000000000, 0.000000000000000000 ) ) ;
#1273 = DIRECTION ( 'NONE',  ( -0.000000000000000000, 1.000000000000000000, -0.000000000000000000 ) ) ;
#1274 = EDGE_CURVE ( 'NONE', #2012, #2091, #1919, .T. ) ;
#1275 = CARTESIAN_POINT ( 'NONE',  ( 39.61454910002519370, 12.00000000000000355, -10.13086907449209662 ) ) ;
#1276 = VERTEX_POINT ( 'NONE', #690 ) ;
#1277 = DIRECTION ( 'NONE',  ( -0.000000000000000000, -1.000000000000000000, 0.000000000000000000 ) ) ;
#1278 = ORIENTED_EDGE ( 'NONE', *, *, #1334, .F. ) ;
#1279 = CARTESIAN_POINT ( 'NONE',  ( 39.61454910002519370, 12.00000000000000355, -10.13086907449209662 ) ) ;
#1280 = VERTEX_POINT ( 'NONE', #1320 ) ;
#1281 = LINE ( 'NONE', #2530, #1131 ) ;
#1282 = ORIENTED_EDGE ( 'NONE', *, *, #36, .F. ) ;
#1283 = EDGE_CURVE ( 'NONE', #1022, #68, #21, .T. ) ;
#1284 = DIRECTION ( 'NONE',  ( 1.000000000000000000, 0.000000000000000000, 0.000000000000000000 ) ) ;
#1285 = LINE ( 'NONE', #1151, #2446 ) ;
#1286 = APPLICATION_CONTEXT ( 'automotive_design' ) ;
#1287 = VECTOR ( 'NONE', #1251, 1000.000000000000000 ) ;
#1288 = ADVANCED_FACE ( 'NONE', ( #2604 ), #50, .F. ) ;
#1289 = DIRECTION ( 'NONE',  ( 0.000000000000000000, 0.000000000000000000, 1.000000000000000000 ) ) ;
#1290 = LINE ( 'NONE', #1371, #2021 ) ;
#1291 = ORIENTED_EDGE ( 'NONE', *, *, #88, .F. ) ;
#1292 = DIRECTION ( 'NONE',  ( 0.000000000000000000, 0.000000000000000000, 1.000000000000000000 ) ) ;
#1293 = ORIENTED_EDGE ( 'NONE', *, *, #327, .F. ) ;
#1294 = CYLINDRICAL_SURFACE ( 'NONE', #340, 2.500000000000002220 ) ;
#1295 = ORIENTED_EDGE ( 'NONE', *, *, #2605, .T. ) ;
#1296 = DIRECTION ( 'NONE',  ( 7.709882115452478166E-17, 0.000000000000000000, -1.000000000000000000 ) ) ;
#1297 = CIRCLE ( 'NONE', #90, 3.500000000000003109 ) ;
#1298 = EDGE_CURVE ( 'NONE', #2356, #139, #469, .T. ) ;
#1299 = ORIENTED_EDGE ( 'NONE', *, *, #1849, .F. ) ;
#1300 = CARTESIAN_POINT ( 'NONE',  ( 39.61454910002519370, 5.000000000000000000, -10.13086907449209662 ) ) ;
#1301 = VERTEX_POINT ( 'NONE', #288 ) ;
#1302 = DIRECTION ( 'NONE',  ( 0.000000000000000000, 0.000000000000000000, -1.000000000000000000 ) ) ;
#1303 = PLANE ( 'NONE',  #1393 ) ;
#1304 = CLOSED_SHELL ( 'NONE', ( #2651, #744, #2392, #415, #2596, #707, #409, #575, #2398, #303, #481, #2148, #1605, #186, #2685, #584, #2226, #1140, #1154, #823, #2423, #1149, #684, #548, #1114, #1469, #2350, #1414, #1258, #2137, #1683, #2625, #301, #397, #2205, #2256, #1412, #2363, #1315, #460, #1228, #169, #1737, #176, #1974, #269, #2190, #1752, #2387, #1536, #1783, #1833, #2265, #910, #1067, #1584, #376, #1467, #2511, #2613, #1853, #56, #500, #2531, #511, #1481, #211, #45, #2469, #214, #850, #2559, #102, #1288, #1448, #1689, #1205, #1076, #1503, #49, #1798, #2629 ) ) ;
#1305 = VECTOR ( 'NONE', #2097, 1000.000000000000000 ) ;
#1306 = FACE_OUTER_BOUND ( 'NONE', #1925, .T. ) ;
#1307 = ORIENTED_EDGE ( 'NONE', *, *, #1564, .T. ) ;
#1308 = DIRECTION ( 'NONE',  ( 0.000000000000000000, 0.000000000000000000, -1.000000000000000000 ) ) ;
#1309 = VERTEX_POINT ( 'NONE', #2616 ) ;
#1310 = CARTESIAN_POINT ( 'NONE',  ( -39.34731624060599842, 0.000000000000000000, 101.9441309255078920 ) ) ;
#1311 = VERTEX_POINT ( 'NONE', #1745 ) ;
#1312 = DIRECTION ( 'NONE',  ( 0.000000000000000000, 1.000000000000000000, -0.000000000000000000 ) ) ;
#1313 = ORIENTED_EDGE ( 'NONE', *, *, #1283, .F. ) ;
#1314 = AXIS2_PLACEMENT_3D ( 'NONE', #2533, #2489, #1259 ) ;
#1315 = ADVANCED_FACE ( 'NONE', ( #1973, #75 ), #919, .T. ) ;
#1316 = VERTEX_POINT ( 'NONE', #2407 ) ;
#1317 = ORIENTED_EDGE ( 'NONE', *, *, #1864, .T. ) ;
#1318 = CIRCLE ( 'NONE', #2683, 1.500000000000001332 ) ;
#1319 = VECTOR ( 'NONE', #1619, 1000.000000000000000 ) ;
#1320 = CARTESIAN_POINT ( 'NONE',  ( 43.90268375939398737, 15.00000000000000000, 29.13887441235547016 ) ) ;
#1321 = AXIS2_PLACEMENT_3D ( 'NONE', #2210, #1766, #2405 ) ;
#1322 = CIRCLE ( 'NONE', #387, 3.500000000000000000 ) ;
#1323 = ORIENTED_EDGE ( 'NONE', *, *, #528, .T. ) ;
#1324 = EDGE_CURVE ( 'NONE', #109, #741, #1968, .T. ) ;
#1325 = FACE_OUTER_BOUND ( 'NONE', #885, .T. ) ;
#1326 = ORIENTED_EDGE ( 'NONE', *, *, #1608, .F. ) ;
#1327 = DIRECTION ( 'NONE',  ( 0.000000000000000000, 0.000000000000000000, -1.000000000000000000 ) ) ;
#1328 = ORIENTED_EDGE ( 'NONE', *, *, #1383, .F. ) ;
#1329 = DIRECTION ( 'NONE',  ( 0.000000000000000000, -1.000000000000000000, 0.000000000000000000 ) ) ;
#1330 = VERTEX_POINT ( 'NONE', #1604 ) ;
#1331 = EDGE_CURVE ( 'NONE', #499, #1437, #2379, .T. ) ;
#1332 = ORIENTED_EDGE ( 'NONE', *, *, #2174, .T. ) ;
#1333 = LINE ( 'NONE', #711, #456 ) ;
#1334 = EDGE_CURVE ( 'NONE', #478, #2119, #976, .T. ) ;
#1335 = DIRECTION ( 'NONE',  ( 1.000000000000000000, 0.000000000000000000, 0.000000000000000000 ) ) ;
#1336 = EDGE_CURVE ( 'NONE', #1437, #1022, #932, .T. ) ;
#1337 = AXIS2_PLACEMENT_3D ( 'NONE', #2745, #399, #797 ) ;
#1338 = ORIENTED_EDGE ( 'NONE', *, *, #213, .F. ) ;
#1339 = CARTESIAN_POINT ( 'NONE',  ( 39.61454910002519370, 5.000000000000000000, -3.630869074492096615 ) ) ;
#1340 = ORIENTED_EDGE ( 'NONE', *, *, #537, .F. ) ;
#1341 = FACE_OUTER_BOUND ( 'NONE', #1868, .T. ) ;
#1342 = VERTEX_POINT ( 'NONE', #1374 ) ;
#1343 = ORIENTED_EDGE ( 'NONE', *, *, #2656, .T. ) ;
#1344 = ORIENTED_EDGE ( 'NONE', *, *, #631, .T. ) ;
#1345 = CARTESIAN_POINT ( 'NONE',  ( 39.61454910002519370, 12.00000000000000355, -0.1308690744920970039 ) ) ;
#1346 = DIRECTION ( 'NONE',  ( 0.000000000000000000, 0.000000000000000000, -1.000000000000000000 ) ) ;
#1347 = EDGE_CURVE ( 'NONE', #109, #182, #2213, .T. ) ;
#1348 = VECTOR ( 'NONE', #827, 1000.000000000000000 ) ;
#1349 = LINE ( 'NONE', #1826, #146 ) ;
#1350 = ORIENTED_EDGE ( 'NONE', *, *, #1717, .T. ) ;
#1351 = VECTOR ( 'NONE', #1590, 1000.000000000000000 ) ;
#1352 = DIRECTION ( 'NONE',  ( -0.000000000000000000, -1.000000000000000000, -0.000000000000000000 ) ) ;
#1353 = DIRECTION ( 'NONE',  ( 0.000000000000000000, 1.000000000000000000, 0.000000000000000000 ) ) ;
#1354 = VERTEX_POINT ( 'NONE', #2017 ) ;
#1355 = ORIENTED_EDGE ( 'NONE', *, *, #2221, .F. ) ;
#1356 = CARTESIAN_POINT ( 'NONE',  ( 48.90268375939400869, 12.00000000000000000, -45.30586907449209377 ) ) ;
#1357 = DIRECTION ( 'NONE',  ( 0.000000000000000000, 1.000000000000000000, 0.000000000000000000 ) ) ;
#1358 = CIRCLE ( 'NONE', #2325, 2.499999999999998224 ) ;
#1359 = AXIS2_PLACEMENT_3D ( 'NONE', #2397, #1335, #1514 ) ;
#1360 = LINE ( 'NONE', #1718, #1838 ) ;
#1361 =( GEOMETRIC_REPRESENTATION_CONTEXT ( 3 ) GLOBAL_UNCERTAINTY_ASSIGNED_CONTEXT ( ( #2457 ) ) GLOBAL_UNIT_ASSIGNED_CONTEXT ( ( #975, #572, #1004 ) ) REPRESENTATION_CONTEXT ( 'NONE', 'WORKASPACE' ) );
#1362 = EDGE_CURVE ( 'NONE', #599, #1102, #536, .T. ) ;
#1363 = VECTOR ( 'NONE', #1828, 1000.000000000000000 ) ;
#1364 = DIRECTION ( 'NONE',  ( -8.788338571682099792E-17, 0.000000000000000000, 1.000000000000000000 ) ) ;
#1365 = ORIENTED_EDGE ( 'NONE', *, *, #2408, .F. ) ;
#1366 = CARTESIAN_POINT ( 'NONE',  ( -51.09731624060602684, 12.00000000000000000, -45.30586907449209377 ) ) ;
#1367 = CARTESIAN_POINT ( 'NONE',  ( -23.51532123857142764, 5.000000000000001776, 102.5896296760165569 ) ) ;
#1368 = EDGE_LOOP ( 'NONE', ( #1323, #2305, #1282, #832 ) ) ;
#1369 = EDGE_LOOP ( 'NONE', ( #1250, #308, #654, #77 ) ) ;
#1370 = CARTESIAN_POINT ( 'NONE',  ( 40.40268375939400158, 5.000000000000000000, 104.6941309255078920 ) ) ;
#1371 = CARTESIAN_POINT ( 'NONE',  ( 52.90268375939400869, 15.00000000000000000, 6.043691236128693411 ) ) ;
#1372 = EDGE_CURVE ( 'NONE', #1210, #71, #643, .T. ) ;
#1373 = ORIENTED_EDGE ( 'NONE', *, *, #812, .T. ) ;
#1374 = CARTESIAN_POINT ( 'NONE',  ( 48.90268375939400869, 0.000000000000000000, -42.80586907449208667 ) ) ;
#1375 = CARTESIAN_POINT ( 'NONE',  ( 55.40268375939397316, 5.000000000000000000, -48.30586907449210088 ) ) ;
#1376 = CARTESIAN_POINT ( 'NONE',  ( 49.40268375939400869, 15.00000000000000000, 6.043691236128693411 ) ) ;
#1377 = ORIENTED_EDGE ( 'NONE', *, *, #2103, .T. ) ;
#1378 = PLANE ( 'NONE',  #1133 ) ;
#1379 = DIRECTION ( 'NONE',  ( -0.000000000000000000, -1.000000000000000000, -0.000000000000000000 ) ) ;
#1380 = ORIENTED_EDGE ( 'NONE', *, *, #702, .F. ) ;
#1381 = VECTOR ( 'NONE', #2043, 1000.000000000000000 ) ;
#1382 = ORIENTED_EDGE ( 'NONE', *, *, #134, .T. ) ;
#1383 = EDGE_CURVE ( 'NONE', #1749, #836, #766, .T. ) ;
#1384 = DIRECTION ( 'NONE',  ( 0.000000000000000000, -1.000000000000000000, 0.000000000000000000 ) ) ;
#1385 = DIRECTION ( 'NONE',  ( -0.000000000000000000, 1.000000000000000000, -0.000000000000000000 ) ) ;
#1386 = EDGE_LOOP ( 'NONE', ( #1980, #1791, #57, #1518 ) ) ;
#1387 = LINE ( 'NONE', #2242, #25 ) ;
#1388 = AXIS2_PLACEMENT_3D ( 'NONE', #382, #792, #1645 ) ;
#1389 = CARTESIAN_POINT ( 'NONE',  ( -31.84731624060603039, 0.000000000000000000, -5.130869074492109938 ) ) ;
#1390 = DIRECTION ( 'NONE',  ( -0.000000000000000000, -1.000000000000000000, 0.000000000000000000 ) ) ;
#1391 = DIRECTION ( 'NONE',  ( 1.000000000000000000, -0.000000000000000000, 0.000000000000000000 ) ) ;
#1392 = CARTESIAN_POINT ( 'NONE',  ( 40.40268375939400158, 15.00000000000000000, 108.1941309255078920 ) ) ;
#1393 = AXIS2_PLACEMENT_3D ( 'NONE', #247, #1091, #1804 ) ;
#1394 = CYLINDRICAL_SURFACE ( 'NONE', #1912, 2.499999999999998668 ) ;
#1395 = VERTEX_POINT ( 'NONE', #316 ) ;
#1396 = ORIENTED_EDGE ( 'NONE', *, *, #1618, .T. ) ;
#1397 = DIRECTION ( 'NONE',  ( 0.000000000000000000, 0.000000000000000000, -1.000000000000000000 ) ) ;
#1398 = EDGE_CURVE ( 'NONE', #2416, #1096, #1318, .T. ) ;
#1399 = LINE ( 'NONE', #1809, #2618 ) ;
#1400 = DIRECTION ( 'NONE',  ( 1.000000000000000000, -0.000000000000000000, 0.000000000000000000 ) ) ;
#1401 = AXIS2_PLACEMENT_3D ( 'NONE', #2726, #1674, #2519 ) ;
#1402 = CYLINDRICAL_SURFACE ( 'NONE', #1223, 3.499999999999999556 ) ;
#1403 = VECTOR ( 'NONE', #1549, 1000.000000000000000 ) ;
#1404 = DIRECTION ( 'NONE',  ( 1.000000000000000000, 0.000000000000000000, -1.541976423090495387E-16 ) ) ;
#1405 = DIRECTION ( 'NONE',  ( -0.8641753818425658151, 0.000000000000000000, -0.5031907286678238833 ) ) ;
#1406 = VECTOR ( 'NONE', #1123, 1000.000000000000000 ) ;
#1407 = EDGE_CURVE ( 'NONE', #650, #599, #101, .T. ) ;
#1408 = CARTESIAN_POINT ( 'NONE',  ( -55.09731624060601263, 15.00000000000000000, 3.369130925507891838 ) ) ;
#1409 = FACE_OUTER_BOUND ( 'NONE', #272, .T. ) ;
#1410 = VERTEX_POINT ( 'NONE', #742 ) ;
#1411 = EDGE_LOOP ( 'NONE', ( #2143, #901, #1454, #1452 ) ) ;
#1412 = ADVANCED_FACE ( 'NONE', ( #1594 ), #2630, .T. ) ;
#1413 = LINE ( 'NONE', #1822, #1351 ) ;
#1414 = ADVANCED_FACE ( 'NONE', ( #357 ), #302, .T. ) ;
#1415 = DIRECTION ( 'NONE',  ( 0.000000000000000000, 0.000000000000000000, -1.000000000000000000 ) ) ;
#1416 = CARTESIAN_POINT ( 'NONE',  ( 25.39289455655446659, 12.00000000000000000, 101.5715782262177811 ) ) ;
#1417 = EDGE_CURVE ( 'NONE', #667, #183, #1984, .T. ) ;
#1418 = CARTESIAN_POINT ( 'NONE',  ( 44.90268375939400869, 12.00000000000000000, -49.30586907449210088 ) ) ;
#1419 = DIRECTION ( 'NONE',  ( 0.000000000000000000, -1.000000000000000000, 0.000000000000000000 ) ) ;
#1420 = DIRECTION ( 'NONE',  ( 0.000000000000000000, 1.000000000000000000, -0.000000000000000000 ) ) ;
#1421 = FACE_OUTER_BOUND ( 'NONE', #1026, .T. ) ;
#1422 = ORIENTED_EDGE ( 'NONE', *, *, #361, .F. ) ;
#1423 = AXIS2_PLACEMENT_3D ( 'NONE', #803, #1857, #1894 ) ;
#1424 = ORIENTED_EDGE ( 'NONE', *, *, #883, .F. ) ;
#1425 = ORIENTED_EDGE ( 'NONE', *, *, #2656, .F. ) ;
#1426 = AXIS2_PLACEMENT_3D ( 'NONE', #814, #1666, #2513 ) ;
#1427 = LINE ( 'NONE', #129, #2487 ) ;
#1428 = CARTESIAN_POINT ( 'NONE',  ( 21.32068875735937397, 12.00000000000000000, 102.5896296760165569 ) ) ;
#1429 = CIRCLE ( 'NONE', #931, 3.500000000000003109 ) ;
#1430 = CARTESIAN_POINT ( 'NONE',  ( -51.09731624060602684, 0.000000000000000000, -47.80586907449210088 ) ) ;
#1431 = FACE_OUTER_BOUND ( 'NONE', #983, .T. ) ;
#1432 = EDGE_CURVE ( 'NONE', #2484, #2425, #290, .T. ) ;
#1433 = CARTESIAN_POINT ( 'NONE',  ( 41.40268375939399448, 12.00000000000000000, 105.6941309255079062 ) ) ;
#1434 = DIRECTION ( 'NONE',  ( 0.000000000000000000, 0.000000000000000000, -1.000000000000000000 ) ) ;
#1435 = ORIENTED_EDGE ( 'NONE', *, *, #1204, .F. ) ;
#1436 = DIRECTION ( 'NONE',  ( 0.000000000000000000, -1.000000000000000000, 0.000000000000000000 ) ) ;
#1437 = VERTEX_POINT ( 'NONE', #1621 ) ;
#1438 = AXIS2_PLACEMENT_3D ( 'NONE', #1021, #542, #165 ) ;
#1439 = ORIENTED_EDGE ( 'NONE', *, *, #426, .T. ) ;
#1440 = PRODUCT_DEFINITION_CONTEXT ( 'detailed design', #1286, 'design' ) ;
#1441 = CARTESIAN_POINT ( 'NONE',  ( 54.92729759584297256, 15.00000000000000000, 9.260554988997697023 ) ) ;
#1442 = VECTOR ( 'NONE', #960, 1000.000000000000000 ) ;
#1443 = LINE ( 'NONE', #602, #284 ) ;
#1444 = DIRECTION ( 'NONE',  ( 8.788338571682102257E-17, 0.000000000000000000, 1.000000000000000000 ) ) ;
#1445 = CARTESIAN_POINT ( 'NONE',  ( 42.54656229815407897, 15.00000000000000000, 24.77394766727962150 ) ) ;
#1446 = FACE_OUTER_BOUND ( 'NONE', #1551, .T. ) ;
#1447 = AXIS2_PLACEMENT_3D ( 'NONE', #1161, #964, #754 ) ;
#1448 = ADVANCED_FACE ( 'NONE', ( #2660 ), #1402, .T. ) ;
#1449 = CARTESIAN_POINT ( 'NONE',  ( -50.59731624060603394, 12.00000000000000000, -41.30586907449208667 ) ) ;
#1450 = ORIENTED_EDGE ( 'NONE', *, *, #1541, .F. ) ;
#1451 = CARTESIAN_POINT ( 'NONE',  ( 49.40268375939400869, 12.00000000000000355, -0.1308690744920970039 ) ) ;
#1452 = ORIENTED_EDGE ( 'NONE', *, *, #1035, .T. ) ;
#1453 = EDGE_CURVE ( 'NONE', #2420, #365, #1796, .T. ) ;
#1454 = ORIENTED_EDGE ( 'NONE', *, *, #1199, .F. ) ;
#1455 = VECTOR ( 'NONE', #798, 1000.000000000000000 ) ;
#1456 = CARTESIAN_POINT ( 'NONE',  ( -57.59731624060601973, 5.000000000000000000, 6.633388656321294430E-15 ) ) ;
#1457 = DIRECTION ( 'NONE',  ( -0.000000000000000000, 1.000000000000000000, -0.000000000000000000 ) ) ;
#1458 = EDGE_CURVE ( 'NONE', #1125, #207, #1633, .T. ) ;
#1459 = CARTESIAN_POINT ( 'NONE',  ( 1.668327990038994106E-14, 5.000000000000000000, 108.1941309255078920 ) ) ;
#1460 = CARTESIAN_POINT ( 'NONE',  ( 52.90268375939400869, 12.00000000000000000, -49.30586907449210088 ) ) ;
#1461 = DIRECTION ( 'NONE',  ( 0.000000000000000000, 0.000000000000000000, 1.000000000000000000 ) ) ;
#1462 = VERTEX_POINT ( 'NONE', #87 ) ;
#1463 = CARTESIAN_POINT ( 'NONE',  ( 52.90268375939400869, 5.000000000000000000, -13.63086907449209662 ) ) ;
#1464 = VERTEX_POINT ( 'NONE', #2544 ) ;
#1465 = VERTEX_POINT ( 'NONE', #1862 ) ;
#1466 = LINE ( 'NONE', #210, #196 ) ;
#1467 = ADVANCED_FACE ( 'NONE', ( #369 ), #1661, .F. ) ;
#1468 = LINE ( 'NONE', #852, #1871 ) ;
#1469 = ADVANCED_FACE ( 'NONE', ( #1244, #1058 ), #398, .T. ) ;
#1470 = LINE ( 'NONE', #1903, #64 ) ;
#1471 = CARTESIAN_POINT ( 'NONE',  ( -47.09731624060602684, 12.00000000000000000, -44.80586907449209377 ) ) ;
#1472 = FACE_BOUND ( 'NONE', #1268, .T. ) ;
#1473 = EDGE_LOOP ( 'NONE', ( #1585, #420, #6, #434 ) ) ;
#1474 = DIRECTION ( 'NONE',  ( 0.000000000000000000, 0.000000000000000000, -1.000000000000000000 ) ) ;
#1475 = ORIENTED_EDGE ( 'NONE', *, *, #905, .F. ) ;
#1476 = ORIENTED_EDGE ( 'NONE', *, *, #2724, .T. ) ;
#1477 = DIRECTION ( 'NONE',  ( 0.000000000000000000, 1.000000000000000000, -0.000000000000000000 ) ) ;
#1478 = ORIENTED_EDGE ( 'NONE', *, *, #659, .T. ) ;
#1479 = AXIS2_PLACEMENT_3D ( 'NONE', #1257, #1271, #498 ) ;
#1480 = DIRECTION ( 'NONE',  ( 0.000000000000000000, 0.000000000000000000, 1.000000000000000000 ) ) ;
#1481 = ADVANCED_FACE ( 'NONE', ( #1676 ), #1687, .F. ) ;
#1482 = DIRECTION ( 'NONE',  ( 0.000000000000000000, 1.000000000000000000, -0.000000000000000000 ) ) ;
#1483 = CARTESIAN_POINT ( 'NONE',  ( 1.402683759393974938, 12.00000000000000355, -2.433268446792131423E-16 ) ) ;
#1484 = DIRECTION ( 'NONE',  ( 1.000000000000000000, 0.000000000000000000, 0.000000000000000000 ) ) ;
#1485 = EDGE_LOOP ( 'NONE', ( #982, #940, #2470, #2498 ) ) ;
#1486 = DIRECTION ( 'NONE',  ( 1.000000000000000000, 0.000000000000000000, -1.284980352575412206E-16 ) ) ;
#1487 = EDGE_CURVE ( 'NONE', #625, #2124, #2502, .T. ) ;
#1488 = VECTOR ( 'NONE', #1725, 1000.000000000000000 ) ;
#1489 = ORIENTED_EDGE ( 'NONE', *, *, #244, .T. ) ;
#1490 = VECTOR ( 'NONE', #780, 1000.000000000000000 ) ;
#1491 = DIRECTION ( 'NONE',  ( 0.000000000000000000, 0.000000000000000000, 1.000000000000000000 ) ) ;
#1492 = VERTEX_POINT ( 'NONE', #1428 ) ;
#1493 = PLANE ( 'NONE',  #1174 ) ;
#1494 = ORIENTED_EDGE ( 'NONE', *, *, #2676, .F. ) ;
#1495 = PRODUCT_DEFINITION_FORMATION_WITH_SPECIFIED_SOURCE ( 'ANY', '', #557, .NOT_KNOWN. ) ;
#1496 = EDGE_CURVE ( 'NONE', #365, #1671, #2521, .T. ) ;
#1497 = EDGE_CURVE ( 'NONE', #2070, #413, #1611, .T. ) ;
#1498 = DIRECTION ( 'NONE',  ( 0.000000000000000000, -1.000000000000000000, 0.000000000000000000 ) ) ;
#1499 = CIRCLE ( 'NONE', #1001, 3.500000000000000000 ) ;
#1500 = CARTESIAN_POINT ( 'NONE',  ( 43.11454910002520080, 12.00000000000000355, -10.13086907449209662 ) ) ;
#1501 = CARTESIAN_POINT ( 'NONE',  ( -54.62193007705499781, 15.00000000000000000, 7.804858786466032150 ) ) ;
#1502 = EDGE_LOOP ( 'NONE', ( #774, #2264, #2556, #1735 ) ) ;
#1503 = ADVANCED_FACE ( 'NONE', ( #2268 ), #809, .F. ) ;
#1504 = DIRECTION ( 'NONE',  ( 0.000000000000000000, 0.000000000000000000, 1.000000000000000000 ) ) ;
#1505 = EDGE_LOOP ( 'NONE', ( #2619, #1928, #2341, #1328 ) ) ;
#1506 = DIRECTION ( 'NONE',  ( -0.000000000000000000, -1.000000000000000000, 0.000000000000000000 ) ) ;
#1507 = ORIENTED_EDGE ( 'NONE', *, *, #1248, .F. ) ;
#1508 = DIRECTION ( 'NONE',  ( 0.000000000000000000, 0.000000000000000000, 1.000000000000000000 ) ) ;
#1509 = VERTEX_POINT ( 'NONE', #2488 ) ;
#1510 = CYLINDRICAL_SURFACE ( 'NONE', #1875, 3.499999999999999556 ) ;
#1511 = ORIENTED_EDGE ( 'NONE', *, *, #1897, .T. ) ;
#1512 = VERTEX_POINT ( 'NONE', #1874 ) ;
#1513 = CARTESIAN_POINT ( 'NONE',  ( 49.40268375939400869, 12.00000000000000000, 3.369130925507902941 ) ) ;
#1514 = DIRECTION ( 'NONE',  ( 0.000000000000000000, 0.000000000000000000, -1.000000000000000000 ) ) ;
#1515 = DIRECTION ( 'NONE',  ( 0.000000000000000000, 1.000000000000000000, -0.000000000000000000 ) ) ;
#1516 = EDGE_LOOP ( 'NONE', ( #1930, #1332 ) ) ;
#1517 = LINE ( 'NONE', #1275, #959 ) ;
#1518 = ORIENTED_EDGE ( 'NONE', *, *, #291, .F. ) ;
#1519 = EDGE_CURVE ( 'NONE', #2587, #568, #2730, .T. ) ;
#1520 = DIRECTION ( 'NONE',  ( 0.000000000000000000, 0.000000000000000000, 1.000000000000000000 ) ) ;
#1521 = VERTEX_POINT ( 'NONE', #1 ) ;
#1522 = DIRECTION ( 'NONE',  ( -0.000000000000000000, 1.000000000000000000, -0.000000000000000000 ) ) ;
#1523 = CIRCLE ( 'NONE', #904, 3.500000000000003109 ) ;
#1524 = VERTEX_POINT ( 'NONE', #1232 ) ;
#1525 = ORIENTED_EDGE ( 'NONE', *, *, #1614, .F. ) ;
#1526 = FACE_OUTER_BOUND ( 'NONE', #848, .T. ) ;
#1527 = LINE ( 'NONE', #1729, #2673 ) ;
#1528 = EDGE_CURVE ( 'NONE', #927, #1509, #1468, .T. ) ;
#1529 = VECTOR ( 'NONE', #529, 1000.000000000000000 ) ;
#1530 = DIRECTION ( 'NONE',  ( -0.000000000000000000, -1.000000000000000000, -0.000000000000000000 ) ) ;
#1531 = ORIENTED_EDGE ( 'NONE', *, *, #645, .F. ) ;
#1532 = CARTESIAN_POINT ( 'NONE',  ( 37.15268375939399448, 12.00000000000000000, 100.4441309255078920 ) ) ;
#1533 = ORIENTED_EDGE ( 'NONE', *, *, #1372, .F. ) ;
#1534 = FACE_OUTER_BOUND ( 'NONE', #2318, .T. ) ;
#1535 = ORIENTED_EDGE ( 'NONE', *, *, #2408, .T. ) ;
#1536 = ADVANCED_FACE ( 'NONE', ( #1046 ), #794, .T. ) ;
#1537 = LINE ( 'NONE', #1112, #689 ) ;
#1538 = CIRCLE ( 'NONE', #688, 2.499999999999998224 ) ;
#1539 = ORIENTED_EDGE ( 'NONE', *, *, #728, .F. ) ;
#1540 = ORIENTED_EDGE ( 'NONE', *, *, #562, .F. ) ;
#1541 = EDGE_CURVE ( 'NONE', #282, #1354, #423, .T. ) ;
#1542 = CARTESIAN_POINT ( 'NONE',  ( 43.11454910002520080, 58.09772228646443182, -3.630869074492097059 ) ) ;
#1543 = CARTESIAN_POINT ( 'NONE',  ( -44.18551183928657622, 15.00000000000000000, 25.72827271654659498 ) ) ;
#1544 = PRODUCT_DEFINITION ( 'UNKNOWN', '', #1495, #1440 ) ;
#1545 = DIRECTION ( 'NONE',  ( 0.000000000000000000, -1.000000000000000000, 0.000000000000000000 ) ) ;
#1546 = ORIENTED_EDGE ( 'NONE', *, *, #2474, .T. ) ;
#1547 = DIRECTION ( 'NONE',  ( -0.000000000000000000, 1.000000000000000000, -0.000000000000000000 ) ) ;
#1548 = ORIENTED_EDGE ( 'NONE', *, *, #493, .T. ) ;
#1549 = DIRECTION ( 'NONE',  ( -0.000000000000000000, 1.000000000000000000, -0.000000000000000000 ) ) ;
#1550 = ORIENTED_EDGE ( 'NONE', *, *, #262, .F. ) ;
#1551 = EDGE_LOOP ( 'NONE', ( #218, #2388, #2628, #1425 ) ) ;
#1552 = ORIENTED_EDGE ( 'NONE', *, *, #1407, .F. ) ;
#1553 = EDGE_CURVE ( 'NONE', #2361, #830, #1443, .T. ) ;
#1554 = DIRECTION ( 'NONE',  ( -0.000000000000000000, -1.000000000000000000, 0.000000000000000000 ) ) ;
#1555 = AXIS2_PLACEMENT_3D ( 'NONE', #2722, #1506, #485 ) ;
#1556 = CIRCLE ( 'NONE', #1986, 2.500000000000002220 ) ;
#1557 = CARTESIAN_POINT ( 'NONE',  ( 52.90268375939400869, 12.00000000000000000, -41.30586907449208667 ) ) ;
#1558 = ORIENTED_EDGE ( 'NONE', *, *, #1820, .T. ) ;
#1559 = LINE ( 'NONE', #1789, #106 ) ;
#1560 = ORIENTED_EDGE ( 'NONE', *, *, #672, .F. ) ;
#1561 = ORIENTED_EDGE ( 'NONE', *, *, #967, .T. ) ;
#1562 = CARTESIAN_POINT ( 'NONE',  ( 52.90268375939400869, 5.000000000000000000, 6.043691236128693411 ) ) ;
#1563 = LINE ( 'NONE', #1483, #2063 ) ;
#1564 = EDGE_CURVE ( 'NONE', #2217, #1521, #2283, .T. ) ;
#1565 = DIRECTION ( 'NONE',  ( 0.000000000000000000, 0.000000000000000000, 1.000000000000000000 ) ) ;
#1566 = CIRCLE ( 'NONE', #2001, 3.499999999999999556 ) ;
#1567 = AXIS2_PLACEMENT_3D ( 'NONE', #2300, #1852, #2490 ) ;
#1568 = DIRECTION ( 'NONE',  ( 1.000000000000000000, -0.000000000000000000, 0.000000000000000000 ) ) ;
#1569 = ORIENTED_EDGE ( 'NONE', *, *, #631, .F. ) ;
#1570 = CIRCLE ( 'NONE', #2719, 2.499999999999998224 ) ;
#1571 = CYLINDRICAL_SURFACE ( 'NONE', #508, 2.499999999999998668 ) ;
#1572 = CARTESIAN_POINT ( 'NONE',  ( -57.59731624060601973, 15.00000000000000000, 7.499387438660326310 ) ) ;
#1573 = ORIENTED_EDGE ( 'NONE', *, *, #714, .T. ) ;
#1574 = EDGE_CURVE ( 'NONE', #1354, #650, #1566, .T. ) ;
#1575 = ORIENTED_EDGE ( 'NONE', *, *, #1029, .F. ) ;
#1576 = CARTESIAN_POINT ( 'NONE',  ( -46.68551183928657622, 5.000000000000000000, 27.18396891907825363 ) ) ;
#1577 = LINE ( 'NONE', #2547, #476 ) ;
#1578 = ORIENTED_EDGE ( 'NONE', *, *, #595, .F. ) ;
#1579 = VECTOR ( 'NONE', #2473, 1000.000000000000000 ) ;
#1580 = DIRECTION ( 'NONE',  ( -0.2425356250363331634, 0.000000000000000000, -0.9701425001453318764 ) ) ;
#1581 = AXIS2_PLACEMENT_3D ( 'NONE', #1145, #634, #4 ) ;
#1582 = AXIS2_PLACEMENT_3D ( 'NONE', #150, #565, #362 ) ;
#1583 = DIRECTION ( 'NONE',  ( 0.000000000000000000, 0.000000000000000000, 1.000000000000000000 ) ) ;
#1584 = ADVANCED_FACE ( 'NONE', ( #185 ), #1031, .F. ) ;
#1585 = ORIENTED_EDGE ( 'NONE', *, *, #2323, .F. ) ;
#1586 = DIRECTION ( 'NONE',  ( 0.000000000000000000, 0.000000000000000000, -1.000000000000000000 ) ) ;
#1587 = DIRECTION ( 'NONE',  ( -0.000000000000000000, -1.000000000000000000, 0.000000000000000000 ) ) ;
#1588 = ORIENTED_EDGE ( 'NONE', *, *, #171, .F. ) ;
#1589 = ORIENTED_EDGE ( 'NONE', *, *, #796, .F. ) ;
#1590 = DIRECTION ( 'NONE',  ( 0.000000000000000000, -1.000000000000000000, 0.000000000000000000 ) ) ;
#1591 = DIRECTION ( 'NONE',  ( -0.000000000000000000, -1.000000000000000000, 0.000000000000000000 ) ) ;
#1592 = ORIENTED_EDGE ( 'NONE', *, *, #1934, .T. ) ;
#1593 = APPLICATION_PROTOCOL_DEFINITION ( 'draft international standard', 'automotive_design', 1998, #383 ) ;
#1594 = FACE_OUTER_BOUND ( 'NONE', #846, .T. ) ;
#1595 = LINE ( 'NONE', #524, #841 ) ;
#1596 = LINE ( 'NONE', #1987, #2243 ) ;
#1597 = CARTESIAN_POINT ( 'NONE',  ( -31.84731624060603039, 58.09772228646443182, -5.130869074492109938 ) ) ;
#1598 = EDGE_CURVE ( 'NONE', #296, #1895, #1716, .T. ) ;
#1599 = DIRECTION ( 'NONE',  ( 0.000000000000000000, -1.000000000000000000, 0.000000000000000000 ) ) ;
#1600 = ORIENTED_EDGE ( 'NONE', *, *, #2187, .T. ) ;
#1601 = ORIENTED_EDGE ( 'NONE', *, *, #385, .T. ) ;
#1602 = FACE_OUTER_BOUND ( 'NONE', #2139, .T. ) ;
#1603 = CARTESIAN_POINT ( 'NONE',  ( 37.15268375939399448, 0.000000000000000000, 100.4441309255078920 ) ) ;
#1604 = CARTESIAN_POINT ( 'NONE',  ( 40.40268375939400158, 0.000000000000000000, 108.1941309255078920 ) ) ;
#1605 = ADVANCED_FACE ( 'NONE', ( #1775 ), #2145, .T. ) ;
#1606 = LINE ( 'NONE', #135, #2351 ) ;
#1607 = LINE ( 'NONE', #951, #691 ) ;
#1608 = EDGE_CURVE ( 'NONE', #1969, #1210, #1167, .T. ) ;
#1609 = EDGE_CURVE ( 'NONE', #2250, #1615, #2427, .T. ) ;
#1610 = CARTESIAN_POINT ( 'NONE',  ( -54.62193007705499781, 5.000000000000000000, 7.804858786466032150 ) ) ;
#1611 = CIRCLE ( 'NONE', #1655, 1.500000000000001332 ) ;
#1612 = CARTESIAN_POINT ( 'NONE',  ( -6.335707302737796451E-15, 15.00000000000000000, -49.30586907449209377 ) ) ;
#1613 = EDGE_LOOP ( 'NONE', ( #1313, #876, #2451, #1714 ) ) ;
#1614 = EDGE_CURVE ( 'NONE', #667, #1724, #1285, .T. ) ;
#1615 = VERTEX_POINT ( 'NONE', #658 ) ;
#1616 = LINE ( 'NONE', #341, #1442 ) ;
#1617 = CARTESIAN_POINT ( 'NONE',  ( 37.90268375939399448, 12.00000000000000000, 96.19413092550787781 ) ) ;
#1618 = EDGE_CURVE ( 'NONE', #252, #921, #2366, .T. ) ;
#1619 = DIRECTION ( 'NONE',  ( -0.000000000000000000, 1.000000000000000000, -0.000000000000000000 ) ) ;
#1620 = VECTOR ( 'NONE', #1216, 1000.000000000000000 ) ;
#1621 = CARTESIAN_POINT ( 'NONE',  ( -54.09731624060601973, 0.000000000000000000, -51.80586907449209377 ) ) ;
#1622 = VECTOR ( 'NONE', #1018, 1000.000000000000000 ) ;
#1623 = CIRCLE ( 'NONE', #907, 1.500000000000001332 ) ;
#1624 = DIRECTION ( 'NONE',  ( 0.000000000000000000, -1.000000000000000000, 0.000000000000000000 ) ) ;
#1625 = PRODUCT_DEFINITION_SHAPE ( 'NONE', 'NONE',  #1544 ) ;
#1626 = CARTESIAN_POINT ( 'NONE',  ( -39.34731624060599842, 12.00000000000000000, 100.4441309255078920 ) ) ;
#1627 = CARTESIAN_POINT ( 'NONE',  ( 39.61454910002519370, 5.000000000000000000, -0.1308690744920970039 ) ) ;
#1628 = LINE ( 'NONE', #2249, #2317 ) ;
#1629 = ORIENTED_EDGE ( 'NONE', *, *, #540, .F. ) ;
#1630 = ORIENTED_EDGE ( 'NONE', *, *, #1889, .F. ) ;
#1631 = CARTESIAN_POINT ( 'NONE',  ( -42.59731624060599131, 15.00000000000000000, 108.1941309255078920 ) ) ;
#1632 = CARTESIAN_POINT ( 'NONE',  ( 52.90268375939400869, 5.000000000000000000, 0.000000000000000000 ) ) ;
#1633 = LINE ( 'NONE', #727, #1579 ) ;
#1634 = EDGE_CURVE ( 'NONE', #927, #33, #2636, .T. ) ;
#1635 = LINE ( 'NONE', #977, #1770 ) ;
#1636 = LINE ( 'NONE', #2507, #2045 ) ;
#1637 = CARTESIAN_POINT ( 'NONE',  ( 48.90268375939400869, 0.000000000000000000, -45.30586907449209377 ) ) ;
#1638 = CYLINDRICAL_SURFACE ( 'NONE', #535, 3.500000000000003109 ) ;
#1639 = ORIENTED_EDGE ( 'NONE', *, *, #1497, .F. ) ;
#1640 = DIRECTION ( 'NONE',  ( -0.000000000000000000, -1.000000000000000000, 0.000000000000000000 ) ) ;
#1641 = AXIS2_PLACEMENT_3D ( 'NONE', #2739, #1226, #403 ) ;
#1642 = ORIENTED_EDGE ( 'NONE', *, *, #1084, .T. ) ;
#1643 = EDGE_LOOP ( 'NONE', ( #1103, #1900, #1831, #569, #2655, #2108, #1764, #1237 ) ) ;
#1644 = AXIS2_PLACEMENT_3D ( 'NONE', #1651, #2720, #609 ) ;
#1645 = DIRECTION ( 'NONE',  ( 0.000000000000000000, 0.000000000000000000, -1.000000000000000000 ) ) ;
#1646 = CARTESIAN_POINT ( 'NONE',  ( -44.07270240415702034, 15.00000000000000000, 25.92201065948648164 ) ) ;
#1647 = EDGE_CURVE ( 'NONE', #2390, #583, #1527, .T. ) ;
#1648 = VECTOR ( 'NONE', #159, 1000.000000000000000 ) ;
#1649 = LINE ( 'NONE', #782, #2539 ) ;
#1650 = CARTESIAN_POINT ( 'NONE',  ( -2.097316240606026394, 12.00000000000000355, -6.630869074492111714 ) ) ;
#1651 = CARTESIAN_POINT ( 'NONE',  ( 47.40268375939399448, 15.00000000000000000, 29.13887441235547016 ) ) ;
#1652 = ORIENTED_EDGE ( 'NONE', *, *, #2638, .T. ) ;
#1653 = CARTESIAN_POINT ( 'NONE',  ( -34.67931124264072196, 5.000000000000000000, 99.79863217499922712 ) ) ;
#1654 = ORIENTED_EDGE ( 'NONE', *, *, #777, .F. ) ;
#1655 = AXIS2_PLACEMENT_3D ( 'NONE', #199, #1902, #630 ) ;
#1656 = EDGE_CURVE ( 'NONE', #1342, #836, #2230, .T. ) ;
#1657 = VERTEX_POINT ( 'NONE', #1572 ) ;
#1658 = UNCERTAINTY_MEASURE_WITH_UNIT (LENGTH_MEASURE( 1.000000000000000082E-05 ), #104, 'distance_accuracy_value', 'NONE');
#1659 = VECTOR ( 'NONE', #1384, 1000.000000000000000 ) ;
#1660 = CARTESIAN_POINT ( 'NONE',  ( -55.09731624060602684, 15.00000000000000000, -49.30586907449208667 ) ) ;
#1661 = CYLINDRICAL_SURFACE ( 'NONE', #600, 3.500000000000003109 ) ;
#1662 = CARTESIAN_POINT ( 'NONE',  ( 44.90268375939400869, 12.00000000000000000, -44.80586907449209377 ) ) ;
#1663 = CARTESIAN_POINT ( 'NONE',  ( 41.40268375939400158, 5.000000000000000000, 27.68317820982386834 ) ) ;
#1664 = CARTESIAN_POINT ( 'NONE',  ( -50.59731624060603394, 12.00000000000000000, -44.80586907449209377 ) ) ;
#1665 = AXIS2_PLACEMENT_3D ( 'NONE', #1135, #1554, #893 ) ;
#1666 = DIRECTION ( 'NONE',  ( -0.000000000000000000, -1.000000000000000000, 0.000000000000000000 ) ) ;
#1667 = AXIS2_PLACEMENT_3D ( 'NONE', #458, #1736, #2377 ) ;
#1668 = EDGE_LOOP ( 'NONE', ( #1856, #2680, #686, #2170 ) ) ;
#1669 = EDGE_CURVE ( 'NONE', #1330, #2433, #2193, .T. ) ;
#1670 = DIRECTION ( 'NONE',  ( 0.000000000000000000, 1.000000000000000000, 0.000000000000000000 ) ) ;
#1671 = VERTEX_POINT ( 'NONE', #674 ) ;
#1672 = ORIENTED_EDGE ( 'NONE', *, *, #1618, .F. ) ;
#1673 = VECTOR ( 'NONE', #2064, 1000.000000000000000 ) ;
#1674 = DIRECTION ( 'NONE',  ( 0.000000000000000000, 0.000000000000000000, -1.000000000000000000 ) ) ;
#1675 = EDGE_LOOP ( 'NONE', ( #2313, #313, #1588, #585 ) ) ;
#1676 = FACE_OUTER_BOUND ( 'NONE', #2751, .T. ) ;
#1677 = DIRECTION ( 'NONE',  ( -1.000000000000000000, 0.000000000000000000, 1.541976423090495387E-16 ) ) ;
#1678 = DIRECTION ( 'NONE',  ( 0.5031907286678238833, 0.000000000000000000, -0.8641753818425657041 ) ) ;
#1679 = DIRECTION ( 'NONE',  ( -0.000000000000000000, -1.000000000000000000, 0.000000000000000000 ) ) ;
#1680 = VERTEX_POINT ( 'NONE', #2006 ) ;
#1681 = FACE_OUTER_BOUND ( 'NONE', #1992, .T. ) ;
#1682 = ORIENTED_EDGE ( 'NONE', *, *, #1242, .T. ) ;
#1683 = ADVANCED_FACE ( 'NONE', ( #295 ), #1303, .T. ) ;
#1684 = ORIENTED_EDGE ( 'NONE', *, *, #2254, .T. ) ;
#1685 = DIRECTION ( 'NONE',  ( 1.000000000000000000, 0.000000000000000000, -1.151683635503274765E-16 ) ) ;
#1686 = AXIS2_PLACEMENT_3D ( 'NONE', #2310, #201, #2113 ) ;
#1687 = CYLINDRICAL_SURFACE ( 'NONE', #60, 3.500000000000000444 ) ;
#1688 = DIRECTION ( 'NONE',  ( 0.000000000000000000, 0.000000000000000000, 1.000000000000000000 ) ) ;
#1689 = ADVANCED_FACE ( 'NONE', ( #866 ), #1141, .T. ) ;
#1690 = DIRECTION ( 'NONE',  ( -0.000000000000000000, 1.000000000000000000, -0.000000000000000000 ) ) ;
#1691 = CARTESIAN_POINT ( 'NONE',  ( -22.66644655094426142, 5.000000000000000000, 102.6941309255078920 ) ) ;
#1692 = VERTEX_POINT ( 'NONE', #734 ) ;
#1693 = EDGE_CURVE ( 'NONE', #636, #834, #368, .T. ) ;
#1694 = FACE_OUTER_BOUND ( 'NONE', #209, .T. ) ;
#1695 = ORIENTED_EDGE ( 'NONE', *, *, #2671, .T. ) ;
#1696 = CARTESIAN_POINT ( 'NONE',  ( 37.15268375939399448, 12.00000000000000000, 103.4441309255078920 ) ) ;
#1697 = EDGE_LOOP ( 'NONE', ( #1883, #1592, #1511, #1684 ) ) ;
#1698 = DIRECTION ( 'NONE',  ( 0.000000000000000000, 0.000000000000000000, 1.000000000000000000 ) ) ;
#1699 = AXIS2_PLACEMENT_3D ( 'NONE', #1164, #539, #551 ) ;
#1700 = CARTESIAN_POINT ( 'NONE',  ( -40.09731624060599131, 15.00000000000000000, 96.19413092550787781 ) ) ;
#1701 = EDGE_CURVE ( 'NONE', #2236, #296, #1829, .T. ) ;
#1702 = CIRCLE ( 'NONE', #2051, 3.500000000000003109 ) ;
#1703 = CARTESIAN_POINT ( 'NONE',  ( -6.362396975355915854E-15, 0.000000000000000000, -51.80586907449210088 ) ) ;
#1704 = PLANE ( 'NONE',  #1581 ) ;
#1705 = DIRECTION ( 'NONE',  ( -0.000000000000000000, 1.000000000000000000, -0.000000000000000000 ) ) ;
#1706 = ORIENTED_EDGE ( 'NONE', *, *, #929, .F. ) ;
#1707 = PLANE ( 'NONE',  #909 ) ;
#1708 = AXIS2_PLACEMENT_3D ( 'NONE', #2179, #2204, #2218 ) ;
#1709 = ORIENTED_EDGE ( 'NONE', *, *, #2162, .F. ) ;
#1710 = VECTOR ( 'NONE', #946, 1000.000000000000000 ) ;
#1711 = DIRECTION ( 'NONE',  ( 0.9701425001453318764, 0.000000000000000000, 0.2425356250363331634 ) ) ;
#1712 = ORIENTED_EDGE ( 'NONE', *, *, #2019, .T. ) ;
#1713 = LINE ( 'NONE', #1660, #769 ) ;
#1714 = ORIENTED_EDGE ( 'NONE', *, *, #2589, .F. ) ;
#1715 = FACE_OUTER_BOUND ( 'NONE', #2558, .T. ) ;
#1716 = LINE ( 'NONE', #1367, #2272 ) ;
#1717 = EDGE_CURVE ( 'NONE', #2336, #2525, #1978, .T. ) ;
#1718 = CARTESIAN_POINT ( 'NONE',  ( -51.59731624060601263, 12.00000000000000355, -10.13086907449211438 ) ) ;
#1719 = CARTESIAN_POINT ( 'NONE',  ( 52.42729759584300098, 15.00000000000000000, 7.804858786466073894 ) ) ;
#1720 = ORIENTED_EDGE ( 'NONE', *, *, #956, .T. ) ;
#1721 = CARTESIAN_POINT ( 'NONE',  ( -39.34731624060599842, 12.00000000000000000, 101.9441309255078920 ) ) ;
#1722 = EDGE_LOOP ( 'NONE', ( #1589, #1914, #180, #1239 ) ) ;
#1723 = CARTESIAN_POINT ( 'NONE',  ( 37.90268375939399448, 12.00000000000000000, 96.19413092550787781 ) ) ;
#1724 = VERTEX_POINT ( 'NONE', #515 ) ;
#1725 = DIRECTION ( 'NONE',  ( -0.000000000000000000, 1.000000000000000000, -0.000000000000000000 ) ) ;
#1726 = EDGE_LOOP ( 'NONE', ( #1525, #2007, #488, #2538 ) ) ;
#1727 = ORIENTED_EDGE ( 'NONE', *, *, #2150, .F. ) ;
#1728 = DIRECTION ( 'NONE',  ( 0.000000000000000000, 0.000000000000000000, 1.000000000000000000 ) ) ;
#1729 = CARTESIAN_POINT ( 'NONE',  ( -40.09731624060599131, 12.00000000000000000, 99.69413092550787781 ) ) ;
#1730 = CARTESIAN_POINT ( 'NONE',  ( -55.09731624060601263, 5.000000000000000000, 3.369130925507891838 ) ) ;
#1731 = VECTOR ( 'NONE', #785, 1000.000000000000000 ) ;
#1732 = EDGE_CURVE ( 'NONE', #1057, #1342, #108, .T. ) ;
#1733 = ORIENTED_EDGE ( 'NONE', *, *, #1564, .F. ) ;
#1734 = CARTESIAN_POINT ( 'NONE',  ( -47.09731624060602684, 5.000000000000000000, -44.80586907449209377 ) ) ;
#1735 = ORIENTED_EDGE ( 'NONE', *, *, #70, .T. ) ;
#1736 = DIRECTION ( 'NONE',  ( 0.000000000000000000, 1.000000000000000000, -0.000000000000000000 ) ) ;
#1737 = ADVANCED_FACE ( 'NONE', ( #17 ), #35, .T. ) ;
#1738 = ORIENTED_EDGE ( 'NONE', *, *, #1362, .F. ) ;
#1739 = FACE_OUTER_BOUND ( 'NONE', #2382, .T. ) ;
#1740 = EDGE_LOOP ( 'NONE', ( #1365, #1765, #2536, #126 ) ) ;
#1741 = EDGE_LOOP ( 'NONE', ( #1872, #612, #2207, #2052, #1642, #1942, #2413, #545, #2467, #490, #2088, #627, #2281, #2402, #2280, #168, #250, #1976, #1908, #622, #1098, #72, #629, #894, #638, #1127, #2679, #2428, #1064, #496, #671, #1069, #1143, #2584, #697, #859, #1295, #2203, #2553, #2111, #1805, #473, #2168, #610 ) ) ;
#1742 = EDGE_CURVE ( 'NONE', #955, #1991, #1195, .T. ) ;
#1743 = LINE ( 'NONE', #2611, #235 ) ;
#1744 = AXIS2_PLACEMENT_3D ( 'NONE', #880, #138, #1236 ) ;
#1745 = CARTESIAN_POINT ( 'NONE',  ( 52.90268375939400869, 5.000000000000000000, 3.369130925507902941 ) ) ;
#1746 = FACE_BOUND ( 'NONE', #2634, .T. ) ;
#1747 = VERTEX_POINT ( 'NONE', #2290 ) ;
#1748 = CYLINDRICAL_SURFACE ( 'NONE', #471, 3.500000000000003109 ) ;
#1749 = VERTEX_POINT ( 'NONE', #996 ) ;
#1750 = DIRECTION ( 'NONE',  ( -1.000000000000000000, 0.000000000000000000, -0.000000000000000000 ) ) ;
#1751 = AXIS2_PLACEMENT_3D ( 'NONE', #1043, #1243, #2083 ) ;
#1752 = ADVANCED_FACE ( 'NONE', ( #124 ), #1394, .F. ) ;
#1753 = EDGE_LOOP ( 'NONE', ( #44, #1000 ) ) ;
#1754 = AXIS2_PLACEMENT_3D ( 'NONE', #1459, #825, #1677 ) ;
#1755 = ORIENTED_EDGE ( 'NONE', *, *, #2103, .F. ) ;
#1756 = DIRECTION ( 'NONE',  ( 0.000000000000000000, 0.000000000000000000, -1.000000000000000000 ) ) ;
#1757 = AXIS2_PLACEMENT_3D ( 'NONE', #1952, #254, #1327 ) ;
#1758 = PLANE ( 'NONE',  #1359 ) ;
#1759 = DIRECTION ( 'NONE',  ( 0.000000000000000000, 0.000000000000000000, 1.000000000000000000 ) ) ;
#1760 = ORIENTED_EDGE ( 'NONE', *, *, #2004, .T. ) ;
#1761 = FACE_OUTER_BOUND ( 'NONE', #594, .T. ) ;
#1762 = ORIENTED_EDGE ( 'NONE', *, *, #1934, .F. ) ;
#1763 = EDGE_CURVE ( 'NONE', #71, #1316, #2693, .T. ) ;
#1764 = ORIENTED_EDGE ( 'NONE', *, *, #2133, .F. ) ;
#1765 = ORIENTED_EDGE ( 'NONE', *, *, #2589, .T. ) ;
#1766 = DIRECTION ( 'NONE',  ( 0.000000000000000000, 1.000000000000000000, 0.000000000000000000 ) ) ;
#1767 = CARTESIAN_POINT ( 'NONE',  ( 0.000000000000000000, 12.00000000000000000, 0.000000000000000000 ) ) ;
#1768 = AXIS2_PLACEMENT_3D ( 'NONE', #2496, #1640, #998 ) ;
#1769 = EDGE_CURVE ( 'NONE', #491, #921, #1628, .T. ) ;
#1770 = VECTOR ( 'NONE', #2632, 1000.000000000000000 ) ;
#1771 = FACE_OUTER_BOUND ( 'NONE', #556, .T. ) ;
#1772 = ORIENTED_EDGE ( 'NONE', *, *, #992, .T. ) ;
#1773 = PLANE ( 'NONE',  #1708 ) ;
#1774 = EDGE_CURVE ( 'NONE', #1172, #2525, #981, .T. ) ;
#1775 = FACE_OUTER_BOUND ( 'NONE', #1675, .T. ) ;
#1776 = ORIENTED_EDGE ( 'NONE', *, *, #829, .T. ) ;
#1777 = EDGE_LOOP ( 'NONE', ( #2106, #1083, #2081, #1025, #2166 ) ) ;
#1778 = CIRCLE ( 'NONE', #319, 2.500000000000009326 ) ;
#1779 = DIRECTION ( 'NONE',  ( 0.8641753818425661482, 0.000000000000000000, -0.5031907286678233282 ) ) ;
#1780 = LINE ( 'NONE', #2627, #1095 ) ;
#1781 = ORIENTED_EDGE ( 'NONE', *, *, #905, .T. ) ;
#1782 = DIRECTION ( 'NONE',  ( 0.000000000000000000, 0.000000000000000000, 1.000000000000000000 ) ) ;
#1783 = ADVANCED_FACE ( 'NONE', ( #363, #2678, #747 ), #2077, .T. ) ;
#1784 = VECTOR ( 'NONE', #2037, 1000.000000000000000 ) ;
#1785 = SURFACE_STYLE_USAGE ( .BOTH. , #2061 ) ;
#1786 = FACE_OUTER_BOUND ( 'NONE', #2439, .T. ) ;
#1787 = EDGE_LOOP ( 'NONE', ( #925, #971, #293, #2155 ) ) ;
#1788 = AXIS2_PLACEMENT_3D ( 'NONE', #1576, #1779, #2040 ) ;
#1789 = CARTESIAN_POINT ( 'NONE',  ( 52.90268375939400869, 12.00000000000000355, -13.63086907449209662 ) ) ;
#1790 = DIRECTION ( 'NONE',  ( -0.000000000000000000, -1.000000000000000000, 0.000000000000000000 ) ) ;
#1791 = ORIENTED_EDGE ( 'NONE', *, *, #948, .F. ) ;
#1792 = ORIENTED_EDGE ( 'NONE', *, *, #1496, .F. ) ;
#1793 = PLANE ( 'NONE',  #1788 ) ;
#1794 = DIRECTION ( 'NONE',  ( 0.000000000000000000, 0.000000000000000000, 1.000000000000000000 ) ) ;
#1795 = ORIENTED_EDGE ( 'NONE', *, *, #2506, .T. ) ;
#1796 = CIRCLE ( 'NONE', #2415, 3.500000000000000000 ) ;
#1797 = DIRECTION ( 'NONE',  ( -0.000000000000000000, -1.000000000000000000, 0.000000000000000000 ) ) ;
#1798 = ADVANCED_FACE ( 'NONE', ( #1209, #337 ), #2438, .F. ) ;
#1799 = CARTESIAN_POINT ( 'NONE',  ( -55.09731624060601263, 5.000000000000000000, 6.043691236128658772 ) ) ;
#1800 = AXIS2_PLACEMENT_3D ( 'NONE', #991, #2691, #2326 ) ;
#1801 = VECTOR ( 'NONE', #2465, 1000.000000000000000 ) ;
#1802 = CARTESIAN_POINT ( 'NONE',  ( -47.09731624060602684, 12.00000000000000000, -49.30586907449208667 ) ) ;
#1803 = CARTESIAN_POINT ( 'NONE',  ( 48.40268375939401579, 5.000000000000000000, -41.30586907449208667 ) ) ;
#1804 = DIRECTION ( 'NONE',  ( -1.000000000000000000, 0.000000000000000000, -0.000000000000000000 ) ) ;
#1805 = ORIENTED_EDGE ( 'NONE', *, *, #2458, .F. ) ;
#1806 = ORIENTED_EDGE ( 'NONE', *, *, #1092, .F. ) ;
#1807 = EDGE_CURVE ( 'NONE', #1072, #2091, #2653, .T. ) ;
#1808 = CARTESIAN_POINT ( 'NONE',  ( 48.90268375939400869, 12.00000000000000000, -45.30586907449209377 ) ) ;
#1809 = CARTESIAN_POINT ( 'NONE',  ( 42.54656229815407897, 15.00000000000000000, 24.77394766727962150 ) ) ;
#1810 = ORIENTED_EDGE ( 'NONE', *, *, #468, .T. ) ;
#1811 = DIRECTION ( 'NONE',  ( -0.000000000000000000, -1.000000000000000000, -0.000000000000000000 ) ) ;
#1812 = CARTESIAN_POINT ( 'NONE',  ( 44.37806992294500930, 5.000000000000000000, 27.37770686201808701 ) ) ;
#1813 = DIRECTION ( 'NONE',  ( 0.000000000000000000, -1.000000000000000000, 0.000000000000000000 ) ) ;
#1814 = EDGE_CURVE ( 'NONE', #2119, #2250, #1010, .T. ) ;
#1815 = CARTESIAN_POINT ( 'NONE',  ( 49.40268375939400869, 12.00000000000000355, -10.13086907449209662 ) ) ;
#1816 = CIRCLE ( 'NONE', #133, 3.500000000000003109 ) ;
#1817 = DIRECTION ( 'NONE',  ( 0.000000000000000000, -1.000000000000000000, -0.000000000000000000 ) ) ;
#1818 = CARTESIAN_POINT ( 'NONE',  ( -31.84731624060603039, 5.000000000000000000, -5.130869074492109938 ) ) ;
#1819 = EDGE_LOOP ( 'NONE', ( #1229, #2176, #353, #2410, #2266, #1255 ) ) ;
#1820 = EDGE_CURVE ( 'NONE', #478, #1138, #758, .T. ) ;
#1821 = EDGE_LOOP ( 'NONE', ( #1910, #1489, #1832, #2078 ) ) ;
#1822 = CARTESIAN_POINT ( 'NONE',  ( 1.402683759393974272, 4.999999999999997335, -3.630869074492109494 ) ) ;
#1823 = DIRECTION ( 'NONE',  ( 0.000000000000000000, 0.000000000000000000, -1.000000000000000000 ) ) ;
#1824 = CARTESIAN_POINT ( 'NONE',  ( -54.09731624060601973, 15.00000000000000000, -51.80586907449209377 ) ) ;
#1825 = CARTESIAN_POINT ( 'NONE',  ( -50.59731624060603394, 12.00000000000000000, -41.30586907449208667 ) ) ;
#1826 = CARTESIAN_POINT ( 'NONE',  ( -31.84731624060603039, 58.09772228646443182, -2.630869074492111714 ) ) ;
#1827 = AXIS2_PLACEMENT_3D ( 'NONE', #334, #1405, #292 ) ;
#1828 = DIRECTION ( 'NONE',  ( -1.000000000000000000, 0.000000000000000000, 1.284980352575412206E-16 ) ) ;
#1829 = CIRCLE ( 'NONE', #937, 3.500000000000003109 ) ;
#1830 = CARTESIAN_POINT ( 'NONE',  ( 52.90268375939400869, 12.00000000000000000, -49.30586907449210088 ) ) ;
#1831 = ORIENTED_EDGE ( 'NONE', *, *, #1634, .T. ) ;
#1832 = ORIENTED_EDGE ( 'NONE', *, *, #2689, .T. ) ;
#1833 = ADVANCED_FACE ( 'NONE', ( #1421 ), #2262, .F. ) ;
#1834 = FACE_OUTER_BOUND ( 'NONE', #261, .T. ) ;
#1835 = CARTESIAN_POINT ( 'NONE',  ( 21.32068875735937397, 12.00000000000000000, 102.5896296760165569 ) ) ;
#1836 = DIRECTION ( 'NONE',  ( 0.000000000000000000, 1.000000000000000000, 0.000000000000000000 ) ) ;
#1837 = AXIS2_PLACEMENT_3D ( 'NONE', #431, #1522, #683 ) ;
#1838 = VECTOR ( 'NONE', #63, 1000.000000000000000 ) ;
#1839 = DIRECTION ( 'NONE',  ( 0.000000000000000000, 1.000000000000000000, -0.000000000000000000 ) ) ;
#1840 = DIRECTION ( 'NONE',  ( -0.000000000000000000, -1.000000000000000000, -0.000000000000000000 ) ) ;
#1841 = AXIS2_PLACEMENT_3D ( 'NONE', #1189, #987, #692 ) ;
#1842 = DIRECTION ( 'NONE',  ( 0.000000000000000000, 0.000000000000000000, -1.000000000000000000 ) ) ;
#1843 = AXIS2_PLACEMENT_3D ( 'NONE', #843, #1097, #472 ) ;
#1844 = DIRECTION ( 'NONE',  ( 0.000000000000000000, 0.000000000000000000, -1.000000000000000000 ) ) ;
#1845 = ORIENTED_EDGE ( 'NONE', *, *, #2717, .T. ) ;
#1846 = LINE ( 'NONE', #787, #1985 ) ;
#1847 = ORIENTED_EDGE ( 'NONE', *, *, #1347, .F. ) ;
#1848 = ORIENTED_EDGE ( 'NONE', *, *, #2602, .T. ) ;
#1849 = EDGE_CURVE ( 'NONE', #583, #42, #555, .T. ) ;
#1850 = CARTESIAN_POINT ( 'NONE',  ( 48.90268375939400869, 12.00000000000000000, -42.80586907449208667 ) ) ;
#1851 = DIRECTION ( 'NONE',  ( 0.000000000000000000, 1.000000000000000000, 0.000000000000000000 ) ) ;
#1852 = DIRECTION ( 'NONE',  ( -0.000000000000000000, -1.000000000000000000, 0.000000000000000000 ) ) ;
#1853 = ADVANCED_FACE ( 'NONE', ( #1409 ), #1638, .T. ) ;
#1854 = CARTESIAN_POINT ( 'NONE',  ( 49.40268375939400869, 15.00000000000000000, 6.043691236128693411 ) ) ;
#1855 = CARTESIAN_POINT ( 'NONE',  ( -35.52818593026789529, 12.00000000000000000, 103.1941309255078920 ) ) ;
#1856 = ORIENTED_EDGE ( 'NONE', *, *, #1887, .F. ) ;
#1857 = DIRECTION ( 'NONE',  ( 0.000000000000000000, 0.000000000000000000, -1.000000000000000000 ) ) ;
#1858 = ORIENTED_EDGE ( 'NONE', *, *, #2441, .F. ) ;
#1859 = VERTEX_POINT ( 'NONE', #179 ) ;
#1860 = VECTOR ( 'NONE', #2701, 1000.000000000000000 ) ;
#1861 = FACE_OUTER_BOUND ( 'NONE', #804, .T. ) ;
#1862 = CARTESIAN_POINT ( 'NONE',  ( 44.90268375939400869, 5.000000000000000000, -49.30586907449210088 ) ) ;
#1863 = VECTOR ( 'NONE', #2355, 1000.000000000000000 ) ;
#1864 = EDGE_CURVE ( 'NONE', #1266, #305, #1556, .T. ) ;
#1865 = CARTESIAN_POINT ( 'NONE',  ( -43.59731624060600552, 5.000000000000000000, 27.68317820982385769 ) ) ;
#1866 = CARTESIAN_POINT ( 'NONE',  ( -21.84731624060602684, 12.00000000000000355, -7.630869074492109050 ) ) ;
#1867 = CARTESIAN_POINT ( 'NONE',  ( -23.51532123857142764, 5.000000000000000000, 102.5896296760165569 ) ) ;
#1868 = EDGE_LOOP ( 'NONE', ( #2116, #1682, #226, #444 ) ) ;
#1869 = DIRECTION ( 'NONE',  ( -0.000000000000000000, -1.000000000000000000, -0.000000000000000000 ) ) ;
#1870 = ORIENTED_EDGE ( 'NONE', *, *, #48, .T. ) ;
#1871 = VECTOR ( 'NONE', #2699, 1000.000000000000000 ) ;
#1872 = ORIENTED_EDGE ( 'NONE', *, *, #1118, .T. ) ;
#1873 = PLANE ( 'NONE',  #1401 ) ;
#1874 = CARTESIAN_POINT ( 'NONE',  ( 55.40268375939399448, 15.00000000000000000, 7.499387438660307659 ) ) ;
#1875 = AXIS2_PLACEMENT_3D ( 'NONE', #2110, #1885, #433 ) ;
#1876 = VECTOR ( 'NONE', #860, 1000.000000000000000 ) ;
#1877 = CARTESIAN_POINT ( 'NONE',  ( -21.84731624060602684, 58.09772228646443182, -5.130869074492109938 ) ) ;
#1878 = EDGE_CURVE ( 'NONE', #2429, #42, #1061, .T. ) ;
#1879 = CARTESIAN_POINT ( 'NONE',  ( -31.84731624060603039, 4.999999999999997335, -2.630869074492111714 ) ) ;
#1880 = VECTOR ( 'NONE', #304, 1000.000000000000000 ) ;
#1881 = ORIENTED_EDGE ( 'NONE', *, *, #1972, .F. ) ;
#1882 = DIRECTION ( 'NONE',  ( 0.000000000000000000, 0.000000000000000000, 1.000000000000000000 ) ) ;
#1883 = ORIENTED_EDGE ( 'NONE', *, *, #980, .F. ) ;
#1884 = ORIENTED_EDGE ( 'NONE', *, *, #1574, .F. ) ;
#1885 = DIRECTION ( 'NONE',  ( 0.000000000000000000, -1.000000000000000000, 0.000000000000000000 ) ) ;
#1886 = EDGE_LOOP ( 'NONE', ( #2095, #1939, #704, #844 ) ) ;
#1887 = EDGE_CURVE ( 'NONE', #1280, #667, #489, .T. ) ;
#1888 = CARTESIAN_POINT ( 'NONE',  ( 0.000000000000000000, 15.00000000000000000, 0.000000000000000000 ) ) ;
#1889 = EDGE_CURVE ( 'NONE', #2525, #297, #2528, .T. ) ;
#1890 = CARTESIAN_POINT ( 'NONE',  ( 49.40268375939400869, 4.999999999999997335, -10.13086907449209662 ) ) ;
#1891 = CARTESIAN_POINT ( 'NONE',  ( 44.37806992294501640, 15.00000000000000000, 27.37770686201809056 ) ) ;
#1892 = LINE ( 'NONE', #2747, #2687 ) ;
#1893 = ORIENTED_EDGE ( 'NONE', *, *, #1814, .T. ) ;
#1894 = DIRECTION ( 'NONE',  ( -1.000000000000000000, 0.000000000000000000, -0.000000000000000000 ) ) ;
#1895 = VERTEX_POINT ( 'NONE', #1867 ) ;
#1896 = CARTESIAN_POINT ( 'NONE',  ( 49.40268375939400869, 58.09772228646443182, -0.1308690744920970039 ) ) ;
#1897 = EDGE_CURVE ( 'NONE', #22, #1301, #121, .T. ) ;
#1898 = ORIENTED_EDGE ( 'NONE', *, *, #1398, .T. ) ;
#1899 = CARTESIAN_POINT ( 'NONE',  ( -55.09731624060602684, 15.00000000000000000, -49.30586907449208667 ) ) ;
#1900 = ORIENTED_EDGE ( 'NONE', *, *, #2517, .T. ) ;
#1901 = AXIS2_PLACEMENT_3D ( 'NONE', #743, #1839, #317 ) ;
#1902 = DIRECTION ( 'NONE',  ( 0.000000000000000000, 1.000000000000000000, 0.000000000000000000 ) ) ;
#1903 = CARTESIAN_POINT ( 'NONE',  ( 1.668327990038994106E-14, 15.00000000000000000, 108.1941309255078920 ) ) ;
#1904 = CARTESIAN_POINT ( 'NONE',  ( 55.40268375939399448, 0.000000000000000000, -2.552254569946283358E-14 ) ) ;
#1905 = CARTESIAN_POINT ( 'NONE',  ( -31.84731624060603039, 0.000000000000000000, -5.130869074492109938 ) ) ;
#1906 = ORIENTED_EDGE ( 'NONE', *, *, #1458, .F. ) ;
#1907 = CARTESIAN_POINT ( 'NONE',  ( -39.34731624060599842, 0.000000000000000000, 100.4441309255078920 ) ) ;
#1908 = ORIENTED_EDGE ( 'NONE', *, *, #2565, .T. ) ;
#1909 = DIRECTION ( 'NONE',  ( -0.000000000000000000, 0.000000000000000000, 1.000000000000000000 ) ) ;
#1910 = ORIENTED_EDGE ( 'NONE', *, *, #140, .F. ) ;
#1911 = CARTESIAN_POINT ( 'NONE',  ( -51.59731624060601263, 5.000000000000000000, -10.13086907449211971 ) ) ;
#1912 = AXIS2_PLACEMENT_3D ( 'NONE', #391, #2024, #151 ) ;
#1913 = EDGE_CURVE ( 'NONE', #1262, #625, #358, .T. ) ;
#1914 = ORIENTED_EDGE ( 'NONE', *, *, #1807, .F. ) ;
#1915 = AXIS2_PLACEMENT_3D ( 'NONE', #1221, #2062, #2311 ) ;
#1916 = DIRECTION ( 'NONE',  ( -0.000000000000000000, -1.000000000000000000, -0.000000000000000000 ) ) ;
#1917 = CARTESIAN_POINT ( 'NONE',  ( 44.90268375939400158, 5.000000000000000888, 27.68317820982386834 ) ) ;
#1918 = AXIS2_PLACEMENT_3D ( 'NONE', #113, #128, #142 ) ;
#1919 = LINE ( 'NONE', #2188, #110 ) ;
#1920 = CARTESIAN_POINT ( 'NONE',  ( -25.52199058486105443, 12.00000000000000000, 102.0879623394441467 ) ) ;
#1921 = ORIENTED_EDGE ( 'NONE', *, *, #1701, .F. ) ;
#1922 = CARTESIAN_POINT ( 'NONE',  ( -42.59731624060599131, 0.000000000000000000, 104.6941309255078920 ) ) ;
#1923 = ORIENTED_EDGE ( 'NONE', *, *, #2545, .F. ) ;
#1924 = FACE_OUTER_BOUND ( 'NONE', #873, .T. ) ;
#1925 = EDGE_LOOP ( 'NONE', ( #1848, #1045, #518, #351 ) ) ;
#1926 = VECTOR ( 'NONE', #243, 1000.000000000000000 ) ;
#1927 = DIRECTION ( 'NONE',  ( 0.000000000000000000, -1.000000000000000000, 0.000000000000000000 ) ) ;
#1928 = ORIENTED_EDGE ( 'NONE', *, *, #1732, .T. ) ;
#1929 = LINE ( 'NONE', #1300, #1926 ) ;
#1930 = ORIENTED_EDGE ( 'NONE', *, *, #1324, .T. ) ;
#1931 = CIRCLE ( 'NONE', #2160, 2.500000000000009326 ) ;
#1932 = CARTESIAN_POINT ( 'NONE',  ( -51.59731624060601263, 5.000000000000000000, -0.1308690744921091331 ) ) ;
#1933 = CARTESIAN_POINT ( 'NONE',  ( -22.66644655094426142, 12.00000000000000000, 99.19413092550787781 ) ) ;
#1934 = EDGE_CURVE ( 'NONE', #297, #22, #2690, .T. ) ;
#1935 = AXIS2_PLACEMENT_3D ( 'NONE', #2479, #164, #1842 ) ;
#1936 = DIRECTION ( 'NONE',  ( 0.5031907286678231062, 0.000000000000000000, 0.8641753818425662592 ) ) ;
#1937 = EDGE_LOOP ( 'NONE', ( #237, #157, #567, #1494 ) ) ;
#1938 = DIRECTION ( 'NONE',  ( 0.000000000000000000, 0.000000000000000000, 1.000000000000000000 ) ) ;
#1939 = ORIENTED_EDGE ( 'NONE', *, *, #2231, .F. ) ;
#1940 = CARTESIAN_POINT ( 'NONE',  ( 48.90268375939400869, 12.00000000000000000, -45.30586907449209377 ) ) ;
#1941 = EDGE_CURVE ( 'NONE', #2610, #12, #1206, .T. ) ;
#1942 = ORIENTED_EDGE ( 'NONE', *, *, #2602, .F. ) ;
#1943 = CARTESIAN_POINT ( 'NONE',  ( 7.810780629141730941E-16, 58.09772228646443182, -10.13086907449211083 ) ) ;
#1944 = VERTEX_POINT ( 'NONE', #1799 ) ;
#1945 = ORIENTED_EDGE ( 'NONE', *, *, #127, .F. ) ;
#1946 = CARTESIAN_POINT ( 'NONE',  ( 0.000000000000000000, 5.000000000000000000, 99.69413092550787781 ) ) ;
#1947 = LINE ( 'NONE', #1543, #2060 ) ;
#1948 = ORIENTED_EDGE ( 'NONE', *, *, #144, .T. ) ;
#1949 = EDGE_CURVE ( 'NONE', #1125, #2564, #1595, .T. ) ;
#1950 = DIRECTION ( 'NONE',  ( 0.000000000000000000, 1.000000000000000000, 0.000000000000000000 ) ) ;
#1951 = ORIENTED_EDGE ( 'NONE', *, *, #2724, .F. ) ;
#1952 = CARTESIAN_POINT ( 'NONE',  ( -39.34731624060599842, 12.00000000000000000, 101.9441309255078920 ) ) ;
#1953 = EDGE_LOOP ( 'NONE', ( #31, #2049, #999, #857 ) ) ;
#1954 = DIRECTION ( 'NONE',  ( 0.000000000000000000, -1.000000000000000000, 0.000000000000000000 ) ) ;
#1955 = ORIENTED_EDGE ( 'NONE', *, *, #1432, .T. ) ;
#1956 = VERTEX_POINT ( 'NONE', #1163 ) ;
#1957 = CARTESIAN_POINT ( 'NONE',  ( -42.59731624060599131, 5.000000000000000000, 104.6941309255078920 ) ) ;
#1958 = VECTOR ( 'NONE', #773, 1000.000000000000000 ) ;
#1959 = DIRECTION ( 'NONE',  ( 0.000000000000000000, 0.000000000000000000, -1.000000000000000000 ) ) ;
#1960 = ORIENTED_EDGE ( 'NONE', *, *, #1774, .T. ) ;
#1961 = EDGE_CURVE ( 'NONE', #1521, #1956, #2020, .T. ) ;
#1962 = DIRECTION ( 'NONE',  ( 0.000000000000000000, 1.000000000000000000, -0.000000000000000000 ) ) ;
#1963 = ORIENTED_EDGE ( 'NONE', *, *, #1528, .F. ) ;
#1964 = CARTESIAN_POINT ( 'NONE',  ( -44.18551183928657622, 15.00000000000000000, 25.72827271654659498 ) ) ;
#1965 = AXIS2_PLACEMENT_3D ( 'NONE', #225, #628, #2094 ) ;
#1966 = ORIENTED_EDGE ( 'NONE', *, *, #1362, .T. ) ;
#1967 = VECTOR ( 'NONE', #2391, 1000.000000000000000 ) ;
#1968 = CIRCLE ( 'NONE', #2013, 2.559266680167342045 ) ;
#1969 = VERTEX_POINT ( 'NONE', #2031 ) ;
#1970 = LINE ( 'NONE', #1116, #807 ) ;
#1971 = DIRECTION ( 'NONE',  ( 0.000000000000000000, 0.000000000000000000, 1.000000000000000000 ) ) ;
#1972 = EDGE_CURVE ( 'NONE', #1172, #46, #1606, .T. ) ;
#1973 = FACE_OUTER_BOUND ( 'NONE', #1777, .T. ) ;
#1974 = ADVANCED_FACE ( 'NONE', ( #2661 ), #767, .F. ) ;
#1975 = DIRECTION ( 'NONE',  ( 0.000000000000000000, 0.000000000000000000, 1.000000000000000000 ) ) ;
#1976 = ORIENTED_EDGE ( 'NONE', *, *, #264, .T. ) ;
#1977 = DIRECTION ( 'NONE',  ( -0.000000000000000000, -1.000000000000000000, -0.000000000000000000 ) ) ;
#1978 = LINE ( 'NONE', #2337, #1529 ) ;
#1979 = ORIENTED_EDGE ( 'NONE', *, *, #310, .F. ) ;
#1980 = ORIENTED_EDGE ( 'NONE', *, *, #2474, .F. ) ;
#1981 = EDGE_CURVE ( 'NONE', #2433, #2741, #314, .T. ) ;
#1982 = CARTESIAN_POINT ( 'NONE',  ( 52.90268375939400869, 15.00000000000000000, 3.369130925507902941 ) ) ;
#1983 = LINE ( 'NONE', #300, #2421 ) ;
#1984 = LINE ( 'NONE', #1812, #1490 ) ;
#1985 = VECTOR ( 'NONE', #2483, 1000.000000000000000 ) ;
#1986 = AXIS2_PLACEMENT_3D ( 'NONE', #377, #1224, #2066 ) ;
#1987 = CARTESIAN_POINT ( 'NONE',  ( 0.000000000000000000, 5.000000000000000000, 99.69413092550787781 ) ) ;
#1988 = ORIENTED_EDGE ( 'NONE', *, *, #2340, .T. ) ;
#1989 = DIRECTION ( 'NONE',  ( -1.000000000000000000, 0.000000000000000000, -0.000000000000000000 ) ) ;
#1990 = DIRECTION ( 'NONE',  ( -0.000000000000000000, -1.000000000000000000, 0.000000000000000000 ) ) ;
#1991 = VERTEX_POINT ( 'NONE', #1825 ) ;
#1992 = EDGE_LOOP ( 'NONE', ( #449, #1600, #1113, #822 ) ) ;
#1993 = VECTOR ( 'NONE', #1415, 1000.000000000000000 ) ;
#1994 = DIRECTION ( 'NONE',  ( 0.000000000000000000, 1.000000000000000000, 0.000000000000000000 ) ) ;
#1995 = EDGE_CURVE ( 'NONE', #1692, #1330, #2214, .T. ) ;
#1996 = CARTESIAN_POINT ( 'NONE',  ( 20.47181406973220774, 5.000000000000000000, 102.6941309255078920 ) ) ;
#1997 = ORIENTED_EDGE ( 'NONE', *, *, #956, .F. ) ;
#1998 = SHAPE_DEFINITION_REPRESENTATION ( #1625, #132 ) ;
#1999 = DIRECTION ( 'NONE',  ( 0.000000000000000000, 0.000000000000000000, 1.000000000000000000 ) ) ;
#2000 = AXIS2_PLACEMENT_3D ( 'NONE', #1542, #2385, #2172 ) ;
#2001 = AXIS2_PLACEMENT_3D ( 'NONE', #384, #408, #2073 ) ;
#2002 = DIRECTION ( 'NONE',  ( 0.000000000000000000, 0.000000000000000000, 1.000000000000000000 ) ) ;
#2003 = CARTESIAN_POINT ( 'NONE',  ( -51.09731624060602684, 12.00000000000000000, -47.80586907449209377 ) ) ;
#2004 = EDGE_CURVE ( 'NONE', #12, #2376, #2615, .T. ) ;
#2005 = CARTESIAN_POINT ( 'NONE',  ( -34.67931124264072196, 12.00000000000000000, 99.79863217499922712 ) ) ;
#2006 = CARTESIAN_POINT ( 'NONE',  ( 49.40268375939400869, 5.000000000000000000, -10.13086907449209662 ) ) ;
#2007 = ORIENTED_EDGE ( 'NONE', *, *, #1417, .T. ) ;
#2008 = VERTEX_POINT ( 'NONE', #2270 ) ;
#2009 = VECTOR ( 'NONE', #1233, 1000.000000000000000 ) ;
#2010 = FACE_OUTER_BOUND ( 'NONE', #2694, .T. ) ;
#2011 = CARTESIAN_POINT ( 'NONE',  ( 37.90268375939399448, 5.000000000000000000, 96.19413092550787781 ) ) ;
#2012 = VERTEX_POINT ( 'NONE', #1418 ) ;
#2013 = AXIS2_PLACEMENT_3D ( 'NONE', #1389, #1836, #2434 ) ;
#2014 = EDGE_CURVE ( 'NONE', #912, #166, #273, .T. ) ;
#2015 = CARTESIAN_POINT ( 'NONE',  ( -51.09731624060602684, 12.00000000000000000, -42.80586907449208667 ) ) ;
#2016 = AXIS2_PLACEMENT_3D ( 'NONE', #2216, #105, #745 ) ;
#2017 = CARTESIAN_POINT ( 'NONE',  ( -44.07270240415702034, 5.000000000000000000, 25.92201065948648164 ) ) ;
#2018 = CIRCLE ( 'NONE', #1841, 3.500000000000003109 ) ;
#2019 = EDGE_CURVE ( 'NONE', #381, #2607, #1635, .T. ) ;
#2020 = LINE ( 'NONE', #2475, #1201 ) ;
#2021 = VECTOR ( 'NONE', #1273, 1000.000000000000000 ) ;
#2022 = CYLINDRICAL_SURFACE ( 'NONE', #1044, 3.499999999999999556 ) ;
#2023 = CARTESIAN_POINT ( 'NONE',  ( -2.097316240606023285, 12.00000000000000355, -0.1308690744921091331 ) ) ;
#2024 = DIRECTION ( 'NONE',  ( -0.000000000000000000, -1.000000000000000000, -0.000000000000000000 ) ) ;
#2025 = VERTEX_POINT ( 'NONE', #1430 ) ;
#2026 = ORIENTED_EDGE ( 'NONE', *, *, #2664, .F. ) ;
#2027 = CARTESIAN_POINT ( 'NONE',  ( 43.11454910002520080, 58.09772228646443182, -6.630869074492097504 ) ) ;
#2028 = CARTESIAN_POINT ( 'NONE',  ( 52.90268375939401579, 12.00000000000000355, 3.369130925507902496 ) ) ;
#2029 = PRODUCT_CONTEXT ( 'NONE', #383, 'mechanical' ) ;
#2030 = DIRECTION ( 'NONE',  ( 0.000000000000000000, 1.000000000000000000, 0.000000000000000000 ) ) ;
#2031 = CARTESIAN_POINT ( 'NONE',  ( 33.33355344905584161, 5.000000000000000000, 99.69413092550787781 ) ) ;
#2032 = CIRCLE ( 'NONE', #705, 3.500000000000000000 ) ;
#2033 = CARTESIAN_POINT ( 'NONE',  ( -55.09731624060601263, 5.000000000000000888, -13.63086907449211438 ) ) ;
#2034 = EDGE_CURVE ( 'NONE', #1138, #1747, #2435, .T. ) ;
#2035 = AXIS2_PLACEMENT_3D ( 'NONE', #990, #1390, #576 ) ;
#2036 = DIRECTION ( 'NONE',  ( 0.000000000000000000, 0.000000000000000000, 1.000000000000000000 ) ) ;
#2037 = DIRECTION ( 'NONE',  ( -0.000000000000000000, 1.000000000000000000, -0.000000000000000000 ) ) ;
#2038 = ORIENTED_EDGE ( 'NONE', *, *, #343, .F. ) ;
#2039 = ORIENTED_EDGE ( 'NONE', *, *, #1598, .F. ) ;
#2040 = DIRECTION ( 'NONE',  ( -0.5031907286678233282, 0.000000000000000000, -0.8641753818425661482 ) ) ;
#2041 = LINE ( 'NONE', #2225, #2710 ) ;
#2042 = CARTESIAN_POINT ( 'NONE',  ( 51.90268375939398737, 5.000000000000000000, 7.499387438660309435 ) ) ;
#2043 = DIRECTION ( 'NONE',  ( 1.734723475976807094E-16, 0.000000000000000000, 1.000000000000000000 ) ) ;
#2044 = CARTESIAN_POINT ( 'NONE',  ( -47.09731624060602684, 5.000000000000000000, -49.30586907449208667 ) ) ;
#2045 = VECTOR ( 'NONE', #564, 1000.000000000000000 ) ;
#2046 = CARTESIAN_POINT ( 'NONE',  ( 41.40268375939399448, 12.00000000000000000, 96.19413092550787781 ) ) ;
#2047 = EDGE_CURVE ( 'NONE', #805, #1330, #1816, .T. ) ;
#2048 = DIRECTION ( 'NONE',  ( 0.000000000000000000, 1.000000000000000000, 0.000000000000000000 ) ) ;
#2049 = ORIENTED_EDGE ( 'NONE', *, *, #1647, .F. ) ;
#2050 = DIRECTION ( 'NONE',  ( 1.734723475976807094E-16, 0.000000000000000000, 1.000000000000000000 ) ) ;
#2051 = AXIS2_PLACEMENT_3D ( 'NONE', #1023, #816, #2303 ) ;
#2052 = ORIENTED_EDGE ( 'NONE', *, *, #645, .T. ) ;
#2053 = ORIENTED_EDGE ( 'NONE', *, *, #1553, .F. ) ;
#2054 = CARTESIAN_POINT ( 'NONE',  ( -50.59731624060603394, 5.000000000000000000, -41.30586907449208667 ) ) ;
#2055 = CARTESIAN_POINT ( 'NONE',  ( -31.84731624060603039, 4.999999999999997335, -5.130869074492109938 ) ) ;
#2056 = MANIFOLD_SOLID_BREP ( 'Cut-Extrude1', #1304 ) ;
#2057 = DIRECTION ( 'NONE',  ( 0.000000000000000000, 0.000000000000000000, 1.000000000000000000 ) ) ;
#2058 = EDGE_CURVE ( 'NONE', #1437, #1213, #1047, .T. ) ;
#2059 = AXIS2_PLACEMENT_3D ( 'NONE', #2583, #1927, #2754 ) ;
#2060 = VECTOR ( 'NONE', #1936, 1000.000000000000114 ) ;
#2061 = SURFACE_SIDE_STYLE ('',( #359 ) ) ;
#2062 = DIRECTION ( 'NONE',  ( -0.000000000000000000, -1.000000000000000000, 0.000000000000000000 ) ) ;
#2063 = VECTOR ( 'NONE', #492, 1000.000000000000000 ) ;
#2064 = DIRECTION ( 'NONE',  ( 2.465220612327489274E-16, 0.000000000000000000, 1.000000000000000000 ) ) ;
#2065 = CIRCLE ( 'NONE', #648, 2.500000000000002220 ) ;
#2066 = DIRECTION ( 'NONE',  ( 0.000000000000000000, 0.000000000000000000, 1.000000000000000000 ) ) ;
#2067 = ORIENTED_EDGE ( 'NONE', *, *, #2294, .F. ) ;
#2068 = LINE ( 'NONE', #582, #1217 ) ;
#2069 = ORIENTED_EDGE ( 'NONE', *, *, #1941, .T. ) ;
#2070 = VERTEX_POINT ( 'NONE', #1220 ) ;
#2071 = DIRECTION ( 'NONE',  ( 0.000000000000000000, 0.000000000000000000, 1.000000000000000000 ) ) ;
#2072 = EDGE_CURVE ( 'NONE', #2607, #394, #2546, .T. ) ;
#2073 = DIRECTION ( 'NONE',  ( 7.930164461608261228E-15, 0.000000000000000000, 1.000000000000000000 ) ) ;
#2074 = DIRECTION ( 'NONE',  ( 0.000000000000000000, 0.000000000000000000, 1.000000000000000000 ) ) ;
#2075 = DIRECTION ( 'NONE',  ( -0.000000000000000000, -1.000000000000000000, -0.000000000000000000 ) ) ;
#2076 = DIRECTION ( 'NONE',  ( 0.000000000000000000, 0.000000000000000000, 1.000000000000000000 ) ) ;
#2077 = PLANE ( 'NONE',  #1438 ) ;
#2078 = ORIENTED_EDGE ( 'NONE', *, *, #134, .F. ) ;
#2079 = CARTESIAN_POINT ( 'NONE',  ( -57.59731624060601973, 0.000000000000000000, 6.633388656321294430E-15 ) ) ;
#2080 = EDGE_LOOP ( 'NONE', ( #2367, #1278, #1558, #2721, #1712, #2644, #205, #1435 ) ) ;
#2081 = ORIENTED_EDGE ( 'NONE', *, *, #626, .F. ) ;
#2082 = VECTOR ( 'NONE', #1404, 1000.000000000000000 ) ;
#2083 = DIRECTION ( 'NONE',  ( 0.000000000000000000, 0.000000000000000000, 1.000000000000000000 ) ) ;
#2084 = DIRECTION ( 'NONE',  ( -0.000000000000000000, 1.000000000000000000, -0.000000000000000000 ) ) ;
#2085 = EDGE_CURVE ( 'NONE', #183, #1309, #2478, .T. ) ;
#2086 = DIRECTION ( 'NONE',  ( 0.000000000000000000, 0.000000000000000000, -1.000000000000000000 ) ) ;
#2087 = FACE_OUTER_BOUND ( 'NONE', #726, .T. ) ;
#2088 = ORIENTED_EDGE ( 'NONE', *, *, #361, .T. ) ;
#2089 = CARTESIAN_POINT ( 'NONE',  ( -21.84731624060602684, 12.00000000000000355, -5.130869074492109938 ) ) ;
#2090 = EDGE_CURVE ( 'NONE', #526, #1680, #174, .T. ) ;
#2091 = VERTEX_POINT ( 'NONE', #1662 ) ;
#2092 = AXIS2_PLACEMENT_3D ( 'NONE', #1219, #161, #1480 ) ;
#2093 = ORIENTED_EDGE ( 'NONE', *, *, #1162, .F. ) ;
#2094 = DIRECTION ( 'NONE',  ( 0.000000000000000000, 0.000000000000000000, 1.000000000000000000 ) ) ;
#2095 = ORIENTED_EDGE ( 'NONE', *, *, #468, .F. ) ;
#2096 = EDGE_CURVE ( 'NONE', #1680, #245, #709, .T. ) ;
#2097 = DIRECTION ( 'NONE',  ( -0.000000000000000000, -1.000000000000000000, -0.000000000000000000 ) ) ;
#2098 = EDGE_CURVE ( 'NONE', #830, #1747, #221, .T. ) ;
#2099 = AXIS2_PLACEMENT_3D ( 'NONE', #820, #1477, #1254 ) ;
#2100 = CARTESIAN_POINT ( 'NONE',  ( -6.362396975355915854E-15, 15.00000000000000000, -51.80586907449210088 ) ) ;
#2101 = VECTOR ( 'NONE', #1711, 1000.000000000000000 ) ;
#2102 = CARTESIAN_POINT ( 'NONE',  ( -47.09731624060602684, 5.000000000000000000, -44.80586907449209377 ) ) ;
#2103 = EDGE_CURVE ( 'NONE', #197, #2433, #1470, .T. ) ;
#2104 = DIRECTION ( 'NONE',  ( 0.000000000000000000, 0.000000000000000000, 1.000000000000000000 ) ) ;
#2105 = CIRCLE ( 'NONE', #1667, 3.499999999999999556 ) ;
#2106 = ORIENTED_EDGE ( 'NONE', *, *, #1274, .T. ) ;
#2107 = DIRECTION ( 'NONE',  ( 0.000000000000000000, 1.000000000000000000, -0.000000000000000000 ) ) ;
#2108 = ORIENTED_EDGE ( 'NONE', *, *, #127, .T. ) ;
#2109 = ORIENTED_EDGE ( 'NONE', *, *, #2605, .F. ) ;
#2110 = CARTESIAN_POINT ( 'NONE',  ( -54.09731624060601263, 5.000000000000000000, 7.499387438660326310 ) ) ;
#2111 = ORIENTED_EDGE ( 'NONE', *, *, #2545, .T. ) ;
#2112 = DIRECTION ( 'NONE',  ( 0.000000000000000000, 1.000000000000000000, 0.000000000000000000 ) ) ;
#2113 = DIRECTION ( 'NONE',  ( 0.000000000000000000, 0.000000000000000000, 1.000000000000000000 ) ) ;
#2114 = CARTESIAN_POINT ( 'NONE',  ( 48.40268375939401579, 12.00000000000000000, -44.80586907449209377 ) ) ;
#2115 = DIRECTION ( 'NONE',  ( 0.000000000000000000, 0.000000000000000000, 1.000000000000000000 ) ) ;
#2116 = ORIENTED_EDGE ( 'NONE', *, *, #203, .T. ) ;
#2117 = EDGE_CURVE ( 'NONE', #2376, #1022, #1033, .T. ) ;
#2118 = DIRECTION ( 'NONE',  ( 0.000000000000000000, 0.000000000000000000, 1.000000000000000000 ) ) ;
#2119 = VERTEX_POINT ( 'NONE', #2522 ) ;
#2120 = DIRECTION ( 'NONE',  ( -1.000000000000000000, 0.000000000000000000, -7.709882115452478166E-17 ) ) ;
#2121 = ORIENTED_EDGE ( 'NONE', *, *, #2133, .T. ) ;
#2122 = CIRCLE ( 'NONE', #1555, 3.500000000000003109 ) ;
#2123 = CARTESIAN_POINT ( 'NONE',  ( 55.40268375939399448, 5.000000000000000000, -2.552254569946283358E-14 ) ) ;
#2124 = VERTEX_POINT ( 'NONE', #1500 ) ;
#2125 = VECTOR ( 'NONE', #2505, 1000.000000000000000 ) ;
#2126 = ORIENTED_EDGE ( 'NONE', *, *, #1553, .T. ) ;
#2127 = DIRECTION ( 'NONE',  ( 0.5031907286678237723, 0.000000000000000000, -0.8641753818425659261 ) ) ;
#2128 = LINE ( 'NONE', #1007, #421 ) ;
#2129 = CARTESIAN_POINT ( 'NONE',  ( 48.40268375939401579, 12.00000000000000000, -44.80586907449209377 ) ) ;
#2130 = EDGE_LOOP ( 'NONE', ( #720, #1214 ) ) ;
#2131 = VECTOR ( 'NONE', #74, 1000.000000000000000 ) ;
#2132 = DIRECTION ( 'NONE',  ( -0.000000000000000000, -1.000000000000000000, -0.000000000000000000 ) ) ;
#2133 = EDGE_CURVE ( 'NONE', #2452, #2529, #2338, .T. ) ;
#2134 = ORIENTED_EDGE ( 'NONE', *, *, #989, .F. ) ;
#2135 = LINE ( 'NONE', #238, #200 ) ;
#2136 = ORIENTED_EDGE ( 'NONE', *, *, #2565, .F. ) ;
#2137 = ADVANCED_FACE ( 'NONE', ( #2733 ), #617, .T. ) ;
#2138 = LINE ( 'NONE', #2555, #2101 ) ;
#2139 = EDGE_LOOP ( 'NONE', ( #1550, #278, #775, #2518 ) ) ;
#2140 = CIRCLE ( 'NONE', #2370, 2.559266680167342045 ) ;
#2141 = LINE ( 'NONE', #32, #950 ) ;
#2142 = VECTOR ( 'NONE', #2561, 1000.000000000000000 ) ;
#2143 = ORIENTED_EDGE ( 'NONE', *, *, #1029, .T. ) ;
#2144 = CARTESIAN_POINT ( 'NONE',  ( -51.59731624060601263, 12.00000000000000355, -10.13086907449211971 ) ) ;
#2145 = PLANE ( 'NONE',  #587 ) ;
#2146 = VECTOR ( 'NONE', #2198, 1000.000000000000000 ) ;
#2147 = DIRECTION ( 'NONE',  ( 0.000000000000000000, 0.000000000000000000, 1.000000000000000000 ) ) ;
#2148 = ADVANCED_FACE ( 'NONE', ( #1246 ), #589, .F. ) ;
#2149 = ORIENTED_EDGE ( 'NONE', *, *, #1981, .T. ) ;
#2150 = EDGE_CURVE ( 'NONE', #1747, #1944, #840, .T. ) ;
#2151 = VECTOR ( 'NONE', #1909, 1000.000000000000000 ) ;
#2152 = DIRECTION ( 'NONE',  ( 0.000000000000000000, 0.000000000000000000, 1.000000000000000000 ) ) ;
#2153 = VERTEX_POINT ( 'NONE', #2713 ) ;
#2154 = DIRECTION ( 'NONE',  ( 2.465220612327489274E-16, 0.000000000000000000, 1.000000000000000000 ) ) ;
#2155 = ORIENTED_EDGE ( 'NONE', *, *, #1496, .T. ) ;
#2156 = VECTOR ( 'NONE', #1530, 1000.000000000000000 ) ;
#2157 = CARTESIAN_POINT ( 'NONE',  ( -22.66644655094426142, 12.00000000000000000, 102.6941309255078920 ) ) ;
#2158 = VECTOR ( 'NONE', #1547, 1000.000000000000000 ) ;
#2159 = ORIENTED_EDGE ( 'NONE', *, *, #3, .F. ) ;
#2160 = AXIS2_PLACEMENT_3D ( 'NONE', #647, #725, #2563 ) ;
#2161 = EDGE_LOOP ( 'NONE', ( #2293, #1198 ) ) ;
#2162 = EDGE_CURVE ( 'NONE', #1944, #2361, #2374, .T. ) ;
#2163 = DIRECTION ( 'NONE',  ( 0.000000000000000000, -1.000000000000000000, 0.000000000000000000 ) ) ;
#2164 = EDGE_LOOP ( 'NONE', ( #1088, #475, #1086, #2567 ) ) ;
#2165 = DIRECTION ( 'NONE',  ( -0.000000000000000000, -1.000000000000000000, -0.000000000000000000 ) ) ;
#2166 = ORIENTED_EDGE ( 'NONE', *, *, #698, .T. ) ;
#2167 = LINE ( 'NONE', #2360, #2158 ) ;
#2168 = ORIENTED_EDGE ( 'NONE', *, *, #1191, .F. ) ;
#2169 = DIRECTION ( 'NONE',  ( 0.000000000000000000, 1.000000000000000000, 0.000000000000000000 ) ) ;
#2170 = ORIENTED_EDGE ( 'NONE', *, *, #1417, .F. ) ;
#2171 = ORIENTED_EDGE ( 'NONE', *, *, #613, .T. ) ;
#2172 = DIRECTION ( 'NONE',  ( 0.000000000000000000, 0.000000000000000000, -1.000000000000000000 ) ) ;
#2173 = STYLED_ITEM ( 'NONE', ( #729 ), #2056 ) ;
#2174 = EDGE_CURVE ( 'NONE', #741, #109, #553, .T. ) ;
#2175 = DIRECTION ( 'NONE',  ( 0.000000000000000000, 1.000000000000000000, 0.000000000000000000 ) ) ;
#2176 = ORIENTED_EDGE ( 'NONE', *, *, #2482, .T. ) ;
#2177 = CARTESIAN_POINT ( 'NONE',  ( -2.097316240606025506, 4.999999999999997335, -3.630869074492109050 ) ) ;
#2178 = ORIENTED_EDGE ( 'NONE', *, *, #213, .T. ) ;
#2179 = CARTESIAN_POINT ( 'NONE',  ( -55.09731624060601263, 15.00000000000000000, 1.358270396802680928E-14 ) ) ;
#2180 = ORIENTED_EDGE ( 'NONE', *, *, #2174, .F. ) ;
#2181 = EDGE_CURVE ( 'NONE', #650, #1956, #2128, .T. ) ;
#2182 = ORIENTED_EDGE ( 'NONE', *, *, #980, .T. ) ;
#2183 = CARTESIAN_POINT ( 'NONE',  ( -31.84731624060603039, 12.00000000000000355, -2.630869074492111714 ) ) ;
#2184 = EDGE_CURVE ( 'NONE', #1210, #1227, #388, .T. ) ;
#2185 = DIRECTION ( 'NONE',  ( 1.000000000000000000, -0.000000000000000000, 0.000000000000000000 ) ) ;
#2186 = AXIS2_PLACEMENT_3D ( 'NONE', #400, #2286, #2734 ) ;
#2187 = EDGE_CURVE ( 'NONE', #750, #252, #2570, .T. ) ;
#2188 = CARTESIAN_POINT ( 'NONE',  ( 44.90268375939400869, 12.00000000000000000, -49.30586907449210088 ) ) ;
#2189 = DIRECTION ( 'NONE',  ( 0.000000000000000000, 1.000000000000000000, 0.000000000000000000 ) ) ;
#2190 = ADVANCED_FACE ( 'NONE', ( #1341 ), #30, .T. ) ;
#2191 = ORIENTED_EDGE ( 'NONE', *, *, #2432, .F. ) ;
#2192 = DIRECTION ( 'NONE',  ( 0.000000000000000000, 1.000000000000000000, -0.000000000000000000 ) ) ;
#2193 = LINE ( 'NONE', #2353, #2716 ) ;
#2194 = ORIENTED_EDGE ( 'NONE', *, *, #505, .F. ) ;
#2195 = AXIS2_PLACEMENT_3D ( 'NONE', #2540, #900, #1750 ) ;
#2196 = EDGE_LOOP ( 'NONE', ( #2569, #1169 ) ) ;
#2197 = EDGE_CURVE ( 'NONE', #2416, #166, #2380, .T. ) ;
#2198 = DIRECTION ( 'NONE',  ( -1.000000000000000000, 0.000000000000000000, -6.033820786006287689E-16 ) ) ;
#2199 = CARTESIAN_POINT ( 'NONE',  ( -57.59731624060601973, 5.000000000000000000, 7.499387438660326310 ) ) ;
#2200 = VECTOR ( 'NONE', #401, 1000.000000000000000 ) ;
#2201 = CARTESIAN_POINT ( 'NONE',  ( -54.09731624060601973, 0.000000000000000000, -48.30586907449208667 ) ) ;
#2202 = DIRECTION ( 'NONE',  ( 0.000000000000000000, 1.000000000000000000, -0.000000000000000000 ) ) ;
#2203 = ORIENTED_EDGE ( 'NONE', *, *, #2383, .T. ) ;
#2204 = DIRECTION ( 'NONE',  ( 1.000000000000000000, 0.000000000000000000, -2.465220612327489274E-16 ) ) ;
#2205 = ADVANCED_FACE ( 'NONE', ( #2346, #1068 ), #446, .F. ) ;
#2206 = DIRECTION ( 'NONE',  ( 0.000000000000000000, -1.000000000000000000, 0.000000000000000000 ) ) ;
#2207 = ORIENTED_EDGE ( 'NONE', *, *, #867, .T. ) ;
#2208 = ORIENTED_EDGE ( 'NONE', *, *, #1162, .T. ) ;
#2209 = CARTESIAN_POINT ( 'NONE',  ( -51.59731624060601263, 12.00000000000000355, 3.369130925507890950 ) ) ;
#2210 = CARTESIAN_POINT ( 'NONE',  ( -21.84731624060602684, 0.000000000000000000, -5.130869074492109938 ) ) ;
#2211 = ORIENTED_EDGE ( 'NONE', *, *, #916, .T. ) ;
#2212 = CARTESIAN_POINT ( 'NONE',  ( 20.47181406973220774, 12.00000000000000000, 102.6941309255078920 ) ) ;
#2213 = LINE ( 'NONE', #573, #2731 ) ;
#2214 = LINE ( 'NONE', #550, #2082 ) ;
#2215 = MECHANICAL_DESIGN_GEOMETRIC_PRESENTATION_REPRESENTATION (  '', ( #2173 ), #973 ) ;
#2216 = CARTESIAN_POINT ( 'NONE',  ( -47.09731624060600552, 15.00000000000000000, 27.68317820982385769 ) ) ;
#2217 = VERTEX_POINT ( 'NONE', #847 ) ;
#2218 = DIRECTION ( 'NONE',  ( -2.465220612327489274E-16, 0.000000000000000000, -1.000000000000000000 ) ) ;
#2219 = DIRECTION ( 'NONE',  ( -1.734723475976807094E-16, 0.000000000000000000, -1.000000000000000000 ) ) ;
#2220 = ORIENTED_EDGE ( 'NONE', *, *, #2492, .F. ) ;
#2221 = EDGE_CURVE ( 'NONE', #270, #1895, #2138, .T. ) ;
#2222 = ORIENTED_EDGE ( 'NONE', *, *, #2441, .T. ) ;
#2223 = CIRCLE ( 'NONE', #581, 2.500000000000002220 ) ;
#2224 = CARTESIAN_POINT ( 'NONE',  ( 43.11454910002520080, 12.00000000000000355, -0.1308690744920970039 ) ) ;
#2225 = CARTESIAN_POINT ( 'NONE',  ( -55.09731624060601973, 12.00000000000000355, -0.1308690744921091331 ) ) ;
#2226 = ADVANCED_FACE ( 'NONE', ( #43 ), #669, .T. ) ;
#2227 = ORIENTED_EDGE ( 'NONE', *, *, #1889, .T. ) ;
#2228 = DIRECTION ( 'NONE',  ( -0.000000000000000000, -1.000000000000000000, -0.000000000000000000 ) ) ;
#2229 = CARTESIAN_POINT ( 'NONE',  ( -31.84731624060603039, 4.999999999999997335, -5.130869074492109938 ) ) ;
#2230 = CIRCLE ( 'NONE', #1256, 2.500000000000002220 ) ;
#2231 = EDGE_CURVE ( 'NONE', #834, #193, #11, .T. ) ;
#2232 = CARTESIAN_POINT ( 'NONE',  ( 40.40268375939400158, 15.00000000000000000, 104.6941309255078920 ) ) ;
#2233 = CYLINDRICAL_SURFACE ( 'NONE', #2016, 3.499999999999999556 ) ;
#2234 = CARTESIAN_POINT ( 'NONE',  ( -46.68551183928657622, 0.000000000000000000, 27.18396891907825363 ) ) ;
#2235 = DIRECTION ( 'NONE',  ( 0.5031907286678232172, 0.000000000000000000, 0.8641753818425661482 ) ) ;
#2236 = VERTEX_POINT ( 'NONE', #2157 ) ;
#2237 = EDGE_LOOP ( 'NONE', ( #1672, #59, #1923, #1291 ) ) ;
#2238 = AXIS2_PLACEMENT_3D ( 'NONE', #406, #1027, #1269 ) ;
#2239 = AXIS2_PLACEMENT_3D ( 'NONE', #258, #2169, #1491 ) ;
#2240 = CYLINDRICAL_SURFACE ( 'NONE', #941, 3.500000000000003109 ) ;
#2241 = CARTESIAN_POINT ( 'NONE',  ( -22.66644655094426142, 5.000000000000000000, 99.19413092550787781 ) ) ;
#2242 = CARTESIAN_POINT ( 'NONE',  ( 0.000000000000000000, 15.00000000000000000, 105.6941309255079062 ) ) ;
#2243 = VECTOR ( 'NONE', #1391, 1000.000000000000000 ) ;
#2244 = DIRECTION ( 'NONE',  ( -0.9701425001453318764, 0.000000000000000000, 0.2425356250363331634 ) ) ;
#2245 = EDGE_CURVE ( 'NONE', #1227, #2343, #222, .T. ) ;
#2246 = DIRECTION ( 'NONE',  ( 1.000000000000000000, 0.000000000000000000, 0.000000000000000000 ) ) ;
#2247 = PLANE ( 'NONE',  #1827 ) ;
#2248 = DIRECTION ( 'NONE',  ( 0.000000000000000000, 0.000000000000000000, 1.000000000000000000 ) ) ;
#2249 = CARTESIAN_POINT ( 'NONE',  ( 52.90268375939401579, 12.00000000000000355, -10.13086907449209662 ) ) ;
#2250 = VERTEX_POINT ( 'NONE', #208 ) ;
#2251 = ORIENTED_EDGE ( 'NONE', *, *, #1878, .F. ) ;
#2252 = CARTESIAN_POINT ( 'NONE',  ( -31.84731624060603039, 0.000000000000000000, -2.571602394324768337 ) ) ;
#2253 = DIRECTION ( 'NONE',  ( -0.000000000000000000, -1.000000000000000000, 0.000000000000000000 ) ) ;
#2254 = EDGE_CURVE ( 'NONE', #1301, #2440, #639, .T. ) ;
#2255 = CARTESIAN_POINT ( 'NONE',  ( -43.59731624060600552, 15.00000000000000000, 3.831479759391403016E-15 ) ) ;
#2256 = ADVANCED_FACE ( 'NONE', ( #1054 ), #877, .F. ) ;
#2257 = FILL_AREA_STYLE ('',( #2674 ) ) ;
#2258 = AXIS2_PLACEMENT_3D ( 'NONE', #153, #206, #1882 ) ;
#2259 = CYLINDRICAL_SURFACE ( 'NONE', #2645, 2.499999999999998668 ) ;
#2260 = AXIS2_PLACEMENT_3D ( 'NONE', #2447, #2246, #147 ) ;
#2261 = CARTESIAN_POINT ( 'NONE',  ( -2.097316240606025506, 12.00000000000000355, -3.630869074492109050 ) ) ;
#2262 = PLANE ( 'NONE',  #619 ) ;
#2263 = ORIENTED_EDGE ( 'NONE', *, *, #385, .F. ) ;
#2264 = ORIENTED_EDGE ( 'NONE', *, *, #1324, .F. ) ;
#2265 = ADVANCED_FACE ( 'NONE', ( #1739 ), #2333, .F. ) ;
#2266 = ORIENTED_EDGE ( 'NONE', *, *, #1458, .T. ) ;
#2267 = CARTESIAN_POINT ( 'NONE',  ( -54.09731624060601973, 15.00000000000000000, -51.80586907449209377 ) ) ;
#2268 = FACE_OUTER_BOUND ( 'NONE', #543, .T. ) ;
#2269 = EDGE_CURVE ( 'NONE', #1991, #665, #2729, .T. ) ;
#2270 = CARTESIAN_POINT ( 'NONE',  ( -2.097316240606023285, 5.000000000000000000, -0.1308690744921091331 ) ) ;
#2271 = LINE ( 'NONE', #1460, #721 ) ;
#2272 = VECTOR ( 'NONE', #2206, 1000.000000000000000 ) ;
#2273 = AXIS2_PLACEMENT_3D ( 'NONE', #1048, #2075, #591 ) ;
#2274 = CARTESIAN_POINT ( 'NONE',  ( -55.09731624060601263, 5.000000000000000000, 1.358270396802680928E-14 ) ) ;
#2275 = CARTESIAN_POINT ( 'NONE',  ( 0.000000000000000000, 12.00000000000000000, 99.69413092550787781 ) ) ;
#2276 = ORIENTED_EDGE ( 'NONE', *, *, #1283, .T. ) ;
#2277 = EDGE_CURVE ( 'NONE', #274, #1671, #2362, .T. ) ;
#2278 = CYLINDRICAL_SURFACE ( 'NONE', #440, 1.500000000000001332 ) ;
#2279 = AXIS2_PLACEMENT_3D ( 'NONE', #1808, #751, #1397 ) ;
#2280 = ORIENTED_EDGE ( 'NONE', *, *, #327, .T. ) ;
#2281 = ORIENTED_EDGE ( 'NONE', *, *, #203, .F. ) ;
#2282 = DIRECTION ( 'NONE',  ( 0.000000000000000000, 0.000000000000000000, 1.000000000000000000 ) ) ;
#2283 = LINE ( 'NONE', #2308, #808 ) ;
#2284 = AXIS2_PLACEMENT_3D ( 'NONE', #660, #494, #2354 ) ;
#2285 = CARTESIAN_POINT ( 'NONE',  ( 0.000000000000000000, 12.00000000000000000, 99.69413092550787781 ) ) ;
#2286 = DIRECTION ( 'NONE',  ( 0.000000000000000000, 1.000000000000000000, -0.000000000000000000 ) ) ;
#2287 = AXIS2_PLACEMENT_3D ( 'NONE', #2129, #2419, #232 ) ;
#2288 = CARTESIAN_POINT ( 'NONE',  ( -55.09731624060601973, 12.00000000000000000, -41.30586907449208667 ) ) ;
#2289 = VECTOR ( 'NONE', #1249, 1000.000000000000000 ) ;
#2290 = CARTESIAN_POINT ( 'NONE',  ( -55.09731624060601263, 15.00000000000000000, 6.043691236128658772 ) ) ;
#2291 = ORIENTED_EDGE ( 'NONE', *, *, #967, .F. ) ;
#2292 = DIRECTION ( 'NONE',  ( 0.000000000000000000, 0.000000000000000000, 1.000000000000000000 ) ) ;
#2293 = ORIENTED_EDGE ( 'NONE', *, *, #897, .F. ) ;
#2294 = EDGE_CURVE ( 'NONE', #1671, #154, #642, .T. ) ;
#2295 = EDGE_LOOP ( 'NONE', ( #1945, #997, #1014, #1475 ) ) ;
#2296 = DIRECTION ( 'NONE',  ( -1.000000000000000000, 0.000000000000000000, 0.000000000000000000 ) ) ;
#2297 = DIRECTION ( 'NONE',  ( 0.000000000000000000, 0.000000000000000000, -1.000000000000000000 ) ) ;
#2298 = CARTESIAN_POINT ( 'NONE',  ( -47.09731624060602684, 12.00000000000000000, -49.30586907449208667 ) ) ;
#2299 = EDGE_CURVE ( 'NONE', #1956, #2390, #770, .T. ) ;
#2300 = CARTESIAN_POINT ( 'NONE',  ( 20.47181406973220774, 12.00000000000000000, 99.19413092550787781 ) ) ;
#2301 = CARTESIAN_POINT ( 'NONE',  ( -57.59731624060602684, 0.000000000000000000, -48.30586907449208667 ) ) ;
#2302 = ORIENTED_EDGE ( 'NONE', *, *, #442, .T. ) ;
#2303 = DIRECTION ( 'NONE',  ( 0.000000000000000000, 0.000000000000000000, 1.000000000000000000 ) ) ;
#2304 = EDGE_LOOP ( 'NONE', ( #2220, #1071, #95, #100 ) ) ;
#2305 = ORIENTED_EDGE ( 'NONE', *, *, #1742, .T. ) ;
#2306 = EDGE_CURVE ( 'NONE', #197, #1692, #1537, .T. ) ;
#2307 = DIRECTION ( 'NONE',  ( 1.000000000000000000, 0.000000000000000000, 0.000000000000000000 ) ) ;
#2308 = CARTESIAN_POINT ( 'NONE',  ( -43.59731624060600552, 12.00000000000000000, 0.000000000000000000 ) ) ;
#2309 = EDGE_CURVE ( 'NONE', #2588, #1395, #1358, .T. ) ;
#2310 = CARTESIAN_POINT ( 'NONE',  ( 47.40268375939399448, 0.000000000000000000, 29.13887441235547016 ) ) ;
#2311 = DIRECTION ( 'NONE',  ( 0.000000000000000000, 0.000000000000000000, 1.000000000000000000 ) ) ;
#2312 = FACE_OUTER_BOUND ( 'NONE', #479, .T. ) ;
#2313 = ORIENTED_EDGE ( 'NONE', *, *, #464, .F. ) ;
#2314 = FACE_OUTER_BOUND ( 'NONE', #2080, .T. ) ;
#2315 = EDGE_LOOP ( 'NONE', ( #1270, #2481, #2222, #1350 ) ) ;
#2316 = AXIS2_PLACEMENT_3D ( 'NONE', #1137, #2202, #1975 ) ;
#2317 = VECTOR ( 'NONE', #2466, 1000.000000000000000 ) ;
#2318 = EDGE_LOOP ( 'NONE', ( #737, #1478, #819, #693 ) ) ;
#2319 = FACE_OUTER_BOUND ( 'NONE', #2359, .T. ) ;
#2320 = EDGE_LOOP ( 'NONE', ( #1720, #934 ) ) ;
#2321 = CARTESIAN_POINT ( 'NONE',  ( 1.402683759393974938, 58.09772228646443182, -2.433268446792131423E-16 ) ) ;
#2322 = VECTOR ( 'NONE', #2307, 1000.000000000000000 ) ;
#2323 = EDGE_CURVE ( 'NONE', #2217, #2564, #554, .T. ) ;
#2324 = CARTESIAN_POINT ( 'NONE',  ( -31.84731624060603039, 0.000000000000000000, -5.130869074492109938 ) ) ;
#2325 = AXIS2_PLACEMENT_3D ( 'NONE', #58, #913, #294 ) ;
#2326 = DIRECTION ( 'NONE',  ( 0.000000000000000000, 0.000000000000000000, 1.000000000000000000 ) ) ;
#2327 = VECTOR ( 'NONE', #988, 1000.000000000000000 ) ;
#2328 = CARTESIAN_POINT ( 'NONE',  ( -31.84731624060603039, 0.000000000000000000, -5.130869074492109938 ) ) ;
#2329 = ORIENTED_EDGE ( 'NONE', *, *, #812, .F. ) ;
#2330 = LINE ( 'NONE', #2079, #571 ) ;
#2331 = ORIENTED_EDGE ( 'NONE', *, *, #2096, .F. ) ;
#2332 = CIRCLE ( 'NONE', #298, 3.499999999999999556 ) ;
#2333 = CYLINDRICAL_SURFACE ( 'NONE', #2239, 3.499999999999999556 ) ;
#2334 = ORIENTED_EDGE ( 'NONE', *, *, #2676, .T. ) ;
#2335 = DIRECTION ( 'NONE',  ( 0.000000000000000000, 1.000000000000000000, -0.000000000000000000 ) ) ;
#2336 = VERTEX_POINT ( 'NONE', #107 ) ;
#2337 = CARTESIAN_POINT ( 'NONE',  ( -46.57270240415702744, 15.00000000000000000, 27.37770686201812609 ) ) ;
#2338 = LINE ( 'NONE', #410, #1622 ) ;
#2339 = CARTESIAN_POINT ( 'NONE',  ( -31.84731624060603039, 5.000000000000000000, -7.690135754659451983 ) ) ;
#2340 = EDGE_CURVE ( 'NONE', #2705, #944, #968, .T. ) ;
#2341 = ORIENTED_EDGE ( 'NONE', *, *, #2464, .F. ) ;
#2342 = CARTESIAN_POINT ( 'NONE',  ( -31.84731624060603039, 5.000000000000000000, -5.130869074492109938 ) ) ;
#2343 = VERTEX_POINT ( 'NONE', #527 ) ;
#2344 = DIRECTION ( 'NONE',  ( 0.000000000000000000, 1.000000000000000000, 0.000000000000000000 ) ) ;
#2345 = ORIENTED_EDGE ( 'NONE', *, *, #2004, .F. ) ;
#2346 = FACE_OUTER_BOUND ( 'NONE', #2737, .T. ) ;
#2347 = ORIENTED_EDGE ( 'NONE', *, *, #777, .T. ) ;
#2348 = PLANE ( 'NONE',  #2373 ) ;
#2349 = EDGE_LOOP ( 'NONE', ( #1706, #1810, #1906, #416, #1738, #2347, #260, #141, #2550, #27, #2707, #1225 ) ) ;
#2350 = ADVANCED_FACE ( 'NONE', ( #923 ), #1378, .T. ) ;
#2351 = VECTOR ( 'NONE', #1624, 1000.000000000000000 ) ;
#2352 = FACE_OUTER_BOUND ( 'NONE', #2516, .T. ) ;
#2353 = CARTESIAN_POINT ( 'NONE',  ( 40.40268375939400158, 15.00000000000000000, 108.1941309255078920 ) ) ;
#2354 = DIRECTION ( 'NONE',  ( 0.000000000000000000, 0.000000000000000000, 1.000000000000000000 ) ) ;
#2355 = DIRECTION ( 'NONE',  ( 0.000000000000000000, -1.000000000000000000, 0.000000000000000000 ) ) ;
#2356 = VERTEX_POINT ( 'NONE', #92 ) ;
#2357 = VECTOR ( 'NONE', #2459, 1000.000000000000114 ) ;
#2358 = CARTESIAN_POINT ( 'NONE',  ( -21.84731624060602684, 0.000000000000000000, -2.630869074492111714 ) ) ;
#2359 = EDGE_LOOP ( 'NONE', ( #640, #111, #2708, #534, #902, #512, #614, #152, #1893, #2384 ) ) ;
#2360 = CARTESIAN_POINT ( 'NONE',  ( 1.402683759393973828, 58.09772228646443182, -6.630869074492112603 ) ) ;
#2361 = VERTEX_POINT ( 'NONE', #1610 ) ;
#2362 = LINE ( 'NONE', #1279, #2151 ) ;
#2363 = ADVANCED_FACE ( 'NONE', ( #513 ), #936, .F. ) ;
#2364 = ORIENTED_EDGE ( 'NONE', *, *, #1769, .F. ) ;
#2365 = AXIS2_PLACEMENT_3D ( 'NONE', #1957, #73, #1756 ) ;
#2366 = CIRCLE ( 'NONE', #98, 3.500000000000000000 ) ;
#2367 = ORIENTED_EDGE ( 'NONE', *, *, #698, .F. ) ;
#2368 = CARTESIAN_POINT ( 'NONE',  ( -35.52818593026789529, 12.00000000000000000, 99.69413092550787781 ) ) ;
#2369 = DIRECTION ( 'NONE',  ( 0.000000000000000000, 0.000000000000000000, 1.000000000000000000 ) ) ;
#2370 = AXIS2_PLACEMENT_3D ( 'NONE', #879, #2560, #1728 ) ;
#2371 = DIRECTION ( 'NONE',  ( 0.000000000000000000, 0.000000000000000000, 1.000000000000000000 ) ) ;
#2372 = ORIENTED_EDGE ( 'NONE', *, *, #2269, .T. ) ;
#2373 = AXIS2_PLACEMENT_3D ( 'NONE', #1456, #1685, #1056 ) ;
#2374 = CIRCLE ( 'NONE', #817, 3.500000000000000444 ) ;
#2375 = CYLINDRICAL_SURFACE ( 'NONE', #605, 1.500000000000001332 ) ;
#2376 = VERTEX_POINT ( 'NONE', #69 ) ;
#2377 = DIRECTION ( 'NONE',  ( 0.000000000000000000, 0.000000000000000000, 1.000000000000000000 ) ) ;
#2378 = VERTEX_POINT ( 'NONE', #757 ) ;
#2379 = CIRCLE ( 'NONE', #1090, 3.500000000000003109 ) ;
#2380 = LINE ( 'NONE', #1696, #1967 ) ;
#2381 = VECTOR ( 'NONE', #510, 1000.000000000000000 ) ;
#2382 = EDGE_LOOP ( 'NONE', ( #1380, #2191, #2331, #1148 ) ) ;
#2383 = EDGE_CURVE ( 'NONE', #2609, #40, #2681, .T. ) ;
#2384 = ORIENTED_EDGE ( 'NONE', *, *, #1609, .T. ) ;
#2385 = DIRECTION ( 'NONE',  ( 0.000000000000000000, -1.000000000000000000, 0.000000000000000000 ) ) ;
#2386 = CARTESIAN_POINT ( 'NONE',  ( -51.09731624060602684, 12.00000000000000000, -42.80586907449208667 ) ) ;
#2387 = ADVANCED_FACE ( 'NONE', ( #2663 ), #1571, .F. ) ;
#2388 = ORIENTED_EDGE ( 'NONE', *, *, #1742, .F. ) ;
#2389 = DIRECTION ( 'NONE',  ( 0.000000000000000000, 1.000000000000000000, 0.000000000000000000 ) ) ;
#2390 = VERTEX_POINT ( 'NONE', #1182 ) ;
#2391 = DIRECTION ( 'NONE',  ( -0.000000000000000000, -1.000000000000000000, -0.000000000000000000 ) ) ;
#2392 = ADVANCED_FACE ( 'NONE', ( #2449 ), #78, .F. ) ;
#2393 = EDGE_LOOP ( 'NONE', ( #392, #484, #2194, #2740 ) ) ;
#2394 = EDGE_LOOP ( 'NONE', ( #2159, #1011, #887, #1776 ) ) ;
#2395 = ORIENTED_EDGE ( 'NONE', *, *, #826, .F. ) ;
#2396 = VECTOR ( 'NONE', #333, 1000.000000000000000 ) ;
#2397 = CARTESIAN_POINT ( 'NONE',  ( 44.90268375939400869, 12.00000000000000000, -49.30586907449210088 ) ) ;
#2398 = ADVANCED_FACE ( 'NONE', ( #2437 ), #1773, .T. ) ;
#2399 = LINE ( 'NONE', #2409, #2406 ) ;
#2400 = EDGE_LOOP ( 'NONE', ( #1293, #2302, #438, #1948 ) ) ;
#2401 = CARTESIAN_POINT ( 'NONE',  ( 0.000000000000000000, 12.00000000000000000, 99.69413092550787781 ) ) ;
#2402 = ORIENTED_EDGE ( 'NONE', *, *, #753, .T. ) ;
#2403 = ORIENTED_EDGE ( 'NONE', *, *, #70, .F. ) ;
#2404 = DIRECTION ( 'NONE',  ( 0.000000000000000000, 1.000000000000000000, 0.000000000000000000 ) ) ;
#2405 = DIRECTION ( 'NONE',  ( 0.000000000000000000, 0.000000000000000000, 1.000000000000000000 ) ) ;
#2406 = VECTOR ( 'NONE', #920, 1000.000000000000000 ) ;
#2407 = CARTESIAN_POINT ( 'NONE',  ( 32.48467876142867539, 5.000000000000000000, 99.79863217499922712 ) ) ;
#2408 = EDGE_CURVE ( 'NONE', #68, #1657, #321, .T. ) ;
#2409 = CARTESIAN_POINT ( 'NONE',  ( -43.59731624060599842, 15.00000000000000000, 105.6941309255079062 ) ) ;
#2410 = ORIENTED_EDGE ( 'NONE', *, *, #1949, .F. ) ;
#2411 = DIRECTION ( 'NONE',  ( 0.000000000000000000, 0.000000000000000000, -1.000000000000000000 ) ) ;
#2412 = DIRECTION ( 'NONE',  ( 0.000000000000000000, 0.000000000000000000, 1.000000000000000000 ) ) ;
#2413 = ORIENTED_EDGE ( 'NONE', *, *, #2552, .T. ) ;
#2414 = VECTOR ( 'NONE', #281, 1000.000000000000000 ) ;
#2415 = AXIS2_PLACEMENT_3D ( 'NONE', #1203, #523, #145 ) ;
#2416 = VERTEX_POINT ( 'NONE', #1126 ) ;
#2417 = CARTESIAN_POINT ( 'NONE',  ( 37.15268375939399448, 0.000000000000000000, 103.4441309255078920 ) ) ;
#2418 = VECTOR ( 'NONE', #2165, 1000.000000000000000 ) ;
#2419 = DIRECTION ( 'NONE',  ( -0.000000000000000000, 1.000000000000000000, 0.000000000000000000 ) ) ;
#2420 = VERTEX_POINT ( 'NONE', #2608 ) ;
#2421 = VECTOR ( 'NONE', #712, 1000.000000000000000 ) ;
#2422 = DIRECTION ( 'NONE',  ( -0.000000000000000000, 1.000000000000000000, -0.000000000000000000 ) ) ;
#2423 = ADVANCED_FACE ( 'NONE', ( #1761 ), #1150, .T. ) ;
#2424 = PLANE ( 'NONE',  #763 ) ;
#2425 = VERTEX_POINT ( 'NONE', #717 ) ;
#2426 = CARTESIAN_POINT ( 'NONE',  ( -46.09731624060599131, 15.00000000000000000, 104.6941309255078920 ) ) ;
#2427 = LINE ( 'NONE', #435, #2586 ) ;
#2428 = ORIENTED_EDGE ( 'NONE', *, *, #989, .T. ) ;
#2429 = VERTEX_POINT ( 'NONE', #2005 ) ;
#2430 = LINE ( 'NONE', #1982, #1659 ) ;
#2431 = LINE ( 'NONE', #1441, #229 ) ;
#2432 = EDGE_CURVE ( 'NONE', #245, #491, #1559, .T. ) ;
#2433 = VERTEX_POINT ( 'NONE', #1392 ) ;
#2434 = DIRECTION ( 'NONE',  ( 0.000000000000000000, 0.000000000000000000, 1.000000000000000000 ) ) ;
#2435 = LINE ( 'NONE', #347, #2396 ) ;
#2436 = CARTESIAN_POINT ( 'NONE',  ( 41.40268375939400158, 15.00000000000000000, 3.638608026538383422E-15 ) ) ;
#2437 = FACE_OUTER_BOUND ( 'NONE', #1158, .T. ) ;
#2438 = PLANE ( 'NONE',  #236 ) ;
#2439 = EDGE_LOOP ( 'NONE', ( #914, #430, #255, #2038 ) ) ;
#2440 = VERTEX_POINT ( 'NONE', #2426 ) ;
#2441 = EDGE_CURVE ( 'NONE', #46, #2336, #541, .T. ) ;
#2442 = CYLINDRICAL_SURFACE ( 'NONE', #103, 3.500000000000000000 ) ;
#2443 = CARTESIAN_POINT ( 'NONE',  ( -51.09731624060602684, 0.000000000000000000, -45.30586907449209377 ) ) ;
#2444 = DIRECTION ( 'NONE',  ( 1.000000000000000000, 0.000000000000000000, 0.000000000000000000 ) ) ;
#2445 = DIRECTION ( 'NONE',  ( -0.000000000000000000, -1.000000000000000000, 0.000000000000000000 ) ) ;
#2446 = VECTOR ( 'NONE', #2127, 999.9999999999998863 ) ;
#2447 = CARTESIAN_POINT ( 'NONE',  ( 39.61454910002519370, 58.09772228646443182, -10.13086907449209662 ) ) ;
#2448 = PLANE ( 'NONE',  #1699 ) ;
#2449 = FACE_OUTER_BOUND ( 'NONE', #2571, .T. ) ;
#2450 = DIRECTION ( 'NONE',  ( -1.000000000000000000, 0.000000000000000000, -0.000000000000000000 ) ) ;
#2451 = ORIENTED_EDGE ( 'NONE', *, *, #1331, .F. ) ;
#2452 = VERTEX_POINT ( 'NONE', #2023 ) ;
#2453 = CIRCLE ( 'NONE', #2099, 2.499999999999998224 ) ;
#2454 = AXIS2_PLACEMENT_3D ( 'NONE', #461, #1312, #477 ) ;
#2455 = DIRECTION ( 'NONE',  ( 0.000000000000000000, 0.000000000000000000, 1.000000000000000000 ) ) ;
#2456 = AXIS2_PLACEMENT_3D ( 'NONE', #862, #448, #2071 ) ;
#2457 = UNCERTAINTY_MEASURE_WITH_UNIT (LENGTH_MEASURE( 1.000000000000000082E-05 ), #975, 'distance_accuracy_value', 'NONE');
#2458 = EDGE_CURVE ( 'NONE', #2420, #750, #979, .T. ) ;
#2459 = DIRECTION ( 'NONE',  ( 0.5031907286678231062, 0.000000000000000000, 0.8641753818425662592 ) ) ;
#2460 = CARTESIAN_POINT ( 'NONE',  ( 33.33355344905584161, 12.00000000000000000, 103.1941309255078920 ) ) ;
#2461 = CIRCLE ( 'NONE', #2601, 2.559266680167342045 ) ;
#2462 = CARTESIAN_POINT ( 'NONE',  ( 37.15268375939399448, 0.000000000000000000, 101.9441309255078920 ) ) ;
#2463 = LINE ( 'NONE', #202, #256 ) ;
#2464 = EDGE_CURVE ( 'NONE', #836, #1342, #2065, .T. ) ;
#2465 = DIRECTION ( 'NONE',  ( -0.000000000000000000, 1.000000000000000000, -0.000000000000000000 ) ) ;
#2466 = DIRECTION ( 'NONE',  ( -0.000000000000000000, 0.000000000000000000, 1.000000000000000000 ) ) ;
#2467 = ORIENTED_EDGE ( 'NONE', *, *, #346, .T. ) ;
#2468 = EDGE_LOOP ( 'NONE', ( #1104, #1317, #1548, #861 ) ) ;
#2469 = ADVANCED_FACE ( 'NONE', ( #2510 ), #1036, .T. ) ;
#2470 = ORIENTED_EDGE ( 'NONE', *, *, #2058, .F. ) ;
#2471 = LINE ( 'NONE', #586, #1648 ) ;
#2472 = CARTESIAN_POINT ( 'NONE',  ( 43.90268375939400158, 15.00000000000000000, 104.6941309255078920 ) ) ;
#2473 = DIRECTION ( 'NONE',  ( 8.788338571682099792E-17, 0.000000000000000000, -1.000000000000000000 ) ) ;
#2474 = EDGE_CURVE ( 'NONE', #1724, #1512, #1230, .T. ) ;
#2475 = CARTESIAN_POINT ( 'NONE',  ( -43.59731624060599842, 5.000000000000000888, 96.19413092550787781 ) ) ;
#2476 = CIRCLE ( 'NONE', #2612, 3.500000000000000000 ) ;
#2477 = LINE ( 'NONE', #620, #370 ) ;
#2478 = CIRCLE ( 'NONE', #1686, 3.500000000000003109 ) ;
#2479 = CARTESIAN_POINT ( 'NONE',  ( 44.90268375939400158, 15.00000000000000000, 27.68317820982386834 ) ) ;
#2480 = CARTESIAN_POINT ( 'NONE',  ( 33.33355344905584161, 12.00000000000000000, 103.1941309255078920 ) ) ;
#2481 = ORIENTED_EDGE ( 'NONE', *, *, #1972, .T. ) ;
#2482 = EDGE_CURVE ( 'NONE', #191, #441, #799, .T. ) ;
#2483 = DIRECTION ( 'NONE',  ( 0.000000000000000000, -1.000000000000000000, 0.000000000000000000 ) ) ;
#2484 = VERTEX_POINT ( 'NONE', #1879 ) ;
#2485 = ORIENTED_EDGE ( 'NONE', *, *, #1105, .T. ) ;
#2486 = DIRECTION ( 'NONE',  ( 0.5031907286678237723, 0.000000000000000000, -0.8641753818425659261 ) ) ;
#2487 = VECTOR ( 'NONE', #943, 1000.000000000000000 ) ;
#2488 = CARTESIAN_POINT ( 'NONE',  ( -2.097316240606023285, 5.000000000000000000, -10.13086907449208951 ) ) ;
#2489 = DIRECTION ( 'NONE',  ( 0.2425356250363331634, 0.000000000000000000, -0.9701425001453318764 ) ) ;
#2490 = DIRECTION ( 'NONE',  ( -1.982541115402063335E-15, 0.000000000000000000, 1.000000000000000000 ) ) ;
#2491 = VECTOR ( 'NONE', #2665, 1000.000000000000000 ) ;
#2492 = EDGE_CURVE ( 'NONE', #2452, #2153, #1499, .T. ) ;
#2493 = CARTESIAN_POINT ( 'NONE',  ( 49.40268375939400869, 5.000000000000000888, 3.369130925507902941 ) ) ;
#2494 = CARTESIAN_POINT ( 'NONE',  ( 0.000000000000000000, 58.09772228646443182, -0.1308690744921091331 ) ) ;
#2495 = ORIENTED_EDGE ( 'NONE', *, *, #1176, .T. ) ;
#2496 = CARTESIAN_POINT ( 'NONE',  ( -51.59731624060601263, 12.00000000000000000, -13.63086907449211438 ) ) ;
#2497 = CIRCLE ( 'NONE', #2631, 2.500000000000002220 ) ;
#2498 = ORIENTED_EDGE ( 'NONE', *, *, #1336, .T. ) ;
#2499 = ORIENTED_EDGE ( 'NONE', *, *, #1487, .T. ) ;
#2500 = DIRECTION ( 'NONE',  ( -1.000000000000000000, 0.000000000000000000, 0.000000000000000000 ) ) ;
#2501 = AXIS2_PLACEMENT_3D ( 'NONE', #1964, #123, #706 ) ;
#2502 = LINE ( 'NONE', #837, #1030 ) ;
#2503 = AXIS2_PLACEMENT_3D ( 'NONE', #19, #2175, #2147 ) ;
#2504 = AXIS2_PLACEMENT_3D ( 'NONE', #1557, #8, #429 ) ;
#2505 = DIRECTION ( 'NONE',  ( 0.000000000000000000, -1.000000000000000000, 0.000000000000000000 ) ) ;
#2506 = EDGE_CURVE ( 'NONE', #1241, #1410, #1235, .T. ) ;
#2507 = CARTESIAN_POINT ( 'NONE',  ( -39.34731624060599842, 12.00000000000000000, 103.4441309255078920 ) ) ;
#2508 = AXIS2_PLACEMENT_3D ( 'NONE', #1905, #1705, #1504 ) ;
#2509 = AXIS2_PLACEMENT_3D ( 'NONE', #2114, #1515, #312 ) ;
#2510 = FACE_OUTER_BOUND ( 'NONE', #657, .T. ) ;
#2511 = ADVANCED_FACE ( 'NONE', ( #390 ), #608, .T. ) ;
#2512 = AXIS2_PLACEMENT_3D ( 'NONE', #1664, #771, #2076 ) ;
#2513 = DIRECTION ( 'NONE',  ( 0.000000000000000000, 0.000000000000000000, 1.000000000000000000 ) ) ;
#2514 = ORIENTED_EDGE ( 'NONE', *, *, #1372, .T. ) ;
#2515 = CARTESIAN_POINT ( 'NONE',  ( 39.61454910002519370, 12.00000000000000355, -6.630869074492097504 ) ) ;
#2516 = EDGE_LOOP ( 'NONE', ( #2067, #1792, #708, #682 ) ) ;
#2517 = EDGE_CURVE ( 'NONE', #259, #927, #1322, .T. ) ;
#2518 = ORIENTED_EDGE ( 'NONE', *, *, #889, .F. ) ;
#2519 = DIRECTION ( 'NONE',  ( -1.000000000000000000, 0.000000000000000000, -0.000000000000000000 ) ) ;
#2520 = VERTEX_POINT ( 'NONE', #349 ) ;
#2521 = LINE ( 'NONE', #2744, #718 ) ;
#2522 = CARTESIAN_POINT ( 'NONE',  ( 52.90268375939400869, 12.00000000000000000, -49.30586907449210088 ) ) ;
#2523 = DIRECTION ( 'NONE',  ( 0.000000000000000000, 0.000000000000000000, 1.000000000000000000 ) ) ;
#2524 = DIRECTION ( 'NONE',  ( 0.000000000000000000, 0.000000000000000000, -1.000000000000000000 ) ) ;
#2525 = VERTEX_POINT ( 'NONE', #2692 ) ;
#2526 = DIRECTION ( 'NONE',  ( 0.000000000000000000, 0.000000000000000000, 1.000000000000000000 ) ) ;
#2527 = ORIENTED_EDGE ( 'NONE', *, *, #81, .F. ) ;
#2528 = CIRCLE ( 'NONE', #1426, 3.500000000000003109 ) ;
#2529 = VERTEX_POINT ( 'NONE', #137 ) ;
#2530 = CARTESIAN_POINT ( 'NONE',  ( -43.59731624060602684, 5.000000000000000000, -0.1308690744921091331 ) ) ;
#2531 = ADVANCED_FACE ( 'NONE', ( #178 ), #828, .T. ) ;
#2532 = DIRECTION ( 'NONE',  ( 0.000000000000000000, 1.000000000000000000, -0.000000000000000000 ) ) ;
#2533 = CARTESIAN_POINT ( 'NONE',  ( -25.52199058486105443, 12.00000000000000000, 102.0879623394441467 ) ) ;
#2534 = LINE ( 'NONE', #842, #2131 ) ;
#2535 = LINE ( 'NONE', #649, #738 ) ;
#2536 = ORIENTED_EDGE ( 'NONE', *, *, #310, .T. ) ;
#2537 = CARTESIAN_POINT ( 'NONE',  ( 1.402683759393973828, 12.00000000000000355, -6.630869074492112603 ) ) ;
#2538 = ORIENTED_EDGE ( 'NONE', *, *, #948, .T. ) ;
#2539 = VECTOR ( 'NONE', #1234, 1000.000000000000000 ) ;
#2540 = CARTESIAN_POINT ( 'NONE',  ( -55.09731624060602684, 12.00000000000000000, -41.30586907449208667 ) ) ;
#2541 = EDGE_LOOP ( 'NONE', ( #2093, #1155 ) ) ;
#2542 = CARTESIAN_POINT ( 'NONE',  ( 44.90268375939400869, 5.000000000000000000, -44.80586907449209377 ) ) ;
#2543 = ORIENTED_EDGE ( 'NONE', *, *, #2047, .T. ) ;
#2544 = CARTESIAN_POINT ( 'NONE',  ( -39.34731624060599842, 12.00000000000000000, 103.4441309255078920 ) ) ;
#2545 = EDGE_CURVE ( 'NONE', #1311, #750, #29, .T. ) ;
#2546 = LINE ( 'NONE', #2298, #668 ) ;
#2547 = CARTESIAN_POINT ( 'NONE',  ( 0.000000000000000000, 12.00000000000000000, 102.6941309255078920 ) ) ;
#2548 = VECTOR ( 'NONE', #345, 1000.000000000000000 ) ;
#2549 = CYLINDRICAL_SURFACE ( 'NONE', #519, 3.500000000000003109 ) ;
#2550 = ORIENTED_EDGE ( 'NONE', *, *, #2034, .F. ) ;
#2551 = PLANE ( 'NONE',  #821 ) ;
#2552 = EDGE_CURVE ( 'NONE', #1465, #394, #578, .T. ) ;
#2553 = ORIENTED_EDGE ( 'NONE', *, *, #1017, .T. ) ;
#2554 = AXIS2_PLACEMENT_3D ( 'NONE', #2493, #1420, #2248 ) ;
#2555 = CARTESIAN_POINT ( 'NONE',  ( -25.52199058486105443, 5.000000000000000000, 102.0879623394441467 ) ) ;
#2556 = ORIENTED_EDGE ( 'NONE', *, *, #1347, .T. ) ;
#2557 = DIRECTION ( 'NONE',  ( 1.000000000000000000, 0.000000000000000000, -4.606734542013097089E-16 ) ) ;
#2558 = EDGE_LOOP ( 'NONE', ( #1569, #61, #1540, #732 ) ) ;
#2559 = ADVANCED_FACE ( 'NONE', ( #1446 ), #784, .T. ) ;
#2560 = DIRECTION ( 'NONE',  ( 0.000000000000000000, 1.000000000000000000, 0.000000000000000000 ) ) ;
#2561 = DIRECTION ( 'NONE',  ( -0.000000000000000000, 1.000000000000000000, -0.000000000000000000 ) ) ;
#2562 = CARTESIAN_POINT ( 'NONE',  ( 44.90268375939400869, 12.00000000000000000, -49.30586907449210088 ) ) ;
#2563 = DIRECTION ( 'NONE',  ( 0.000000000000000000, 0.000000000000000000, 1.000000000000000000 ) ) ;
#2564 = VERTEX_POINT ( 'NONE', #1433 ) ;
#2565 = EDGE_CURVE ( 'NONE', #1241, #1944, #1222, .T. ) ;
#2566 = DIRECTION ( 'NONE',  ( 0.000000000000000000, 0.000000000000000000, 1.000000000000000000 ) ) ;
#2567 = ORIENTED_EDGE ( 'NONE', *, *, #1656, .F. ) ;
#2568 = CARTESIAN_POINT ( 'NONE',  ( 0.000000000000000000, 12.00000000000000000, 0.000000000000000000 ) ) ;
#2569 = ORIENTED_EDGE ( 'NONE', *, *, #2014, .T. ) ;
#2570 = LINE ( 'NONE', #1896, #1403 ) ;
#2571 = EDGE_LOOP ( 'NONE', ( #2208, #233, #1955, #2723 ) ) ;
#2572 = PRESENTATION_LAYER_ASSIGNMENT (  '', '', ( #2173 ) ) ;
#2573 = CARTESIAN_POINT ( 'NONE',  ( 32.48467876142867539, 12.00000000000000000, 99.79863217499922712 ) ) ;
#2574 = DIRECTION ( 'NONE',  ( -0.000000000000000000, 1.000000000000000000, -0.000000000000000000 ) ) ;
#2575 = DIRECTION ( 'NONE',  ( 0.000000000000000000, 0.000000000000000000, 1.000000000000000000 ) ) ;
#2576 = ORIENTED_EDGE ( 'NONE', *, *, #1995, .T. ) ;
#2577 = VECTOR ( 'NONE', #547, 1000.000000000000000 ) ;
#2578 = CARTESIAN_POINT ( 'NONE',  ( -22.66644655094426142, 12.00000000000000000, 99.19413092550787781 ) ) ;
#2579 = ORIENTED_EDGE ( 'NONE', *, *, #426, .F. ) ;
#2580 = EDGE_CURVE ( 'NONE', #194, #891, #2332, .T. ) ;
#2581 = FACE_OUTER_BOUND ( 'NONE', #1369, .T. ) ;
#2582 = ORIENTED_EDGE ( 'NONE', *, *, #875, .T. ) ;
#2583 = CARTESIAN_POINT ( 'NONE',  ( 0.000000000000000000, 12.00000000000000000, 0.000000000000000000 ) ) ;
#2584 = ORIENTED_EDGE ( 'NONE', *, *, #1051, .T. ) ;
#2585 = AXIS2_PLACEMENT_3D ( 'NONE', #2603, #700, #1089 ) ;
#2586 = VECTOR ( 'NONE', #1379, 1000.000000000000000 ) ;
#2587 = VERTEX_POINT ( 'NONE', #2288 ) ;
#2588 = VERTEX_POINT ( 'NONE', #1866 ) ;
#2589 = EDGE_CURVE ( 'NONE', #68, #499, #2718, .T. ) ;
#2590 = CARTESIAN_POINT ( 'NONE',  ( 37.90268375939399448, 12.00000000000000000, 99.69413092550787781 ) ) ;
#2591 = CIRCLE ( 'NONE', #2456, 3.500000000000003109 ) ;
#2592 = AXIS2_PLACEMENT_3D ( 'NONE', #2324, #1272, #2074 ) ;
#2593 = ORIENTED_EDGE ( 'NONE', *, *, #2464, .T. ) ;
#2594 = DIRECTION ( 'NONE',  ( 1.000000000000000000, 0.000000000000000000, -1.734723475976807094E-16 ) ) ;
#2595 = ORIENTED_EDGE ( 'NONE', *, *, #1176, .F. ) ;
#2596 = ADVANCED_FACE ( 'NONE', ( #2087 ), #427, .F. ) ;
#2597 = CARTESIAN_POINT ( 'NONE',  ( 37.90268375939399448, 5.000000000000000000, 99.69413092550787781 ) ) ;
#2598 = CIRCLE ( 'NONE', #84, 1.500000000000001332 ) ;
#2599 = ORIENTED_EDGE ( 'NONE', *, *, #1497, .T. ) ;
#2600 = ORIENTED_EDGE ( 'NONE', *, *, #140, .T. ) ;
#2601 = AXIS2_PLACEMENT_3D ( 'NONE', #2342, #251, #1292 ) ;
#2602 = EDGE_CURVE ( 'NONE', #1465, #1072, #2535, .T. ) ;
#2603 = CARTESIAN_POINT ( 'NONE',  ( -35.52818593026789529, 5.000000000000000000, 103.1941309255078920 ) ) ;
#2604 = FACE_OUTER_BOUND ( 'NONE', #1668, .T. ) ;
#2605 = EDGE_CURVE ( 'NONE', #834, #2609, #5, .T. ) ;
#2606 = CARTESIAN_POINT ( 'NONE',  ( 43.90268375939398027, 15.00000000000000000, -7.615901617580645118E-15 ) ) ;
#2607 = VERTEX_POINT ( 'NONE', #635 ) ;
#2608 = CARTESIAN_POINT ( 'NONE',  ( 43.11454910002520080, 5.000000000000000000, -0.1308690744920970039 ) ) ;
#2609 = VERTEX_POINT ( 'NONE', #664 ) ;
#2610 = VERTEX_POINT ( 'NONE', #895 ) ;
#2611 = CARTESIAN_POINT ( 'NONE',  ( 52.90268375939400869, 15.00000000000000000, 0.000000000000000000 ) ) ;
#2612 = AXIS2_PLACEMENT_3D ( 'NONE', #2177, #1277, #1110 ) ;
#2613 = ADVANCED_FACE ( 'NONE', ( #1325 ), #2549, .F. ) ;
#2614 = FACE_OUTER_BOUND ( 'NONE', #1722, .T. ) ;
#2615 = CIRCLE ( 'NONE', #1901, 3.500000000000003109 ) ;
#2616 = CARTESIAN_POINT ( 'NONE',  ( 43.90268375939398737, 0.000000000000000000, 29.13887441235547016 ) ) ;
#2617 = LINE ( 'NONE', #1802, #1880 ) ;
#2618 = VECTOR ( 'NONE', #2486, 999.9999999999998863 ) ;
#2619 = ORIENTED_EDGE ( 'NONE', *, *, #897, .T. ) ;
#2620 = CARTESIAN_POINT ( 'NONE',  ( -57.59731624060601973, 15.00000000000000000, 6.633388656321294430E-15 ) ) ;
#2621 = CARTESIAN_POINT ( 'NONE',  ( -43.59731624060602684, 12.00000000000000355, -10.13086907449211438 ) ) ;
#2622 = EDGE_LOOP ( 'NONE', ( #1560, #760, #2329, #2069 ) ) ;
#2623 = ORIENTED_EDGE ( 'NONE', *, *, #659, .F. ) ;
#2624 = FACE_OUTER_BOUND ( 'NONE', #2164, .T. ) ;
#2625 = ADVANCED_FACE ( 'NONE', ( #872 ), #2375, .F. ) ;
#2626 = VECTOR ( 'NONE', #2235, 1000.000000000000000 ) ;
#2627 = CARTESIAN_POINT ( 'NONE',  ( 52.90268375939400869, 5.000000000000000000, 0.000000000000000000 ) ) ;
#2628 = ORIENTED_EDGE ( 'NONE', *, *, #346, .F. ) ;
#2629 = ADVANCED_FACE ( 'NONE', ( #856 ), #216, .F. ) ;
#2630 = PLANE ( 'NONE',  #1447 ) ;
#2631 = AXIS2_PLACEMENT_3D ( 'NONE', #1356, #96, #311 ) ;
#2632 = DIRECTION ( 'NONE',  ( 1.000000000000000000, 0.000000000000000000, 0.000000000000000000 ) ) ;
#2633 = DIRECTION ( 'NONE',  ( 0.000000000000000000, 0.000000000000000000, 1.000000000000000000 ) ) ;
#2634 = EDGE_LOOP ( 'NONE', ( #699, #2599 ) ) ;
#2635 = DIRECTION ( 'NONE',  ( -0.000000000000000000, 1.000000000000000000, -0.000000000000000000 ) ) ;
#2636 = LINE ( 'NONE', #2621, #1166 ) ;
#2637 = ORIENTED_EDGE ( 'NONE', *, *, #1961, .T. ) ;
#2638 = EDGE_CURVE ( 'NONE', #2124, #526, #1517, .T. ) ;
#2639 = VECTOR ( 'NONE', #1094, 1000.000000000000000 ) ;
#2640 = EDGE_LOOP ( 'NONE', ( #2345, #1122, #2659, #1111 ) ) ;
#2641 = DIRECTION ( 'NONE',  ( 0.000000000000000000, 0.000000000000000000, 1.000000000000000000 ) ) ;
#2642 = CIRCLE ( 'NONE', #253, 3.500000000000003109 ) ;
#2643 = LINE ( 'NONE', #974, #1993 ) ;
#2644 = ORIENTED_EDGE ( 'NONE', *, *, #2072, .T. ) ;
#2645 = AXIS2_PLACEMENT_3D ( 'NONE', #1877, #1247, #2086 ) ;
#2646 = DIRECTION ( 'NONE',  ( -0.000000000000000000, -1.000000000000000000, 0.000000000000000000 ) ) ;
#2647 = VECTOR ( 'NONE', #23, 999.9999999999998863 ) ;
#2648 = CARTESIAN_POINT ( 'NONE',  ( 37.15268375939399448, 12.00000000000000000, 101.9441309255078920 ) ) ;
#2649 = DIRECTION ( 'NONE',  ( 0.000000000000000000, 0.000000000000000000, 1.000000000000000000 ) ) ;
#2650 = DIRECTION ( 'NONE',  ( -1.000000000000000000, 0.000000000000000000, -8.788338571682099792E-17 ) ) ;
#2651 = ADVANCED_FACE ( 'NONE', ( #234 ), #678, .F. ) ;
#2652 = CARTESIAN_POINT ( 'NONE',  ( 0.000000000000000000, 12.00000000000000000, 105.6941309255078920 ) ) ;
#2653 = LINE ( 'NONE', #1184, #1784 ) ;
#2654 = VERTEX_POINT ( 'NONE', #1691 ) ;
#2655 = ORIENTED_EDGE ( 'NONE', *, *, #1024, .F. ) ;
#2656 = EDGE_CURVE ( 'NONE', #665, #695, #884, .T. ) ;
#2657 = PLANE ( 'NONE',  #242 ) ;
#2658 = DIRECTION ( 'NONE',  ( 0.000000000000000000, 1.000000000000000000, 0.000000000000000000 ) ) ;
#2659 = ORIENTED_EDGE ( 'NONE', *, *, #916, .F. ) ;
#2660 = FACE_OUTER_BOUND ( 'NONE', #1386, .T. ) ;
#2661 = FACE_OUTER_BOUND ( 'NONE', #1787, .T. ) ;
#2662 = FACE_OUTER_BOUND ( 'NONE', #1819, .T. ) ;
#2663 = FACE_OUTER_BOUND ( 'NONE', #1821, .T. ) ;
#2664 = EDGE_CURVE ( 'NONE', #788, #182, #2461, .T. ) ;
#2665 = DIRECTION ( 'NONE',  ( 0.000000000000000000, 0.000000000000000000, 1.000000000000000000 ) ) ;
#2666 = VERTEX_POINT ( 'NONE', #2358 ) ;
#2667 = VERTEX_POINT ( 'NONE', #1080 ) ;
#2668 = CARTESIAN_POINT ( 'NONE',  ( 52.90268375939400869, 15.00000000000000000, 6.043691236128693411 ) ) ;
#2669 = DIRECTION ( 'NONE',  ( -0.000000000000000000, 1.000000000000000000, -0.000000000000000000 ) ) ;
#2670 = DIRECTION ( 'NONE',  ( 0.000000000000000000, 1.000000000000000000, -0.000000000000000000 ) ) ;
#2671 = EDGE_CURVE ( 'NONE', #1692, #1301, #2642, .T. ) ;
#2672 = CIRCLE ( 'NONE', #1915, 3.499999999999999556 ) ;
#2673 = VECTOR ( 'NONE', #451, 1000.000000000000000 ) ;
#2674 = FILL_AREA_STYLE_COLOUR ( '', #445 ) ;
#2675 = DIRECTION ( 'NONE',  ( -0.000000000000000000, -1.000000000000000000, -0.000000000000000000 ) ) ;
#2676 = EDGE_CURVE ( 'NONE', #1096, #912, #39, .T. ) ;
#2677 = DIRECTION ( 'NONE',  ( 0.000000000000000000, 1.000000000000000000, -0.000000000000000000 ) ) ;
#2678 = FACE_BOUND ( 'NONE', #1753, .T. ) ;
#2679 = ORIENTED_EDGE ( 'NONE', *, *, #2221, .T. ) ;
#2680 = ORIENTED_EDGE ( 'NONE', *, *, #1006, .F. ) ;
#2681 = CIRCLE ( 'NONE', #993, 3.499999999999999556 ) ;
#2682 = DIRECTION ( 'NONE',  ( -0.000000000000000000, -1.000000000000000000, -0.000000000000000000 ) ) ;
#2683 = AXIS2_PLACEMENT_3D ( 'NONE', #2648, #1146, #1782 ) ;
#2684 = LINE ( 'NONE', #740, #2357 ) ;
#2685 = ADVANCED_FACE ( 'NONE', ( #266, #1108, #1746, #53, #621, #1472, #2312 ), #412, .F. ) ;
#2686 = DIRECTION ( 'NONE',  ( 0.000000000000000000, 0.000000000000000000, 1.000000000000000000 ) ) ;
#2687 = VECTOR ( 'NONE', #2228, 1000.000000000000000 ) ;
#2688 = AXIS2_PLACEMENT_3D ( 'NONE', #994, #592, #1194 ) ;
#2689 = EDGE_CURVE ( 'NONE', #2588, #1276, #1892, .T. ) ;
#2690 = LINE ( 'NONE', #755, #574 ) ;
#2691 = DIRECTION ( 'NONE',  ( 0.000000000000000000, 1.000000000000000000, -0.000000000000000000 ) ) ;
#2692 = CARTESIAN_POINT ( 'NONE',  ( -46.57270240415702744, 15.00000000000000000, 27.37770686201812609 ) ) ;
#2693 = LINE ( 'NONE', #593, #764 ) ;
#2694 = EDGE_LOOP ( 'NONE', ( #116, #280, #2749, #1186 ) ) ;
#2695 = CARTESIAN_POINT ( 'NONE',  ( 37.15268375939399448, 12.00000000000000000, 101.9441309255078920 ) ) ;
#2696 = EDGE_LOOP ( 'NONE', ( #1951, #2755 ) ) ;
#2697 = ORIENTED_EDGE ( 'NONE', *, *, #1897, .F. ) ;
#2698 = CARTESIAN_POINT ( 'NONE',  ( 48.40268375939401579, 5.000000000000000000, -41.30586907449208667 ) ) ;
#2699 = DIRECTION ( 'NONE',  ( 0.000000000000000000, -1.000000000000000000, 0.000000000000000000 ) ) ;
#2700 = EDGE_CURVE ( 'NONE', #1102, #1125, #1387, .T. ) ;
#2701 = DIRECTION ( 'NONE',  ( 1.000000000000000000, 0.000000000000000000, -1.228122814850837064E-16 ) ) ;
#2702 = FACE_OUTER_BOUND ( 'NONE', #1042, .T. ) ;
#2703 = DIRECTION ( 'NONE',  ( 0.000000000000000000, 1.000000000000000000, 0.000000000000000000 ) ) ;
#2704 = DIRECTION ( 'NONE',  ( 0.000000000000000000, 1.000000000000000000, -0.000000000000000000 ) ) ;
#2705 = VERTEX_POINT ( 'NONE', #1218 ) ;
#2706 = DIRECTION ( 'NONE',  ( 1.151683635503274765E-16, 0.000000000000000000, 1.000000000000000000 ) ) ;
#2707 = ORIENTED_EDGE ( 'NONE', *, *, #7, .F. ) ;
#2708 = ORIENTED_EDGE ( 'NONE', *, *, #1769, .T. ) ;
#2709 = CARTESIAN_POINT ( 'NONE',  ( -43.59731624060599842, 15.00000000000000000, 105.6941309255079062 ) ) ;
#2710 = VECTOR ( 'NONE', #961, 1000.000000000000000 ) ;
#2711 = CARTESIAN_POINT ( 'NONE',  ( -51.59731624060601263, 15.00000000000000000, 6.043691236128657884 ) ) ;
#2712 = EDGE_CURVE ( 'NONE', #2376, #1213, #160, .T. ) ;
#2713 = CARTESIAN_POINT ( 'NONE',  ( 1.402683759393974272, 12.00000000000000355, -3.630869074492109494 ) ) ;
#2714 = CIRCLE ( 'NONE', #2585, 3.500000000000003109 ) ;
#2715 = DIRECTION ( 'NONE',  ( -0.8641753818425659261, 0.000000000000000000, -0.5031907286678237723 ) ) ;
#2716 = VECTOR ( 'NONE', #2574, 1000.000000000000000 ) ;
#2717 = EDGE_CURVE ( 'NONE', #583, #1521, #2018, .T. ) ;
#2718 = LINE ( 'NONE', #2301, #2200 ) ;
#2719 = AXIS2_PLACEMENT_3D ( 'NONE', #2089, #2107, #2526 ) ;
#2720 = DIRECTION ( 'NONE',  ( -0.000000000000000000, -1.000000000000000000, 0.000000000000000000 ) ) ;
#2721 = ORIENTED_EDGE ( 'NONE', *, *, #1117, .T. ) ;
#2722 = CARTESIAN_POINT ( 'NONE',  ( -50.59731624060603394, 5.000000000000000000, -44.80586907449209377 ) ) ;
#2723 = ORIENTED_EDGE ( 'NONE', *, *, #48, .F. ) ;
#2724 = EDGE_CURVE ( 'NONE', #2425, #2484, #1093, .T. ) ;
#2725 = VERTEX_POINT ( 'NONE', #2212 ) ;
#2726 = CARTESIAN_POINT ( 'NONE',  ( 0.000000000000000000, 15.00000000000000000, 105.6941309255079062 ) ) ;
#2727 = AXIS2_PLACEMENT_3D ( 'NONE', #2123, #2557, #396 ) ;
#2728 = ORIENTED_EDGE ( 'NONE', *, *, #2664, .T. ) ;
#2729 = CIRCLE ( 'NONE', #1837, 3.500000000000003109 ) ;
#2730 = LINE ( 'NONE', #1005, #1305 ) ;
#2731 = VECTOR ( 'NONE', #2422, 1000.000000000000000 ) ;
#2732 = VECTOR ( 'NONE', #858, 1000.000000000000000 ) ;
#2733 = FACE_OUTER_BOUND ( 'NONE', #801, .T. ) ;
#2734 = DIRECTION ( 'NONE',  ( 0.000000000000000000, 0.000000000000000000, 1.000000000000000000 ) ) ;
#2735 = VECTOR ( 'NONE', #1049, 1000.000000000000000 ) ;
#2736 = DIRECTION ( 'NONE',  ( 0.000000000000000000, 1.000000000000000000, -0.000000000000000000 ) ) ;
#2737 = EDGE_LOOP ( 'NONE', ( #710, #2372, #1629, #54, #1439 ) ) ;
#2738 = EDGE_CURVE ( 'NONE', #2008, #2452, #1173, .T. ) ;
#2739 = CARTESIAN_POINT ( 'NONE',  ( 37.15268375939399448, 0.000000000000000000, 101.9441309255078920 ) ) ;
#2740 = ORIENTED_EDGE ( 'NONE', *, *, #1608, .T. ) ;
#2741 = VERTEX_POINT ( 'NONE', #2472 ) ;
#2742 = CARTESIAN_POINT ( 'NONE',  ( 39.61454910002519370, 5.000000000000000000, -10.13086907449209662 ) ) ;
#2743 = VERTEX_POINT ( 'NONE', #963 ) ;
#2744 = CARTESIAN_POINT ( 'NONE',  ( 39.61454910002519370, 58.09772228646443182, -3.630869074492096615 ) ) ;
#2745 = CARTESIAN_POINT ( 'NONE',  ( -51.59731624060601263, 15.00000000000000000, 6.043691236128657884 ) ) ;
#2746 = FACE_OUTER_BOUND ( 'NONE', #1937, .T. ) ;
#2747 = CARTESIAN_POINT ( 'NONE',  ( -21.84731624060602684, 58.09772228646443182, -7.630869074492109050 ) ) ;
#2748 = CIRCLE ( 'NONE', #2258, 3.500000000000000000 ) ;
#2749 = ORIENTED_EDGE ( 'NONE', *, *, #2047, .F. ) ;
#2750 = PLANE ( 'NONE',  #1059 ) ;
#2751 = EDGE_LOOP ( 'NONE', ( #670, #2053, #1709, #1727 ) ) ;
#2752 = VECTOR ( 'NONE', #350, 1000.000000000000000 ) ;
#2753 = EDGE_CURVE ( 'NONE', #1266, #1859, #130, .T. ) ;
#2754 = DIRECTION ( 'NONE',  ( 0.000000000000000000, -0.000000000000000000, -1.000000000000000000 ) ) ;
#2755 = ORIENTED_EDGE ( 'NONE', *, *, #1432, .F. ) ;
#2756 = CARTESIAN_POINT ( 'NONE',  ( 52.90268375939400869, 15.00000000000000000, 0.000000000000000000 ) ) ;
#2757 = ORIENTED_EDGE ( 'NONE', *, *, #1117, .F. ) ;
ENDSEC;
END-ISO-10303-21;
