ISO-10303-21;
HEADER;
FILE_DESCRIPTION (( 'STEP AP214' ),
    '1' );
FILE_NAME ('Stylized_Key_Cap_V2.STEP',
    '2026-10-08T03:46:20',
    ( '' ),
    ( '' ),
    'SwSTEP 2.0',
    'SolidWorks 2024',
    '' );
FILE_SCHEMA (( 'AUTOMOTIVE_DESIGN' ));
ENDSEC;

DATA;
#1 = CARTESIAN_POINT ( 'NONE',  ( 4.988152577824814138, 9.150546501064464877, -5.471179955854569954 ) ) ;
#2 = CARTESIAN_POINT ( 'NONE',  ( -6.405520168905818323, 7.499999999999998224, -4.267231405062155147 ) ) ;
#3 = CARTESIAN_POINT ( 'NONE',  ( -7.358562756916133374, 7.149453399657691222, 6.022645222851662261 ) ) ;
#4 = CARTESIAN_POINT ( 'NONE',  ( -6.667251611413671952, 0.000000000000000000, 9.515331807780324169 ) ) ;
#5 = CIRCLE ( 'NONE', #366, 2.500000000000000000 ) ;
#6 = EDGE_LOOP ( 'NONE', ( #2113, #1697, #935, #499 ) ) ;
#7 = DIRECTION ( 'NONE',  ( -1.188166764367676095E-16, 0.000000000000000000, 1.000000000000000000 ) ) ;
#8 = CARTESIAN_POINT ( 'NONE',  ( -0.4189359267734552028, 0.000000000000000000, -7.850564675506312877E-17 ) ) ;
#9 = EDGE_LOOP ( 'NONE', ( #1821, #2634, #1354, #1509 ) ) ;
#10 = DIRECTION ( 'NONE',  ( 0.000000000000000000, -1.000000000000000000, 0.000000000000000000 ) ) ;
#11 = CARTESIAN_POINT ( 'NONE',  ( -4.523877217232733727, 4.999999999999999112, 1.265835848043725287 ) ) ;
#12 = DIRECTION ( 'NONE',  ( -0.000000000000000000, 1.000000000000000000, -0.000000000000000000 ) ) ;
#13 = ORIENTED_EDGE ( 'NONE', *, *, #2310, .F. ) ;
#14 = CARTESIAN_POINT ( 'NONE',  ( 7.870690903369223612, 7.149453399657691222, 6.022645222851660485 ) ) ;
#15 = EDGE_CURVE ( 'NONE', #530, #1225, #1433, .T. ) ;
#16 = AXIS2_PLACEMENT_3D ( 'NONE', #1572, #1352, #501 ) ;
#17 = CARTESIAN_POINT ( 'NONE',  ( 0.9310640732265441644, 0.000000000000000000, 4.240331807780323814 ) ) ;
#18 = CARTESIAN_POINT ( 'NONE',  ( -6.395442916908047337, 6.766360796717648007, 9.936713392633597763 ) ) ;
#19 = ORIENTED_EDGE ( 'NONE', *, *, #513, .F. ) ;
#20 = CARTESIAN_POINT ( 'NONE',  ( -4.523877217232733727, 5.000000000000000000, -0.5053595124106511349 ) ) ;
#21 = PLANE ( 'NONE',  #184 ) ;
#22 = VERTEX_POINT ( 'NONE', #823 ) ;
#23 = PLANE ( 'NONE',  #299 ) ;
#24 = CARTESIAN_POINT ( 'NONE',  ( -4.476024431371727452, 9.150546501064464877, -5.471179955854570842 ) ) ;
#25 = AXIS2_PLACEMENT_3D ( 'NONE', #2140, #1041, #398 ) ;
#26 = ORIENTED_EDGE ( 'NONE', *, *, #992, .F. ) ;
#27 = CARTESIAN_POINT ( 'NONE',  ( -5.442347630504643874, 7.499999999999996447, 9.304380315436009852 ) ) ;
#28 = CARTESIAN_POINT ( 'NONE',  ( -7.861844011420610734, 6.703976388657616248, 7.778747060883245190 ) ) ;
#29 =( BOUNDED_CURVE ( )  B_SPLINE_CURVE ( 3, ( #1010, #2289, #1230, #999 ),
 .UNSPECIFIED., .F., .T. ) 
 B_SPLINE_CURVE_WITH_KNOTS ( ( 4, 4 ),
 ( 0.000000000000000000, 1.570796326794896780 ),
 .UNSPECIFIED. ) 
 CURVE ( )  GEOMETRIC_REPRESENTATION_ITEM ( )  RATIONAL_B_SPLINE_CURVE ( ( 1.000000000000000000, 0.8047378541243649375, 0.8047378541243649375, 1.000000000000000000 ) ) 
 REPRESENTATION_ITEM ( '' )  );
#30 = EDGE_CURVE ( 'NONE', #1059, #373, #2695, .T. ) ;
#31 = PLANE ( 'NONE',  #1843 ) ;
#32 = CARTESIAN_POINT ( 'NONE',  ( 6.383439599567431344, 6.740565336838738375, -5.747551158762520984 ) ) ;
#33 = VERTEX_POINT ( 'NONE', #2285 ) ;
#34 = DIRECTION ( 'NONE',  ( 1.873929680839142821E-16, 0.000000000000000000, -1.000000000000000000 ) ) ;
#35 = VERTEX_POINT ( 'NONE', #2308 ) ;
#36 = DIRECTION ( 'NONE',  ( 1.000000000000000000, 0.000000000000000000, 4.818676322157798361E-16 ) ) ;
#37 = DIRECTION ( 'NONE',  ( 1.000000000000000000, 0.000000000000000000, 0.000000000000000000 ) ) ;
#38 = ORIENTED_EDGE ( 'NONE', *, *, #1956, .T. ) ;
#39 = CARTESIAN_POINT ( 'NONE',  ( -4.925869865765811539, 7.500000000000000000, 9.353779821289554874 ) ) ;
#40 = CARTESIAN_POINT ( 'NONE',  ( -7.695572857045004156, 7.500000000000330402, 7.755950373623396565 ) ) ;
#41 = CARTESIAN_POINT ( 'NONE',  ( 0.4310640732265448305, 5.000000000000000000, 6.923860809965485672E-17 ) ) ;
#42 = CARTESIAN_POINT ( 'NONE',  ( -5.688812701266664718, 6.729338849314767224, 10.23539529029397421 ) ) ;
#43 = ORIENTED_EDGE ( 'NONE', *, *, #290, .F. ) ;
#44 = CARTESIAN_POINT ( 'NONE',  ( -2.464627246964433027, 5.000000000000000000, -2.564609482678953611 ) ) ;
#45 = EDGE_CURVE ( 'NONE', #1598, #1202, #1790, .T. ) ;
#46 = CARTESIAN_POINT ( 'NONE',  ( -7.252090487305610900, 6.775983234089816065, -4.752840902772204501 ) ) ;
#47 = ORIENTED_EDGE ( 'NONE', *, *, #863, .T. ) ;
#48 = DIRECTION ( 'NONE',  ( 0.3236155771181853935, 0.8891264907159879272, -0.3236155771181852825 ) ) ;
#49 = ADVANCED_FACE ( 'NONE', ( #777 ), #657, .F. ) ;
#50 = CARTESIAN_POINT ( 'NONE',  ( 6.634592860702491990, 7.500000000000000888, 8.961596307764708058 ) ) ;
#51 = CARTESIAN_POINT ( 'NONE',  ( 2.281064073226544142, 4.500000000000000888, 2.890331807780322837 ) ) ;
#52 = ORIENTED_EDGE ( 'NONE', *, *, #375, .T. ) ;
#53 = EDGE_CURVE ( 'NONE', #2195, #1689, #1215, .T. ) ;
#54 = DIRECTION ( 'NONE',  ( -1.606225440719266120E-16, 0.000000000000000000, 1.000000000000000000 ) ) ;
#55 = CARTESIAN_POINT ( 'NONE',  ( -6.132847553818248976, 7.499999999999943157, 9.852410325723131024 ) ) ;
#56 = DIRECTION ( 'NONE',  ( 1.000000000000000000, 0.000000000000000000, -9.326470300950577354E-17 ) ) ;
#57 = CARTESIAN_POINT ( 'NONE',  ( 0.08106407322654428371, 5.000000000000000000, 2.890331807780322837 ) ) ;
#58 = ORIENTED_EDGE ( 'NONE', *, *, #513, .T. ) ;
#59 = CARTESIAN_POINT ( 'NONE',  ( -0.7601224857837127757, 2.530606044217699413, -0.6102820560783703829 ) ) ;
#60 = CARTESIAN_POINT ( 'NONE',  ( -1.768935926773456346, 4.792893218813452982, 2.890331807780322837 ) ) ;
#61 = CARTESIAN_POINT ( 'NONE',  ( -6.223567309845135398, 7.499999999999997335, -4.448813046072685573 ) ) ;
#62 = ORIENTED_EDGE ( 'NONE', *, *, #2013, .F. ) ;
#63 = LINE ( 'NONE', #1822, #2180 ) ;
#64 = CYLINDRICAL_SURFACE ( 'NONE', #598, 0.5000000000000000000 ) ;
#65 = EDGE_CURVE ( 'NONE', #1580, #1198, #890, .T. ) ;
#66 = CARTESIAN_POINT ( 'NONE',  ( 3.256160973511545098, 2.605995066363302914, 1.955022891658131368 ) ) ;
#67 = EDGE_LOOP ( 'NONE', ( #1332, #2661, #2556, #1367, #2012 ) ) ;
#68 = EDGE_CURVE ( 'NONE', #33, #1498, #559, .T. ) ;
#69 = CARTESIAN_POINT ( 'NONE',  ( 8.070251143878454769, 6.759059253881934737, 8.695222233903345810 ) ) ;
#70 = VECTOR ( 'NONE', #401, 1000.000000000000000 ) ;
#71 = CARTESIAN_POINT ( 'NONE',  ( -7.043935926773459144, 4.342020143325669324, 7.934965719025505848 ) ) ;
#72 = AXIS2_PLACEMENT_3D ( 'NONE', #1863, #2726, #2321 ) ;
#73 = CARTESIAN_POINT ( 'NONE',  ( 7.556064073226547606, 0.000000000000000000, -4.144975571433766603 ) ) ;
#74 = VERTEX_POINT ( 'NONE', #2079 ) ;
#75 = CARTESIAN_POINT ( 'NONE',  ( 1.388751925621110939, 4.676419254589107233, -0.5674580663417458926 ) ) ;
#76 = B_SPLINE_CURVE_WITH_KNOTS ( 'NONE', 3,
 ( #826, #2543, #2299, #1432 ),
 .UNSPECIFIED., .F., .F.,
 ( 4, 4 ),
 ( -0.004199001011399785578, 0.003055565803317985586 ),
 .UNSPECIFIED. ) ;
#77 = CARTESIAN_POINT ( 'NONE',  ( 0.2560640732265440644, 7.500000000000000000, 2.215331807780322571 ) ) ;
#78 = AXIS2_PLACEMENT_3D ( 'NONE', #618, #628, #1461 ) ;
#79 = CARTESIAN_POINT ( 'NONE',  ( -7.604662800861847316, 7.500000000000111910, -3.683378470757060263 ) ) ;
#80 = EDGE_LOOP ( 'NONE', ( #1664, #229, #2669, #813 ) ) ;
#81 = LINE ( 'NONE', #526, #388 ) ;
#82 = CYLINDRICAL_SURFACE ( 'NONE', #113, 1.000000000000000000 ) ;
#83 = CARTESIAN_POINT ( 'NONE',  ( -0.2604345734619712416, 2.585125786032807849, -0.7511107878320331110 ) ) ;
#84 = VERTEX_POINT ( 'NONE', #149 ) ;
#85 = ADVANCED_FACE ( 'NONE', ( #1020 ), #1877, .T. ) ;
#86 = DIRECTION ( 'NONE',  ( 0.000000000000000000, 0.000000000000000000, -1.000000000000000000 ) ) ;
#87 = CARTESIAN_POINT ( 'NONE',  ( -6.712108637325844285, 6.775983234089952845, 9.723486368312519446 ) ) ;
#88 = CARTESIAN_POINT ( 'NONE',  ( 5.437998012218901778, 7.500000000000000000, -5.762215836906189992 ) ) ;
#89 =( BOUNDED_SURFACE ( )  B_SPLINE_SURFACE ( 2, 3, ( 
 ( #222, #235, #1313, #625, #1117, #1339, #1090, #1513, #917, #1539 ),
 ( #1497, #262, #1722, #2768, #1953, #2584, #2569, #249, #688, #2392 ),
 ( #24, #672, #1105, #2379, #1752, #1763, #2161, #2148, #892, #2598 ) ),
 .UNSPECIFIED., .F., .F., .T. ) 
 B_SPLINE_SURFACE_WITH_KNOTS ( ( 3, 3 ),
 ( 4, 3, 3, 4 ),
 ( 0.000000000000000000, 1.000000000000000000 ),
 ( -0.009936223631339582280, -0.007729667551981029422, -0.000000000000000000, 0.001628576994087272637 ),
 .UNSPECIFIED. ) 
 GEOMETRIC_REPRESENTATION_ITEM ( )  RATIONAL_B_SPLINE_SURFACE ( (
 ( 1.000000000000000000, 1.000000000000000000, 1.000000000000000000, 1.000000000000000000, 1.000000000000000000, 1.000000000000000000, 1.000000000000000000, 1.000000000000000000, 1.000000000000000000, 1.000000000000000000),
 ( 0.7176885430348759476, 0.7176885430348759476, 0.7176885430348759476, 0.7176885430348759476, 0.7176885430348759476, 0.7176885430348759476, 0.7176885430348759476, 0.7176885430348759476, 0.7176885430348759476, 0.7176885430348759476),
 ( 1.000000000000000000, 1.000000000000000000, 1.000000000000000000, 1.000000000000000000, 1.000000000000000000, 1.000000000000000000, 1.000000000000000000, 1.000000000000000000, 1.000000000000000000, 1.000000000000000000) ) ) 
 REPRESENTATION_ITEM ( '' )  SURFACE ( )  );
#90 = EDGE_LOOP ( 'NONE', ( #2420, #1968, #2168, #389 ) ) ;
#91 = CARTESIAN_POINT ( 'NONE',  ( -6.882383940282686297, 7.500000000000000000, 7.238456193430208074 ) ) ;
#92 = EDGE_CURVE ( 'NONE', #1269, #22, #1295, .T. ) ;
#93 = DIRECTION ( 'NONE',  ( -1.865294060190115224E-16, 0.000000000000000000, -1.000000000000000000 ) ) ;
#94 = CARTESIAN_POINT ( 'NONE',  ( -8.303564478193781184, 0.000000000000000000, -7.084668192219678140 ) ) ;
#95 = ORIENTED_EDGE ( 'NONE', *, *, #877, .T. ) ;
#96 = DIRECTION ( 'NONE',  ( -0.000000000000000000, -1.000000000000000000, -0.000000000000000000 ) ) ;
#97 = CARTESIAN_POINT ( 'NONE',  ( 9.577683847736794931, -0.1226118341242175419, -6.367682151970774918 ) ) ;
#98 = CARTESIAN_POINT ( 'NONE',  ( 5.036005363685820413, 5.000000000000000000, 3.851837389021969038 ) ) ;
#99 = AXIS2_PLACEMENT_3D ( 'NONE', #1805, #287, #2432 ) ;
#100 = ORIENTED_EDGE ( 'NONE', *, *, #613, .T. ) ;
#101 = CARTESIAN_POINT ( 'NONE',  ( 5.975697984471729285, 4.342020143325670212, -2.564609482678954500 ) ) ;
#102 = DIRECTION ( 'NONE',  ( 0.8690802346289594471, 0.000000000000000000, -0.4946711491256314264 ) ) ;
#103 = FACE_OUTER_BOUND ( 'NONE', #2552, .T. ) ;
#104 = EDGE_CURVE ( 'NONE', #1202, #670, #934, .T. ) ;
#105 = LINE ( 'NONE', #1844, #2350 ) ;
#106 = SPHERICAL_SURFACE ( 'NONE', #2203, 1.000000000000000000 ) ;
#107 = CARTESIAN_POINT ( 'NONE',  ( -4.925869865765815092, 6.673648177666931858, -5.907923958741119641 ) ) ;
#108 = EDGE_LOOP ( 'NONE', ( #1524, #2081, #1584 ) ) ;
#109 = DIRECTION ( 'NONE',  ( 0.000000000000000000, 0.000000000000000000, -1.000000000000000000 ) ) ;
#110 = FACE_OUTER_BOUND ( 'NONE', #1505, .T. ) ;
#111 = VECTOR ( 'NONE', #12, 1000.000000000000000 ) ;
#112 = CIRCLE ( 'NONE', #2042, 1.000000000000000888 ) ;
#113 = AXIS2_PLACEMENT_3D ( 'NONE', #1200, #733, #1600 ) ;
#114 = CARTESIAN_POINT ( 'NONE',  ( -4.523877217232733727, 5.000000000000000000, -5.375120555596063460E-16 ) ) ;
#115 = ORIENTED_EDGE ( 'NONE', *, *, #1693, .F. ) ;
#116 = CARTESIAN_POINT ( 'NONE',  ( -4.925869865765810651, 6.673648177666931858, 10.33858757430176212 ) ) ;
#117 = DIRECTION ( 'NONE',  ( -1.000000000000000000, -8.673617379884035472E-16, 0.000000000000000000 ) ) ;
#118 = CARTESIAN_POINT ( 'NONE',  ( 6.154774351763752982, 7.499999999999773515, -5.645395066307820287 ) ) ;
#119 = VECTOR ( 'NONE', #2666, 1000.000000000000000 ) ;
#120 = CARTESIAN_POINT ( 'NONE',  ( -1.227949374150352435, 4.999999999999999112, 4.822572511667201134 ) ) ;
#121 = ADVANCED_FACE ( 'NONE', ( #1324 ), #23, .T. ) ;
#122 = DIRECTION ( 'NONE',  ( 0.000000000000000000, -0.9396926207859082059, 0.3420201433256694901 ) ) ;
#123 = CARTESIAN_POINT ( 'NONE',  ( -8.303564478193781184, 0.000000000000000000, -7.084668192219678140 ) ) ;
#124 = EDGE_LOOP ( 'NONE', ( #580, #583, #1491 ) ) ;
#125 = LINE ( 'NONE', #774, #1615 ) ;
#126 = CARTESIAN_POINT ( 'NONE',  ( 9.648940662771812171, -0.5267293137561530614, -7.177544781764945370 ) ) ;
#127 = PRODUCT_DEFINITION_CONTEXT ( 'detailed design', #1965, 'design' ) ;
#128 = CARTESIAN_POINT ( 'NONE',  ( 3.086996016076863913, 4.621297777315879429, 1.205360768914606417 ) ) ;
#129 = ORIENTED_EDGE ( 'NONE', *, *, #68, .F. ) ;
#130 = EDGE_LOOP ( 'NONE', ( #1300, #1624, #142, #2104 ) ) ;
#131 = CARTESIAN_POINT ( 'NONE',  ( 0.000000000000000000, 5.000000000000000000, -2.564609482678953611 ) ) ;
#132 = CARTESIAN_POINT ( 'NONE',  ( -4.925869865765812428, 7.500000000000003553, 9.353779821289553098 ) ) ;
#133 = CARTESIAN_POINT ( 'NONE',  ( -0.006473578900371979028, 2.605887975475156715, 5.215234493556628159 ) ) ;
#134 = CARTESIAN_POINT ( 'NONE',  ( -6.882383940282686297, 6.500000000000000000, 7.397265746772725414 ) ) ;
#135 = ORIENTED_EDGE ( 'NONE', *, *, #2077, .F. ) ;
#136 = CARTESIAN_POINT ( 'NONE',  ( 5.696168723632503372, 7.500000000000002665, 9.353779812807854199 ) ) ;
#137 = CARTESIAN_POINT ( 'NONE',  ( 0.000000000000000000, 6.500000000000000000, 9.353779821289554874 ) ) ;
#138 = ADVANCED_FACE ( 'NONE', ( #656 ), #788, .T. ) ;
#139 = VERTEX_POINT ( 'NONE', #1707 ) ;
#140 = CARTESIAN_POINT ( 'NONE',  ( 9.556064073226542277, 0.000000000000000000, -7.084668192219678140 ) ) ;
#141 = EDGE_CURVE ( 'NONE', #1680, #458, #1116, .T. ) ;
#142 = ORIENTED_EDGE ( 'NONE', *, *, #314, .F. ) ;
#143 = DIRECTION ( 'NONE',  ( -0.000000000000000000, -0.000000000000000000, 1.000000000000000000 ) ) ;
#144 = CARTESIAN_POINT ( 'NONE',  ( 7.894874507659283225, 7.500000000000169642, -4.170543327219828456 ) ) ;
#145 = CARTESIAN_POINT ( 'NONE',  ( -1.167459662707061474, 4.900508680969061892, 4.857002622109380496 ) ) ;
#146 = ORIENTED_EDGE ( 'NONE', *, *, #1559, .T. ) ;
#147 = LINE ( 'NONE', #1017, #832 ) ;
#148 = CARTESIAN_POINT ( 'NONE',  ( 0.000000000000000000, 5.000000000000000000, 6.995273098239597864 ) ) ;
#149 = CARTESIAN_POINT ( 'NONE',  ( 0.2560640732265448971, 7.500000000000004441, 9.308441396141414970 ) ) ;
#150 = VECTOR ( 'NONE', #2727, 1000.000000000000000 ) ;
#151 = ADVANCED_FACE ( 'NONE', ( #1720 ), #1281, .F. ) ;
#152 = VECTOR ( 'NONE', #488, 1000.000000000000000 ) ;
#153 = FACE_OUTER_BOUND ( 'NONE', #250, .T. ) ;
#154 = ORIENTED_EDGE ( 'NONE', *, *, #1094, .T. ) ;
#155 = CARTESIAN_POINT ( 'NONE',  ( -4.925869865765813316, 7.500000000000003553, 10.19287945246683336 ) ) ;
#156 = LINE ( 'NONE', #195, #1133 ) ;
#157 = CARTESIAN_POINT ( 'NONE',  ( 1.627696755227999059, 2.500000007686585146, 4.886538438094703451 ) ) ;
#158 = CARTESIAN_POINT ( 'NONE',  ( -9.065555701283708245, -0.1226118341242141280, 10.79834576753141739 ) ) ;
#159 = AXIS2_PLACEMENT_3D ( 'NONE', #716, #1808, #307 ) ;
#160 = ORIENTED_EDGE ( 'NONE', *, *, #1562, .T. ) ;
#161 = DIRECTION ( 'NONE',  ( -0.000000000000000000, 1.000000000000000000, -0.000000000000000000 ) ) ;
#162 = DIRECTION ( 'NONE',  ( 0.000000000000000000, -1.000000000000000000, -8.673617379884035472E-16 ) ) ;
#163 = CARTESIAN_POINT ( 'NONE',  ( 2.281064073226544142, 4.792893218813452982, 1.540331807780323858 ) ) ;
#164 = CARTESIAN_POINT ( 'NONE',  ( 5.437998012218901778, 6.673648177666901660, 10.33858757430176389 ) ) ;
#165 = EDGE_CURVE ( 'NONE', #690, #2346, #1027, .T. ) ;
#166 = ORIENTED_EDGE ( 'NONE', *, *, #1074, .T. ) ;
#167 = CARTESIAN_POINT ( 'NONE',  ( 1.781064073226543920, 5.000000000000000000, 2.040331807780323636 ) ) ;
#168 = DIRECTION ( 'NONE',  ( -0.000000000000000000, 1.000000000000000000, -0.000000000000000000 ) ) ;
#169 = CARTESIAN_POINT ( 'NONE',  ( -7.558122997425367195, 6.759059253881931184, -4.264558618342698004 ) ) ;
#170 = EDGE_CURVE ( 'NONE', #2247, #850, #638, .T. ) ;
#171 = ORIENTED_EDGE ( 'NONE', *, *, #252, .F. ) ;
#172 = CARTESIAN_POINT ( 'NONE',  ( 7.764218633758727783, 6.775983234089771656, 9.183504518332815891 ) ) ;
#173 = CARTESIAN_POINT ( 'NONE',  ( 9.556064073226545830, 0.000000000000000000, 10.77496035920064266 ) ) ;
#174 =( BOUNDED_CURVE ( )  B_SPLINE_CURVE ( 3, ( #1104, #60, #437, #1595 ),
 .UNSPECIFIED., .F., .T. ) 
 B_SPLINE_CURVE_WITH_KNOTS ( ( 4, 4 ),
 ( 0.000000000000000000, 1.570796326794896558 ),
 .UNSPECIFIED. ) 
 CURVE ( )  GEOMETRIC_REPRESENTATION_ITEM ( )  RATIONAL_B_SPLINE_CURVE ( ( 1.000000000000000000, 0.8047378541243649375, 0.8047378541243649375, 1.000000000000000000 ) ) 
 REPRESENTATION_ITEM ( '' )  );
#175 = ORIENTED_EDGE ( 'NONE', *, *, #835, .F. ) ;
#176 = CARTESIAN_POINT ( 'NONE',  ( 0.08106407322654443637, 5.000000000000000000, 2.040331807780323192 ) ) ;
#177 = VERTEX_POINT ( 'NONE', #2347 ) ;
#178 = CARTESIAN_POINT ( 'NONE',  ( 6.998487643397115043, 7.499999999999974243, 8.598977280668233192 ) ) ;
#179 = CARTESIAN_POINT ( 'NONE',  ( -8.303564478193779408, 0.000000000000000000, 11.51533180778032417 ) ) ;
#180 = CARTESIAN_POINT ( 'NONE',  ( -0.4189359267734559800, 0.000000000000000000, 4.240331807780323814 ) ) ;
#181 = ADVANCED_FACE ( 'NONE', ( #1087 ), #1938, .T. ) ;
#182 = CARTESIAN_POINT ( 'NONE',  ( -5.294356862235508387, 4.509552663503134440, 10.72017600227899869 ) ) ;
#183 = ORIENTED_EDGE ( 'NONE', *, *, #859, .T. ) ;
#184 = AXIS2_PLACEMENT_3D ( 'NONE', #473, #1718, #636 ) ;
#185 = CARTESIAN_POINT ( 'NONE',  ( 9.556064073226535172, -1.043544591017297623E-15, 10.87286056482831320 ) ) ;
#186 = EDGE_LOOP ( 'NONE', ( #652, #615, #1482, #26 ) ) ;
#187 = CARTESIAN_POINT ( 'NONE',  ( 0.2560640732265440644, 2.500000000000000000, 2.215331807780322571 ) ) ;
#188 = FACE_OUTER_BOUND ( 'NONE', #1115, .T. ) ;
#189 = CARTESIAN_POINT ( 'NONE',  ( 1.512766046227993044, 2.499999999999999556, 4.951955765086547778 ) ) ;
#190 = CIRCLE ( 'NONE', #2040, 1.000000000000000000 ) ;
#191 = ORIENTED_EDGE ( 'NONE', *, *, #859, .F. ) ;
#192 = CARTESIAN_POINT ( 'NONE',  ( 7.345112580882228848, 7.500000000000002665, 7.913743511511516004 ) ) ;
#193 = VECTOR ( 'NONE', #1447, 1000.000000000000000 ) ;
#194 = AXIS2_PLACEMENT_3D ( 'NONE', #1606, #505, #1120 ) ;
#195 = CARTESIAN_POINT ( 'NONE',  ( -2.474120136805853121E-16, 0.000000000000000000, 1.540331807780323414 ) ) ;
#196 = CARTESIAN_POINT ( 'NONE',  ( -3.650375282391108644, 7.030000000000000249, 4.168551485589150118 ) ) ;
#197 = CARTESIAN_POINT ( 'NONE',  ( -7.129169087199182187, 6.778448630035208922, -4.901951281194230070 ) ) ;
#198 = ORIENTED_EDGE ( 'NONE', *, *, #1348, .T. ) ;
#199 = DIRECTION ( 'NONE',  ( -8.673617379884035472E-16, -1.000000000000000000, 0.000000000000000000 ) ) ;
#200 = EDGE_CURVE ( 'NONE', #382, #642, #2009, .T. ) ;
#201 = VECTOR ( 'NONE', #1480, 1000.000000000000114 ) ;
#202 = DIRECTION ( 'NONE',  ( 1.000000000000000000, 8.673617379884035472E-16, 3.156938549691801948E-16 ) ) ;
#203 = ORIENTED_EDGE ( 'NONE', *, *, #53, .T. ) ;
#204 = CARTESIAN_POINT ( 'NONE',  ( 8.068414163225639868, 8.436881888544018437, 7.073258638742794702 ) ) ;
#205 = AXIS2_PLACEMENT_3D ( 'NONE', #1322, #2171, #902 ) ;
#206 = CARTESIAN_POINT ( 'NONE',  ( -4.523877217232733727, 5.000000000000000000, 1.734012778880402728 ) ) ;
#207 = LINE ( 'NONE', #1528, #1556 ) ;
#208 = EDGE_LOOP ( 'NONE', ( #1533, #52, #2409, #1007 ) ) ;
#209 = CARTESIAN_POINT ( 'NONE',  ( 0.4310640732265444974, 5.000000000000000000, 2.040331807780323192 ) ) ;
#210 =( BOUNDED_SURFACE ( )  B_SPLINE_SURFACE ( 3, 2, ( 
 ( #2605, #1987, #1409 ),
 ( #157, #1872, #534 ),
 ( #2269, #2679, #2046 ),
 ( #756, #386, #1013 ),
 ( #973, #1028, #1633 ),
 ( #782, #2071, #2059 ),
 ( #1885, #2720, #2481 ),
 ( #133, #770, #805 ),
 ( #1451, #1001, #1672 ),
 ( #987, #2507, #590 ),
 ( #1438, #1195, #1463 ),
 ( #795, #1830, #2455 ),
 ( #2303, #145, #550 ),
 ( #2254, #120, #1857 ) ),
 .UNSPECIFIED., .F., .F., .T. ) 
 B_SPLINE_SURFACE_WITH_KNOTS ( ( 4, 2, 2, 2, 2, 2, 4 ),
 ( 3, 3 ),
 ( 0.004765505998813314784, 0.005479368188092983982, 0.006193230377372654048, 0.007620954755931993313, 0.009048679134491331710, 0.009762541323771002644, 0.01047640351305067184 ),
 ( 0.000000000000000000, 1.000000000000000000 ),
 .UNSPECIFIED. ) 
 GEOMETRIC_REPRESENTATION_ITEM ( )  RATIONAL_B_SPLINE_SURFACE ( (
 ( 1.000000000000000000, 0.7071067811865869857, 1.000000000000000000),
 ( 1.000000000000000000, 0.7215243240585226259, 1.000000000000000000),
 ( 1.000000000000000000, 0.7348435288419896683, 1.000000000000000000),
 ( 1.000000000000000000, 0.7584603469295111422, 1.000000000000000000),
 ( 1.000000000000000000, 0.7688024658871999151, 1.000000000000000000),
 ( 1.000000000000000000, 0.7937504299610848024, 1.000000000000000000),
 ( 1.000000000000000000, 0.8025284567600382557, 1.000000000000000000),
 ( 1.000000000000000000, 0.8024782797791584210, 1.000000000000000000),
 ( 1.000000000000000000, 0.7936570011963567373, 1.000000000000000000),
 ( 1.000000000000000000, 0.7687465872949412748, 1.000000000000000000),
 ( 1.000000000000000000, 0.7583943069025262940, 1.000000000000000000),
 ( 1.000000000000000000, 0.7347509632276129077, 1.000000000000000000),
 ( 1.000000000000000000, 0.7214498624598429943, 1.000000000000000000),
 ( 1.000000000000000000, 0.7071067811865476838, 1.000000000000000000) ) ) 
 REPRESENTATION_ITEM ( '' )  SURFACE ( )  );
#211 = CARTESIAN_POINT ( 'NONE',  ( 0.2560640732265449526, 7.149453399657692110, 6.022645222851664037 ) ) ;
#212 =( NAMED_UNIT ( * ) SI_UNIT ( $, .STERADIAN. ) SOLID_ANGLE_UNIT ( ) );
#213 = CIRCLE ( 'NONE', #1035, 5.374090617912949952 ) ;
#214 = CARTESIAN_POINT ( 'NONE',  ( -5.310741756995864371, 6.704246450922014766, -5.902528657603701490 ) ) ;
#215 = ORIENTED_EDGE ( 'NONE', *, *, #2077, .T. ) ;
#216 = DIRECTION ( 'NONE',  ( 1.000000000000000000, 0.000000000000000000, 1.606225440719265381E-16 ) ) ;
#217 = CARTESIAN_POINT ( 'NONE',  ( -4.523877217232734615, 5.000000000000000000, 6.995273098239597864 ) ) ;
#218 = ORIENTED_EDGE ( 'NONE', *, *, #2495, .F. ) ;
#219 = CARTESIAN_POINT ( 'NONE',  ( 0.000000000000000000, 0.000000000000000000, 4.240331807780323814 ) ) ;
#220 = PLANE ( 'NONE',  #99 ) ;
#221 = ADVANCED_FACE ( 'NONE', ( #1571 ), #2665, .T. ) ;
#222 = CARTESIAN_POINT ( 'NONE',  ( -7.430447690408350958, 9.150546501064464877, -2.516756696817945560 ) ) ;
#223 = ORIENTED_EDGE ( 'NONE', *, *, #30, .F. ) ;
#224 = EDGE_CURVE ( 'NONE', #1239, #35, #81, .T. ) ;
#225 = CARTESIAN_POINT ( 'NONE',  ( -6.688760755455129825, 7.500000000000000888, -3.838869367919360620 ) ) ;
#226 = DIRECTION ( 'NONE',  ( -0.3420201433256694346, 0.9396926207859080948, 0.000000000000000000 ) ) ;
#227 = DIRECTION ( 'NONE',  ( 9.326470300950574888E-17, 0.000000000000000000, 1.000000000000000000 ) ) ;
#228 = CARTESIAN_POINT ( 'NONE',  ( 5.630433957831229463, 6.688947314333894667, -5.905226308165734572 ) ) ;
#229 = ORIENTED_EDGE ( 'NONE', *, *, #2340, .T. ) ;
#230 = B_SPLINE_CURVE_WITH_KNOTS ( 'NONE', 3,
 ( #1251, #1862, #594, #2103, #391, #582, #1456, #2725, #573, #1679, #2696, #2273, #2319, #2115 ),
 .UNSPECIFIED., .F., .F.,
 ( 4, 2, 2, 2, 2, 2, 4 ),
 ( 0.000000000000000000, 0.0007638608662527251450, 0.001145791299379088097, 0.001527721732505451157, 0.001909652165631814001, 0.002291582598758177495, 0.003055443465010904483 ),
 .UNSPECIFIED. ) ;
#231 = CARTESIAN_POINT ( 'NONE',  ( 0.000000000000000000, 0.000000000000000000, 2.890331807780322837 ) ) ;
#232 = ORIENTED_EDGE ( 'NONE', *, *, #254, .F. ) ;
#233 = CARTESIAN_POINT ( 'NONE',  ( 9.577683847736791378, -0.1226118341242166399, 10.79834576753141739 ) ) ;
#234 = CARTESIAN_POINT ( 'NONE',  ( -2.574867869623687966, 4.621297777315970023, 3.225302846646119548 ) ) ;
#235 = CARTESIAN_POINT ( 'NONE',  ( -7.556286016772556735, 8.436881888544021990, -2.642595023182152225 ) ) ;
#236 = AXIS2_PLACEMENT_3D ( 'NONE', #643, #1929, #1712 ) ;
#237 = EDGE_LOOP ( 'NONE', ( #949, #2116, #1323, #1155, #353, #976 ) ) ;
#238 = EDGE_CURVE ( 'NONE', #1807, #2346, #946, .T. ) ;
#239 = CARTESIAN_POINT ( 'NONE',  ( -6.628025144310702110, 7.499999999999981348, -3.954433745883442874 ) ) ;
#240 = CARTESIAN_POINT ( 'NONE',  ( -6.291489992957315813, 7.499999999999807265, 9.762266347750882645 ) ) ;
#241 = CIRCLE ( 'NONE', #1868, 1.000000000000000000 ) ;
#242 = DIRECTION ( 'NONE',  ( -0.000000000000000000, 1.000000000000000000, -0.000000000000000000 ) ) ;
#243 = CARTESIAN_POINT ( 'NONE',  ( -7.256425138806513964, 6.775844699965835716, 9.177688611863906942 ) ) ;
#244 = ORIENTED_EDGE ( 'NONE', *, *, #2013, .T. ) ;
#245 = CARTESIAN_POINT ( 'NONE',  ( 0.4310640732265443864, 5.000000000000000000, 2.390331807780322837 ) ) ;
#246 = FACE_OUTER_BOUND ( 'NONE', #1126, .T. ) ;
#247 = VERTEX_POINT ( 'NONE', #2435 ) ;
#248 = CARTESIAN_POINT ( 'NONE',  ( 8.194252489589846533, 7.723217276023574662, 7.199096965107001367 ) ) ;
#249 = CARTESIAN_POINT ( 'NONE',  ( -9.136812516318725486, -0.5267293137561513960, -7.177544781764941817 ) ) ;
#250 = EDGE_LOOP ( 'NONE', ( #1079, #1426, #2531, #525 ) ) ;
#251 = CARTESIAN_POINT ( 'NONE',  ( 0.4310640732265448305, 4.500000000000000888, 6.923860809965486905E-17 ) ) ;
#252 = EDGE_CURVE ( 'NONE', #2740, #837, #1793, .T. ) ;
#253 = FACE_OUTER_BOUND ( 'NONE', #1866, .T. ) ;
#254 = EDGE_CURVE ( 'NONE', #1441, #929, #1384, .T. ) ;
#255 = CARTESIAN_POINT ( 'NONE',  ( 5.823141847904663493, 6.703448853717271838, -5.883975546342038676 ) ) ;
#256 = ORIENTED_EDGE ( 'NONE', *, *, #165, .T. ) ;
#257 = EDGE_CURVE ( 'NONE', #811, #471, #2570, .T. ) ;
#258 = CARTESIAN_POINT ( 'NONE',  ( -6.718333975802007529, 7.499999999999997335, -5.016476135073485665 ) ) ;
#259 = ORIENTED_EDGE ( 'NONE', *, *, #970, .F. ) ;
#260 = CARTESIAN_POINT ( 'NONE',  ( -8.303564478193781184, 0.000000000000000000, -7.084668192219678140 ) ) ;
#261 = CYLINDRICAL_SURFACE ( 'NONE', #236, 0.9999999999999995559 ) ;
#262 = CARTESIAN_POINT ( 'NONE',  ( -7.469806918731556777, 8.927329225040891103, -5.510539184177773997 ) ) ;
#263 = ORIENTED_EDGE ( 'NONE', *, *, #2326, .T. ) ;
#264 = FACE_OUTER_BOUND ( 'NONE', #842, .T. ) ;
#265 = CARTESIAN_POINT ( 'NONE',  ( -6.219844573886383898, 6.758876619454800228, 10.03151574713618821 ) ) ;
#266 = CARTESIAN_POINT ( 'NONE',  ( -1.768935926773455680, 4.500000000000000888, 1.540331807780323192 ) ) ;
#267 = CARTESIAN_POINT ( 'NONE',  ( 8.373924538616211777, 6.704246450890032349, -3.351474022444704826 ) ) ;
#268 = ORIENTED_EDGE ( 'NONE', *, *, #1487, .F. ) ;
#269 = CARTESIAN_POINT ( 'NONE',  ( -1.227949374150352213, 2.500000000000000000, -0.3919088961065555488 ) ) ;
#270 = ADVANCED_FACE ( 'NONE', ( #1141 ), #2213, .T. ) ;
#271 = CARTESIAN_POINT ( 'NONE',  ( -5.909167955796295502, 7.500000000000000888, -4.671287462977308458 ) ) ;
#272 = VERTEX_POINT ( 'NONE', #2406 ) ;
#273 = FACE_OUTER_BOUND ( 'NONE', #2693, .T. ) ;
#274 = CARTESIAN_POINT ( 'NONE',  ( -1.227949374150353101, 2.500000000000000000, 4.822572511667199358 ) ) ;
#275 = EDGE_CURVE ( 'NONE', #33, #2035, #63, .T. ) ;
#276 = DIRECTION ( 'NONE',  ( -0.9396926207859080948, -0.3420201433256697676, 0.000000000000000000 ) ) ;
#277 = CIRCLE ( 'NONE', #2076, 1.000000000000000000 ) ;
#278 = EDGE_LOOP ( 'NONE', ( #2149, #1137, #2158 ) ) ;
#279 = B_SPLINE_CURVE_WITH_KNOTS ( 'NONE', 3,
 ( #1884, #1287, #2718, #385, #2381, #876, #2572, #2, #1132, #239, #225, #662, #2586, #895 ),
 .UNSPECIFIED., .F., .F.,
 ( 4, 2, 2, 2, 2, 2, 4 ),
 ( 0.000000000000000000, 0.0007638608662527273134, 0.001145791299379090265, 0.001527721732505453326, 0.001909652165631816386, 0.002291582598758179230, 0.003055443465010906651 ),
 .UNSPECIFIED. ) ;
#280 = CARTESIAN_POINT ( 'NONE',  ( 0.2560640732265440644, 7.500000000000000000, 2.215331807780322571 ) ) ;
#281 = DIRECTION ( 'NONE',  ( -0.4946711491256319260, 0.000000000000000000, 0.8690802346289593361 ) ) ;
#282 = CARTESIAN_POINT ( 'NONE',  ( 0.2560640732265440644, 7.376235673783147817, 2.215331807780322571 ) ) ;
#283 = DIRECTION ( 'NONE',  ( -9.326470300950574888E-17, -3.081487911019577365E-33, -1.000000000000000000 ) ) ;
#284 = VECTOR ( 'NONE', #367, 1000.000000000000000 ) ;
#285 = ORIENTED_EDGE ( 'NONE', *, *, #1121, .T. ) ;
#286 = DIRECTION ( 'NONE',  ( 9.326470300950576121E-17, -0.000000000000000000, 1.000000000000000000 ) ) ;
#287 = DIRECTION ( 'NONE',  ( 1.000000000000000000, 0.000000000000000000, 1.606225440719265381E-16 ) ) ;
#288 = VECTOR ( 'NONE', #969, 1000.000000000000000 ) ;
#289 = CARTESIAN_POINT ( 'NONE',  ( -6.405520170453772977, 7.499999999999997335, -4.267231406303354291 ) ) ;
#290 = EDGE_CURVE ( 'NONE', #1796, #1753, #2421, .T. ) ;
#291 = ORIENTED_EDGE ( 'NONE', *, *, #2132, .F. ) ;
#292 = CARTESIAN_POINT ( 'NONE',  ( -0.4189359267734554249, 4.500000000000000888, 1.540331807780323414 ) ) ;
#293 = CARTESIAN_POINT ( 'NONE',  ( 0.2560640732265440644, 0.000000000000000000, 5.215331807780323459 ) ) ;
#294 = CARTESIAN_POINT ( 'NONE',  ( 3.255930487466720979, 4.464753180775939079, 2.526802239285116602 ) ) ;
#295 = ORIENTED_EDGE ( 'NONE', *, *, #2431, .T. ) ;
#296 = CARTESIAN_POINT ( 'NONE',  ( 6.900981090996030964, 6.766100126547493154, 9.940488740682814850 ) ) ;
#297 = EDGE_CURVE ( 'NONE', #1658, #382, #1127, .T. ) ;
#298 = CARTESIAN_POINT ( 'NONE',  ( -6.860479359228138563, 6.778449283733509745, 9.601311601263326168 ) ) ;
#299 = AXIS2_PLACEMENT_3D ( 'NONE', #1924, #904, #1310 ) ;
#300 = CARTESIAN_POINT ( 'NONE',  ( 5.697259303174652345, 7.500000000000000000, -4.923116203134771496 ) ) ;
#301 = DIRECTION ( 'NONE',  ( 0.000000000000000000, 0.000000000000000000, 1.000000000000000000 ) ) ;
#302 = ORIENTED_EDGE ( 'NONE', *, *, #1405, .F. ) ;
#303 = CARTESIAN_POINT ( 'NONE',  ( 2.120455291214064619, 5.000000000000000000, -2.564609482678953611 ) ) ;
#304 = DIRECTION ( 'NONE',  ( 0.000000000000000000, 8.673617379884042375E-16, 1.000000000000000000 ) ) ;
#305 = CARTESIAN_POINT ( 'NONE',  ( -4.925869865765815092, 7.500000000000000888, -5.762215836906191768 ) ) ;
#306 = VERTEX_POINT ( 'NONE', #260 ) ;
#307 = DIRECTION ( 'NONE',  ( 1.000000000000000000, 0.000000000000000000, 2.208559980988990915E-16 ) ) ;
#308 = CARTESIAN_POINT ( 'NONE',  ( 8.320090815954060304, 7.009552663503129999, -2.894271675910567776 ) ) ;
#309 = CARTESIAN_POINT ( 'NONE',  ( 5.036005363685820413, 5.000000000000000000, 1.738098794889302079 ) ) ;
#310 = ORIENTED_EDGE ( 'NONE', *, *, #396, .T. ) ;
#311 = ADVANCED_FACE ( 'NONE', ( #273 ), #1993, .T. ) ;
#312 = CARTESIAN_POINT ( 'NONE',  ( -3.277232857165486181E-16, 4.500000000000000888, 2.040331807780323192 ) ) ;
#313 = CARTESIAN_POINT ( 'NONE',  ( -4.203592137729099846E-17, 0.000000000000000000, 0.1903318077803228259 ) ) ;
#314 = EDGE_CURVE ( 'NONE', #35, #2361, #680, .T. ) ;
#315 = CARTESIAN_POINT ( 'NONE',  ( 7.645908068309673844, 6.778398839171604351, -4.896809404316424086 ) ) ;
#316 = CARTESIAN_POINT ( 'NONE',  ( 1.628274253780664260, 2.500000007447530148, -0.4555461165512639798 ) ) ;
#317 = DIRECTION ( 'NONE',  ( -1.606225440719265874E-16, 0.000000000000000000, 1.000000000000000000 ) ) ;
#318 = CARTESIAN_POINT ( 'NONE',  ( -5.633956867095543330, 7.500000000000000888, -5.648642606834941127 ) ) ;
#319 = ORIENTED_EDGE ( 'NONE', *, *, #2310, .T. ) ;
#320 = DIRECTION ( 'NONE',  ( -0.9396926207859080948, 0.3420201433256693790, 0.000000000000000000 ) ) ;
#321 = CARTESIAN_POINT ( 'NONE',  ( -1.000572044226473389, 2.500000000000000000, 4.951993249358448423 ) ) ;
#322 = CARTESIAN_POINT ( 'NONE',  ( 2.897910694793171871, 4.900000659052857976, 0.7921169448193591256 ) ) ;
#323 = ORIENTED_EDGE ( 'NONE', *, *, #361, .T. ) ;
#324 = DIRECTION ( 'NONE',  ( -3.058785528830846279E-16, 1.734723475976806700E-15, 1.000000000000000000 ) ) ;
#325 = ADVANCED_FACE ( 'NONE', ( #2639 ), #2447, .F. ) ;
#326 = VECTOR ( 'NONE', #2296, 1000.000000000000000 ) ;
#327 = CARTESIAN_POINT ( 'NONE',  ( -5.185131156721141998, 7.500000000000003553, 9.353779818693389814 ) ) ;
#328 = CARTESIAN_POINT ( 'NONE',  ( 6.644975700271583463, 7.500000000000108358, -5.421746710162419269 ) ) ;
#329 = CIRCLE ( 'NONE', #2650, 5.500000000000000888 ) ;
#330 = CARTESIAN_POINT ( 'NONE',  ( -1.768935926773455680, 4.500000000000000888, 1.540331807780323192 ) ) ;
#331 = CARTESIAN_POINT ( 'NONE',  ( -4.523877217232732839, 4.342020143325669324, -3.504302103464861151 ) ) ;
#332 = CARTESIAN_POINT ( 'NONE',  ( 5.036005363685821301, 4.000000000000000000, 6.995273098239598752 ) ) ;
#333 = ORIENTED_EDGE ( 'NONE', *, *, #165, .F. ) ;
#334 = CARTESIAN_POINT ( 'NONE',  ( 5.437998012218964838, 7.500000000000001776, 10.19287945246682625 ) ) ;
#335 = DIRECTION ( 'NONE',  ( -1.188166764367676095E-16, 0.000000000000000000, 1.000000000000000000 ) ) ;
#336 = AXIS2_PLACEMENT_3D ( 'NONE', #708, #281, #2411 ) ;
#337 = DIRECTION ( 'NONE',  ( 0.000000000000000000, 0.000000000000000000, 1.000000000000000000 ) ) ;
#338 = EDGE_LOOP ( 'NONE', ( #58, #2357, #394, #1934 ) ) ;
#339 = CARTESIAN_POINT ( 'NONE',  ( -2.464627246964432583, 5.000000000000000000, -2.564609482678953611 ) ) ;
#340 = DIRECTION ( 'NONE',  ( 0.000000000000000000, -1.000000000000000000, 0.000000000000000000 ) ) ;
#341 = AXIS2_PLACEMENT_3D ( 'NONE', #2390, #1966, #36 ) ;
#342 = EDGE_CURVE ( 'NONE', #1198, #1580, #1070, .T. ) ;
#343 = CARTESIAN_POINT ( 'NONE',  ( 7.142683343984065125, 7.499999999999999112, -3.949900221242511389 ) ) ;
#344 = FILL_AREA_STYLE_COLOUR ( '', #1205 ) ;
#345 = EDGE_CURVE ( 'NONE', #530, #1383, #2708, .T. ) ;
#346 = CARTESIAN_POINT ( 'NONE',  ( -4.523877217232733727, 2.500000000000000000, -0.5053595124106502467 ) ) ;
#347 = ORIENTED_EDGE ( 'NONE', *, *, #493, .F. ) ;
#348 = CARTESIAN_POINT ( 'NONE',  ( -8.275673914789971164, 4.357030381264870300, -3.554120326790270568 ) ) ;
#349 = EDGE_CURVE ( 'NONE', #2740, #1441, #1011, .T. ) ;
#350 = CARTESIAN_POINT ( 'NONE',  ( 9.204380322773939582, -8.012273643972439710E-15, 11.43679273548423225 ) ) ;
#351 = CARTESIAN_POINT ( 'NONE',  ( 2.281064073226544142, 4.500000000000000888, 1.540331807780323858 ) ) ;
#352 = CARTESIAN_POINT ( 'NONE',  ( 0.2560640732265440644, 0.000000000000000000, 5.215331807780323459 ) ) ;
#353 = ORIENTED_EDGE ( 'NONE', *, *, #1209, .F. ) ;
#354 = LINE ( 'NONE', #313, #288 ) ;
#355 = CARTESIAN_POINT ( 'NONE',  ( 6.904363722521456914, 6.766242830423871979, -5.507984829016409734 ) ) ;
#356 = APPLICATION_PROTOCOL_DEFINITION ( 'draft international standard', 'automotive_design', 1998, #2576 ) ;
#357 = FILL_AREA_STYLE ('',( #344 ) ) ;
#358 = DIRECTION ( 'NONE',  ( -0.4946711491256313709, 1.188103890031729695E-17, 0.8690802346289594471 ) ) ;
#359 = ORIENTED_EDGE ( 'NONE', *, *, #2344, .T. ) ;
#360 = CARTESIAN_POINT ( 'NONE',  ( 7.642043866709945732, 6.778449283733365860, 9.331875240234666080 ) ) ;
#361 = EDGE_CURVE ( 'NONE', #471, #1470, #1032, .T. ) ;
#362 =( BOUNDED_SURFACE ( )  B_SPLINE_SURFACE ( 2, 3, ( 
 ( #2100, #864, #631, #387, #182, #1261, #2328, #1730, #2112, #2293 ),
 ( #1464, #1071, #1919, #1478, #1053, #1716, #2721, #2760, #1886, #579 ),
 ( #372, #1898, #2747, #1082, #1675, #2087, #158, #807, #1042, #2508 ) ),
 .UNSPECIFIED., .F., .F., .T. ) 
 B_SPLINE_SURFACE_WITH_KNOTS ( ( 3, 3 ),
 ( 4, 3, 3, 4 ),
 ( 0.000000000000000000, 1.000000000000000000 ),
 ( -0.009936223631339582280, -0.007729667551981029422, 0.000000000000000000, 0.001628576994087272854 ),
 .UNSPECIFIED. ) 
 GEOMETRIC_REPRESENTATION_ITEM ( )  RATIONAL_B_SPLINE_SURFACE ( (
 ( 1.000000000000000000, 1.000000000000000000, 1.000000000000000000, 1.000000000000000000, 1.000000000000000000, 1.000000000000000000, 1.000000000000000000, 1.000000000000000000, 1.000000000000000000, 1.000000000000000000),
 ( 0.7176885430348759476, 0.7176885430348759476, 0.7176885430348759476, 0.7176885430348759476, 0.7176885430348759476, 0.7176885430348759476, 0.7176885430348759476, 0.7176885430348759476, 0.7176885430348759476, 0.7176885430348759476),
 ( 1.000000000000000000, 1.000000000000000000, 1.000000000000000000, 1.000000000000000000, 1.000000000000000000, 1.000000000000000000, 1.000000000000000000, 1.000000000000000000, 1.000000000000000000, 1.000000000000000000) ) ) 
 REPRESENTATION_ITEM ( '' )  SURFACE ( )  );
#363 = DIRECTION ( 'NONE',  ( 3.156938549691803427E-16, -8.673617379884043361E-16, 1.000000000000000000 ) ) ;
#364 = TOROIDAL_SURFACE ( 'NONE', #2378, 5.500000000000000888, 2.500000000000000000 ) ;
#365 = DIRECTION ( 'NONE',  ( 0.000000000000000000, -1.000000000000000000, 0.000000000000000000 ) ) ;
#366 = AXIS2_PLACEMENT_3D ( 'NONE', #346, #358, #958 ) ;
#367 = DIRECTION ( 'NONE',  ( -0.000000000000000000, 1.000000000000000000, -0.000000000000000000 ) ) ;
#368 = VERTEX_POINT ( 'NONE', #1775 ) ;
#369 = CARTESIAN_POINT ( 'NONE',  ( -5.286022508074938564, 7.499999999996450839, 10.16686269919865282 ) ) ;
#370 = PLANE ( 'NONE',  #980 ) ;
#371 =( LENGTH_UNIT ( ) NAMED_UNIT ( * ) SI_UNIT ( .MILLI., .METRE. ) );
#372 = CARTESIAN_POINT ( 'NONE',  ( -7.430447690408350958, 9.150546501064464877, 6.947420312378590701 ) ) ;
#373 = VERTEX_POINT ( 'NONE', #555 ) ;
#374 = FACE_OUTER_BOUND ( 'NONE', #741, .T. ) ;
#375 = EDGE_CURVE ( 'NONE', #1229, #2361, #125, .T. ) ;
#376 = LINE ( 'NONE', #2488, #1500 ) ;
#377 = EDGE_LOOP ( 'NONE', ( #2544, #406, #1086, #1954 ) ) ;
#378 = VECTOR ( 'NONE', #2041, 1000.000000000000000 ) ;
#379 = VECTOR ( 'NONE', #1932, 1000.000000000000000 ) ;
#380 = CIRCLE ( 'NONE', #1951, 1.000000000000000000 ) ;
#381 = CARTESIAN_POINT ( 'NONE',  ( -5.513388061344055124, 4.357030381264848984, 10.74706979579683797 ) ) ;
#382 = VERTEX_POINT ( 'NONE', #2510 ) ;
#383 = FACE_OUTER_BOUND ( 'NONE', #2516, .T. ) ;
#384 = ADVANCED_FACE ( 'NONE', ( #374 ), #1518, .F. ) ;
#385 = CARTESIAN_POINT ( 'NONE',  ( -5.795932195844374135, 7.500000000000000000, -4.730657255634866942 ) ) ;
#386 = CARTESIAN_POINT ( 'NONE',  ( 1.388035155756087269, 4.676057998324388620, 4.998415581142001685 ) ) ;
#387 = CARTESIAN_POINT ( 'NONE',  ( -4.853539410464345671, 7.009552663503134440, 10.27935855050783509 ) ) ;
#388 = VECTOR ( 'NONE', #1599, 1000.000000000000000 ) ;
#389 = ORIENTED_EDGE ( 'NONE', *, *, #2110, .F. ) ;
#390 = CARTESIAN_POINT ( 'NONE',  ( 6.146085013548956866, 7.500000000000001776, 10.07930622239581098 ) ) ;
#391 = CARTESIAN_POINT ( 'NONE',  ( 7.142683343127754547, 7.500000000000004441, -3.949900220720474309 ) ) ;
#392 = CARTESIAN_POINT ( 'NONE',  ( 2.281064073226544142, 0.000000000000000000, 0.000000000000000000 ) ) ;
#393 = CARTESIAN_POINT ( 'NONE',  ( 1.512700190679561185, 2.499999999999999556, -0.5213296337978043926 ) ) ;
#394 = ORIENTED_EDGE ( 'NONE', *, *, #759, .T. ) ;
#395 = DIRECTION ( 'NONE',  ( 0.9396926207859082059, -0.3420201433256692680, 0.000000000000000000 ) ) ;
#396 = EDGE_CURVE ( 'NONE', #1242, #1466, #408, .T. ) ;
#397 = CARTESIAN_POINT ( 'NONE',  ( 0.2560640732265443975, 0.000000000000000000, -0.7846681922196777625 ) ) ;
#398 = DIRECTION ( 'NONE',  ( 1.000000000000000000, 0.000000000000000000, 1.873929680839142574E-16 ) ) ;
#399 = DIRECTION ( 'NONE',  ( -0.000000000000000000, -1.000000000000000000, -0.000000000000000000 ) ) ;
#400 = ORIENTED_EDGE ( 'NONE', *, *, #2477, .T. ) ;
#401 = DIRECTION ( 'NONE',  ( -1.188166764367676095E-16, -0.000000000000000000, 1.000000000000000000 ) ) ;
#402 = DIRECTION ( 'NONE',  ( -0.3236155771181852825, 0.8891264907159880382, -0.3236155771181852825 ) ) ;
#403 = ORIENTED_EDGE ( 'NONE', *, *, #2671, .F. ) ;
#404 = ORIENTED_EDGE ( 'NONE', *, *, #1382, .T. ) ;
#405 = LINE ( 'NONE', #1064, #150 ) ;
#406 = ORIENTED_EDGE ( 'NONE', *, *, #15, .F. ) ;
#407 = CARTESIAN_POINT ( 'NONE',  ( 0.7239572920399969247, 5.000000000000000000, 1.747438588966870654 ) ) ;
#408 =( BOUNDED_CURVE ( )  B_SPLINE_CURVE ( 3, ( #2074, #2089, #1414, #2050 ),
 .UNSPECIFIED., .F., .T. ) 
 B_SPLINE_CURVE_WITH_KNOTS ( ( 4, 4 ),
 ( 0.000000000000000000, 1.570796326794896780 ),
 .UNSPECIFIED. ) 
 CURVE ( )  GEOMETRIC_REPRESENTATION_ITEM ( )  RATIONAL_B_SPLINE_CURVE ( ( 1.000000000000000000, 0.8047378541243649375, 0.8047378541243649375, 1.000000000000000000 ) ) 
 REPRESENTATION_ITEM ( '' )  );
#409 = DIRECTION ( 'NONE',  ( 0.000000000000000000, 0.9396926207859082059, 0.3420201433256694901 ) ) ;
#410 = EDGE_CURVE ( 'NONE', #2438, #1239, #2724, .T. ) ;
#411 = CARTESIAN_POINT ( 'NONE',  ( 0.2560640732265484498, 7.030000000000002025, 2.215331807780324791 ) ) ;
#412 = CARTESIAN_POINT ( 'NONE',  ( -7.763999409286874709, 6.729338849314820514, -3.729544966713720822 ) ) ;
#413 = ORIENTED_EDGE ( 'NONE', *, *, #613, .F. ) ;
#414 = CARTESIAN_POINT ( 'NONE',  ( -1.524639204267405442E-16, 4.500000000000000888, 0.6903318077803228814 ) ) ;
#415 = B_SPLINE_CURVE_WITH_KNOTS ( 'NONE', 3,
 ( #1257, #1671, #589, #794, #1918, #1246, #815, #2109, #1050, #603 ),
 .UNSPECIFIED., .F., .F.,
 ( 4, 2, 2, 2, 4 ),
 ( 0.000000000000000000, 0.0007790413891934840377, 0.001558082778386968075, 0.002337124167580452005, 0.003116165556773936151 ),
 .UNSPECIFIED. ) ;
#416 = SPHERICAL_SURFACE ( 'NONE', #1655, 1.000000000000000000 ) ;
#417 = EDGE_LOOP ( 'NONE', ( #1787, #1593, #798, #1587 ) ) ;
#418 = CARTESIAN_POINT ( 'NONE',  ( 9.024831212068164632, -1.176070461636524289, 11.72270476138110418 ) ) ;
#419 = CARTESIAN_POINT ( 'NONE',  ( -0.4189359267734552583, 4.500000000000000888, 0.1903318077803227426 ) ) ;
#420 = FACE_OUTER_BOUND ( 'NONE', #1037, .T. ) ;
#421 = AXIS2_PLACEMENT_3D ( 'NONE', #2349, #905, #1299 ) ;
#422 = VERTEX_POINT ( 'NONE', #2283 ) ;
#423 = CARTESIAN_POINT ( 'NONE',  ( 7.394512086735864465, 7.500000000000002665, 7.656357900391559390 ) ) ;
#424 = AXIS2_PLACEMENT_3D ( 'NONE', #896, #2164, #1342 ) ;
#425 = DIRECTION ( 'NONE',  ( -1.000000000000000000, 0.000000000000000000, -1.606225440719265381E-16 ) ) ;
#426 = DIRECTION ( 'NONE',  ( 0.9396926207859080948, 0.3420201433256694346, 1.116511540739373877E-16 ) ) ;
#427 = CARTESIAN_POINT ( 'NONE',  ( -7.706818893316301988, 6.740565336838738375, -3.912043718560564098 ) ) ;
#428 = ORIENTED_EDGE ( 'NONE', *, *, #254, .T. ) ;
#429 = DIRECTION ( 'NONE',  ( -1.000000000000000000, 8.673617379884037444E-16, -1.529392764415422400E-16 ) ) ;
#430 = EDGE_CURVE ( 'NONE', #765, #1658, #147, .T. ) ;
#431 = VECTOR ( 'NONE', #2200, 1000.000000000000000 ) ;
#432 = CARTESIAN_POINT ( 'NONE',  ( -1.268935926773455014, 5.000000000000000000, -6.114591504678610132E-16 ) ) ;
#433 = ORIENTED_EDGE ( 'NONE', *, *, #544, .F. ) ;
#434 = CARTESIAN_POINT ( 'NONE',  ( 8.674429169684216845, 5.000000000000000000, 10.63369690423799518 ) ) ;
#435 = VECTOR ( 'NONE', #888, 1000.000000000000000 ) ;
#436 = ADVANCED_FACE ( 'NONE', ( #2472 ), #699, .T. ) ;
#437 = CARTESIAN_POINT ( 'NONE',  ( -1.561829145586908663, 5.000000000000000888, 2.683225026593775375 ) ) ;
#438 = DIRECTION ( 'NONE',  ( 0.4946711491256323145, 0.000000000000000000, -0.8690802346289591140 ) ) ;
#439 = ORIENTED_EDGE ( 'NONE', *, *, #1797, .T. ) ;
#440 = CARTESIAN_POINT ( 'NONE',  ( 0.2560640732265441200, 7.030000000000001137, 2.215331807780324791 ) ) ;
#441 = LINE ( 'NONE', #2123, #2135 ) ;
#442 = VECTOR ( 'NONE', #2588, 1000.000000000000000 ) ;
#443 = CARTESIAN_POINT ( 'NONE',  ( -1.768935926773455902, 4.792893218813452982, 1.540331807780323636 ) ) ;
#444 = CARTESIAN_POINT ( 'NONE',  ( 0.9310640732265444974, 4.500000000000000888, 2.890331807780322837 ) ) ;
#445 = EDGE_LOOP ( 'NONE', ( #310, #2550, #803, #291 ) ) ;
#446 = DIRECTION ( 'NONE',  ( 0.000000000000000000, 0.000000000000000000, 1.000000000000000000 ) ) ;
#447 = EDGE_CURVE ( 'NONE', #2654, #1893, #1099, .T. ) ;
#448 = ORIENTED_EDGE ( 'NONE', *, *, #1759, .T. ) ;
#449 = CARTESIAN_POINT ( 'NONE',  ( 8.839078032977637278, -0.1226118341242167231, 11.53695158229057327 ) ) ;
#450 = LINE ( 'NONE', #1512, #1541 ) ;
#451 = CARTESIAN_POINT ( 'NONE',  ( -8.303564478193779408, 0.000000000000000000, 11.51533180778032417 ) ) ;
#452 = ORIENTED_EDGE ( 'NONE', *, *, #1455, .T. ) ;
#453 = FACE_OUTER_BOUND ( 'NONE', #6, .T. ) ;
#454 = LINE ( 'NONE', #2181, #967 ) ;
#455 = CARTESIAN_POINT ( 'NONE',  ( -7.132955138773811932, 6.778399508420218211, 9.328304945348079968 ) ) ;
#456 = VERTEX_POINT ( 'NONE', #2579 ) ;
#457 = CARTESIAN_POINT ( 'NONE',  ( -1.768935926773456346, 0.000000000000000000, 2.890331807780322837 ) ) ;
#458 = VERTEX_POINT ( 'NONE', #1276 ) ;
#459 = CARTESIAN_POINT ( 'NONE',  ( 7.942575836861433203, 9.150546501064461324, 6.947420312378587148 ) ) ;
#460 = EDGE_CURVE ( 'NONE', #2537, #477, #1506, .T. ) ;
#461 = CARTESIAN_POINT ( 'NONE',  ( 1.781064073226543920, 5.000000000000000000, 2.390331807780322837 ) ) ;
#462 = ORIENTED_EDGE ( 'NONE', *, *, #648, .T. ) ;
#463 = CARTESIAN_POINT ( 'NONE',  ( -6.882383940282681856, 7.500000000000000888, 7.656268435841661280 ) ) ;
#464 =( BOUNDED_CURVE ( )  B_SPLINE_CURVE ( 3, ( #1546, #1319, #1769, #696 ),
 .UNSPECIFIED., .F., .T. ) 
 B_SPLINE_CURVE_WITH_KNOTS ( ( 4, 4 ),
 ( 4.712388980384689674, 5.352296399125787474 ),
 .UNSPECIFIED. ) 
 CURVE ( )  GEOMETRIC_REPRESENTATION_ITEM ( )  RATIONAL_B_SPLINE_CURVE ( ( 1.000000000000000000, 0.9661666523663395845, 0.9661666523663395845, 1.000000000000000000 ) ) 
 REPRESENTATION_ITEM ( '' )  );
#465 = CARTESIAN_POINT ( 'NONE',  ( -7.607910341388565811, 7.499999999999656275, 8.105352748102269800 ) ) ;
#466 = PRODUCT_DEFINITION_FORMATION_WITH_SPECIFIED_SOURCE ( 'ANY', '', #2075, .NOT_KNOWN. ) ;
#467 = VECTOR ( 'NONE', #1577, 1000.000000000000000 ) ;
#468 = EDGE_CURVE ( 'NONE', #2734, #139, #1259, .T. ) ;
#469 = CARTESIAN_POINT ( 'NONE',  ( 5.279188458876435952, 6.673648177666930970, -5.907923958741116977 ) ) ;
#470 = LINE ( 'NONE', #57, #1015 ) ;
#471 = VERTEX_POINT ( 'NONE', #1948 ) ;
#472 = CARTESIAN_POINT ( 'NONE',  ( 1.148703481226040823, 2.545004952281825883, -0.6517034257757822191 ) ) ;
#473 = CARTESIAN_POINT ( 'NONE',  ( 0.000000000000000000, 0.000000000000000000, 4.240331807780323814 ) ) ;
#474 = ORIENTED_EDGE ( 'NONE', *, *, #2658, .F. ) ;
#475 = CARTESIAN_POINT ( 'NONE',  ( 5.036005363685820413, 4.000000000000000000, -2.564609482678953611 ) ) ;
#476 = AXIS2_PLACEMENT_3D ( 'NONE', #977, #1835, #761 ) ;
#477 = VERTEX_POINT ( 'NONE', #20 ) ;
#478 = VECTOR ( 'NONE', #1335, 1000.000000000000000 ) ;
#479 = EDGE_CURVE ( 'NONE', #2333, #1189, #1430, .T. ) ;
#480 = CARTESIAN_POINT ( 'NONE',  ( -6.585552755656970625, 7.500000000000139444, 9.557941682225056468 ) ) ;
#481 = DIRECTION ( 'NONE',  ( -1.000000000000000000, -0.000000000000000000, -0.000000000000000000 ) ) ;
#482 = CARTESIAN_POINT ( 'NONE',  ( 6.735954499349569247, 6.759059253881931184, -5.598855262871588856 ) ) ;
#483 = ORIENTED_EDGE ( 'NONE', *, *, #430, .F. ) ;
#484 = CARTESIAN_POINT ( 'NONE',  ( 0.5675345047308045787, 4.464753180775938191, -0.7845346064595409841 ) ) ;
#485 = CARTESIAN_POINT ( 'NONE',  ( -4.925869865765815092, 7.500000000000000888, -4.923116205728911510 ) ) ;
#486 = ORIENTED_EDGE ( 'NONE', *, *, #1052, .T. ) ;
#487 = CARTESIAN_POINT ( 'NONE',  ( 0.2560640732265440644, -4.499999999999992006, 2.215331807780322571 ) ) ;
#488 = DIRECTION ( 'NONE',  ( -4.818676322157798361E-16, 0.000000000000000000, 1.000000000000000000 ) ) ;
#489 = CARTESIAN_POINT ( 'NONE',  ( 3.081409775360368641, 2.530522375020118453, 3.232272472226347837 ) ) ;
#490 = ORIENTED_EDGE ( 'NONE', *, *, #2529, .T. ) ;
#491 = DIRECTION ( 'NONE',  ( -1.000000000000000000, 0.000000000000000000, -1.606225440719265381E-16 ) ) ;
#492 = FACE_OUTER_BOUND ( 'NONE', #960, .T. ) ;
#493 = EDGE_CURVE ( 'NONE', #456, #1222, #667, .T. ) ;
#494 = CARTESIAN_POINT ( 'NONE',  ( 5.036005363685820413, 5.000000000000000000, -0.5053595124106524672 ) ) ;
#495 = ORIENTED_EDGE ( 'NONE', *, *, #349, .F. ) ;
#496 = CARTESIAN_POINT ( 'NONE',  ( 0.8763173281774212509, 4.500100969401036544, -0.7337374120538069366 ) ) ;
#497 = DIRECTION ( 'NONE',  ( 0.000000000000000000, 0.000000000000000000, 1.000000000000000000 ) ) ;
#498 = CARTESIAN_POINT ( 'NONE',  ( -7.290870466744070910, 7.500000000000089706, -4.332222258403432669 ) ) ;
#499 = ORIENTED_EDGE ( 'NONE', *, *, #1991, .F. ) ;
#500 = CARTESIAN_POINT ( 'NONE',  ( -1.768935926773455680, 4.500000000000000888, 1.540331807780323192 ) ) ;
#501 = DIRECTION ( 'NONE',  ( 0.000000000000000000, 0.000000000000000000, 1.000000000000000000 ) ) ;
#502 = CARTESIAN_POINT ( 'NONE',  ( -0.7592910815194678920, 2.531929961406880647, -0.6193827166162947373 ) ) ;
#503 = ORIENTED_EDGE ( 'NONE', *, *, #1455, .F. ) ;
#504 = CARTESIAN_POINT ( 'NONE',  ( 7.369037210793931258, 6.778399508420205777, 9.604351019780986931 ) ) ;
#505 = DIRECTION ( 'NONE',  ( 0.000000000000000000, -1.000000000000000000, 0.000000000000000000 ) ) ;
#506 = CARTESIAN_POINT ( 'NONE',  ( 5.821069911942934993, 6.704102840934910823, -5.902553979918581994 ) ) ;
#507 = EDGE_LOOP ( 'NONE', ( #1494, #175, #720, #1091, #1899, #1102 ) ) ;
#508 = DIRECTION ( 'NONE',  ( -2.208559980988991162E-16, 0.000000000000000000, 1.000000000000000000 ) ) ;
#509 = DIRECTION ( 'NONE',  ( -1.188166764367676095E-16, 8.431447495865867045E-33, 1.000000000000000000 ) ) ;
#510 = CARTESIAN_POINT ( 'NONE',  ( -6.578499834103214816, 7.499999999999779732, -5.132748390070439370 ) ) ;
#511 = EDGE_LOOP ( 'NONE', ( #1075, #1162, #593, #2018 ) ) ;
#512 = DIRECTION ( 'NONE',  ( 1.000000000000000000, 0.000000000000000000, 0.000000000000000000 ) ) ;
#513 = EDGE_CURVE ( 'NONE', #1905, #1736, #2318, .T. ) ;
#514 = CARTESIAN_POINT ( 'NONE',  ( 8.398260581206479003, 2.377388165875782278, -6.665470514958767190 ) ) ;
#515 = FACE_OUTER_BOUND ( 'NONE', #507, .T. ) ;
#516 = ORIENTED_EDGE ( 'NONE', *, *, #1797, .F. ) ;
#517 = DIRECTION ( 'NONE',  ( 1.188166764367676095E-16, 0.000000000000000000, -1.000000000000000000 ) ) ;
#518 = AXIS2_PLACEMENT_3D ( 'NONE', #2142, #216, #834 ) ;
#519 = B_SPLINE_CURVE_WITH_KNOTS ( 'NONE', 3,
 ( #880, #228, #255, #910, #32, #482, #1786, #2620, #1331, #1345, #679, #2370, #1579, #2194, #267, #1136 ),
 .UNSPECIFIED., .F., .F.,
 ( 4, 2, 2, 2, 2, 2, 2, 4 ),
 ( -5.999999999231528822E-08, 0.0005791259861475659462, 0.001158311972295124163, 0.001737497958442682381, 0.002316683944590240598, 0.002895869930737798598, 0.003475055916885357032, 0.004633427889180468696 ),
 .UNSPECIFIED. ) ;
#520 = CARTESIAN_POINT ( 'NONE',  ( 7.394512078252514442, 7.500000000000000000, -3.224772842625468261 ) ) ;
#521 = PRODUCT_CONTEXT ( 'NONE', #2576, 'mechanical' ) ;
#522 = CARTESIAN_POINT ( 'NONE',  ( 0.7739709602563727975, 2.584997117493502916, -0.7509043643796529111 ) ) ;
#523 = CARTESIAN_POINT ( 'NONE',  ( -4.523877217232720405, 4.999999999999998224, -0.08817872774155577353 ) ) ;
#524 = CARTESIAN_POINT ( 'NONE',  ( -6.688760754116195528, 7.500000000000000000, -3.838869367444075476 ) ) ;
#525 = ORIENTED_EDGE ( 'NONE', *, *, #1559, .F. ) ;
#526 = CARTESIAN_POINT ( 'NONE',  ( 0.9310640732265447195, 5.000000000000000000, 0.6903318077803231034 ) ) ;
#527 = CARTESIAN_POINT ( 'NONE',  ( 8.931954622522903620, -0.6493411478803705617, -7.199164556275194471 ) ) ;
#528 = ADVANCED_FACE ( 'NONE', ( #1056 ), #1921, .F. ) ;
#529 = CARTESIAN_POINT ( 'NONE',  ( 2.944908136285914857, 4.814518254867977021, 0.8770203117197236109 ) ) ;
#530 = VERTEX_POINT ( 'NONE', #1704 ) ;
#531 = CARTESIAN_POINT ( 'NONE',  ( -5.463569838018641711, 4.342020143325669324, 6.995273098239597864 ) ) ;
#532 = CARTESIAN_POINT ( 'NONE',  ( 0.000000000000000000, 4.500000000000000888, 2.890331807780322837 ) ) ;
#533 = CARTESIAN_POINT ( 'NONE',  ( 8.379319839747987331, 6.673648177666930970, -2.966602131212033200 ) ) ;
#534 = CARTESIAN_POINT ( 'NONE',  ( 2.770711512543123867, 5.000000000000000000, 6.995273098239598752 ) ) ;
#535 = CARTESIAN_POINT ( 'NONE',  ( 7.556064073226545830, 0.000000000000000000, 8.575639186994415297 ) ) ;
#536 = CARTESIAN_POINT ( 'NONE',  ( -6.285271637925349708, 7.500000000000222045, -5.335325024722044063 ) ) ;
#537 = ORIENTED_EDGE ( 'NONE', *, *, #544, .T. ) ;
#538 = CARTESIAN_POINT ( 'NONE',  ( 5.796682639069198117, 7.499999999999781508, 10.16696873805376100 ) ) ;
#539 = DIRECTION ( 'NONE',  ( 0.000000000000000000, 0.000000000000000000, -1.000000000000000000 ) ) ;
#540 = UNCERTAINTY_MEASURE_WITH_UNIT (LENGTH_MEASURE( 1.000000000000000082E-05 ), #2467, 'distance_accuracy_value', 'NONE');
#541 = CARTESIAN_POINT ( 'NONE',  ( 3.222666827507188803, 2.585170988835445272, 1.699169911033054481 ) ) ;
#542 = AXIS2_PLACEMENT_3D ( 'NONE', #2129, #202, #2763 ) ;
#543 = ORIENTED_EDGE ( 'NONE', *, *, #1897, .T. ) ;
#544 = EDGE_CURVE ( 'NONE', #1753, #2740, #1084, .T. ) ;
#545 = DIRECTION ( 'NONE',  ( 0.000000000000000000, -1.000000000000000000, 0.000000000000000000 ) ) ;
#546 = CARTESIAN_POINT ( 'NONE',  ( 7.179379757866764855, 4.336808689942017736E-16, -5.084668192219680805 ) ) ;
#547 = ADVANCED_FACE ( 'NONE', ( #2331 ), #2762, .F. ) ;
#548 = CARTESIAN_POINT ( 'NONE',  ( 7.394512086735780088, 7.500000000000000000, -2.966602131212033200 ) ) ;
#549 =( NAMED_UNIT ( * ) PLANE_ANGLE_UNIT ( ) SI_UNIT ( $, .RADIAN. ) );
#550 = CARTESIAN_POINT ( 'NONE',  ( -2.259642824138176742, 5.000000000000000000, 6.995273098239598752 ) ) ;
#551 = EDGE_CURVE ( 'NONE', #811, #1941, #1817, .T. ) ;
#552 = AXIS2_PLACEMENT_3D ( 'NONE', #312, #968, #1828 ) ;
#553 = CARTESIAN_POINT ( 'NONE',  ( -5.513388061344079105, 4.357030381264832108, -6.316406180236197265 ) ) ;
#554 = ORIENTED_EDGE ( 'NONE', *, *, #2053, .T. ) ;
#555 = CARTESIAN_POINT ( 'NONE',  ( 2.281064073226544142, 4.500000000000000888, 1.540331807780323858 ) ) ;
#556 =( BOUNDED_CURVE ( )  B_SPLINE_CURVE ( 3, ( #1274, #1687, #4, #1029 ),
 .UNSPECIFIED., .F., .T. ) 
 B_SPLINE_CURVE_WITH_KNOTS ( ( 4, 4 ),
 ( 2.414817599270097315, 3.868367707909490250 ),
 .UNSPECIFIED. ) 
 CURVE ( )  GEOMETRIC_REPRESENTATION_ITEM ( )  RATIONAL_B_SPLINE_CURVE ( ( 1.000000000000000000, 0.8315474279732697482, 0.8315474279732697482, 1.000000000000000000 ) ) 
 REPRESENTATION_ITEM ( '' )  );
#557 = VECTOR ( 'NONE', #1659, 1000.000000000000000 ) ;
#558 = CARTESIAN_POINT ( 'NONE',  ( 9.009777043198113233, -4.080030542393367755E-15, -7.066085593426362443 ) ) ;
#559 = LINE ( 'NONE', #1429, #1161 ) ;
#560 = CARTESIAN_POINT ( 'NONE',  ( 9.556064073226542277, 0.000000000000000000, -6.344296743640001957 ) ) ;
#561 = ORIENTED_EDGE ( 'NONE', *, *, #479, .F. ) ;
#562 = CARTESIAN_POINT ( 'NONE',  ( -5.463569838018639935, 4.342020143325669324, -2.564609482678953611 ) ) ;
#563 = VECTOR ( 'NONE', #830, 1000.000000000000000 ) ;
#564 = CARTESIAN_POINT ( 'NONE',  ( 6.738627287310221092, 7.500000000000000000, -4.446252435900216682 ) ) ;
#565 = EDGE_CURVE ( 'NONE', #2438, #382, #2114, .T. ) ;
#566 = B_SPLINE_CURVE_WITH_KNOTS ( 'NONE', 3,
 ( #173, #185, #1850, #775, #786, #350, #1214, #2064 ),
 .UNSPECIFIED., .F., .F.,
 ( 4, 2, 2, 4 ),
 ( 3.851859888774471706E-34, 0.0002896555197651792921, 0.0005793110395303585842, 0.001158622079060717168 ),
 .UNSPECIFIED. ) ;
#567 = AXIS2_PLACEMENT_3D ( 'NONE', #2592, #1058, #2750 ) ;
#568 = VECTOR ( 'NONE', #2474, 1000.000000000000000 ) ;
#569 = LINE ( 'NONE', #2086, #2052 ) ;
#570 = FACE_OUTER_BOUND ( 'NONE', #108, .T. ) ;
#571 = VERTEX_POINT ( 'NONE', #1567 ) ;
#572 = CARTESIAN_POINT ( 'NONE',  ( 6.735695456297828621, 7.499999999999997335, 8.879476661633212586 ) ) ;
#573 = CARTESIAN_POINT ( 'NONE',  ( 6.639709546114460181, 7.499999999999979572, -4.527091762390253571 ) ) ;
#574 = DIRECTION ( 'NONE',  ( 1.000000000000000000, 0.000000000000000000, -1.224646799147353207E-16 ) ) ;
#575 = ORIENTED_EDGE ( 'NONE', *, *, #2047, .F. ) ;
#576 = CARTESIAN_POINT ( 'NONE',  ( 0.9310640732265441644, 0.000000000000000000, 4.240331807780323814 ) ) ;
#577 = DIRECTION ( 'NONE',  ( 1.000000000000000000, 0.000000000000000000, 0.000000000000000000 ) ) ;
#578 = ADVANCED_FACE ( 'NONE', ( #926 ), #997, .F. ) ;
#579 = CARTESIAN_POINT ( 'NONE',  ( -9.322565695409251063, -1.580187941268460738, 11.79396157641611964 ) ) ;
#580 = ORIENTED_EDGE ( 'NONE', *, *, #806, .T. ) ;
#581 = CARTESIAN_POINT ( 'NONE',  ( 5.819479326329275004, 6.703976388656814223, 10.33323989242761520 ) ) ;
#582 = CARTESIAN_POINT ( 'NONE',  ( 7.002328573210940377, 7.500000000000004441, -4.163196979695630517 ) ) ;
#583 = ORIENTED_EDGE ( 'NONE', *, *, #790, .T. ) ;
#584 = EDGE_CURVE ( 'NONE', #22, #1459, #1333, .T. ) ;
#585 =( BOUNDED_CURVE ( )  B_SPLINE_CURVE ( 3, ( #1023, #768, #546, #1855 ),
 .UNSPECIFIED., .F., .T. ) 
 B_SPLINE_CURVE_WITH_KNOTS ( ( 4, 4 ),
 ( 2.414817599270092430, 3.868367707909489805 ),
 .UNSPECIFIED. ) 
 CURVE ( )  GEOMETRIC_REPRESENTATION_ITEM ( )  RATIONAL_B_SPLINE_CURVE ( ( 1.000000000000000000, 0.8315474279732688601, 0.8315474279732688601, 1.000000000000000000 ) ) 
 REPRESENTATION_ITEM ( '' )  );
#586 = DIRECTION ( 'NONE',  ( 1.734723475976807094E-15, -1.000000000000000000, 0.000000000000000000 ) ) ;
#587 = ORIENTED_EDGE ( 'NONE', *, *, #2495, .T. ) ;
#588 = CARTESIAN_POINT ( 'NONE',  ( 8.379319839747992660, 6.673648177666898107, -2.966602131212042082 ) ) ;
#589 = CARTESIAN_POINT ( 'NONE',  ( 3.090872456245243427, 2.531958952810120511, 1.200208354498275121 ) ) ;
#590 = CARTESIAN_POINT ( 'NONE',  ( -1.380441508014999430, 5.000000000000000000, 6.995273098239598752 ) ) ;
#591 = CARTESIAN_POINT ( 'NONE',  ( -7.250806756410959508, 6.776010522933519020, -4.754413799287533493 ) ) ;
#592 = CIRCLE ( 'NONE', #1237, 1.000000000000000000 ) ;
#593 = ORIENTED_EDGE ( 'NONE', *, *, #1005, .F. ) ;
#594 = CARTESIAN_POINT ( 'NONE',  ( 7.347102418356708853, 7.499999999999999112, -3.476806584875266282 ) ) ;
#595 = EDGE_CURVE ( 'NONE', #1222, #247, #2184, .T. ) ;
#596 = ORIENTED_EDGE ( 'NONE', *, *, #595, .F. ) ;
#597 = AXIS2_PLACEMENT_3D ( 'NONE', #2739, #1047, #2275 ) ;
#598 = AXIS2_PLACEMENT_3D ( 'NONE', #2460, #1157, #539 ) ;
#599 = CARTESIAN_POINT ( 'NONE',  ( 0.2560640732265447861, 7.376235673783147817, 7.589422425693272523 ) ) ;
#600 = ADVANCED_FACE ( 'NONE', ( #1772 ), #210, .F. ) ;
#601 = VERTEX_POINT ( 'NONE', #2468 ) ;
#602 = CARTESIAN_POINT ( 'NONE',  ( -0.2118291455869080742, 5.000000000000000888, 2.683225026593775375 ) ) ;
#603 = CARTESIAN_POINT ( 'NONE',  ( 2.863304777113421906, 2.500000000000000000, 3.699345255157219015 ) ) ;
#604 = AXIS2_PLACEMENT_3D ( 'NONE', #1685, #2704, #2325 ) ;
#605 = CARTESIAN_POINT ( 'NONE',  ( 0.2560640732265440644, 7.030000000000001137, 2.215331807780320350 ) ) ;
#606 = CARTESIAN_POINT ( 'NONE',  ( -7.465317511626376579, 6.766360796717674653, -4.436175182354870294 ) ) ;
#607 = VECTOR ( 'NONE', #1351, 1000.000000000000000 ) ;
#608 = ORIENTED_EDGE ( 'NONE', *, *, #1142, .T. ) ;
#609 = CARTESIAN_POINT ( 'NONE',  ( 8.233611717913053241, 7.500000000000003553, 7.397265746772673012 ) ) ;
#610 = CARTESIAN_POINT ( 'NONE',  ( 7.556064073226545830, 0.000000000000000000, 8.575639186994415297 ) ) ;
#611 = ORIENTED_EDGE ( 'NONE', *, *, #1327, .T. ) ;
#612 = DIRECTION ( 'NONE',  ( 0.8690802346289592251, -0.000000000000000000, 0.4946711491256320925 ) ) ;
#613 = EDGE_CURVE ( 'NONE', #1185, #306, #1247, .T. ) ;
#614 = CARTESIAN_POINT ( 'NONE',  ( 0.2560640732265440644, 7.030000000000001137, 2.215331807780322571 ) ) ;
#615 = ORIENTED_EDGE ( 'NONE', *, *, #1420, .F. ) ;
#616 = DIRECTION ( 'NONE',  ( -1.000000000000000000, 0.000000000000000000, 0.000000000000000000 ) ) ;
#617 = CIRCLE ( 'NONE', #993, 5.500000000000000888 ) ;
#618 = CARTESIAN_POINT ( 'NONE',  ( -4.523877217232734615, 4.000000000000000000, 6.995273098239598752 ) ) ;
#619 = CARTESIAN_POINT ( 'NONE',  ( -0.4189359267734552028, 0.000000000000000000, -7.850564675506312877E-17 ) ) ;
#620 = CARTESIAN_POINT ( 'NONE',  ( -4.925869865765821309, 6.673648177666900771, -5.907923958741122306 ) ) ;
#621 = ORIENTED_EDGE ( 'NONE', *, *, #1420, .T. ) ;
#622 = ORIENTED_EDGE ( 'NONE', *, *, #633, .T. ) ;
#623 = CARTESIAN_POINT ( 'NONE',  ( 9.856313616372586850, -1.702799775392678017, 11.07697553616721464 ) ) ;
#624 = CARTESIAN_POINT ( 'NONE',  ( -2.744068935988035918, 4.464544694569916317, 2.524138793158606564 ) ) ;
#625 = CARTESIAN_POINT ( 'NONE',  ( -7.807962669500970954, 7.009552663503134440, -2.894271675910565111 ) ) ;
#626 = ORIENTED_EDGE ( 'NONE', *, *, #901, .F. ) ;
#627 = DIRECTION ( 'NONE',  ( -0.3236155771181852825, -0.8891264907159880382, -0.3236155771181851160 ) ) ;
#628 = DIRECTION ( 'NONE',  ( -0.3236155771181855045, -0.8891264907159878161, 0.3236155771181851715 ) ) ;
#629 = EDGE_CURVE ( 'NONE', #422, #1680, #2279, .T. ) ;
#630 = CARTESIAN_POINT ( 'NONE',  ( -10.49211716259934768, 7.376235673783146929, 7.589422425693271634 ) ) ;
#631 = CARTESIAN_POINT ( 'NONE',  ( -4.727701084100139006, 7.723217276023578215, 10.15352022414362843 ) ) ;
#632 = AXIS2_PLACEMENT_3D ( 'NONE', #2011, #2054, #276 ) ;
#633 = EDGE_CURVE ( 'NONE', #1466, #1130, #569, .T. ) ;
#634 = ORIENTED_EDGE ( 'NONE', *, *, #224, .T. ) ;
#635 = CARTESIAN_POINT ( 'NONE',  ( 5.036005363685820413, 5.000000000000000000, 5.983614198308843590E-16 ) ) ;
#636 = DIRECTION ( 'NONE',  ( 1.000000000000000000, 0.000000000000000000, 0.000000000000000000 ) ) ;
#637 = ORIENTED_EDGE ( 'NONE', *, *, #297, .T. ) ;
#638 = LINE ( 'NONE', #219, #1025 ) ;
#639 = CARTESIAN_POINT ( 'NONE',  ( -2.710172098933355755, 2.584997117493399887, 1.697424920750208344 ) ) ;
#640 = CARTESIAN_POINT ( 'NONE',  ( -2.464627246964433915, 2.500000000000000000, 6.995273098239597864 ) ) ;
#641 = AXIS2_PLACEMENT_3D ( 'NONE', #280, #2027, #1853 ) ;
#642 = VERTEX_POINT ( 'NONE', #330 ) ;
#643 = CARTESIAN_POINT ( 'NONE',  ( 5.185767871171545806, 3.588530892402068240, 7.145035605725323258 ) ) ;
#644 =( BOUNDED_SURFACE ( )  B_SPLINE_SURFACE ( 3, 2, ( 
 ( #533, #2690, #548 ),
 ( #1842, #2466, #520 ),
 ( #1856, #1607, #1408 ),
 ( #1422, #144, #2253 ),
 ( #1814, #738, #343 ),
 ( #971, #2070, #2223 ),
 ( #315, #2633, #1592 ),
 ( #781, #1179, #564 ),
 ( #2428, #2278, #2664 ),
 ( #355, #755, #1620 ),
 ( #2454, #328, #1207 ),
 ( #2045, #118, #2058 ),
 ( #506, #1377, #300 ),
 ( #1166, #88, #953 ) ),
 .UNSPECIFIED., .F., .F., .T. ) 
 B_SPLINE_SURFACE_WITH_KNOTS ( ( 4, 2, 2, 2, 2, 2, 4 ),
 ( 3, 3 ),
 ( 0.000000000000000000, 0.0007638608662527279639, 0.001145791299379092000, 0.001527721732505455928, 0.001909652165631819856, 0.002291582598758184000, 0.003055443465010911856 ),
 ( 0.000000000000000000, 1.000000000000000000 ),
 .UNSPECIFIED. ) 
 GEOMETRIC_REPRESENTATION_ITEM ( )  RATIONAL_B_SPLINE_SURFACE ( (
 ( 1.000000000000000000, 0.7660444431189782355, 1.000000000000000000),
 ( 1.000000000000000000, 0.7759492566160046678, 1.000000000000000000),
 ( 1.000000000000000000, 0.7843875305290779476, 1.000000000000000000),
 ( 1.000000000000000000, 0.7933329315642204671, 1.000000000000000000),
 ( 1.000000000000000000, 0.7956062205385348030, 1.000000000000000000),
 ( 1.000000000000000000, 0.7986910562182483186, 1.000000000000000000),
 ( 1.000000000000000000, 0.7994994804569820479, 1.000000000000000000),
 ( 1.000000000000000000, 0.7995152545923905896, 1.000000000000000000),
 ( 1.000000000000000000, 0.7987452346174044315, 1.000000000000000000),
 ( 1.000000000000000000, 0.7956907360361067383, 1.000000000000000000),
 ( 1.000000000000000000, 0.7933769205348053521, 1.000000000000000000),
 ( 1.000000000000000000, 0.7845646354216665452, 1.000000000000000000),
 ( 1.000000000000000000, 0.7760110392366166288, 1.000000000000000000),
 ( 1.000000000000000000, 0.7660444431189782355, 1.000000000000000000) ) ) 
 REPRESENTATION_ITEM ( '' )  SURFACE ( )  );
#645 = VECTOR ( 'NONE', #1407, 1000.000000000000000 ) ;
#646 = CARTESIAN_POINT ( 'NONE',  ( 0.2560640732265453412, 7.376235673783146929, 7.589422425693269858 ) ) ;
#647 = CARTESIAN_POINT ( 'NONE',  ( 0.2560640732265436204, 7.030000000000000249, 0.2621121299714955777 ) ) ;
#648 = EDGE_CURVE ( 'NONE', #74, #1275, #105, .T. ) ;
#649 = FACE_OUTER_BOUND ( 'NONE', #1280, .T. ) ;
#650 = CARTESIAN_POINT ( 'NONE',  ( -6.713681533840833104, 6.776010522933506586, 9.722202637418199345 ) ) ;
#651 = MANIFOLD_SOLID_BREP ( 'Fillet5', #2093 ) ;
#652 = ORIENTED_EDGE ( 'NONE', *, *, #468, .T. ) ;
#653 = AXIS2_PLACEMENT_3D ( 'NONE', #414, #1935, #508 ) ;
#654 = DIRECTION ( 'NONE',  ( -1.000000000000000000, 0.000000000000000000, 0.000000000000000000 ) ) ;
#655 = EDGE_LOOP ( 'NONE', ( #1399, #2380, #784, #684 ) ) ;
#656 = FACE_OUTER_BOUND ( 'NONE', #2271, .T. ) ;
#657 = TOROIDAL_SURFACE ( 'NONE', #2352, 5.500000000000000888, 2.500000000000000000 ) ;
#658 = DIRECTION ( 'NONE',  ( -0.000000000000000000, -1.000000000000000000, -0.000000000000000000 ) ) ;
#659 = CYLINDRICAL_SURFACE ( 'NONE', #421, 0.5000000000000000000 ) ;
#660 = ORIENTED_EDGE ( 'NONE', *, *, #2128, .F. ) ;
#661 = AXIS2_PLACEMENT_3D ( 'NONE', #1701, #2097, #425 ) ;
#662 = CARTESIAN_POINT ( 'NONE',  ( -6.832984434429146603, 7.499999999999999112, -3.483079895950872640 ) ) ;
#663 = DIRECTION ( 'NONE',  ( -0.000000000000000000, 1.000000000000000000, -0.000000000000000000 ) ) ;
#664 = CYLINDRICAL_SURFACE ( 'NONE', #1588, 1.000000000000000000 ) ;
#665 = CARTESIAN_POINT ( 'NONE',  ( -6.223826352895817315, 6.759059253881909868, 10.02951887843256706 ) ) ;
#666 = ORIENTED_EDGE ( 'NONE', *, *, #2511, .F. ) ;
#667 = LINE ( 'NONE', #2523, #201 ) ;
#668 = ADVANCED_FACE ( 'NONE', ( #2327 ), #1424, .F. ) ;
#669 = CARTESIAN_POINT ( 'NONE',  ( 0.4310640732265441644, 5.000000000000000000, 3.740331807780323370 ) ) ;
#670 = VERTEX_POINT ( 'NONE', #1714 ) ;
#671 = CARTESIAN_POINT ( 'NONE',  ( 9.670560437282057720, -0.6493411478803705617, 10.89122235707668374 ) ) ;
#672 = CARTESIAN_POINT ( 'NONE',  ( -4.601862757735934117, 8.436881888544021990, -5.597018282218777507 ) ) ;
#673 = ORIENTED_EDGE ( 'NONE', *, *, #1819, .T. ) ;
#674 = ADVANCED_FACE ( 'NONE', ( #1728 ), #1517, .F. ) ;
#675 = DIRECTION ( 'NONE',  ( 0.000000000000000000, 1.000000000000000000, 0.000000000000000000 ) ) ;
#676 = DIRECTION ( 'NONE',  ( -1.000000000000000000, 0.000000000000000000, -8.673617379884035472E-16 ) ) ;
#677 = CARTESIAN_POINT ( 'NONE',  ( 0.000000000000000000, 0.000000000000000000, 2.890331807780322837 ) ) ;
#678 = CIRCLE ( 'NONE', #860, 5.500000000000000888 ) ;
#679 = CARTESIAN_POINT ( 'NONE',  ( 7.768553285259863550, 6.775844699965832163, -4.747024996302912747 ) ) ;
#680 =( BOUNDED_CURVE ( )  B_SPLINE_CURVE ( 3, ( #1978, #732, #1171, #1612 ),
 .UNSPECIFIED., .F., .T. ) 
 B_SPLINE_CURVE_WITH_KNOTS ( ( 4, 4 ),
 ( 4.712388980384689674, 6.283185307179586232 ),
 .UNSPECIFIED. ) 
 CURVE ( )  GEOMETRIC_REPRESENTATION_ITEM ( )  RATIONAL_B_SPLINE_CURVE ( ( 1.000000000000000000, 0.8047378541243649375, 0.8047378541243649375, 1.000000000000000000 ) ) 
 REPRESENTATION_ITEM ( '' )  );
#681 = VERTEX_POINT ( 'NONE', #878 ) ;
#682 = CARTESIAN_POINT ( 'NONE',  ( 0.000000000000000000, 5.000000000000000000, 6.995273098239597864 ) ) ;
#683 = DIRECTION ( 'NONE',  ( 1.000000000000000000, 0.000000000000000000, 0.000000000000000000 ) ) ;
#684 = ORIENTED_EDGE ( 'NONE', *, *, #1348, .F. ) ;
#685 = CIRCLE ( 'NONE', #2645, 1.000000000000000000 ) ;
#686 = DIRECTION ( 'NONE',  ( -0.8690802346289592251, 0.000000000000000000, 0.4946711491256320925 ) ) ;
#687 = EDGE_CURVE ( 'NONE', #2247, #458, #1489, .T. ) ;
#688 = CARTESIAN_POINT ( 'NONE',  ( -9.229689105863990051, -1.053458627512305679, -7.270421371310207270 ) ) ;
#689 = TOROIDAL_SURFACE ( 'NONE', #1054, 7.093109588361092399, 12.00000000000000000 ) ;
#690 = VERTEX_POINT ( 'NONE', #2151 ) ;
#691 = CARTESIAN_POINT ( 'NONE',  ( -6.882383940282686297, 7.500000000000000000, 7.397265746772725414 ) ) ;
#692 = CARTESIAN_POINT ( 'NONE',  ( -6.630555197530902056, 7.499999999999999112, 8.380563836803071709 ) ) ;
#693 = CIRCLE ( 'NONE', #2265, 1.000000000000000000 ) ;
#694 = AXIS2_PLACEMENT_3D ( 'NONE', #2187, #1286, #1038 ) ;
#695 = CARTESIAN_POINT ( 'NONE',  ( -6.882383940282686297, 7.500000000000000000, 7.397265746772725414 ) ) ;
#696 = CARTESIAN_POINT ( 'NONE',  ( 0.2560640732265440644, 7.376235673783147817, -3.158758810132626937 ) ) ;
#697 = ORIENTED_EDGE ( 'NONE', *, *, #2719, .F. ) ;
#698 = CARTESIAN_POINT ( 'NONE',  ( -1.227949374150351991, 5.000000000000000888, -0.3919088961065551602 ) ) ;
#699 =( BOUNDED_SURFACE ( )  B_SPLINE_SURFACE ( 3, 2, ( 
 ( #2459, #334, #1427 ),
 ( #581, #538, #136 ),
 ( #785, #390, #991 ),
 ( #2306, #1031, #1849 ),
 ( #1651, #2272, #1212 ),
 ( #1199, #1004, #1889 ),
 ( #2486, #1250, #572 ),
 ( #360, #1665, #1442 ),
 ( #172, #1044, #1875 ),
 ( #1223, #2710, #799 ),
 ( #809, #1677, #2372 ),
 ( #851, #2358, #1534 ),
 ( #1307, #1690, #1321 ),
 ( #2155, #609, #1264 ) ),
 .UNSPECIFIED., .F., .F., .F. ) 
 B_SPLINE_SURFACE_WITH_KNOTS ( ( 4, 2, 2, 2, 2, 2, 4 ),
 ( 3, 3 ),
 ( -4.943961906533900219E-17, 0.0007638608662526788495, 0.001145791299379042994, 0.001527721732505407139, 0.001909652165631771283, 0.002291582598758135428, 0.003055443465010863717 ),
 ( 0.000000000000000000, 1.000000000000000000 ),
 .UNSPECIFIED. ) 
 GEOMETRIC_REPRESENTATION_ITEM ( )  RATIONAL_B_SPLINE_SURFACE ( (
 ( 1.000000000000000000, 0.7660444431189799008, 1.000000000000000000),
 ( 1.000000000000000000, 0.7759492566160461902, 1.000000000000000000),
 ( 1.000000000000000000, 0.7843875305290207711, 1.000000000000000000),
 ( 1.000000000000000000, 0.7933329315642494439, 1.000000000000000000),
 ( 1.000000000000000000, 0.7956062205384637487, 1.000000000000000000),
 ( 1.000000000000000000, 0.7986910562183189288, 1.000000000000000000),
 ( 1.000000000000000000, 0.7994994804569324209, 1.000000000000000000),
 ( 1.000000000000000000, 0.7995152545924408827, 1.000000000000000000),
 ( 1.000000000000000000, 0.7987452346174322981, 1.000000000000000000),
 ( 1.000000000000000000, 0.7956907360360777615, 1.000000000000000000),
 ( 1.000000000000000000, 0.7933769205347699360, 1.000000000000000000),
 ( 1.000000000000000000, 0.7845646354217377105, 1.000000000000000000),
 ( 1.000000000000000000, 0.7760110392365641152, 1.000000000000000000),
 ( 1.000000000000000000, 0.7660444431189773473, 1.000000000000000000) ) ) 
 REPRESENTATION_ITEM ( '' )  SURFACE ( )  );
#700 = DIRECTION ( 'NONE',  ( -0.000000000000000000, 1.000000000000000000, -0.000000000000000000 ) ) ;
#701 = EDGE_LOOP ( 'NONE', ( #263, #2065, #1217, #2585 ) ) ;
#702 = DIRECTION ( 'NONE',  ( 0.000000000000000000, -0.000000000000000000, -1.000000000000000000 ) ) ;
#703 = CARTESIAN_POINT ( 'NONE',  ( 9.856313616372586850, -1.702799775392676240, -6.646311920606565948 ) ) ;
#704 = CARTESIAN_POINT ( 'NONE',  ( 3.081677937085300023, 2.530606044217776684, 1.199145248770256078 ) ) ;
#705 = EDGE_LOOP ( 'NONE', ( #413, #893, #218, #996, #2504, #2513, #62, #146 ) ) ;
#706 = EDGE_CURVE ( 'NONE', #1498, #746, #441, .T. ) ;
#707 = CARTESIAN_POINT ( 'NONE',  ( 0.2560640732265440644, 7.030000000000001137, 2.215331807780320350 ) ) ;
#708 = CARTESIAN_POINT ( 'NONE',  ( 5.036005363685820413, 2.500000000000000000, 4.936023127971298941 ) ) ;
#709 = CYLINDRICAL_SURFACE ( 'NONE', #2494, 0.5000000000000000000 ) ;
#710 = CARTESIAN_POINT ( 'NONE',  ( -6.861219015747588301, 6.778448630035203593, 9.600564968206420247 ) ) ;
#711 = ORIENTED_EDGE ( 'NONE', *, *, #1327, .F. ) ;
#712 = CARTESIAN_POINT ( 'NONE',  ( 1.266687139114551552, 4.621589330828142828, -0.6153460834272039826 ) ) ;
#713 = CARTESIAN_POINT ( 'NONE',  ( -4.523877217232746162, 5.000000000000001776, 0.3509405897928582485 ) ) ;
#714 = CARTESIAN_POINT ( 'NONE',  ( -6.486359497880452629, 7.499999999999977796, -4.168313665858446981 ) ) ;
#715 = ORIENTED_EDGE ( 'NONE', *, *, #30, .T. ) ;
#716 = CARTESIAN_POINT ( 'NONE',  ( -4.203592137729099846E-17, 0.000000000000000000, 0.1903318077803228259 ) ) ;
#717 = DIRECTION ( 'NONE',  ( 1.000000000000000000, 0.000000000000000000, 0.000000000000000000 ) ) ;
#718 = B_SPLINE_CURVE_WITH_KNOTS ( 'NONE', 3,
 ( #1147, #1164, #2000, #1812, #2644, #69, #2630, #1589, #2426, #504, #1374, #296, #2014, #2515, #2530, #164 ),
 .UNSPECIFIED., .F., .F.,
 ( 4, 2, 2, 2, 2, 2, 2, 4 ),
 ( -5.999999999138201673E-08, 0.0005791259861475652956, 0.001158311972295124597, 0.001737497958442683899, 0.002316683944590241899, 0.002895869930737799466, 0.003475055916885357466, 0.004633427889180477370 ),
 .UNSPECIFIED. ) ;
#719 = CARTESIAN_POINT ( 'NONE',  ( 2.897734887555803773, 4.900508680969059228, 3.638855543713898744 ) ) ;
#720 = ORIENTED_EDGE ( 'NONE', *, *, #1193, .F. ) ;
#721 = LINE ( 'NONE', #1798, #1465 ) ;
#722 = CARTESIAN_POINT ( 'NONE',  ( -7.294592759275454696, 7.500000000000055067, 8.756667518932092165 ) ) ;
#723 = FACE_OUTER_BOUND ( 'NONE', #2425, .T. ) ;
#724 = ADVANCED_FACE ( 'NONE', ( #2098 ), #2560, .F. ) ;
#725 = EDGE_LOOP ( 'NONE', ( #154, #1211, #223, #2769 ) ) ;
#726 = CARTESIAN_POINT ( 'NONE',  ( -0.2600978235206440892, 2.585170988835419958, -0.7512709465003675202 ) ) ;
#727 = VECTOR ( 'NONE', #1873, 1000.000000000000114 ) ;
#728 = DIRECTION ( 'NONE',  ( -0.000000000000000000, 1.000000000000000000, -0.000000000000000000 ) ) ;
#729 = EDGE_CURVE ( 'NONE', #2247, #422, #1272, .T. ) ;
#730 = CARTESIAN_POINT ( 'NONE',  ( -6.216555296498821548, 6.758736497387864084, -5.602632110637393303 ) ) ;
#731 = ORIENTED_EDGE ( 'NONE', *, *, #1393, .T. ) ;
#732 = CARTESIAN_POINT ( 'NONE',  ( 0.7239572920399972578, 5.000000000000000000, 0.3974385889668706207 ) ) ;
#733 = DIRECTION ( 'NONE',  ( 0.3236155771181852825, 0.8891264907159879272, 0.3236155771181852825 ) ) ;
#734 = CARTESIAN_POINT ( 'NONE',  ( 5.036005363685820413, 5.000000000000000000, -0.2993156315362721642 ) ) ;
#735 = ORIENTED_EDGE ( 'NONE', *, *, #2719, .T. ) ;
#736 = DIRECTION ( 'NONE',  ( -1.000000000000000000, 0.000000000000000000, -0.000000000000000000 ) ) ;
#737 = CARTESIAN_POINT ( 'NONE',  ( -6.408080780626278283, 7.499999999999994671, 8.694963190851961343 ) ) ;
#738 = CARTESIAN_POINT ( 'NONE',  ( 7.806720905728682602, 7.499999999999998224, -4.326003903371517190 ) ) ;
#739 = DIRECTION ( 'NONE',  ( 1.000000000000000000, 0.000000000000000000, 0.000000000000000000 ) ) ;
#740 = AXIS2_PLACEMENT_3D ( 'NONE', #2237, #86, #1204 ) ;
#741 = EDGE_LOOP ( 'NONE', ( #448, #1992, #333, #268 ) ) ;
#742 = CARTESIAN_POINT ( 'NONE',  ( -1.606944618190293106, 5.000000000000000000, -2.564609482678953611 ) ) ;
#743 = ADVANCED_FACE ( 'NONE', ( #1896, #1742 ), #1081, .F. ) ;
#744 = CARTESIAN_POINT ( 'NONE',  ( 1.740077520603441341, 2.500000000000000000, 4.822572511667199358 ) ) ;
#745 = CARTESIAN_POINT ( 'NONE',  ( -5.307351179876441449, 6.703976388656398555, -5.902576276867057992 ) ) ;
#746 = VERTEX_POINT ( 'NONE', #1303 ) ;
#747 = CARTESIAN_POINT ( 'NONE',  ( -7.043935926773457368, 4.342020143325668435, -3.504302103464861595 ) ) ;
#748 = CARTESIAN_POINT ( 'NONE',  ( 9.556064073226545830, 0.000000000000000000, -7.084668192219679028 ) ) ;
#749 = CARTESIAN_POINT ( 'NONE',  ( 3.255966759002849376, 2.605887975475364993, 2.477869459907578342 ) ) ;
#750 = ORIENTED_EDGE ( 'NONE', *, *, #2524, .F. ) ;
#751 = CARTESIAN_POINT ( 'NONE',  ( 8.787802061243064955, 4.357030381264831220, -3.554120326790295437 ) ) ;
#752 = AXIS2_PLACEMENT_3D ( 'NONE', #915, #1186, #109 ) ;
#753 = DIRECTION ( 'NONE',  ( 0.000000000000000000, -0.000000000000000000, -1.000000000000000000 ) ) ;
#754 = VECTOR ( 'NONE', #2185, 1000.000000000000114 ) ;
#755 = CARTESIAN_POINT ( 'NONE',  ( 6.803618139410421151, 7.500000000000031974, -5.331602732190173555 ) ) ;
#756 = CARTESIAN_POINT ( 'NONE',  ( 1.272250632236604284, 2.530606044217776684, 5.040945671639081027 ) ) ;
#757 = CARTESIAN_POINT ( 'NONE',  ( -4.523877217232733727, 5.000000000000000000, -0.3003750895843976809 ) ) ;
#758 = CARTESIAN_POINT ( 'NONE',  ( -5.184040577179710674, 7.500000000000000888, -4.923116197245757775 ) ) ;
#759 = EDGE_CURVE ( 'NONE', #2039, #2389, #1944, .T. ) ;
#760 = ORIENTED_EDGE ( 'NONE', *, *, #2359, .F. ) ;
#761 = DIRECTION ( 'NONE',  ( 0.000000000000000000, 0.000000000000000000, 1.000000000000000000 ) ) ;
#762 = LINE ( 'NONE', #2641, #2659 ) ;
#763 = CARTESIAN_POINT ( 'NONE',  ( 2.983733356532316083, 2.508125023264163200, 0.9597247389671109685 ) ) ;
#764 = ADVANCED_FACE ( 'NONE', ( #2520 ), #1371, .F. ) ;
#765 = VERTEX_POINT ( 'NONE', #2339 ) ;
#766 = CYLINDRICAL_SURFACE ( 'NONE', #740, 0.5000000000000000000 ) ;
#767 = EDGE_CURVE ( 'NONE', #1521, #2540, #1869, .T. ) ;
#768 = CARTESIAN_POINT ( 'NONE',  ( 7.556064073226550271, 4.336808689942017736E-16, -4.707983876859890060 ) ) ;
#769 = DIRECTION ( 'NONE',  ( 1.000000000000000000, 0.000000000000000000, 1.188166764367676095E-16 ) ) ;
#770 = CARTESIAN_POINT ( 'NONE',  ( -0.05540635827783726292, 4.464753180775314689, 5.215198222020498875 ) ) ;
#771 = LINE ( 'NONE', #2667, #1100 ) ;
#772 = DIRECTION ( 'NONE',  ( -1.000000000000000000, -1.734723475976807094E-15, 0.000000000000000000 ) ) ;
#773 = ORIENTED_EDGE ( 'NONE', *, *, #2529, .F. ) ;
#774 = CARTESIAN_POINT ( 'NONE',  ( 0.9310640732265448305, 4.500000000000000888, 1.495498801356181381E-16 ) ) ;
#775 = CARTESIAN_POINT ( 'NONE',  ( 9.464139320877198003, -2.963150673246580245E-15, 11.14904531674760513 ) ) ;
#776 =( BOUNDED_CURVE ( )  B_SPLINE_CURVE ( 3, ( #1582, #2160, #1063, #419 ),
 .UNSPECIFIED., .F., .T. ) 
 B_SPLINE_CURVE_WITH_KNOTS ( ( 4, 4 ),
 ( 4.712388980384689674, 6.283185307179586232 ),
 .UNSPECIFIED. ) 
 CURVE ( )  GEOMETRIC_REPRESENTATION_ITEM ( )  RATIONAL_B_SPLINE_CURVE ( ( 1.000000000000000000, 0.8047378541243649375, 0.8047378541243649375, 1.000000000000000000 ) ) 
 REPRESENTATION_ITEM ( '' )  );
#777 = FACE_OUTER_BOUND ( 'NONE', #2282, .T. ) ;
#778 = EDGE_CURVE ( 'NONE', #2195, #373, #2617, .T. ) ;
#779 = DIRECTION ( 'NONE',  ( 0.000000000000000000, 0.000000000000000000, -1.000000000000000000 ) ) ;
#780 = PLANE ( 'NONE',  #1781 ) ;
#781 = CARTESIAN_POINT ( 'NONE',  ( 7.372607505681108009, 6.778449283733409381, -5.170647985702851557 ) ) ;
#782 = CARTESIAN_POINT ( 'NONE',  ( 0.7722259699738389660, 2.585170988835341799, 5.181934562060960481 ) ) ;
#783 = PLANE ( 'NONE',  #1939 ) ;
#784 = ORIENTED_EDGE ( 'NONE', *, *, #1382, .F. ) ;
#785 = CARTESIAN_POINT ( 'NONE',  ( 6.193083424828104810, 6.730456468940753112, 10.25703160391947222 ) ) ;
#786 = CARTESIAN_POINT ( 'NONE',  ( 9.409499558020852916, -8.012273643972434977E-15, 11.23148444536091617 ) ) ;
#787 = CARTESIAN_POINT ( 'NONE',  ( 0.2560640732265440644, 7.376235673783147817, 2.215331807780322571 ) ) ;
#788 =( BOUNDED_SURFACE ( )  B_SPLINE_SURFACE ( 2, 3, ( 
 ( #459, #204, #248, #1751, #2583, #854, #233, #671, #2362, #623 ),
 ( #1538, #2765, #1762, #1103, #434, #2173, #2541, #1076, #1525, #1060 ),
 ( #1952, #1495, #1552, #2334, #1914, #2553, #449, #2595, #418, #2753 ) ),
 .UNSPECIFIED., .F., .F., .T. ) 
 B_SPLINE_SURFACE_WITH_KNOTS ( ( 3, 3 ),
 ( 4, 3, 3, 4 ),
 ( 0.000000000000000000, 1.000000000000000000 ),
 ( -0.006753989254063316565, -0.004547433174704761105, 0.003182234377276267883, 0.004810811371363538785 ),
 .UNSPECIFIED. ) 
 GEOMETRIC_REPRESENTATION_ITEM ( )  RATIONAL_B_SPLINE_SURFACE ( (
 ( 1.000000000000000000, 1.000000000000000000, 1.000000000000000000, 1.000000000000000000, 1.000000000000000000, 1.000000000000000000, 1.000000000000000000, 1.000000000000000000, 1.000000000000000000, 1.000000000000000000),
 ( 0.7176885430348759476, 0.7176885430348759476, 0.7176885430348759476, 0.7176885430348759476, 0.7176885430348759476, 0.7176885430348759476, 0.7176885430348759476, 0.7176885430348759476, 0.7176885430348759476, 0.7176885430348759476),
 ( 1.000000000000000000, 1.000000000000000000, 1.000000000000000000, 1.000000000000000000, 1.000000000000000000, 1.000000000000000000, 1.000000000000000000, 1.000000000000000000, 1.000000000000000000, 1.000000000000000000) ) ) 
 REPRESENTATION_ITEM ( '' )  SURFACE ( )  );
#789 = LINE ( 'NONE', #352, #284 ) ;
#790 = EDGE_CURVE ( 'NONE', #2039, #456, #2700, .T. ) ;
#791 = ORIENTED_EDGE ( 'NONE', *, *, #1815, .F. ) ;
#792 = DIRECTION ( 'NONE',  ( 1.000000000000000000, 0.000000000000000000, 1.606225440719265874E-16 ) ) ;
#793 = VECTOR ( 'NONE', #2386, 1000.000000000000000 ) ;
#794 = CARTESIAN_POINT ( 'NONE',  ( 3.222600408303024633, 2.585172565175476667, 1.699312073169949810 ) ) ;
#795 = CARTESIAN_POINT ( 'NONE',  ( -1.000396218787096947, 2.508057854593359615, 4.942611438871160168 ) ) ;
#796 = CARTESIAN_POINT ( 'NONE',  ( 2.281064073226544142, 0.000000000000000000, 2.890331807780322837 ) ) ;
#797 = ADVANCED_FACE ( 'NONE', ( #1784 ), #1983, .T. ) ;
#798 = ORIENTED_EDGE ( 'NONE', *, *, #1911, .F. ) ;
#799 = CARTESIAN_POINT ( 'NONE',  ( 7.140153289827257055, 7.499999999999977796, 8.385097360693054114 ) ) ;
#800 = FACE_OUTER_BOUND ( 'NONE', #1043, .T. ) ;
#801 = ORIENTED_EDGE ( 'NONE', *, *, #200, .F. ) ;
#802 = DIRECTION ( 'NONE',  ( -0.3420201433256694346, -0.9396926207859080948, 0.000000000000000000 ) ) ;
#803 = ORIENTED_EDGE ( 'NONE', *, *, #468, .F. ) ;
#804 = FACE_OUTER_BOUND ( 'NONE', #445, .T. ) ;
#805 = CARTESIAN_POINT ( 'NONE',  ( -0.2252549556735859437, 4.999999999999983125, 6.995273098239541021 ) ) ;
#806 = EDGE_CURVE ( 'NONE', #1275, #2039, #1282, .T. ) ;
#807 = CARTESIAN_POINT ( 'NONE',  ( -9.158432290828972810, -0.6493411478803686743, 10.89122235707668196 ) ) ;
#808 = ORIENTED_EDGE ( 'NONE', *, *, #1930, .T. ) ;
#809 = CARTESIAN_POINT ( 'NONE',  ( 8.072248012582292631, 6.758876619455001844, 8.691240454893375045 ) ) ;
#810 = CARTESIAN_POINT ( 'NONE',  ( 0.2560640732265446196, 2.605941635044260796, -0.7846681922196779846 ) ) ;
#811 = VERTEX_POINT ( 'NONE', #2001 ) ;
#812 = FACE_OUTER_BOUND ( 'NONE', #1448, .T. ) ;
#813 = ORIENTED_EDGE ( 'NONE', *, *, #2323, .T. ) ;
#814 = CARTESIAN_POINT ( 'NONE',  ( 0.08106407322654413106, 5.000000000000000000, 3.740331807780323370 ) ) ;
#815 = CARTESIAN_POINT ( 'NONE',  ( 3.222363383230991474, 2.585070776804850645, 2.732333469759320455 ) ) ;
#816 = DIRECTION ( 'NONE',  ( 0.000000000000000000, 1.000000000000000000, 0.000000000000000000 ) ) ;
#817 = CARTESIAN_POINT ( 'NONE',  ( 0.2560640732265440644, -4.499999999999992006, 2.215331807780322571 ) ) ;
#818 = ORIENTED_EDGE ( 'NONE', *, *, #2511, .T. ) ;
#819 = DIRECTION ( 'NONE',  ( 0.000000000000000000, -1.000000000000000000, 0.000000000000000000 ) ) ;
#820 = EDGE_CURVE ( 'NONE', #74, #177, #1646, .T. ) ;
#821 = CARTESIAN_POINT ( 'NONE',  ( 7.179379757866758638, 4.336808689942017243E-16, 9.515331807780324169 ) ) ;
#822 = ORIENTED_EDGE ( 'NONE', *, *, #2192, .F. ) ;
#823 = CARTESIAN_POINT ( 'NONE',  ( -2.464627246964434804, 5.000000000000000000, 6.995273098239597864 ) ) ;
#824 = AXIS2_PLACEMENT_3D ( 'NONE', #1419, #1630, #1406 ) ;
#825 = AXIS2_PLACEMENT_3D ( 'NONE', #2238, #1619, #102 ) ;
#826 = CARTESIAN_POINT ( 'NONE',  ( 8.379319839747980225, 6.673648177666930081, 7.397265746772673012 ) ) ;
#827 = ORIENTED_EDGE ( 'NONE', *, *, #1991, .T. ) ;
#828 = CARTESIAN_POINT ( 'NONE',  ( 7.200888901908208517, 7.500000000000001776, 8.269532983480003097 ) ) ;
#829 = DIRECTION ( 'NONE',  ( -0.1736481776669307198, -0.9848077530122080203, 0.000000000000000000 ) ) ;
#830 = DIRECTION ( 'NONE',  ( -0.000000000000000000, 1.000000000000000000, -0.000000000000000000 ) ) ;
#831 = DIRECTION ( 'NONE',  ( 0.000000000000000000, 0.000000000000000000, -1.000000000000000000 ) ) ;
#832 = VECTOR ( 'NONE', #161, 1000.000000000000000 ) ;
#833 = ORIENTED_EDGE ( 'NONE', *, *, #835, .T. ) ;
#834 = DIRECTION ( 'NONE',  ( 1.606225440719265381E-16, 0.000000000000000000, -1.000000000000000000 ) ) ;
#835 = EDGE_CURVE ( 'NONE', #1361, #456, #1148, .T. ) ;
#836 = CARTESIAN_POINT ( 'NONE',  ( 0.000000000000000000, 5.000000000000000000, 2.390331807780322837 ) ) ;
#837 = VERTEX_POINT ( 'NONE', #2222 ) ;
#838 = DIRECTION ( 'NONE',  ( 0.000000000000000000, -1.000000000000000000, 0.000000000000000000 ) ) ;
#839 = CARTESIAN_POINT ( 'NONE',  ( -2.471605210079020232, 2.508125023264133890, 3.470938876594005684 ) ) ;
#840 = ADVANCED_FACE ( 'NONE', ( #253 ), #2179, .F. ) ;
#841 = CARTESIAN_POINT ( 'NONE',  ( 1.740077520603440453, 2.500000000000000000, -0.3919088961065551047 ) ) ;
#842 = EDGE_LOOP ( 'NONE', ( #2298, #1320, #1314, #486, #1676, #198, #47, #1170 ) ) ;
#843 = CARTESIAN_POINT ( 'NONE',  ( -8.275673914789969388, 4.357030381264862307, 7.984783942350916597 ) ) ;
#844 =( BOUNDED_CURVE ( )  B_SPLINE_CURVE ( 3, ( #614, #2699, #2755, #599 ),
 .UNSPECIFIED., .F., .T. ) 
 B_SPLINE_CURVE_WITH_KNOTS ( ( 4, 4 ),
 ( 4.712388980384689674, 5.352296399125787474 ),
 .UNSPECIFIED. ) 
 CURVE ( )  GEOMETRIC_REPRESENTATION_ITEM ( )  RATIONAL_B_SPLINE_CURVE ( ( 1.000000000000000000, 0.9661666523663395845, 0.9661666523663395845, 1.000000000000000000 ) ) 
 REPRESENTATION_ITEM ( '' )  );
#845 = ADVANCED_FACE ( 'NONE', ( #492 ), #2499, .T. ) ;
#846 = PLANE ( 'NONE',  #2176 ) ;
#847 = CARTESIAN_POINT ( 'NONE',  ( 0.2560640732265447861, 7.376235673783146929, 7.589422425693269858 ) ) ;
#848 = B_SPLINE_CURVE_WITH_KNOTS ( 'NONE', 3,
 ( #560, #950, #751, #1640 ),
 .UNSPECIFIED., .F., .F.,
 ( 4, 4 ),
 ( -0.004926230582463194188, 0.002328336232254540547 ),
 .UNSPECIFIED. ) ;
#849 = FACE_OUTER_BOUND ( 'NONE', #2320, .T. ) ;
#850 = VERTEX_POINT ( 'NONE', #576 ) ;
#851 = CARTESIAN_POINT ( 'NONE',  ( 8.294663619686161837, 6.731014305722593960, 8.161673333158800503 ) ) ;
#852 = DIRECTION ( 'NONE',  ( -1.000000000000000000, -0.000000000000000000, -0.000000000000000000 ) ) ;
#853 = ORIENTED_EDGE ( 'NONE', *, *, #629, .T. ) ;
#854 = CARTESIAN_POINT ( 'NONE',  ( 9.136866395965629550, 2.377388165875783166, 10.35752831576025379 ) ) ;
#855 = CARTESIAN_POINT ( 'NONE',  ( -7.867191693294894428, 6.673648177666930970, 7.397265746772677453 ) ) ;
#856 = DIRECTION ( 'NONE',  ( 0.000000000000000000, 0.000000000000000000, 1.000000000000000000 ) ) ;
#857 = ORIENTED_EDGE ( 'NONE', *, *, #913, .F. ) ;
#858 = CARTESIAN_POINT ( 'NONE',  ( 5.113990904189020803, 8.436881888544020214, -5.597018282218776619 ) ) ;
#859 = EDGE_CURVE ( 'NONE', #2540, #2537, #1998, .T. ) ;
#860 = AXIS2_PLACEMENT_3D ( 'NONE', #2228, #2281, #1002 ) ;
#861 = CARTESIAN_POINT ( 'NONE',  ( 0.2560640732265396791, 7.030000000000002025, 2.215331807780320794 ) ) ;
#862 =( BOUNDED_CURVE ( )  B_SPLINE_CURVE ( 3, ( #266, #443, #1785, #1531 ),
 .UNSPECIFIED., .F., .F. ) 
 B_SPLINE_CURVE_WITH_KNOTS ( ( 4, 4 ),
 ( 0.000000000000000000, 1.570796326794896558 ),
 .UNSPECIFIED. ) 
 CURVE ( )  GEOMETRIC_REPRESENTATION_ITEM ( )  RATIONAL_B_SPLINE_CURVE ( ( 1.000000000000000000, 0.8047378541243649375, 0.8047378541243649375, 1.000000000000000000 ) ) 
 REPRESENTATION_ITEM ( '' )  );
#863 = EDGE_CURVE ( 'NONE', #2567, #2088, #1670, .T. ) ;
#864 = CARTESIAN_POINT ( 'NONE',  ( -4.601862757735933229, 8.436881888544021990, 10.02768189777942176 ) ) ;
#865 = CARTESIAN_POINT ( 'NONE',  ( -4.925869865765810651, 6.673648177666931858, 10.33858757430176212 ) ) ;
#866 = EDGE_LOOP ( 'NONE', ( #95, #1167, #1747, #1834, #1757, #2604 ) ) ;
#867 = CARTESIAN_POINT ( 'NONE',  ( 0.7239572920399969247, 5.000000000000000888, 2.683225026593775375 ) ) ;
#868 = CARTESIAN_POINT ( 'NONE',  ( -9.043935926773459144, 0.000000000000000000, -6.344296743639668001 ) ) ;
#869 = ORIENTED_EDGE ( 'NONE', *, *, #2326, .F. ) ;
#870 = CARTESIAN_POINT ( 'NONE',  ( 0.000000000000000000, 5.000000000000000000, 6.995273098239597864 ) ) ;
#871 = CARTESIAN_POINT ( 'NONE',  ( -2.610971160329600860, 2.545004952281876953, 1.322692399780973860 ) ) ;
#872 = CARTESIAN_POINT ( 'NONE',  ( 2.073957292039996236, 5.000000000000000000, 2.683225026593775375 ) ) ;
#873 = AXIS2_PLACEMENT_3D ( 'NONE', #2224, #301, #739 ) ;
#874 = EDGE_LOOP ( 'NONE', ( #1046, #38, #1294 ) ) ;
#875 = CIRCLE ( 'NONE', #694, 5.500000000000000888 ) ;
#876 = CARTESIAN_POINT ( 'NONE',  ( -6.122464714249413298, 7.500000000000002665, -4.530932692204071799 ) ) ;
#877 = EDGE_CURVE ( 'NONE', #1459, #2317, #693, .T. ) ;
#878 = CARTESIAN_POINT ( 'NONE',  ( 0.2560640732265440644, 7.030000000000001137, 2.215331807780322571 ) ) ;
#879 = FACE_OUTER_BOUND ( 'NONE', #2258, .T. ) ;
#880 = CARTESIAN_POINT ( 'NONE',  ( 5.437998012218900001, 6.673648177666930970, -5.907923958741116977 ) ) ;
#881 =( BOUNDED_CURVE ( )  B_SPLINE_CURVE ( 3, ( #209, #407, #2107, #1338 ),
 .UNSPECIFIED., .F., .T. ) 
 B_SPLINE_CURVE_WITH_KNOTS ( ( 4, 4 ),
 ( 4.712388980384689674, 6.283185307179586232 ),
 .UNSPECIFIED. ) 
 CURVE ( )  GEOMETRIC_REPRESENTATION_ITEM ( )  RATIONAL_B_SPLINE_CURVE ( ( 1.000000000000000000, 0.8047378541243649375, 0.8047378541243649375, 1.000000000000000000 ) ) 
 REPRESENTATION_ITEM ( '' )  );
#882 = ORIENTED_EDGE ( 'NONE', *, *, #141, .T. ) ;
#883 = CARTESIAN_POINT ( 'NONE',  ( 0.9310640732265444974, 4.500000000000000888, 2.890331807780322837 ) ) ;
#884 = AXIS2_PLACEMENT_3D ( 'NONE', #2535, #426, #226 ) ;
#885 = EDGE_CURVE ( 'NONE', #458, #1130, #29, .T. ) ;
#886 = CARTESIAN_POINT ( 'NONE',  ( 0.000000000000000000, 5.000000000000000000, -2.564609482678953611 ) ) ;
#887 = ORIENTED_EDGE ( 'NONE', *, *, #913, .T. ) ;
#888 = DIRECTION ( 'NONE',  ( -1.000000000000000000, 0.000000000000000000, 0.000000000000000000 ) ) ;
#889 = VECTOR ( 'NONE', #2551, 1000.000000000000000 ) ;
#890 = CIRCLE ( 'NONE', #72, 3.000000000000000444 ) ;
#891 = UNCERTAINTY_MEASURE_WITH_UNIT (LENGTH_MEASURE( 1.000000000000000082E-05 ), #371, 'distance_accuracy_value', 'NONE');
#892 = CARTESIAN_POINT ( 'NONE',  ( -8.512703065615083275, -1.176070461636523179, -7.292041145820457260 ) ) ;
#893 = ORIENTED_EDGE ( 'NONE', *, *, #1341, .T. ) ;
#894 = CIRCLE ( 'NONE', #78, 1.000000000000000000 ) ;
#895 = CARTESIAN_POINT ( 'NONE',  ( -6.882383940282687185, 7.500000000000000000, -2.966602131212032312 ) ) ;
#896 = CARTESIAN_POINT ( 'NONE',  ( 0.000000000000000000, 4.000000000000000000, -2.564609482678953611 ) ) ;
#897 = CARTESIAN_POINT ( 'NONE',  ( -2.480535974663514498, 2.499999999999999556, 0.9585878286884667032 ) ) ;
#898 = DIRECTION ( 'NONE',  ( 1.873929680839142821E-16, 0.000000000000000000, -1.000000000000000000 ) ) ;
#899 = ORIENTED_EDGE ( 'NONE', *, *, #2413, .F. ) ;
#900 = CARTESIAN_POINT ( 'NONE',  ( 1.740077520603440009, 2.500000000000000000, -0.3919088961065555488 ) ) ;
#901 = EDGE_CURVE ( 'NONE', #2317, #1910, #1178, .T. ) ;
#902 = DIRECTION ( 'NONE',  ( -0.8690802346290178448, 8.673617379884035472E-16, 0.4946711491255290083 ) ) ;
#903 = VERTEX_POINT ( 'NONE', #1642 ) ;
#904 = DIRECTION ( 'NONE',  ( 0.000000000000000000, 0.1736481776669307198, -0.9848077530122080203 ) ) ;
#905 = DIRECTION ( 'NONE',  ( 1.000000000000000000, 0.000000000000000000, 0.000000000000000000 ) ) ;
#906 = EDGE_LOOP ( 'NONE', ( #1048, #2106, #2262, #801 ) ) ;
#907 = DIRECTION ( 'NONE',  ( 1.606225440719265381E-16, 0.000000000000000000, -1.000000000000000000 ) ) ;
#908 = CARTESIAN_POINT ( 'NONE',  ( -7.561899845191149439, 6.758736497387904052, 8.687951177505709666 ) ) ;
#909 = CARTESIAN_POINT ( 'NONE',  ( -9.043935926773459144, 0.000000000000000000, -7.084668192219678140 ) ) ;
#910 = CARTESIAN_POINT ( 'NONE',  ( 6.200940847720587179, 6.729338849314823179, -5.804731674733094593 ) ) ;
#911 = ORIENTED_EDGE ( 'NONE', *, *, #1159, .T. ) ;
#912 = CARTESIAN_POINT ( 'NONE',  ( 0.9310640732265448305, 0.000000000000000000, 1.495498801356181381E-16 ) ) ;
#913 = EDGE_CURVE ( 'NONE', #1905, #837, #585, .T. ) ;
#914 = ORIENTED_EDGE ( 'NONE', *, *, #479, .T. ) ;
#915 = CARTESIAN_POINT ( 'NONE',  ( 0.2560640732265440644, 0.000000000000000000, 2.215331807780322571 ) ) ;
#916 = CARTESIAN_POINT ( 'NONE',  ( 5.948202465882123313, 7.500000000000000888, 9.306370152910483640 ) ) ;
#917 = CARTESIAN_POINT ( 'NONE',  ( -9.251308880374239152, -1.176070461636523179, -6.553435331061301383 ) ) ;
#918 = VERTEX_POINT ( 'NONE', #2492 ) ;
#919 = AXIS2_PLACEMENT_3D ( 'NONE', #640, #2364, #438 ) ;
#920 = CARTESIAN_POINT ( 'NONE',  ( 0.000000000000000000, 7.500000000000000000, 0.000000000000000000 ) ) ;
#921 = DIRECTION ( 'NONE',  ( 0.3236155771181853380, -0.8891264907159882602, 0.3236155771181842278 ) ) ;
#922 = AXIS2_PLACEMENT_3D ( 'NONE', #2082, #1867, #792 ) ;
#923 = CARTESIAN_POINT ( 'NONE',  ( -2.578853916783174771, 2.532009274470313542, 1.200707589194367708 ) ) ;
#924 = CARTESIAN_POINT ( 'NONE',  ( -8.760088564354116869, -7.834749117148823105E-15, 11.36876729257458507 ) ) ;
#925 = EDGE_LOOP ( 'NONE', ( #2450, #1034, #2458, #1603 ) ) ;
#926 = FACE_OUTER_BOUND ( 'NONE', #2736, .T. ) ;
#927 = CARTESIAN_POINT ( 'NONE',  ( -2.710538681053992871, 2.585170988835316930, 2.731493704528089594 ) ) ;
#928 = CARTESIAN_POINT ( 'NONE',  ( -5.284554492616141630, 7.499999999997566391, -5.736305122489357089 ) ) ;
#929 = VERTEX_POINT ( 'NONE', #562 ) ;
#930 = CARTESIAN_POINT ( 'NONE',  ( 0.000000000000000000, 5.000000000000000000, -2.564609482678953611 ) ) ;
#931 = CARTESIAN_POINT ( 'NONE',  ( -0.7583294281432614303, 2.532038140142581550, 5.050343208989955812 ) ) ;
#932 = VECTOR ( 'NONE', #1093, 1000.000000000000000 ) ;
#933 = CARTESIAN_POINT ( 'NONE',  ( 3.222300245386489959, 2.584997117493490482, 2.733238694810293357 ) ) ;
#934 = CIRCLE ( 'NONE', #1657, 3.000000000000000444 ) ;
#935 = ORIENTED_EDGE ( 'NONE', *, *, #1094, .F. ) ;
#936 = ADVANCED_FACE ( 'NONE', ( #1191 ), #780, .T. ) ;
#937 = CARTESIAN_POINT ( 'NONE',  ( 0.9310640732265448305, 4.500000000000000888, 0.1903318077803230479 ) ) ;
#938 = CARTESIAN_POINT ( 'NONE',  ( 2.281064073226544142, 0.000000000000000000, 1.540331807780323858 ) ) ;
#939 = EDGE_CURVE ( 'NONE', #1346, #2361, #1631, .T. ) ;
#940 = CARTESIAN_POINT ( 'NONE',  ( -2.351176630660334776, 2.500000000000000000, 0.7313183604034279028 ) ) ;
#941 = ORIENTED_EDGE ( 'NONE', *, *, #2647, .F. ) ;
#942 = CARTESIAN_POINT ( 'NONE',  ( -1.379209734354137629, 4.999999999999995559, -2.564609482678931851 ) ) ;
#943 = CARTESIAN_POINT ( 'NONE',  ( -2.569549790632184472, 2.530606044217750039, 3.231518366790491203 ) ) ;
#944 = CARTESIAN_POINT ( 'NONE',  ( -6.832984437107016973, 7.500000000000000000, -3.483079896901433603 ) ) ;
#945 = ORIENTED_EDGE ( 'NONE', *, *, #252, .T. ) ;
#946 = LINE ( 'NONE', #930, #607 ) ;
#947 = CARTESIAN_POINT ( 'NONE',  ( -4.925869865765811539, 7.500000000000000000, 9.353779821289554874 ) ) ;
#948 = CARTESIAN_POINT ( 'NONE',  ( 0.9310640732265444974, 4.500000000000000888, 1.540331807780323636 ) ) ;
#949 = ORIENTED_EDGE ( 'NONE', *, *, #1312, .F. ) ;
#950 = CARTESIAN_POINT ( 'NONE',  ( 9.144303668867848955, 2.335209295277916652, -5.865494360499405424 ) ) ;
#951 = ADVANCED_FACE ( 'NONE', ( #985 ), #2676, .T. ) ;
#952 = CARTESIAN_POINT ( 'NONE',  ( -7.867191693294896204, 6.673648177666935410, 7.397265746772745842 ) ) ;
#953 = CARTESIAN_POINT ( 'NONE',  ( 5.437998012218901778, 7.500000000000000000, -4.923116205728909733 ) ) ;
#954 = VECTOR ( 'NONE', #2619, 1000.000000000000000 ) ;
#955 = ORIENTED_EDGE ( 'NONE', *, *, #2255, .F. ) ;
#956 = CARTESIAN_POINT ( 'NONE',  ( -1.082247422834369477, 4.814518254868150215, -0.4735122552789428063 ) ) ;
#957 = VECTOR ( 'NONE', #2444, 1000.000000000000000 ) ;
#958 = DIRECTION ( 'NONE',  ( 0.8690802346289595581, 0.000000000000000000, 0.4946711491256313709 ) ) ;
#959 = CARTESIAN_POINT ( 'NONE',  ( -6.882383937687540865, 7.500000000000005329, -3.225863422167654537 ) ) ;
#960 = EDGE_LOOP ( 'NONE', ( #2434, #1453, #914, #955 ) ) ;
#961 = DIRECTION ( 'NONE',  ( 0.000000000000000000, -1.000000000000000000, 0.000000000000000000 ) ) ;
#962 = VECTOR ( 'NONE', #1632, 1000.000000000000000 ) ;
#963 = CARTESIAN_POINT ( 'NONE',  ( 5.239829230553228356, 7.723217276023574662, -5.722856608582984173 ) ) ;
#964 = CARTESIAN_POINT ( 'NONE',  ( 3.123099306782629370, 2.545004952281817889, 3.107971215779876673 ) ) ;
#965 = VECTOR ( 'NONE', #1353, 1000.000000000000000 ) ;
#966 = ORIENTED_EDGE ( 'NONE', *, *, #767, .T. ) ;
#967 = VECTOR ( 'NONE', #481, 1000.000000000000000 ) ;
#968 = DIRECTION ( 'NONE',  ( -1.000000000000000000, 0.000000000000000000, -1.606225440719265874E-16 ) ) ;
#969 = DIRECTION ( 'NONE',  ( 1.000000000000000000, 0.000000000000000000, 2.208559980988990669E-16 ) ) ;
#970 = EDGE_CURVE ( 'NONE', #765, #1346, #354, .T. ) ;
#971 = CARTESIAN_POINT ( 'NONE',  ( 7.770034541224736913, 6.775810048747963776, -4.745175841908221948 ) ) ;
#972 = CIRCLE ( 'NONE', #597, 2.500000000000000000 ) ;
#973 = CARTESIAN_POINT ( 'NONE',  ( 1.148031604688940499, 2.545082796953272997, 5.082592290219385411 ) ) ;
#974 = CARTESIAN_POINT ( 'NONE',  ( -2.385606741101974571, 4.900508680968882480, 0.7918080718468287760 ) ) ;
#975 = CARTESIAN_POINT ( 'NONE',  ( -7.086545801218131047, 7.499999999999866773, -4.626285021103313078 ) ) ;
#976 = ORIENTED_EDGE ( 'NONE', *, *, #447, .F. ) ;
#977 = CARTESIAN_POINT ( 'NONE',  ( 0.2560640732265440644, -4.499999999999992006, -4.877777780580769829 ) ) ;
#978 = CARTESIAN_POINT ( 'NONE',  ( 8.107773391548850128, 8.213664612520442887, -5.636377510541981550 ) ) ;
#979 = ADVANCED_FACE ( 'NONE', ( #2266 ), #1829, .T. ) ;
#980 = AXIS2_PLACEMENT_3D ( 'NONE', #1450, #2302, #829 ) ;
#981 = CARTESIAN_POINT ( 'NONE',  ( 5.036005363685820413, 5.000000000000000888, 1.269034996875161747 ) ) ;
#982 = ORIENTED_EDGE ( 'NONE', *, *, #53, .F. ) ;
#983 = LINE ( 'NONE', #2675, #2387 ) ;
#984 = VECTOR ( 'NONE', #286, 1000.000000000000000 ) ;
#985 = FACE_OUTER_BOUND ( 'NONE', #9, .T. ) ;
#986 = LINE ( 'NONE', #1645, #2597 ) ;
#987 = CARTESIAN_POINT ( 'NONE',  ( -0.6365753347729029565, 2.545004952281920918, 5.082367041336436131 ) ) ;
#988 = LINE ( 'NONE', #1014, #727 ) ;
#989 = CARTESIAN_POINT ( 'NONE',  ( -4.925869865765821309, 6.673648177666900771, -5.907923958741122306 ) ) ;
#990 = ORIENTED_EDGE ( 'NONE', *, *, #460, .T. ) ;
#991 = CARTESIAN_POINT ( 'NONE',  ( 5.948202463646070193, 7.500000000000000888, 9.306370149241892875 ) ) ;
#992 = EDGE_CURVE ( 'NONE', #2734, #918, #2453, .T. ) ;
#993 = AXIS2_PLACEMENT_3D ( 'NONE', #1545, #242, #2400 ) ;
#994 = B_SPLINE_CURVE_WITH_KNOTS ( 'NONE', 3,
 ( #2532, #2301, #916, #1256, #2121, #50, #2741, #1243, #178, #2557, #828, #192, #423, #2095 ),
 .UNSPECIFIED., .F., .F.,
 ( 4, 2, 2, 2, 2, 2, 4 ),
 ( 0.000000000000000000, 0.0007638608662527243860, 0.001145791299379086579, 0.001527721732505448772, 0.001909652165631810965, 0.002291582598758173158, 0.003055443465010902315 ),
 .UNSPECIFIED. ) ;
#995 = CARTESIAN_POINT ( 'NONE',  ( 3.038853947348552964, 4.676419254589137431, 3.348019660174935019 ) ) ;
#996 = ORIENTED_EDGE ( 'NONE', *, *, #1363, .T. ) ;
#997 =( BOUNDED_SURFACE ( )  B_SPLINE_SURFACE ( 3, 2, ( 
 ( #269, #698, #44 ),
 ( #1548, #2032, #2635 ),
 ( #2591, #956, #1581 ),
 ( #59, #1379, #742 ),
 ( #1788, #2210, #942 ),
 ( #726, #2005, #2019 ),
 ( #2240, #2403, #2622 ),
 ( #1608, #484, #2226 ),
 ( #522, #496, #1594 ),
 ( #472, #712, #1347 ),
 ( #2196, #75, #303 ),
 ( #2416, #2443, #1396 ),
 ( #316, #2430, #1362 ),
 ( #900, #1138, #1168 ) ),
 .UNSPECIFIED., .F., .F., .T. ) 
 B_SPLINE_SURFACE_WITH_KNOTS ( ( 4, 2, 2, 2, 2, 2, 4 ),
 ( 3, 3 ),
 ( 0.004765505998812663395, 0.005479368188092414993, 0.006193230377372165724, 0.007620954755931668920, 0.009048679134491172116, 0.009762541323770922846, 0.01047640351305067531 ),
 ( 0.000000000000000000, 1.000000000000000000 ),
 .UNSPECIFIED. ) 
 GEOMETRIC_REPRESENTATION_ITEM ( )  RATIONAL_B_SPLINE_SURFACE ( (
 ( 1.000000000000000000, 0.7071067811865474617, 1.000000000000000000),
 ( 1.000000000000000000, 0.7215243240584946482, 1.000000000000000000),
 ( 1.000000000000000000, 0.7348435288419470357, 1.000000000000000000),
 ( 1.000000000000000000, 0.7584603469294974865, 1.000000000000000000),
 ( 1.000000000000000000, 0.7688024658871686068, 1.000000000000000000),
 ( 1.000000000000000000, 0.7937504299610960157, 1.000000000000000000),
 ( 1.000000000000000000, 0.8025284567601180807, 1.000000000000000000),
 ( 1.000000000000000000, 0.8024782797790785960, 1.000000000000000000),
 ( 1.000000000000000000, 0.7936570011963643978, 1.000000000000000000),
 ( 1.000000000000000000, 0.7687465872949461598, 1.000000000000000000),
 ( 1.000000000000000000, 0.7583943069025578243, 1.000000000000000000),
 ( 1.000000000000000000, 0.7347509632275890379, 1.000000000000000000),
 ( 1.000000000000000000, 0.7214498624598654208, 1.000000000000000000),
 ( 1.000000000000000000, 0.7071067811865475727, 1.000000000000000000) ) ) 
 REPRESENTATION_ITEM ( '' )  SURFACE ( )  );
#998 = DIRECTION ( 'NONE',  ( 1.000000000000000000, 0.000000000000000000, 0.000000000000000000 ) ) ;
#999 = CARTESIAN_POINT ( 'NONE',  ( 0.08106407322654413106, 5.000000000000000000, 3.740331807780323370 ) ) ;
#1000 = LINE ( 'NONE', #1395, #962 ) ;
#1001 = CARTESIAN_POINT ( 'NONE',  ( -0.3641891817246546426, 4.500100969401072071, 5.164401027614339945 ) ) ;
#1002 = DIRECTION ( 'NONE',  ( 0.000000000000000000, 0.000000000000000000, -1.000000000000000000 ) ) ;
#1003 = ORIENTED_EDGE ( 'NONE', *, *, #1974, .F. ) ;
#1004 = CARTESIAN_POINT ( 'NONE',  ( 7.090627980556125642, 7.499999999999668709, 9.563412005630974377 ) ) ;
#1005 = EDGE_CURVE ( 'NONE', #2446, #1986, #112, .T. ) ;
#1006 = CARTESIAN_POINT ( 'NONE',  ( 8.913592830274538414, 5.353248226647174199E-16, -7.084668192219679916 ) ) ;
#1007 = ORIENTED_EDGE ( 'NONE', *, *, #1554, .F. ) ;
#1008 = CARTESIAN_POINT ( 'NONE',  ( 0.2560640732265441755, 2.605941635044261240, 5.215331807780323459 ) ) ;
#1009 = VERTEX_POINT ( 'NONE', #588 ) ;
#1010 = CARTESIAN_POINT ( 'NONE',  ( -0.4189359267734559800, 4.500000000000000888, 4.240331807780323814 ) ) ;
#1011 =( BOUNDED_CURVE ( )  B_SPLINE_CURVE ( 3, ( #2608, #1900, #2683, #2295 ),
 .UNSPECIFIED., .F., .T. ) 
 B_SPLINE_CURVE_WITH_KNOTS ( ( 4, 4 ),
 ( 2.414817599270096427, 3.868367707909493358 ),
 .UNSPECIFIED. ) 
 CURVE ( )  GEOMETRIC_REPRESENTATION_ITEM ( )  RATIONAL_B_SPLINE_CURVE ( ( 1.000000000000000000, 0.8315474279732688601, 0.8315474279732688601, 1.000000000000000000 ) ) 
 REPRESENTATION_ITEM ( '' )  );
#1012 = LINE ( 'NONE', #1067, #1662 ) ;
#1013 = CARTESIAN_POINT ( 'NONE',  ( 2.119072764642804252, 5.000000000000000000, 6.995273098239598752 ) ) ;
#1014 = CARTESIAN_POINT ( 'NONE',  ( 4.894931509442158379, 4.729617372335566117, -3.363228249221197785 ) ) ;
#1015 = VECTOR ( 'NONE', #898, 1000.000000000000000 ) ;
#1016 = ORIENTED_EDGE ( 'NONE', *, *, #2128, .T. ) ;
#1017 = CARTESIAN_POINT ( 'NONE',  ( -0.4189359267734552583, 0.000000000000000000, 0.1903318077803227426 ) ) ;
#1018 = VECTOR ( 'NONE', #1449, 1000.000000000000000 ) ;
#1019 = CARTESIAN_POINT ( 'NONE',  ( 9.477525000930452137, -6.722262082387513679E-15, -6.732984441767076333 ) ) ;
#1020 = FACE_OUTER_BOUND ( 'NONE', #1859, .T. ) ;
#1021 = DIRECTION ( 'NONE',  ( -0.9396926207859080948, 0.3420201433256694346, -1.116511540739373877E-16 ) ) ;
#1022 = EDGE_LOOP ( 'NONE', ( #715, #503, #941, #403 ) ) ;
#1023 = CARTESIAN_POINT ( 'NONE',  ( 7.556064073226547606, 0.000000000000000000, -4.144975571433766603 ) ) ;
#1024 = ADVANCED_FACE ( 'NONE', ( #383 ), #1149, .F. ) ;
#1025 = VECTOR ( 'NONE', #1267, 1000.000000000000000 ) ;
#1026 = CARTESIAN_POINT ( 'NONE',  ( 5.437998012218901778, 6.673648177666901660, 10.33858757430176389 ) ) ;
#1027 = CIRCLE ( 'NONE', #2749, 2.500000000000000000 ) ;
#1028 = CARTESIAN_POINT ( 'NONE',  ( 1.266035112092235515, 4.621297777315671595, 5.046263750630744838 ) ) ;
#1029 = CARTESIAN_POINT ( 'NONE',  ( -6.104243305987552048, 0.000000000000000000, 9.515331807780324169 ) ) ;
#1030 = ORIENTED_EDGE ( 'NONE', *, *, #1962, .T. ) ;
#1031 = CARTESIAN_POINT ( 'NONE',  ( 6.641939208226791180, 7.500000000000000888, 9.854142242213056235 ) ) ;
#1032 = B_SPLINE_CURVE_WITH_KNOTS ( 'NONE', 3,
 ( #1236, #348, #2102, #2498 ),
 .UNSPECIFIED., .F., .F.,
 ( 4, 4 ),
 ( -0.007381235388676050425, -0.0001266685739583469153 ),
 .UNSPECIFIED. ) ;
#1033 = CARTESIAN_POINT ( 'NONE',  ( 7.556064073226545830, 4.336808689942017243E-16, 9.138647492420536977 ) ) ;
#1034 = ORIENTED_EDGE ( 'NONE', *, *, #297, .F. ) ;
#1035 = AXIS2_PLACEMENT_3D ( 'NONE', #282, #2602, #1755 ) ;
#1036 = CARTESIAN_POINT ( 'NONE',  ( 7.654475301559082290, -0.2703826276644329951, -4.243386799766306616 ) ) ;
#1037 = EDGE_LOOP ( 'NONE', ( #1964, #2761, #1920, #1923 ) ) ;
#1038 = DIRECTION ( 'NONE',  ( 3.548298019043468340E-15, 0.000000000000000000, -1.000000000000000000 ) ) ;
#1039 = LINE ( 'NONE', #2729, #2236 ) ;
#1040 = EDGE_CURVE ( 'NONE', #1418, #1185, #1596, .T. ) ;
#1041 = DIRECTION ( 'NONE',  ( -1.873929680839142821E-16, 0.000000000000000000, 1.000000000000000000 ) ) ;
#1042 = CARTESIAN_POINT ( 'NONE',  ( -9.251308880374237376, -1.176070461636523179, 10.98409894662194475 ) ) ;
#1043 = EDGE_LOOP ( 'NONE', ( #2471, #1309 ) ) ;
#1044 = CARTESIAN_POINT ( 'NONE',  ( 7.598673947671321649, 7.499999999999809930, 9.056948636664072794 ) ) ;
#1045 = CARTESIAN_POINT ( 'NONE',  ( 6.616371452440637846, 0.000000000000000000, 9.515331807780324169 ) ) ;
#1046 = ORIENTED_EDGE ( 'NONE', *, *, #238, .T. ) ;
#1047 = DIRECTION ( 'NONE',  ( -0.8690802346290176228, 6.350070649045953180E-14, 0.4946711491255295634 ) ) ;
#1048 = ORIENTED_EDGE ( 'NONE', *, *, #565, .F. ) ;
#1049 = FACE_OUTER_BOUND ( 'NONE', #2351, .T. ) ;
#1050 = CARTESIAN_POINT ( 'NONE',  ( 2.992664121116602072, 2.500000000000000444, 3.472075786872179659 ) ) ;
#1051 = CARTESIAN_POINT ( 'NONE',  ( 0.2560640732265445640, 7.149453399657692110, 6.022645222851664037 ) ) ;
#1052 = EDGE_CURVE ( 'NONE', #1986, #272, #994, .T. ) ;
#1053 = CARTESIAN_POINT ( 'NONE',  ( -8.162301023231131936, 5.000000000000003553, 10.63369690423799696 ) ) ;
#1054 = AXIS2_PLACEMENT_3D ( 'NONE', #817, #399, #831 ) ;
#1055 = VERTEX_POINT ( 'NONE', #1917 ) ;
#1056 = FACE_OUTER_BOUND ( 'NONE', #208, .T. ) ;
#1057 = ADVANCED_FACE ( 'NONE', ( #1049 ), #261, .F. ) ;
#1058 = DIRECTION ( 'NONE',  ( 0.9848077530122080203, 0.1736481776669307198, -1.836956052122845498E-16 ) ) ;
#1059 = VERTEX_POINT ( 'NONE', #167 ) ;
#1060 = CARTESIAN_POINT ( 'NONE',  ( 9.834693841862337749, -1.580187941268460738, 11.79396157641611964 ) ) ;
#1061 = CIRCLE ( 'NONE', #824, 1.000000000000000000 ) ;
#1062 = ADVANCED_FACE ( 'NONE', ( #2505 ), #1515, .T. ) ;
#1063 = CARTESIAN_POINT ( 'NONE',  ( -0.4189359267734552028, 4.792893218813452982, 0.1903318077803228259 ) ) ;
#1064 = CARTESIAN_POINT ( 'NONE',  ( 8.379319839747982002, 6.673648177666930970, 7.238456193430204522 ) ) ;
#1065 = ORIENTED_EDGE ( 'NONE', *, *, #2559, .T. ) ;
#1066 = DIRECTION ( 'NONE',  ( 0.000000000000000000, 0.000000000000000000, 1.000000000000000000 ) ) ;
#1067 = CARTESIAN_POINT ( 'NONE',  ( 0.9310640732265448305, 4.500000000000000888, 1.495498801356181381E-16 ) ) ;
#1068 =( BOUNDED_SURFACE ( )  B_SPLINE_SURFACE ( 3, 2, ( 
 ( #2133, #1915, #2754 ),
 ( #1153, #1298, #2006 ),
 ( #839, #1365, #1077 ),
 ( #943, #2554, #2147 ),
 ( #1789, #234, #1709 ),
 ( #927, #2767, #2636 ),
 ( #1089, #624, #1496 ),
 ( #1527, #1283, #206 ),
 ( #639, #1940, #11 ),
 ( #871, #2363, #1738 ),
 ( #1989, #2623, #713 ),
 ( #2417, #1411, #523 ),
 ( #1221, #974, #757 ),
 ( #1183, #2020, #2060 ) ),
 .UNSPECIFIED., .F., .F., .F. ) 
 B_SPLINE_SURFACE_WITH_KNOTS ( ( 4, 2, 2, 2, 2, 2, 4 ),
 ( 3, 3 ),
 ( 0.004765505998812665130, 0.005479368188092414993, 0.006193230377372163989, 0.007620954755931663716, 0.009048679134491163442, 0.009762541323770912438, 0.01047640351305066317 ),
 ( 0.000000000000000000, 1.000000000000000000 ),
 .UNSPECIFIED. ) 
 GEOMETRIC_REPRESENTATION_ITEM ( )  RATIONAL_B_SPLINE_SURFACE ( (
 ( 1.000000000000000000, 0.7071067811865473507, 1.000000000000000000),
 ( 1.000000000000000000, 0.7215243240584847673, 1.000000000000000000),
 ( 1.000000000000000000, 0.7348435288419596922, 1.000000000000000000),
 ( 1.000000000000000000, 0.7584603469294837197, 1.000000000000000000),
 ( 1.000000000000000000, 0.7688024658871687178, 1.000000000000000000),
 ( 1.000000000000000000, 0.7937504299610960157, 1.000000000000000000),
 ( 1.000000000000000000, 0.8025284567600911023, 1.000000000000000000),
 ( 1.000000000000000000, 0.8024782797791049083, 1.000000000000000000),
 ( 1.000000000000000000, 0.7936570011963908211, 1.000000000000000000),
 ( 1.000000000000000000, 0.7687465872949330592, 1.000000000000000000),
 ( 1.000000000000000000, 0.7583943069025312900, 1.000000000000000000),
 ( 1.000000000000000000, 0.7347509632276152391, 1.000000000000000000),
 ( 1.000000000000000000, 0.7214498624598455478, 1.000000000000000000),
 ( 1.000000000000000000, 0.7071067811865476838, 1.000000000000000000) ) ) 
 REPRESENTATION_ITEM ( '' )  SURFACE ( )  );
#1069 = CARTESIAN_POINT ( 'NONE',  ( -7.358562756916135150, 7.149453399657691222, -1.591981607291015344 ) ) ;
#1070 = CIRCLE ( 'NONE', #752, 3.000000000000000444 ) ;
#1071 = CARTESIAN_POINT ( 'NONE',  ( -7.469806918731554113, 8.927329225040891103, 9.941202799738420026 ) ) ;
#1072 = ORIENTED_EDGE ( 'NONE', *, *, #68, .T. ) ;
#1073 = CARTESIAN_POINT ( 'NONE',  ( 5.437998012218900001, 6.673648177666930970, -5.907923958741116977 ) ) ;
#1074 = EDGE_CURVE ( 'NONE', #929, #1753, #2745, .T. ) ;
#1075 = ORIENTED_EDGE ( 'NONE', *, *, #2394, .T. ) ;
#1076 = CARTESIAN_POINT ( 'NONE',  ( 9.648940662771808618, -0.5267293137561531724, 11.60820839732558696 ) ) ;
#1077 = CARTESIAN_POINT ( 'NONE',  ( -4.523877217232734615, 5.000000000000000000, 4.517278100707295962 ) ) ;
#1078 = CARTESIAN_POINT ( 'NONE',  ( 0.9310640732265444974, 0.000000000000000000, 1.540331807780323636 ) ) ;
#1079 = ORIENTED_EDGE ( 'NONE', *, *, #361, .F. ) ;
#1080 = CARTESIAN_POINT ( 'NONE',  ( 0.2560640732265434538, 7.376235673783146929, -3.158758810132624273 ) ) ;
#1081 = PLANE ( 'NONE',  #2484 ) ;
#1082 = CARTESIAN_POINT ( 'NONE',  ( -7.807962669500969177, 7.009552663503134440, 7.324935291471211585 ) ) ;
#1083 = ORIENTED_EDGE ( 'NONE', *, *, #238, .F. ) ;
#1084 = LINE ( 'NONE', #2538, #2528 ) ;
#1085 = DIRECTION ( 'NONE',  ( 4.818676322157798361E-16, -0.000000000000000000, -1.000000000000000000 ) ) ;
#1086 = ORIENTED_EDGE ( 'NONE', *, *, #345, .T. ) ;
#1087 = FACE_OUTER_BOUND ( 'NONE', #1839, .T. ) ;
#1088 = EDGE_CURVE ( 'NONE', #1269, #74, #875, .T. ) ;
#1089 = CARTESIAN_POINT ( 'NONE',  ( -2.744032827058440205, 2.605995066363509416, 2.475640723903036911 ) ) ;
#1090 = CARTESIAN_POINT ( 'NONE',  ( -9.065555701283711798, -0.1226118341242141557, -6.367682151970772253 ) ) ;
#1091 = ORIENTED_EDGE ( 'NONE', *, *, #584, .F. ) ;
#1092 = CARTESIAN_POINT ( 'NONE',  ( -6.226499139615919276, 7.499999999999997335, 8.876916049912694007 ) ) ;
#1093 = DIRECTION ( 'NONE',  ( 1.873929680839142821E-16, 0.000000000000000000, -1.000000000000000000 ) ) ;
#1094 = EDGE_CURVE ( 'NONE', #2008, #1229, #881, .T. ) ;
#1095 = CARTESIAN_POINT ( 'NONE',  ( 2.281064073226544142, 5.000000000000000000, 2.040331807780323636 ) ) ;
#1096 = AXIS2_PLACEMENT_3D ( 'NONE', #1795, #1403, #337 ) ;
#1097 = CARTESIAN_POINT ( 'NONE',  ( 0.000000000000000000, 4.500000000000000888, 2.390331807780322837 ) ) ;
#1098 = ORIENTED_EDGE ( 'NONE', *, *, #15, .T. ) ;
#1099 = LINE ( 'NONE', #635, #2004 ) ;
#1100 = VECTOR ( 'NONE', #1634, 1000.000000000000000 ) ;
#1101 = LINE ( 'NONE', #1735, #754 ) ;
#1102 = ORIENTED_EDGE ( 'NONE', *, *, #1292, .F. ) ;
#1103 = CARTESIAN_POINT ( 'NONE',  ( 8.233611717913051464, 7.500000000000000000, 10.19287945246683158 ) ) ;
#1104 = CARTESIAN_POINT ( 'NONE',  ( -1.768935926773456346, 4.500000000000000888, 2.890331807780322837 ) ) ;
#1105 = CARTESIAN_POINT ( 'NONE',  ( -4.727701084100139894, 7.723217276023578215, -5.722856608582983284 ) ) ;
#1106 = ORIENTED_EDGE ( 'NONE', *, *, #349, .T. ) ;
#1107 = CARTESIAN_POINT ( 'NONE',  ( 0.2560640732265397346, 7.030000000000002025, 2.215331807780324791 ) ) ;
#1108 = EDGE_CURVE ( 'NONE', #929, #1807, #592, .T. ) ;
#1109 = CARTESIAN_POINT ( 'NONE',  ( -6.834974268234681460, 7.499999999999995559, 7.907470198199664679 ) ) ;
#1110 = CARTESIAN_POINT ( 'NONE',  ( -2.480621318271658104, 2.500000000000000000, 3.471925847982229030 ) ) ;
#1111 = CARTESIAN_POINT ( 'NONE',  ( -7.867191693294894428, 6.673648177666930970, 7.397265746772677453 ) ) ;
#1112 = ORIENTED_EDGE ( 'NONE', *, *, #2366, .T. ) ;
#1113 = AXIS2_PLACEMENT_3D ( 'NONE', #1748, #429, #199 ) ;
#1114 = FACE_OUTER_BOUND ( 'NONE', #2756, .T. ) ;
#1115 = EDGE_LOOP ( 'NONE', ( #183, #990, #1706, #1514 ) ) ;
#1116 = LINE ( 'NONE', #1510, #1880 ) ;
#1117 = CARTESIAN_POINT ( 'NONE',  ( -8.248780121272135446, 4.509552663503134440, -3.335089127681728716 ) ) ;
#1118 = ORIENTED_EDGE ( 'NONE', *, *, #1536, .F. ) ;
#1119 = CARTESIAN_POINT ( 'NONE',  ( -0.4189359267734559800, 0.000000000000000000, 4.240331807780323814 ) ) ;
#1120 = DIRECTION ( 'NONE',  ( 0.000000000000000000, 0.000000000000000000, -1.000000000000000000 ) ) ;
#1121 = EDGE_CURVE ( 'NONE', #1680, #2764, #1174, .T. ) ;
#1122 = DIRECTION ( 'NONE',  ( -0.000000000000000000, 0.000000000000000000, 1.000000000000000000 ) ) ;
#1123 = ORIENTED_EDGE ( 'NONE', *, *, #2418, .T. ) ;
#1124 = CARTESIAN_POINT ( 'NONE',  ( -7.043935926773459144, 0.000000000000000000, 9.515331807780324169 ) ) ;
#1125 = CARTESIAN_POINT ( 'NONE',  ( -6.972140112318271576, 7.499999999999998224, -4.763129772132614015 ) ) ;
#1126 = EDGE_LOOP ( 'NONE', ( #1434, #215, #490, #1977, #1372, #1123, #2571, #2402 ) ) ;
#1127 = LINE ( 'NONE', #292, #431 ) ;
#1128 = CARTESIAN_POINT ( 'NONE',  ( -4.523877217232733727, 4.000000000000000000, -2.564609482678953611 ) ) ;
#1129 = CARTESIAN_POINT ( 'NONE',  ( 1.781064073226543920, 5.000000000000000000, 2.390331807780322837 ) ) ;
#1130 = VERTEX_POINT ( 'NONE', #814 ) ;
#1131 = APPLICATION_PROTOCOL_DEFINITION ( 'draft international standard', 'automotive_design', 1998, #1965 ) ;
#1132 = CARTESIAN_POINT ( 'NONE',  ( -6.486359496944037240, 7.499999999999979572, -4.168313665107592492 ) ) ;
#1133 = VECTOR ( 'NONE', #1501, 1000.000000000000000 ) ;
#1134 = CARTESIAN_POINT ( 'NONE',  ( -7.092016124624517026, 7.499999999999943157, 9.049895715110286787 ) ) ;
#1135 = CARTESIAN_POINT ( 'NONE',  ( -2.744000833631816683, 2.605977425323417140, 2.476267007784179075 ) ) ;
#1136 = CARTESIAN_POINT ( 'NONE',  ( 8.379319839747992660, 6.673648177666898107, -2.966602131212042082 ) ) ;
#1137 = ORIENTED_EDGE ( 'NONE', *, *, #1312, .T. ) ;
#1138 = CARTESIAN_POINT ( 'NONE',  ( 1.740077520603440009, 4.999999999999999112, -0.3919088961065550492 ) ) ;
#1139 = CARTESIAN_POINT ( 'NONE',  ( -6.856077138870277921, 6.778398839171654089, -5.174512187302712007 ) ) ;
#1140 = ORIENTED_EDGE ( 'NONE', *, *, #1693, .T. ) ;
#1141 = FACE_OUTER_BOUND ( 'NONE', #2225, .T. ) ;
#1142 = EDGE_CURVE ( 'NONE', #368, #1641, #1861, .T. ) ;
#1143 = CARTESIAN_POINT ( 'NONE',  ( -4.523877217232734615, 4.000000000000000000, 6.995273098239597864 ) ) ;
#1144 = CARTESIAN_POINT ( 'NONE',  ( -1.227949374150352213, 2.500000000000000000, -0.3919088961065551047 ) ) ;
#1145 = ORIENTED_EDGE ( 'NONE', *, *, #2706, .T. ) ;
#1146 = ADVANCED_FACE ( 'NONE', ( #1270 ), #1462, .T. ) ;
#1147 = CARTESIAN_POINT ( 'NONE',  ( 8.379319839747980225, 6.673648177666930081, 7.397265746772673012 ) ) ;
#1148 = LINE ( 'NONE', #71, #467 ) ;
#1149 = TOROIDAL_SURFACE ( 'NONE', #1511, 5.500000000000000888, 2.500000000000000000 ) ;
#1150 = CARTESIAN_POINT ( 'NONE',  ( -2.351176630660334776, 2.500000000000000000, 3.699345255157217682 ) ) ;
#1151 = LINE ( 'NONE', #2167, #1373 ) ;
#1152 = ORIENTED_EDGE ( 'NONE', *, *, #1591, .T. ) ;
#1153 = CARTESIAN_POINT ( 'NONE',  ( -2.415142557087750497, 2.500000007686585146, 3.586964489781959031 ) ) ;
#1154 = CARTESIAN_POINT ( 'NONE',  ( -7.560119866129213939, 6.758876619454876611, -4.260576839332823162 ) ) ;
#1155 = ORIENTED_EDGE ( 'NONE', *, *, #648, .F. ) ;
#1156 = CARTESIAN_POINT ( 'NONE',  ( -6.882383940282691626, 6.500000000000000000, -2.966602131212032312 ) ) ;
#1157 = DIRECTION ( 'NONE',  ( 1.000000000000000000, 0.000000000000000000, 0.000000000000000000 ) ) ;
#1158 =( GEOMETRIC_REPRESENTATION_CONTEXT ( 3 ) GLOBAL_UNCERTAINTY_ASSIGNED_CONTEXT ( ( #891 ) ) GLOBAL_UNIT_ASSIGNED_CONTEXT ( ( #371, #2730, #212 ) ) REPRESENTATION_CONTEXT ( 'NONE', 'WORKASPACE' ) );
#1159 = EDGE_CURVE ( 'NONE', #642, #746, #1415, .T. ) ;
#1160 = CARTESIAN_POINT ( 'NONE',  ( 0.9310640732265441644, 4.500000000000000888, 4.240331807780323814 ) ) ;
#1161 = VECTOR ( 'NONE', #2274, 1000.000000000000000 ) ;
#1162 = ORIENTED_EDGE ( 'NONE', *, *, #1052, .F. ) ;
#1163 = B_SPLINE_CURVE_WITH_KNOTS ( 'NONE', 3,
 ( #2322, #189, #1892, #2311, #2490, #1008 ),
 .UNSPECIFIED., .F., .F.,
 ( 4, 2, 4 ),
 ( 0.000000000000000000, 0.0007786716576954630722, 0.001557343315390926144 ),
 .UNSPECIFIED. ) ;
#1164 = CARTESIAN_POINT ( 'NONE',  ( 8.376622189173032140, 6.688947314331429084, 7.589701692385204090 ) ) ;
#1165 = CARTESIAN_POINT ( 'NONE',  ( 5.036005363685820413, 4.000000000000000888, 6.995273098239598752 ) ) ;
#1166 = CARTESIAN_POINT ( 'NONE',  ( 5.437998012218901778, 6.673648177666930970, -5.907923958741117865 ) ) ;
#1167 = ORIENTED_EDGE ( 'NONE', *, *, #1643, .F. ) ;
#1168 = CARTESIAN_POINT ( 'NONE',  ( 2.976755393417518825, 5.000000000000000000, -2.564609482678953611 ) ) ;
#1169 = FACE_OUTER_BOUND ( 'NONE', #1874, .T. ) ;
#1170 = ORIENTED_EDGE ( 'NONE', *, *, #2214, .T. ) ;
#1171 = CARTESIAN_POINT ( 'NONE',  ( 0.9310640732265447195, 4.792893218813452982, 0.1903318077803230757 ) ) ;
#1172 = CARTESIAN_POINT ( 'NONE',  ( 9.024831212068168185, -1.176070461636523623, -7.292041145820458148 ) ) ;
#1173 = CARTESIAN_POINT ( 'NONE',  ( 5.036005363685820413, 5.000000000000000888, 0.5800580002001595181 ) ) ;
#1174 =( BOUNDED_CURVE ( )  B_SPLINE_CURVE ( 3, ( #2517, #1499, #602, #2313 ),
 .UNSPECIFIED., .F., .F. ) 
 B_SPLINE_CURVE_WITH_KNOTS ( ( 4, 4 ),
 ( 0.000000000000000000, 1.570796326794896780 ),
 .UNSPECIFIED. ) 
 CURVE ( )  GEOMETRIC_REPRESENTATION_ITEM ( )  RATIONAL_B_SPLINE_CURVE ( ( 1.000000000000000000, 0.8047378541243649375, 0.8047378541243649375, 1.000000000000000000 ) ) 
 REPRESENTATION_ITEM ( '' )  );
#1175 = ORIENTED_EDGE ( 'NONE', *, *, #1088, .F. ) ;
#1176 = ADVANCED_FACE ( 'NONE', ( #110 ), #1809, .T. ) ;
#1177 = DIRECTION ( 'NONE',  ( 0.3236155771181856156, -0.8891264907159880382, -0.3236155771181851160 ) ) ;
#1178 = LINE ( 'NONE', #2029, #1871 ) ;
#1179 = CARTESIAN_POINT ( 'NONE',  ( 7.234525653139529666, 7.500000000000333955, -5.012872377764781895 ) ) ;
#1180 = CARTESIAN_POINT ( 'NONE',  ( 0.08106407322654443637, 5.000000000000000000, 2.040331807780323192 ) ) ;
#1181 = EDGE_CURVE ( 'NONE', #1574, #1521, #1715, .T. ) ;
#1182 = CIRCLE ( 'NONE', #1678, 7.093109588361092399 ) ;
#1183 = CARTESIAN_POINT ( 'NONE',  ( -2.351176630660335221, 2.500000000000000000, 0.7313183604034292351 ) ) ;
#1184 = CARTESIAN_POINT ( 'NONE',  ( -9.043935926773459144, 0.000000000000000000, -6.344296743639668001 ) ) ;
#1185 = VERTEX_POINT ( 'NONE', #2448 ) ;
#1186 = DIRECTION ( 'NONE',  ( 0.000000000000000000, -1.000000000000000000, 0.000000000000000000 ) ) ;
#1187 = CARTESIAN_POINT ( 'NONE',  ( 8.760908267725223908, 4.509552663503129111, -3.335089127681731380 ) ) ;
#1188 = CARTESIAN_POINT ( 'NONE',  ( 5.036005363685820413, 5.000000000000000000, -0.08661448514607066052 ) ) ;
#1189 = VERTEX_POINT ( 'NONE', #947 ) ;
#1190 = CARTESIAN_POINT ( 'NONE',  ( -1.268935926773455902, 5.000000000000000000, 2.040331807780323192 ) ) ;
#1191 = FACE_OUTER_BOUND ( 'NONE', #2162, .T. ) ;
#1192 = DIRECTION ( 'NONE',  ( -1.000000000000000000, 0.000000000000000000, -4.818676322157798361E-16 ) ) ;
#1193 = EDGE_CURVE ( 'NONE', #1459, #1361, #380, .T. ) ;
#1194 = AXIS2_PLACEMENT_3D ( 'NONE', #1268, #1021, #802 ) ;
#1195 = CARTESIAN_POINT ( 'NONE',  ( -0.8766237791680664415, 4.676419254589236907, 4.998121681902280677 ) ) ;
#1196 = DIRECTION ( 'NONE',  ( 0.000000000000000000, -1.000000000000000000, 0.000000000000000000 ) ) ;
#1197 = FACE_OUTER_BOUND ( 'NONE', #124, .T. ) ;
#1198 = VERTEX_POINT ( 'NONE', #293 ) ;
#1199 = CARTESIAN_POINT ( 'NONE',  ( 7.216571722915133158, 6.775810048747824332, 9.729302275778529463 ) ) ;
#1200 = CARTESIAN_POINT ( 'NONE',  ( -6.202654534320085844, -0.6124027709901030958, -4.243386799766305728 ) ) ;
#1201 = FACE_OUTER_BOUND ( 'NONE', #1694, .T. ) ;
#1202 = VERTEX_POINT ( 'NONE', #2656 ) ;
#1203 = VECTOR ( 'NONE', #1337, 1000.000000000000000 ) ;
#1204 = DIRECTION ( 'NONE',  ( -1.000000000000000000, 0.000000000000000000, 0.000000000000000000 ) ) ;
#1205 = COLOUR_RGB ( '',0.7921568627450980005, 0.8196078431372548767, 0.9333333333333333481 ) ;
#1206 = DIRECTION ( 'NONE',  ( -1.000000000000000000, 0.000000000000000000, -8.807421908848951453E-16 ) ) ;
#1207 = CARTESIAN_POINT ( 'NONE',  ( 6.310265248451027986, 7.499999999999997335, -4.729493019562469591 ) ) ;
#1208 = SURFACE_STYLE_FILL_AREA ( #357 ) ;
#1209 = EDGE_CURVE ( 'NONE', #1893, #74, #762, .T. ) ;
#1210 = PLANE ( 'NONE',  #2251 ) ;
#1211 = ORIENTED_EDGE ( 'NONE', *, *, #1277, .F. ) ;
#1212 = CARTESIAN_POINT ( 'NONE',  ( 6.421296102249431037, 7.500000000000000888, 9.101951078538007778 ) ) ;
#1213 = B_SPLINE_CURVE_WITH_KNOTS ( 'NONE', 3,
 ( #1184, #2419, #2034, #1820, #2606, #2242, #1990, #94 ),
 .UNSPECIFIED., .F., .F.,
 ( 4, 2, 2, 4 ),
 ( 4.649091279749147181E-17, 0.0002896555197652381643, 0.0005793110395304298162, 0.001158622079060814530 ),
 .UNSPECIFIED. ) ;
#1214 = CARTESIAN_POINT ( 'NONE',  ( 9.011523761790895648, -8.809142651444729443E-16, 11.51533180778032595 ) ) ;
#1215 = LINE ( 'NONE', #392, #568 ) ;
#1216 = PLANE ( 'NONE',  #1194 ) ;
#1217 = ORIENTED_EDGE ( 'NONE', *, *, #257, .F. ) ;
#1218 = CARTESIAN_POINT ( 'NONE',  ( -5.798137101997643761, 7.499999999999999112, 9.160156635123176017 ) ) ;
#1219 = DIRECTION ( 'NONE',  ( -4.818676322157798361E-16, 0.000000000000000000, 1.000000000000000000 ) ) ;
#1220 = PRESENTATION_STYLE_ASSIGNMENT (( #1647 ) ) ;
#1221 = CARTESIAN_POINT ( 'NONE',  ( -2.414813851105056308, 2.500000007447581218, 0.8431216272262270772 ) ) ;
#1222 = VERTEX_POINT ( 'NONE', #2037 ) ;
#1223 = CARTESIAN_POINT ( 'NONE',  ( 7.979380710023383116, 6.766242830423984778, 8.863631457075010545 ) ) ;
#1224 = ADVANCED_FACE ( 'NONE', ( #1626 ), #64, .F. ) ;
#1225 = VERTEX_POINT ( 'NONE', #2260 ) ;
#1226 =( BOUNDED_SURFACE ( )  B_SPLINE_SURFACE ( 3, 2, ( 
 ( #107, #305, #485 ),
 ( #745, #928, #758 ),
 ( #2211, #318, #2404 ),
 ( #730, #1398, #1349 ),
 ( #2198, #536, #271 ),
 ( #1583, #510, #1623 ),
 ( #1139, #258, #61 ),
 ( #1791, #1125, #289 ),
 ( #46, #975, #714 ),
 ( #2457, #498, #1366 ),
 ( #1154, #2007, #524 ),
 ( #1833, #79, #944 ),
 ( #2021, #2637, #959 ),
 ( #1976, #1806, #1597 ) ),
 .UNSPECIFIED., .F., .F., .T. ) 
 B_SPLINE_SURFACE_WITH_KNOTS ( ( 4, 2, 2, 2, 2, 2, 4 ),
 ( 3, 3 ),
 ( -1.734723475976807094E-18, 0.0007638608662527266628, 0.001145791299379090916, 0.001527721732505455060, 0.001909652165631819422, 0.002291582598758183566, 0.003055443465010911856 ),
 ( 0.000000000000000000, 1.000000000000000000 ),
 .UNSPECIFIED. ) 
 GEOMETRIC_REPRESENTATION_ITEM ( )  RATIONAL_B_SPLINE_SURFACE ( (
 ( 1.000000000000000000, 0.7660444431189779024, 1.000000000000000000),
 ( 1.000000000000000000, 0.7759492566160371974, 1.000000000000000000),
 ( 1.000000000000000000, 0.7843875305290354261, 1.000000000000000000),
 ( 1.000000000000000000, 0.7933329315642425605, 1.000000000000000000),
 ( 1.000000000000000000, 0.7956062205384846209, 1.000000000000000000),
 ( 1.000000000000000000, 0.7986910562182973905, 1.000000000000000000),
 ( 1.000000000000000000, 0.7994994804569185431, 1.000000000000000000),
 ( 1.000000000000000000, 0.7995152545924554266, 1.000000000000000000),
 ( 1.000000000000000000, 0.7987452346174535034, 1.000000000000000000),
 ( 1.000000000000000000, 0.7956907360360561121, 1.000000000000000000),
 ( 1.000000000000000000, 0.7933769205348617515, 1.000000000000000000),
 ( 1.000000000000000000, 0.7845646354215524143, 1.000000000000000000),
 ( 1.000000000000000000, 0.7760110392367041143, 1.000000000000000000),
 ( 1.000000000000000000, 0.7660444431189773473, 1.000000000000000000) ) ) 
 REPRESENTATION_ITEM ( '' )  SURFACE ( )  );
#1227 = DIRECTION ( 'NONE',  ( -1.865294060190114978E-16, -0.000000000000000000, -1.000000000000000000 ) ) ;
#1228 = ADVANCED_FACE ( 'NONE', ( #2010 ), #82, .F. ) ;
#1229 = VERTEX_POINT ( 'NONE', #948 ) ;
#1230 = CARTESIAN_POINT ( 'NONE',  ( -0.2118291455869083517, 5.000000000000000888, 4.033225026593775908 ) ) ;
#1231 = FACE_OUTER_BOUND ( 'NONE', #278, .T. ) ;
#1232 = CARTESIAN_POINT ( 'NONE',  ( -9.043935926773459144, 0.000000000000000000, -7.084668192219678140 ) ) ;
#1233 = CARTESIAN_POINT ( 'NONE',  ( -7.867191693294896204, 6.673648177666930970, -2.966602131212031868 ) ) ;
#1234 = AXIS2_PLACEMENT_3D ( 'NONE', #1097, #1746, #1960 ) ;
#1235 = EDGE_LOOP ( 'NONE', ( #1782, #1016, #2497 ) ) ;
#1236 = CARTESIAN_POINT ( 'NONE',  ( -7.867191693294896204, 6.673648177666930970, -2.966602131212031868 ) ) ;
#1237 = AXIS2_PLACEMENT_3D ( 'NONE', #1128, #1894, #2757 ) ;
#1238 = LINE ( 'NONE', #148, #326 ) ;
#1239 = VERTEX_POINT ( 'NONE', #2660 ) ;
#1240 = ADVANCED_FACE ( 'NONE', ( #1810 ), #1553, .F. ) ;
#1241 = CARTESIAN_POINT ( 'NONE',  ( -8.303564478193779408, 0.000000000000000000, 11.51533180778032417 ) ) ;
#1242 = VERTEX_POINT ( 'NONE', #1160 ) ;
#1243 = CARTESIAN_POINT ( 'NONE',  ( 6.917648315358903233, 7.499999999999996447, 8.697895020622796736 ) ) ;
#1244 = ADVANCED_FACE ( 'NONE', ( #515 ), #2202, .F. ) ;
#1245 = PRESENTATION_LAYER_ASSIGNMENT (  '', '', ( #1474 ) ) ;
#1246 = CARTESIAN_POINT ( 'NONE',  ( 3.255998981271898796, 2.605905742701182692, 2.477757361900007282 ) ) ;
#1247 = LINE ( 'NONE', #1232, #2615 ) ;
#1248 = CARTESIAN_POINT ( 'NONE',  ( -5.686067496930447440, 6.730781156735003989, -5.824895058250180391 ) ) ;
#1249 = EDGE_LOOP ( 'NONE', ( #2485, #1263, #1413 ) ) ;
#1250 = CARTESIAN_POINT ( 'NONE',  ( 7.230462122254480484, 7.499999999999941380, 9.447139750634121924 ) ) ;
#1251 = CARTESIAN_POINT ( 'NONE',  ( 7.394512086735780088, 7.500000000000000000, -2.966602131212032756 ) ) ;
#1252 = ORIENTED_EDGE ( 'NONE', *, *, #1502, .F. ) ;
#1253 = CARTESIAN_POINT ( 'NONE',  ( 0.5178820863336567326, 2.605941635044261240, -0.7846681922196776515 ) ) ;
#1254 = EDGE_CURVE ( 'NONE', #1459, #2537, #1586, .T. ) ;
#1255 = ORIENTED_EDGE ( 'NONE', *, *, #778, .T. ) ;
#1256 = CARTESIAN_POINT ( 'NONE',  ( 6.308060342297454604, 7.500000000000000888, 9.161320871195510307 ) ) ;
#1257 = CARTESIAN_POINT ( 'NONE',  ( 2.863304777113422350, 2.500000000000000000, 0.7313183604034270147 ) ) ;
#1258 = ADVANCED_FACE ( 'NONE', ( #1201 ), #2424, .F. ) ;
#1259 =( BOUNDED_CURVE ( )  B_SPLINE_CURVE ( 3, ( #883, #2169, #867, #245 ),
 .UNSPECIFIED., .F., .T. ) 
 B_SPLINE_CURVE_WITH_KNOTS ( ( 4, 4 ),
 ( 3.141592653589793116, 4.712388980384689674 ),
 .UNSPECIFIED. ) 
 CURVE ( )  GEOMETRIC_REPRESENTATION_ITEM ( )  RATIONAL_B_SPLINE_CURVE ( ( 1.000000000000000000, 0.8047378541243649375, 0.8047378541243649375, 1.000000000000000000 ) ) 
 REPRESENTATION_ITEM ( '' )  );
#1260 = CARTESIAN_POINT ( 'NONE',  ( -3.650375282391109977, 7.030000000000000249, 0.2621121299714963548 ) ) ;
#1261 = CARTESIAN_POINT ( 'NONE',  ( -7.886132434753388765, 2.377388165875785830, 11.09613413051940967 ) ) ;
#1262 = EDGE_CURVE ( 'NONE', #690, #571, #1975, .T. ) ;
#1263 = ORIENTED_EDGE ( 'NONE', *, *, #2524, .T. ) ;
#1264 = CARTESIAN_POINT ( 'NONE',  ( 7.394512086735771206, 7.500000000000003553, 7.397265746772672124 ) ) ;
#1265 = CARTESIAN_POINT ( 'NONE',  ( 9.556064073226545830, -4.065758146820641628E-17, -6.540127880784036840 ) ) ;
#1266 = ORIENTED_EDGE ( 'NONE', *, *, #345, .F. ) ;
#1267 = DIRECTION ( 'NONE',  ( 1.000000000000000000, 0.000000000000000000, 0.000000000000000000 ) ) ;
#1268 = CARTESIAN_POINT ( 'NONE',  ( -7.043935926773459144, 0.000000000000000000, 9.515331807780324169 ) ) ;
#1269 = VERTEX_POINT ( 'NONE', #1692 ) ;
#1270 = FACE_OUTER_BOUND ( 'NONE', #2625, .T. ) ;
#1271 = LINE ( 'NONE', #2547, #2157 ) ;
#1272 = LINE ( 'NONE', #619, #932 ) ;
#1273 = ADVANCED_FACE ( 'NONE', ( #1445 ), #1876, .T. ) ;
#1274 = CARTESIAN_POINT ( 'NONE',  ( -7.043935926773459144, 0.000000000000000000, 8.575639186994415297 ) ) ;
#1275 = VERTEX_POINT ( 'NONE', #1428 ) ;
#1276 = CARTESIAN_POINT ( 'NONE',  ( -0.4189359267734559800, 4.500000000000000888, 4.240331807780323814 ) ) ;
#1277 = EDGE_CURVE ( 'NONE', #373, #1229, #376, .T. ) ;
#1278 =( GEOMETRIC_REPRESENTATION_CONTEXT ( 3 ) GLOBAL_UNCERTAINTY_ASSIGNED_CONTEXT ( ( #540 ) ) GLOBAL_UNIT_ASSIGNED_CONTEXT ( ( #2467, #549, #2678 ) ) REPRESENTATION_CONTEXT ( 'NONE', 'WORKASPACE' ) );
#1279 = DIRECTION ( 'NONE',  ( -1.000000000000000000, -8.673617379884035472E-16, 0.000000000000000000 ) ) ;
#1280 = EDGE_LOOP ( 'NONE', ( #285, #697, #1999, #2145 ) ) ;
#1281 = CYLINDRICAL_SURFACE ( 'NONE', #341, 0.5000000000000000000 ) ;
#1282 = CIRCLE ( 'NONE', #2476, 1.000000000000000000 ) ;
#1283 = CARTESIAN_POINT ( 'NONE',  ( -2.743802341013112489, 4.464753180775731245, 1.903861376275604256 ) ) ;
#1284 = LINE ( 'NONE', #1739, #2742 ) ;
#1285 = ORIENTED_EDGE ( 'NONE', *, *, #1005, .T. ) ;
#1286 = DIRECTION ( 'NONE',  ( -0.000000000000000000, 1.000000000000000000, -0.000000000000000000 ) ) ;
#1287 = CARTESIAN_POINT ( 'NONE',  ( -5.184872554834753622, 7.500000000000000888, -4.923116205728912398 ) ) ;
#1288 = CARTESIAN_POINT ( 'NONE',  ( -4.523877217232733727, 4.000000000000000000, -5.375120555596062474E-16 ) ) ;
#1289 = DIRECTION ( 'NONE',  ( -3.548298019043468340E-15, 0.000000000000000000, -1.000000000000000000 ) ) ;
#1290 = EDGE_LOOP ( 'NONE', ( #1570, #2026, #1252, #1529 ) ) ;
#1291 = CARTESIAN_POINT ( 'NONE',  ( 7.556064073226545830, 0.000000000000000000, 9.515331807780324169 ) ) ;
#1292 = EDGE_CURVE ( 'NONE', #1275, #1269, #1238, .T. ) ;
#1293 = LINE ( 'NONE', #836, #2712 ) ;
#1294 = ORIENTED_EDGE ( 'NONE', *, *, #2751, .T. ) ;
#1295 = LINE ( 'NONE', #870, #435 ) ;
#1296 = PRODUCT_RELATED_PRODUCT_CATEGORY ( 'part', '', ( #2075 ) ) ;
#1297 = VECTOR ( 'NONE', #577, 1000.000000000000000 ) ;
#1298 = CARTESIAN_POINT ( 'NONE',  ( -2.385782548339977716, 4.900000659052979657, 3.638546670741685585 ) ) ;
#1299 = DIRECTION ( 'NONE',  ( 0.000000000000000000, 0.000000000000000000, -1.000000000000000000 ) ) ;
#1300 = ORIENTED_EDGE ( 'NONE', *, *, #1673, .T. ) ;
#1301 = EDGE_CURVE ( 'NONE', #1736, #2039, #2284, .T. ) ;
#1302 = FACE_OUTER_BOUND ( 'NONE', #906, .T. ) ;
#1303 = CARTESIAN_POINT ( 'NONE',  ( -1.768935926773456346, 4.500000000000000888, 2.890331807780322837 ) ) ;
#1304 = LINE ( 'NONE', #41, #954 ) ;
#1305 = DIRECTION ( 'NONE',  ( 1.188166764367676095E-16, 0.000000000000000000, -1.000000000000000000 ) ) ;
#1306 = ORIENTED_EDGE ( 'NONE', *, *, #1475, .F. ) ;
#1307 = CARTESIAN_POINT ( 'NONE',  ( 8.373949860925561595, 6.704102840934234031, 7.780337646496559678 ) ) ;
#1308 = DIRECTION ( 'NONE',  ( 0.000000000000000000, 0.000000000000000000, -1.000000000000000000 ) ) ;
#1309 = ORIENTED_EDGE ( 'NONE', *, *, #65, .T. ) ;
#1310 = DIRECTION ( 'NONE',  ( 0.000000000000000000, 0.9848077530122080203, 0.1736481776669307198 ) ) ;
#1311 = FACE_OUTER_BOUND ( 'NONE', #2294, .T. ) ;
#1312 = EDGE_CURVE ( 'NONE', #2389, #2654, #685, .T. ) ;
#1313 = CARTESIAN_POINT ( 'NONE',  ( -7.682124343136764288, 7.723217276023578215, -2.768433349546358890 ) ) ;
#1314 = ORIENTED_EDGE ( 'NONE', *, *, #2099, .T. ) ;
#1315 = AXIS2_PLACEMENT_3D ( 'NONE', #332, #2681, #772 ) ;
#1316 = CARTESIAN_POINT ( 'NONE',  ( -6.630555196674645657, 7.499999999999993783, 8.380563836281144319 ) ) ;
#1317 = CARTESIAN_POINT ( 'NONE',  ( -9.043935926773457368, 0.000000000000000000, 11.51533180778032417 ) ) ;
#1318 = DIRECTION ( 'NONE',  ( 9.326470300950576121E-17, -0.000000000000000000, 1.000000000000000000 ) ) ;
#1319 = CARTESIAN_POINT ( 'NONE',  ( 0.2560640732265438979, 7.030000000000000249, 0.2621121299714950226 ) ) ;
#1320 = ORIENTED_EDGE ( 'NONE', *, *, #2255, .T. ) ;
#1321 = CARTESIAN_POINT ( 'NONE',  ( 7.394512084140171027, 7.500000000000003553, 7.656527037728003471 ) ) ;
#1322 = CARTESIAN_POINT ( 'NONE',  ( 5.036005363686142822, 2.500000000000000000, -0.5053595124100866975 ) ) ;
#1323 = ORIENTED_EDGE ( 'NONE', *, *, #806, .F. ) ;
#1324 = FACE_OUTER_BOUND ( 'NONE', #2130, .T. ) ;
#1325 = DIRECTION ( 'NONE',  ( 1.000000000000000000, -0.000000000000000000, 9.230270822633356790E-16 ) ) ;
#1326 = ORIENTED_EDGE ( 'NONE', *, *, #2580, .T. ) ;
#1327 = EDGE_CURVE ( 'NONE', #1222, #1736, #2292, .T. ) ;
#1328 = CARTESIAN_POINT ( 'NONE',  ( -6.490200426757831487, 7.499999999999993783, 8.593860595256295198 ) ) ;
#1329 = CARTESIAN_POINT ( 'NONE',  ( -6.490200425901569758, 7.499999999999999112, 8.593860594734371361 ) ) ;
#1330 = CARTESIAN_POINT ( 'NONE',  ( -2.578744309792155409, 2.531958952810120955, 3.230455261062369132 ) ) ;
#1331 = CARTESIAN_POINT ( 'NONE',  ( 7.373347162201099536, 6.778448630035204481, -5.169901352645398518 ) ) ;
#1332 = ORIENTED_EDGE ( 'NONE', *, *, #2452, .F. ) ;
#1333 = LINE ( 'NONE', #682, #793 ) ;
#1334 = VECTOR ( 'NONE', #1973, 1000.000000000000000 ) ;
#1335 = DIRECTION ( 'NONE',  ( 1.000000000000000000, 0.000000000000000000, 0.000000000000000000 ) ) ;
#1336 = ORIENTED_EDGE ( 'NONE', *, *, #767, .F. ) ;
#1337 = DIRECTION ( 'NONE',  ( 0.3236155771181852825, 0.8891264907159880382, 0.3236155771181852825 ) ) ;
#1338 = CARTESIAN_POINT ( 'NONE',  ( 0.9310640732265444974, 4.500000000000000888, 1.540331807780323636 ) ) ;
#1339 = CARTESIAN_POINT ( 'NONE',  ( -8.624738249512548194, 2.377388165875785830, -5.926864700199608649 ) ) ;
#1340 = DIRECTION ( 'NONE',  ( 0.000000000000000000, -0.000000000000000000, 1.000000000000000000 ) ) ;
#1341 = EDGE_CURVE ( 'NONE', #1185, #2674, #2108, .T. ) ;
#1342 = DIRECTION ( 'NONE',  ( 0.000000000000000000, 0.000000000000000000, -1.000000000000000000 ) ) ;
#1343 = DIRECTION ( 'NONE',  ( 1.000000000000000000, 0.000000000000000000, 1.873929680839142574E-16 ) ) ;
#1344 = ADVANCED_FACE ( 'NONE', ( #1469, #800 ), #1666, .T. ) ;
#1345 = CARTESIAN_POINT ( 'NONE',  ( 7.645083285227219250, 6.778399508420206665, -4.897641329787067122 ) ) ;
#1346 = VERTEX_POINT ( 'NONE', #2307 ) ;
#1347 = CARTESIAN_POINT ( 'NONE',  ( 1.892569654468059470, 5.000000000000000000, -2.564609482678953611 ) ) ;
#1348 = EDGE_CURVE ( 'NONE', #1750, #2567, #230, .T. ) ;
#1349 = CARTESIAN_POINT ( 'NONE',  ( -5.795932196962573890, 7.500000000000000000, -4.730657257469270682 ) ) ;
#1350 = ORIENTED_EDGE ( 'NONE', *, *, #2192, .T. ) ;
#1351 = DIRECTION ( 'NONE',  ( 1.000000000000000000, 0.000000000000000000, 0.000000000000000000 ) ) ;
#1352 = DIRECTION ( 'NONE',  ( -1.000000000000000000, 0.000000000000000000, 0.000000000000000000 ) ) ;
#1353 = DIRECTION ( 'NONE',  ( 1.188166764367676095E-16, 0.000000000000000000, -1.000000000000000000 ) ) ;
#1354 = ORIENTED_EDGE ( 'NONE', *, *, #2053, .F. ) ;
#1355 = CARTESIAN_POINT ( 'NONE',  ( 7.870690903369220059, 7.149453399657691222, -1.591981607291017786 ) ) ;
#1356 = B_SPLINE_CURVE_WITH_KNOTS ( 'NONE', 3,
 ( #691, #463, #1754, #1542, #1316, #1328, #2558, #1092, #1766, #2395, #2600, #27, #2163, #39 ),
 .UNSPECIFIED., .F., .F.,
 ( 4, 2, 2, 2, 2, 2, 4 ),
 ( 8.673617379884035472E-19, 0.0007638608662527110503, 0.001145791299379068581, 0.001527721732505426004, 0.001909652165631783643, 0.002291582598758141066, 0.003055443465010858079 ),
 .UNSPECIFIED. ) ;
#1357 = CARTESIAN_POINT ( 'NONE',  ( -7.471113737557810275, 6.765973757926268206, 8.856864510036237093 ) ) ;
#1358 = AXIS2_PLACEMENT_3D ( 'NONE', #134, #2483, #2456 ) ;
#1359 = CARTESIAN_POINT ( 'NONE',  ( -2.710472261849937503, 2.585172565175476223, 2.731351542390694220 ) ) ;
#1360 = CARTESIAN_POINT ( 'NONE',  ( 0.08106407322654438086, 5.000000000000000000, 2.390331807780322837 ) ) ;
#1361 = VERTEX_POINT ( 'NONE', #2512 ) ;
#1362 = CARTESIAN_POINT ( 'NONE',  ( 2.771770970591309169, 5.000000000000000000, -2.564609482678953611 ) ) ;
#1363 = EDGE_CURVE ( 'NONE', #1055, #1703, #566, .T. ) ;
#1364 = VECTOR ( 'NONE', #402, 1000.000000000000000 ) ;
#1365 = CARTESIAN_POINT ( 'NONE',  ( -2.432779989832656309, 4.814518254868048963, 3.553643303841337531 ) ) ;
#1366 = CARTESIAN_POINT ( 'NONE',  ( -6.628025143374287609, 7.499999999999977796, -3.954433745132578171 ) ) ;
#1367 = ORIENTED_EDGE ( 'NONE', *, *, #1181, .F. ) ;
#1368 = CARTESIAN_POINT ( 'NONE',  ( -7.043935926773457368, 0.000000000000000000, -5.084668192219678140 ) ) ;
#1369 = CARTESIAN_POINT ( 'NONE',  ( 5.806485008688598626, 4.509552663503129111, -6.289512386718355330 ) ) ;
#1370 = ADVANCED_FACE ( 'NONE', ( #2566 ), #21, .F. ) ;
#1371 =( BOUNDED_SURFACE ( )  B_SPLINE_SURFACE ( 3, 3, ( 
 ( #605, #1477, #411, #2548 ),
 ( #2315, #196, #1260, #647 ),
 ( #1051, #3, #1069, #2759 ),
 ( #847, #630, #1503, #2354 ) ),
 .UNSPECIFIED., .F., .F., .T. ) 
 B_SPLINE_SURFACE_WITH_KNOTS ( ( 4, 4 ),
 ( 4, 4 ),
 ( 0.000000000000000000, 1.000000000000000000 ),
 ( 0.000000000000000000, 1.000000000000000000 ),
 .UNSPECIFIED. ) 
 GEOMETRIC_REPRESENTATION_ITEM ( )  RATIONAL_B_SPLINE_SURFACE ( (
 ( 1.000000000000000000, 0.3333333333333334259, 0.3333333333333334259, 1.000000000000000000),
 ( 0.9661666523663395845, 0.3220555507887799540, 0.3220555507887799540, 0.9661666523663395845),
 ( 0.9661666523663395845, 0.3220555507887799540, 0.3220555507887799540, 0.9661666523663395845),
 ( 1.000000000000000000, 0.3333333333333334259, 0.3333333333333334259, 1.000000000000000000) ) ) 
 REPRESENTATION_ITEM ( '' )  SURFACE ( )  );
#1372 = ORIENTED_EDGE ( 'NONE', *, *, #2125, .T. ) ;
#1373 = VECTOR ( 'NONE', #1305, 1000.000000000000000 ) ;
#1374 = CARTESIAN_POINT ( 'NONE',  ( 7.218420877309773331, 6.775844699965832163, 9.727821019813639225 ) ) ;
#1375 = AXIS2_PLACEMENT_3D ( 'NONE', #1698, #616, #1066 ) ;
#1376 = DIRECTION ( 'NONE',  ( 0.000000000000000000, -0.9848077530122080203, 0.1736481776669307198 ) ) ;
#1377 = CARTESIAN_POINT ( 'NONE',  ( 5.798150654528593684, 7.499999999999555023, -5.736199083640947549 ) ) ;
#1378 = ORIENTED_EDGE ( 'NONE', *, *, #1341, .F. ) ;
#1379 = CARTESIAN_POINT ( 'NONE',  ( -0.8759070093032099713, 4.676057998324547604, -0.5677519655812356403 ) ) ;
#1380 = DIRECTION ( 'NONE',  ( -1.000000000000000000, 0.000000000000000000, 1.865294060190115471E-16 ) ) ;
#1381 = CARTESIAN_POINT ( 'NONE',  ( 0.2560640732265443975, 0.000000000000000000, -0.7846681922196777625 ) ) ;
#1382 = EDGE_CURVE ( 'NONE', #2567, #1418, #277, .T. ) ;
#1383 = VERTEX_POINT ( 'NONE', #2156 ) ;
#1384 = LINE ( 'NONE', #2670, #1203 ) ;
#1385 = B_SPLINE_CURVE_WITH_KNOTS ( 'NONE', 3,
 ( #123, #1846, #553, #989 ),
 .UNSPECIFIED., .F., .F.,
 ( 4, 4 ),
 ( -0.008108464959739467709, -0.0008538981450217286370 ),
 .UNSPECIFIED. ) ;
#1386 = CARTESIAN_POINT ( 'NONE',  ( 8.674429169684220398, 4.999999999999999112, -6.203033288677352708 ) ) ;
#1387 = AXIS2_PLACEMENT_3D ( 'NONE', #1156, #2231, #1625 ) ;
#1388 = CARTESIAN_POINT ( 'NONE',  ( 5.036005363685819525, 5.000000000000000000, 4.518842343302197584 ) ) ;
#1389 = AXIS2_PLACEMENT_3D ( 'NONE', #1891, #612, #2687 ) ;
#1390 = ORIENTED_EDGE ( 'NONE', *, *, #2178, .T. ) ;
#1391 = SHAPE_DEFINITION_REPRESENTATION ( #1437, #2197 ) ;
#1392 = CARTESIAN_POINT ( 'NONE',  ( 7.394512086735780088, 6.499999999999997335, -2.966602131212033644 ) ) ;
#1393 = EDGE_CURVE ( 'NONE', #1825, #1689, #2345, .T. ) ;
#1394 = DIRECTION ( 'NONE',  ( 1.873929680839142821E-16, 0.000000000000000000, -1.000000000000000000 ) ) ;
#1395 = CARTESIAN_POINT ( 'NONE',  ( -1.768935926773455680, 0.000000000000000000, 1.540331807780323192 ) ) ;
#1396 = CARTESIAN_POINT ( 'NONE',  ( 2.559574608748369950, 5.000000000000000000, -2.564609482678953611 ) ) ;
#1397 = CARTESIAN_POINT ( 'NONE',  ( 7.394512086735780088, 7.500000000000000000, -2.966602131212032756 ) ) ;
#1398 = CARTESIAN_POINT ( 'NONE',  ( -6.129811061773881242, 7.499999999999999112, -5.423478626652527446 ) ) ;
#1399 = ORIENTED_EDGE ( 'NONE', *, *, #2344, .F. ) ;
#1400 = DIRECTION ( 'NONE',  ( 1.000000000000000000, 0.000000000000000000, 1.606225440719265874E-16 ) ) ;
#1401 = B_SPLINE_CURVE_WITH_KNOTS ( 'NONE', 3,
 ( #1150, #1110, #1330, #1359, #1135, #1971, #1984, #923, #897, #940 ),
 .UNSPECIFIED., .F., .F.,
 ( 4, 2, 2, 2, 4 ),
 ( 0.000000000000000000, 0.0007790413891934829535, 0.001558082778386965907, 0.002337124167580449403, 0.003116165556773933115 ),
 .UNSPECIFIED. ) ;
#1402 = CARTESIAN_POINT ( 'NONE',  ( 5.365667556917435022, 7.009552663503129999, -5.848694934947191726 ) ) ;
#1403 = DIRECTION ( 'NONE',  ( -1.000000000000000000, 0.000000000000000000, 0.000000000000000000 ) ) ;
#1404 = ORIENTED_EDGE ( 'NONE', *, *, #1851, .T. ) ;
#1405 = EDGE_CURVE ( 'NONE', #1888, #2300, #1912, .T. ) ;
#1406 = DIRECTION ( 'NONE',  ( 0.000000000000000000, 0.000000000000000000, 1.000000000000000000 ) ) ;
#1407 = DIRECTION ( 'NONE',  ( 1.000000000000000000, 0.000000000000000000, 0.000000000000000000 ) ) ;
#1408 = CARTESIAN_POINT ( 'NONE',  ( 7.347102414688119865, 7.500000000000002665, -3.476806582639490717 ) ) ;
#1409 = CARTESIAN_POINT ( 'NONE',  ( 2.976755393416956164, 5.000000000000000000, 6.995273098239598752 ) ) ;
#1410 = VECTOR ( 'NONE', #700, 1000.000000000000000 ) ;
#1411 = CARTESIAN_POINT ( 'NONE',  ( -2.432438767598688489, 4.815092901358336341, 0.8763493330334046760 ) ) ;
#1412 = CARTESIAN_POINT ( 'NONE',  ( -2.351176630660334776, 2.500000000000000000, 0.7313183604034279028 ) ) ;
#1413 = ORIENTED_EDGE ( 'NONE', *, *, #1926, .T. ) ;
#1414 = CARTESIAN_POINT ( 'NONE',  ( 0.7239572920399964806, 5.000000000000000888, 4.033225026593775908 ) ) ;
#1415 = LINE ( 'NONE', #2245, #152 ) ;
#1416 = CARTESIAN_POINT ( 'NONE',  ( 3.256197082440604351, 4.464544694569707595, 1.906524822402393404 ) ) ;
#1417 = AXIS2_PLACEMENT_3D ( 'NONE', #1902, #2735, #1890 ) ;
#1418 = VERTEX_POINT ( 'NONE', #1073 ) ;
#1419 = CARTESIAN_POINT ( 'NONE',  ( -4.925869865765813316, 6.500000000000000000, -4.923116205728907957 ) ) ;
#1420 = EDGE_CURVE ( 'NONE', #2594, #139, #1293, .T. ) ;
#1421 = CARTESIAN_POINT ( 'NONE',  ( -5.690277452152133542, 6.731014305722995417, 10.25393135423975366 ) ) ;
#1422 = CARTESIAN_POINT ( 'NONE',  ( 8.074027991644323166, 6.758736497388026621, -4.257287561944778531 ) ) ;
#1423 = VECTOR ( 'NONE', #517, 1000.000000000000000 ) ;
#1424 = CYLINDRICAL_SURFACE ( 'NONE', #2270, 1.000000000000000000 ) ;
#1425 = CARTESIAN_POINT ( 'NONE',  ( 8.815692624646864317, 0.000000000000000000, 11.51533180778032417 ) ) ;
#1426 = ORIENTED_EDGE ( 'NONE', *, *, #1831, .T. ) ;
#1427 = CARTESIAN_POINT ( 'NONE',  ( 5.437998012218945298, 7.500000000000002665, 9.353779821289551322 ) ) ;
#1428 = CARTESIAN_POINT ( 'NONE',  ( 5.036005363685819525, 5.000000000000000000, 6.995273098239597864 ) ) ;
#1429 = CARTESIAN_POINT ( 'NONE',  ( -1.768935926773455014, 0.000000000000000000, -8.523929665757508326E-16 ) ) ;
#1430 = CIRCLE ( 'NONE', #1113, 1.000000000000000000 ) ;
#1431 = CIRCLE ( 'NONE', #205, 2.500000000000000000 ) ;
#1432 = CARTESIAN_POINT ( 'NONE',  ( 9.556064073226545830, 0.000000000000000000, 10.77496035920064266 ) ) ;
#1433 = CIRCLE ( 'NONE', #2487, 5.374090617912949952 ) ;
#1434 = ORIENTED_EDGE ( 'NONE', *, *, #65, .F. ) ;
#1435 = DIRECTION ( 'NONE',  ( 1.000000000000000000, 0.000000000000000000, 1.873929680839142821E-16 ) ) ;
#1436 = CARTESIAN_POINT ( 'NONE',  ( -0.4189359267734555914, 0.000000000000000000, 1.540331807780323414 ) ) ;
#1437 = PRODUCT_DEFINITION_SHAPE ( 'NONE', 'NONE',  #1800 ) ;
#1438 = CARTESIAN_POINT ( 'NONE',  ( -0.7608765912195394332, 2.530522375020118453, 5.040677509914123000 ) ) ;
#1439 = EDGE_CURVE ( 'NONE', #2346, #1598, #1550, .T. ) ;
#1440 = CARTESIAN_POINT ( 'NONE',  ( -7.043935926773459144, 0.000000000000000000, 9.515331807780324169 ) ) ;
#1441 = VERTEX_POINT ( 'NONE', #1936 ) ;
#1442 = CARTESIAN_POINT ( 'NONE',  ( 6.917648316907246020, 7.499999999999997335, 8.697895021864102461 ) ) ;
#1443 = VECTOR ( 'NONE', #2207, 1000.000000000000000 ) ;
#1444 = ADVANCED_FACE ( 'NONE', ( #246 ), #1949, .T. ) ;
#1445 = FACE_OUTER_BOUND ( 'NONE', #1472, .T. ) ;
#1446 = ORIENTED_EDGE ( 'NONE', *, *, #170, .T. ) ;
#1447 = DIRECTION ( 'NONE',  ( -1.000000000000000000, 0.000000000000000000, -2.208559980988990915E-16 ) ) ;
#1448 = EDGE_LOOP ( 'NONE', ( #1774, #428, #2136, #2127 ) ) ;
#1449 = DIRECTION ( 'NONE',  ( -1.000000000000000000, 0.000000000000000000, -0.000000000000000000 ) ) ;
#1450 = CARTESIAN_POINT ( 'NONE',  ( -9.043935926773459144, 0.000000000000000000, -7.084668192219678140 ) ) ;
#1451 = CARTESIAN_POINT ( 'NONE',  ( -0.2618428138036454356, 2.584997117493284424, 5.181567979940209234 ) ) ;
#1452 = CARTESIAN_POINT ( 'NONE',  ( -6.706292730856690198, 6.775844699965834828, -5.297157404252999413 ) ) ;
#1453 = ORIENTED_EDGE ( 'NONE', *, *, #2706, .F. ) ;
#1454 = DIRECTION ( 'NONE',  ( 1.873929680839142821E-16, 0.000000000000000000, -1.000000000000000000 ) ) ;
#1455 = EDGE_CURVE ( 'NONE', #918, #373, #2143, .T. ) ;
#1456 = CARTESIAN_POINT ( 'NONE',  ( 6.920208928320755071, 7.499999999999994671, -4.264299576839308159 ) ) ;
#1457 = DIRECTION ( 'NONE',  ( 0.000000000000000000, -1.000000000000000000, 0.000000000000000000 ) ) ;
#1458 = CARTESIAN_POINT ( 'NONE',  ( -4.523877217232733727, 5.000000000000000000, 4.936023127971296276 ) ) ;
#1459 = VERTEX_POINT ( 'NONE', #217 ) ;
#1460 = DIRECTION ( 'NONE',  ( 0.000000000000000000, -1.000000000000000000, 0.000000000000000000 ) ) ;
#1461 = DIRECTION ( 'NONE',  ( 0.9396926207859080948, -0.3420201433256696566, 0.000000000000000000 ) ) ;
#1462 =( BOUNDED_SURFACE ( )  B_SPLINE_SURFACE ( 2, 3, ( 
 ( #1, #858, #963, #1402, #1369, #514, #2672, #527, #1172, #1823 ),
 ( #2423, #2051, #978, #1585, #1386, #2436, #748, #126, #2232, #2609 ),
 ( #2627, #1614, #2407, #308, #1187, #1836, #97, #1794, #1776, #703 ) ),
 .UNSPECIFIED., .F., .F., .T. ) 
 B_SPLINE_SURFACE_WITH_KNOTS ( ( 3, 3 ),
 ( 4, 3, 3, 4 ),
 ( 0.000000000000000000, 1.000000000000000000 ),
 ( -0.006753989254063319167, -0.004547433174704761973, 0.003182234377276266582, 0.004810811371363535316 ),
 .UNSPECIFIED. ) 
 GEOMETRIC_REPRESENTATION_ITEM ( )  RATIONAL_B_SPLINE_SURFACE ( (
 ( 1.000000000000000000, 1.000000000000000000, 1.000000000000000000, 1.000000000000000000, 1.000000000000000000, 1.000000000000000000, 1.000000000000000000, 1.000000000000000000, 1.000000000000000000, 1.000000000000000000),
 ( 0.7176885430348759476, 0.7176885430348759476, 0.7176885430348759476, 0.7176885430348759476, 0.7176885430348759476, 0.7176885430348759476, 0.7176885430348759476, 0.7176885430348758366, 0.7176885430348758366, 0.7176885430348758366),
 ( 1.000000000000000000, 1.000000000000000000, 1.000000000000000000, 1.000000000000000000, 1.000000000000000000, 1.000000000000000000, 1.000000000000000000, 1.000000000000000000, 1.000000000000000000, 1.000000000000000000) ) ) 
 REPRESENTATION_ITEM ( '' )  SURFACE ( )  );
#1463 = CARTESIAN_POINT ( 'NONE',  ( -1.608327144760971494, 5.000000000000000000, 6.995273098239598752 ) ) ;
#1464 = CARTESIAN_POINT ( 'NONE',  ( -7.343968592367349224, 9.640993837561333990, 9.815364473374213361 ) ) ;
#1465 = VECTOR ( 'NONE', #736, 1000.000000000000000 ) ;
#1466 = VERTEX_POINT ( 'NONE', #669 ) ;
#1467 = CARTESIAN_POINT ( 'NONE',  ( 0.08106407322654479719, 5.000000000000000000, 0.1903318077803228259 ) ) ;
#1468 = ADVANCED_FACE ( 'NONE', ( #1114 ), #1535, .T. ) ;
#1469 = FACE_BOUND ( 'NONE', #2212, .T. ) ;
#1470 = VERTEX_POINT ( 'NONE', #868 ) ;
#1471 = CARTESIAN_POINT ( 'NONE',  ( 0.2560640732265448971, -4.499999999999992006, 9.308441396141414970 ) ) ;
#1472 = EDGE_LOOP ( 'NONE', ( #1285, #1771, #561, #1719 ) ) ;
#1473 = CARTESIAN_POINT ( 'NONE',  ( 6.025516207797140922, 4.357030381264848984, -6.316406180236195489 ) ) ;
#1474 = STYLED_ITEM ( 'NONE', ( #1220 ), #651 ) ;
#1475 = EDGE_CURVE ( 'NONE', #247, #1361, #1101, .T. ) ;
#1476 = SPHERICAL_SURFACE ( 'NONE', #604, 1.000000000000000000 ) ;
#1477 = CARTESIAN_POINT ( 'NONE',  ( 0.2560640732265483388, 7.030000000000002025, 2.215331807780320794 ) ) ;
#1478 = CARTESIAN_POINT ( 'NONE',  ( -7.721483571459967443, 7.500000000000004441, 10.19287945246683336 ) ) ;
#1479 = ORIENTED_EDGE ( 'NONE', *, *, #2684, .T. ) ;
#1480 = DIRECTION ( 'NONE',  ( 0.3236155771181852825, -0.8891264907159879272, 0.3236155771181852825 ) ) ;
#1481 = CARTESIAN_POINT ( 'NONE',  ( 9.189777582193828565, -4.080030542393368544E-15, -6.992743439870332978 ) ) ;
#1482 = ORIENTED_EDGE ( 'NONE', *, *, #2647, .T. ) ;
#1483 = DIRECTION ( 'NONE',  ( 0.000000000000000000, 0.000000000000000000, -1.000000000000000000 ) ) ;
#1484 = DIRECTION ( 'NONE',  ( 0.3236155771181853380, -0.8891264907159879272, -0.3236155771181852825 ) ) ;
#1485 = ORIENTED_EDGE ( 'NONE', *, *, #2559, .F. ) ;
#1486 = CARTESIAN_POINT ( 'NONE',  ( -8.632175522414753388, 2.335209295277946850, 10.29615797606002658 ) ) ;
#1487 = EDGE_CURVE ( 'NONE', #1540, #690, #1699, .T. ) ;
#1488 = DIRECTION ( 'NONE',  ( 0.000000000000000000, 0.3420201433256694901, -0.9396926207859082059 ) ) ;
#1489 = LINE ( 'NONE', #180, #563 ) ;
#1490 = FACE_OUTER_BOUND ( 'NONE', #2723, .T. ) ;
#1491 = ORIENTED_EDGE ( 'NONE', *, *, #2533, .F. ) ;
#1492 = DIRECTION ( 'NONE',  ( -0.3236155771181852825, -0.8891264907159879272, -0.3236155771181852825 ) ) ;
#1493 = CARTESIAN_POINT ( 'NONE',  ( -4.523877217232732839, 4.000000000000000000, -2.564609482678953611 ) ) ;
#1494 = ORIENTED_EDGE ( 'NONE', *, *, #2533, .T. ) ;
#1495 = CARTESIAN_POINT ( 'NONE',  ( 5.113990904189015474, 8.436881888544018437, 10.02768189777941821 ) ) ;
#1496 = CARTESIAN_POINT ( 'NONE',  ( -4.523877217232733727, 5.000000000000000000, 2.692564820671626613 ) ) ;
#1497 = CARTESIAN_POINT ( 'NONE',  ( -7.343968592367350112, 9.640993837561333990, -5.384700857813568220 ) ) ;
#1498 = VERTEX_POINT ( 'NONE', #457 ) ;
#1499 = CARTESIAN_POINT ( 'NONE',  ( -0.4189359267734557024, 4.792893218813452982, 2.890331807780322837 ) ) ;
#1500 = VECTOR ( 'NONE', #2473, 1000.000000000000000 ) ;
#1501 = DIRECTION ( 'NONE',  ( 1.000000000000000000, 0.000000000000000000, 1.606225440719265874E-16 ) ) ;
#1502 = EDGE_CURVE ( 'NONE', #1893, #670, #1431, .T. ) ;
#1503 = CARTESIAN_POINT ( 'NONE',  ( -10.49211716259934946, 7.376235673783146929, -3.158758810132622052 ) ) ;
#1504 = CARTESIAN_POINT ( 'NONE',  ( -6.388852944542947832, 6.766100126547493154, -5.509825125122167933 ) ) ;
#1505 = EDGE_LOOP ( 'NONE', ( #160, #452, #2219, #203 ) ) ;
#1506 = LINE ( 'NONE', #2564, #1878 ) ;
#1507 = AXIS2_PLACEMENT_3D ( 'NONE', #2205, #324, #2056 ) ;
#1508 = CARTESIAN_POINT ( 'NONE',  ( 5.437998012218900890, 6.500000000000000000, -4.923116205728908845 ) ) ;
#1509 = ORIENTED_EDGE ( 'NONE', *, *, #275, .T. ) ;
#1510 = CARTESIAN_POINT ( 'NONE',  ( -0.4189359267734559800, 4.500000000000000888, 4.240331807780323814 ) ) ;
#1511 = AXIS2_PLACEMENT_3D ( 'NONE', #1979, #1460, #1684 ) ;
#1512 = CARTESIAN_POINT ( 'NONE',  ( -5.463569838018641711, 4.342020143325669324, 9.515331807780324169 ) ) ;
#1513 = CARTESIAN_POINT ( 'NONE',  ( -9.158432290828974587, -0.6493411478803687853, -6.460558741516036818 ) ) ;
#1514 = ORIENTED_EDGE ( 'NONE', *, *, #1962, .F. ) ;
#1515 = CYLINDRICAL_SURFACE ( 'NONE', #1375, 1.000000000000000000 ) ;
#1516 = PLANE ( 'NONE',  #2227 ) ;
#1517 = CYLINDRICAL_SURFACE ( 'NONE', #25, 0.5000000000000000000 ) ;
#1518 = TOROIDAL_SURFACE ( 'NONE', #2399, 5.500000000000000888, 2.500000000000000000 ) ;
#1519 = CARTESIAN_POINT ( 'NONE',  ( 5.437998012218894672, 7.500000000000000000, 9.353779821289549545 ) ) ;
#1520 = CARTESIAN_POINT ( 'NONE',  ( -5.118305812233188590, 6.688947303890572016, 10.33588992556727248 ) ) ;
#1521 = VERTEX_POINT ( 'NONE', #1760 ) ;
#1522 = ADVANCED_FACE ( 'NONE', ( #1922 ), #2388, .T. ) ;
#1523 = DIRECTION ( 'NONE',  ( 1.000000000000000000, 0.000000000000000000, 1.873929680839142821E-16 ) ) ;
#1524 = ORIENTED_EDGE ( 'NONE', *, *, #1254, .T. ) ;
#1525 = CARTESIAN_POINT ( 'NONE',  ( 9.741817252317071407, -1.053458627512307011, 11.70108498687085152 ) ) ;
#1526 = ADVANCED_FACE ( 'NONE', ( #2539 ), #416, .F. ) ;
#1527 = CARTESIAN_POINT ( 'NONE',  ( -2.743838612549776901, 2.605887975475156271, 1.952794155652906261 ) ) ;
#1528 = CARTESIAN_POINT ( 'NONE',  ( 1.781064073226543920, 5.000000000000000000, 2.890331807780322837 ) ) ;
#1529 = ORIENTED_EDGE ( 'NONE', *, *, #1209, .T. ) ;
#1530 = CYLINDRICAL_SURFACE ( 'NONE', #552, 0.5000000000000000000 ) ;
#1531 = CARTESIAN_POINT ( 'NONE',  ( -1.268935926773455902, 5.000000000000000000, 2.040331807780323192 ) ) ;
#1532 = CARTESIAN_POINT ( 'NONE',  ( -7.559887097740953799, 6.758920368064360140, 8.691961691365593268 ) ) ;
#1533 = ORIENTED_EDGE ( 'NONE', *, *, #2610, .T. ) ;
#1534 = CARTESIAN_POINT ( 'NONE',  ( 7.345112583560206687, 7.499999999999997335, 7.913743512462463769 ) ) ;
#1535 = PLANE ( 'NONE',  #2398 ) ;
#1536 = EDGE_CURVE ( 'NONE', #1753, #1807, #1901, .T. ) ;
#1537 = ORIENTED_EDGE ( 'NONE', *, *, #2394, .F. ) ;
#1538 = CARTESIAN_POINT ( 'NONE',  ( 7.856096738820433245, 9.640993837561333990, 9.815364473374213361 ) ) ;
#1539 = CARTESIAN_POINT ( 'NONE',  ( -9.344185469919501941, -1.702799775392677573, -6.646311920606565948 ) ) ;
#1540 = VERTEX_POINT ( 'NONE', #1412 ) ;
#1541 = VECTOR ( 'NONE', #509, 1000.000000000000000 ) ;
#1542 = CARTESIAN_POINT ( 'NONE',  ( -6.689924990188630183, 7.500000000000001776, 8.267328076851269358 ) ) ;
#1543 = VECTOR ( 'NONE', #168, 1000.000000000000000 ) ;
#1544 = CARTESIAN_POINT ( 'NONE',  ( -6.882383931800543309, 7.500000000000000000, 7.655436458186537507 ) ) ;
#1545 = CARTESIAN_POINT ( 'NONE',  ( 0.2560640732265440644, 5.000000000000000000, 2.215331807780322571 ) ) ;
#1546 = CARTESIAN_POINT ( 'NONE',  ( 0.2560640732265440644, 7.030000000000001137, 2.215331807780322571 ) ) ;
#1547 = ORIENTED_EDGE ( 'NONE', *, *, #551, .F. ) ;
#1548 = CARTESIAN_POINT ( 'NONE',  ( -1.115568608775157067, 2.500000007686585146, -0.4558748225339353533 ) ) ;
#1549 = AXIS2_PLACEMENT_3D ( 'NONE', #2707, #317, #1832 ) ;
#1550 = LINE ( 'NONE', #886, #478 ) ;
#1551 = ORIENTED_EDGE ( 'NONE', *, *, #2565, .T. ) ;
#1552 = CARTESIAN_POINT ( 'NONE',  ( 5.239829230553222139, 7.723217276023574662, 10.15352022414362665 ) ) ;
#1553 =( BOUNDED_SURFACE ( )  B_SPLINE_SURFACE ( 3, 2, ( 
 ( #2642, #2246, #2673 ),
 ( #2234, #322, #734 ),
 ( #763, #529, #1188 ),
 ( #704, #1573, #1602 ),
 ( #1628, #128, #1173 ),
 ( #541, #2025, #981 ),
 ( #66, #1416, #309 ),
 ( #749, #294, #2408 ),
 ( #933, #2437, #1838 ),
 ( #964, #2461, #98 ),
 ( #489, #995, #2217 ),
 ( #1616, #2611, #1388 ),
 ( #2628, #719, #2449 ),
 ( #1824, #2038, #2261 ) ),
 .UNSPECIFIED., .F., .F., .F. ) 
 B_SPLINE_SURFACE_WITH_KNOTS ( ( 4, 2, 2, 2, 2, 2, 4 ),
 ( 3, 3 ),
 ( 0.004765505998813314784, 0.005479368188092983982, 0.006193230377372653181, 0.007620954755931990711, 0.009048679134491328241, 0.009762541323770997440, 0.01047640351305066664 ),
 ( 0.000000000000000000, 1.000000000000000000 ),
 .UNSPECIFIED. ) 
 GEOMETRIC_REPRESENTATION_ITEM ( )  RATIONAL_B_SPLINE_SURFACE ( (
 ( 1.000000000000000000, 0.7071067811865870967, 1.000000000000000000),
 ( 1.000000000000000000, 0.7215243240585219597, 1.000000000000000000),
 ( 1.000000000000000000, 0.7348435288419896683, 1.000000000000000000),
 ( 1.000000000000000000, 0.7584603469295110312, 1.000000000000000000),
 ( 1.000000000000000000, 0.7688024658872001371, 1.000000000000000000),
 ( 1.000000000000000000, 0.7937504299610850245, 1.000000000000000000),
 ( 1.000000000000000000, 0.8025284567600914354, 1.000000000000000000),
 ( 1.000000000000000000, 0.8024782797791052413, 1.000000000000000000),
 ( 1.000000000000000000, 0.7936570011963303140, 1.000000000000000000),
 ( 1.000000000000000000, 0.7687465872949544865, 1.000000000000000000),
 ( 1.000000000000000000, 0.7583943069025393946, 1.000000000000000000),
 ( 1.000000000000000000, 0.7347509632275996960, 1.000000000000000000),
 ( 1.000000000000000000, 0.7214498624598538745, 1.000000000000000000),
 ( 1.000000000000000000, 0.7071067811865473507, 1.000000000000000000) ) ) 
 REPRESENTATION_ITEM ( '' )  SURFACE ( )  );
#1554 = EDGE_CURVE ( 'NONE', #601, #1346, #1773, .T. ) ;
#1555 = LINE ( 'NONE', #1078, #111 ) ;
#1556 = VECTOR ( 'NONE', #856, 1000.000000000000000 ) ;
#1557 = ORIENTED_EDGE ( 'NONE', *, *, #170, .F. ) ;
#1558 = AXIS2_PLACEMENT_3D ( 'NONE', #2545, #627, #395 ) ;
#1559 = EDGE_CURVE ( 'NONE', #1470, #306, #1213, .T. ) ;
#1560 = FACE_OUTER_BOUND ( 'NONE', #1249, .T. ) ;
#1561 = CARTESIAN_POINT ( 'NONE',  ( -6.226499140857283621, 7.499999999999994671, 8.876916051460707280 ) ) ;
#1562 = EDGE_CURVE ( 'NONE', #1689, #918, #2668, .T. ) ;
#1563 = DIRECTION ( 'NONE',  ( 1.000000000000000000, 0.000000000000000000, 0.000000000000000000 ) ) ;
#1564 = CARTESIAN_POINT ( 'NONE',  ( -7.861796392163316050, 6.704246450888937225, 7.782137638005523606 ) ) ;
#1565 = ORIENTED_EDGE ( 'NONE', *, *, #790, .F. ) ;
#1566 = MECHANICAL_DESIGN_GEOMETRIC_PRESENTATION_REPRESENTATION (  '', ( #1474 ), #1158 ) ;
#1567 = CARTESIAN_POINT ( 'NONE',  ( 0.2560640732265446196, 2.605941635044260796, -0.7846681922196779846 ) ) ;
#1568 = AXIS2_PLACEMENT_3D ( 'NONE', #2360, #2373, #1308 ) ;
#1569 = CARTESIAN_POINT ( 'NONE',  ( 0.2560640732265441755, 2.605941635044261240, 5.215331807780323459 ) ) ;
#1570 = ORIENTED_EDGE ( 'NONE', *, *, #820, .T. ) ;
#1571 = FACE_OUTER_BOUND ( 'NONE', #2526, .T. ) ;
#1572 = CARTESIAN_POINT ( 'NONE',  ( 2.281064073226544142, 0.000000000000000000, 0.000000000000000000 ) ) ;
#1573 = CARTESIAN_POINT ( 'NONE',  ( 3.039147846588223345, 4.676057998324388620, 1.083360725250755774 ) ) ;
#1574 = VERTEX_POINT ( 'NONE', #1569 ) ;
#1575 = CARTESIAN_POINT ( 'NONE',  ( 4.162503428844198439, 7.030000000000000249, 0.2621121299714946895 ) ) ;
#1576 = ADVANCED_FACE ( 'NONE', ( #2433 ), #1226, .T. ) ;
#1577 = DIRECTION ( 'NONE',  ( 1.000000000000000000, -0.000000000000000000, -0.000000000000000000 ) ) ;
#1578 = DIRECTION ( 'NONE',  ( -1.873929680839142821E-16, 0.000000000000000000, 1.000000000000000000 ) ) ;
#1579 = CARTESIAN_POINT ( 'NONE',  ( 8.072015244194174599, 6.758920368064352147, -4.261298075804675456 ) ) ;
#1580 = VERTEX_POINT ( 'NONE', #1381 ) ;
#1581 = CARTESIAN_POINT ( 'NONE',  ( -2.045882219700351001, 5.000000000000000000, -2.564609482678953611 ) ) ;
#1582 = CARTESIAN_POINT ( 'NONE',  ( 0.08106407322654470005, 5.000000000000000000, 0.6903318077803228814 ) ) ;
#1583 = CARTESIAN_POINT ( 'NONE',  ( -6.704443576462030485, 6.775810048747894498, -5.298638660217877216 ) ) ;
#1584 = ORIENTED_EDGE ( 'NONE', *, *, #584, .T. ) ;
#1585 = CARTESIAN_POINT ( 'NONE',  ( 8.233611717913056793, 7.500000000000000000, -5.762215836906189992 ) ) ;
#1586 = LINE ( 'NONE', #114, #965 ) ;
#1587 = ORIENTED_EDGE ( 'NONE', *, *, #2268, .F. ) ;
#1588 = AXIS2_PLACEMENT_3D ( 'NONE', #2369, #2677, #769 ) ;
#1589 = CARTESIAN_POINT ( 'NONE',  ( 7.762934902864045306, 6.776010522933517244, 9.185077414848176858 ) ) ;
#1590 = CARTESIAN_POINT ( 'NONE',  ( -7.257906394771703518, 6.775810048747825221, 9.175839457468846661 ) ) ;
#1591 = EDGE_CURVE ( 'NONE', #2300, #2438, #2229, .T. ) ;
#1592 = CARTESIAN_POINT ( 'NONE',  ( 6.920208927079552375, 7.500000000000000000, -4.264299575291133237 ) ) ;
#1593 = ORIENTED_EDGE ( 'NONE', *, *, #2132, .T. ) ;
#1594 = CARTESIAN_POINT ( 'NONE',  ( 1.205560032963020278, 5.000000000000000000, -2.564609482678953611 ) ) ;
#1595 = CARTESIAN_POINT ( 'NONE',  ( -1.268935926773456124, 5.000000000000000000, 2.390331807780322837 ) ) ;
#1596 = B_SPLINE_CURVE_WITH_KNOTS ( 'NONE', 3,
 ( #1724, #1473, #2337, #2391 ),
 .UNSPECIFIED., .F., .F.,
 ( 4, 4 ),
 ( -0.004199001011399789048, 0.003055565803317981249 ),
 .UNSPECIFIED. ) ;
#1597 = CARTESIAN_POINT ( 'NONE',  ( -6.882383940282691626, 7.500000000000005329, -2.966602131212032756 ) ) ;
#1598 = VERTEX_POINT ( 'NONE', #1635 ) ;
#1599 = DIRECTION ( 'NONE',  ( 1.000000000000000000, 0.000000000000000000, 2.208559980988990915E-16 ) ) ;
#1600 = DIRECTION ( 'NONE',  ( 0.000000000000000000, -0.3420201433256694346, 0.9396926207859080948 ) ) ;
#1601 = EDGE_CURVE ( 'NONE', #306, #2073, #1385, .T. ) ;
#1602 = CARTESIAN_POINT ( 'NONE',  ( 5.036005363685820413, 5.000000000000000000, 0.3523231163640397900 ) ) ;
#1603 = ORIENTED_EDGE ( 'NONE', *, *, #410, .F. ) ;
#1604 = AXIS2_PLACEMENT_3D ( 'NONE', #475, #1325, #1927 ) ;
#1605 = CARTESIAN_POINT ( 'NONE',  ( 5.036005363685821301, 4.000000000000000000, -2.564609482678953167 ) ) ;
#1606 = CARTESIAN_POINT ( 'NONE',  ( 0.2560640732265440644, 2.500000000000000000, 2.215331807780322571 ) ) ;
#1607 = CARTESIAN_POINT ( 'NONE',  ( 8.120038487842025532, 7.499999999999663380, -3.674689132542349412 ) ) ;
#1608 = CARTESIAN_POINT ( 'NONE',  ( 0.5186017253533101723, 2.605887975475260632, -0.7845708779959984502 ) ) ;
#1609 = FACE_OUTER_BOUND ( 'NONE', #2582, .T. ) ;
#1610 = CARTESIAN_POINT ( 'NONE',  ( -0.4189359267734556469, 5.000000000000000000, 2.040331807780323192 ) ) ;
#1611 = ORIENTED_EDGE ( 'NONE', *, *, #1040, .T. ) ;
#1612 = CARTESIAN_POINT ( 'NONE',  ( 0.9310640732265448305, 4.500000000000000888, 0.1903318077803230479 ) ) ;
#1613 = ADVANCED_FACE ( 'NONE', ( #1197 ), #2257, .F. ) ;
#1614 = CARTESIAN_POINT ( 'NONE',  ( 8.068414163225645197, 8.436881888544020214, -2.642595023182154002 ) ) ;
#1615 = VECTOR ( 'NONE', #2694, 1000.000000000000000 ) ;
#1616 = CARTESIAN_POINT ( 'NONE',  ( 2.983343704317358736, 2.508057854593359615, 3.471792099794021702 ) ) ;
#1617 = ORIENTED_EDGE ( 'NONE', *, *, #1277, .T. ) ;
#1618 = CARTESIAN_POINT ( 'NONE',  ( -7.043935926773459144, 0.000000000000000000, 9.515331807780324169 ) ) ;
#1619 = DIRECTION ( 'NONE',  ( 0.4946711491256315929, -0.000000000000000000, 0.8690802346289596692 ) ) ;
#1620 = CARTESIAN_POINT ( 'NONE',  ( 6.425829626139612394, 7.499999999999976019, -4.668757408820505717 ) ) ;
#1621 = DIRECTION ( 'NONE',  ( -1.000000000000000000, -0.000000000000000000, -0.000000000000000000 ) ) ;
#1622 = CARTESIAN_POINT ( 'NONE',  ( 0.000000000000000000, 0.000000000000000000, 2.890331807780322837 ) ) ;
#1623 = CARTESIAN_POINT ( 'NONE',  ( -6.122464713727375774, 7.500000000000000888, -4.530932691347641317 ) ) ;
#1624 = ORIENTED_EDGE ( 'NONE', *, *, #2477, .F. ) ;
#1625 = DIRECTION ( 'NONE',  ( 1.000000000000000000, 0.000000000000000000, 4.336808689942017736E-16 ) ) ;
#1626 = FACE_OUTER_BOUND ( 'NONE', #2365, .T. ) ;
#1627 = ADVANCED_FACE ( 'NONE', ( #2470 ), #220, .F. ) ;
#1628 = CARTESIAN_POINT ( 'NONE',  ( 3.123324555665604407, 2.545082796953221926, 1.323364276317915200 ) ) ;
#1629 = ORIENTED_EDGE ( 'NONE', *, *, #2703, .F. ) ;
#1630 = DIRECTION ( 'NONE',  ( -1.000000000000000000, 0.000000000000000000, 0.000000000000000000 ) ) ;
#1631 = LINE ( 'NONE', #2069, #557 ) ;
#1632 = DIRECTION ( 'NONE',  ( -0.000000000000000000, 1.000000000000000000, -0.000000000000000000 ) ) ;
#1633 = CARTESIAN_POINT ( 'NONE',  ( 1.891337880806749805, 4.999999999999995559, 6.995273098239576548 ) ) ;
#1634 = DIRECTION ( 'NONE',  ( -1.865294060190115224E-16, 0.000000000000000000, -1.000000000000000000 ) ) ;
#1635 = CARTESIAN_POINT ( 'NONE',  ( 2.976755393417520601, 5.000000000000000000, -2.564609482678953611 ) ) ;
#1636 = ORIENTED_EDGE ( 'NONE', *, *, #2329, .F. ) ;
#1637 = DIRECTION ( 'NONE',  ( 1.000000000000000000, 0.000000000000000000, 0.000000000000000000 ) ) ;
#1638 = CARTESIAN_POINT ( 'NONE',  ( 0.2560640732265440644, 2.500000000000000000, 2.215331807780322571 ) ) ;
#1639 = EDGE_CURVE ( 'NONE', #84, #1383, #1182, .T. ) ;
#1640 = CARTESIAN_POINT ( 'NONE',  ( 8.379319839747992660, 6.673648177666898107, -2.966602131212042082 ) ) ;
#1641 = VERTEX_POINT ( 'NONE', #855 ) ;
#1642 = CARTESIAN_POINT ( 'NONE',  ( 8.379319839747980225, 6.673648177666930081, 7.397265746772673012 ) ) ;
#1643 = EDGE_CURVE ( 'NONE', #929, #2317, #450, .T. ) ;
#1644 = CIRCLE ( 'NONE', #2657, 0.9999999999999998890 ) ;
#1645 = CARTESIAN_POINT ( 'NONE',  ( -0.4189359267734552028, 0.000000000000000000, -7.850564675506312877E-17 ) ) ;
#1646 = CIRCLE ( 'NONE', #336, 2.500000000000000000 ) ;
#1647 = SURFACE_STYLE_USAGE ( .BOTH. , #2691 ) ;
#1648 = ADVANCED_FACE ( 'NONE', ( #1311 ), #1721, .T. ) ;
#1649 = CARTESIAN_POINT ( 'NONE',  ( -4.523877217232734615, 4.000000000000000000, 6.995273098239598752 ) ) ;
#1650 = EDGE_LOOP ( 'NONE', ( #404, #1003, #869, #2183 ) ) ;
#1651 = CARTESIAN_POINT ( 'NONE',  ( 6.897596775482313980, 6.765973757926270871, 9.942509618564765006 ) ) ;
#1652 = CARTESIAN_POINT ( 'NONE',  ( 9.556064073226542277, 0.000000000000000000, -6.344296743640001957 ) ) ;
#1653 = ORIENTED_EDGE ( 'NONE', *, *, #2366, .F. ) ;
#1654 = AXIS2_PLACEMENT_3D ( 'NONE', #2117, #10, #2568 ) ;
#1655 = AXIS2_PLACEMENT_3D ( 'NONE', #1493, #2332, #1279 ) ;
#1656 = CARTESIAN_POINT ( 'NONE',  ( 5.437998012218900890, 7.500000000000000000, -4.923116205728907957 ) ) ;
#1657 = AXIS2_PLACEMENT_3D ( 'NONE', #187, #838, #2146 ) ;
#1658 = VERTEX_POINT ( 'NONE', #2542 ) ;
#1659 = DIRECTION ( 'NONE',  ( -0.000000000000000000, 1.000000000000000000, -0.000000000000000000 ) ) ;
#1660 = EDGE_CURVE ( 'NONE', #746, #1888, #174, .T. ) ;
#1661 = DIRECTION ( 'NONE',  ( -1.188166764367676095E-16, 0.000000000000000000, 1.000000000000000000 ) ) ;
#1662 = VECTOR ( 'NONE', #2758, 1000.000000000000000 ) ;
#1663 = DIRECTION ( 'NONE',  ( 0.000000000000000000, -0.000000000000000000, -1.000000000000000000 ) ) ;
#1664 = ORIENTED_EDGE ( 'NONE', *, *, #2096, .T. ) ;
#1665 = CARTESIAN_POINT ( 'NONE',  ( 7.484268258771969329, 7.500000000000052403, 9.193793387693251162 ) ) ;
#1666 = PLANE ( 'NONE',  #1417 ) ;
#1667 = CARTESIAN_POINT ( 'NONE',  ( 2.073957292039996236, 5.000000000000000888, 1.747438588966871320 ) ) ;
#1668 = LINE ( 'NONE', #140, #2083 ) ;
#1669 = ORIENTED_EDGE ( 'NONE', *, *, #970, .T. ) ;
#1670 = LINE ( 'NONE', #2689, #1018 ) ;
#1671 = CARTESIAN_POINT ( 'NONE',  ( 2.992749464724747011, 2.500000000000000444, 0.9587377675784165554 ) ) ;
#1672 = CARTESIAN_POINT ( 'NONE',  ( -0.6934318865103475948, 5.000000000000000000, 6.995273098239598752 ) ) ;
#1673 = EDGE_CURVE ( 'NONE', #1239, #1658, #776, .T. ) ;
#1674 = VECTOR ( 'NONE', #227, 1000.000000000000000 ) ;
#1675 = CARTESIAN_POINT ( 'NONE',  ( -8.248780121272133670, 4.509552663503134440, 7.765752743242374301 ) ) ;
#1676 = ORIENTED_EDGE ( 'NONE', *, *, #1815, .T. ) ;
#1677 = CARTESIAN_POINT ( 'NONE',  ( 7.893142591169111988, 7.500000000000217604, 8.604243434825198378 ) ) ;
#1678 = AXIS2_PLACEMENT_3D ( 'NONE', #77, #658, #497 ) ;
#1679 = CARTESIAN_POINT ( 'NONE',  ( 6.425829626890309676, 7.499999999999977796, -4.668757409756919330 ) ) ;
#1680 = VERTEX_POINT ( 'NONE', #2118 ) ;
#1681 = ADVANCED_FACE ( 'NONE', ( #188 ), #1068, .F. ) ;
#1682 = CARTESIAN_POINT ( 'NONE',  ( -0.4189359267734552583, 4.500000000000000888, 0.1903318077803227426 ) ) ;
#1683 = ORIENTED_EDGE ( 'NONE', *, *, #1262, .T. ) ;
#1684 = DIRECTION ( 'NONE',  ( 0.000000000000000000, 0.000000000000000000, -1.000000000000000000 ) ) ;
#1685 = CARTESIAN_POINT ( 'NONE',  ( 5.036005363685822189, 4.000000000000000000, -2.564609482678953611 ) ) ;
#1686 = DIRECTION ( 'NONE',  ( 0.000000000000000000, -0.000000000000000000, 1.000000000000000000 ) ) ;
#1687 = CARTESIAN_POINT ( 'NONE',  ( -7.043935926773459144, 0.000000000000000000, 9.138647492420536977 ) ) ;
#1688 = AXIS2_PLACEMENT_3D ( 'NONE', #1967, #2188, #37 ) ;
#1689 = VERTEX_POINT ( 'NONE', #796 ) ;
#1690 = CARTESIAN_POINT ( 'NONE',  ( 8.207594964644991720, 7.499999999996895816, 7.757418389081959909 ) ) ;
#1691 = AXIS2_PLACEMENT_3D ( 'NONE', #1982, #2367, #54 ) ;
#1692 = CARTESIAN_POINT ( 'NONE',  ( 2.976755393417522821, 5.000000000000000000, 6.995273098239597864 ) ) ;
#1693 = EDGE_CURVE ( 'NONE', #1498, #422, #2469, .T. ) ;
#1694 = EDGE_LOOP ( 'NONE', ( #857, #2141, #2175, #516 ) ) ;
#1695 = ORIENTED_EDGE ( 'NONE', *, *, #493, .T. ) ;
#1696 = CARTESIAN_POINT ( 'NONE',  ( 0.7725879326205208342, 2.585117454541848936, -0.7510611067349920456 ) ) ;
#1697 = ORIENTED_EDGE ( 'NONE', *, *, #375, .F. ) ;
#1698 = CARTESIAN_POINT ( 'NONE',  ( 0.000000000000000000, 6.500000000000000000, -4.923116205728907957 ) ) ;
#1699 = CIRCLE ( 'NONE', #1568, 3.000000000000000444 ) ;
#1700 = AXIS2_PLACEMENT_3D ( 'NONE', #2244, #48, #320 ) ;
#1701 = CARTESIAN_POINT ( 'NONE',  ( 0.4310640732265448305, 4.500000000000000888, 6.923860809965486905E-17 ) ) ;
#1702 = CARTESIAN_POINT ( 'NONE',  ( -6.856909064340849902, 6.778399508420209330, -5.173687404220349784 ) ) ;
#1703 = VERTEX_POINT ( 'NONE', #1425 ) ;
#1704 = CARTESIAN_POINT ( 'NONE',  ( 0.2560640732265440644, 7.376235673783147817, -3.158758810132626937 ) ) ;
#1705 = CARTESIAN_POINT ( 'NONE',  ( 2.281064073226544142, 4.500000000000000888, 1.540331807780323858 ) ) ;
#1706 = ORIENTED_EDGE ( 'NONE', *, *, #1759, .F. ) ;
#1707 = CARTESIAN_POINT ( 'NONE',  ( 0.4310640732265443864, 5.000000000000000000, 2.390331807780322837 ) ) ;
#1708 = ADVANCED_FACE ( 'NONE', ( #2072 ), #106, .F. ) ;
#1709 = CARTESIAN_POINT ( 'NONE',  ( -4.523877217232733727, 5.000000000000000000, 3.850605615360894518 ) ) ;
#1710 = DIRECTION ( 'NONE',  ( 1.000000000000000000, 1.734723475976806306E-15, -6.313877099383603896E-16 ) ) ;
#1711 = EDGE_LOOP ( 'NONE', ( #2199, #1112, #1903, #1557 ) ) ;
#1712 = DIRECTION ( 'NONE',  ( 0.000000000000000000, 0.3420201433256693790, 0.9396926207859082059 ) ) ;
#1713 = CARTESIAN_POINT ( 'NONE',  ( -7.043935926773457368, 0.000000000000000000, -5.084668192219678140 ) ) ;
#1714 = CARTESIAN_POINT ( 'NONE',  ( 2.863304777113422350, 2.500000000000000000, 0.7313183604034270147 ) ) ;
#1715 = B_SPLINE_CURVE_WITH_KNOTS ( 'NONE', 3,
 ( #2024, #2201, #2215, #931, #321, #274 ),
 .UNSPECIFIED., .F., .F.,
 ( 4, 2, 4 ),
 ( 0.001557343315390926144, 0.002336754436082432232, 0.003116165556773938319 ),
 .UNSPECIFIED. ) ;
#1716 = CARTESIAN_POINT ( 'NONE',  ( -8.603118475002293764, 2.500000000000003553, 11.07451435600916057 ) ) ;
#1717 = ORIENTED_EDGE ( 'NONE', *, *, #45, .F. ) ;
#1718 = DIRECTION ( 'NONE',  ( -0.000000000000000000, 0.000000000000000000, 1.000000000000000000 ) ) ;
#1719 = ORIENTED_EDGE ( 'NONE', *, *, #2340, .F. ) ;
#1720 = FACE_OUTER_BOUND ( 'NONE', #2728, .T. ) ;
#1721 = CYLINDRICAL_SURFACE ( 'NONE', #2596, 3.000000000000000888 ) ;
#1722 = CARTESIAN_POINT ( 'NONE',  ( -7.595645245095764331, 8.213664612520444663, -5.636377510541980662 ) ) ;
#1723 = ORIENTED_EDGE ( 'NONE', *, *, #1363, .F. ) ;
#1724 = CARTESIAN_POINT ( 'NONE',  ( 5.437998012218900001, 6.673648177666930970, -5.907923958741116977 ) ) ;
#1725 = AXIS2_PLACEMENT_3D ( 'NONE', #137, #1637, #2525 ) ;
#1726 = CARTESIAN_POINT ( 'NONE',  ( 11.00424530905243614, 7.376235673783146929, -3.158758810132625605 ) ) ;
#1727 = EDGE_CURVE ( 'NONE', #1941, #1641, #2030, .T. ) ;
#1728 = FACE_OUTER_BOUND ( 'NONE', #925, .T. ) ;
#1729 = B_SPLINE_CURVE_WITH_KNOTS ( 'NONE', 3,
 ( #1865, #381, #2287, #1241 ),
 .UNSPECIFIED., .F., .F.,
 ( 4, 4 ),
 ( -0.007381235388676052160, -0.0001266685739582801284 ),
 .UNSPECIFIED. ) ;
#1730 = CARTESIAN_POINT ( 'NONE',  ( -8.419826476069816934, -0.6493411478803686743, 11.62982817183583961 ) ) ;
#1731 = FACE_OUTER_BOUND ( 'NONE', #186, .T. ) ;
#1732 = ADVANCED_FACE ( 'NONE', ( #1169 ), #2680, .T. ) ;
#1733 = ORIENTED_EDGE ( 'NONE', *, *, #104, .F. ) ;
#1734 = CIRCLE ( 'NONE', #919, 2.500000000000000444 ) ;
#1735 = CARTESIAN_POINT ( 'NONE',  ( -4.382803362989070806, 4.729617372335567005, 7.793891864781842926 ) ) ;
#1736 = VERTEX_POINT ( 'NONE', #535 ) ;
#1737 = DIRECTION ( 'NONE',  ( 0.4946711491256320370, 0.000000000000000000, 0.8690802346289592251 ) ) ;
#1738 = CARTESIAN_POINT ( 'NONE',  ( -4.523877217232733727, 4.999999999999999112, 0.5788262265388807171 ) ) ;
#1739 = CARTESIAN_POINT ( 'NONE',  ( -0.4189359267734555914, 0.000000000000000000, 1.540331807780323414 ) ) ;
#1740 = ORIENTED_EDGE ( 'NONE', *, *, #1040, .F. ) ;
#1741 = DIRECTION ( 'NONE',  ( 1.606225440719265381E-16, 0.000000000000000000, -1.000000000000000000 ) ) ;
#1742 = FACE_OUTER_BOUND ( 'NONE', #705, .T. ) ;
#1743 = AXIS2_PLACEMENT_3D ( 'NONE', #487, #96, #2655 ) ;
#1744 = EDGE_CURVE ( 'NONE', #2537, #22, #678, .T. ) ;
#1745 = DIRECTION ( 'NONE',  ( -0.000000000000000000, 1.000000000000000000, -0.000000000000000000 ) ) ;
#1746 = DIRECTION ( 'NONE',  ( 1.000000000000000000, 0.000000000000000000, 0.000000000000000000 ) ) ;
#1747 = ORIENTED_EDGE ( 'NONE', *, *, #1108, .T. ) ;
#1748 = CARTESIAN_POINT ( 'NONE',  ( -4.925869865765812428, 6.500000000000000000, 9.353779821289553098 ) ) ;
#1749 = CARTESIAN_POINT ( 'NONE',  ( 0.2560640732265440644, 0.000000000000000000, 2.215331807780322571 ) ) ;
#1750 = VERTEX_POINT ( 'NONE', #1397 ) ;
#1751 = CARTESIAN_POINT ( 'NONE',  ( 8.320090815954053198, 7.009552663503130887, 7.324935291471208032 ) ) ;
#1752 = CARTESIAN_POINT ( 'NONE',  ( -5.294356862235511940, 4.509552663503134440, -6.289512386718353554 ) ) ;
#1753 = VERTEX_POINT ( 'NONE', #331 ) ;
#1754 = CARTESIAN_POINT ( 'NONE',  ( -6.834974271903606180, 7.500000000000000888, 7.907470200435945173 ) ) ;
#1755 = DIRECTION ( 'NONE',  ( 0.000000000000000000, 0.000000000000000000, -1.000000000000000000 ) ) ;
#1756 = CARTESIAN_POINT ( 'NONE',  ( -9.043935926773453815, 2.495020249432266763E-14, 10.97079149634470241 ) ) ;
#1757 = ORIENTED_EDGE ( 'NONE', *, *, #460, .F. ) ;
#1758 = CARTESIAN_POINT ( 'NONE',  ( -0.4189359267734555914, 4.500000000000000888, 1.540331807780323414 ) ) ;
#1759 = EDGE_CURVE ( 'NONE', #1540, #477, #5, .T. ) ;
#1760 = CARTESIAN_POINT ( 'NONE',  ( -1.227949374150353101, 2.500000000000000000, 4.822572511667199358 ) ) ;
#1761 = ORIENTED_EDGE ( 'NONE', *, *, #2096, .F. ) ;
#1762 = CARTESIAN_POINT ( 'NONE',  ( 8.107773391548846575, 8.213664612520442887, 10.06704112610262847 ) ) ;
#1763 = CARTESIAN_POINT ( 'NONE',  ( -7.886132434753391429, 2.377388165875785830, -6.665470514958765413 ) ) ;
#1764 = ORIENTED_EDGE ( 'NONE', *, *, #1536, .T. ) ;
#1765 = ADVANCED_FACE ( 'NONE', ( #570 ), #1210, .T. ) ;
#1766 = CARTESIAN_POINT ( 'NONE',  ( -6.127581399661352179, 7.499999999999976907, 8.957755377950908482 ) ) ;
#1767 = CARTESIAN_POINT ( 'NONE',  ( -7.133779921856411299, 6.778398839171499546, 9.327473019877285054 ) ) ;
#1768 = LINE ( 'NONE', #1095, #1443 ) ;
#1769 = CARTESIAN_POINT ( 'NONE',  ( 0.2560640732265436759, 7.149453399657691222, -1.591981607291016898 ) ) ;
#1770 = B_SPLINE_CURVE_WITH_KNOTS ( 'NONE', 3,
 ( #865, #1520, #2589, #42, #2414, #665, #18, #650, #710, #455, #243, #2208, #1532, #2356, #1564, #1111 ),
 .UNSPECIFIED., .F., .F.,
 ( 4, 2, 2, 2, 2, 2, 2, 4 ),
 ( -5.999999999332766465E-08, 0.0005791259861476878105, 0.001158311972295368976, 0.001737497958443050142, 0.002316683944590731525, 0.002895869930738412690, 0.003475055916886093856, 0.004633427889181451417 ),
 .UNSPECIFIED. ) ;
#1771 = ORIENTED_EDGE ( 'NONE', *, *, #2099, .F. ) ;
#1772 = FACE_OUTER_BOUND ( 'NONE', #67, .T. ) ;
#1773 = LINE ( 'NONE', #912, #2465 ) ;
#1774 = ORIENTED_EDGE ( 'NONE', *, *, #2329, .T. ) ;
#1775 = CARTESIAN_POINT ( 'NONE',  ( -9.043935926773457368, 0.000000000000000000, 10.77496035920045614 ) ) ;
#1776 = CARTESIAN_POINT ( 'NONE',  ( 9.763437026827322285, -1.176070461636523401, -6.553435331061302271 ) ) ;
#1777 = CIRCLE ( 'NONE', #641, 7.093109588361092399 ) ;
#1778 = ADVANCED_FACE ( 'NONE', ( #2692 ), #783, .F. ) ;
#1779 = CARTESIAN_POINT ( 'NONE',  ( 5.036005363685820413, 5.000000000000000000, -2.564609482678953611 ) ) ;
#1780 = CIRCLE ( 'NONE', #2216, 12.00000000000000000 ) ;
#1781 = AXIS2_PLACEMENT_3D ( 'NONE', #1841, #1435, #1394 ) ;
#1782 = ORIENTED_EDGE ( 'NONE', *, *, #1193, .T. ) ;
#1783 = LINE ( 'NONE', #2614, #1997 ) ;
#1784 = FACE_OUTER_BOUND ( 'NONE', #80, .T. ) ;
#1785 = CARTESIAN_POINT ( 'NONE',  ( -1.561829145586908441, 5.000000000000000000, 1.747438588966870654 ) ) ;
#1786 = CARTESIAN_POINT ( 'NONE',  ( 6.907571063361739760, 6.766360796717673765, -5.506049777072594686 ) ) ;
#1787 = ORIENTED_EDGE ( 'NONE', *, *, #2016, .T. ) ;
#1788 = CARTESIAN_POINT ( 'NONE',  ( -0.6359034582362942389, 2.545082796953192616, -0.6519286746586114845 ) ) ;
#1789 = CARTESIAN_POINT ( 'NONE',  ( -2.611196409212468428, 2.545082796953244131, 3.107299339242867386 ) ) ;
#1790 = CIRCLE ( 'NONE', #1389, 2.500000000000000000 ) ;
#1791 = CARTESIAN_POINT ( 'NONE',  ( -7.129915720256557066, 6.778449283733358754, -4.901211624674333578 ) ) ;
#1792 = VERTEX_POINT ( 'NONE', #744 ) ;
#1793 = LINE ( 'NONE', #1368, #2442 ) ;
#1794 = CARTESIAN_POINT ( 'NONE',  ( 9.670560437282059496, -0.6493411478803704506, -6.460558741516038594 ) ) ;
#1795 = CARTESIAN_POINT ( 'NONE',  ( 0.000000000000000000, 4.000000000000000000, 6.995273098239597864 ) ) ;
#1796 = VERTEX_POINT ( 'NONE', #1818 ) ;
#1797 = EDGE_CURVE ( 'NONE', #837, #1796, #988, .T. ) ;
#1798 = CARTESIAN_POINT ( 'NONE',  ( -4.767060312423343049, 6.673648177666930970, 10.33858757430176212 ) ) ;
#1799 = CARTESIAN_POINT ( 'NONE',  ( -7.382746361206337760, 7.500000000000163425, 8.601206942780908804 ) ) ;
#1800 = PRODUCT_DEFINITION ( 'UNKNOWN', '', #466, #127 ) ;
#1801 = CARTESIAN_POINT ( 'NONE',  ( 0.2560640732265440644, 2.500000000000000000, 2.215331807780322571 ) ) ;
#1802 = ORIENTED_EDGE ( 'NONE', *, *, #729, .T. ) ;
#1803 = CARTESIAN_POINT ( 'NONE',  ( -0.2118291455869078244, 5.000000000000000000, 1.747438588966870654 ) ) ;
#1804 = ADVANCED_FACE ( 'NONE', ( #1609 ), #2241, .T. ) ;
#1805 = CARTESIAN_POINT ( 'NONE',  ( 0.9310640732265448305, 0.000000000000000000, 1.495498801356181381E-16 ) ) ;
#1806 = CARTESIAN_POINT ( 'NONE',  ( -7.721483571459971884, 7.500000000000003553, -2.966602131212031424 ) ) ;
#1807 = VERTEX_POINT ( 'NONE', #1845 ) ;
#1808 = DIRECTION ( 'NONE',  ( -2.208559980988990915E-16, 0.000000000000000000, 1.000000000000000000 ) ) ;
#1809 = PLANE ( 'NONE',  #16 ) ;
#1810 = FACE_OUTER_BOUND ( 'NONE', #1290, .T. ) ;
#1811 = ORIENTED_EDGE ( 'NONE', *, *, #1088, .T. ) ;
#1812 = CARTESIAN_POINT ( 'NONE',  ( 8.276127555739959618, 6.729338849314824955, 8.160208582274368183 ) ) ;
#1813 = CARTESIAN_POINT ( 'NONE',  ( -6.127581400412096535, 7.499999999999972466, 8.957755378887272357 ) ) ;
#1814 = CARTESIAN_POINT ( 'NONE',  ( 7.983241884011008871, 6.765973757926127874, -4.426200894475494252 ) ) ;
#1815 = EDGE_CURVE ( 'NONE', #272, #1750, #771, .T. ) ;
#1816 = ORIENTED_EDGE ( 'NONE', *, *, #1159, .F. ) ;
#1817 = LINE ( 'NONE', #91, #984 ) ;
#1818 = CARTESIAN_POINT ( 'NONE',  ( 5.036005363685821301, 4.342020143325669324, -3.504302103464861151 ) ) ;
#1819 = EDGE_CURVE ( 'NONE', #1910, #247, #556, .T. ) ;
#1820 = CARTESIAN_POINT ( 'NONE',  ( -8.952011174424214346, -3.191085340419217253E-15, -6.718381701186800115 ) ) ;
#1821 = ORIENTED_EDGE ( 'NONE', *, *, #2658, .T. ) ;
#1822 = CARTESIAN_POINT ( 'NONE',  ( -2.474120136805853121E-16, 0.000000000000000000, 1.540331807780323414 ) ) ;
#1823 = CARTESIAN_POINT ( 'NONE',  ( 9.117707801613430973, -1.702799775392676684, -7.384917735365721825 ) ) ;
#1824 = CARTESIAN_POINT ( 'NONE',  ( 2.863304777113421462, 2.500000000000000000, 3.699345255157219903 ) ) ;
#1825 = VERTEX_POINT ( 'NONE', #2521 ) ;
#1826 =( BOUNDED_CURVE ( )  B_SPLINE_CURVE ( 3, ( #1129, #872, #1980, #51 ),
 .UNSPECIFIED., .F., .T. ) 
 B_SPLINE_CURVE_WITH_KNOTS ( ( 4, 4 ),
 ( 4.712388980384689674, 6.283185307179586232 ),
 .UNSPECIFIED. ) 
 CURVE ( )  GEOMETRIC_REPRESENTATION_ITEM ( )  RATIONAL_B_SPLINE_CURVE ( ( 1.000000000000000000, 0.8047378541243649375, 0.8047378541243649375, 1.000000000000000000 ) ) 
 REPRESENTATION_ITEM ( '' )  );
#1827 = CIRCLE ( 'NONE', #2170, 3.000000000000000444 ) ;
#1828 = DIRECTION ( 'NONE',  ( -1.606225440719266120E-16, 0.000000000000000000, 1.000000000000000000 ) ) ;
#1829 = PLANE ( 'NONE',  #2341 ) ;
#1830 = CARTESIAN_POINT ( 'NONE',  ( -1.082918401520320817, 4.815092901358350552, 4.903834648605543300 ) ) ;
#1831 = EDGE_CURVE ( 'NONE', #471, #2073, #1988, .T. ) ;
#1832 = DIRECTION ( 'NONE',  ( 1.000000000000000000, 0.000000000000000000, 1.606225440719265874E-16 ) ) ;
#1833 = CARTESIAN_POINT ( 'NONE',  ( -7.782535473233084922, 6.731014305722849755, -3.731009717597983055 ) ) ;
#1834 = ORIENTED_EDGE ( 'NONE', *, *, #2751, .F. ) ;
#1835 = DIRECTION ( 'NONE',  ( -1.000000000000000000, 0.000000000000000000, 0.000000000000000000 ) ) ;
#1836 = CARTESIAN_POINT ( 'NONE',  ( 9.136866395965633103, 2.377388165875782278, -5.926864700199611313 ) ) ;
#1837 = VECTOR ( 'NONE', #2023, 1000.000000000000000 ) ;
#1838 = CARTESIAN_POINT ( 'NONE',  ( 5.036005363685820413, 5.000000000000000000, 3.164827767517009338 ) ) ;
#1839 = EDGE_LOOP ( 'NONE', ( #2405, #1811, #462 ) ) ;
#1840 = DIRECTION ( 'NONE',  ( 1.529392764415419442E-16, -8.673617379884012792E-16, 1.000000000000000000 ) ) ;
#1841 = CARTESIAN_POINT ( 'NONE',  ( -0.4189359267734552028, 0.000000000000000000, -7.850564675506312877E-17 ) ) ;
#1842 = CARTESIAN_POINT ( 'NONE',  ( 8.373972157873776467, 6.703976388657244101, -3.348083445322210583 ) ) ;
#1843 = AXIS2_PLACEMENT_3D ( 'NONE', #677, #1122, #1563 ) ;
#1844 = CARTESIAN_POINT ( 'NONE',  ( 5.036005363685820413, 5.000000000000000000, 5.983614198308843590E-16 ) ) ;
#1845 = CARTESIAN_POINT ( 'NONE',  ( -4.523877217232733727, 5.000000000000000000, -2.564609482678953611 ) ) ;
#1846 = CARTESIAN_POINT ( 'NONE',  ( -7.824762095053188204, 2.335209295277916208, -6.672907787860980378 ) ) ;
#1847 = ADVANCED_FACE ( 'NONE', ( #1490 ), #362, .T. ) ;
#1848 = ORIENTED_EDGE ( 'NONE', *, *, #396, .F. ) ;
#1849 = CARTESIAN_POINT ( 'NONE',  ( 6.308060343415487381, 7.500000000000000888, 9.161320873029799472 ) ) ;
#1850 = CARTESIAN_POINT ( 'NONE',  ( 9.537481474433228357, -2.963150673246579850E-15, 10.96904477775188802 ) ) ;
#1851 = EDGE_CURVE ( 'NONE', #1893, #1598, #329, .T. ) ;
#1852 = ORIENTED_EDGE ( 'NONE', *, *, #2110, .T. ) ;
#1853 = DIRECTION ( 'NONE',  ( 0.000000000000000000, 0.000000000000000000, 1.000000000000000000 ) ) ;
#1854 = ADVANCED_FACE ( 'NONE', ( #2316 ), #689, .T. ) ;
#1855 = CARTESIAN_POINT ( 'NONE',  ( 6.616371452440639622, 0.000000000000000000, -5.084668192219678140 ) ) ;
#1856 = CARTESIAN_POINT ( 'NONE',  ( 8.297763869365640588, 6.730456468940514192, -3.721687543821560418 ) ) ;
#1857 = CARTESIAN_POINT ( 'NONE',  ( -2.464627246964430807, 5.000000000000000000, 6.995273098239598752 ) ) ;
#1858 = CARTESIAN_POINT ( 'NONE',  ( 0.000000000000000000, 5.000000000000000000, 0.000000000000000000 ) ) ;
#1859 = EDGE_LOOP ( 'NONE', ( #2393, #1404, #2752 ) ) ;
#1860 = VECTOR ( 'NONE', #683, 1000.000000000000000 ) ;
#1861 = B_SPLINE_CURVE_WITH_KNOTS ( 'NONE', 3,
 ( #1906, #1486, #843, #2137 ),
 .UNSPECIFIED., .F., .F.,
 ( 4, 4 ),
 ( -0.008108464959739431280, -0.0008538981450216965446 ),
 .UNSPECIFIED. ) ;
#1862 = CARTESIAN_POINT ( 'NONE',  ( 7.394512086735780088, 7.500000000000000000, -3.225604820280972618 ) ) ;
#1863 = CARTESIAN_POINT ( 'NONE',  ( 0.2560640732265440644, 0.000000000000000000, 2.215331807780322571 ) ) ;
#1864 = ADVANCED_FACE ( 'NONE', ( #849 ), #1933, .T. ) ;
#1865 = CARTESIAN_POINT ( 'NONE',  ( -4.925869865765810651, 6.673648177666931858, 10.33858757430176212 ) ) ;
#1866 = EDGE_LOOP ( 'NONE', ( #2324, #899, #2204, #1083, #1118, #43 ) ) ;
#1867 = DIRECTION ( 'NONE',  ( -1.606225440719265874E-16, 0.000000000000000000, 1.000000000000000000 ) ) ;
#1868 = AXIS2_PLACEMENT_3D ( 'NONE', #1392, #1840, #2264 ) ;
#1869 = CIRCLE ( 'NONE', #194, 3.000000000000000444 ) ;
#1870 = CARTESIAN_POINT ( 'NONE',  ( 6.025516207797154244, 4.357030381264833885, 10.74706979579684152 ) ) ;
#1871 = VECTOR ( 'NONE', #2702, 1000.000000000000114 ) ;
#1872 = CARTESIAN_POINT ( 'NONE',  ( 1.679278936187195370, 4.900000659053125318, 4.857178429347215776 ) ) ;
#1873 = DIRECTION ( 'NONE',  ( -0.3236155771181853380, 0.8891264907159879272, 0.3236155771181852825 ) ) ;
#1874 = EDGE_LOOP ( 'NONE', ( #359, #791, #1537, #666 ) ) ;
#1875 = CARTESIAN_POINT ( 'NONE',  ( 6.998487644333645008, 7.499999999999977796, 8.598977281419259100 ) ) ;
#1876 = CYLINDRICAL_SURFACE ( 'NONE', #1725, 0.9999999999999991118 ) ;
#1877 = PLANE ( 'NONE',  #2138 ) ;
#1878 = VECTOR ( 'NONE', #2343, 1000.000000000000000 ) ;
#1879 = LINE ( 'NONE', #1682, #193 ) ;
#1880 = VECTOR ( 'NONE', #2375, 1000.000000000000000 ) ;
#1881 = EDGE_CURVE ( 'NONE', #2764, #1888, #454, .T. ) ;
#1882 = ORIENTED_EDGE ( 'NONE', *, *, #1142, .F. ) ;
#1883 = CARTESIAN_POINT ( 'NONE',  ( -5.642646205311084628, 7.500000000000111022, 10.07605868186836418 ) ) ;
#1884 = CARTESIAN_POINT ( 'NONE',  ( -4.925869865765813316, 7.500000000000000000, -4.923116205728911510 ) ) ;
#1885 = CARTESIAN_POINT ( 'NONE',  ( 0.5163729893484004796, 2.605995066363509860, 5.215428708065323882 ) ) ;
#1886 = CARTESIAN_POINT ( 'NONE',  ( -9.229689105863986498, -1.053458627512306123, 11.70108498687085152 ) ) ;
#1887 = ADVANCED_FACE ( 'NONE', ( #649 ), #709, .F. ) ;
#1888 = VERTEX_POINT ( 'NONE', #2412 ) ;
#1889 = CARTESIAN_POINT ( 'NONE',  ( 6.634592860180401175, 7.500000000000000888, 8.961596306908228726 ) ) ;
#1890 = DIRECTION ( 'NONE',  ( 0.000000000000000000, -0.000000000000000000, -1.000000000000000000 ) ) ;
#1891 = CARTESIAN_POINT ( 'NONE',  ( 2.976755393417520601, 2.500000000000000000, -2.564609482678953167 ) ) ;
#1892 = CARTESIAN_POINT ( 'NONE',  ( 1.271419227972557131, 2.531929961406880647, 5.050046332176941100 ) ) ;
#1893 = VERTEX_POINT ( 'NONE', #494 ) ;
#1894 = DIRECTION ( 'NONE',  ( -0.000000000000000000, 0.000000000000000000, -1.000000000000000000 ) ) ;
#1895 = LINE ( 'NONE', #2534, #1297 ) ;
#1896 = FACE_BOUND ( 'NONE', #2429, .T. ) ;
#1897 = EDGE_CURVE ( 'NONE', #2008, #1059, #1768, .T. ) ;
#1898 = CARTESIAN_POINT ( 'NONE',  ( -7.556286016772556735, 8.436881888544021990, 7.073258638742797366 ) ) ;
#1899 = ORIENTED_EDGE ( 'NONE', *, *, #92, .F. ) ;
#1900 = CARTESIAN_POINT ( 'NONE',  ( -6.667251611413672840, 0.000000000000000000, -5.084668192219678140 ) ) ;
#1901 = CIRCLE ( 'NONE', #542, 1.000000000000000000 ) ;
#1902 = CARTESIAN_POINT ( 'NONE',  ( 0.000000000000000000, 0.000000000000000000, 0.000000000000000000 ) ) ;
#1903 = ORIENTED_EDGE ( 'NONE', *, *, #2016, .F. ) ;
#1904 = CARTESIAN_POINT ( 'NONE',  ( 5.036005363685821301, 4.000000000000000000, 6.995273098239598752 ) ) ;
#1905 = VERTEX_POINT ( 'NONE', #73 ) ;
#1906 = CARTESIAN_POINT ( 'NONE',  ( -9.043935926773457368, 0.000000000000000000, 10.77496035920045614 ) ) ;
#1907 = FACE_OUTER_BOUND ( 'NONE', #2649, .T. ) ;
#1908 = DIRECTION ( 'NONE',  ( -0.000000000000000000, 1.000000000000000000, -0.000000000000000000 ) ) ;
#1909 = AXIS2_PLACEMENT_3D ( 'NONE', #1317, #1970, #1376 ) ;
#1910 = VERTEX_POINT ( 'NONE', #2193 ) ;
#1911 = EDGE_CURVE ( 'NONE', #1825, #2734, #2152, .T. ) ;
#1912 = LINE ( 'NONE', #432, #2573 ) ;
#1913 = ORIENTED_EDGE ( 'NONE', *, *, #342, .F. ) ;
#1914 = CARTESIAN_POINT ( 'NONE',  ( 5.806485008688592409, 4.509552663503130887, 10.72017600227899692 ) ) ;
#1915 = CARTESIAN_POINT ( 'NONE',  ( -2.351176630660335221, 5.000000000000000888, 3.699345255157214574 ) ) ;
#1916 = ORIENTED_EDGE ( 'NONE', *, *, #1262, .F. ) ;
#1917 = CARTESIAN_POINT ( 'NONE',  ( 9.556064073226545830, 0.000000000000000000, 10.77496035920064266 ) ) ;
#1918 = CARTESIAN_POINT ( 'NONE',  ( 3.256128980084904256, 2.605977425323416696, 1.954396607776466510 ) ) ;
#1919 = CARTESIAN_POINT ( 'NONE',  ( -7.595645245095760778, 8.213664612520444663, 10.06704112610262847 ) ) ;
#1920 = ORIENTED_EDGE ( 'NONE', *, *, #1562, .F. ) ;
#1921 = PLANE ( 'NONE',  #518 ) ;
#1922 = FACE_OUTER_BOUND ( 'NONE', #2462, .T. ) ;
#1923 = ORIENTED_EDGE ( 'NONE', *, *, #1393, .F. ) ;
#1924 = CARTESIAN_POINT ( 'NONE',  ( -9.043935926773459144, 0.000000000000000000, -7.084668192219678140 ) ) ;
#1925 = DIRECTION ( 'NONE',  ( 0.000000000000000000, 0.000000000000000000, 1.000000000000000000 ) ) ;
#1926 = EDGE_CURVE ( 'NONE', #1225, #530, #213, .T. ) ;
#1927 = DIRECTION ( 'NONE',  ( -8.673617379884035472E-16, 0.000000000000000000, 1.000000000000000000 ) ) ;
#1928 = ORIENTED_EDGE ( 'NONE', *, *, #629, .F. ) ;
#1929 = DIRECTION ( 'NONE',  ( -0.3236155771181852825, 0.8891264907159879272, -0.3236155771181852825 ) ) ;
#1930 = EDGE_CURVE ( 'NONE', #642, #2300, #862, .T. ) ;
#1931 = CARTESIAN_POINT ( 'NONE',  ( 4.162503428844200215, 7.030000000000000249, 4.168551485589150118 ) ) ;
#1932 = DIRECTION ( 'NONE',  ( 1.188166764367676095E-16, 8.431447495865867045E-33, -1.000000000000000000 ) ) ;
#1933 = CYLINDRICAL_SURFACE ( 'NONE', #2514, 1.000000000000000000 ) ;
#1934 = ORIENTED_EDGE ( 'NONE', *, *, #2463, .T. ) ;
#1935 = DIRECTION ( 'NONE',  ( -1.000000000000000000, 0.000000000000000000, -2.208559980988990915E-16 ) ) ;
#1936 = CARTESIAN_POINT ( 'NONE',  ( -7.043935926773457368, 0.000000000000000000, -4.144975571433766603 ) ) ;
#1937 = ORIENTED_EDGE ( 'NONE', *, *, #885, .T. ) ;
#1938 = PLANE ( 'NONE',  #1654 ) ;
#1939 = AXIS2_PLACEMENT_3D ( 'NONE', #1440, #2048, #122 ) ;
#1940 = CARTESIAN_POINT ( 'NONE',  ( -2.693005146607509559, 4.500100969401037432, 1.595078552829137797 ) ) ;
#1941 = VERTEX_POINT ( 'NONE', #695 ) ;
#1942 = ADVANCED_FACE ( 'NONE', ( #879 ), #31, .F. ) ;
#1943 = CARTESIAN_POINT ( 'NONE',  ( 0.2560640732265444530, 7.030000000000000249, 4.168551485589150118 ) ) ;
#1944 = LINE ( 'NONE', #2574, #379 ) ;
#1945 = LINE ( 'NONE', #17, #2422 ) ;
#1946 = CARTESIAN_POINT ( 'NONE',  ( -8.965396854477434729, -7.834749117148837304E-15, 11.16364805732761312 ) ) ;
#1947 = ORIENTED_EDGE ( 'NONE', *, *, #2418, .F. ) ;
#1948 = CARTESIAN_POINT ( 'NONE',  ( -7.867191693294896204, 6.673648177666930970, -2.966602131212031868 ) ) ;
#1949 = CYLINDRICAL_SURFACE ( 'NONE', #2092, 3.000000000000000888 ) ;
#1950 = ORIENTED_EDGE ( 'NONE', *, *, #1851, .F. ) ;
#1951 = AXIS2_PLACEMENT_3D ( 'NONE', #1143, #717, #1994 ) ;
#1952 = CARTESIAN_POINT ( 'NONE',  ( 4.988152577824809697, 9.150546501064461324, 9.901843571415213319 ) ) ;
#1953 = CARTESIAN_POINT ( 'NONE',  ( -8.162301023231135488, 5.000000000000003553, -6.203033288677350932 ) ) ;
#1954 = ORIENTED_EDGE ( 'NONE', *, *, #1639, .F. ) ;
#1955 = CARTESIAN_POINT ( 'NONE',  ( 11.00424530905243792, 7.376235673783146929, 7.589422425693268082 ) ) ;
#1956 = EDGE_CURVE ( 'NONE', #2346, #477, #617, .T. ) ;
#1957 = CARTESIAN_POINT ( 'NONE',  ( -6.882383940282688961, 7.500000000000000000, 7.397265746772723638 ) ) ;
#1958 = VECTOR ( 'NONE', #2626, 1000.000000000000000 ) ;
#1959 = CARTESIAN_POINT ( 'NONE',  ( 0.08106407322654482495, 4.500000000000000888, 1.519083728689400611E-17 ) ) ;
#1960 = DIRECTION ( 'NONE',  ( 0.000000000000000000, 0.000000000000000000, -1.000000000000000000 ) ) ;
#1961 = ORIENTED_EDGE ( 'NONE', *, *, #820, .F. ) ;
#1962 = EDGE_CURVE ( 'NONE', #2540, #1540, #1401, .T. ) ;
#1963 = DIRECTION ( 'NONE',  ( 0.000000000000000000, 0.000000000000000000, 1.000000000000000000 ) ) ;
#1964 = ORIENTED_EDGE ( 'NONE', *, *, #1911, .T. ) ;
#1965 = APPLICATION_CONTEXT ( 'automotive_design' ) ;
#1966 = DIRECTION ( 'NONE',  ( -4.818676322157798361E-16, 0.000000000000000000, 1.000000000000000000 ) ) ;
#1967 = CARTESIAN_POINT ( 'NONE',  ( 0.000000000000000000, 0.000000000000000000, 2.890331807780322837 ) ) ;
#1968 = ORIENTED_EDGE ( 'NONE', *, *, #1881, .F. ) ;
#1969 = FACE_BOUND ( 'NONE', #2578, .T. ) ;
#1970 = DIRECTION ( 'NONE',  ( 0.000000000000000000, 0.1736481776669307198, 0.9848077530122080203 ) ) ;
#1971 = CARTESIAN_POINT ( 'NONE',  ( -2.743870834818811666, 2.605905742701183136, 1.952906253660638303 ) ) ;
#1972 = ORIENTED_EDGE ( 'NONE', *, *, #2546, .F. ) ;
#1973 = DIRECTION ( 'NONE',  ( -1.000000000000000000, -0.000000000000000000, -0.000000000000000000 ) ) ;
#1974 = EDGE_CURVE ( 'NONE', #2073, #1418, #2383, .T. ) ;
#1975 = B_SPLINE_CURVE_WITH_KNOTS ( 'NONE', 3,
 ( #1144, #1996, #502, #83, #2501, #810 ),
 .UNSPECIFIED., .F., .F.,
 ( 4, 2, 4 ),
 ( 0.000000000000000000, 0.0007786716576954629638, 0.001557343315390925928 ),
 .UNSPECIFIED. ) ;
#1976 = CARTESIAN_POINT ( 'NONE',  ( -7.867191693294899757, 6.673648177666932746, -2.966602131212032312 ) ) ;
#1977 = ORIENTED_EDGE ( 'NONE', *, *, #104, .T. ) ;
#1978 = CARTESIAN_POINT ( 'NONE',  ( 0.4310640732265447195, 5.000000000000000000, 0.6903318077803229924 ) ) ;
#1979 = CARTESIAN_POINT ( 'NONE',  ( 0.2560640732265440644, 2.500000000000000000, 2.215331807780322571 ) ) ;
#1980 = CARTESIAN_POINT ( 'NONE',  ( 2.281064073226544142, 4.792893218813452982, 2.890331807780322837 ) ) ;
#1981 = ORIENTED_EDGE ( 'NONE', *, *, #1074, .F. ) ;
#1982 = CARTESIAN_POINT ( 'NONE',  ( -3.277232857165486181E-16, 4.500000000000000888, 2.040331807780323192 ) ) ;
#1983 = PLANE ( 'NONE',  #1909 ) ;
#1984 = CARTESIAN_POINT ( 'NONE',  ( -2.710235236777903456, 2.585070776804849757, 1.698330145801326241 ) ) ;
#1985 = CARTESIAN_POINT ( 'NONE',  ( -8.497648896745060298, -3.669748141482348194E-15, 11.49674920898699781 ) ) ;
#1986 = VERTEX_POINT ( 'NONE', #1519 ) ;
#1987 = CARTESIAN_POINT ( 'NONE',  ( 1.740077520603270145, 4.999999999999722000, 4.822572511667297057 ) ) ;
#1988 = B_SPLINE_CURVE_WITH_KNOTS ( 'NONE', 3,
 ( #1233, #2549, #2304, #412, #427, #169, #606, #591, #197, #1702, #1452, #1504, #2126, #1248, #214, #620 ),
 .UNSPECIFIED., .F., .F.,
 ( 4, 2, 2, 2, 2, 2, 2, 4 ),
 ( -5.999999999227081899E-08, 0.0005791259861475645367, 0.001158311972295121995, 0.001737497958442679345, 0.002316683944590236695, 0.002895869930737793828, 0.003475055916885351395, 0.004633427889180466962 ),
 .UNSPECIFIED. ) ;
#1989 = CARTESIAN_POINT ( 'NONE',  ( -2.569281628907303716, 2.530522375020071379, 1.198391143334361919 ) ) ;
#1990 = CARTESIAN_POINT ( 'NONE',  ( -8.499395615337864029, 8.131516293641245045E-17, -7.084668192219679028 ) ) ;
#1991 = EDGE_CURVE ( 'NONE', #35, #2008, #1304, .T. ) ;
#1992 = ORIENTED_EDGE ( 'NONE', *, *, #1956, .F. ) ;
#1993 = PLANE ( 'NONE',  #159 ) ;
#1994 = DIRECTION ( 'NONE',  ( 0.000000000000000000, 0.000000000000000000, -1.000000000000000000 ) ) ;
#1995 = VECTOR ( 'NONE', #283, 1000.000000000000000 ) ;
#1996 = CARTESIAN_POINT ( 'NONE',  ( -1.000637899774903694, 2.500000000000000444, -0.5212921495259027482 ) ) ;
#1997 = VECTOR ( 'NONE', #907, 1000.000000000000000 ) ;
#1998 = CIRCLE ( 'NONE', #825, 2.500000000000000888 ) ;
#1999 = ORIENTED_EDGE ( 'NONE', *, *, #885, .F. ) ;
#2000 = CARTESIAN_POINT ( 'NONE',  ( 8.355371427348902813, 6.703448853717271838, 7.782409582458438280 ) ) ;
#2001 = CARTESIAN_POINT ( 'NONE',  ( -6.882383940282687185, 7.500000000000000000, -2.966602131212032312 ) ) ;
#2002 = CARTESIAN_POINT ( 'NONE',  ( 0.4310640732265444974, 5.000000000000000000, 2.040331807780323192 ) ) ;
#2003 = ORIENTED_EDGE ( 'NONE', *, *, #706, .F. ) ;
#2004 = VECTOR ( 'NONE', #7, 1000.000000000000000 ) ;
#2005 = CARTESIAN_POINT ( 'NONE',  ( -0.3622800961370403194, 4.499679595316794511, -0.7342066539453380170 ) ) ;
#2006 = CARTESIAN_POINT ( 'NONE',  ( -4.523877217232734615, 5.000000000000000000, 4.729979247097440442 ) ) ;
#2007 = CARTESIAN_POINT ( 'NONE',  ( -7.381014444716096357, 7.499999999999944045, -4.173579819264593205 ) ) ;
#2008 = VERTEX_POINT ( 'NONE', #2002 ) ;
#2009 = LINE ( 'NONE', #500, #1837 ) ;
#2010 = FACE_OUTER_BOUND ( 'NONE', #2336, .T. ) ;
#2011 = CARTESIAN_POINT ( 'NONE',  ( 5.185767871171547583, 3.588530892402068240, -2.714371990164679449 ) ) ;
#2012 = ORIENTED_EDGE ( 'NONE', *, *, #2500, .F. ) ;
#2013 = EDGE_CURVE ( 'NONE', #1470, #368, #2355, .T. ) ;
#2014 = CARTESIAN_POINT ( 'NONE',  ( 6.732693956811536928, 6.758920368064346818, 10.03128297874795472 ) ) ;
#2015 = DIRECTION ( 'NONE',  ( -0.000000000000000000, 1.000000000000000000, -0.000000000000000000 ) ) ;
#2016 = EDGE_CURVE ( 'NONE', #850, #1242, #1945, .T. ) ;
#2017 = CARTESIAN_POINT ( 'NONE',  ( 5.975697984471728397, 4.342020143325670212, 6.995273098239598752 ) ) ;
#2018 = ORIENTED_EDGE ( 'NONE', *, *, #2431, .F. ) ;
#2019 = CARTESIAN_POINT ( 'NONE',  ( -0.6902327376790170499, 5.000000000000009770, -2.564609482678996688 ) ) ;
#2020 = CARTESIAN_POINT ( 'NONE',  ( -2.351176630660334776, 4.999999999999999112, 0.7313183604034287910 ) ) ;
#2021 = CARTESIAN_POINT ( 'NONE',  ( -7.861821714472583267, 6.704102840933671814, -3.349674030936075741 ) ) ;
#2022 = ORIENTED_EDGE ( 'NONE', *, *, #1819, .F. ) ;
#2023 = DIRECTION ( 'NONE',  ( -1.000000000000000000, 0.000000000000000000, -1.606225440719265874E-16 ) ) ;
#2024 = CARTESIAN_POINT ( 'NONE',  ( 0.2560640732265441755, 2.605941635044261240, 5.215331807780323459 ) ) ;
#2025 = CARTESIAN_POINT ( 'NONE',  ( 3.205602534952180616, 4.499679595316513847, 1.596987638416790256 ) ) ;
#2026 = ORIENTED_EDGE ( 'NONE', *, *, #2125, .F. ) ;
#2027 = DIRECTION ( 'NONE',  ( -0.000000000000000000, -1.000000000000000000, -0.000000000000000000 ) ) ;
#2028 = ADVANCED_FACE ( 'NONE', ( #2575 ), #664, .F. ) ;
#2029 = CARTESIAN_POINT ( 'NONE',  ( -7.142347155105995604, -0.2703826276644340498, 8.674050415326950869 ) ) ;
#2030 = CIRCLE ( 'NONE', #1358, 1.000000000000000000 ) ;
#2031 = FACE_OUTER_BOUND ( 'NONE', #655, .T. ) ;
#2032 = CARTESIAN_POINT ( 'NONE',  ( -1.167150789734490601, 4.900000659053216800, -0.4265148137863299382 ) ) ;
#2033 = B_SPLINE_CURVE_WITH_KNOTS ( 'NONE', 3,
 ( #451, #2182, #1985, #2577, #924, #1946, #1756, #2384 ),
 .UNSPECIFIED., .F., .F.,
 ( 4, 2, 2, 4 ),
 ( 7.703719777548943412E-34, 0.0002896555197652269428, 0.0005793110395304538855, 0.001158622079060907771 ),
 .UNSPECIFIED. ) ;
#2034 = CARTESIAN_POINT ( 'NONE',  ( -9.025353327980210949, -3.191085340419362404E-15, -6.538381162191011065 ) ) ;
#2035 = VERTEX_POINT ( 'NONE', #1436 ) ;
#2036 = CARTESIAN_POINT ( 'NONE',  ( 0.000000000000000000, 5.000000000000000000, 0.000000000000000000 ) ) ;
#2037 = CARTESIAN_POINT ( 'NONE',  ( 6.616371452440637846, 0.000000000000000000, 9.515331807780324169 ) ) ;
#2038 = CARTESIAN_POINT ( 'NONE',  ( 2.863304777113421018, 5.000000000000000888, 3.699345255157219015 ) ) ;
#2039 = VERTEX_POINT ( 'NONE', #2017 ) ;
#2040 = AXIS2_PLACEMENT_3D ( 'NONE', #1904, #1710, #586 ) ;
#2041 = DIRECTION ( 'NONE',  ( 1.000000000000000000, 0.000000000000000000, 0.000000000000000000 ) ) ;
#2042 = AXIS2_PLACEMENT_3D ( 'NONE', #2250, #1206, #2057 ) ;
#2043 = CARTESIAN_POINT ( 'NONE',  ( -5.442347631455589863, 7.499999999999999112, 9.304380318113661730 ) ) ;
#2044 = ADVANCED_FACE ( 'NONE', ( #103 ), #364, .F. ) ;
#2045 = CARTESIAN_POINT ( 'NONE',  ( 6.202405598604742387, 6.731014305722814228, -5.823267738679355432 ) ) ;
#2046 = CARTESIAN_POINT ( 'NONE',  ( 2.558010366152966952, 5.000000000000000000, 6.995273098239598752 ) ) ;
#2047 = EDGE_CURVE ( 'NONE', #2035, #765, #986, .T. ) ;
#2048 = DIRECTION ( 'NONE',  ( 0.000000000000000000, 0.3420201433256694901, 0.9396926207859082059 ) ) ;
#2049 = EDGE_LOOP ( 'NONE', ( #166, #1764, #2172 ) ) ;
#2050 = CARTESIAN_POINT ( 'NONE',  ( 0.4310640732265441644, 5.000000000000000000, 3.740331807780323370 ) ) ;
#2051 = CARTESIAN_POINT ( 'NONE',  ( 7.981935065184643463, 8.927329225040889327, -5.510539184177775773 ) ) ;
#2052 = VECTOR ( 'NONE', #1621, 1000.000000000000000 ) ;
#2053 = EDGE_CURVE ( 'NONE', #33, #642, #1000, .T. ) ;
#2054 = DIRECTION ( 'NONE',  ( -0.3236155771181853935, 0.8891264907159879272, 0.3236155771181852825 ) ) ;
#2055 = ORIENTED_EDGE ( 'NONE', *, *, #1301, .F. ) ;
#2056 = DIRECTION ( 'NONE',  ( 0.000000000000000000, -1.000000000000000000, 1.734723475976807094E-15 ) ) ;
#2057 = DIRECTION ( 'NONE',  ( -8.673617379884027583E-16, 0.000000000000000000, 1.000000000000000000 ) ) ;
#2058 = CARTESIAN_POINT ( 'NONE',  ( 5.954475777908136536, 7.499999999999997335, -4.873716702553123170 ) ) ;
#2059 = CARTESIAN_POINT ( 'NONE',  ( 1.202360884131630669, 5.000000000000009770, 6.995273098239642273 ) ) ;
#2060 = CARTESIAN_POINT ( 'NONE',  ( -4.523877217232733727, 5.000000000000000000, -0.5053595124106490255 ) ) ;
#2061 = ORIENTED_EDGE ( 'NONE', *, *, #2731, .T. ) ;
#2062 = DIRECTION ( 'NONE',  ( 0.000000000000000000, 0.000000000000000000, -1.000000000000000000 ) ) ;
#2063 = ADVANCED_FACE ( 'NONE', ( #723 ), #2239, .F. ) ;
#2064 = CARTESIAN_POINT ( 'NONE',  ( 8.815692624646864317, 0.000000000000000000, 11.51533180778032417 ) ) ;
#2065 = ORIENTED_EDGE ( 'NONE', *, *, #1831, .F. ) ;
#2066 = ADVANCED_FACE ( 'NONE', ( #2031 ), #644, .T. ) ;
#2067 = LINE ( 'NONE', #1036, #2124 ) ;
#2068 = ORIENTED_EDGE ( 'NONE', *, *, #290, .T. ) ;
#2069 = CARTESIAN_POINT ( 'NONE',  ( 0.9310640732265448305, 0.000000000000000000, 0.1903318077803230479 ) ) ;
#2070 = CARTESIAN_POINT ( 'NONE',  ( 7.604144271077522887, 7.499999999999999112, -4.619232099549495096 ) ) ;
#2071 = CARTESIAN_POINT ( 'NONE',  ( 0.8744082425901279487, 4.499679595316917968, 5.164870269505755118 ) ) ;
#2072 = FACE_OUTER_BOUND ( 'NONE', #1235, .T. ) ;
#2073 = VERTEX_POINT ( 'NONE', #2506 ) ;
#2074 = CARTESIAN_POINT ( 'NONE',  ( 0.9310640732265441644, 4.500000000000000888, 4.240331807780323814 ) ) ;
#2075 = PRODUCT ( 'Stylized_Key_Cap_V2', 'Stylized_Key_Cap_V2', '', ( #521 ) ) ;
#2076 = AXIS2_PLACEMENT_3D ( 'NONE', #1508, #654, #1963 ) ;
#2077 = EDGE_CURVE ( 'NONE', #1580, #571, #2314, .T. ) ;
#2078 = CARTESIAN_POINT ( 'NONE',  ( 9.272216710807136053, -6.722262082387510524E-15, -6.938103677013990556 ) ) ;
#2079 = CARTESIAN_POINT ( 'NONE',  ( 5.036005363685819525, 5.000000000000000000, 4.936023127971298941 ) ) ;
#2080 = DIRECTION ( 'NONE',  ( -1.219727444046192488E-16, 0.000000000000000000, -1.000000000000000000 ) ) ;
#2081 = ORIENTED_EDGE ( 'NONE', *, *, #1744, .T. ) ;
#2082 = CARTESIAN_POINT ( 'NONE',  ( -2.474120136805853121E-16, 0.000000000000000000, 1.540331807780323414 ) ) ;
#2083 = VECTOR ( 'NONE', #1227, 1000.000000000000000 ) ;
#2084 = ADVANCED_FACE ( 'NONE', ( #804 ), #2744, .F. ) ;
#2085 = FACE_OUTER_BOUND ( 'NONE', #2209, .T. ) ;
#2086 = CARTESIAN_POINT ( 'NONE',  ( 0.000000000000000000, 5.000000000000000000, 3.740331807780323370 ) ) ;
#2087 = CARTESIAN_POINT ( 'NONE',  ( -8.624738249512544641, 2.377388165875785830, 10.35752831576025379 ) ) ;
#2088 = VERTEX_POINT ( 'NONE', #2493 ) ;
#2089 = CARTESIAN_POINT ( 'NONE',  ( 0.9310640732265439423, 4.792893218813452982, 4.240331807780323814 ) ) ;
#2090 = CARTESIAN_POINT ( 'NONE',  ( 5.036005363685820413, 4.000000000000000888, -2.564609482678954500 ) ) ;
#2091 = DIRECTION ( 'NONE',  ( 0.000000000000000000, -0.000000000000000000, -1.000000000000000000 ) ) ;
#2092 = AXIS2_PLACEMENT_3D ( 'NONE', #1749, #2581, #446 ) ;
#2093 = CLOSED_SHELL ( 'NONE', ( #764, #221, #1444, #979, #1765, #181, #2159, #797, #1522, #121, #2233, #743, #2445, #1778, #724, #2165, #85, #1370, #1627, #2618, #1176, #1804, #528, #311, #1468, #951, #2063, #1942, #936, #1648, #1344, #270, #1146, #138, #1847, #2593, #2066, #1062, #1732, #1576, #436, #1864, #1273, #845, #1057, #2028, #1258, #1613, #2144, #325, #1244, #840, #1228, #1708, #1526, #668, #2280, #1854, #2248, #151, #674, #2631, #547, #1887, #2220, #1224, #2286, #2084, #2377, #2766, #600, #2044, #1024, #1681, #1240, #384, #49, #578 ) ) ;
#2094 = ORIENTED_EDGE ( 'NONE', *, *, #1926, .F. ) ;
#2095 = CARTESIAN_POINT ( 'NONE',  ( 7.394512086735773870, 7.500000000000000000, 7.397265746772672124 ) ) ;
#2096 = EDGE_CURVE ( 'NONE', #1703, #2446, #2686, .T. ) ;
#2097 = DIRECTION ( 'NONE',  ( 1.606225440719265381E-16, 0.000000000000000000, -1.000000000000000000 ) ) ;
#2098 = FACE_OUTER_BOUND ( 'NONE', #338, .T. ) ;
#2099 = EDGE_CURVE ( 'NONE', #1189, #1986, #1039, .T. ) ;
#2100 = CARTESIAN_POINT ( 'NONE',  ( -4.476024431371726564, 9.150546501064464877, 9.901843571415213319 ) ) ;
#2101 = ORIENTED_EDGE ( 'NONE', *, *, #2722, .T. ) ;
#2102 = CARTESIAN_POINT ( 'NONE',  ( -8.632175522414758717, 2.335209295277963726, -5.865494360499361015 ) ) ;
#2103 = CARTESIAN_POINT ( 'NONE',  ( 7.202053136641737296, 7.500000000000000000, -3.836664461290595352 ) ) ;
#2104 = ORIENTED_EDGE ( 'NONE', *, *, #224, .F. ) ;
#2105 = CARTESIAN_POINT ( 'NONE',  ( -2.351176630660334776, 2.500000000000000000, 3.699345255157217682 ) ) ;
#2106 = ORIENTED_EDGE ( 'NONE', *, *, #1591, .F. ) ;
#2107 = CARTESIAN_POINT ( 'NONE',  ( 0.9310640732265444974, 4.792893218813452982, 1.540331807780323636 ) ) ;
#2108 = B_SPLINE_CURVE_WITH_KNOTS ( 'NONE', 3,
 ( #2711, #1006, #558, #1481, #2078, #1019, #1265, #1652 ),
 .UNSPECIFIED., .F., .F.,
 ( 4, 2, 2, 4 ),
 ( 1.829633447167874060E-33, 0.0002896555197651797258, 0.0005793110395303594515, 0.001158622079060720421 ),
 .UNSPECIFIED. ) ;
#2109 = CARTESIAN_POINT ( 'NONE',  ( 3.090982063236262345, 2.532009274470312210, 3.229956026366278543 ) ) ;
#2110 = EDGE_CURVE ( 'NONE', #746, #1680, #1895, .T. ) ;
#2111 = CARTESIAN_POINT ( 'NONE',  ( 0.000000000000000000, 0.000000000000000000, 0.000000000000000000 ) ) ;
#2112 = CARTESIAN_POINT ( 'NONE',  ( -8.512703065615081499, -1.176070461636523179, 11.72270476138110418 ) ) ;
#2113 = ORIENTED_EDGE ( 'NONE', *, *, #314, .T. ) ;
#2114 =( BOUNDED_CURVE ( )  B_SPLINE_CURVE ( 3, ( #1180, #1803, #2651, #1758 ),
 .UNSPECIFIED., .F., .T. ) 
 B_SPLINE_CURVE_WITH_KNOTS ( ( 4, 4 ),
 ( 4.712388980384689674, 6.283185307179586232 ),
 .UNSPECIFIED. ) 
 CURVE ( )  GEOMETRIC_REPRESENTATION_ITEM ( )  RATIONAL_B_SPLINE_CURVE ( ( 1.000000000000000000, 0.8047378541243649375, 0.8047378541243649375, 1.000000000000000000 ) ) 
 REPRESENTATION_ITEM ( '' )  );
#2115 = CARTESIAN_POINT ( 'NONE',  ( 5.437998012218900890, 7.500000000000000000, -4.923116205728907957 ) ) ;
#2116 = ORIENTED_EDGE ( 'NONE', *, *, #759, .F. ) ;
#2117 = CARTESIAN_POINT ( 'NONE',  ( 0.000000000000000000, 5.000000000000000000, 0.000000000000000000 ) ) ;
#2118 = CARTESIAN_POINT ( 'NONE',  ( -0.4189359267734555914, 4.500000000000000888, 2.890331807780322837 ) ) ;
#2119 = CARTESIAN_POINT ( 'NONE',  ( 5.437998012218901778, 6.673648177666901660, 10.33858757430176389 ) ) ;
#2120 = ORIENTED_EDGE ( 'NONE', *, *, #1439, .T. ) ;
#2121 = CARTESIAN_POINT ( 'NONE',  ( 6.421296101727334005, 7.500000000000001776, 9.101951077681523117 ) ) ;
#2122 = DIRECTION ( 'NONE',  ( -1.606225440719265381E-16, -0.000000000000000000, 1.000000000000000000 ) ) ;
#2123 = CARTESIAN_POINT ( 'NONE',  ( -1.768935926773456346, 0.000000000000000000, 2.890331807780322837 ) ) ;
#2124 = VECTOR ( 'NONE', #1484, 1000.000000000000114 ) ;
#2125 = EDGE_CURVE ( 'NONE', #670, #177, #415, .T. ) ;
#2126 = CARTESIAN_POINT ( 'NONE',  ( -6.220565810358456460, 6.758920368064350370, -5.600619363187307798 ) ) ;
#2127 = ORIENTED_EDGE ( 'NONE', *, *, #901, .T. ) ;
#2128 = EDGE_CURVE ( 'NONE', #1361, #2317, #894, .T. ) ;
#2129 = CARTESIAN_POINT ( 'NONE',  ( -4.523877217232732839, 4.000000000000000000, -2.564609482678953167 ) ) ;
#2130 = EDGE_LOOP ( 'NONE', ( #2629, #2288, #1611, #100 ) ) ;
#2131 = CARTESIAN_POINT ( 'NONE',  ( -2.464627246964432583, 2.500000000000000000, -2.564609482678953167 ) ) ;
#2132 = EDGE_CURVE ( 'NONE', #1242, #2734, #1012, .T. ) ;
#2133 = CARTESIAN_POINT ( 'NONE',  ( -2.351176630660336109, 2.500000000000000000, 3.699345255157215462 ) ) ;
#2134 = DIRECTION ( 'NONE',  ( -0.000000000000000000, 1.000000000000000000, -0.000000000000000000 ) ) ;
#2135 = VECTOR ( 'NONE', #663, 1000.000000000000000 ) ;
#2136 = ORIENTED_EDGE ( 'NONE', *, *, #1643, .T. ) ;
#2137 = CARTESIAN_POINT ( 'NONE',  ( -7.867191693294894428, 6.673648177666930970, 7.397265746772677453 ) ) ;
#2138 = AXIS2_PLACEMENT_3D ( 'NONE', #2502, #1457, #2091 ) ;
#2139 = CARTESIAN_POINT ( 'NONE',  ( 8.815692624646864317, 0.000000000000000000, 11.51533180778032417 ) ) ;
#2140 = CARTESIAN_POINT ( 'NONE',  ( 0.08106407322654482495, 4.500000000000000888, 1.519083728689400611E-17 ) ) ;
#2141 = ORIENTED_EDGE ( 'NONE', *, *, #2463, .F. ) ;
#2142 = CARTESIAN_POINT ( 'NONE',  ( 0.9310640732265448305, 0.000000000000000000, 1.495498801356181381E-16 ) ) ;
#2143 = LINE ( 'NONE', #1705, #889 ) ;
#2144 = ADVANCED_FACE ( 'NONE', ( #1231 ), #1476, .F. ) ;
#2145 = ORIENTED_EDGE ( 'NONE', *, *, #141, .F. ) ;
#2146 = DIRECTION ( 'NONE',  ( 0.000000000000000000, 0.000000000000000000, -1.000000000000000000 ) ) ;
#2147 = CARTESIAN_POINT ( 'NONE',  ( -4.523877217232734615, 5.000000000000000000, 4.078340499197084412 ) ) ;
#2148 = CARTESIAN_POINT ( 'NONE',  ( -8.419826476069818710, -0.6493411478803686743, -7.199164556275193583 ) ) ;
#2149 = ORIENTED_EDGE ( 'NONE', *, *, #2297, .T. ) ;
#2150 = CYLINDRICAL_SURFACE ( 'NONE', #1691, 0.5000000000000000000 ) ;
#2151 = CARTESIAN_POINT ( 'NONE',  ( -1.227949374150352213, 2.500000000000000000, -0.3919088961065551047 ) ) ;
#2152 = LINE ( 'NONE', #2166, #442 ) ;
#2153 = CARTESIAN_POINT ( 'NONE',  ( -6.104243305987550272, 0.000000000000000000, -5.084668192219678140 ) ) ;
#2154 = VERTEX_POINT ( 'NONE', #179 ) ;
#2155 = CARTESIAN_POINT ( 'NONE',  ( 8.379319839747978449, 6.673648177666931858, 7.397265746772672124 ) ) ;
#2156 = CARTESIAN_POINT ( 'NONE',  ( 0.2560640732265440644, 7.500000000000004441, -4.877777780580769829 ) ) ;
#2157 = VECTOR ( 'NONE', #2122, 1000.000000000000000 ) ;
#2158 = ORIENTED_EDGE ( 'NONE', *, *, #2613, .F. ) ;
#2159 = ADVANCED_FACE ( 'NONE', ( #1907 ), #370, .T. ) ;
#2160 = CARTESIAN_POINT ( 'NONE',  ( -0.2118291455869076301, 5.000000000000000000, 0.3974385889668704541 ) ) ;
#2161 = CARTESIAN_POINT ( 'NONE',  ( -8.326949886524555922, -0.1226118341242141280, -7.106287966729929018 ) ) ;
#2162 = EDGE_LOOP ( 'NONE', ( #853, #882, #2186, #1802 ) ) ;
#2163 = CARTESIAN_POINT ( 'NONE',  ( -5.184962019384690812, 7.499999999999998224, 9.353779821289641916 ) ) ;
#2164 = DIRECTION ( 'NONE',  ( 1.000000000000000000, 0.000000000000000000, 0.000000000000000000 ) ) ;
#2165 = ADVANCED_FACE ( 'NONE', ( #2085 ), #846, .F. ) ;
#2166 = CARTESIAN_POINT ( 'NONE',  ( 0.9310640732265444974, 0.000000000000000000, 2.890331807780322837 ) ) ;
#2167 = CARTESIAN_POINT ( 'NONE',  ( -4.523877217232733727, 5.000000000000000000, -5.375120555596063460E-16 ) ) ;
#2168 = ORIENTED_EDGE ( 'NONE', *, *, #1121, .F. ) ;
#2169 = CARTESIAN_POINT ( 'NONE',  ( 0.9310640732265442754, 4.792893218813452982, 2.890331807780322837 ) ) ;
#2170 = AXIS2_PLACEMENT_3D ( 'NONE', #2464, #545, #779 ) ;
#2171 = DIRECTION ( 'NONE',  ( 0.4946711491255290083, 6.366044898261445688E-14, 0.8690802346290178448 ) ) ;
#2172 = ORIENTED_EDGE ( 'NONE', *, *, #1108, .F. ) ;
#2173 = CARTESIAN_POINT ( 'NONE',  ( 9.115246621455378673, 2.500000000000000444, 11.07451435600916057 ) ) ;
#2174 = PLANE ( 'NONE',  #1688 ) ;
#2175 = ORIENTED_EDGE ( 'NONE', *, *, #2297, .F. ) ;
#2176 = AXIS2_PLACEMENT_3D ( 'NONE', #1713, #1488, #409 ) ;
#2177 = CYLINDRICAL_SURFACE ( 'NONE', #2616, 0.5000000000000000000 ) ;
#2178 = EDGE_CURVE ( 'NONE', #139, #1466, #1271, .T. ) ;
#2179 = CYLINDRICAL_SURFACE ( 'NONE', #424, 1.000000000000000000 ) ;
#2180 = VECTOR ( 'NONE', #1400, 1000.000000000000000 ) ;
#2181 = CARTESIAN_POINT ( 'NONE',  ( 0.000000000000000000, 5.000000000000000000, 2.390331807780322837 ) ) ;
#2182 = CARTESIAN_POINT ( 'NONE',  ( -8.401464683821465940, -5.624298769768553265E-16, 11.51533180778032595 ) ) ;
#2183 = ORIENTED_EDGE ( 'NONE', *, *, #863, .F. ) ;
#2184 = LINE ( 'NONE', #1124, #1334 ) ;
#2185 = DIRECTION ( 'NONE',  ( 0.3236155771181853380, 0.8891264907159879272, -0.3236155771181852825 ) ) ;
#2186 = ORIENTED_EDGE ( 'NONE', *, *, #687, .F. ) ;
#2187 = CARTESIAN_POINT ( 'NONE',  ( 0.2560640732265440644, 5.000000000000000000, 2.215331807780322571 ) ) ;
#2188 = DIRECTION ( 'NONE',  ( -0.000000000000000000, 0.000000000000000000, 1.000000000000000000 ) ) ;
#2189 = ORIENTED_EDGE ( 'NONE', *, *, #2268, .T. ) ;
#2190 = CARTESIAN_POINT ( 'NONE',  ( 0.2560640732265438979, 7.030000000000000249, 0.2621121299714950781 ) ) ;
#2191 = CARTESIAN_POINT ( 'NONE',  ( -7.785635722912664924, 6.730456468940756665, 8.152351159381774792 ) ) ;
#2192 = EDGE_CURVE ( 'NONE', #601, #2195, #156, .T. ) ;
#2193 = CARTESIAN_POINT ( 'NONE',  ( -7.043935926773459144, 0.000000000000000000, 8.575639186994415297 ) ) ;
#2194 = CARTESIAN_POINT ( 'NONE',  ( 8.296290939257049857, 6.730781156735008430, -3.726799762376663772 ) ) ;
#2195 = VERTEX_POINT ( 'NONE', #2338 ) ;
#2196 = CARTESIAN_POINT ( 'NONE',  ( 1.273004737672536191, 2.530522375020072712, -0.6100138943535137193 ) ) ;
#2197 = ADVANCED_BREP_SHAPE_REPRESENTATION ( 'Stylized_Key_Cap_V2', ( #651, #873 ), #1278 ) ;
#2198 = CARTESIAN_POINT ( 'NONE',  ( -6.385468629029255716, 6.765973757926198928, -5.511846003004131411 ) ) ;
#2199 = ORIENTED_EDGE ( 'NONE', *, *, #687, .T. ) ;
#2200 = DIRECTION ( 'NONE',  ( -1.873929680839142821E-16, 0.000000000000000000, 1.000000000000000000 ) ) ;
#2201 = CARTESIAN_POINT ( 'NONE',  ( -0.005753939880567974889, 2.605941635044261240, 5.215331807780324347 ) ) ;
#2202 = CYLINDRICAL_SURFACE ( 'NONE', #1096, 1.000000000000000000 ) ;
#2203 = AXIS2_PLACEMENT_3D ( 'NONE', #1649, #2652, #304 ) ;
#2204 = ORIENTED_EDGE ( 'NONE', *, *, #1439, .F. ) ;
#2205 = CARTESIAN_POINT ( 'NONE',  ( 7.394512086735774758, 6.500000000000000000, 7.397265746772673900 ) ) ;
#2206 = DIRECTION ( 'NONE',  ( 0.9396926207859082059, 0.3420201433256693790, 0.000000000000000000 ) ) ;
#2207 = DIRECTION ( 'NONE',  ( 1.000000000000000000, 0.000000000000000000, 1.606225440719265874E-16 ) ) ;
#2208 = CARTESIAN_POINT ( 'NONE',  ( -7.469092859675775742, 6.766100126547499372, 8.860248825550115725 ) ) ;
#2209 = EDGE_LOOP ( 'NONE', ( #2068, #537, #945, #439 ) ) ;
#2210 = CARTESIAN_POINT ( 'NONE',  ( -0.7539069656395683827, 4.621297777315866107, -0.6156001350698567798 ) ) ;
#2211 = CARTESIAN_POINT ( 'NONE',  ( -5.680955278374804962, 6.730456468940833048, -5.826367988358897243 ) ) ;
#2212 = EDGE_LOOP ( 'NONE', ( #1446, #2189, #731, #982, #822, #2522, #259, #575, #2701, #1072, #1140, #2590 ) ) ;
#2213 = PLANE ( 'NONE',  #2396 ) ;
#2214 = EDGE_CURVE ( 'NONE', #2088, #811, #279, .T. ) ;
#2215 = CARTESIAN_POINT ( 'NONE',  ( -0.2604597861674322057, 2.585117454541849380, 5.181724722295637520 ) ) ;
#2216 = AXIS2_PLACEMENT_3D ( 'NONE', #1471, #574, #2080 ) ;
#2217 = CARTESIAN_POINT ( 'NONE',  ( 5.036005363685819525, 5.000000000000000000, 4.079723025767941991 ) ) ;
#2218 = VECTOR ( 'NONE', #2015, 1000.000000000000000 ) ;
#2219 = ORIENTED_EDGE ( 'NONE', *, *, #778, .F. ) ;
#2220 = ADVANCED_FACE ( 'NONE', ( #453 ), #2177, .F. ) ;
#2221 = LINE ( 'NONE', #2439, #378 ) ;
#2222 = CARTESIAN_POINT ( 'NONE',  ( 6.616371452440639622, 0.000000000000000000, -5.084668192219678140 ) ) ;
#2223 = CARTESIAN_POINT ( 'NONE',  ( 7.002328572354620917, 7.499999999999999112, -4.163196979173592105 ) ) ;
#2224 = CARTESIAN_POINT ( 'NONE',  ( 0.000000000000000000, 0.000000000000000000, 0.000000000000000000 ) ) ;
#2225 = EDGE_LOOP ( 'NONE', ( #2478, #621, #1390, #622, #735, #2563, #2491, #1152, #2374, #634, #827, #543 ) ) ;
#2226 = CARTESIAN_POINT ( 'NONE',  ( 0.7373831021264777297, 5.000000000000000000, -2.564609482678953611 ) ) ;
#2227 = AXIS2_PLACEMENT_3D ( 'NONE', #920, #675, #1340 ) ;
#2228 = CARTESIAN_POINT ( 'NONE',  ( 0.2560640732265440644, 5.000000000000000000, 2.215331807780322571 ) ) ;
#2229 = LINE ( 'NONE', #1610, #957 ) ;
#2230 = ORIENTED_EDGE ( 'NONE', *, *, #595, .T. ) ;
#2231 = DIRECTION ( 'NONE',  ( -4.403710954424479671E-16, 0.000000000000000000, 1.000000000000000000 ) ) ;
#2232 = CARTESIAN_POINT ( 'NONE',  ( 9.741817252317076736, -1.053458627512306123, -7.270421371310210823 ) ) ;
#2233 = ADVANCED_FACE ( 'NONE', ( #1969, #264 ), #1516, .T. ) ;
#2234 = CARTESIAN_POINT ( 'NONE',  ( 2.927270703540921559, 2.500000007686585146, 0.8436991257788641896 ) ) ;
#2235 = ORIENTED_EDGE ( 'NONE', *, *, #2047, .T. ) ;
#2236 = VECTOR ( 'NONE', #2290, 1000.000000000000000 ) ;
#2237 = CARTESIAN_POINT ( 'NONE',  ( 1.781064073226543920, 4.500000000000000888, 0.000000000000000000 ) ) ;
#2238 = CARTESIAN_POINT ( 'NONE',  ( -4.523877217232733727, 2.500000000000000000, 4.936023127971296276 ) ) ;
#2239 = PLANE ( 'NONE',  #2732 ) ;
#2240 = CARTESIAN_POINT ( 'NONE',  ( -0.004244842895522729295, 2.605995066363405943, -0.7847650925046620873 ) ) ;
#2241 = PLANE ( 'NONE',  #1549 ) ;
#2242 = CARTESIAN_POINT ( 'NONE',  ( -8.692252176320947044, -9.136595647188659275E-15, -7.006129119923553361 ) ) ;
#2243 = ORIENTED_EDGE ( 'NONE', *, *, #2738, .T. ) ;
#2244 = CARTESIAN_POINT ( 'NONE',  ( -6.202654534320087620, -0.6124027709901032068, 8.674050415326950869 ) ) ;
#2245 = CARTESIAN_POINT ( 'NONE',  ( -1.768935926773455014, 4.500000000000000888, -8.523929665757508326E-16 ) ) ;
#2246 = CARTESIAN_POINT ( 'NONE',  ( 2.863304777113519606, 4.999999999999719336, 0.7313183604035972118 ) ) ;
#2247 = VERTEX_POINT ( 'NONE', #1119 ) ;
#2248 = ADVANCED_FACE ( 'NONE', ( #1302 ), #2150, .F. ) ;
#2249 = FACE_OUTER_BOUND ( 'NONE', #1022, .T. ) ;
#2250 = CARTESIAN_POINT ( 'NONE',  ( 5.437998012218894672, 6.500000000000001776, 9.353779821289549545 ) ) ;
#2251 = AXIS2_PLACEMENT_3D ( 'NONE', #1858, #1196, #1663 ) ;
#2252 = VECTOR ( 'NONE', #2496, 1000.000000000000000 ) ;
#2253 = CARTESIAN_POINT ( 'NONE',  ( 7.202053138476027350, 7.500000000000002665, -3.836664462408488241 ) ) ;
#2254 = CARTESIAN_POINT ( 'NONE',  ( -1.227949374150351991, 2.500000000000000000, 4.822572511667200246 ) ) ;
#2255 = EDGE_CURVE ( 'NONE', #1941, #1189, #1356, .T. ) ;
#2256 = CARTESIAN_POINT ( 'NONE',  ( 7.394512086735772982, 6.500000000000000000, -1.379293947339225271E-15 ) ) ;
#2257 = SPHERICAL_SURFACE ( 'NONE', #1315, 1.000000000000000000 ) ;
#2258 = EDGE_LOOP ( 'NONE', ( #2716, #1852, #1928, #115 ) ) ;
#2259 = CARTESIAN_POINT ( 'NONE',  ( 0.2560640732265440644, 2.500000000000000000, 2.215331807780322571 ) ) ;
#2260 = CARTESIAN_POINT ( 'NONE',  ( 0.2560640732265447861, 7.376235673783147817, 7.589422425693272523 ) ) ;
#2261 = CARTESIAN_POINT ( 'NONE',  ( 5.036005363685819525, 5.000000000000000000, 4.936023127971300717 ) ) ;
#2262 = ORIENTED_EDGE ( 'NONE', *, *, #1930, .F. ) ;
#2263 = CIRCLE ( 'NONE', #1604, 1.000000000000000000 ) ;
#2264 = DIRECTION ( 'NONE',  ( 0.000000000000000000, -1.000000000000000000, -8.673617379884035472E-16 ) ) ;
#2265 = AXIS2_PLACEMENT_3D ( 'NONE', #2479, #143, #117 ) ;
#2266 = FACE_OUTER_BOUND ( 'NONE', #874, .T. ) ;
#2267 = DIRECTION ( 'NONE',  ( 0.000000000000000000, -1.000000000000000000, 0.000000000000000000 ) ) ;
#2268 = EDGE_CURVE ( 'NONE', #850, #1825, #1783, .T. ) ;
#2269 = CARTESIAN_POINT ( 'NONE',  ( 1.511671142039765492, 2.508125023264163200, 4.943001091086090426 ) ) ;
#2270 = AXIS2_PLACEMENT_3D ( 'NONE', #1288, #2746, #2368 ) ;
#2271 = EDGE_LOOP ( 'NONE', ( #1485, #295, #1761, #1723 ) ) ;
#2272 = CARTESIAN_POINT ( 'NONE',  ( 6.797399784378590937, 7.500000000000333067, 9.765988640282799338 ) ) ;
#2273 = CARTESIAN_POINT ( 'NONE',  ( 5.954475776957742106, 7.500000000000000000, -4.873716699875365599 ) ) ;
#2274 = DIRECTION ( 'NONE',  ( -4.818676322157798361E-16, 0.000000000000000000, 1.000000000000000000 ) ) ;
#2275 = DIRECTION ( 'NONE',  ( -0.4946711491255295634, 8.673617379884035472E-16, -0.8690802346290175118 ) ) ;
#2276 = ORIENTED_EDGE ( 'NONE', *, *, #2610, .F. ) ;
#2277 = CARTESIAN_POINT ( 'NONE',  ( -5.308941765489487707, 6.704102840934490715, 10.33321759547930085 ) ) ;
#2278 = CARTESIAN_POINT ( 'NONE',  ( 7.097680902110079515, 7.499999999999920952, -5.127278066664453959 ) ) ;
#2279 = LINE ( 'NONE', #2705, #119 ) ;
#2280 = ADVANCED_FACE ( 'NONE', ( #1560 ), #2482, .F. ) ;
#2281 = DIRECTION ( 'NONE',  ( -0.000000000000000000, 1.000000000000000000, -0.000000000000000000 ) ) ;
#2282 = EDGE_LOOP ( 'NONE', ( #2330, #1733, #1717, #1950 ) ) ;
#2283 = CARTESIAN_POINT ( 'NONE',  ( -0.4189359267734555914, 0.000000000000000000, 2.890331807780322837 ) ) ;
#2284 = LINE ( 'NONE', #2685, #1364 ) ;
#2285 = CARTESIAN_POINT ( 'NONE',  ( -1.768935926773455680, 0.000000000000000000, 1.540331807780323192 ) ) ;
#2286 = ADVANCED_FACE ( 'NONE', ( #2353 ), #1530, .F. ) ;
#2287 = CARTESIAN_POINT ( 'NONE',  ( -7.824762095053182875, 2.335209295277925978, 11.10357140342162552 ) ) ;
#2288 = ORIENTED_EDGE ( 'NONE', *, *, #1974, .T. ) ;
#2289 = CARTESIAN_POINT ( 'NONE',  ( -0.4189359267734559800, 4.792893218813452982, 4.240331807780323814 ) ) ;
#2290 = DIRECTION ( 'NONE',  ( 1.000000000000000000, -0.000000000000000000, -0.000000000000000000 ) ) ;
#2291 = DIRECTION ( 'NONE',  ( -1.000000000000000000, -0.000000000000000000, -0.000000000000000000 ) ) ;
#2292 =( BOUNDED_CURVE ( )  B_SPLINE_CURVE ( 3, ( #1045, #821, #1033, #610 ),
 .UNSPECIFIED., .F., .T. ) 
 B_SPLINE_CURVE_WITH_KNOTS ( ( 4, 4 ),
 ( 2.414817599270096871, 3.868367707909489361 ),
 .UNSPECIFIED. ) 
 CURVE ( )  GEOMETRIC_REPRESENTATION_ITEM ( )  RATIONAL_B_SPLINE_CURVE ( ( 1.000000000000000000, 0.8315474279732698593, 0.8315474279732698593, 1.000000000000000000 ) ) 
 REPRESENTATION_ITEM ( '' )  );
#2293 = CARTESIAN_POINT ( 'NONE',  ( -8.605579655160344288, -1.702799775392677795, 11.81558135092637052 ) ) ;
#2294 = EDGE_LOOP ( 'NONE', ( #135, #1913, #1551, #2612, #966, #1030, #2621, #1683 ) ) ;
#2295 = CARTESIAN_POINT ( 'NONE',  ( -7.043935926773457368, 0.000000000000000000, -4.144975571433766603 ) ) ;
#2296 = DIRECTION ( 'NONE',  ( -1.000000000000000000, 0.000000000000000000, 0.000000000000000000 ) ) ;
#2297 = EDGE_CURVE ( 'NONE', #1796, #2389, #1644, .T. ) ;
#2298 = ORIENTED_EDGE ( 'NONE', *, *, #551, .T. ) ;
#2299 = CARTESIAN_POINT ( 'NONE',  ( 9.144303668867841850, 2.335209295277925534, 10.29615797606004790 ) ) ;
#2300 = VERTEX_POINT ( 'NONE', #1190 ) ;
#2301 = CARTESIAN_POINT ( 'NONE',  ( 5.697000701287834978, 7.500000000000000888, 9.353779821289551322 ) ) ;
#2302 = DIRECTION ( 'NONE',  ( -0.9848077530122080203, 0.1736481776669307198, 9.184780260614227492E-17 ) ) ;
#2303 = CARTESIAN_POINT ( 'NONE',  ( -1.116146107327617321, 2.500000007447785944, 4.886209732111885806 ) ) ;
#2304 = CARTESIAN_POINT ( 'NONE',  ( -7.843243280895817016, 6.703448853717270062, -3.351745966897795359 ) ) ;
#2305 = ORIENTED_EDGE ( 'NONE', *, *, #2722, .F. ) ;
#2306 = CARTESIAN_POINT ( 'NONE',  ( 6.728683442951793658, 6.758736497387905828, 10.03329572619806598 ) ) ;
#2307 = CARTESIAN_POINT ( 'NONE',  ( 0.9310640732265448305, 0.000000000000000000, 0.1903318077803230479 ) ) ;
#2308 = CARTESIAN_POINT ( 'NONE',  ( 0.4310640732265447195, 5.000000000000000000, 0.6903318077803229924 ) ) ;
#2309 = VECTOR ( 'NONE', #1454, 1000.000000000000000 ) ;
#2310 = EDGE_CURVE ( 'NONE', #1383, #84, #1777, .T. ) ;
#2311 = CARTESIAN_POINT ( 'NONE',  ( 0.7725627199150602031, 2.585125786032807405, 5.181774403392680028 ) ) ;
#2312 = ORIENTED_EDGE ( 'NONE', *, *, #1475, .T. ) ;
#2313 = CARTESIAN_POINT ( 'NONE',  ( 0.08106407322654438086, 5.000000000000000000, 2.390331807780322837 ) ) ;
#2314 = LINE ( 'NONE', #397, #1543 ) ;
#2315 = CARTESIAN_POINT ( 'NONE',  ( 0.2560640732265443420, 7.030000000000000249, 4.168551485589150118 ) ) ;
#2316 = FACE_OUTER_BOUND ( 'NONE', #377, .T. ) ;
#2317 = VERTEX_POINT ( 'NONE', #531 ) ;
#2318 = LINE ( 'NONE', #1291, #70 ) ;
#2319 = CARTESIAN_POINT ( 'NONE',  ( 5.697090165837785491, 7.500000000000000000, -4.923116205729002104 ) ) ;
#2320 = EDGE_LOOP ( 'NONE', ( #2385, #2305, #2342, #1547 ) ) ;
#2321 = DIRECTION ( 'NONE',  ( 0.000000000000000000, 0.000000000000000000, -1.000000000000000000 ) ) ;
#2322 = CARTESIAN_POINT ( 'NONE',  ( 1.740077520603441341, 2.500000000000000000, 4.822572511667199358 ) ) ;
#2323 = EDGE_CURVE ( 'NONE', #2154, #1703, #2221, .T. ) ;
#2324 = ORIENTED_EDGE ( 'NONE', *, *, #2613, .T. ) ;
#2325 = DIRECTION ( 'NONE',  ( -1.000000000000000000, -1.734723475976807094E-15, 0.000000000000000000 ) ) ;
#2326 = EDGE_CURVE ( 'NONE', #2088, #2073, #1061, .T. ) ;
#2327 = FACE_OUTER_BOUND ( 'NONE', #866, .T. ) ;
#2328 = CARTESIAN_POINT ( 'NONE',  ( -8.326949886524552369, -0.1226118341242141280, 11.53695158229057327 ) ) ;
#2329 = EDGE_CURVE ( 'NONE', #1910, #1441, #2475, .T. ) ;
#2330 = ORIENTED_EDGE ( 'NONE', *, *, #1502, .T. ) ;
#2331 = FACE_OUTER_BOUND ( 'NONE', #130, .T. ) ;
#2332 = DIRECTION ( 'NONE',  ( 0.000000000000000000, 0.000000000000000000, 1.000000000000000000 ) ) ;
#2333 = VERTEX_POINT ( 'NONE', #116 ) ;
#2334 = CARTESIAN_POINT ( 'NONE',  ( 5.365667556917428804, 7.009552663503130887, 10.27935855050783331 ) ) ;
#2335 = FACE_OUTER_BOUND ( 'NONE', #90, .T. ) ;
#2336 = EDGE_LOOP ( 'NONE', ( #495, #433, #1981, #232 ) ) ;
#2337 = CARTESIAN_POINT ( 'NONE',  ( 8.336890241506271337, 2.335209295277926866, -6.672907787860980378 ) ) ;
#2338 = CARTESIAN_POINT ( 'NONE',  ( 2.281064073226544142, 0.000000000000000000, 1.540331807780323858 ) ) ;
#2339 = CARTESIAN_POINT ( 'NONE',  ( -0.4189359267734552583, 0.000000000000000000, 0.1903318077803227426 ) ) ;
#2340 = EDGE_CURVE ( 'NONE', #2446, #2333, #721, .T. ) ;
#2341 = AXIS2_PLACEMENT_3D ( 'NONE', #2663, #340, #753 ) ;
#2342 = ORIENTED_EDGE ( 'NONE', *, *, #1727, .F. ) ;
#2343 = DIRECTION ( 'NONE',  ( 1.188166764367676095E-16, 0.000000000000000000, -1.000000000000000000 ) ) ;
#2344 = EDGE_CURVE ( 'NONE', #1009, #1750, #241, .T. ) ;
#2345 = LINE ( 'NONE', #231, #1860 ) ;
#2346 = VERTEX_POINT ( 'NONE', #339 ) ;
#2347 = CARTESIAN_POINT ( 'NONE',  ( 2.863304777113421906, 2.500000000000000000, 3.699345255157219015 ) ) ;
#2348 = CARTESIAN_POINT ( 'NONE',  ( 0.2560640732265440644, 0.000000000000000000, 2.215331807780322571 ) ) ;
#2349 = CARTESIAN_POINT ( 'NONE',  ( 0.000000000000000000, 4.500000000000000888, 2.390331807780322837 ) ) ;
#2350 = VECTOR ( 'NONE', #1661, 1000.000000000000000 ) ;
#2351 = EDGE_LOOP ( 'NONE', ( #711, #347, #1565, #2055 ) ) ;
#2352 = AXIS2_PLACEMENT_3D ( 'NONE', #1638, #365, #1483 ) ;
#2353 = FACE_OUTER_BOUND ( 'NONE', #725, .T. ) ;
#2354 = CARTESIAN_POINT ( 'NONE',  ( 0.2560640732265426767, 7.376235673783146929, -3.158758810132624273 ) ) ;
#2355 = LINE ( 'NONE', #909, #1674 ) ;
#2356 = CARTESIAN_POINT ( 'NONE',  ( -7.784162792803919650, 6.730781156735016424, 8.157463377937487436 ) ) ;
#2357 = ORIENTED_EDGE ( 'NONE', *, *, #1301, .T. ) ;
#2358 = CARTESIAN_POINT ( 'NONE',  ( 8.116790947315003280, 7.499999999999549694, 8.114042086317889257 ) ) ;
#2359 = EDGE_CURVE ( 'NONE', #2674, #1009, #848, .T. ) ;
#2360 = CARTESIAN_POINT ( 'NONE',  ( 0.2560640732265440644, 2.500000000000000000, 2.215331807780322571 ) ) ;
#2361 = VERTEX_POINT ( 'NONE', #937 ) ;
#2362 = CARTESIAN_POINT ( 'NONE',  ( 9.763437026827322285, -1.176070461636524289, 10.98409894662194830 ) ) ;
#2363 = CARTESIAN_POINT ( 'NONE',  ( -2.574613817981024066, 4.621589330828140163, 1.204708741892473345 ) ) ;
#2364 = DIRECTION ( 'NONE',  ( 0.8690802346289591140, -1.716235310553317061E-16, 0.4946711491256323701 ) ) ;
#2365 = EDGE_LOOP ( 'NONE', ( #1937, #2371, #1848, #1653 ) ) ;
#2366 = EDGE_CURVE ( 'NONE', #458, #1242, #983, .T. ) ;
#2367 = DIRECTION ( 'NONE',  ( -1.000000000000000000, 0.000000000000000000, -1.606225440719265874E-16 ) ) ;
#2368 = DIRECTION ( 'NONE',  ( -1.000000000000000000, 0.000000000000000000, -1.188166764367676095E-16 ) ) ;
#2369 = CARTESIAN_POINT ( 'NONE',  ( 5.036005363685820413, 4.000000000000000000, 5.983614198308843590E-16 ) ) ;
#2370 = CARTESIAN_POINT ( 'NONE',  ( 7.981221006129032958, 6.766100126547490490, -4.429585209989167716 ) ) ;
#2371 = ORIENTED_EDGE ( 'NONE', *, *, #633, .F. ) ;
#2372 = CARTESIAN_POINT ( 'NONE',  ( 7.200888900569220041, 7.499999999999997335, 8.269532983004522109 ) ) ;
#2373 = DIRECTION ( 'NONE',  ( 0.000000000000000000, -1.000000000000000000, 0.000000000000000000 ) ) ;
#2374 = ORIENTED_EDGE ( 'NONE', *, *, #410, .T. ) ;
#2375 = DIRECTION ( 'NONE',  ( -1.873929680839142821E-16, 0.000000000000000000, 1.000000000000000000 ) ) ;
#2376 = AXIS2_PLACEMENT_3D ( 'NONE', #2256, #93, #1380 ) ;
#2377 = ADVANCED_FACE ( 'NONE', ( #2249 ), #766, .F. ) ;
#2378 = AXIS2_PLACEMENT_3D ( 'NONE', #1801, #2267, #2480 ) ;
#2379 = CARTESIAN_POINT ( 'NONE',  ( -4.853539410464346560, 7.009552663503134440, -5.848694934947189950 ) ) ;
#2380 = ORIENTED_EDGE ( 'NONE', *, *, #2731, .F. ) ;
#2381 = CARTESIAN_POINT ( 'NONE',  ( -5.909167955274256201, 7.500000000000001776, -4.671287462120883305 ) ) ;
#2382 = CARTESIAN_POINT ( 'NONE',  ( -7.721483571459964779, 7.500000000000000000, 7.397265746772742290 ) ) ;
#2383 = LINE ( 'NONE', #469, #2640 ) ;
#2384 = CARTESIAN_POINT ( 'NONE',  ( -9.043935926773457368, 0.000000000000000000, 10.77496035920045614 ) ) ;
#2385 = ORIENTED_EDGE ( 'NONE', *, *, #257, .T. ) ;
#2386 = DIRECTION ( 'NONE',  ( -1.000000000000000000, 0.000000000000000000, 0.000000000000000000 ) ) ;
#2387 = VECTOR ( 'NONE', #2688, 1000.000000000000000 ) ;
#2388 = PLANE ( 'NONE',  #567 ) ;
#2389 = VERTEX_POINT ( 'NONE', #101 ) ;
#2390 = CARTESIAN_POINT ( 'NONE',  ( -1.268935926773455014, 4.500000000000000888, -6.114591504678610132E-16 ) ) ;
#2391 = CARTESIAN_POINT ( 'NONE',  ( 8.815692624646866093, 0.000000000000000000, -7.084668192219678140 ) ) ;
#2392 = CARTESIAN_POINT ( 'NONE',  ( -9.322565695409252839, -1.580187941268460072, -7.363297960855471835 ) ) ;
#2393 = ORIENTED_EDGE ( 'NONE', *, *, #447, .T. ) ;
#2394 = EDGE_CURVE ( 'NONE', #903, #272, #2698, .T. ) ;
#2395 = CARTESIAN_POINT ( 'NONE',  ( -5.913701480437204339, 7.499999999999977796, 9.099421025317568024 ) ) ;
#2396 = AXIS2_PLACEMENT_3D ( 'NONE', #2036, #961, #702 ) ;
#2397 = CARTESIAN_POINT ( 'NONE',  ( -5.913701479686452878, 7.499999999999972466, 9.099421024381214806 ) ) ;
#2398 = AXIS2_PLACEMENT_3D ( 'NONE', #8, #1523, #34 ) ;
#2399 = AXIS2_PLACEMENT_3D ( 'NONE', #2259, #819, #2062 ) ;
#2400 = DIRECTION ( 'NONE',  ( 0.000000000000000000, 0.000000000000000000, -1.000000000000000000 ) ) ;
#2401 = LINE ( 'NONE', #2603, #1995 ) ;
#2402 = ORIENTED_EDGE ( 'NONE', *, *, #2565, .F. ) ;
#2403 = CARTESIAN_POINT ( 'NONE',  ( -0.05274291215126390708, 4.464544694569706706, -0.7848012014340494114 ) ) ;
#2404 = CARTESIAN_POINT ( 'NONE',  ( -5.436074317192651328, 7.500000000000000000, -4.875706533681026578 ) ) ;
#2405 = ORIENTED_EDGE ( 'NONE', *, *, #1292, .T. ) ;
#2406 = CARTESIAN_POINT ( 'NONE',  ( 7.394512086735773870, 7.500000000000000000, 7.397265746772672124 ) ) ;
#2407 = CARTESIAN_POINT ( 'NONE',  ( 8.194252489589851862, 7.723217276023574662, -2.768433349546360667 ) ) ;
#2408 = CARTESIAN_POINT ( 'NONE',  ( 5.036005363685820413, 5.000000000000000000, 2.696650836680625218 ) ) ;
#2409 = ORIENTED_EDGE ( 'NONE', *, *, #939, .F. ) ;
#2410 = CARTESIAN_POINT ( 'NONE',  ( 0.2560640732265436759, 7.149453399657692110, -1.591981607291016898 ) ) ;
#2411 = DIRECTION ( 'NONE',  ( 0.8690802346289592251, 0.000000000000000000, 0.4946711491256319815 ) ) ;
#2412 = CARTESIAN_POINT ( 'NONE',  ( -1.268935926773456124, 5.000000000000000000, 2.390331807780322837 ) ) ;
#2413 = EDGE_CURVE ( 'NONE', #1598, #2654, #2451, .T. ) ;
#2414 = CARTESIAN_POINT ( 'NONE',  ( -5.871311453113568390, 6.740565336838696631, 10.17821477432343791 ) ) ;
#2415 = EDGE_LOOP ( 'NONE', ( #750, #2243, #1098 ) ) ;
#2416 = CARTESIAN_POINT ( 'NONE',  ( 1.512524365240194735, 2.508057854593413349, -0.5119478233105135834 ) ) ;
#2417 = CARTESIAN_POINT ( 'NONE',  ( -2.471215557864279155, 2.508057854593412905, 0.9588715157666438671 ) ) ;
#2418 = EDGE_CURVE ( 'NONE', #177, #1792, #1827, .T. ) ;
#2419 = CARTESIAN_POINT ( 'NONE',  ( -9.043935926773174927, 1.613509673092927093E-12, -6.442196949267320782 ) ) ;
#2420 = ORIENTED_EDGE ( 'NONE', *, *, #1660, .T. ) ;
#2421 = LINE ( 'NONE', #747, #1958 ) ;
#2422 = VECTOR ( 'NONE', #1745, 1000.000000000000000 ) ;
#2423 = CARTESIAN_POINT ( 'NONE',  ( 7.856096738820433245, 9.640993837561333990, -5.384700857813568220 ) ) ;
#2424 = CYLINDRICAL_SURFACE ( 'NONE', #632, 0.9999999999999996669 ) ;
#2425 = EDGE_LOOP ( 'NONE', ( #554, #911, #2003, #129 ) ) ;
#2426 = CARTESIAN_POINT ( 'NONE',  ( 7.641297233652262655, 6.778448630035204481, 9.332614896754870770 ) ) ;
#2427 = CARTESIAN_POINT ( 'NONE',  ( -6.975743869627005544, 7.499999999999659828, 9.189729856808845909 ) ) ;
#2428 = CARTESIAN_POINT ( 'NONE',  ( 7.224236783778817284, 6.775983234089882679, -5.292822752751976445 ) ) ;
#2429 = EDGE_LOOP ( 'NONE', ( #171, #1106, #1636, #673, #596, #611, #19, #887 ) ) ;
#2430 = CARTESIAN_POINT ( 'NONE',  ( 1.679587809160185907, 4.900508680968957975, -0.4263390065488399938 ) ) ;
#2431 = EDGE_CURVE ( 'NONE', #903, #2446, #718, .T. ) ;
#2432 = DIRECTION ( 'NONE',  ( 1.606225440719265381E-16, 0.000000000000000000, -1.000000000000000000 ) ) ;
#2433 = FACE_OUTER_BOUND ( 'NONE', #701, .T. ) ;
#2434 = ORIENTED_EDGE ( 'NONE', *, *, #1727, .T. ) ;
#2435 = CARTESIAN_POINT ( 'NONE',  ( -6.104243305987552048, 0.000000000000000000, 9.515331807780324169 ) ) ;
#2436 = CARTESIAN_POINT ( 'NONE',  ( 9.115246621455384002, 2.499999999999999556, -6.643850740448516312 ) ) ;
#2437 = CARTESIAN_POINT ( 'NONE',  ( 3.205133293060463906, 4.500100969401071183, 2.835585062731309947 ) ) ;
#2438 = VERTEX_POINT ( 'NONE', #176 ) ;
#2439 = CARTESIAN_POINT ( 'NONE',  ( -9.043935926773457368, 0.000000000000000000, 11.51533180778032417 ) ) ;
#2440 = DIRECTION ( 'NONE',  ( 9.230270822633348901E-16, 0.000000000000000000, -1.000000000000000000 ) ) ;
#2441 = DIRECTION ( 'NONE',  ( 1.873929680839142821E-16, 0.000000000000000000, -1.000000000000000000 ) ) ;
#2442 = VECTOR ( 'NONE', #512, 1000.000000000000000 ) ;
#2443 = CARTESIAN_POINT ( 'NONE',  ( 1.595046547973389739, 4.815092901358442923, -0.4731710330448167245 ) ) ;
#2444 = DIRECTION ( 'NONE',  ( 1.000000000000000000, 0.000000000000000000, 1.606225440719265874E-16 ) ) ;
#2445 = ADVANCED_FACE ( 'NONE', ( #812 ), #1216, .F. ) ;
#2446 = VERTEX_POINT ( 'NONE', #2119 ) ;
#2447 = CYLINDRICAL_SURFACE ( 'NONE', #1700, 1.000000000000000444 ) ;
#2448 = CARTESIAN_POINT ( 'NONE',  ( 8.815692624646866093, 0.000000000000000000, -7.084668192219678140 ) ) ;
#2449 = CARTESIAN_POINT ( 'NONE',  ( 5.036005363685819525, 5.000000000000000000, 4.731038705145110157 ) ) ;
#2450 = ORIENTED_EDGE ( 'NONE', *, *, #565, .T. ) ;
#2451 = LINE ( 'NONE', #131, #2518 ) ;
#2452 = EDGE_CURVE ( 'NONE', #1269, #1792, #972, .T. ) ;
#2453 = LINE ( 'NONE', #532, #645 ) ;
#2454 = CARTESIAN_POINT ( 'NONE',  ( 6.731972720339746807, 6.758876619454892598, -5.600852131575404513 ) ) ;
#2455 = CARTESIAN_POINT ( 'NONE',  ( -2.047446462295433367, 5.000000000000000000, 6.995273098239598752 ) ) ;
#2456 = DIRECTION ( 'NONE',  ( 1.000000000000000000, 0.000000000000000000, 4.770489558936219510E-14 ) ) ;
#2457 = CARTESIAN_POINT ( 'NONE',  ( -7.467252563570337287, 6.766242830423940369, -4.432967841514334317 ) ) ;
#2458 = ORIENTED_EDGE ( 'NONE', *, *, #1673, .F. ) ;
#2459 = CARTESIAN_POINT ( 'NONE',  ( 5.437998012218968391, 6.673648177666938075, 10.33858757430175856 ) ) ;
#2460 = CARTESIAN_POINT ( 'NONE',  ( 0.000000000000000000, 4.500000000000000888, 3.740331807780323370 ) ) ;
#2461 = CARTESIAN_POINT ( 'NONE',  ( 3.086741964434140062, 4.621589330828165920, 3.225954873668402278 ) ) ;
#2462 = EDGE_LOOP ( 'NONE', ( #2682, #818, #1065, #587 ) ) ;
#2463 = EDGE_CURVE ( 'NONE', #2389, #1905, #2067, .T. ) ;
#2464 = CARTESIAN_POINT ( 'NONE',  ( 0.2560640732265440644, 2.500000000000000000, 2.215331807780322571 ) ) ;
#2465 = VECTOR ( 'NONE', #2624, 1000.000000000000000 ) ;
#2466 = CARTESIAN_POINT ( 'NONE',  ( 8.207701003497533065, 7.499999999999558575, -3.325286758062067083 ) ) ;
#2467 =( LENGTH_UNIT ( ) NAMED_UNIT ( * ) SI_UNIT ( .MILLI., .METRE. ) );
#2468 = CARTESIAN_POINT ( 'NONE',  ( 0.9310640732265444974, 0.000000000000000000, 1.540331807780323636 ) ) ;
#2469 = LINE ( 'NONE', #1622, #2252 ) ;
#2470 = FACE_OUTER_BOUND ( 'NONE', #417, .T. ) ;
#2471 = ORIENTED_EDGE ( 'NONE', *, *, #342, .T. ) ;
#2472 = FACE_OUTER_BOUND ( 'NONE', #511, .T. ) ;
#2473 = DIRECTION ( 'NONE',  ( -1.000000000000000000, 0.000000000000000000, -1.606225440719265874E-16 ) ) ;
#2474 = DIRECTION ( 'NONE',  ( 0.000000000000000000, 0.000000000000000000, 1.000000000000000000 ) ) ;
#2475 = LINE ( 'NONE', #1618, #1423 ) ;
#2476 = AXIS2_PLACEMENT_3D ( 'NONE', #2587, #2440, #676 ) ;
#2477 = EDGE_CURVE ( 'NONE', #2361, #1658, #1879, .T. ) ;
#2478 = ORIENTED_EDGE ( 'NONE', *, *, #2671, .T. ) ;
#2479 = CARTESIAN_POINT ( 'NONE',  ( -4.523877217232734615, 4.000000000000000000, 6.995273098239597864 ) ) ;
#2480 = DIRECTION ( 'NONE',  ( 0.000000000000000000, 0.000000000000000000, -1.000000000000000000 ) ) ;
#2481 = CARTESIAN_POINT ( 'NONE',  ( 0.7332970861174005206, 5.000000000000017764, 6.995273098239655596 ) ) ;
#2482 =( BOUNDED_SURFACE ( )  B_SPLINE_SURFACE ( 3, 3, ( 
 ( #440, #1107, #861, #707 ),
 ( #2190, #1575, #1931, #1943 ),
 ( #2410, #1355, #14, #211 ),
 ( #1080, #1726, #1955, #646 ) ),
 .UNSPECIFIED., .F., .F., .T. ) 
 B_SPLINE_SURFACE_WITH_KNOTS ( ( 4, 4 ),
 ( 4, 4 ),
 ( 0.000000000000000000, 1.000000000000000000 ),
 ( 0.000000000000000000, 1.000000000000000000 ),
 .UNSPECIFIED. ) 
 GEOMETRIC_REPRESENTATION_ITEM ( )  RATIONAL_B_SPLINE_SURFACE ( (
 ( 1.000000000000000000, 0.3333333333333334259, 0.3333333333333334259, 1.000000000000000000),
 ( 0.9661666523663395845, 0.3220555507887799540, 0.3220555507887799540, 0.9661666523663395845),
 ( 0.9661666523663395845, 0.3220555507887799540, 0.3220555507887799540, 0.9661666523663395845),
 ( 1.000000000000000000, 0.3333333333333334259, 0.3333333333333334259, 1.000000000000000000) ) ) 
 REPRESENTATION_ITEM ( '' )  SURFACE ( )  );
#2483 = DIRECTION ( 'NONE',  ( -4.756007830778429939E-14, 0.000000000000000000, 1.000000000000000000 ) ) ;
#2484 = AXIS2_PLACEMENT_3D ( 'NONE', #2111, #816, #1686 ) ;
#2485 = ORIENTED_EDGE ( 'NONE', *, *, #2738, .F. ) ;
#2486 = CARTESIAN_POINT ( 'NONE',  ( 7.368205285323055520, 6.778398839171645207, 9.605175802863657353 ) ) ;
#2487 = AXIS2_PLACEMENT_3D ( 'NONE', #787, #2489, #2713 ) ;
#2488 = CARTESIAN_POINT ( 'NONE',  ( 0.9310640732265446085, 4.500000000000000888, 1.540331807780323636 ) ) ;
#2489 = DIRECTION ( 'NONE',  ( 0.000000000000000000, 1.000000000000000000, 0.000000000000000000 ) ) ;
#2490 = CARTESIAN_POINT ( 'NONE',  ( 0.5176336876038331036, 2.605941635044261240, 5.215331807780324347 ) ) ;
#2491 = ORIENTED_EDGE ( 'NONE', *, *, #1405, .T. ) ;
#2492 = CARTESIAN_POINT ( 'NONE',  ( 2.281064073226544142, 4.500000000000000888, 2.890331807780322837 ) ) ;
#2493 = CARTESIAN_POINT ( 'NONE',  ( -4.925869865765813316, 7.500000000000000000, -4.923116205728911510 ) ) ;
#2494 = AXIS2_PLACEMENT_3D ( 'NONE', #1959, #1578, #1343 ) ;
#2495 = EDGE_CURVE ( 'NONE', #1055, #2674, #1668, .T. ) ;
#2496 = DIRECTION ( 'NONE',  ( 1.000000000000000000, 0.000000000000000000, 0.000000000000000000 ) ) ;
#2497 = ORIENTED_EDGE ( 'NONE', *, *, #877, .F. ) ;
#2498 = CARTESIAN_POINT ( 'NONE',  ( -9.043935926773459144, 0.000000000000000000, -6.344296743639668001 ) ) ;
#2499 =( BOUNDED_SURFACE ( )  B_SPLINE_SURFACE ( 3, 2, ( 
 ( #952, #2382, #1957 ),
 ( #28, #40, #1544 ),
 ( #2191, #465, #1109 ),
 ( #908, #1799, #2632 ),
 ( #1357, #722, #692 ),
 ( #1590, #1134, #1329 ),
 ( #1767, #2427, #737 ),
 ( #298, #2601, #1561 ),
 ( #87, #480, #1813 ),
 ( #2646, #240, #2397 ),
 ( #265, #55, #1218 ),
 ( #1421, #1883, #2043 ),
 ( #2277, #369, #327 ),
 ( #2717, #155, #132 ) ),
 .UNSPECIFIED., .F., .F., .T. ) 
 B_SPLINE_SURFACE_WITH_KNOTS ( ( 4, 2, 2, 2, 2, 2, 4 ),
 ( 3, 3 ),
 ( 1.517883041479706208E-18, 0.0007638608662527177724, 0.001145791299379075954, 0.001527721732505434027, 0.001909652165631792100, 0.002291582598758150173, 0.003055443465010866753 ),
 ( 0.000000000000000000, 1.000000000000000000 ),
 .UNSPECIFIED. ) 
 GEOMETRIC_REPRESENTATION_ITEM ( )  RATIONAL_B_SPLINE_SURFACE ( (
 ( 1.000000000000000000, 0.7660444431189801229, 1.000000000000000000),
 ( 1.000000000000000000, 0.7759492566159729154, 1.000000000000000000),
 ( 1.000000000000000000, 0.7843875305291231337, 1.000000000000000000),
 ( 1.000000000000000000, 0.7933329315642009272, 1.000000000000000000),
 ( 1.000000000000000000, 0.7956062205385563413, 1.000000000000000000),
 ( 1.000000000000000000, 0.7986910562182272244, 1.000000000000000000),
 ( 1.000000000000000000, 0.7994994804569541813, 1.000000000000000000),
 ( 1.000000000000000000, 0.7995152545924197884, 1.000000000000000000),
 ( 1.000000000000000000, 0.7987452346173755657, 1.000000000000000000),
 ( 1.000000000000000000, 0.7956907360361349379, 1.000000000000000000),
 ( 1.000000000000000000, 0.7933769205348185638, 1.000000000000000000),
 ( 1.000000000000000000, 0.7845646354216372353, 1.000000000000000000),
 ( 1.000000000000000000, 0.7760110392366392773, 1.000000000000000000),
 ( 1.000000000000000000, 0.7660444431189773473, 1.000000000000000000) ) ) 
 REPRESENTATION_ITEM ( '' )  SURFACE ( )  );
#2500 = EDGE_CURVE ( 'NONE', #1792, #1574, #1163, .T. ) ;
#2501 = CARTESIAN_POINT ( 'NONE',  ( -0.005505541150743994624, 2.605941635044260796, -0.7846681922196779846 ) ) ;
#2502 = CARTESIAN_POINT ( 'NONE',  ( 0.000000000000000000, 5.000000000000000000, 0.000000000000000000 ) ) ;
#2503 = CARTESIAN_POINT ( 'NONE',  ( 1.270457574596349559, 2.532038140142581994, -0.6196795934293122254 ) ) ;
#2504 = ORIENTED_EDGE ( 'NONE', *, *, #2323, .F. ) ;
#2505 = FACE_OUTER_BOUND ( 'NONE', #1650, .T. ) ;
#2506 = CARTESIAN_POINT ( 'NONE',  ( -4.925869865765821309, 6.673648177666900771, -5.907923958741122306 ) ) ;
#2507 = CARTESIAN_POINT ( 'NONE',  ( -0.7545589926614354459, 4.621589330828165920, 5.046009698987864667 ) ) ;
#2508 = CARTESIAN_POINT ( 'NONE',  ( -9.344185469919500164, -1.702799775392677795, 11.07697553616721109 ) ) ;
#2509 = EDGE_LOOP ( 'NONE', ( #2230, #2312, #833, #1695 ) ) ;
#2510 = CARTESIAN_POINT ( 'NONE',  ( -0.4189359267734555914, 4.500000000000000888, 1.540331807780323414 ) ) ;
#2511 = EDGE_CURVE ( 'NONE', #1009, #903, #405, .T. ) ;
#2512 = CARTESIAN_POINT ( 'NONE',  ( -4.523877217232734615, 4.342020143325669324, 7.934965719025505848 ) ) ;
#2513 = ORIENTED_EDGE ( 'NONE', *, *, #2703, .T. ) ;
#2514 = AXIS2_PLACEMENT_3D ( 'NONE', #2536, #1318, #56 ) ;
#2515 = CARTESIAN_POINT ( 'NONE',  ( 6.198195643383522579, 6.730781156734998660, 10.25555867381082287 ) ) ;
#2516 = EDGE_LOOP ( 'NONE', ( #2599, #1947, #1961, #1175 ) ) ;
#2517 = CARTESIAN_POINT ( 'NONE',  ( -0.4189359267734555914, 4.500000000000000888, 2.890331807780322837 ) ) ;
#2518 = VECTOR ( 'NONE', #998, 1000.000000000000000 ) ;
#2519 = CARTESIAN_POINT ( 'NONE',  ( 8.336890241506267785, 2.335209295277917541, 11.10357140342162552 ) ) ;
#2520 = FACE_OUTER_BOUND ( 'NONE', #2415, .T. ) ;
#2521 = CARTESIAN_POINT ( 'NONE',  ( 0.9310640732265444974, 0.000000000000000000, 2.890331807780322837 ) ) ;
#2522 = ORIENTED_EDGE ( 'NONE', *, *, #1554, .T. ) ;
#2523 = CARTESIAN_POINT ( 'NONE',  ( 6.714782680773173418, -0.2703826276644333282, 9.613743036112857965 ) ) ;
#2524 = EDGE_CURVE ( 'NONE', #681, #1225, #844, .T. ) ;
#2525 = DIRECTION ( 'NONE',  ( 0.000000000000000000, 0.000000000000000000, -1.000000000000000000 ) ) ;
#2526 = EDGE_LOOP ( 'NONE', ( #2094, #1326, #13, #1266 ) ) ;
#2527 = CARTESIAN_POINT ( 'NONE',  ( 1.781064073226543920, 5.000000000000000000, 2.040331807780323636 ) ) ;
#2528 = VECTOR ( 'NONE', #1492, 1000.000000000000114 ) ;
#2529 = EDGE_CURVE ( 'NONE', #571, #1202, #2714, .T. ) ;
#2530 = CARTESIAN_POINT ( 'NONE',  ( 5.822869903452073004, 6.704246450883859509, 10.33319227317107369 ) ) ;
#2531 = ORIENTED_EDGE ( 'NONE', *, *, #1601, .F. ) ;
#2532 = CARTESIAN_POINT ( 'NONE',  ( 5.437998012218894672, 7.500000000000000000, 9.353779821289549545 ) ) ;
#2533 = EDGE_CURVE ( 'NONE', #1275, #456, #190, .T. ) ;
#2534 = CARTESIAN_POINT ( 'NONE',  ( 0.000000000000000000, 4.500000000000000888, 2.890331807780322837 ) ) ;
#2535 = CARTESIAN_POINT ( 'NONE',  ( 7.556064073226545830, 0.000000000000000000, 9.515331807780324169 ) ) ;
#2536 = CARTESIAN_POINT ( 'NONE',  ( -6.882383940282687185, 6.500000000000000000, 6.418834941878569018E-16 ) ) ;
#2537 = VERTEX_POINT ( 'NONE', #1458 ) ;
#2538 = CARTESIAN_POINT ( 'NONE',  ( -6.202654534320085844, -0.2703826276644337168, -5.183079420552213712 ) ) ;
#2539 = FACE_OUTER_BOUND ( 'NONE', #2049, .T. ) ;
#2540 = VERTEX_POINT ( 'NONE', #2105 ) ;
#2541 = CARTESIAN_POINT ( 'NONE',  ( 9.556064073226544053, 6.505213034913025618E-16, 11.51533180778032239 ) ) ;
#2542 = CARTESIAN_POINT ( 'NONE',  ( -0.4189359267734552583, 4.500000000000000888, 0.1903318077803227426 ) ) ;
#2543 = CARTESIAN_POINT ( 'NONE',  ( 8.787802061243056073, 4.357030381264848096, 7.984783942350916597 ) ) ;
#2544 = ORIENTED_EDGE ( 'NONE', *, *, #2580, .F. ) ;
#2545 = CARTESIAN_POINT ( 'NONE',  ( -4.523877217232732839, 4.000000000000000000, -2.564609482678953167 ) ) ;
#2546 = EDGE_CURVE ( 'NONE', #2333, #2154, #1729, .T. ) ;
#2547 = CARTESIAN_POINT ( 'NONE',  ( 0.4310640732265448305, 5.000000000000000000, 6.923860809965485672E-17 ) ) ;
#2548 = CARTESIAN_POINT ( 'NONE',  ( 0.2560640732265441200, 7.030000000000001137, 2.215331807780324791 ) ) ;
#2549 = CARTESIAN_POINT ( 'NONE',  ( -7.864494042719823774, 6.688947314332155614, -3.159038076824501662 ) ) ;
#2550 = ORIENTED_EDGE ( 'NONE', *, *, #2178, .F. ) ;
#2551 = DIRECTION ( 'NONE',  ( -0.000000000000000000, 0.000000000000000000, -1.000000000000000000 ) ) ;
#2552 = EDGE_LOOP ( 'NONE', ( #1479, #2748, #191, #1336 ) ) ;
#2553 = CARTESIAN_POINT ( 'NONE',  ( 8.398260581206473674, 2.377388165875783166, 11.09613413051940967 ) ) ;
#2554 = CARTESIAN_POINT ( 'NONE',  ( -2.527019700135077596, 4.676057998324651521, 3.347302890309972412 ) ) ;
#2555 = CARTESIAN_POINT ( 'NONE',  ( 9.556064073226542277, 0.000000000000000000, -6.344296743640001957 ) ) ;
#2556 = ORIENTED_EDGE ( 'NONE', *, *, #2684, .F. ) ;
#2557 = CARTESIAN_POINT ( 'NONE',  ( 7.140153290763782579, 7.499999999999976907, 8.385097361444085351 ) ) ;
#2558 = CARTESIAN_POINT ( 'NONE',  ( -6.408080781867649733, 7.499999999999996447, 8.694963192399967511 ) ) ;
#2559 = EDGE_CURVE ( 'NONE', #903, #1055, #76, .T. ) ;
#2560 = PLANE ( 'NONE',  #884 ) ;
#2561 = DIRECTION ( 'NONE',  ( 1.000000000000000000, -0.000000000000000000, -0.000000000000000000 ) ) ;
#2562 = CYLINDRICAL_SURFACE ( 'NONE', #1234, 0.5000000000000000000 ) ;
#2563 = ORIENTED_EDGE ( 'NONE', *, *, #1881, .T. ) ;
#2564 = CARTESIAN_POINT ( 'NONE',  ( -4.523877217232733727, 5.000000000000000000, -5.375120555596063460E-16 ) ) ;
#2565 = EDGE_CURVE ( 'NONE', #1198, #1574, #789, .T. ) ;
#2566 = FACE_OUTER_BOUND ( 'NONE', #1711, .T. ) ;
#2567 = VERTEX_POINT ( 'NONE', #1656 ) ;
#2568 = DIRECTION ( 'NONE',  ( 0.000000000000000000, -0.000000000000000000, -1.000000000000000000 ) ) ;
#2569 = CARTESIAN_POINT ( 'NONE',  ( -9.043935926773460920, 3.252606517456513302E-15, -7.084668192219678140 ) ) ;
#2570 = CIRCLE ( 'NONE', #1387, 1.000000000000000000 ) ;
#2571 = ORIENTED_EDGE ( 'NONE', *, *, #2500, .T. ) ;
#2572 = CARTESIAN_POINT ( 'NONE',  ( -6.223567311393087387, 7.499999999999995559, -4.448813047313888269 ) ) ;
#2573 = VECTOR ( 'NONE', #1085, 1000.000000000000000 ) ;
#2574 = CARTESIAN_POINT ( 'NONE',  ( 5.975697984471728397, 4.342020143325669324, 9.515331807780324169 ) ) ;
#2575 = FACE_OUTER_BOUND ( 'NONE', #237, .T. ) ;
#2576 = APPLICATION_CONTEXT ( 'automotive_design' ) ;
#2577 = CARTESIAN_POINT ( 'NONE',  ( -8.677649435740802275, -3.669748141482349772E-15, 11.42340705543094792 ) ) ;
#2578 = EDGE_LOOP ( 'NONE', ( #319, #2737 ) ) ;
#2579 = CARTESIAN_POINT ( 'NONE',  ( 5.036005363685821301, 4.342020143325669324, 7.934965719025505848 ) ) ;
#2580 = EDGE_CURVE ( 'NONE', #1225, #84, #1780, .T. ) ;
#2581 = DIRECTION ( 'NONE',  ( -0.000000000000000000, 1.000000000000000000, -0.000000000000000000 ) ) ;
#2582 = EDGE_LOOP ( 'NONE', ( #1255, #1617, #2276, #1350 ) ) ;
#2583 = CARTESIAN_POINT ( 'NONE',  ( 8.760908267725216803, 4.509552663503130887, 7.765752743242371636 ) ) ;
#2584 = CARTESIAN_POINT ( 'NONE',  ( -8.603118475002297316, 2.500000000000003553, -6.643850740448515424 ) ) ;
#2585 = ORIENTED_EDGE ( 'NONE', *, *, #2214, .F. ) ;
#2586 = CARTESIAN_POINT ( 'NONE',  ( -6.882383940282781332, 7.499999999999998224, -3.225694284830915581 ) ) ;
#2587 = CARTESIAN_POINT ( 'NONE',  ( 5.036005363685819525, 4.000000000000000000, 6.995273098239597864 ) ) ;
#2588 = DIRECTION ( 'NONE',  ( -0.000000000000000000, 1.000000000000000000, -0.000000000000000000 ) ) ;
#2589 = CARTESIAN_POINT ( 'NONE',  ( -5.311013701450614022, 6.703448853717199007, 10.31463916190281793 ) ) ;
#2590 = ORIENTED_EDGE ( 'NONE', *, *, #729, .F. ) ;
#2591 = CARTESIAN_POINT ( 'NONE',  ( -0.9995429955870516192, 2.508125023264186737, -0.5123374755252778634 ) ) ;
#2592 = CARTESIAN_POINT ( 'NONE',  ( 9.556064073226542277, 0.000000000000000000, -7.084668192219678140 ) ) ;
#2593 = ADVANCED_FACE ( 'NONE', ( #153 ), #89, .T. ) ;
#2594 = VERTEX_POINT ( 'NONE', #461 ) ;
#2595 = CARTESIAN_POINT ( 'NONE',  ( 8.931954622522900067, -0.6493411478803705617, 11.62982817183583961 ) ) ;
#2596 = AXIS2_PLACEMENT_3D ( 'NONE', #2348, #728, #1925 ) ;
#2597 = VECTOR ( 'NONE', #2441, 1000.000000000000000 ) ;
#2598 = CARTESIAN_POINT ( 'NONE',  ( -8.605579655160346064, -1.702799775392677573, -7.384917735365720937 ) ) ;
#2599 = ORIENTED_EDGE ( 'NONE', *, *, #2452, .T. ) ;
#2600 = CARTESIAN_POINT ( 'NONE',  ( -5.798137102473126525, 7.499999999999997335, 9.160156636461996627 ) ) ;
#2601 = CARTESIAN_POINT ( 'NONE',  ( -6.722397506686587754, 7.500000000000330402, 9.443535993325216538 ) ) ;
#2602 = DIRECTION ( 'NONE',  ( 0.000000000000000000, 1.000000000000000000, 0.000000000000000000 ) ) ;
#2603 = CARTESIAN_POINT ( 'NONE',  ( -7.867191693294897981, 6.673648177666930970, -2.807792577869564710 ) ) ;
#2604 = ORIENTED_EDGE ( 'NONE', *, *, #1254, .F. ) ;
#2605 = CARTESIAN_POINT ( 'NONE',  ( 1.740077520603132477, 2.500000000000000000, 4.822572511667376105 ) ) ;
#2606 = CARTESIAN_POINT ( 'NONE',  ( -8.897371411567881694, -9.136595647188659275E-15, -6.800820829800140466 ) ) ;
#2607 = EDGE_LOOP ( 'NONE', ( #2022, #626, #660, #1306 ) ) ;
#2608 = CARTESIAN_POINT ( 'NONE',  ( -6.104243305987550272, 0.000000000000000000, -5.084668192219678140 ) ) ;
#2609 = CARTESIAN_POINT ( 'NONE',  ( 9.834693841862339525, -1.580187941268459406, -7.363297960855474500 ) ) ;
#2610 = EDGE_CURVE ( 'NONE', #601, #1229, #1555, .T. ) ;
#2611 = CARTESIAN_POINT ( 'NONE',  ( 2.944566914051712558, 4.815092901358456245, 3.554314282527189839 ) ) ;
#2612 = ORIENTED_EDGE ( 'NONE', *, *, #1181, .T. ) ;
#2613 = EDGE_CURVE ( 'NONE', #1796, #2654, #2263, .T. ) ;
#2614 = CARTESIAN_POINT ( 'NONE',  ( 0.9310640732265448305, 0.000000000000000000, 1.495498801356181381E-16 ) ) ;
#2615 = VECTOR ( 'NONE', #2291, 1000.000000000000000 ) ;
#2616 = AXIS2_PLACEMENT_3D ( 'NONE', #251, #1741, #491 ) ;
#2617 = LINE ( 'NONE', #938, #2218 ) ;
#2618 = ADVANCED_FACE ( 'NONE', ( #420 ), #2174, .F. ) ;
#2619 = DIRECTION ( 'NONE',  ( -1.606225440719265381E-16, -0.000000000000000000, 1.000000000000000000 ) ) ;
#2620 = CARTESIAN_POINT ( 'NONE',  ( 7.225809680294399406, 6.776010522933519908, -5.291539021857180281 ) ) ;
#2621 = ORIENTED_EDGE ( 'NONE', *, *, #1487, .T. ) ;
#2622 = CARTESIAN_POINT ( 'NONE',  ( -0.2211689396647743278, 5.000000000000000000, -2.564609482678953611 ) ) ;
#2623 = CARTESIAN_POINT ( 'NONE',  ( -2.526725800895436969, 4.676419254589206709, 1.082643955385837131 ) ) ;
#2624 = DIRECTION ( 'NONE',  ( 1.606225440719265381E-16, 0.000000000000000000, -1.000000000000000000 ) ) ;
#2625 = EDGE_LOOP ( 'NONE', ( #1740, #2061, #760, #1378 ) ) ;
#2626 = DIRECTION ( 'NONE',  ( -1.000000000000000000, -0.000000000000000000, -0.000000000000000000 ) ) ;
#2627 = CARTESIAN_POINT ( 'NONE',  ( 7.942575836861439420, 9.150546501064464877, -2.516756696817946892 ) ) ;
#2628 = CARTESIAN_POINT ( 'NONE',  ( 2.926941997558132336, 2.500000007447837014, 3.587541988334439935 ) ) ;
#2629 = ORIENTED_EDGE ( 'NONE', *, *, #1601, .T. ) ;
#2630 = CARTESIAN_POINT ( 'NONE',  ( 7.977445658079464152, 6.766360796717671988, 8.866838797915516324 ) ) ;
#2631 = ADVANCED_FACE ( 'NONE', ( #2335 ), #659, .F. ) ;
#2632 = CARTESIAN_POINT ( 'NONE',  ( -6.689924992023096095, 7.499999999999995559, 8.267328077969414935 ) ) ;
#2633 = CARTESIAN_POINT ( 'NONE',  ( 7.487872016080285853, 7.499999999999666045, -4.759066241247960960 ) ) ;
#2634 = ORIENTED_EDGE ( 'NONE', *, *, #200, .T. ) ;
#2635 = CARTESIAN_POINT ( 'NONE',  ( -2.258583366090639810, 5.000000000000000000, -2.564609482678953611 ) ) ;
#2636 = CARTESIAN_POINT ( 'NONE',  ( -4.523877217232733727, 5.000000000000000000, 3.161628618686085357 ) ) ;
#2637 = CARTESIAN_POINT ( 'NONE',  ( -7.695466818192993941, 7.499999999996341593, -3.326754773521399589 ) ) ;
#2638 = ORIENTED_EDGE ( 'NONE', *, *, #1660, .F. ) ;
#2639 = FACE_OUTER_BOUND ( 'NONE', #2607, .T. ) ;
#2640 = VECTOR ( 'NONE', #2561, 1000.000000000000000 ) ;
#2641 = CARTESIAN_POINT ( 'NONE',  ( 5.036005363685820413, 5.000000000000000000, 5.983614198308843590E-16 ) ) ;
#2642 = CARTESIAN_POINT ( 'NONE',  ( 2.863304777113597321, 2.500000000000000000, 0.7313183604037354346 ) ) ;
#2643 = ORIENTED_EDGE ( 'NONE', *, *, #430, .T. ) ;
#2644 = CARTESIAN_POINT ( 'NONE',  ( 8.218947039769389562, 6.740565336838741928, 8.342707334121213236 ) ) ;
#2645 = AXIS2_PLACEMENT_3D ( 'NONE', #2090, #363, #162 ) ;
#2646 = CARTESIAN_POINT ( 'NONE',  ( -6.392235576068201475, 6.766242830423797372, 9.938648444577184549 ) ) ;
#2647 = EDGE_CURVE ( 'NONE', #2594, #918, #1826, .T. ) ;
#2648 = CARTESIAN_POINT ( 'NONE',  ( -1.768935926773455014, 0.000000000000000000, -8.523929665757508326E-16 ) ) ;
#2649 = EDGE_LOOP ( 'NONE', ( #608, #2101, #323, #244 ) ) ;
#2650 = AXIS2_PLACEMENT_3D ( 'NONE', #2733, #1908, #1289 ) ;
#2651 = CARTESIAN_POINT ( 'NONE',  ( -0.4189359267734553693, 4.792893218813452982, 1.540331807780323636 ) ) ;
#2652 = DIRECTION ( 'NONE',  ( 1.000000000000000000, -0.000000000000000000, 0.000000000000000000 ) ) ;
#2653 = CARTESIAN_POINT ( 'NONE',  ( 2.281064073226544142, 0.000000000000000000, 2.890331807780322837 ) ) ;
#2654 = VERTEX_POINT ( 'NONE', #1779 ) ;
#2655 = DIRECTION ( 'NONE',  ( 0.000000000000000000, 0.000000000000000000, -1.000000000000000000 ) ) ;
#2656 = CARTESIAN_POINT ( 'NONE',  ( 1.740077520603440453, 2.500000000000000000, -0.3919088961065551047 ) ) ;
#2657 = AXIS2_PLACEMENT_3D ( 'NONE', #1605, #1177, #2662 ) ;
#2658 = EDGE_CURVE ( 'NONE', #2035, #382, #1284, .T. ) ;
#2659 = VECTOR ( 'NONE', #335, 1000.000000000000000 ) ;
#2660 = CARTESIAN_POINT ( 'NONE',  ( 0.08106407322654470005, 5.000000000000000000, 0.6903318077803228814 ) ) ;
#2661 = ORIENTED_EDGE ( 'NONE', *, *, #92, .T. ) ;
#2662 = DIRECTION ( 'NONE',  ( 0.9396926207859078728, 0.3420201433256701562, 0.000000000000000000 ) ) ;
#2663 = CARTESIAN_POINT ( 'NONE',  ( 0.000000000000000000, 5.000000000000000000, 0.000000000000000000 ) ) ;
#2664 = CARTESIAN_POINT ( 'NONE',  ( 6.639709546865147693, 7.499999999999976019, -4.527091763326671625 ) ) ;
#2665 = TOROIDAL_SURFACE ( 'NONE', #1743, 7.093109588361092399, 12.00000000000000000 ) ;
#2666 = DIRECTION ( 'NONE',  ( -0.000000000000000000, 1.000000000000000000, -0.000000000000000000 ) ) ;
#2667 = CARTESIAN_POINT ( 'NONE',  ( 7.394512086735772094, 7.500000000000000000, -2.807792577869566486 ) ) ;
#2668 = LINE ( 'NONE', #2653, #1410 ) ;
#2669 = ORIENTED_EDGE ( 'NONE', *, *, #2546, .T. ) ;
#2670 = CARTESIAN_POINT ( 'NONE',  ( -5.322495983774977013, 4.729617372335567005, -2.423535628435289802 ) ) ;
#2671 = EDGE_CURVE ( 'NONE', #1059, #2594, #207, .T. ) ;
#2672 = CARTESIAN_POINT ( 'NONE',  ( 8.839078032977639054, -0.1226118341242175974, -7.106287966729930794 ) ) ;
#2673 = CARTESIAN_POINT ( 'NONE',  ( 5.036005363685820413, 5.000000000000000000, -0.5053595124100866975 ) ) ;
#2674 = VERTEX_POINT ( 'NONE', #2555 ) ;
#2675 = CARTESIAN_POINT ( 'NONE',  ( 0.000000000000000000, 4.500000000000000888, 4.240331807780323814 ) ) ;
#2676 = PLANE ( 'NONE',  #922 ) ;
#2677 = DIRECTION ( 'NONE',  ( -1.188166764367676095E-16, 0.000000000000000000, 1.000000000000000000 ) ) ;
#2678 =( NAMED_UNIT ( * ) SI_UNIT ( $, .STERADIAN. ) SOLID_ANGLE_UNIT ( ) );
#2679 = CARTESIAN_POINT ( 'NONE',  ( 1.594375569287171279, 4.814518254867977021, 4.904175870839693197 ) ) ;
#2680 = CYLINDRICAL_SURFACE ( 'NONE', #2376, 1.000000000000000000 ) ;
#2681 = DIRECTION ( 'NONE',  ( -1.504632769052528010E-30, 8.673617379884035472E-16, 1.000000000000000000 ) ) ;
#2682 = ORIENTED_EDGE ( 'NONE', *, *, #2359, .T. ) ;
#2683 = CARTESIAN_POINT ( 'NONE',  ( -7.043935926773460032, 0.000000000000000000, -4.707983876859890060 ) ) ;
#2684 = EDGE_CURVE ( 'NONE', #1521, #22, #1734, .T. ) ;
#2685 = CARTESIAN_POINT ( 'NONE',  ( 5.834624130228065475, 4.729617372335566117, 6.854199243995935831 ) ) ;
#2686 = B_SPLINE_CURVE_WITH_KNOTS ( 'NONE', 3,
 ( #2139, #2519, #1870, #1026 ),
 .UNSPECIFIED., .F., .F.,
 ( 4, 4 ),
 ( -0.004926230582463192453, 0.002328336232254550955 ),
 .UNSPECIFIED. ) ;
#2687 = DIRECTION ( 'NONE',  ( 0.4946711491256321480, 0.000000000000000000, -0.8690802346289592251 ) ) ;
#2688 = DIRECTION ( 'NONE',  ( 1.000000000000000000, 0.000000000000000000, 0.000000000000000000 ) ) ;
#2689 = CARTESIAN_POINT ( 'NONE',  ( -4.767060312423344826, 7.500000000000000000, -4.923116205728907957 ) ) ;
#2690 = CARTESIAN_POINT ( 'NONE',  ( 8.233611717913058570, 7.500000000000000000, -2.966602131212033200 ) ) ;
#2691 = SURFACE_SIDE_STYLE ('',( #1208 ) ) ;
#2692 = FACE_OUTER_BOUND ( 'NONE', #2509, .T. ) ;
#2693 = EDGE_LOOP ( 'NONE', ( #2709, #400, #483, #1669 ) ) ;
#2694 = DIRECTION ( 'NONE',  ( 1.606225440719265381E-16, 0.000000000000000000, -1.000000000000000000 ) ) ;
#2695 =( BOUNDED_CURVE ( )  B_SPLINE_CURVE ( 3, ( #2527, #1667, #163, #351 ),
 .UNSPECIFIED., .F., .F. ) 
 B_SPLINE_CURVE_WITH_KNOTS ( ( 4, 4 ),
 ( 4.712388980384689674, 6.283185307179586232 ),
 .UNSPECIFIED. ) 
 CURVE ( )  GEOMETRIC_REPRESENTATION_ITEM ( )  RATIONAL_B_SPLINE_CURVE ( ( 1.000000000000000000, 0.8047378541243649375, 0.8047378541243649375, 1.000000000000000000 ) ) 
 REPRESENTATION_ITEM ( '' )  );
#2696 = CARTESIAN_POINT ( 'NONE',  ( 6.310265248926230086, 7.500000000000000000, -4.729493020901346156 ) ) ;
#2697 = ORIENTED_EDGE ( 'NONE', *, *, #45, .T. ) ;
#2698 = CIRCLE ( 'NONE', #1507, 1.000000000000000000 ) ;
#2699 = CARTESIAN_POINT ( 'NONE',  ( 0.2560640732265440644, 7.030000000000000249, 4.168551485589150118 ) ) ;
#2700 = CIRCLE ( 'NONE', #2743, 0.9999999999999995559 ) ;
#2701 = ORIENTED_EDGE ( 'NONE', *, *, #275, .F. ) ;
#2702 = DIRECTION ( 'NONE',  ( -0.3236155771181853380, -0.8891264907159879272, 0.3236155771181852825 ) ) ;
#2703 = EDGE_CURVE ( 'NONE', #2154, #368, #2033, .T. ) ;
#2704 = DIRECTION ( 'NONE',  ( 0.000000000000000000, 0.000000000000000000, 1.000000000000000000 ) ) ;
#2705 = CARTESIAN_POINT ( 'NONE',  ( -0.4189359267734555914, 0.000000000000000000, 2.890331807780322837 ) ) ;
#2706 = EDGE_CURVE ( 'NONE', #2333, #1641, #1770, .T. ) ;
#2707 = CARTESIAN_POINT ( 'NONE',  ( -2.474120136805853121E-16, 0.000000000000000000, 1.540331807780323414 ) ) ;
#2708 = CIRCLE ( 'NONE', #476, 12.00000000000000000 ) ;
#2709 = ORIENTED_EDGE ( 'NONE', *, *, #939, .T. ) ;
#2710 = CARTESIAN_POINT ( 'NONE',  ( 7.802998613197040356, 7.500000000000144773, 8.762885873963966787 ) ) ;
#2711 = CARTESIAN_POINT ( 'NONE',  ( 8.815692624646866093, 0.000000000000000000, -7.084668192219678140 ) ) ;
#2712 = VECTOR ( 'NONE', #852, 1000.000000000000000 ) ;
#2713 = DIRECTION ( 'NONE',  ( 0.000000000000000000, 0.000000000000000000, -1.000000000000000000 ) ) ;
#2714 = B_SPLINE_CURVE_WITH_KNOTS ( 'NONE', 3,
 ( #2715, #1253, #1696, #2503, #393, #841 ),
 .UNSPECIFIED., .F., .F.,
 ( 4, 2, 4 ),
 ( 0.001557343315390925928, 0.002336754436082431365, 0.003116165556773936585 ),
 .UNSPECIFIED. ) ;
#2715 = CARTESIAN_POINT ( 'NONE',  ( 0.2560640732265446196, 2.605941635044260796, -0.7846681922196779846 ) ) ;
#2716 = ORIENTED_EDGE ( 'NONE', *, *, #706, .T. ) ;
#2717 = CARTESIAN_POINT ( 'NONE',  ( -4.925869865765812428, 6.673648177666931858, 10.33858757430176212 ) ) ;
#2718 = CARTESIAN_POINT ( 'NONE',  ( -5.436074319429048174, 7.500000000000001776, -4.875706537349840275 ) ) ;
#2719 = EDGE_CURVE ( 'NONE', #1130, #2764, #470, .T. ) ;
#2720 = CARTESIAN_POINT ( 'NONE',  ( 0.5648710586041075787, 4.464544694570329320, 5.215464816994384911 ) ) ;
#2721 = CARTESIAN_POINT ( 'NONE',  ( -9.043935926773457368, 3.252606517456513302E-15, 11.51533180778032239 ) ) ;
#2722 = EDGE_CURVE ( 'NONE', #1641, #471, #2401, .T. ) ;
#2723 = EDGE_LOOP ( 'NONE', ( #1972, #1145, #1882, #1629 ) ) ;
#2724 = LINE ( 'NONE', #1467, #2309 ) ;
#2725 = CARTESIAN_POINT ( 'NONE',  ( 6.738627286069024613, 7.499999999999998224, -4.446252434352039096 ) ) ;
#2726 = DIRECTION ( 'NONE',  ( 0.000000000000000000, -1.000000000000000000, 0.000000000000000000 ) ) ;
#2727 = DIRECTION ( 'NONE',  ( 1.865294060190114978E-16, -6.162975822039154730E-33, 1.000000000000000000 ) ) ;
#2728 = EDGE_LOOP ( 'NONE', ( #808, #302, #2638, #1816 ) ) ;
#2729 = CARTESIAN_POINT ( 'NONE',  ( 5.279188458876427070, 7.500000000000000000, 9.353779821289554874 ) ) ;
#2730 =( NAMED_UNIT ( * ) PLANE_ANGLE_UNIT ( ) SI_UNIT ( $, .RADIAN. ) );
#2731 = EDGE_CURVE ( 'NONE', #1418, #1009, #519, .T. ) ;
#2732 = AXIS2_PLACEMENT_3D ( 'NONE', #2648, #1192, #1219 ) ;
#2733 = CARTESIAN_POINT ( 'NONE',  ( 0.2560640732265440644, 5.000000000000000000, 2.215331807780322571 ) ) ;
#2734 = VERTEX_POINT ( 'NONE', #444 ) ;
#2735 = DIRECTION ( 'NONE',  ( 0.000000000000000000, -1.000000000000000000, 0.000000000000000000 ) ) ;
#2736 = EDGE_LOOP ( 'NONE', ( #256, #2120, #2697, #773, #1916 ) ) ;
#2737 = ORIENTED_EDGE ( 'NONE', *, *, #1639, .T. ) ;
#2738 = EDGE_CURVE ( 'NONE', #681, #530, #464, .T. ) ;
#2739 = CARTESIAN_POINT ( 'NONE',  ( 2.976755393416956164, 2.500000000000000000, 6.995273098239919385 ) ) ;
#2740 = VERTEX_POINT ( 'NONE', #2153 ) ;
#2741 = CARTESIAN_POINT ( 'NONE',  ( 6.735695457846171408, 7.499999999999996447, 8.879476662874532522 ) ) ;
#2742 = VECTOR ( 'NONE', #2134, 1000.000000000000000 ) ;
#2743 = AXIS2_PLACEMENT_3D ( 'NONE', #1165, #921, #2206 ) ;
#2744 = CYLINDRICAL_SURFACE ( 'NONE', #661, 0.5000000000000000000 ) ;
#2745 = CIRCLE ( 'NONE', #1558, 0.9999999999999998890 ) ;
#2746 = DIRECTION ( 'NONE',  ( 1.188166764367676095E-16, 0.000000000000000000, -1.000000000000000000 ) ) ;
#2747 = CARTESIAN_POINT ( 'NONE',  ( -7.682124343136763400, 7.723217276023578215, 7.199096965107004031 ) ) ;
#2748 = ORIENTED_EDGE ( 'NONE', *, *, #1744, .F. ) ;
#2749 = AXIS2_PLACEMENT_3D ( 'NONE', #2131, #686, #1737 ) ;
#2750 = DIRECTION ( 'NONE',  ( -0.1736481776669307198, 0.9848077530122080203, 0.000000000000000000 ) ) ;
#2751 = EDGE_CURVE ( 'NONE', #477, #1807, #1151, .T. ) ;
#2752 = ORIENTED_EDGE ( 'NONE', *, *, #2413, .T. ) ;
#2753 = CARTESIAN_POINT ( 'NONE',  ( 9.117707801613427421, -1.702799775392678017, 11.81558135092636874 ) ) ;
#2754 = CARTESIAN_POINT ( 'NONE',  ( -4.523877217232734615, 5.000000000000000000, 4.936023127971296276 ) ) ;
#2755 = CARTESIAN_POINT ( 'NONE',  ( 0.2560640732265440644, 7.149453399657691222, 6.022645222851663149 ) ) ;
#2756 = EDGE_LOOP ( 'NONE', ( #2643, #637, #474, #2235 ) ) ;
#2757 = DIRECTION ( 'NONE',  ( 1.000000000000000000, -3.469446951953614189E-15, 0.000000000000000000 ) ) ;
#2758 = DIRECTION ( 'NONE',  ( 1.606225440719265381E-16, 0.000000000000000000, -1.000000000000000000 ) ) ;
#2759 = CARTESIAN_POINT ( 'NONE',  ( 0.2560640732265430652, 7.149453399657692110, -1.591981607291017120 ) ) ;
#2760 = CARTESIAN_POINT ( 'NONE',  ( -9.136812516318721933, -0.5267293137561513960, 11.60820839732558696 ) ) ;
#2761 = ORIENTED_EDGE ( 'NONE', *, *, #992, .T. ) ;
#2762 = CYLINDRICAL_SURFACE ( 'NONE', #653, 0.5000000000000000000 ) ;
#2763 = DIRECTION ( 'NONE',  ( -8.673617379884035472E-16, 1.000000000000000000, 0.000000000000000000 ) ) ;
#2764 = VERTEX_POINT ( 'NONE', #1360 ) ;
#2765 = CARTESIAN_POINT ( 'NONE',  ( 7.981935065184639022, 8.927329225040887550, 9.941202799738420026 ) ) ;
#2766 = ADVANCED_FACE ( 'NONE', ( #1731 ), #2562, .F. ) ;
#2767 = CARTESIAN_POINT ( 'NONE',  ( -2.693474388499015326, 4.499679595316592007, 2.833675977144510139 ) ) ;
#2768 = CARTESIAN_POINT ( 'NONE',  ( -7.721483571459969220, 7.500000000000004441, -5.762215836906188215 ) ) ;
#2769 = ORIENTED_EDGE ( 'NONE', *, *, #1897, .F. ) ;
ENDSEC;
END-ISO-10303-21;
