ISO-10303-21;
HEADER;
FILE_DESCRIPTION (( 'STEP AP214' ),
    '1' );
FILE_NAME ('Stylized_Key_Cap_Flat.STEP',
    '2026-10-06T03:33:14',
    ( '' ),
    ( '' ),
    'SwSTEP 2.0',
    'SolidWorks 2024',
    '' );
FILE_SCHEMA (( 'AUTOMOTIVE_DESIGN' ));
ENDSEC;

DATA;
#1 = CARTESIAN_POINT ( 'NONE',  ( 0.000000000000000000, 5.000000000000000000, 9.018270292352248418 ) ) ;
#2 = CARTESIAN_POINT ( 'NONE',  ( -8.667439011424757922, -1.267548980611422405, 11.13883489243162295 ) ) ;
#3 = ORIENTED_EDGE ( 'NONE', *, *, #51, .F. ) ;
#4 =( NAMED_UNIT ( * ) SI_UNIT ( $, .STERADIAN. ) SOLID_ANGLE_UNIT ( ) );
#5 = CARTESIAN_POINT ( 'NONE',  ( 9.204073856604944481, -1.035559737087686482E-14, 10.83690691712330079 ) ) ;
#6 = CARTESIAN_POINT ( 'NONE',  ( -6.640841681966900513E-17, 0.000000000000000000, 1.240331807780321371 ) ) ;
#7 = DIRECTION ( 'NONE',  ( 0.000000000000000000, 0.000000000000000000, 1.000000000000000000 ) ) ;
#8 = LINE ( 'NONE', #293, #1083 ) ;
#9 = ORIENTED_EDGE ( 'NONE', *, *, #1171, .F. ) ;
#10 = PLANE ( 'NONE',  #486 ) ;
#11 = CARTESIAN_POINT ( 'NONE',  ( -6.534956781637964340, 6.000000000000004441, 7.325230693440833107 ) ) ;
#12 = ORIENTED_EDGE ( 'NONE', *, *, #1168, .T. ) ;
#13 = SURFACE_STYLE_USAGE ( .BOTH. , #262 ) ;
#14 = VECTOR ( 'NONE', #1738, 1000.000000000000114 ) ;
#15 = VECTOR ( 'NONE', #897, 1000.000000000000000 ) ;
#16 = CARTESIAN_POINT ( 'NONE',  ( 7.419620917220983713, 6.000000000000023093, 8.056518205990659709 ) ) ;
#17 = CARTESIAN_POINT ( 'NONE',  ( -7.297324766613655811, 1.832235328579865152, -6.761595668783806801 ) ) ;
#18 = AXIS2_PLACEMENT_3D ( 'NONE', #956, #1529, #536 ) ;
#19 = VECTOR ( 'NONE', #1723, 1000.000000000000000 ) ;
#20 = CARTESIAN_POINT ( 'NONE',  ( -5.893010645451425944, 5.999999999999989342, -4.715217169380085060 ) ) ;
#21 = EDGE_LOOP ( 'NONE', ( #124, #52, #383, #442 ) ) ;
#22 = CARTESIAN_POINT ( 'NONE',  ( -6.534956780220110062, 6.000000000000001776, 7.325230693217203104 ) ) ;
#23 = CARTESIAN_POINT ( 'NONE',  ( -6.631167942869978127, 5.999999999999879208, 8.850109218087300889 ) ) ;
#24 = ORIENTED_EDGE ( 'NONE', *, *, #186, .F. ) ;
#25 = CARTESIAN_POINT ( 'NONE',  ( 5.258901743708362275, 3.729617372335566117, -3.727198483487400793 ) ) ;
#26 = DIRECTION ( 'NONE',  ( 1.000000000000000000, 0.000000000000000000, -4.336808689942017736E-16 ) ) ;
#27 = CARTESIAN_POINT ( 'NONE',  ( 5.543678929939127364, 6.000000000000000000, 9.018270292352248418 ) ) ;
#28 = DIRECTION ( 'NONE',  ( 0.000000000000000000, 0.000000000000000000, -1.000000000000000000 ) ) ;
#29 = ORIENTED_EDGE ( 'NONE', *, *, #379, .T. ) ;
#30 = CARTESIAN_POINT ( 'NONE',  ( -4.287847451498932649, 3.000000000000000000, -5.313021168230376224E-16 ) ) ;
#31 = CARTESIAN_POINT ( 'NONE',  ( -6.055677699686371263, 5.281588679675063069, 9.603434474376978613 ) ) ;
#32 = ORIENTED_EDGE ( 'NONE', *, *, #1222, .T. ) ;
#33 = CARTESIAN_POINT ( 'NONE',  ( 8.619714690891019160, 5.207842124775869941, -3.616468987344496622 ) ) ;
#34 = CARTESIAN_POINT ( 'NONE',  ( 8.498102188975749982, 6.000000000000001776, -6.026706307968885845 ) ) ;
#35 = CARTESIAN_POINT ( 'NONE',  ( 7.659002557798472388, 6.000000000000000000, -3.367447603718542570 ) ) ;
#36 = VERTEX_POINT ( 'NONE', #949 ) ;
#37 = LINE ( 'NONE', #1004, #1111 ) ;
#38 = CARTESIAN_POINT ( 'NONE',  ( -4.976038954851360607, 5.208703989804950751, 9.996896759853877157 ) ) ;
#39 = ORIENTED_EDGE ( 'NONE', *, *, #1588, .T. ) ;
#40 = EDGE_LOOP ( 'NONE', ( #941, #1327, #146, #188 ) ) ;
#41 = CARTESIAN_POINT ( 'NONE',  ( 1.231064073226546318, 0.000000000000000000, 0.000000000000000000 ) ) ;
#42 = DIRECTION ( 'NONE',  ( -0.9396926207859080948, -0.3420201433256694901, 0.000000000000000000 ) ) ;
#43 = AXIS2_PLACEMENT_3D ( 'NONE', #560, #156, #874 ) ;
#44 = DIRECTION ( 'NONE',  ( 0.000000000000000000, 0.000000000000000000, -1.000000000000000000 ) ) ;
#45 = ORIENTED_EDGE ( 'NONE', *, *, #1028, .T. ) ;
#46 = AXIS2_PLACEMENT_3D ( 'NONE', #1297, #850, #28 ) ;
#47 = AXIS2_PLACEMENT_3D ( 'NONE', #393, #1852, #1109 ) ;
#48 = EDGE_CURVE ( 'NONE', #1366, #1301, #953, .T. ) ;
#49 = CARTESIAN_POINT ( 'NONE',  ( -4.726708976600532353, 6.000000000000000000, -5.187606673763967002 ) ) ;
#50 = CARTESIAN_POINT ( 'NONE',  ( -4.597715429238466101, 6.000000000000002665, 9.857369923529528677 ) ) ;
#51 = EDGE_CURVE ( 'NONE', #673, #1459, #1646, .T. ) ;
#52 = ORIENTED_EDGE ( 'NONE', *, *, #409, .F. ) ;
#53 = DIRECTION ( 'NONE',  ( 0.000000000000000000, -0.000000000000000000, -1.000000000000000000 ) ) ;
#54 = DIRECTION ( 'NONE',  ( 1.000000000000000000, 0.000000000000000000, 0.000000000000000000 ) ) ;
#55 = VERTEX_POINT ( 'NONE', #969 ) ;
#56 = ADVANCED_FACE ( 'NONE', ( #844 ), #302, .T. ) ;
#57 = DIRECTION ( 'NONE',  ( -1.000000000000000000, 0.000000000000000000, 1.734723475976807094E-15 ) ) ;
#58 = DIRECTION ( 'NONE',  ( -0.000000000000000000, 1.000000000000000000, -0.000000000000000000 ) ) ;
#59 = VERTEX_POINT ( 'NONE', #1531 ) ;
#60 = DIRECTION ( 'NONE',  ( 0.000000000000000000, -8.673617379884035472E-16, 1.000000000000000000 ) ) ;
#61 = LINE ( 'NONE', #887, #1321 ) ;
#62 = DIRECTION ( 'NONE',  ( -0.3236155771181853935, 0.8891264907159879272, 0.3236155771181852825 ) ) ;
#63 = CARTESIAN_POINT ( 'NONE',  ( 5.399975597952025197, 3.000000000000000000, 6.691046028192341856E-16 ) ) ;
#64 = ORIENTED_EDGE ( 'NONE', *, *, #189, .T. ) ;
#65 = CARTESIAN_POINT ( 'NONE',  ( -6.355126724842357078, 6.000000000000018652, -4.107745030581524404 ) ) ;
#66 = VERTEX_POINT ( 'NONE', #826 ) ;
#67 = CARTESIAN_POINT ( 'NONE',  ( -7.131721996323096668, 5.281580162764596409, 8.527309464757331980 ) ) ;
#68 = EDGE_CURVE ( 'NONE', #476, #162, #427, .T. ) ;
#69 = CARTESIAN_POINT ( 'NONE',  ( 9.630565101443641751, -0.4225163268704743014, -7.159169220436779391 ) ) ;
#70 = ADVANCED_FACE ( 'NONE', ( #1408 ), #1542, .T. ) ;
#71 = LINE ( 'NONE', #919, #340 ) ;
#72 = EDGE_CURVE ( 'NONE', #567, #896, #1252, .T. ) ;
#73 = ORIENTED_EDGE ( 'NONE', *, *, #819, .F. ) ;
#74 = VECTOR ( 'NONE', #292, 1000.000000000000000 ) ;
#75 = CIRCLE ( 'NONE', #1289, 1.000000000000000000 ) ;
#76 = CARTESIAN_POINT ( 'NONE',  ( -6.629516098983372352, 5.999999999999708677, -5.021303757673718948 ) ) ;
#77 = VECTOR ( 'NONE', #461, 1000.000000000000000 ) ;
#78 = ORIENTED_EDGE ( 'NONE', *, *, #1003, .T. ) ;
#79 = LINE ( 'NONE', #669, #869 ) ;
#80 = CARTESIAN_POINT ( 'NONE',  ( 5.709843575691553319, 6.000000000000000000, -5.187606676791606475 ) ) ;
#81 = DIRECTION ( 'NONE',  ( -0.000000000000000000, 0.000000000000000000, 1.000000000000000000 ) ) ;
#82 = CARTESIAN_POINT ( 'NONE',  ( 6.216448691204700339, 5.999999999999995559, 8.958730650902896997 ) ) ;
#83 = ORIENTED_EDGE ( 'NONE', *, *, #819, .T. ) ;
#84 = CARTESIAN_POINT ( 'NONE',  ( -4.597715429238467877, 6.000000000000000000, -5.187606676791606475 ) ) ;
#85 = ORIENTED_EDGE ( 'NONE', *, *, #1454, .T. ) ;
#86 = CARTESIAN_POINT ( 'NONE',  ( -4.597715429238466989, 5.173648177666925640, 10.00307804536445744 ) ) ;
#87 = CARTESIAN_POINT ( 'NONE',  ( 7.599462914931376822, 5.999999999999999112, -3.745052809974128039 ) ) ;
#88 = FACE_OUTER_BOUND ( 'NONE', #643, .T. ) ;
#89 = CARTESIAN_POINT ( 'NONE',  ( -8.443935926773455947, 0.000000000000000000, -7.084668192219678140 ) ) ;
#90 = ORIENTED_EDGE ( 'NONE', *, *, #892, .F. ) ;
#91 = CARTESIAN_POINT ( 'NONE',  ( 7.659002554381324934, 5.999999999999996447, 7.325702568287304928 ) ) ;
#92 = CARTESIAN_POINT ( 'NONE',  ( -8.667439011424761475, -1.267548980611421960, -7.308171276870980115 ) ) ;
#93 = ORIENTED_EDGE ( 'NONE', *, *, #1363, .T. ) ;
#94 = FACE_OUTER_BOUND ( 'NONE', #1063, .T. ) ;
#95 = DIRECTION ( 'NONE',  ( -0.3236155771181852825, 0.8891264907159880382, -0.3236155771181852825 ) ) ;
#96 = CARTESIAN_POINT ( 'NONE',  ( 8.175708208817122014, 7.828387118427826863, 9.534975943370898932 ) ) ;
#97 = DIRECTION ( 'NONE',  ( -0.9396926207859080948, 0.3420201433256693790, 0.000000000000000000 ) ) ;
#98 = ORIENTED_EDGE ( 'NONE', *, *, #970, .T. ) ;
#99 = CARTESIAN_POINT ( 'NONE',  ( 8.244166739823468149, 5.281588679674722897, 8.527073580693011579 ) ) ;
#100 = CARTESIAN_POINT ( 'NONE',  ( -8.443935926773457723, 2.168404344971008868E-16, -7.084668192219677252 ) ) ;
#101 = ADVANCED_FACE ( 'NONE', ( #1388 ), #125, .T. ) ;
#102 = CLOSED_SHELL ( 'NONE', ( #1636, #457, #1201, #835, #485, #1786, #912, #126, #683, #705, #1365, #590, #452, #1389, #263, #70, #318, #1705, #177, #1644, #889, #915, #780, #618, #1399, #400, #1543, #319, #511, #56, #1102, #1788, #1846, #218, #1055, #127, #1308, #980, #101, #1589, #1413, #369, #431, #131, #1565, #1586, #533, #1820, #645, #635, #922 ) ) ;
#103 = ORIENTED_EDGE ( 'NONE', *, *, #1115, .F. ) ;
#104 = VECTOR ( 'NONE', #693, 1000.000000000000000 ) ;
#105 = EDGE_CURVE ( 'NONE', #841, #1790, #894, .T. ) ;
#106 = VECTOR ( 'NONE', #1040, 1000.000000000000000 ) ;
#107 = DIRECTION ( 'NONE',  ( 0.000000000000000000, 1.000000000000000000, 0.000000000000000000 ) ) ;
#108 = CARTESIAN_POINT ( 'NONE',  ( -5.602654534320082647, -0.6124027709901030958, -4.243386799766305728 ) ) ;
#109 = FACE_OUTER_BOUND ( 'NONE', #212, .T. ) ;
#110 = CARTESIAN_POINT ( 'NONE',  ( 6.224812233080692536, 6.000000000000021316, -5.138760855029369523 ) ) ;
#111 = ORIENTED_EDGE ( 'NONE', *, *, #872, .T. ) ;
#112 = CARTESIAN_POINT ( 'NONE',  ( 7.407626158449000187, 6.000000000000000888, 8.052581832693750385 ) ) ;
#113 = DIRECTION ( 'NONE',  ( -1.606225440719266120E-16, 0.000000000000000000, 1.000000000000000000 ) ) ;
#114 = DIRECTION ( 'NONE',  ( 1.000000000000000000, 0.000000000000000000, 0.000000000000000000 ) ) ;
#115 = CARTESIAN_POINT ( 'NONE',  ( -8.689058785935007023, -1.390160814735640127, 10.42184885218272150 ) ) ;
#116 = DIRECTION ( 'NONE',  ( 0.000000000000000000, -0.3420201433256694346, 0.9396926207859080948 ) ) ;
#117 = CARTESIAN_POINT ( 'NONE',  ( 8.283172868869998595, 7.218924745618551242, 9.642440603423775514 ) ) ;
#118 = EDGE_CURVE ( 'NONE', #1764, #764, #763, .T. ) ;
#119 = LINE ( 'NONE', #505, #758 ) ;
#120 = CARTESIAN_POINT ( 'NONE',  ( -6.055913583750466955, 5.281580162764595521, -5.772454261769321526 ) ) ;
#121 = CARTESIAN_POINT ( 'NONE',  ( 0.5560640732265460517, 4.000000000000000000, -1.084668192219679472 ) ) ;
#122 = CARTESIAN_POINT ( 'NONE',  ( 6.247150984012416863, 3.363996538402180381, -6.491504839489492085 ) ) ;
#123 = DIRECTION ( 'NONE',  ( 0.000000000000000000, 0.000000000000000000, 1.000000000000000000 ) ) ;
#124 = ORIENTED_EDGE ( 'NONE', *, *, #648, .T. ) ;
#125 =( BOUNDED_SURFACE ( )  B_SPLINE_SURFACE ( 3, 2, ( 
 ( #708, #1569, #565 ),
 ( #1715, #1428, #152 ),
 ( #1140, #436, #11 ),
 ( #574, #548, #1116 ),
 ( #249, #1694, #1587 ),
 ( #1578, #752, #1150 ),
 ( #1437, #1448, #160 ),
 ( #1734, #297, #610 ),
 ( #1756, #23, #1319 ),
 ( #1466, #585, #885 ),
 ( #1474, #475, #445 ),
 ( #31, #1180, #723 ),
 ( #868, #1005, #1763 ),
 ( #1329, #644, #191 ),
 ( #38, #466, #333 ),
 ( #1037, #50, #1614 ) ),
 .UNSPECIFIED., .F., .F., .T. ) 
 B_SPLINE_SURFACE_WITH_KNOTS ( ( 4, 2, 2, 2, 2, 2, 2, 4 ),
 ( 3, 3 ),
 ( 8.673617379884035472E-19, 0.0003822704006468831124, 0.0007645408012937653574, 0.001146811201940647548, 0.001529081602587529847, 0.001911352003234412147, 0.002293622403881294229, 0.003058163205175058828 ),
 ( 0.000000000000000000, 1.000000000000000000 ),
 .UNSPECIFIED. ) 
 GEOMETRIC_REPRESENTATION_ITEM ( )  RATIONAL_B_SPLINE_SURFACE ( (
 ( 1.000000000000000000, 0.7660444431189782355, 1.000000000000000000),
 ( 1.000000000000000000, 0.7717974870889707795, 1.000000000000000000),
 ( 1.000000000000000000, 0.7771382677755066526, 1.000000000000000000),
 ( 1.000000000000000000, 0.7866933155288132751, 1.000000000000000000),
 ( 1.000000000000000000, 0.7909444607417872586, 1.000000000000000000),
 ( 1.000000000000000000, 0.7978078801999661795, 1.000000000000000000),
 ( 1.000000000000000000, 0.8004440985328080682, 1.000000000000000000),
 ( 1.000000000000000000, 0.8040270847888983941, 1.000000000000000000),
 ( 1.000000000000000000, 0.8049560426511462863, 1.000000000000000000),
 ( 1.000000000000000000, 0.8049644313257265926, 1.000000000000000000),
 ( 1.000000000000000000, 0.8040755934313532638, 1.000000000000000000),
 ( 1.000000000000000000, 0.8004983064083002198, 1.000000000000000000),
 ( 1.000000000000000000, 0.7978276240544824871, 1.000000000000000000),
 ( 1.000000000000000000, 0.7875872931866316762, 1.000000000000000000),
 ( 1.000000000000000000, 0.7775408985779364013, 1.000000000000000000),
 ( 1.000000000000000000, 0.7660444431189775694, 1.000000000000000000) ) ) 
 REPRESENTATION_ITEM ( '' )  SURFACE ( )  );
#126 = ADVANCED_FACE ( 'NONE', ( #306 ), #1209, .F. ) ;
#127 = ADVANCED_FACE ( 'NONE', ( #997 ), #1570, .T. ) ;
#128 = DIRECTION ( 'NONE',  ( -0.000000000000000000, 1.000000000000000000, -0.000000000000000000 ) ) ;
#129 = CARTESIAN_POINT ( 'NONE',  ( 7.610156737295189266, 6.000000000000020428, 7.584079968153253581 ) ) ;
#130 = DIRECTION ( 'NONE',  ( 0.9396926207859080948, 0.3420201433256694346, 1.164362035342490253E-16 ) ) ;
#131 = ADVANCED_FACE ( 'NONE', ( #1246 ), #535, .F. ) ;
#132 = CARTESIAN_POINT ( 'NONE',  ( 6.247150984012422192, 3.363996538402175940, 10.32216845505013403 ) ) ;
#133 = ORIENTED_EDGE ( 'NONE', *, *, #593, .T. ) ;
#134 = CARTESIAN_POINT ( 'NONE',  ( -7.472453140563664498, 5.509552663503131775, 6.989425762533906017 ) ) ;
#135 = B_SPLINE_CURVE_WITH_KNOTS ( 'NONE', 3,
 ( #1110, #1700, #1259, #385, #684, #414, #394, #1842 ),
 .UNSPECIFIED., .F., .F.,
 ( 4, 2, 2, 4 ),
 ( 0.000000000000000000, 0.0002901036219425566975, 0.0005802072438851133950, 0.001160414487770223104 ),
 .UNSPECIFIED. ) ;
#136 = AXIS2_PLACEMENT_3D ( 'NONE', #497, #62, #42 ) ;
#137 = VECTOR ( 'NONE', #1262, 1000.000000000000000 ) ;
#138 = ORIENTED_EDGE ( 'NONE', *, *, #970, .F. ) ;
#139 = DIRECTION ( 'NONE',  ( 0.000000000000000000, -1.000000000000000000, 0.000000000000000000 ) ) ;
#140 = CARTESIAN_POINT ( 'NONE',  ( 7.171496067087701931, 5.281747765149735763, -5.770539527417335890 ) ) ;
#141 = DIRECTION ( 'NONE',  ( 6.023345402697249184E-17, 0.000000000000000000, -1.000000000000000000 ) ) ;
#142 = CYLINDRICAL_SURFACE ( 'NONE', #1722, 1.000000000000000000 ) ;
#143 = CARTESIAN_POINT ( 'NONE',  ( -6.307492770767896495, 6.000000000000016875, -4.225854590430017765 ) ) ;
#144 = CARTESIAN_POINT ( 'NONE',  ( 7.905440588198012541, 5.295935106301721262, 8.996657233203748660 ) ) ;
#145 = CARTESIAN_POINT ( 'NONE',  ( -7.385974042522661875, 6.000000000000001776, 9.857369923529528677 ) ) ;
#146 = ORIENTED_EDGE ( 'NONE', *, *, #1018, .F. ) ;
#147 = CARTESIAN_POINT ( 'NONE',  ( 9.556064073226542277, -9.351243737687477715E-16, 10.27201388442727392 ) ) ;
#148 = LINE ( 'NONE', #854, #1655 ) ;
#149 = CARTESIAN_POINT ( 'NONE',  ( -5.791999615419310743, 6.000000000000054179, -4.797380761533569959 ) ) ;
#150 = EDGE_LOOP ( 'NONE', ( #78, #1251, #1752, #490 ) ) ;
#151 = CARTESIAN_POINT ( 'NONE',  ( 5.399975597952026085, 3.000000000000000000, -2.928579716945156175 ) ) ;
#152 = CARTESIAN_POINT ( 'NONE',  ( -6.546874408318190675, 6.000000000000000000, 7.198104857607273921 ) ) ;
#153 = ORIENTED_EDGE ( 'NONE', *, *, #1064, .F. ) ;
#154 =( NAMED_UNIT ( * ) PLANE_ANGLE_UNIT ( ) SI_UNIT ( $, .RADIAN. ) );
#155 = CARTESIAN_POINT ( 'NONE',  ( 7.610156736036234548, 6.000000000000022204, 7.584079967634466790 ) ) ;
#156 = DIRECTION ( 'NONE',  ( -0.000000000000000000, 0.000000000000000000, 1.000000000000000000 ) ) ;
#157 = DIRECTION ( 'NONE',  ( -1.927470528863119049E-16, 0.000000000000000000, -1.000000000000000000 ) ) ;
#158 = VERTEX_POINT ( 'NONE', #1520 ) ;
#159 = CARTESIAN_POINT ( 'NONE',  ( -6.355566383922133689, 5.999999999999971578, 7.937566185200993552 ) ) ;
#160 = CARTESIAN_POINT ( 'NONE',  ( -6.296767432956082544, 6.000000000000056843, 8.050204398646792825 ) ) ;
#161 = EDGE_CURVE ( 'NONE', #539, #1693, #955, .T. ) ;
#162 = VERTEX_POINT ( 'NONE', #931 ) ;
#163 = DIRECTION ( 'NONE',  ( 1.000000000000000000, 0.000000000000000000, 0.000000000000000000 ) ) ;
#164 = VECTOR ( 'NONE', #58, 1000.000000000000000 ) ;
#165 = EDGE_CURVE ( 'NONE', #1366, #923, #1076, .T. ) ;
#166 = VECTOR ( 'NONE', #113, 1000.000000000000000 ) ;
#167 = CARTESIAN_POINT ( 'NONE',  ( -0.1189359267734538539, 0.000000000000000000, -0.1096681922196782732 ) ) ;
#168 = DIRECTION ( 'NONE',  ( 6.023345402697249184E-17, 0.000000000000000000, -1.000000000000000000 ) ) ;
#169 = AXIS2_PLACEMENT_3D ( 'NONE', #108, #1659, #116 ) ;
#170 = LINE ( 'NONE', #285, #137 ) ;
#171 = ORIENTED_EDGE ( 'NONE', *, *, #72, .F. ) ;
#172 = B_SPLINE_CURVE_WITH_KNOTS ( 'NONE', 3,
 ( #908, #1198, #1749, #881 ),
 .UNSPECIFIED., .F., .F.,
 ( 4, 4 ),
 ( -0.005834043511187631849, -0.0001268384443054593885 ),
 .UNSPECIFIED. ) ;
#173 = CARTESIAN_POINT ( 'NONE',  ( -6.546874411345383393, 6.000000000000002665, 7.198111219279184070 ) ) ;
#174 = CARTESIAN_POINT ( 'NONE',  ( 5.709843575692177708, 6.000000000000000000, 9.857369923529477163 ) ) ;
#175 = ORIENTED_EDGE ( 'NONE', *, *, #260, .T. ) ;
#176 = FACE_OUTER_BOUND ( 'NONE', #481, .T. ) ;
#177 = ADVANCED_FACE ( 'NONE', ( #1072 ), #237, .T. ) ;
#178 = DIRECTION ( 'NONE',  ( 1.239088197126291310E-16, 0.000000000000000000, -1.000000000000000000 ) ) ;
#179 = ORIENTED_EDGE ( 'NONE', *, *, #872, .F. ) ;
#180 = CARTESIAN_POINT ( 'NONE',  ( -6.074484903933864643, 5.999999999999991118, 8.364406526458289193 ) ) ;
#181 = DIRECTION ( 'NONE',  ( -0.000000000000000000, 1.000000000000000000, -0.000000000000000000 ) ) ;
#182 = ORIENTED_EDGE ( 'NONE', *, *, #509, .T. ) ;
#183 = CARTESIAN_POINT ( 'NONE',  ( 7.647084928090944977, 5.999999999999999112, -3.494567077880248007 ) ) ;
#184 = CARTESIAN_POINT ( 'NONE',  ( 9.577683847736789602, -0.1226118341242169174, -6.367682151970770477 ) ) ;
#185 = EDGE_CURVE ( 'NONE', #1571, #572, #1623, .T. ) ;
#186 = EDGE_CURVE ( 'NONE', #788, #317, #148, .T. ) ;
#187 = CARTESIAN_POINT ( 'NONE',  ( 9.556064073226542277, 0.000000000000000000, -6.343303859998225214 ) ) ;
#188 = ORIENTED_EDGE ( 'NONE', *, *, #1168, .F. ) ;
#189 = EDGE_CURVE ( 'NONE', #923, #1315, #838, .T. ) ;
#190 = CARTESIAN_POINT ( 'NONE',  ( -7.531682164357593301, 5.173648177666930970, -3.238447694684688294 ) ) ;
#191 = CARTESIAN_POINT ( 'NONE',  ( -5.112684087146940115, 6.000000000000018652, 8.969424471848411073 ) ) ;
#192 = ORIENTED_EDGE ( 'NONE', *, *, #694, .T. ) ;
#193 = FACE_OUTER_BOUND ( 'NONE', #499, .T. ) ;
#194 = CARTESIAN_POINT ( 'NONE',  ( 8.937235248433681889, 3.509552663503131775, -3.511416108390194246 ) ) ;
#195 = CARTESIAN_POINT ( 'NONE',  ( 6.339668218737934069, 3.342020143325669324, -2.928579716945157507 ) ) ;
#196 = ORIENTED_EDGE ( 'NONE', *, *, #308, .T. ) ;
#197 = VECTOR ( 'NONE', #911, 1000.000000000000000 ) ;
#198 = CARTESIAN_POINT ( 'NONE',  ( 5.399975597952024309, 3.000000000000000000, 6.759243332505799451 ) ) ;
#199 = CARTESIAN_POINT ( 'NONE',  ( -1.468935926773454304, 0.000000000000000000, 2.590331807780321238 ) ) ;
#200 = B_SPLINE_CURVE_WITH_KNOTS ( 'NONE', 3,
 ( #589, #17, #1851, #1555 ),
 .UNSPECIFIED., .F., .F.,
 ( 4, 4 ),
 ( -0.006562361578995960613, -0.0008551565121139139206 ),
 .UNSPECIFIED. ) ;
#201 = VERTEX_POINT ( 'NONE', #1414 ) ;
#202 = CARTESIAN_POINT ( 'NONE',  ( 8.390637528922873400, 6.609462372809277397, -5.919241647916009263 ) ) ;
#203 = LINE ( 'NONE', #480, #1504 ) ;
#204 = VERTEX_POINT ( 'NONE', #1135 ) ;
#205 = EDGE_LOOP ( 'NONE', ( #870, #330, #1407, #592 ) ) ;
#206 = CARTESIAN_POINT ( 'NONE',  ( -7.385974042522664540, 6.000000000000000888, -3.238447694684688294 ) ) ;
#207 = EDGE_CURVE ( 'NONE', #162, #910, #284, .T. ) ;
#208 = DIRECTION ( 'NONE',  ( -6.313877099383605868E-16, -1.734723475976806503E-15, 1.000000000000000000 ) ) ;
#209 = CARTESIAN_POINT ( 'NONE',  ( 0.000000000000000000, 0.000000000000000000, 2.590331807780321238 ) ) ;
#210 = CARTESIAN_POINT ( 'NONE',  ( 9.062581117628939253, -1.390160814735641015, -7.329791051381232769 ) ) ;
#211 = CYLINDRICAL_SURFACE ( 'NONE', #1141, 1.000000000000000000 ) ;
#212 = EDGE_LOOP ( 'NONE', ( #1557, #1601, #1010, #1014 ) ) ;
#213 = CARTESIAN_POINT ( 'NONE',  ( -6.295498011995859677, 6.000000000000000000, -4.221918217132881956 ) ) ;
#214 = ORIENTED_EDGE ( 'NONE', *, *, #1115, .T. ) ;
#215 = CARTESIAN_POINT ( 'NONE',  ( -6.640841681966900513E-17, 0.000000000000000000, 1.240331807780321371 ) ) ;
#216 = CARTESIAN_POINT ( 'NONE',  ( 7.488643192074626143, 5.293068720372013480, -5.556886316339809895 ) ) ;
#217 = FACE_OUTER_BOUND ( 'NONE', #1444, .T. ) ;
#218 = ADVANCED_FACE ( 'NONE', ( #176 ), #1269, .T. ) ;
#219 = CARTESIAN_POINT ( 'NONE',  ( 5.965962958663419080, 5.999999999999996447, 9.006352661226971534 ) ) ;
#220 = ORIENTED_EDGE ( 'NONE', *, *, #694, .F. ) ;
#221 = VECTOR ( 'NONE', #405, 1000.000000000000000 ) ;
#222 = CARTESIAN_POINT ( 'NONE',  ( -5.794253821093168888, 5.999999999999918288, -5.678911436009188130 ) ) ;
#223 = ORIENTED_EDGE ( 'NONE', *, *, #1730, .F. ) ;
#224 = CARTESIAN_POINT ( 'NONE',  ( -4.597715429238469653, 6.000000000000000000, -5.187606676791608251 ) ) ;
#225 = CARTESIAN_POINT ( 'NONE',  ( -6.546874411345382505, 6.000000000000000000, 7.069111310245332902 ) ) ;
#226 = DIRECTION ( 'NONE',  ( -0.9848077530122080203, 0.1736481776669307198, 9.490939602634702070E-17 ) ) ;
#227 = CARTESIAN_POINT ( 'NONE',  ( 7.186613050386944757, 5.999999999999984901, -4.533742910897645473 ) ) ;
#228 = VERTEX_POINT ( 'NONE', #1592 ) ;
#229 = CARTESIAN_POINT ( 'NONE',  ( 6.578298451146102011, 5.999999999999978684, 8.826962265858576018 ) ) ;
#230 = CARTESIAN_POINT ( 'NONE',  ( 1.231064073226546318, 0.000000000000000000, 2.590331807780321238 ) ) ;
#231 = VERTEX_POINT ( 'NONE', #433 ) ;
#232 = FACE_BOUND ( 'NONE', #1633, .T. ) ;
#233 = CARTESIAN_POINT ( 'NONE',  ( 7.186613049690016020, 5.999999999999985789, -4.533742910114923141 ) ) ;
#234 = DIRECTION ( 'NONE',  ( 0.000000000000000000, 0.1736481776669307198, -0.9848077530122080203 ) ) ;
#235 = DIRECTION ( 'NONE',  ( -0.000000000000000000, 1.000000000000000000, -0.000000000000000000 ) ) ;
#236 = EDGE_LOOP ( 'NONE', ( #182, #1425, #1038, #991 ) ) ;
#237 = PLANE ( 'NONE',  #925 ) ;
#238 = EDGE_CURVE ( 'NONE', #1515, #1376, #739, .T. ) ;
#239 = ORIENTED_EDGE ( 'NONE', *, *, #1304, .F. ) ;
#240 = CARTESIAN_POINT ( 'NONE',  ( 0.000000000000000000, 0.000000000000000000, 0.000000000000000000 ) ) ;
#241 = CARTESIAN_POINT ( 'NONE',  ( 7.492699638680631047, 5.999999999999929834, -5.270248364429979127 ) ) ;
#242 = DIRECTION ( 'NONE',  ( -1.239088197126291063E-16, -6.162975822039153361E-33, 1.000000000000000000 ) ) ;
#243 = FACE_OUTER_BOUND ( 'NONE', #1307, .T. ) ;
#244 = ORIENTED_EDGE ( 'NONE', *, *, #456, .F. ) ;
#245 = CARTESIAN_POINT ( 'NONE',  ( 8.374497501044162462, 5.999999999999796607, 7.781019328560695669 ) ) ;
#246 = CARTESIAN_POINT ( 'NONE',  ( -7.063580062364034795, 7.828387118427829527, -5.704312327810255212 ) ) ;
#247 = AXIS2_PLACEMENT_3D ( 'NONE', #390, #936, #1236 ) ;
#248 = VECTOR ( 'NONE', #1161, 1000.000000000000000 ) ;
#249 = CARTESIAN_POINT ( 'NONE',  ( -7.372713698613779343, 5.251162727359173665, 8.002958565349059583 ) ) ;
#250 = AXIS2_PLACEMENT_3D ( 'NONE', #1609, #1187, #1630 ) ;
#251 = AXIS2_PLACEMENT_3D ( 'NONE', #1814, #1689, #1245 ) ;
#252 = CARTESIAN_POINT ( 'NONE',  ( 7.000806497648520477, 5.273210894358923539, 9.693554791330198483 ) ) ;
#253 = CARTESIAN_POINT ( 'NONE',  ( 5.709843575691553319, 5.173648177666930970, -6.172414429803814606 ) ) ;
#254 = CARTESIAN_POINT ( 'NONE',  ( 5.709843575691555984, 5.000000000000000000, 9.018270292352248418 ) ) ;
#255 = CARTESIAN_POINT ( 'NONE',  ( 5.709843575691555095, 6.000000000000000000, 9.018270292352248418 ) ) ;
#256 = DIRECTION ( 'NONE',  ( 0.000000000000000000, 4.336808689942017736E-16, 1.000000000000000000 ) ) ;
#257 = LINE ( 'NONE', #1672, #1047 ) ;
#258 = CARTESIAN_POINT ( 'NONE',  ( -4.597715429238469653, 6.000000000000000000, -5.187606676791608251 ) ) ;
#259 = CARTESIAN_POINT ( 'NONE',  ( 2.581064073226545741, 0.000000000000000000, 0.000000000000000000 ) ) ;
#260 = EDGE_CURVE ( 'NONE', #583, #572, #200, .T. ) ;
#261 = EDGE_LOOP ( 'NONE', ( #313, #962, #852, #1612 ) ) ;
#262 = SURFACE_SIDE_STYLE ('',( #1422 ) ) ;
#263 = ADVANCED_FACE ( 'NONE', ( #1296 ), #1001, .F. ) ;
#264 = EDGE_CURVE ( 'NONE', #1376, #741, #1128, .T. ) ;
#265 = DIRECTION ( 'NONE',  ( 1.000000000000000000, 0.000000000000000000, 6.023345402697249184E-17 ) ) ;
#266 =( NAMED_UNIT ( * ) SI_UNIT ( $, .STERADIAN. ) SOLID_ANGLE_UNIT ( ) );
#267 = CARTESIAN_POINT ( 'NONE',  ( -8.592937983207660224, -0.8450326537409480476, -7.233670248653878865 ) ) ;
#268 = ORIENTED_EDGE ( 'NONE', *, *, #1789, .T. ) ;
#269 = PRODUCT ( 'Stylized_Key_Cap_Flat', 'Stylized_Key_Cap_Flat', '', ( #1415 ) ) ;
#270 = CARTESIAN_POINT ( 'NONE',  ( -7.278509382469785294, 6.609462372809277397, 9.749905263476652095 ) ) ;
#271 = EDGE_CURVE ( 'NONE', #923, #1301, #459, .T. ) ;
#272 = ORIENTED_EDGE ( 'NONE', *, *, #1450, .T. ) ;
#273 = CARTESIAN_POINT ( 'NONE',  ( 8.643810310810680519, 5.173648177666924752, 7.069111310245332902 ) ) ;
#274 = CARTESIAN_POINT ( 'NONE',  ( 7.275587097940665160, 5.999999999999986677, 8.275688205340514969 ) ) ;
#275 = CARTESIAN_POINT ( 'NONE',  ( -8.352069964905684429, -3.760679619965993264E-15, -6.718022603130993531 ) ) ;
#276 = CARTESIAN_POINT ( 'NONE',  ( -7.257523820457912223, 6.728477409121683017, 6.774496442428153742 ) ) ;
#277 = B_SPLINE_CURVE_WITH_KNOTS ( 'NONE', 3,
 ( #877, #173, #22, #1532, #1290, #159, #584, #735, #180, #742, #296, #425, #1733, #714 ),
 .UNSPECIFIED., .F., .F.,
 ( 4, 2, 2, 2, 2, 2, 4 ),
 ( 0.000000000000000000, 0.0003822704006468966649, 0.0007645408012937933298, 0.001146811201940690049, 0.001529081602587586660, 0.002293622403881376195, 0.003058163205175165947 ),
 .UNSPECIFIED. ) ;
#278 = VECTOR ( 'NONE', #1497, 1000.000000000000000 ) ;
#279 = AXIS2_PLACEMENT_3D ( 'NONE', #386, #1387, #114 ) ;
#280 = ORIENTED_EDGE ( 'NONE', *, *, #782, .T. ) ;
#281 = CARTESIAN_POINT ( 'NONE',  ( -6.067251611413670531, 0.000000000000000000, -5.084668192219678140 ) ) ;
#282 = AXIS2_PLACEMENT_3D ( 'NONE', #1120, #1134, #26 ) ;
#283 = CARTESIAN_POINT ( 'NONE',  ( -6.443935926773454170, 0.000000000000000000, -5.084668192219678140 ) ) ;
#284 = LINE ( 'NONE', #27, #1775 ) ;
#285 = CARTESIAN_POINT ( 'NONE',  ( -4.431550783486039258, 5.173648177666930970, 10.00307804536445744 ) ) ;
#286 = ORIENTED_EDGE ( 'NONE', *, *, #1337, .F. ) ;
#287 = CARTESIAN_POINT ( 'NONE',  ( 7.168041730203547957, 5.281580162764594633, 9.603117877329962582 ) ) ;
#288 = CARTESIAN_POINT ( 'NONE',  ( -4.303100561421286940, 6.728477409121683017, 9.728919701464775471 ) ) ;
#289 = ORIENTED_EDGE ( 'NONE', *, *, #728, .T. ) ;
#290 = CARTESIAN_POINT ( 'NONE',  ( 5.709843575691553319, 6.000000000000000000, -5.187606676791606475 ) ) ;
#291 = DIRECTION ( 'NONE',  ( -0.3236155771181852825, 0.8891264907159879272, -0.3236155771181852825 ) ) ;
#292 = DIRECTION ( 'NONE',  ( 1.000000000000000000, -0.000000000000000000, -0.000000000000000000 ) ) ;
#293 = CARTESIAN_POINT ( 'NONE',  ( -6.640841681966900513E-17, 0.000000000000000000, 1.240331807780321371 ) ) ;
#294 = VERTEX_POINT ( 'NONE', #848 ) ;
#295 = EDGE_CURVE ( 'NONE', #1608, #1642, #1699, .T. ) ;
#296 = CARTESIAN_POINT ( 'NONE',  ( -5.585122324983794684, 6.000000000000022204, 8.778888651774762408 ) ) ;
#297 = CARTESIAN_POINT ( 'NONE',  ( -6.747429952831588196, 6.000000000000111910, 8.710982284479911186 ) ) ;
#298 = ORIENTED_EDGE ( 'NONE', *, *, #839, .F. ) ;
#299 = CARTESIAN_POINT ( 'NONE',  ( -8.443935926773454170, 0.000000000000000000, 10.17396747555830139 ) ) ;
#300 = LINE ( 'NONE', #983, #1446 ) ;
#301 = DIRECTION ( 'NONE',  ( 0.9396926207859075397, -0.3420201433256708778, 0.000000000000000000 ) ) ;
#302 =( BOUNDED_SURFACE ( )  B_SPLINE_SURFACE ( 2, 3, ( 
 ( #686, #288, #1558, #961, #1241, #1280, #818, #1847, #1265, #556 ),
 ( #408, #1550, #270, #145, #426, #1124, #697, #1273, #1703, #2 ),
 ( #1398, #276, #1131, #134, #1103, #1725, #538, #417, #979, #115 ) ),
 .UNSPECIFIED., .F., .F., .F. ) 
 B_SPLINE_SURFACE_WITH_KNOTS ( ( 3, 3 ),
 ( 4, 3, 3, 4 ),
 ( 0.000000000000000000, 1.000000000000000000 ),
 ( -0.008068110652487711296, -0.006183734041584823017, 3.149989753563392569E-35, 0.001306364296797166017 ),
 .UNSPECIFIED. ) 
 GEOMETRIC_REPRESENTATION_ITEM ( )  RATIONAL_B_SPLINE_SURFACE ( (
 ( 1.000000000000000000, 1.000000000000000000, 1.000000000000000000, 1.000000000000000000, 1.000000000000000000, 1.000000000000000000, 1.000000000000000000, 1.000000000000000000, 1.000000000000000000, 1.000000000000000000),
 ( 0.7176885430348759476, 0.7176885430348759476, 0.7176885430348759476, 0.7176885430348759476, 0.7176885430348759476, 0.7176885430348759476, 0.7176885430348759476, 0.7176885430348760586, 0.7176885430348760586, 0.7176885430348760586),
 ( 1.000000000000000000, 1.000000000000000000, 1.000000000000000000, 1.000000000000000000, 1.000000000000000000, 1.000000000000000000, 1.000000000000000000, 1.000000000000000000, 1.000000000000000000, 1.000000000000000000) ) ) 
 REPRESENTATION_ITEM ( '' )  SURFACE ( )  );
#303 = CARTESIAN_POINT ( 'NONE',  ( 2.581064073226545741, 4.000000000000000000, -0.000000000000000000 ) ) ;
#304 = ORIENTED_EDGE ( 'NONE', *, *, #1619, .F. ) ;
#305 = FACE_OUTER_BOUND ( 'NONE', #438, .T. ) ;
#306 = FACE_OUTER_BOUND ( 'NONE', #150, .T. ) ;
#307 = ORIENTED_EDGE ( 'NONE', *, *, #761, .F. ) ;
#308 = EDGE_CURVE ( 'NONE', #1477, #583, #1435, .T. ) ;
#309 = CIRCLE ( 'NONE', #247, 3.000000000000000444 ) ;
#310 = VECTOR ( 'NONE', #444, 1000.000000000000000 ) ;
#311 = AXIS2_PLACEMENT_3D ( 'NONE', #1412, #128, #730 ) ;
#312 = CARTESIAN_POINT ( 'NONE',  ( -6.067251611413669643, 0.000000000000000000, 8.915331807780320972 ) ) ;
#313 = ORIENTED_EDGE ( 'NONE', *, *, #599, .F. ) ;
#314 =( BOUNDED_SURFACE ( )  B_SPLINE_SURFACE ( 2, 3, ( 
 ( #719, #1285, #1008, #570, #1720, #1729, #1772, #321, #1188, #210 ),
 ( #771, #1462, #202, #34, #1480, #901, #1339, #69, #630, #484 ),
 ( #1469, #606, #345, #1049, #194, #1631, #184, #765, #747, #1332 ) ),
 .UNSPECIFIED., .F., .F., .T. ) 
 B_SPLINE_SURFACE_WITH_KNOTS ( ( 3, 3 ),
 ( 4, 3, 3, 4 ),
 ( 0.000000000000000000, 1.000000000000000000 ),
 ( -0.004988528997059068007, -0.003104152386156178427, 0.003079581655428645023, 0.004385945952225812558 ),
 .UNSPECIFIED. ) 
 GEOMETRIC_REPRESENTATION_ITEM ( )  RATIONAL_B_SPLINE_SURFACE ( (
 ( 1.000000000000000000, 1.000000000000000000, 1.000000000000000000, 1.000000000000000000, 1.000000000000000000, 1.000000000000000000, 1.000000000000000000, 1.000000000000000000, 1.000000000000000000, 1.000000000000000000),
 ( 0.7176885430348759476, 0.7176885430348759476, 0.7176885430348759476, 0.7176885430348759476, 0.7176885430348759476, 0.7176885430348759476, 0.7176885430348759476, 0.7176885430348759476, 0.7176885430348759476, 0.7176885430348759476),
 ( 1.000000000000000000, 1.000000000000000000, 1.000000000000000000, 1.000000000000000000, 1.000000000000000000, 1.000000000000000000, 1.000000000000000000, 1.000000000000000000, 1.000000000000000000, 1.000000000000000000) ) ) 
 REPRESENTATION_ITEM ( '' )  SURFACE ( )  );
#315 = CARTESIAN_POINT ( 'NONE',  ( 8.962900720496357110, 3.363996538402179937, -3.775755103005555391 ) ) ;
#316 = CARTESIAN_POINT ( 'NONE',  ( 6.216448690981218661, 6.000000000000000888, 8.958730649485096009 ) ) ;
#317 = VERTEX_POINT ( 'NONE', #1276 ) ;
#318 = ADVANCED_FACE ( 'NONE', ( #1582 ), #731, .T. ) ;
#319 = ADVANCED_FACE ( 'NONE', ( #1740 ), #314, .T. ) ;
#320 = EDGE_CURVE ( 'NONE', #476, #1552, #172, .T. ) ;
#321 = CARTESIAN_POINT ( 'NONE',  ( 8.913579061194734976, -0.5451281609946917461, -7.180788994947028492 ) ) ;
#322 = CARTESIAN_POINT ( 'NONE',  ( -6.546874411345383393, 5.000000000000000000, 6.309453742018153227E-16 ) ) ;
#323 = ORIENTED_EDGE ( 'NONE', *, *, #1506, .F. ) ;
#324 = DIRECTION ( 'NONE',  ( -1.846054164526671358E-15, 0.000000000000000000, -1.000000000000000000 ) ) ;
#325 = CARTESIAN_POINT ( 'NONE',  ( 6.906381967546256107, 5.999999999999867661, 9.509575051569608917 ) ) ;
#326 = VERTEX_POINT ( 'NONE', #1490 ) ;
#327 = LINE ( 'NONE', #1468, #15 ) ;
#328 = CARTESIAN_POINT ( 'NONE',  ( 0.000000000000000000, 0.000000000000000000, 2.590331807780321238 ) ) ;
#329 = CARTESIAN_POINT ( 'NONE',  ( -7.850772574043258345, 3.363996538402253655, -3.775755103005528746 ) ) ;
#330 = ORIENTED_EDGE ( 'NONE', *, *, #238, .F. ) ;
#331 = CARTESIAN_POINT ( 'NONE',  ( -6.443935926773455947, 0.000000000000000000, 8.915331807780320972 ) ) ;
#332 = CARTESIAN_POINT ( 'NONE',  ( -5.893010644668926545, 5.999999999999985789, -4.715217168683264681 ) ) ;
#333 = CARTESIAN_POINT ( 'NONE',  ( -4.854306687280024235, 6.000000000000001776, 9.018270288936212964 ) ) ;
#334 = ORIENTED_EDGE ( 'NONE', *, *, #1281, .T. ) ;
#335 = DIRECTION ( 'NONE',  ( 1.000000000000000000, 0.000000000000000000, -0.000000000000000000 ) ) ;
#336 = VECTOR ( 'NONE', #168, 1000.000000000000000 ) ;
#337 = LINE ( 'NONE', #1199, #1196 ) ;
#338 = ORIENTED_EDGE ( 'NONE', *, *, #509, .F. ) ;
#339 = VECTOR ( 'NONE', #1277, 1000.000000000000000 ) ;
#340 = VECTOR ( 'NONE', #178, 1000.000000000000000 ) ;
#341 = CARTESIAN_POINT ( 'NONE',  ( -5.466170304692958837, 5.999999999999973355, -4.996298650298266253 ) ) ;
#342 = ORIENTED_EDGE ( 'NONE', *, *, #1030, .T. ) ;
#343 = CARTESIAN_POINT ( 'NONE',  ( -4.287847451498932649, 3.000000000000000000, -2.928579716945156619 ) ) ;
#344 = CARTESIAN_POINT ( 'NONE',  ( 7.659002557798471500, 6.000000000000000888, -3.238447694684689626 ) ) ;
#345 = CARTESIAN_POINT ( 'NONE',  ( 8.477116626963875134, 6.119015036312408284, -3.051297486920386604 ) ) ;
#346 = LINE ( 'NONE', #766, #579 ) ;
#347 = ORIENTED_EDGE ( 'NONE', *, *, #1560, .F. ) ;
#348 = CARTESIAN_POINT ( 'NONE',  ( -6.370884965119439691, 5.292912687944889782, -5.561097634089837705 ) ) ;
#349 = EDGE_LOOP ( 'NONE', ( #856, #179, #1492, #342 ) ) ;
#350 = FACE_OUTER_BOUND ( 'NONE', #972, .T. ) ;
#351 = CARTESIAN_POINT ( 'NONE',  ( 8.246116707866216089, 5.281415090164804482, -4.692865066653579831 ) ) ;
#352 = LINE ( 'NONE', #1174, #808 ) ;
#353 = DIRECTION ( 'NONE',  ( 0.000000000000000000, 0.000000000000000000, -1.000000000000000000 ) ) ;
#354 = ORIENTED_EDGE ( 'NONE', *, *, #48, .T. ) ;
#355 = ORIENTED_EDGE ( 'NONE', *, *, #48, .F. ) ;
#356 = EDGE_CURVE ( 'NONE', #1519, #326, #1718, .T. ) ;
#357 = CARTESIAN_POINT ( 'NONE',  ( 5.399975597952024309, 4.000000000000000000, 6.759243332505799451 ) ) ;
#358 = CARTESIAN_POINT ( 'NONE',  ( 6.997609478310375941, 5.273034532219573300, -5.864454712432381811 ) ) ;
#359 = CARTESIAN_POINT ( 'NONE',  ( -4.597715429238466989, 5.173648177666925640, 10.00307804536445744 ) ) ;
#360 = B_SPLINE_CURVE_WITH_KNOTS ( 'NONE', 3,
 ( #1611, #329, #1314, #1051 ),
 .UNSPECIFIED., .F., .F.,
 ( 4, 4 ),
 ( -0.005834043511187631849, -0.0001268384443056875047 ),
 .UNSPECIFIED. ) ;
#361 = LINE ( 'NONE', #792, #1231 ) ;
#362 = ORIENTED_EDGE ( 'NONE', *, *, #594, .T. ) ;
#363 = CARTESIAN_POINT ( 'NONE',  ( -7.221487208447734396, 5.273273665328772175, -4.530657779356794812 ) ) ;
#364 = AXIS2_PLACEMENT_3D ( 'NONE', #1600, #1796, #1310 ) ;
#365 = CIRCLE ( 'NONE', #46, 3.000000000000000444 ) ;
#366 = CARTESIAN_POINT ( 'NONE',  ( -7.278509382469788846, 6.609462372809277397, -5.919241647916009263 ) ) ;
#367 = EDGE_LOOP ( 'NONE', ( #214, #1355, #879, #1263 ) ) ;
#368 = DIRECTION ( 'NONE',  ( 6.023345402697249184E-17, 0.000000000000000000, -1.000000000000000000 ) ) ;
#369 = ADVANCED_FACE ( 'NONE', ( #598 ), #470, .F. ) ;
#370 = CARTESIAN_POINT ( 'NONE',  ( -0.1189359267734540065, 4.000000000000000000, 2.590331807780321238 ) ) ;
#371 = FACE_OUTER_BOUND ( 'NONE', #876, .T. ) ;
#372 = EDGE_CURVE ( 'NONE', #1642, #1693, #1061, .T. ) ;
#373 = CARTESIAN_POINT ( 'NONE',  ( 7.408895577593811232, 6.000000000000050626, -4.219540782112197519 ) ) ;
#374 = ORIENTED_EDGE ( 'NONE', *, *, #1373, .F. ) ;
#375 = CARTESIAN_POINT ( 'NONE',  ( 7.855602591305156146, 6.000000000000001776, 8.716133541679067065 ) ) ;
#376 = CARTESIAN_POINT ( 'NONE',  ( -8.465555701283706824, -0.1226118341242173754, -6.367682151970770477 ) ) ;
#377 = ORIENTED_EDGE ( 'NONE', *, *, #1114, .T. ) ;
#378 = PLANE ( 'NONE',  #899 ) ;
#379 = EDGE_CURVE ( 'NONE', #1696, #1026, #352, .T. ) ;
#380 = FACE_OUTER_BOUND ( 'NONE', #1706, .T. ) ;
#381 = CARTESIAN_POINT ( 'NONE',  ( 8.913579061194738529, -0.5451281609946917461, 11.01145261050766955 ) ) ;
#382 = DIRECTION ( 'NONE',  ( 0.3236155771181853935, 0.8891264907159879272, -0.3236155771181852825 ) ) ;
#383 = ORIENTED_EDGE ( 'NONE', *, *, #161, .F. ) ;
#384 = DIRECTION ( 'NONE',  ( -6.023345402697246719E-17, 0.000000000000000000, 1.000000000000000000 ) ) ;
#385 = CARTESIAN_POINT ( 'NONE',  ( -8.077290337685312238, -4.900279504805072582E-15, 10.82346584591222438 ) ) ;
#386 = CARTESIAN_POINT ( 'NONE',  ( -4.287847451498931761, 3.000000000000000000, -2.928579716945156619 ) ) ;
#387 = ORIENTED_EDGE ( 'NONE', *, *, #397, .F. ) ;
#388 = DIRECTION ( 'NONE',  ( 0.000000000000000000, 0.000000000000000000, -1.000000000000000000 ) ) ;
#389 = CARTESIAN_POINT ( 'NONE',  ( 6.088167101304392759, 5.208703989806980239, -6.166233144292876389 ) ) ;
#390 = CARTESIAN_POINT ( 'NONE',  ( 0.5560640732265457187, 0.000000000000000000, 1.915331807780320972 ) ) ;
#391 = FACE_OUTER_BOUND ( 'NONE', #938, .T. ) ;
#392 = CARTESIAN_POINT ( 'NONE',  ( 7.266004495640563832, 6.000000000000000888, 8.267154376709690666 ) ) ;
#393 = CARTESIAN_POINT ( 'NONE',  ( 0.000000000000000000, 0.000000000000000000, 0.000000000000000000 ) ) ;
#394 = CARTESIAN_POINT ( 'NONE',  ( -8.443935926773438183, 7.644980568738416927E-14, 10.37009587496245544 ) ) ;
#395 = CARTESIAN_POINT ( 'NONE',  ( -8.614557757717909325, -0.9676444878651659920, -6.516684208404973866 ) ) ;
#396 = AXIS2_PLACEMENT_3D ( 'NONE', #994, #1563, #301 ) ;
#397 = EDGE_CURVE ( 'NONE', #326, #1713, #918, .T. ) ;
#398 = EDGE_CURVE ( 'NONE', #841, #317, #1162, .T. ) ;
#399 = DIRECTION ( 'NONE',  ( 0.000000000000000000, 0.000000000000000000, 1.000000000000000000 ) ) ;
#400 = ADVANCED_FACE ( 'NONE', ( #757, #217 ), #462, .T. ) ;
#401 = EDGE_LOOP ( 'NONE', ( #810, #709, #410, #611 ) ) ;
#402 = FACE_OUTER_BOUND ( 'NONE', #668, .T. ) ;
#403 = LINE ( 'NONE', #524, #1292 ) ;
#404 = DIRECTION ( 'NONE',  ( 1.734723475976807094E-15, 0.000000000000000000, -1.000000000000000000 ) ) ;
#405 = DIRECTION ( 'NONE',  ( 1.000000000000000000, -0.000000000000000000, -0.000000000000000000 ) ) ;
#406 = CARTESIAN_POINT ( 'NONE',  ( -8.540056729500808075, -0.5451281609946916351, -6.442183180187872615 ) ) ;
#407 = ORIENTED_EDGE ( 'NONE', *, *, #1006, .F. ) ;
#408 = CARTESIAN_POINT ( 'NONE',  ( -7.063580062364033019, 7.828387118427829527, 9.534975943370898932 ) ) ;
#409 = EDGE_CURVE ( 'NONE', #1693, #501, #1020, .T. ) ;
#410 = ORIENTED_EDGE ( 'NONE', *, *, #397, .T. ) ;
#411 = CARTESIAN_POINT ( 'NONE',  ( 9.062581117628941030, -1.390160814735640571, 11.16045466694187205 ) ) ;
#412 = CARTESIAN_POINT ( 'NONE',  ( 8.640688665927862999, 5.191351905538144074, -3.429504365786481213 ) ) ;
#413 = CARTESIAN_POINT ( 'NONE',  ( -6.443935926773455947, 3.342020143325668435, 7.698935953291706547 ) ) ;
#414 = CARTESIAN_POINT ( 'NONE',  ( -8.365511036116648924, -1.105386050788455118E-14, 10.56334159115840521 ) ) ;
#415 = DIRECTION ( 'NONE',  ( 3.156938549691804906E-16, -8.673617379884028570E-16, 1.000000000000000000 ) ) ;
#416 = EDGE_LOOP ( 'NONE', ( #29, #1322, #64, #1274 ) ) ;
#417 = CARTESIAN_POINT ( 'NONE',  ( -8.540056729500804522, -0.5451281609946915241, 10.27284679574851545 ) ) ;
#418 = ORIENTED_EDGE ( 'NONE', *, *, #1745, .T. ) ;
#419 = PLANE ( 'NONE',  #754 ) ;
#420 = CARTESIAN_POINT ( 'NONE',  ( 8.643810310810678743, 5.173648177666925640, -3.238447694684691403 ) ) ;
#421 = CARTESIAN_POINT ( 'NONE',  ( -8.443935926772603295, 4.833827294600107880E-12, -6.441350268865557283 ) ) ;
#422 = APPLICATION_PROTOCOL_DEFINITION ( 'draft international standard', 'automotive_design', 1998, #1551 ) ;
#423 = LINE ( 'NONE', #855, #19 ) ;
#424 = EDGE_LOOP ( 'NONE', ( #1173, #1282, #355 ) ) ;
#425 = CARTESIAN_POINT ( 'NONE',  ( -5.112684086627607982, 6.000000000000022204, 8.969424470590013243 ) ) ;
#426 = CARTESIAN_POINT ( 'NONE',  ( -7.738628003939592936, 4.000000000000000888, 10.21002388494645885 ) ) ;
#427 = CIRCLE ( 'NONE', #1192, 1.000000000000000888 ) ;
#428 = AXIS2_PLACEMENT_3D ( 'NONE', #1377, #1067, #512 ) ;
#429 = ORIENTED_EDGE ( 'NONE', *, *, #1117, .F. ) ;
#430 = AXIS2_PLACEMENT_3D ( 'NONE', #1382, #1823, #1678 ) ;
#431 = ADVANCED_FACE ( 'NONE', ( #1182 ), #1039, .F. ) ;
#432 = LINE ( 'NONE', #283, #845 ) ;
#433 = CARTESIAN_POINT ( 'NONE',  ( -0.1189359267734540898, 4.000000000000000000, 3.940331807780320883 ) ) ;
#434 = LINE ( 'NONE', #554, #339 ) ;
#435 = DIRECTION ( 'NONE',  ( 0.000000000000000000, -0.000000000000000000, 1.000000000000000000 ) ) ;
#436 = CARTESIAN_POINT ( 'NONE',  ( -7.340230003529685909, 5.999999999999782396, 7.425681078216472386 ) ) ;
#437 = APPLICATION_CONTEXT ( 'automotive_design' ) ;
#438 = EDGE_LOOP ( 'NONE', ( #354, #563, #624, #930 ) ) ;
#439 = FACE_OUTER_BOUND ( 'NONE', #906, .T. ) ;
#440 = CARTESIAN_POINT ( 'NONE',  ( -4.788772100340629834, 5.191351905534262734, -6.169292784921684536 ) ) ;
#441 = CARTESIAN_POINT ( 'NONE',  ( 9.009090042240451623, -4.672359527837223586E-15, -7.066143007519947616 ) ) ;
#442 = ORIENTED_EDGE ( 'NONE', *, *, #817, .T. ) ;
#443 = EDGE_CURVE ( 'NONE', #1837, #501, #479, .T. ) ;
#444 = DIRECTION ( 'NONE',  ( 1.239088197126291063E-16, 0.000000000000000000, -1.000000000000000000 ) ) ;
#445 = CARTESIAN_POINT ( 'NONE',  ( -5.795758495702768798, 6.000000000000000000, 8.625272230194847012 ) ) ;
#446 = ORIENTED_EDGE ( 'NONE', *, *, #817, .F. ) ;
#447 = LINE ( 'NONE', #1401, #1166 ) ;
#448 = PLANE ( 'NONE',  #1628 ) ;
#449 = DIRECTION ( 'NONE',  ( 0.3236155771181853380, -0.8891264907159879272, -0.3236155771181852825 ) ) ;
#450 = LINE ( 'NONE', #733, #1170 ) ;
#451 = ORIENTED_EDGE ( 'NONE', *, *, #1506, .T. ) ;
#452 = ADVANCED_FACE ( 'NONE', ( #371 ), #1509, .F. ) ;
#453 = CYLINDRICAL_SURFACE ( 'NONE', #1564, 1.000000000000000888 ) ;
#454 = EDGE_CURVE ( 'NONE', #741, #59, #944, .T. ) ;
#455 = CARTESIAN_POINT ( 'NONE',  ( 6.643690830795118352, 5.251162727359304228, 9.844109579620672790 ) ) ;
#456 = EDGE_CURVE ( 'NONE', #1742, #1818, #309, .T. ) ;
#457 = ADVANCED_FACE ( 'NONE', ( #109 ), #1793, .T. ) ;
#458 = VERTEX_POINT ( 'NONE', #1535 ) ;
#459 = CIRCLE ( 'NONE', #396, 1.000000000000000222 ) ;
#460 = VECTOR ( 'NONE', #527, 1000.000000000000000 ) ;
#461 = DIRECTION ( 'NONE',  ( -0.000000000000000000, 1.000000000000000000, -0.000000000000000000 ) ) ;
#462 = PLANE ( 'NONE',  #1106 ) ;
#463 = CARTESIAN_POINT ( 'NONE',  ( -6.443935926773454170, 3.342020143325668879, -3.868272337731064159 ) ) ;
#464 = ORIENTED_EDGE ( 'NONE', *, *, #1171, .T. ) ;
#465 = CARTESIAN_POINT ( 'NONE',  ( -7.525500878846778541, 5.208703989806282131, -3.616771220297672507 ) ) ;
#466 = CARTESIAN_POINT ( 'NONE',  ( -4.952814776618975401, 5.999999999997479350, 9.827478785276266393 ) ) ;
#467 = ORIENTED_EDGE ( 'NONE', *, *, #1248, .F. ) ;
#468 = CARTESIAN_POINT ( 'NONE',  ( 2.581064073226545741, 4.000000000000000000, 1.240331807780321594 ) ) ;
#469 = DIRECTION ( 'NONE',  ( 1.000000000000000000, 0.000000000000000000, 0.000000000000000000 ) ) ;
#470 = CYLINDRICAL_SURFACE ( 'NONE', #136, 1.000000000000000444 ) ;
#471 = DIRECTION ( 'NONE',  ( 0.000000000000000000, 0.9396926207859082059, 0.3420201433256694901 ) ) ;
#472 =( BOUNDED_CURVE ( )  B_SPLINE_CURVE ( 3, ( #921, #1493, #768, #1318 ),
 .UNSPECIFIED., .F., .T. ) 
 B_SPLINE_CURVE_WITH_KNOTS ( ( 4, 4 ),
 ( 2.414817599270092430, 3.868367707909489805 ),
 .UNSPECIFIED. ) 
 CURVE ( )  GEOMETRIC_REPRESENTATION_ITEM ( )  RATIONAL_B_SPLINE_CURVE ( ( 1.000000000000000000, 0.8315474279732688601, 0.8315474279732688601, 1.000000000000000000 ) ) 
 REPRESENTATION_ITEM ( '' )  );
#473 = ORIENTED_EDGE ( 'NONE', *, *, #454, .T. ) ;
#474 = CARTESIAN_POINT ( 'NONE',  ( -5.884225479492679156, 5.272971273488598953, -5.865130776111316280 ) ) ;
#475 = CARTESIAN_POINT ( 'NONE',  ( -6.244737660672079471, 5.999999999999499067, 9.214870325859388700 ) ) ;
#476 = VERTEX_POINT ( 'NONE', #359 ) ;
#477 = DIRECTION ( 'NONE',  ( 9.637352644315595243E-17, -0.000000000000000000, 1.000000000000000000 ) ) ;
#478 = LINE ( 'NONE', #1032, #667 ) ;
#479 = LINE ( 'NONE', #927, #517 ) ;
#480 = CARTESIAN_POINT ( 'NONE',  ( -0.1189359267734538539, 4.000000000000000000, -7.163921677464198785E-18 ) ) ;
#481 = EDGE_LOOP ( 'NONE', ( #1353, #833, #796, #223 ) ) ;
#482 = CARTESIAN_POINT ( 'NONE',  ( -6.743474444852025407, 5.999999999999610090, -4.885469926118578776 ) ) ;
#483 = ORIENTED_EDGE ( 'NONE', *, *, #1346, .T. ) ;
#484 = CARTESIAN_POINT ( 'NONE',  ( 9.779567157877846029, -1.267548980611423737, -7.308171276870983668 ) ) ;
#485 = ADVANCED_FACE ( 'NONE', ( #402 ), #1525, .T. ) ;
#486 = AXIS2_PLACEMENT_3D ( 'NONE', #988, #1299, #1585 ) ;
#487 = CARTESIAN_POINT ( 'NONE',  ( 1.231064073226546318, 4.000000000000000000, 0.000000000000000000 ) ) ;
#488 = ORIENTED_EDGE ( 'NONE', *, *, #1087, .T. ) ;
#489 = VECTOR ( 'NONE', #1604, 1000.000000000000000 ) ;
#490 = ORIENTED_EDGE ( 'NONE', *, *, #1845, .T. ) ;
#491 = EDGE_CURVE ( 'NONE', #1155, #1301, #660, .T. ) ;
#492 = CARTESIAN_POINT ( 'NONE',  ( -6.546874411345385170, 6.000000000000000000, -3.238447694684688294 ) ) ;
#493 = PRODUCT_DEFINITION_FORMATION_WITH_SPECIFIED_SOURCE ( 'ANY', '', #269, .NOT_KNOWN. ) ;
#494 = ORIENTED_EDGE ( 'NONE', *, *, #729, .T. ) ;
#495 = CARTESIAN_POINT ( 'NONE',  ( -7.370908689442308592, 5.251515422719994497, 8.008099485589269761 ) ) ;
#496 = CARTESIAN_POINT ( 'NONE',  ( 6.907535863474681292, 5.999999999999800160, -5.678251638429464343 ) ) ;
#497 = CARTESIAN_POINT ( 'NONE',  ( 5.248604096223669302, 3.415889782947594711, -2.777208215216800724 ) ) ;
#498 = CYLINDRICAL_SURFACE ( 'NONE', #1688, 3.000000000000000888 ) ;
#499 = EDGE_LOOP ( 'NONE', ( #298, #586, #239, #920 ) ) ;
#500 = CARTESIAN_POINT ( 'NONE',  ( -6.153876349187534345, 6.000000000000000000, -4.436490761149270767 ) ) ;
#501 = VERTEX_POINT ( 'NONE', #1105 ) ;
#502 = CARTESIAN_POINT ( 'NONE',  ( -5.363953424521221258, 5.240895202451313573, 9.915598287527279453 ) ) ;
#503 = CARTESIAN_POINT ( 'NONE',  ( 7.006484664683807928, 5.999999999999985789, -4.714041782371055866 ) ) ;
#504 = CARTESIAN_POINT ( 'NONE',  ( 8.486424071560707105, 1.877388165875782722, 10.58429762087363812 ) ) ;
#505 = CARTESIAN_POINT ( 'NONE',  ( 0.000000000000000000, 0.000000000000000000, 3.940331807780320883 ) ) ;
#506 = ORIENTED_EDGE ( 'NONE', *, *, #1844, .T. ) ;
#507 = DIRECTION ( 'NONE',  ( 1.000000000000000000, -0.000000000000000000, 1.846054164526673330E-15 ) ) ;
#508 = CARTESIAN_POINT ( 'NONE',  ( 8.814699741005089351, 0.000000000000000000, -7.084668192219678140 ) ) ;
#509 = EDGE_CURVE ( 'NONE', #55, #910, #1593, .T. ) ;
#510 = ORIENTED_EDGE ( 'NONE', *, *, #1178, .T. ) ;
#511 = ADVANCED_FACE ( 'NONE', ( #88 ), #1767, .T. ) ;
#512 = DIRECTION ( 'NONE',  ( -0.1736481776669307198, 0.9848077530122080203, 0.000000000000000000 ) ) ;
#513 = DIRECTION ( 'NONE',  ( 8.673617379884035472E-16, -1.000000000000000000, 0.000000000000000000 ) ) ;
#514 = CARTESIAN_POINT ( 'NONE',  ( 8.962900720496357110, 3.363996538402181269, 7.606418718566193782 ) ) ;
#515 = ORIENTED_EDGE ( 'NONE', *, *, #1695, .F. ) ;
#516 = CARTESIAN_POINT ( 'NONE',  ( -6.793312441744924435, 5.295935106301719486, -5.165993617643108493 ) ) ;
#517 = VECTOR ( 'NONE', #1545, 1000.000000000000000 ) ;
#518 = AXIS2_PLACEMENT_3D ( 'NONE', #1594, #1418, #977 ) ;
#519 = CARTESIAN_POINT ( 'NONE',  ( 8.409452913066829183, 1.832235328579801203, -6.761595668783817459 ) ) ;
#520 = ORIENTED_EDGE ( 'NONE', *, *, #308, .F. ) ;
#521 = CARTESIAN_POINT ( 'NONE',  ( -6.795052524062526800, 5.295908830195497075, 8.994678743531173026 ) ) ;
#522 = DIRECTION ( 'NONE',  ( -0.3236155771181853380, -0.8891264907159879272, 0.3236155771181852825 ) ) ;
#523 = CARTESIAN_POINT ( 'NONE',  ( 5.522693367927251629, 6.119015036312407396, 9.836384361517652053 ) ) ;
#524 = CARTESIAN_POINT ( 'NONE',  ( -0.1189359267734538539, 0.000000000000000000, -0.1096681922196782732 ) ) ;
#525 = ORIENTED_EDGE ( 'NONE', *, *, #443, .T. ) ;
#526 = CARTESIAN_POINT ( 'NONE',  ( 7.634565393635639907, 5.295908461611899654, 9.267290674176487997 ) ) ;
#527 = DIRECTION ( 'NONE',  ( -0.000000000000000000, 1.000000000000000000, -0.000000000000000000 ) ) ;
#528 = CARTESIAN_POINT ( 'NONE',  ( -4.287847451498932649, 2.999999999999999556, 6.759243332505797675 ) ) ;
#529 = B_SPLINE_CURVE_WITH_KNOTS ( 'NONE', 3,
 ( #1548, #1093, #132, #1673 ),
 .UNSPECIFIED., .F., .F.,
 ( 4, 4 ),
 ( -0.003482779923567436153, 0.002224425143314731970 ),
 .UNSPECIFIED. ) ;
#530 = DIRECTION ( 'NONE',  ( 1.000000000000000000, 0.000000000000000000, 0.000000000000000000 ) ) ;
#531 = CARTESIAN_POINT ( 'NONE',  ( 6.907886642155962598, 5.999999999999999112, -4.794608614633756538 ) ) ;
#532 = CARTESIAN_POINT ( 'NONE',  ( 5.630158027980128210, 5.509552663503131775, 9.943849021570528635 ) ) ;
#533 = ADVANCED_FACE ( 'NONE', ( #1838 ), #1580, .F. ) ;
#534 = CARTESIAN_POINT ( 'NONE',  ( 6.916420470786736274, 5.999999999999985789, -4.804191216933796582 ) ) ;
#535 = SPHERICAL_SURFACE ( 'NONE', #866, 1.000000000000000000 ) ;
#536 = DIRECTION ( 'NONE',  ( 0.000000000000000000, 0.000000000000000000, 1.000000000000000000 ) ) ;
#537 = CARTESIAN_POINT ( 'NONE',  ( -4.726715338272321709, 5.999999999999997335, -5.187606676791607363 ) ) ;
#538 = CARTESIAN_POINT ( 'NONE',  ( -8.465555701283703272, -0.1226118341242172644, 10.19834576753141242 ) ) ;
#539 = VERTEX_POINT ( 'NONE', #834 ) ;
#540 = CARTESIAN_POINT ( 'NONE',  ( -8.443935926773455947, 0.000000000000000000, -7.084668192219678140 ) ) ;
#541 = PRODUCT_RELATED_PRODUCT_CATEGORY ( 'part', '', ( #269 ) ) ;
#542 = CARTESIAN_POINT ( 'NONE',  ( -7.702571594552003020, 0.000000000000000000, 10.91533180778032097 ) ) ;
#543 = CARTESIAN_POINT ( 'NONE',  ( 8.149647519436166831, 6.000000000000127898, 8.266803598028843680 ) ) ;
#544 = LINE ( 'NONE', #1691, #221 ) ;
#545 = CARTESIAN_POINT ( 'NONE',  ( -7.801450914741652198, -0.5451281609946914131, -7.180788994947028492 ) ) ;
#546 = VECTOR ( 'NONE', #242, 1000.000000000000000 ) ;
#547 = EDGE_CURVE ( 'NONE', #577, #1022, #1697, .T. ) ;
#548 = CARTESIAN_POINT ( 'NONE',  ( -7.249064540441644944, 6.000000000000224709, 7.770966935613278892 ) ) ;
#549 = VECTOR ( 'NONE', #95, 1000.000000000000000 ) ;
#550 = VERTEX_POINT ( 'NONE', #273 ) ;
#551 = CARTESIAN_POINT ( 'NONE',  ( 0.5560640732265457187, 4.000000000000000000, 4.915331807780321860 ) ) ;
#552 = CARTESIAN_POINT ( 'NONE',  ( -0.1189359267734539788, 0.000000000000000000, 1.240331807780321371 ) ) ;
#553 = CARTESIAN_POINT ( 'NONE',  ( 6.339668218737932293, 3.342020143325668879, 8.915331807780320972 ) ) ;
#554 = CARTESIAN_POINT ( 'NONE',  ( -0.000000000000000000, 4.000000000000000000, 2.590331807780321238 ) ) ;
#555 = ORIENTED_EDGE ( 'NONE', *, *, #1708, .T. ) ;
#556 = CARTESIAN_POINT ( 'NONE',  ( -7.950452971175852035, -1.390160814735640127, 11.16045466694187560 ) ) ;
#557 = EDGE_LOOP ( 'NONE', ( #1746, #244, #334, #1017 ) ) ;
#558 = FACE_BOUND ( 'NONE', #726, .T. ) ;
#559 = CARTESIAN_POINT ( 'NONE',  ( 6.904127761872387303, 6.000000000000051514, 8.628044377094219897 ) ) ;
#560 = CARTESIAN_POINT ( 'NONE',  ( 0.000000000000000000, 0.000000000000000000, 2.590331807780321238 ) ) ;
#561 = SHAPE_DEFINITION_REPRESENTATION ( #1264, #863 ) ;
#562 = DIRECTION ( 'NONE',  ( 0.000000000000000000, -0.9848077530122080203, 0.1736481776669307198 ) ) ;
#563 = ORIENTED_EDGE ( 'NONE', *, *, #491, .F. ) ;
#564 = CARTESIAN_POINT ( 'NONE',  ( -4.287847451498934426, 3.342020143325668879, 7.698935953291706547 ) ) ;
#565 = CARTESIAN_POINT ( 'NONE',  ( -6.546874411345381617, 6.000000000000000000, 7.069111310245332014 ) ) ;
#566 = EDGE_CURVE ( 'NONE', #36, #1808, #637, .T. ) ;
#567 = VERTEX_POINT ( 'NONE', #290 ) ;
#568 = CARTESIAN_POINT ( 'NONE',  ( 6.616371452440639622, 0.000000000000000000, -5.084668192219678140 ) ) ;
#569 = CARTESIAN_POINT ( 'NONE',  ( 6.476081570974307589, 5.240895202451304691, -6.084934671966638398 ) ) ;
#570 = CARTESIAN_POINT ( 'NONE',  ( 5.630158027980126434, 5.509552663503132663, -6.113185406009887579 ) ) ;
#571 = LINE ( 'NONE', #864, #928 ) ;
#572 = VERTEX_POINT ( 'NONE', #1707 ) ;
#573 = CYLINDRICAL_SURFACE ( 'NONE', #605, 1.000000000000000000 ) ;
#574 = CARTESIAN_POINT ( 'NONE',  ( -7.430131031821575860, 5.237727096164555896, 7.817972734051634731 ) ) ;
#575 = AXIS2_PLACEMENT_3D ( 'NONE', #1121, #1574, #1453 ) ;
#576 = AXIS2_PLACEMENT_3D ( 'NONE', #1701, #415, #1129 ) ;
#577 = VERTEX_POINT ( 'NONE', #568 ) ;
#578 = FILL_AREA_STYLE_COLOUR ( '', #1835 ) ;
#579 = VECTOR ( 'NONE', #1189, 1000.000000000000000 ) ;
#580 = DIRECTION ( 'NONE',  ( 1.000000000000000000, 0.000000000000000000, 0.000000000000000000 ) ) ;
#581 = CARTESIAN_POINT ( 'NONE',  ( -8.425410742073916381, -3.760679619966418460E-15, -6.537694161232918688 ) ) ;
#582 = CARTESIAN_POINT ( 'NONE',  ( -6.546874411345383393, 6.000000000000000000, -3.238447694684688738 ) ) ;
#583 = VERTEX_POINT ( 'NONE', #1410 ) ;
#584 = CARTESIAN_POINT ( 'NONE',  ( -6.296767431140726679, 6.000000000000053291, 8.050204397672841239 ) ) ;
#585 = CARTESIAN_POINT ( 'NONE',  ( -6.380571492227598007, 6.000000000000100364, 9.100911979990190304 ) ) ;
#586 = ORIENTED_EDGE ( 'NONE', *, *, #1645, .F. ) ;
#587 = FILL_AREA_STYLE ('',( #578 ) ) ;
#588 = CARTESIAN_POINT ( 'NONE',  ( 8.030866178940875955, 5.292956396769443295, -5.013639264545630247 ) ) ;
#589 = CARTESIAN_POINT ( 'NONE',  ( -7.702571594551439915, 0.000000000000000000, -7.084668192219678140 ) ) ;
#590 = ADVANCED_FACE ( 'NONE', ( #1559, #558 ), #419, .T. ) ;
#591 = CARTESIAN_POINT ( 'NONE',  ( -5.578808516665977990, 6.000000000000053291, -4.937499696586948872 ) ) ;
#592 = ORIENTED_EDGE ( 'NONE', *, *, #1647, .F. ) ;
#593 = EDGE_CURVE ( 'NONE', #231, #764, #447, .T. ) ;
#594 = EDGE_CURVE ( 'NONE', #1815, #1808, #1807, .T. ) ;
#595 = DIRECTION ( 'NONE',  ( -1.606225440719266120E-16, 0.000000000000000000, 1.000000000000000000 ) ) ;
#596 = CARTESIAN_POINT ( 'NONE',  ( 6.066413343662583557, 6.000000000000055067, 9.811625884536496756 ) ) ;
#597 = ORIENTED_EDGE ( 'NONE', *, *, #1510, .F. ) ;
#598 = FACE_OUTER_BOUND ( 'NONE', #657, .T. ) ;
#599 = EDGE_CURVE ( 'NONE', #1429, #294, #1045, .T. ) ;
#600 = DIRECTION ( 'NONE',  ( 1.000000000000000000, 0.000000000000000000, -9.637352644315598941E-17 ) ) ;
#601 = VERTEX_POINT ( 'NONE', #1849 ) ;
#602 = CARTESIAN_POINT ( 'NONE',  ( 8.556330552973498982, 5.240895202451308243, 7.835349305528088948 ) ) ;
#603 = ORIENTED_EDGE ( 'NONE', *, *, #118, .T. ) ;
#604 = VECTOR ( 'NONE', #677, 1000.000000000000000 ) ;
#605 = AXIS2_PLACEMENT_3D ( 'NONE', #30, #820, #1391 ) ;
#606 = CARTESIAN_POINT ( 'NONE',  ( 8.369651966910998553, 6.728477409121683905, -2.943832826867509578 ) ) ;
#607 = DIRECTION ( 'NONE',  ( 0.3236155771181852825, -0.8891264907159879272, 0.3236155771181852825 ) ) ;
#608 = ORIENTED_EDGE ( 'NONE', *, *, #1486, .T. ) ;
#609 = CARTESIAN_POINT ( 'NONE',  ( 8.643810310810678743, 5.173648177666925640, -3.238447694684691403 ) ) ;
#610 = CARTESIAN_POINT ( 'NONE',  ( -6.156648494272040750, 6.000000000000056843, 8.263395495452156680 ) ) ;
#611 = ORIENTED_EDGE ( 'NONE', *, *, #1647, .T. ) ;
#612 = LINE ( 'NONE', #1489, #634 ) ;
#613 = DIRECTION ( 'NONE',  ( -0.000000000000000000, 1.000000000000000000, -0.000000000000000000 ) ) ;
#614 = FACE_OUTER_BOUND ( 'NONE', #557, .T. ) ;
#615 = EDGE_LOOP ( 'NONE', ( #45, #1253, #1311 ) ) ;
#616 = CARTESIAN_POINT ( 'NONE',  ( -5.104320544528130554, 6.000000000000005329, -5.128067033924288864 ) ) ;
#617 = ORIENTED_EDGE ( 'NONE', *, *, #186, .T. ) ;
#618 = ADVANCED_FACE ( 'NONE', ( #688 ), #1267, .T. ) ;
#619 = MANIFOLD_SOLID_BREP ( 'Fillet2', #102 ) ;
#620 = LINE ( 'NONE', #1780, #248 ) ;
#621 = CARTESIAN_POINT ( 'NONE',  ( 1.231064073226546318, 0.000000000000000000, 3.940331807780320883 ) ) ;
#622 = DIRECTION ( 'NONE',  ( 1.000000000000000000, 0.000000000000000000, 6.023345402697246719E-17 ) ) ;
#623 = DIRECTION ( 'NONE',  ( 0.3236155771181852825, 0.8891264907159880382, 0.3236155771181852825 ) ) ;
#624 = ORIENTED_EDGE ( 'NONE', *, *, #1117, .T. ) ;
#625 = CARTESIAN_POINT ( 'NONE',  ( -7.445755149904208281, 5.240494275988067052, -3.999315045478543329 ) ) ;
#626 = ORIENTED_EDGE ( 'NONE', *, *, #264, .F. ) ;
#627 = B_SPLINE_CURVE_WITH_KNOTS ( 'NONE', 3,
 ( #255, #822, #219, #82, #642, #1207, #1431, #559, #1127, #274, #16, #155, #1709, #718 ),
 .UNSPECIFIED., .F., .F.,
 ( 4, 2, 2, 2, 2, 2, 4 ),
 ( 0.000000000000000000, 0.0003822704006468900513, 0.0007645408012937801026, 0.001146811201940670316, 0.001529081602587560205, 0.002293622403881338465, 0.003058163205175116507 ),
 .UNSPECIFIED. ) ;
#628 = CARTESIAN_POINT ( 'NONE',  ( 7.179379757866759526, 0.000000000000000000, 8.915331807780320972 ) ) ;
#629 = FACE_OUTER_BOUND ( 'NONE', #21, .T. ) ;
#630 = CARTESIAN_POINT ( 'NONE',  ( 9.705066129660743002, -0.8450326537409491579, -7.233670248653880641 ) ) ;
#631 = AXIS2_PLACEMENT_3D ( 'NONE', #1758, #871, #60 ) ;
#632 = DIRECTION ( 'NONE',  ( 0.000000000000000000, 0.000000000000000000, 1.000000000000000000 ) ) ;
#633 = ORIENTED_EDGE ( 'NONE', *, *, #836, .T. ) ;
#634 = VECTOR ( 'NONE', #1331, 1000.000000000000000 ) ;
#635 = ADVANCED_FACE ( 'NONE', ( #1254 ), #1119, .F. ) ;
#636 = CARTESIAN_POINT ( 'NONE',  ( -6.052132801207386947, 5.281415090164978565, -5.774720826859273792 ) ) ;
#637 = B_SPLINE_CURVE_WITH_KNOTS ( 'NONE', 3,
 ( #299, #860, #999, #717 ),
 .UNSPECIFIED., .F., .F.,
 ( 4, 4 ),
 ( -0.006562361578995959746, -0.0008551565121139139206 ),
 .UNSPECIFIED. ) ;
#638 = VERTEX_POINT ( 'NONE', #551 ) ;
#639 = DIRECTION ( 'NONE',  ( -5.354084802397552502E-17, 0.000000000000000000, 1.000000000000000000 ) ) ;
#640 = CARTESIAN_POINT ( 'NONE',  ( 7.859558099284783772, 6.000000000000217604, -4.880318668918987690 ) ) ;
#641 = CARTESIAN_POINT ( 'NONE',  ( 8.498102188975751758, 6.000000000000000888, 9.857369923529528677 ) ) ;
#642 = CARTESIAN_POINT ( 'NONE',  ( 6.341135642262294425, 5.999999999999976907, 8.922409871211316457 ) ) ;
#643 = EDGE_LOOP ( 'NONE', ( #597, #1702, #103, #1736 ) ) ;
#644 = CARTESIAN_POINT ( 'NONE',  ( -5.309623447554628228, 6.000000000001243450, 9.733765235597754639 ) ) ;
#645 = ADVANCED_FACE ( 'NONE', ( #1029 ), #1312, .F. ) ;
#646 = EDGE_CURVE ( 'NONE', #66, #1815, #1194, .T. ) ;
#647 = CARTESIAN_POINT ( 'NONE',  ( -5.948034261941710810, 6.000000000000217604, -5.590942762189497373 ) ) ;
#648 = EDGE_CURVE ( 'NONE', #913, #501, #620, .T. ) ;
#649 = ORIENTED_EDGE ( 'NONE', *, *, #260, .F. ) ;
#650 = DIRECTION ( 'NONE',  ( -0.000000000000000000, 0.000000000000000000, 1.000000000000000000 ) ) ;
#651 = FACE_OUTER_BOUND ( 'NONE', #261, .T. ) ;
#652 = CARTESIAN_POINT ( 'NONE',  ( 9.652184875953894405, -0.5451281609946920792, 10.27284679574851367 ) ) ;
#653 = CARTESIAN_POINT ( 'NONE',  ( 9.556064073226545830, 0.000000000000000000, 10.17396747555887160 ) ) ;
#654 = VERTEX_POINT ( 'NONE', #468 ) ;
#655 = CARTESIAN_POINT ( 'NONE',  ( 8.643810310810678743, 5.173648177666928305, 7.069111310245332902 ) ) ;
#656 = CARTESIAN_POINT ( 'NONE',  ( -7.875951942958753449, -0.9676444878651657699, -7.255290023164130631 ) ) ;
#657 = EDGE_LOOP ( 'NONE', ( #785, #626, #407, #1544 ) ) ;
#658 = CARTESIAN_POINT ( 'NONE',  ( -7.507140029311973883, 5.208143824390385035, 7.450607525543550658 ) ) ;
#659 = CARTESIAN_POINT ( 'NONE',  ( 0.5560640732265460517, 0.000000000000000000, -1.084668192219679472 ) ) ;
#660 = LINE ( 'NONE', #952, #546 ) ;
#661 = DIRECTION ( 'NONE',  ( 1.000000000000000000, 0.000000000000000000, 0.000000000000000000 ) ) ;
#662 = ORIENTED_EDGE ( 'NONE', *, *, #320, .F. ) ;
#663 = CARTESIAN_POINT ( 'NONE',  ( 1.231064073226546318, 0.000000000000000000, 0.000000000000000000 ) ) ;
#664 = AXIS2_PLACEMENT_3D ( 'NONE', #528, #208, #1058 ) ;
#665 = VECTOR ( 'NONE', #1505, 1000.000000000000000 ) ;
#666 = CARTESIAN_POINT ( 'NONE',  ( 0.5560640732265457187, 4.000000000000000000, 1.915331807780320972 ) ) ;
#667 = VECTOR ( 'NONE', #1766, 1000.000000000000000 ) ;
#668 = EDGE_LOOP ( 'NONE', ( #175, #1854, #1217, #608 ) ) ;
#669 = CARTESIAN_POINT ( 'NONE',  ( 1.231064073226546318, 0.000000000000000000, 1.240331807780321371 ) ) ;
#670 = CARTESIAN_POINT ( 'NONE',  ( 7.636587527023039002, 5.295935470917970456, -5.434849989056676378 ) ) ;
#671 = DIRECTION ( 'NONE',  ( -1.000000000000000000, -8.673617379884035472E-16, -7.278029144433536942E-16 ) ) ;
#672 = CARTESIAN_POINT ( 'NONE',  ( -6.443935926773455947, 0.000000000000000000, 7.975639186994412988 ) ) ;
#673 = VERTEX_POINT ( 'NONE', #1747 ) ;
#674 = CARTESIAN_POINT ( 'NONE',  ( 7.741644245436469340, 5.999999999999989342, 8.851967373234518988 ) ) ;
#675 = CARTESIAN_POINT ( 'NONE',  ( -4.287847451498932649, 2.999999999999999556, -2.928579716945156619 ) ) ;
#676 = CARTESIAN_POINT ( 'NONE',  ( 1.231064073226546318, 4.000000000000000000, 2.590331807780321238 ) ) ;
#677 = DIRECTION ( 'NONE',  ( -0.000000000000000000, 1.000000000000000000, -0.000000000000000000 ) ) ;
#678 = EDGE_CURVE ( 'NONE', #891, #1366, #327, .T. ) ;
#679 = CARTESIAN_POINT ( 'NONE',  ( -8.443935926773454170, 0.000000000000000000, 10.91533180778032097 ) ) ;
#680 = CARTESIAN_POINT ( 'NONE',  ( 9.203410111809612104, 2.000000000000000000, 10.56267784636338902 ) ) ;
#681 = LINE ( 'NONE', #1070, #1810 ) ;
#682 = CARTESIAN_POINT ( 'NONE',  ( -5.888678351195438587, 5.273210894358921763, -5.862891175769556540 ) ) ;
#683 = ADVANCED_FACE ( 'NONE', ( #1478 ), #1597, .F. ) ;
#684 = CARTESIAN_POINT ( 'NONE',  ( -8.159875152467435555, -1.105386050788456380E-14, 10.76878301883602695 ) ) ;
#685 = CARTESIAN_POINT ( 'NONE',  ( -7.150059160405037417, 7.337939781930958638, -2.836368166814632996 ) ) ;
#686 = CARTESIAN_POINT ( 'NONE',  ( -4.195635901368410359, 7.337939781930958638, 9.621455041411898890 ) ) ;
#687 = ORIENTED_EDGE ( 'NONE', *, *, #207, .T. ) ;
#688 = FACE_OUTER_BOUND ( 'NONE', #734, .T. ) ;
#689 = PLANE ( 'NONE',  #698 ) ;
#690 = CARTESIAN_POINT ( 'NONE',  ( 8.335850593439021239, 5.273034532219814885, 8.356877212864546323 ) ) ;
#691 = CARTESIAN_POINT ( 'NONE',  ( -1.468935926773454081, 4.000000000000000000, -2.359442256370054498E-16 ) ) ;
#692 =( BOUNDED_CURVE ( )  B_SPLINE_CURVE ( 3, ( #1059, #628, #942, #1197 ),
 .UNSPECIFIED., .F., .F. ) 
 B_SPLINE_CURVE_WITH_KNOTS ( ( 4, 4 ),
 ( 2.414817599270095094, 3.868367707909489361 ),
 .UNSPECIFIED. ) 
 CURVE ( )  GEOMETRIC_REPRESENTATION_ITEM ( )  RATIONAL_B_SPLINE_CURVE ( ( 1.000000000000000000, 0.8315474279732694152, 0.8315474279732694152, 1.000000000000000000 ) ) 
 REPRESENTATION_ITEM ( '' )  );
#693 = DIRECTION ( 'NONE',  ( 0.000000000000000000, 0.000000000000000000, 1.000000000000000000 ) ) ;
#694 = EDGE_CURVE ( 'NONE', #896, #572, #755, .T. ) ;
#695 = AXIS2_PLACEMENT_3D ( 'NONE', #1690, #507, #404 ) ;
#696 = CIRCLE ( 'NONE', #1320, 3.000000000000000444 ) ;
#697 = CARTESIAN_POINT ( 'NONE',  ( -8.443935926773454170, 2.168404344971008868E-16, 10.91533180778031742 ) ) ;
#698 = AXIS2_PLACEMENT_3D ( 'NONE', #993, #265, #1275 ) ;
#699 = ORIENTED_EDGE ( 'NONE', *, *, #454, .F. ) ;
#700 = CARTESIAN_POINT ( 'NONE',  ( -6.443935926773454170, 0.000000000000000000, -4.144975571433766603 ) ) ;
#701 = FACE_OUTER_BOUND ( 'NONE', #1151, .T. ) ;
#702 = DIRECTION ( 'NONE',  ( 1.000000000000000000, -0.000000000000000000, -0.000000000000000000 ) ) ;
#703 = CARTESIAN_POINT ( 'NONE',  ( -5.504243305987548851, 0.000000000000000000, 8.915331807780320972 ) ) ;
#704 = ORIENTED_EDGE ( 'NONE', *, *, #185, .T. ) ;
#705 = ADVANCED_FACE ( 'NONE', ( #830 ), #812, .F. ) ;
#706 = EDGE_CURVE ( 'NONE', #1155, #1519, #1626, .T. ) ;
#707 = CARTESIAN_POINT ( 'NONE',  ( -6.640841681966900513E-17, 4.000000000000000000, 1.240331807780321371 ) ) ;
#708 = CARTESIAN_POINT ( 'NONE',  ( -7.531682164357589748, 5.173648177666930970, 7.069111310245332014 ) ) ;
#709 = ORIENTED_EDGE ( 'NONE', *, *, #1426, .T. ) ;
#710 = CARTESIAN_POINT ( 'NONE',  ( 9.464198111358534504, -4.376063557779253710E-15, 10.54868621869201561 ) ) ;
#711 = CARTESIAN_POINT ( 'NONE',  ( -7.702571594551439915, 0.000000000000000000, -7.084668192219678140 ) ) ;
#712 = PLANE ( 'NONE',  #1138 ) ;
#713 = ORIENTED_EDGE ( 'NONE', *, *, #1845, .F. ) ;
#714 = CARTESIAN_POINT ( 'NONE',  ( -4.597715429238466989, 6.000000000000000000, 9.018270292352248418 ) ) ;
#715 = CARTESIAN_POINT ( 'NONE',  ( 2.581064073226545741, 0.000000000000000000, 2.590331807780321238 ) ) ;
#716 = ORIENTED_EDGE ( 'NONE', *, *, #566, .F. ) ;
#717 = CARTESIAN_POINT ( 'NONE',  ( -7.531682164357591525, 5.173648177666926529, 7.069111310245331126 ) ) ;
#718 = CARTESIAN_POINT ( 'NONE',  ( 7.659002557798471500, 6.000000000000000000, 7.069111310245332014 ) ) ;
#719 = CARTESIAN_POINT ( 'NONE',  ( 5.307764047821497577, 7.337939781930959526, -5.790791425851256946 ) ) ;
#720 = CARTESIAN_POINT ( 'NONE',  ( 9.556064073226542277, 1.490777987167568597E-16, -6.539432259401740666 ) ) ;
#721 = ORIENTED_EDGE ( 'NONE', *, *, #264, .T. ) ;
#722 = CARTESIAN_POINT ( 'NONE',  ( 1.231064073226546318, 4.000000000000000000, 1.240331807780321371 ) ) ;
#723 = CARTESIAN_POINT ( 'NONE',  ( -5.581185951686938651, 6.000000000000000000, 8.766893893002279725 ) ) ;
#724 = VECTOR ( 'NONE', #368, 1000.000000000000000 ) ;
#725 = AXIS2_PLACEMENT_3D ( 'NONE', #322, #882, #600 ) ;
#726 = EDGE_LOOP ( 'NONE', ( #883, #153 ) ) ;
#727 = DIRECTION ( 'NONE',  ( 0.000000000000000000, -0.000000000000000000, 1.000000000000000000 ) ) ;
#728 = EDGE_CURVE ( 'NONE', #201, #1790, #1682, .T. ) ;
#729 = EDGE_CURVE ( 'NONE', #1818, #744, #1405, .T. ) ;
#730 = DIRECTION ( 'NONE',  ( 0.000000000000000000, 0.000000000000000000, 1.000000000000000000 ) ) ;
#731 = PLANE ( 'NONE',  #1624 ) ;
#732 = EDGE_CURVE ( 'NONE', #1552, #36, #135, .T. ) ;
#733 = CARTESIAN_POINT ( 'NONE',  ( -6.640841681966900513E-17, 0.000000000000000000, 1.240331807780321371 ) ) ;
#734 = EDGE_LOOP ( 'NONE', ( #1471, #374, #617, #555 ) ) ;
#735 = CARTESIAN_POINT ( 'NONE',  ( -6.156648496087346878, 6.000000000000054179, 8.263395496426170439 ) ) ;
#736 = CARTESIAN_POINT ( 'NONE',  ( 5.838837123053273181, 6.000000000000000000, 9.018270289323773170 ) ) ;
#737 = ORIENTED_EDGE ( 'NONE', *, *, #1486, .F. ) ;
#738 = EDGE_CURVE ( 'NONE', #158, #1345, #257, .T. ) ;
#739 = LINE ( 'NONE', #553, #1411 ) ;
#740 = CARTESIAN_POINT ( 'NONE',  ( -5.504243305987547075, 0.000000000000000000, -5.084668192219678140 ) ) ;
#741 = VERTEX_POINT ( 'NONE', #1396 ) ;
#742 = CARTESIAN_POINT ( 'NONE',  ( -5.804292324333654385, 5.999999999999990230, 8.634854832494438526 ) ) ;
#743 = CARTESIAN_POINT ( 'NONE',  ( 6.411699201059608555, 5.999999999999945821, 9.720460421448567701 ) ) ;
#744 = VERTEX_POINT ( 'NONE', #121 ) ;
#745 = DIRECTION ( 'NONE',  ( 0.000000000000000000, -0.000000000000000000, 1.000000000000000000 ) ) ;
#746 = CARTESIAN_POINT ( 'NONE',  ( 8.542259178274752784, 5.237727096164228158, -3.987309118490942605 ) ) ;
#747 = CARTESIAN_POINT ( 'NONE',  ( 9.726685904170992103, -0.9676444878651663251, -6.516684208404973866 ) ) ;
#748 = LINE ( 'NONE', #909, #1112 ) ;
#749 = VERTEX_POINT ( 'NONE', #1247 ) ;
#750 = DIRECTION ( 'NONE',  ( 0.000000000000000000, 0.3420201433256694901, 0.9396926207859082059 ) ) ;
#751 = CARTESIAN_POINT ( 'NONE',  ( -6.239586403472603848, 5.999999999999887201, -5.388162218277811277 ) ) ;
#752 = CARTESIAN_POINT ( 'NONE',  ( -7.038179170562965936, 6.000000000000139444, 8.265649702099929996 ) ) ;
#753 = ORIENTED_EDGE ( 'NONE', *, *, #238, .T. ) ;
#754 = AXIS2_PLACEMENT_3D ( 'NONE', #1439, #139, #1133 ) ;
#755 = CIRCLE ( 'NONE', #18, 1.000000000000000000 ) ;
#756 = FACE_OUTER_BOUND ( 'NONE', #1074, .T. ) ;
#757 = FACE_BOUND ( 'NONE', #1621, .T. ) ;
#758 = VECTOR ( 'NONE', #661, 1000.000000000000000 ) ;
#759 = FACE_OUTER_BOUND ( 'NONE', #846, .T. ) ;
#760 = ORIENTED_EDGE ( 'NONE', *, *, #443, .F. ) ;
#761 = EDGE_CURVE ( 'NONE', #572, #1499, #544, .T. ) ;
#762 = CARTESIAN_POINT ( 'NONE',  ( -5.346576853045070798, 5.237727096164634055, -6.070863297267725223 ) ) ;
#763 = LINE ( 'NONE', #858, #164 ) ;
#764 = VERTEX_POINT ( 'NONE', #966 ) ;
#765 = CARTESIAN_POINT ( 'NONE',  ( 9.652184875953890852, -0.5451281609946916351, -6.442183180187872615 ) ) ;
#766 = CARTESIAN_POINT ( 'NONE',  ( 2.581064073226545741, 0.000000000000000000, 0.000000000000000000 ) ) ;
#767 = ORIENTED_EDGE ( 'NONE', *, *, #974, .F. ) ;
#768 = CARTESIAN_POINT ( 'NONE',  ( 7.179379757866764855, 0.000000000000000000, -5.084668192219680805 ) ) ;
#769 = ORIENTED_EDGE ( 'NONE', *, *, #1281, .F. ) ;
#770 = DIRECTION ( 'NONE',  ( -1.000000000000000000, 8.673617379884035472E-16, 0.000000000000000000 ) ) ;
#771 = CARTESIAN_POINT ( 'NONE',  ( 8.175708208817118461, 7.828387118427829527, -5.704312327810255212 ) ) ;
#772 = DIRECTION ( 'NONE',  ( -1.239088197126291310E-16, 0.000000000000000000, 1.000000000000000000 ) ) ;
#773 = EDGE_LOOP ( 'NONE', ( #488, #387, #1409, #1181 ) ) ;
#774 = CARTESIAN_POINT ( 'NONE',  ( -6.948322460820790525, 6.000000000000391687, -4.592004181429400589 ) ) ;
#775 = EDGE_LOOP ( 'NONE', ( #1094, #446, #32, #418 ) ) ;
#776 = ORIENTED_EDGE ( 'NONE', *, *, #105, .T. ) ;
#777 = CARTESIAN_POINT ( 'NONE',  ( -7.222158910323332570, 5.273210894358919987, 8.360074232202306277 ) ) ;
#778 = VECTOR ( 'NONE', #449, 1000.000000000000114 ) ;
#779 = DIRECTION ( 'NONE',  ( 1.000000000000000000, 0.000000000000000000, 0.000000000000000000 ) ) ;
#780 = ADVANCED_FACE ( 'NONE', ( #350 ), #1223, .F. ) ;
#781 = CARTESIAN_POINT ( 'NONE',  ( 5.415228707874375047, 6.728477409121683017, 9.728919701464775471 ) ) ;
#782 = EDGE_CURVE ( 'NONE', #891, #1315, #1686, .T. ) ;
#783 = CARTESIAN_POINT ( 'NONE',  ( 7.467694530375221795, 5.999999999999973355, -4.106902569640350720 ) ) ;
#784 = EDGE_CURVE ( 'NONE', #476, #1808, #1027, .T. ) ;
#785 = ORIENTED_EDGE ( 'NONE', *, *, #1031, .F. ) ;
#786 = CIRCLE ( 'NONE', #902, 1.000000000000000000 ) ;
#787 = CARTESIAN_POINT ( 'NONE',  ( -4.954285197209389757, 5.999999999999782396, -5.980962268976077745 ) ) ;
#788 = VERTEX_POINT ( 'NONE', #789 ) ;
#789 = CARTESIAN_POINT ( 'NONE',  ( -0.1189359267734540898, 0.000000000000000000, 3.940331807780320883 ) ) ;
#790 = CARTESIAN_POINT ( 'NONE',  ( 7.563142135727531468, 5.999999999999973355, -3.869739760756335301 ) ) ;
#791 = CARTESIAN_POINT ( 'NONE',  ( 8.584581287016753492, 5.509552663503130887, 6.989425762533905129 ) ) ;
#792 = CARTESIAN_POINT ( 'NONE',  ( 1.231064073226546318, 0.000000000000000000, 0.000000000000000000 ) ) ;
#793 = ORIENTED_EDGE ( 'NONE', *, *, #409, .T. ) ;
#794 = CARTESIAN_POINT ( 'NONE',  ( -6.914740737575000296, 5.293102753753778700, -5.018967188343047781 ) ) ;
#795 = CARTESIAN_POINT ( 'NONE',  ( -8.091281965356525774, 2.000000000000000444, -6.732014230802747079 ) ) ;
#796 = ORIENTED_EDGE ( 'NONE', *, *, #1165, .F. ) ;
#797 = DIRECTION ( 'NONE',  ( 1.734723475976807094E-15, -1.000000000000000000, 0.000000000000000000 ) ) ;
#798 = CARTESIAN_POINT ( 'NONE',  ( 7.063400062436438809, 5.999999999999831246, -5.589054726266891038 ) ) ;
#799 = DIRECTION ( 'NONE',  ( 0.000000000000000000, 0.9848077530122080203, 0.1736481776669307198 ) ) ;
#800 = FACE_OUTER_BOUND ( 'NONE', #981, .T. ) ;
#801 = ORIENTED_EDGE ( 'NONE', *, *, #1248, .T. ) ;
#802 = CARTESIAN_POINT ( 'NONE',  ( 5.399975597952025197, 3.000000000000000000, -2.928579716945156175 ) ) ;
#803 = CARTESIAN_POINT ( 'NONE',  ( -7.257523820457913999, 6.728477409121683017, -2.943832826867509578 ) ) ;
#804 = EDGE_LOOP ( 'NONE', ( #1795, #268, #1662, #1184 ) ) ;
#805 = CARTESIAN_POINT ( 'NONE',  ( -4.979828771444104518, 5.209055633387823292, 9.996834755602623801 ) ) ;
#806 = CARTESIAN_POINT ( 'NONE',  ( 8.299905233281782202, 6.000000000000029310, -4.111233947137053590 ) ) ;
#807 = CARTESIAN_POINT ( 'NONE',  ( 9.779567157877847805, -1.267548980611423293, 11.13883489243162117 ) ) ;
#808 = VECTOR ( 'NONE', #1033, 1000.000000000000000 ) ;
#809 = CYLINDRICAL_SURFACE ( 'NONE', #430, 1.000000000000000000 ) ;
#810 = ORIENTED_EDGE ( 'NONE', *, *, #678, .T. ) ;
#811 = DIRECTION ( 'NONE',  ( 1.000000000000000000, 0.000000000000000000, 6.023345402697246719E-17 ) ) ;
#812 = PLANE ( 'NONE',  #1195 ) ;
#813 = VECTOR ( 'NONE', #622, 1000.000000000000000 ) ;
#814 = AXIS2_PLACEMENT_3D ( 'NONE', #209, #650, #530 ) ;
#815 = CARTESIAN_POINT ( 'NONE',  ( -7.825107101980599111, 3.509552663503130443, -3.511416108390192914 ) ) ;
#816 = VECTOR ( 'NONE', #44, 1000.000000000000000 ) ;
#817 = EDGE_CURVE ( 'NONE', #539, #913, #79, .T. ) ;
#818 = CARTESIAN_POINT ( 'NONE',  ( -7.726949886524546507, -0.1226118341242172921, 10.93695158229056830 ) ) ;
#819 = EDGE_CURVE ( 'NONE', #1696, #59, #692, .T. ) ;
#820 = DIRECTION ( 'NONE',  ( 1.239088197126291310E-16, 0.000000000000000000, -1.000000000000000000 ) ) ;
#821 = CARTESIAN_POINT ( 'NONE',  ( 6.693314098139908630, 5.999999999999999112, -4.936230277442081871 ) ) ;
#822 = CARTESIAN_POINT ( 'NONE',  ( 5.838843484725406263, 5.999999999999997335, 9.018270292352248418 ) ) ;
#823 = CARTESIAN_POINT ( 'NONE',  ( 7.490841483533467127, 5.999999999999988454, 9.102563823876787197 ) ) ;
#824 = DIRECTION ( 'NONE',  ( -1.927470528863119049E-16, -0.000000000000000000, -1.000000000000000000 ) ) ;
#825 = DIRECTION ( 'NONE',  ( 1.000000000000000000, 0.000000000000000000, 5.354084802397552502E-17 ) ) ;
#826 = CARTESIAN_POINT ( 'NONE',  ( -6.546874411345383393, 6.000000000000000000, -3.238447694684688738 ) ) ;
#827 = ORIENTED_EDGE ( 'NONE', *, *, #356, .T. ) ;
#828 = CARTESIAN_POINT ( 'NONE',  ( 7.002053660363658949, 5.273273665328767734, -5.862219473893953037 ) ) ;
#829 = DIRECTION ( 'NONE',  ( 1.000000000000000000, -0.000000000000000000, 0.000000000000000000 ) ) ;
#830 = FACE_OUTER_BOUND ( 'NONE', #1487, .T. ) ;
#831 = DIRECTION ( 'NONE',  ( -8.673617379884035472E-16, 0.000000000000000000, 1.000000000000000000 ) ) ;
#832 = DIRECTION ( 'NONE',  ( -1.000000000000000000, 0.000000000000000000, 0.000000000000000000 ) ) ;
#833 = ORIENTED_EDGE ( 'NONE', *, *, #1178, .F. ) ;
#834 = CARTESIAN_POINT ( 'NONE',  ( 1.231064073226546318, 0.000000000000000000, 1.240331807780321371 ) ) ;
#835 = ADVANCED_FACE ( 'NONE', ( #907 ), #1800, .T. ) ;
#836 = EDGE_CURVE ( 'NONE', #1670, #1837, #1658, .T. ) ;
#837 = CARTESIAN_POINT ( 'NONE',  ( 5.709843575691555984, 5.173648177666924752, -6.172414429803815494 ) ) ;
#838 = LINE ( 'NONE', #413, #74 ) ;
#839 = EDGE_CURVE ( 'NONE', #1771, #1190, #75, .T. ) ;
#840 = CARTESIAN_POINT ( 'NONE',  ( 8.814699741005089351, 0.000000000000000000, -7.084668192219678140 ) ) ;
#841 = VERTEX_POINT ( 'NONE', #1075 ) ;
#842 = AXIS2_PLACEMENT_3D ( 'NONE', #1759, #1783, #1313 ) ;
#843 = VECTOR ( 'NONE', #825, 1000.000000000000000 ) ;
#844 = FACE_OUTER_BOUND ( 'NONE', #1278, .T. ) ;
#845 = VECTOR ( 'NONE', #847, 1000.000000000000000 ) ;
#846 = EDGE_LOOP ( 'NONE', ( #93, #946, #323, #603 ) ) ;
#847 = DIRECTION ( 'NONE',  ( 1.000000000000000000, 0.000000000000000000, 0.000000000000000000 ) ) ;
#848 = CARTESIAN_POINT ( 'NONE',  ( -6.443935926773454170, 0.000000000000000000, -4.144975571433766603 ) ) ;
#849 =( BOUNDED_SURFACE ( )  B_SPLINE_SURFACE ( 3, 2, ( 
 ( #1602, #880, #344 ),
 ( #1324, #1452, #1302 ),
 ( #33, #1461, #183 ),
 ( #746, #1524, #87 ),
 ( #1649, #806, #790 ),
 ( #1792, #1350, #1534 ),
 ( #351, #1821, #1496 ),
 ( #1088, #640, #1357 ),
 ( #1235, #1205, #233 ),
 ( #670, #241, #503 ),
 ( #216, #1379, #531 ),
 ( #1096, #798, #821 ),
 ( #358, #496, #1368 ),
 ( #926, #951, #943 ),
 ( #389, #1077, #1068 ),
 ( #253, #1676, #80 ) ),
 .UNSPECIFIED., .F., .F., .T. ) 
 B_SPLINE_SURFACE_WITH_KNOTS ( ( 4, 2, 2, 2, 2, 2, 2, 4 ),
 ( 3, 3 ),
 ( 0.000000000000000000, 0.0003822704006468826787, 0.0007645408012937653574, 0.001146811201940647982, 0.001529081602587530715, 0.001911352003234413448, 0.002293622403881295964, 0.003058163205175061430 ),
 ( 0.000000000000000000, 1.000000000000000000 ),
 .UNSPECIFIED. ) 
 GEOMETRIC_REPRESENTATION_ITEM ( )  RATIONAL_B_SPLINE_SURFACE ( (
 ( 1.000000000000000000, 0.7660444431189779024, 1.000000000000000000),
 ( 1.000000000000000000, 0.7717974870890338401, 1.000000000000000000),
 ( 1.000000000000000000, 0.7771382677754220536, 1.000000000000000000),
 ( 1.000000000000000000, 0.7866933155288985402, 1.000000000000000000),
 ( 1.000000000000000000, 0.7909444607417518425, 1.000000000000000000),
 ( 1.000000000000000000, 0.7978078802000018177, 1.000000000000000000),
 ( 1.000000000000000000, 0.8004440985328017399, 1.000000000000000000),
 ( 1.000000000000000000, 0.8040270847889062766, 1.000000000000000000),
 ( 1.000000000000000000, 0.8049560426510902200, 1.000000000000000000),
 ( 1.000000000000000000, 0.8049644313257837691, 1.000000000000000000),
 ( 1.000000000000000000, 0.8040755934312892039, 1.000000000000000000),
 ( 1.000000000000000000, 0.8004983064083645017, 1.000000000000000000),
 ( 1.000000000000000000, 0.7978276240543827891, 1.000000000000000000),
 ( 1.000000000000000000, 0.7875872931868289628, 1.000000000000000000),
 ( 1.000000000000000000, 0.7775408985777886306, 1.000000000000000000),
 ( 1.000000000000000000, 0.7660444431189782355, 1.000000000000000000) ) ) 
 REPRESENTATION_ITEM ( '' )  SURFACE ( )  );
#850 = DIRECTION ( 'NONE',  ( 0.000000000000000000, -1.000000000000000000, 0.000000000000000000 ) ) ;
#851 = CARTESIAN_POINT ( 'NONE',  ( 6.091339790989764857, 5.208143824390383259, 9.978535910318834468 ) ) ;
#852 = ORIENTED_EDGE ( 'NONE', *, *, #706, .F. ) ;
#853 = CARTESIAN_POINT ( 'NONE',  ( 8.814699741005094680, 0.000000000000000000, 10.91533180778032097 ) ) ;
#854 = CARTESIAN_POINT ( 'NONE',  ( -0.1189359267734538539, 0.000000000000000000, -7.163921677464198785E-18 ) ) ;
#855 = CARTESIAN_POINT ( 'NONE',  ( 0.5560640732265457187, 0.000000000000000000, 4.915331807780321860 ) ) ;
#856 = ORIENTED_EDGE ( 'NONE', *, *, #971, .F. ) ;
#857 = CARTESIAN_POINT ( 'NONE',  ( 5.709843575691555984, 5.173648177666923864, 10.00307804536445744 ) ) ;
#858 = CARTESIAN_POINT ( 'NONE',  ( 1.231064073226546318, 0.000000000000000000, 3.940331807780320883 ) ) ;
#859 = ORIENTED_EDGE ( 'NONE', *, *, #1451, .F. ) ;
#860 = CARTESIAN_POINT ( 'NONE',  ( -8.120863403337581943, 1.832235328579865596, 9.768720647620517283 ) ) ;
#861 = CARTESIAN_POINT ( 'NONE',  ( 9.537538888526809089, -4.376063557779255288E-15, 10.36835777679423209 ) ) ;
#862 = CARTESIAN_POINT ( 'NONE',  ( -8.297387137829520753, -1.114854025527543262E-14, -6.800607417913206554 ) ) ;
#863 = ADVANCED_BREP_SHAPE_REPRESENTATION ( 'Stylized_Key_Cap_Flat', ( #619, #47 ), #1172 ) ;
#864 = CARTESIAN_POINT ( 'NONE',  ( 7.659002557798469724, 6.000000000000000000, -3.072283048932263227 ) ) ;
#865 = EDGE_LOOP ( 'NONE', ( #760, #347, #1716, #793 ) ) ;
#866 = AXIS2_PLACEMENT_3D ( 'NONE', #802, #829, #256 ) ;
#867 = DIRECTION ( 'NONE',  ( 1.000000000000000000, 0.000000000000000000, 0.000000000000000000 ) ) ;
#868 = CARTESIAN_POINT ( 'NONE',  ( -5.885481331857213227, 5.273034532219448955, 9.695118327993089480 ) ) ;
#869 = VECTOR ( 'NONE', #1638, 1000.000000000000000 ) ;
#870 = ORIENTED_EDGE ( 'NONE', *, *, #1249, .F. ) ;
#871 = DIRECTION ( 'NONE',  ( 1.000000000000000000, -8.673617379884035472E-16, -7.523163845262640051E-31 ) ) ;
#872 = EDGE_CURVE ( 'NONE', #204, #201, #934, .T. ) ;
#873 = CARTESIAN_POINT ( 'NONE',  ( 8.643810310810678743, 5.173648177666925640, -3.238447694684691403 ) ) ;
#874 = DIRECTION ( 'NONE',  ( 1.000000000000000000, 0.000000000000000000, 0.000000000000000000 ) ) ;
#875 = CARTESIAN_POINT ( 'NONE',  ( 9.272003298920317604, -9.633664297021444681E-15, -6.938119403275525343 ) ) ;
#876 = EDGE_LOOP ( 'NONE', ( #133, #1203, #933, #968 ) ) ;
#877 = CARTESIAN_POINT ( 'NONE',  ( -6.546874411345382505, 6.000000000000000000, 7.069111310245332902 ) ) ;
#878 = CARTESIAN_POINT ( 'NONE',  ( 6.341135641763369968, 5.999999999999978684, 8.922409870281752475 ) ) ;
#879 = ORIENTED_EDGE ( 'NONE', *, *, #320, .T. ) ;
#880 = CARTESIAN_POINT ( 'NONE',  ( 8.498102188975751758, 6.000000000000000888, -3.238447694684690070 ) ) ;
#881 = CARTESIAN_POINT ( 'NONE',  ( -7.702571594552003020, 0.000000000000000000, 10.91533180778032097 ) ) ;
#882 = DIRECTION ( 'NONE',  ( 9.637352644315595243E-17, -0.000000000000000000, 1.000000000000000000 ) ) ;
#883 = ORIENTED_EDGE ( 'NONE', *, *, #1144, .F. ) ;
#884 = CARTESIAN_POINT ( 'NONE',  ( -5.299571054606636800, 6.000000000000225597, -5.889796805887702824 ) ) ;
#885 = CARTESIAN_POINT ( 'NONE',  ( -5.894356518230616793, 5.999999999999989342, 8.544705397931146251 ) ) ;
#886 = ORIENTED_EDGE ( 'NONE', *, *, #1362, .F. ) ;
#887 = CARTESIAN_POINT ( 'NONE',  ( 2.581064073226545741, 0.000000000000000000, 1.240331807780321594 ) ) ;
#888 = DIRECTION ( 'NONE',  ( 1.000000000000000000, 0.000000000000000000, 0.000000000000000000 ) ) ;
#889 = ADVANCED_FACE ( 'NONE', ( #916 ), #1495, .T. ) ;
#890 = LINE ( 'NONE', #487, #816 ) ;
#891 = VERTEX_POINT ( 'NONE', #357 ) ;
#892 = EDGE_CURVE ( 'NONE', #1790, #1834, #924, .T. ) ;
#893 = CARTESIAN_POINT ( 'NONE',  ( -5.229007495310336928, 5.999999999999973355, -5.091746254720776577 ) ) ;
#894 = LINE ( 'NONE', #199, #1224 ) ;
#895 = ORIENTED_EDGE ( 'NONE', *, *, #1087, .F. ) ;
#896 = VERTEX_POINT ( 'NONE', #224 ) ;
#897 = DIRECTION ( 'NONE',  ( -1.000000000000000000, 0.000000000000000000, 0.000000000000000000 ) ) ;
#898 = VECTOR ( 'NONE', #1660, 1000.000000000000000 ) ;
#899 = AXIS2_PLACEMENT_3D ( 'NONE', #240, #107, #435 ) ;
#900 = CARTESIAN_POINT ( 'NONE',  ( 5.399975597952025197, 4.000000000000000000, -2.928579716945156619 ) ) ;
#901 = CARTESIAN_POINT ( 'NONE',  ( 9.203410111809608551, 2.000000000000000888, -6.732014230802747079 ) ) ;
#902 = AXIS2_PLACEMENT_3D ( 'NONE', #1287, #1021, #632 ) ;
#903 = CARTESIAN_POINT ( 'NONE',  ( 1.231064073226546318, 0.000000000000000000, 0.000000000000000000 ) ) ;
#904 = ORIENTED_EDGE ( 'NONE', *, *, #1508, .F. ) ;
#905 = CARTESIAN_POINT ( 'NONE',  ( -7.262369354590518356, 6.000000000000018652, -3.950355713000610169 ) ) ;
#906 = EDGE_LOOP ( 'NONE', ( #1522, #1041, #1176, #1769 ) ) ;
#907 = FACE_OUTER_BOUND ( 'NONE', #1605, .T. ) ;
#908 = CARTESIAN_POINT ( 'NONE',  ( -4.597715429238466989, 5.173648177666925640, 10.00307804536445744 ) ) ;
#909 = CARTESIAN_POINT ( 'NONE',  ( 6.714782680773174306, -0.2703826276644333282, 9.013743036112854767 ) ) ;
#910 = VERTEX_POINT ( 'NONE', #1356 ) ;
#911 = DIRECTION ( 'NONE',  ( -0.000000000000000000, 1.000000000000000000, -0.000000000000000000 ) ) ;
#912 = ADVANCED_FACE ( 'NONE', ( #232, #94 ), #378, .F. ) ;
#913 = VERTEX_POINT ( 'NONE', #722 ) ;
#914 = EDGE_CURVE ( 'NONE', #1815, #162, #277, .T. ) ;
#915 = ADVANCED_FACE ( 'NONE', ( #1279 ), #10, .F. ) ;
#916 = FACE_OUTER_BOUND ( 'NONE', #349, .T. ) ;
#917 = LINE ( 'NONE', #935, #549 ) ;
#918 = LINE ( 'NONE', #1610, #278 ) ;
#919 = CARTESIAN_POINT ( 'NONE',  ( -4.287847451498932649, 4.000000000000000000, -5.313021168230376224E-16 ) ) ;
#920 = ORIENTED_EDGE ( 'NONE', *, *, #1450, .F. ) ;
#921 = CARTESIAN_POINT ( 'NONE',  ( 7.556064073226547606, 0.000000000000000000, -4.144975571433766603 ) ) ;
#922 = ADVANCED_FACE ( 'NONE', ( #305 ), #573, .F. ) ;
#923 = VERTEX_POINT ( 'NONE', #564 ) ;
#924 = LINE ( 'NONE', #1523, #665 ) ;
#925 = AXIS2_PLACEMENT_3D ( 'NONE', #1528, #384, #811 ) ;
#926 = CARTESIAN_POINT ( 'NONE',  ( 6.470710926485498504, 5.240494275988303308, -6.086487415350320340 ) ) ;
#927 = CARTESIAN_POINT ( 'NONE',  ( 6.605694014285170968E-18, 4.000000000000000000, -0.1096681922196782594 ) ) ;
#928 = VECTOR ( 'NONE', #157, 1000.000000000000000 ) ;
#929 = CARTESIAN_POINT ( 'NONE',  ( 7.268776642540432320, 6.000000000000049738, -4.432731880865529384 ) ) ;
#930 = ORIENTED_EDGE ( 'NONE', *, *, #1426, .F. ) ;
#931 = CARTESIAN_POINT ( 'NONE',  ( -4.597715429238466989, 6.000000000000000000, 9.018270292352248418 ) ) ;
#932 = CARTESIAN_POINT ( 'NONE',  ( -4.303100561421288717, 6.728477409121683017, -5.898256085904134416 ) ) ;
#933 = ORIENTED_EDGE ( 'NONE', *, *, #1454, .F. ) ;
#934 = LINE ( 'NONE', #1349, #987 ) ;
#935 = CARTESIAN_POINT ( 'NONE',  ( 6.198594364494269371, 3.729617372335566117, 6.618169478262134753 ) ) ;
#936 = DIRECTION ( 'NONE',  ( 0.000000000000000000, -1.000000000000000000, 0.000000000000000000 ) ) ;
#937 = DIRECTION ( 'NONE',  ( -1.000000000000000000, -0.000000000000000000, -0.000000000000000000 ) ) ;
#938 = EDGE_LOOP ( 'NONE', ( #1053, #1002, #483, #90, #1438, #1774, #633, #525, #1629, #1208, #464, #1271 ) ) ;
#939 = CARTESIAN_POINT ( 'NONE',  ( 7.467254871295276430, 6.000000000000020428, 7.938408646142333325 ) ) ;
#940 = CARTESIAN_POINT ( 'NONE',  ( -4.870683842943973829, 3.509552663503131331, -6.465839367426818640 ) ) ;
#941 = ORIENTED_EDGE ( 'NONE', *, *, #1065, .F. ) ;
#942 = CARTESIAN_POINT ( 'NONE',  ( 7.556064073226546718, 0.000000000000000000, 8.538647492420533780 ) ) ;
#943 = CARTESIAN_POINT ( 'NONE',  ( 6.224812233600137468, 6.000000000000020428, -5.138760856288100420 ) ) ;
#944 = LINE ( 'NONE', #1677, #898 ) ;
#945 = CARTESIAN_POINT ( 'NONE',  ( 8.643810310810680519, 5.173648177666924752, 7.069111310245332902 ) ) ;
#946 = ORIENTED_EDGE ( 'NONE', *, *, #1114, .F. ) ;
#947 = CARTESIAN_POINT ( 'NONE',  ( -5.351603180899139112, 5.238109988611220125, -6.069527750876682504 ) ) ;
#948 = CARTESIAN_POINT ( 'NONE',  ( 5.399975597952025197, 3.000000000000000000, -2.928579716945156619 ) ) ;
#949 = CARTESIAN_POINT ( 'NONE',  ( -8.443935926773454170, 0.000000000000000000, 10.17396747555830139 ) ) ;
#950 = CARTESIAN_POINT ( 'NONE',  ( 9.232991549790678931, 1.832235328579800981, -5.938057032059965934 ) ) ;
#951 = CARTESIAN_POINT ( 'NONE',  ( 6.421751594007686137, 6.000000000000464517, -5.903101620036964370 ) ) ;
#952 = CARTESIAN_POINT ( 'NONE',  ( -5.227540072284842410, 3.342020143325668879, 8.915331807780320972 ) ) ;
#953 = CIRCLE ( 'NONE', #664, 1.000000000000000444 ) ;
#954 = CARTESIAN_POINT ( 'NONE',  ( 5.709843575691555984, 5.173648177666924752, -6.172414429803815494 ) ) ;
#955 = LINE ( 'NONE', #663, #1442 ) ;
#956 = CARTESIAN_POINT ( 'NONE',  ( -4.597715429238469653, 5.000000000000000000, -5.187606676791606475 ) ) ;
#957 =( GEOMETRIC_REPRESENTATION_CONTEXT ( 3 ) GLOBAL_UNCERTAINTY_ASSIGNED_CONTEXT ( ( #1754 ) ) GLOBAL_UNIT_ASSIGNED_CONTEXT ( ( #1572, #154, #4 ) ) REPRESENTATION_CONTEXT ( 'NONE', 'WORKASPACE' ) );
#958 = AXIS2_PLACEMENT_3D ( 'NONE', #903, #54, #353 ) ;
#959 = CARTESIAN_POINT ( 'NONE',  ( -4.853834812210338967, 5.999999999999998224, -5.175689045666334920 ) ) ;
#960 = ORIENTED_EDGE ( 'NONE', *, *, #1825, .F. ) ;
#961 = CARTESIAN_POINT ( 'NONE',  ( -4.518029881527040104, 5.509552663503131775, 9.943849021570528635 ) ) ;
#962 = ORIENTED_EDGE ( 'NONE', *, *, #1789, .F. ) ;
#963 = CARTESIAN_POINT ( 'NONE',  ( 5.307764047821498465, 7.337939781930958638, 9.621455041411898890 ) ) ;
#964 = FACE_OUTER_BOUND ( 'NONE', #1342, .T. ) ;
#965 = CARTESIAN_POINT ( 'NONE',  ( 8.637629025299636609, 5.208703989807575319, 7.447434835858744329 ) ) ;
#966 = CARTESIAN_POINT ( 'NONE',  ( 1.231064073226546318, 4.000000000000000000, 3.940331807780320883 ) ) ;
#967 = CARTESIAN_POINT ( 'NONE',  ( -7.950452971175855588, -1.390160814735639905, -7.329791051381232769 ) ) ;
#968 = ORIENTED_EDGE ( 'NONE', *, *, #1373, .T. ) ;
#969 = CARTESIAN_POINT ( 'NONE',  ( 5.709843575691555984, 5.173648177666923864, 10.00307804536445744 ) ) ;
#970 = EDGE_CURVE ( 'NONE', #204, #841, #37, .T. ) ;
#971 = EDGE_CURVE ( 'NONE', #201, #1670, #1568, .T. ) ;
#972 = EDGE_LOOP ( 'NONE', ( #1132, #1293, #1584, #776 ) ) ;
#973 = CARTESIAN_POINT ( 'NONE',  ( -5.504243305987547075, 0.000000000000000000, -5.084668192219678140 ) ) ;
#974 = EDGE_CURVE ( 'NONE', #550, #55, #1799, .T. ) ;
#975 = CARTESIAN_POINT ( 'NONE',  ( 1.231064073226546318, 0.000000000000000000, -0.1096681922196782039 ) ) ;
#976 = CARTESIAN_POINT ( 'NONE',  ( -0.1189359267734538539, 0.000000000000000000, -7.163921677464198785E-18 ) ) ;
#977 = DIRECTION ( 'NONE',  ( 1.000000000000000000, 0.000000000000000000, 0.000000000000000000 ) ) ;
#978 = ORIENTED_EDGE ( 'NONE', *, *, #295, .F. ) ;
#979 = CARTESIAN_POINT ( 'NONE',  ( -8.614557757717905773, -0.9676444878651658810, 10.34734782396561847 ) ) ;
#980 = ADVANCED_FACE ( 'NONE', ( #1167 ), #453, .T. ) ;
#981 = EDGE_LOOP ( 'NONE', ( #1549, #713, #1785, #1656 ) ) ;
#982 = DIRECTION ( 'NONE',  ( 1.000000000000000000, 0.000000000000000000, 6.023345402697249184E-17 ) ) ;
#983 = CARTESIAN_POINT ( 'NONE',  ( 0.000000000000000000, 0.000000000000000000, 2.590331807780321238 ) ) ;
#984 = CARTESIAN_POINT ( 'NONE',  ( -8.091945710151852822, -1.114854025527541527E-14, -7.006243301562747661 ) ) ;
#985 = CARTESIAN_POINT ( 'NONE',  ( -6.163458951487579718, 5.999999999999992006, -4.445024589779876578 ) ) ;
#986 = AXIS2_PLACEMENT_3D ( 'NONE', #1717, #727, #1294 ) ;
#987 = VECTOR ( 'NONE', #1516, 1000.000000000000000 ) ;
#988 = CARTESIAN_POINT ( 'NONE',  ( -1.468935926773454081, 0.000000000000000000, -2.359442256370054498E-16 ) ) ;
#989 = DIRECTION ( 'NONE',  ( -1.000000000000000000, 0.000000000000000000, 0.000000000000000000 ) ) ;
#990 = VECTOR ( 'NONE', #937, 1000.000000000000000 ) ;
#991 = ORIENTED_EDGE ( 'NONE', *, *, #1220, .F. ) ;
#992 = DIRECTION ( 'NONE',  ( 1.000000000000000000, 0.000000000000000000, 0.000000000000000000 ) ) ;
#993 = CARTESIAN_POINT ( 'NONE',  ( -0.1189359267734538539, 0.000000000000000000, -7.163921677464198785E-18 ) ) ;
#994 = CARTESIAN_POINT ( 'NONE',  ( -4.287847451498934426, 2.999999999999999112, 6.759243332505798563 ) ) ;
#995 = CARTESIAN_POINT ( 'NONE',  ( 8.814699741005089351, 0.000000000000000000, -7.084668192219678140 ) ) ;
#996 = CARTESIAN_POINT ( 'NONE',  ( 7.635411008977389891, 5.295908830195494410, 9.266448405069397154 ) ) ;
#997 = FACE_OUTER_BOUND ( 'NONE', #1419, .T. ) ;
#998 = ORIENTED_EDGE ( 'NONE', *, *, #1704, .T. ) ;
#999 = CARTESIAN_POINT ( 'NONE',  ( -7.850772574043263674, 3.363996538402218128, 7.606418718566185788 ) ) ;
#1000 = CARTESIAN_POINT ( 'NONE',  ( 8.619268175765061102, 5.208143824390378818, -3.619943909982902053 ) ) ;
#1001 = PLANE ( 'NONE',  #43 ) ;
#1002 = ORIENTED_EDGE ( 'NONE', *, *, #593, .F. ) ;
#1003 = EDGE_CURVE ( 'NONE', #1456, #294, #1012, .T. ) ;
#1004 = CARTESIAN_POINT ( 'NONE',  ( -1.468935926773454081, 0.000000000000000000, -2.359442256370054498E-16 ) ) ;
#1005 = CARTESIAN_POINT ( 'NONE',  ( -5.795407717021519467, 5.999999999999413802, 9.508915253990057437 ) ) ;
#1006 = EDGE_CURVE ( 'NONE', #1022, #1376, #1533, .T. ) ;
#1007 = ORIENTED_EDGE ( 'NONE', *, *, #105, .F. ) ;
#1008 = CARTESIAN_POINT ( 'NONE',  ( 5.522693367927250740, 6.119015036312408284, -6.005720745957010109 ) ) ;
#1009 = CARTESIAN_POINT ( 'NONE',  ( 9.189418484138233367, -4.672359527837221220E-15, -6.992802230351672144 ) ) ;
#1010 = ORIENTED_EDGE ( 'NONE', *, *, #1337, .T. ) ;
#1011 = STYLED_ITEM ( 'NONE', ( #1430 ), #619 ) ;
#1012 = LINE ( 'NONE', #1599, #310 ) ;
#1013 = CARTESIAN_POINT ( 'NONE',  ( 6.582629828144037631, 6.000000000000091482, 9.659172967835891299 ) ) ;
#1014 = ORIENTED_EDGE ( 'NONE', *, *, #1765, .T. ) ;
#1015 = AXIS2_PLACEMENT_3D ( 'NONE', #198, #324, #57 ) ;
#1016 = VECTOR ( 'NONE', #1392, 1000.000000000000114 ) ;
#1017 = ORIENTED_EDGE ( 'NONE', *, *, #1144, .T. ) ;
#1018 = EDGE_CURVE ( 'NONE', #1345, #1771, #1627, .T. ) ;
#1019 = PLANE ( 'NONE',  #250 ) ;
#1020 = LINE ( 'NONE', #1603, #1472 ) ;
#1021 = DIRECTION ( 'NONE',  ( -1.000000000000000000, 0.000000000000000000, 0.000000000000000000 ) ) ;
#1022 = VERTEX_POINT ( 'NONE', #1149 ) ;
#1023 = PRODUCT_DEFINITION_CONTEXT ( 'detailed design', #1551, 'design' ) ;
#1024 = CARTESIAN_POINT ( 'NONE',  ( -4.597715429238467877, 5.173648177666930970, -6.172414429803814606 ) ) ;
#1025 = CARTESIAN_POINT ( 'NONE',  ( 5.889641264562637701, 6.000000000000278000, 9.842235121864202796 ) ) ;
#1026 = VERTEX_POINT ( 'NONE', #1473 ) ;
#1027 = B_SPLINE_CURVE_WITH_KNOTS ( 'NONE', 3,
 ( #86, #805, #502, #1213, #1488, #1675, #1791, #521, #1338, #67, #777, #495, #1666, #658, #1234, #1095 ),
 .UNSPECIFIED., .F., .F.,
 ( 4, 2, 2, 2, 2, 2, 2, 4 ),
 ( -5.999999999061083294E-08, 0.001151343255069671749, 0.001727044882604501699, 0.002302746510139331865, 0.002878448137674161598, 0.003454149765208991765, 0.004029851392743821932, 0.004605553020278648629 ),
 .UNSPECIFIED. ) ;
#1028 = EDGE_CURVE ( 'NONE', #891, #1515, #1596, .T. ) ;
#1029 = FACE_OUTER_BOUND ( 'NONE', #424, .T. ) ;
#1030 = EDGE_CURVE ( 'NONE', #1608, #1670, #1036, .T. ) ;
#1031 = EDGE_CURVE ( 'NONE', #741, #577, #472, .T. ) ;
#1032 = CARTESIAN_POINT ( 'NONE',  ( 8.643810310810680519, 5.173648177666930970, 6.902946664492903395 ) ) ;
#1033 = DIRECTION ( 'NONE',  ( -1.000000000000000000, -0.000000000000000000, -0.000000000000000000 ) ) ;
#1034 = PLANE ( 'NONE',  #1050 ) ;
#1035 = ORIENTED_EDGE ( 'NONE', *, *, #1404, .F. ) ;
#1036 = LINE ( 'NONE', #1354, #197 ) ;
#1037 = CARTESIAN_POINT ( 'NONE',  ( -4.597715429238466101, 5.173648177666930970, 10.00307804536445744 ) ) ;
#1038 = ORIENTED_EDGE ( 'NONE', *, *, #68, .F. ) ;
#1039 = SPHERICAL_SURFACE ( 'NONE', #1317, 1.000000000000000000 ) ;
#1040 = DIRECTION ( 'NONE',  ( -0.000000000000000000, 1.000000000000000000, -0.000000000000000000 ) ) ;
#1041 = ORIENTED_EDGE ( 'NONE', *, *, #1030, .F. ) ;
#1042 = CARTESIAN_POINT ( 'NONE',  ( -7.132038593370437773, 5.281588679674888098, -4.696409965132197328 ) ) ;
#1043 = MECHANICAL_DESIGN_GEOMETRIC_PRESENTATION_REPRESENTATION (  '', ( #1011 ), #957 ) ;
#1044 = EDGE_LOOP ( 'NONE', ( #9, #1449, #1233, #1460 ) ) ;
#1045 =( BOUNDED_CURVE ( )  B_SPLINE_CURVE ( 3, ( #973, #281, #1727, #700 ),
 .UNSPECIFIED., .F., .F. ) 
 B_SPLINE_CURVE_WITH_KNOTS ( ( 4, 4 ),
 ( 2.414817599270096427, 3.868367707909493358 ),
 .UNSPECIFIED. ) 
 CURVE ( )  GEOMETRIC_REPRESENTATION_ITEM ( )  RATIONAL_B_SPLINE_CURVE ( ( 1.000000000000000000, 0.8315474279732688601, 0.8315474279732688601, 1.000000000000000000 ) ) 
 REPRESENTATION_ITEM ( '' )  );
#1046 = VECTOR ( 'NONE', #477, 1000.000000000000000 ) ;
#1047 = VECTOR ( 'NONE', #824, 1000.000000000000000 ) ;
#1048 = DIRECTION ( 'NONE',  ( 0.000000000000000000, 0.000000000000000000, -1.000000000000000000 ) ) ;
#1049 = CARTESIAN_POINT ( 'NONE',  ( 8.584581287016751716, 5.509552663503132663, -3.158762146973263185 ) ) ;
#1050 = AXIS2_PLACEMENT_3D ( 'NONE', #1641, #1175, #471 ) ;
#1051 = CARTESIAN_POINT ( 'NONE',  ( -8.443935926773455947, 0.000000000000000000, -6.343303859997157623 ) ) ;
#1052 = B_SPLINE_CURVE_WITH_KNOTS ( 'NONE', 3,
 ( #258, #537, #959, #1101, #1683, #1541, #591, #149, #20, #985, #143, #1556, #1154, #582 ),
 .UNSPECIFIED., .F., .F.,
 ( 4, 2, 2, 2, 2, 2, 4 ),
 ( 0.000000000000000000, 0.0003822704006468967733, 0.0007645408012937935467, 0.001146811201940690266, 0.001529081602587587093, 0.002293622403881380532, 0.003058163205175174187 ),
 .UNSPECIFIED. ) ;
#1053 = ORIENTED_EDGE ( 'NONE', *, *, #1363, .F. ) ;
#1054 = B_SPLINE_CURVE_WITH_KNOTS ( 'NONE', 3,
 ( #837, #1546, #569, #828, #140, #1295, #1284, #1257, #588, #1562, #1698, #1850, #1152, #1000, #412, #420 ),
 .UNSPECIFIED., .F., .F.,
 ( 4, 2, 2, 2, 2, 2, 2, 4 ),
 ( -5.999999999156382442E-08, 0.001151343255069670665, 0.001727044882604501915, 0.002302746510139333166, 0.002878448137674162466, 0.003454149765208991765, 0.004029851392743820197, 0.004605553020278649497 ),
 .UNSPECIFIED. ) ;
#1055 = ADVANCED_FACE ( 'NONE', ( #1185 ), #1156, .T. ) ;
#1056 = LINE ( 'NONE', #1797, #843 ) ;
#1057 = EDGE_CURVE ( 'NONE', #913, #654, #1056, .T. ) ;
#1058 = DIRECTION ( 'NONE',  ( 0.000000000000000000, 1.000000000000000000, 1.734723475976806306E-15 ) ) ;
#1059 = CARTESIAN_POINT ( 'NONE',  ( 6.616371452440637846, 0.000000000000000000, 8.915331807780320972 ) ) ;
#1060 = LINE ( 'NONE', #679, #1348 ) ;
#1061 = LINE ( 'NONE', #1640, #813 ) ;
#1062 = LINE ( 'NONE', #463, #489 ) ;
#1063 = EDGE_LOOP ( 'NONE', ( #737, #12, #1336, #998, #960, #1512, #1125, #196 ) ) ;
#1064 = EDGE_CURVE ( 'NONE', #744, #638, #1260, .T. ) ;
#1065 = EDGE_CURVE ( 'NONE', #1499, #1288, #1375, .T. ) ;
#1066 = EDGE_LOOP ( 'NONE', ( #1567, #859, #1482, #1200 ) ) ;
#1067 = DIRECTION ( 'NONE',  ( 0.9848077530122080203, 0.1736481776669307198, -1.898187920526940414E-16 ) ) ;
#1068 = CARTESIAN_POINT ( 'NONE',  ( 5.966434833733033294, 6.000000000000000000, -5.187606673374459909 ) ) ;
#1069 = DIRECTION ( 'NONE',  ( 0.000000000000000000, -8.673617379884035472E-16, 1.000000000000000000 ) ) ;
#1070 = CARTESIAN_POINT ( 'NONE',  ( -4.146773597255270616, 3.729617372335566117, 7.557862099048042737 ) ) ;
#1071 = ORIENTED_EDGE ( 'NONE', *, *, #732, .F. ) ;
#1072 = FACE_OUTER_BOUND ( 'NONE', #865, .T. ) ;
#1073 = CARTESIAN_POINT ( 'NONE',  ( -7.472453140563668050, 5.509552663503131775, -3.158762146973262741 ) ) ;
#1074 = EDGE_LOOP ( 'NONE', ( #1732, #1164, #687, #39, #510, #272, #1464, #1494 ) ) ;
#1075 = CARTESIAN_POINT ( 'NONE',  ( -1.468935926773454304, 0.000000000000000000, 2.590331807780321238 ) ) ;
#1076 = CIRCLE ( 'NONE', #695, 1.000000000000000000 ) ;
#1077 = CARTESIAN_POINT ( 'NONE',  ( 6.064942923072156766, 6.000000000000328626, -5.996815169714992955 ) ) ;
#1078 = CARTESIAN_POINT ( 'NONE',  ( 9.801186932388096906, -1.390160814735640571, 10.42184885218271795 ) ) ;
#1079 = CIRCLE ( 'NONE', #576, 1.000000000000000000 ) ;
#1080 = CARTESIAN_POINT ( 'NONE',  ( 6.697250471436875685, 6.000000000000016875, -4.948225036214116912 ) ) ;
#1081 = ORIENTED_EDGE ( 'NONE', *, *, #1064, .T. ) ;
#1082 = CARTESIAN_POINT ( 'NONE',  ( 7.005138791122123898, 5.999999999999989342, 8.545880784243797379 ) ) ;
#1083 = VECTOR ( 'NONE', #1712, 1000.000000000000000 ) ;
#1084 = FACE_OUTER_BOUND ( 'NONE', #1502, .T. ) ;
#1085 = ORIENTED_EDGE ( 'NONE', *, *, #1844, .F. ) ;
#1086 = CARTESIAN_POINT ( 'NONE',  ( -0.1189359267734538539, 4.000000000000000000, -7.163921677464198785E-18 ) ) ;
#1087 = EDGE_CURVE ( 'NONE', #1022, #1713, #1721, .T. ) ;
#1088 = CARTESIAN_POINT ( 'NONE',  ( 8.032493515096625458, 5.292912687945062977, -5.011617230565678760 ) ) ;
#1089 = CARTESIAN_POINT ( 'NONE',  ( 5.982811989397058383, 3.509552663503130887, 10.29650298298745881 ) ) ;
#1090 = CARTESIAN_POINT ( 'NONE',  ( -7.531682164357595077, 5.173648177666925640, -3.238447694684690514 ) ) ;
#1091 = ORIENTED_EDGE ( 'NONE', *, *, #1006, .T. ) ;
#1092 = CARTESIAN_POINT ( 'NONE',  ( -5.536703604582401184, 5.251515422719997161, -6.011640954888531674 ) ) ;
#1093 = CARTESIAN_POINT ( 'NONE',  ( 8.409452913066830959, 1.832235328579797651, 10.59225928434446118 ) ) ;
#1094 = ORIENTED_EDGE ( 'NONE', *, *, #1057, .F. ) ;
#1095 = CARTESIAN_POINT ( 'NONE',  ( -7.531682164357591525, 5.173648177666926529, 7.069111310245331126 ) ) ;
#1096 = CARTESIAN_POINT ( 'NONE',  ( 7.167805846139241766, 5.281588679674618980, -5.772770858816633321 ) ) ;
#1097 = CARTESIAN_POINT ( 'NONE',  ( 0.000000000000000000, 0.000000000000000000, 3.940331807780320883 ) ) ;
#1098 = PLANE ( 'NONE',  #1385 ) ;
#1099 = CARTESIAN_POINT ( 'NONE',  ( -6.523282862524308001, 5.295908830195495298, -5.435784789508748105 ) ) ;
#1100 = DIRECTION ( 'NONE',  ( -0.000000000000000000, 1.000000000000000000, -0.000000000000000000 ) ) ;
#1101 = CARTESIAN_POINT ( 'NONE',  ( -5.104320544751625555, 5.999999999999998224, -5.128067035342252389 ) ) ;
#1102 = ADVANCED_FACE ( 'NONE', ( #1084 ), #1616, .T. ) ;
#1103 = CARTESIAN_POINT ( 'NONE',  ( -7.825107101980595559, 3.509552663503130887, 7.342079723950836190 ) ) ;
#1104 = ORIENTED_EDGE ( 'NONE', *, *, #1730, .T. ) ;
#1105 = CARTESIAN_POINT ( 'NONE',  ( 1.231064073226546318, 4.000000000000000000, -0.1096681922196782039 ) ) ;
#1106 = AXIS2_PLACEMENT_3D ( 'NONE', #1325, #1303, #53 ) ;
#1107 = LINE ( 'NONE', #1352, #1417 ) ;
#1108 = CARTESIAN_POINT ( 'NONE',  ( 8.468211050723047251, 6.000000000001422862, 7.424210657626636234 ) ) ;
#1109 = DIRECTION ( 'NONE',  ( 1.000000000000000000, 0.000000000000000000, 0.000000000000000000 ) ) ;
#1110 = CARTESIAN_POINT ( 'NONE',  ( -7.702571594552003020, 0.000000000000000000, 10.91533180778032097 ) ) ;
#1111 = VECTOR ( 'NONE', #595, 1000.000000000000000 ) ;
#1112 = VECTOR ( 'NONE', #607, 1000.000000000000114 ) ;
#1113 = DIRECTION ( 'NONE',  ( 0.000000000000000000, -1.000000000000000000, 0.000000000000000000 ) ) ;
#1114 = EDGE_CURVE ( 'NONE', #228, #1142, #1219, .T. ) ;
#1115 = EDGE_CURVE ( 'NONE', #458, #55, #529, .T. ) ;
#1116 = CARTESIAN_POINT ( 'NONE',  ( -6.487334768478175917, 6.000000000000004441, 7.575716425534824161 ) ) ;
#1117 = EDGE_CURVE ( 'NONE', #1155, #326, #1227, .T. ) ;
#1118 = ORIENTED_EDGE ( 'NONE', *, *, #1510, .T. ) ;
#1119 = SPHERICAL_SURFACE ( 'NONE', #1445, 1.000000000000000000 ) ;
#1120 = CARTESIAN_POINT ( 'NONE',  ( -6.546874411345385170, 5.000000000000000000, -3.238447694684688738 ) ) ;
#1121 = CARTESIAN_POINT ( 'NONE',  ( 7.659002557798470612, 5.000000000000000000, -1.476250171064379891E-15 ) ) ;
#1122 = DIRECTION ( 'NONE',  ( -1.000000000000000000, 0.000000000000000000, 0.000000000000000000 ) ) ;
#1123 = DIRECTION ( 'NONE',  ( 0.000000000000000000, 0.3420201433256696566, -0.9396926207859080948 ) ) ;
#1124 = CARTESIAN_POINT ( 'NONE',  ( -8.091281965356522221, 2.000000000000000444, 10.56267784636338902 ) ) ;
#1125 = ORIENTED_EDGE ( 'NONE', *, *, #1765, .F. ) ;
#1126 = DIRECTION ( 'NONE',  ( 0.000000000000000000, 0.000000000000000000, -1.000000000000000000 ) ) ;
#1127 = CARTESIAN_POINT ( 'NONE',  ( 7.005138791904509610, 5.999999999999986677, 8.545880784940727892 ) ) ;
#1128 = LINE ( 'NONE', #1710, #778 ) ;
#1129 = DIRECTION ( 'NONE',  ( 0.000000000000000000, -1.000000000000000000, -8.673617379884035472E-16 ) ) ;
#1130 = CARTESIAN_POINT ( 'NONE',  ( 8.637567021046866245, 5.209055633399042762, 7.451224652449903729 ) ) ;
#1131 = CARTESIAN_POINT ( 'NONE',  ( -7.364988480510788804, 6.119015036312407396, 6.881961102481029435 ) ) ;
#1132 = ORIENTED_EDGE ( 'NONE', *, *, #892, .T. ) ;
#1133 = DIRECTION ( 'NONE',  ( 0.000000000000000000, -0.000000000000000000, -1.000000000000000000 ) ) ;
#1134 = DIRECTION ( 'NONE',  ( 4.403710954424479671E-16, -0.000000000000000000, 1.000000000000000000 ) ) ;
#1135 = CARTESIAN_POINT ( 'NONE',  ( -1.468935926773454081, 0.000000000000000000, 1.240331807780321371 ) ) ;
#1136 = CARTESIAN_POINT ( 'NONE',  ( 7.659002557798471500, 6.000000000000000000, -3.238447694684690514 ) ) ;
#1137 = AXIS2_PLACEMENT_3D ( 'NONE', #259, #989, #123 ) ;
#1138 = AXIS2_PLACEMENT_3D ( 'NONE', #1853, #1455, #562 ) ;
#1139 = CARTESIAN_POINT ( 'NONE',  ( 8.643810310810680519, 5.173648177666924752, 7.069111310245332902 ) ) ;
#1140 = CARTESIAN_POINT ( 'NONE',  ( -7.507586544438013654, 5.207842124775549308, 7.447132602905090160 ) ) ;
#1141 = AXIS2_PLACEMENT_3D ( 'NONE', #63, #772, #1341 ) ;
#1142 = VERTEX_POINT ( 'NONE', #676 ) ;
#1143 = CARTESIAN_POINT ( 'NONE',  ( -0.1189359267734538539, 0.000000000000000000, -7.163921677464198785E-18 ) ) ;
#1144 = EDGE_CURVE ( 'NONE', #638, #744, #696, .T. ) ;
#1145 = LINE ( 'NONE', #1268, #1778 ) ;
#1146 = DIRECTION ( 'NONE',  ( 1.000000000000000000, 0.000000000000000000, 5.354084802397552502E-17 ) ) ;
#1147 = EDGE_CURVE ( 'NONE', #896, #66, #1052, .T. ) ;
#1148 = CARTESIAN_POINT ( 'NONE',  ( -5.227540072284840633, 3.342020143325669324, -2.928579716945156619 ) ) ;
#1149 = CARTESIAN_POINT ( 'NONE',  ( 5.399975597952026085, 3.342020143325669324, -3.868272337731064159 ) ) ;
#1150 = CARTESIAN_POINT ( 'NONE',  ( -6.355566384851933037, 5.999999999999974243, 7.937566185699767907 ) ) ;
#1151 = EDGE_LOOP ( 'NONE', ( #73, #886, #904, #1085 ) ) ;
#1152 = CARTESIAN_POINT ( 'NONE',  ( 8.540923631883545752, 5.238109988611217460, -3.992335446345359529 ) ) ;
#1153 = DIRECTION ( 'NONE',  ( -5.354084802397552502E-17, 0.000000000000000000, 1.000000000000000000 ) ) ;
#1154 = CARTESIAN_POINT ( 'NONE',  ( -6.546874411345386946, 6.000000000000000000, -3.496502618682551411 ) ) ;
#1155 = VERTEX_POINT ( 'NONE', #1148 ) ;
#1156 =( BOUNDED_SURFACE ( )  B_SPLINE_SURFACE ( 3, 2, ( 
 ( #1024, #1485, #84 ),
 ( #1500, #1787, #49 ),
 ( #1179, #787, #1762 ),
 ( #762, #884, #616 ),
 ( #1613, #1606, #893 ),
 ( #474, #222, #341 ),
 ( #636, #647, #1343 ),
 ( #348, #751, #1634 ),
 ( #1755, #1202, #332 ),
 ( #1328, #76, #1465 ),
 ( #1770, #482, #500 ),
 ( #1042, #774, #213 ),
 ( #1643, #1625, #65 ),
 ( #625, #905, #1191 ),
 ( #465, #1335, #1777 ),
 ( #190, #206, #492 ) ),
 .UNSPECIFIED., .F., .F., .F. ) 
 B_SPLINE_SURFACE_WITH_KNOTS ( ( 4, 2, 2, 2, 2, 2, 2, 4 ),
 ( 3, 3 ),
 ( 1.734723475976807094E-18, 0.0003822704006468847387, 0.0007645408012937677427, 0.001146811201940650801, 0.001529081602587533751, 0.001911352003234416917, 0.002293622403881299867, 0.003058163205175065767 ),
 ( 0.000000000000000000, 1.000000000000000000 ),
 .UNSPECIFIED. ) 
 GEOMETRIC_REPRESENTATION_ITEM ( )  RATIONAL_B_SPLINE_SURFACE ( (
 ( 1.000000000000000000, 0.7660444431189782355, 1.000000000000000000),
 ( 1.000000000000000000, 0.7717974870889766636, 1.000000000000000000),
 ( 1.000000000000000000, 0.7771382677754995472, 1.000000000000000000),
 ( 1.000000000000000000, 0.7866933155288203805, 1.000000000000000000),
 ( 1.000000000000000000, 0.7909444607417587259, 1.000000000000000000),
 ( 1.000000000000000000, 0.7978078801999944902, 1.000000000000000000),
 ( 1.000000000000000000, 0.8004440985327734293, 1.000000000000000000),
 ( 1.000000000000000000, 0.8040270847889345873, 1.000000000000000000),
 ( 1.000000000000000000, 0.8049560426510694588, 1.000000000000000000),
 ( 1.000000000000000000, 0.8049644313258054185, 1.000000000000000000),
 ( 1.000000000000000000, 0.8040755934313602582, 1.000000000000000000),
 ( 1.000000000000000000, 0.8004983064082930033, 1.000000000000000000),
 ( 1.000000000000000000, 0.7978276240543690223, 1.000000000000000000),
 ( 1.000000000000000000, 0.7875872931868574955, 1.000000000000000000),
 ( 1.000000000000000000, 0.7775408985777664261, 1.000000000000000000),
 ( 1.000000000000000000, 0.7660444431189782355, 1.000000000000000000) ) ) 
 REPRESENTATION_ITEM ( '' )  SURFACE ( )  );
#1157 = EDGE_CURVE ( 'NONE', #1456, #1026, #1212, .T. ) ;
#1158 = CARTESIAN_POINT ( 'NONE',  ( 7.485035145552487279, 5.292956396769444183, 9.390133913494665308 ) ) ;
#1159 = CARTESIAN_POINT ( 'NONE',  ( 6.458704999498020349, 5.237727096164431551, 9.901526912828440885 ) ) ;
#1160 = ORIENTED_EDGE ( 'NONE', *, *, #379, .F. ) ;
#1161 = DIRECTION ( 'NONE',  ( 0.000000000000000000, 0.000000000000000000, -1.000000000000000000 ) ) ;
#1162 = LINE ( 'NONE', #328, #1378 ) ;
#1163 = CARTESIAN_POINT ( 'NONE',  ( 7.647084926673194616, 5.999999999999997335, -3.494567077656558496 ) ) ;
#1164 = ORIENTED_EDGE ( 'NONE', *, *, #914, .T. ) ;
#1165 = EDGE_CURVE ( 'NONE', #550, #601, #1753, .T. ) ;
#1166 = VECTOR ( 'NONE', #163, 1000.000000000000000 ) ;
#1167 = FACE_OUTER_BOUND ( 'NONE', #236, .T. ) ;
#1168 = EDGE_CURVE ( 'NONE', #1288, #1345, #1735, .T. ) ;
#1169 = CARTESIAN_POINT ( 'NONE',  ( 5.900040799128166924, 5.191272030738239174, 9.999970484563904805 ) ) ;
#1170 = VECTOR ( 'NONE', #1843, 1000.000000000000000 ) ;
#1171 = EDGE_CURVE ( 'NONE', #654, #1459, #1270, .T. ) ;
#1172 =( GEOMETRIC_REPRESENTATION_CONTEXT ( 3 ) GLOBAL_UNCERTAINTY_ASSIGNED_CONTEXT ( ( #1177 ) ) GLOBAL_UNIT_ASSIGNED_CONTEXT ( ( #1681, #1711, #266 ) ) REPRESENTATION_CONTEXT ( 'NONE', 'WORKASPACE' ) );
#1173 = ORIENTED_EDGE ( 'NONE', *, *, #165, .T. ) ;
#1174 = CARTESIAN_POINT ( 'NONE',  ( -6.443935926773455947, 0.000000000000000000, 8.915331807780320972 ) ) ;
#1175 = DIRECTION ( 'NONE',  ( 0.000000000000000000, 0.3420201433256694901, -0.9396926207859082059 ) ) ;
#1176 = ORIENTED_EDGE ( 'NONE', *, *, #295, .T. ) ;
#1177 = UNCERTAINTY_MEASURE_WITH_UNIT (LENGTH_MEASURE( 1.000000000000000082E-05 ), #1681, 'distance_accuracy_value', 'NONE');
#1178 = EDGE_CURVE ( 'NONE', #601, #1190, #571, .T. ) ;
#1179 = CARTESIAN_POINT ( 'NONE',  ( -4.975736721897937365, 5.207842124775472925, -6.148318809884312230 ) ) ;
#1180 = CARTESIAN_POINT ( 'NONE',  ( -5.951271915983457284, 6.000000000000501821, 9.419718341827151065 ) ) ;
#1181 = ORIENTED_EDGE ( 'NONE', *, *, #1305, .F. ) ;
#1182 = FACE_OUTER_BOUND ( 'NONE', #615, .T. ) ;
#1183 = FACE_OUTER_BOUND ( 'NONE', #1066, .T. ) ;
#1184 = ORIENTED_EDGE ( 'NONE', *, *, #547, .T. ) ;
#1185 = FACE_OUTER_BOUND ( 'NONE', #1334, .T. ) ;
#1186 = ORIENTED_EDGE ( 'NONE', *, *, #914, .F. ) ;
#1187 = DIRECTION ( 'NONE',  ( 0.000000000000000000, 1.000000000000000000, 0.000000000000000000 ) ) ;
#1188 = CARTESIAN_POINT ( 'NONE',  ( 8.988080089411838003, -0.9676444878651663251, -7.255290023164131519 ) ) ;
#1189 = DIRECTION ( 'NONE',  ( 0.000000000000000000, 0.000000000000000000, 1.000000000000000000 ) ) ;
#1190 = VERTEX_POINT ( 'NONE', #1136 ) ;
#1191 = CARTESIAN_POINT ( 'NONE',  ( -6.498028590841772534, 6.000000000000018652, -3.753416352592940708 ) ) ;
#1192 = AXIS2_PLACEMENT_3D ( 'NONE', #1684, #832, #399 ) ;
#1193 = ORIENTED_EDGE ( 'NONE', *, *, #1147, .F. ) ;
#1194 = LINE ( 'NONE', #1323, #1046 ) ;
#1195 = AXIS2_PLACEMENT_3D ( 'NONE', #1540, #130, #1239 ) ;
#1196 = VECTOR ( 'NONE', #623, 1000.000000000000000 ) ;
#1197 = CARTESIAN_POINT ( 'NONE',  ( 7.556064073226545830, 0.000000000000000000, 7.975639186994412988 ) ) ;
#1198 = CARTESIAN_POINT ( 'NONE',  ( -5.135022837559326092, 3.363996538402181269, 10.32216845505013048 ) ) ;
#1199 = CARTESIAN_POINT ( 'NONE',  ( -5.086466218041176823, 3.729617372335567005, -2.787505862701492809 ) ) ;
#1200 = ORIENTED_EDGE ( 'NONE', *, *, #646, .F. ) ;
#1201 = ADVANCED_FACE ( 'NONE', ( #1741 ), #712, .T. ) ;
#1202 = CARTESIAN_POINT ( 'NONE',  ( -6.378713337080371026, 6.000000000000262013, -5.271900208316319336 ) ) ;
#1203 = ORIENTED_EDGE ( 'NONE', *, *, #118, .F. ) ;
#1204 = DIRECTION ( 'NONE',  ( 1.000000000000000000, 0.000000000000000000, 5.354084802397552502E-17 ) ) ;
#1205 = CARTESIAN_POINT ( 'NONE',  ( 7.743296089323122189, 6.000000000000039968, -5.019445602526205086 ) ) ;
#1206 = CARTESIAN_POINT ( 'NONE',  ( 8.262187306858123748, 7.337939781930955974, 6.667031782375276272 ) ) ;
#1207 = CARTESIAN_POINT ( 'NONE',  ( 6.578298450647213969, 5.999999999999975131, 8.826962264929001378 ) ) ;
#1208 = ORIENTED_EDGE ( 'NONE', *, *, #1057, .T. ) ;
#1209 = PLANE ( 'NONE',  #364 ) ;
#1210 = CARTESIAN_POINT ( 'NONE',  ( -8.112901739866776651, 1.877388165875782944, -6.015028190553840304 ) ) ;
#1211 = ORIENTED_EDGE ( 'NONE', *, *, #161, .T. ) ;
#1212 =( BOUNDED_CURVE ( )  B_SPLINE_CURVE ( 3, ( #1583, #1566, #312, #703 ),
 .UNSPECIFIED., .F., .T. ) 
 B_SPLINE_CURVE_WITH_KNOTS ( ( 4, 4 ),
 ( 2.414817599270097315, 3.868367707909490250 ),
 .UNSPECIFIED. ) 
 CURVE ( )  GEOMETRIC_REPRESENTATION_ITEM ( )  RATIONAL_B_SPLINE_CURVE ( ( 1.000000000000000000, 0.8315474279732697482, 0.8315474279732697482, 1.000000000000000000 ) ) 
 REPRESENTATION_ITEM ( '' )  );
#1213 = CARTESIAN_POINT ( 'NONE',  ( -5.889925513910575283, 5.273273665328775728, 9.692883089454596757 ) ) ;
#1214 = CARTESIAN_POINT ( 'NONE',  ( -1.468935926773454304, 4.000000000000000000, 2.590331807780321238 ) ) ;
#1215 = CARTESIAN_POINT ( 'NONE',  ( 8.390637528922873400, 6.609462372809276509, 9.749905263476652095 ) ) ;
#1216 = DIRECTION ( 'NONE',  ( 0.000000000000000000, -0.000000000000000000, -1.000000000000000000 ) ) ;
#1217 = ORIENTED_EDGE ( 'NONE', *, *, #1065, .T. ) ;
#1218 = CARTESIAN_POINT ( 'NONE',  ( 7.060162408394743849, 6.000000000000219380, 9.421606377750023853 ) ) ;
#1219 = LINE ( 'NONE', #230, #460 ) ;
#1220 = EDGE_CURVE ( 'NONE', #55, #476, #170, .T. ) ;
#1221 = ORIENTED_EDGE ( 'NONE', *, *, #456, .T. ) ;
#1222 = EDGE_CURVE ( 'NONE', #539, #749, #450, .T. ) ;
#1223 = PLANE ( 'NONE',  #814 ) ;
#1224 = VECTOR ( 'NONE', #181, 1000.000000000000000 ) ;
#1225 = LINE ( 'NONE', #1812, #1598 ) ;
#1226 = CARTESIAN_POINT ( 'NONE',  ( 9.556064073226544053, 0.000000000000000000, 10.91533180778031742 ) ) ;
#1227 = CIRCLE ( 'NONE', #279, 1.000000000000000000 ) ;
#1228 = DIRECTION ( 'NONE',  ( 0.3236155771181853380, 0.8891264907159879272, -0.3236155771181852825 ) ) ;
#1229 = ORIENTED_EDGE ( 'NONE', *, *, #1304, .T. ) ;
#1230 = CARTESIAN_POINT ( 'NONE',  ( -6.372906999099408942, 5.292956396769442406, -5.559470297934014482 ) ) ;
#1231 = VECTOR ( 'NONE', #1537, 1000.000000000000000 ) ;
#1232 = CARTESIAN_POINT ( 'NONE',  ( -4.410565221474165298, 6.119015036312407396, -6.005720745957010998 ) ) ;
#1233 = ORIENTED_EDGE ( 'NONE', *, *, #1404, .T. ) ;
#1234 = CARTESIAN_POINT ( 'NONE',  ( -7.528560519475555601, 5.191351905533735156, 7.260167981347546373 ) ) ;
#1235 = CARTESIAN_POINT ( 'NONE',  ( 7.908022939622949110, 5.295908461611923634, -5.163169512628513758 ) ) ;
#1236 = DIRECTION ( 'NONE',  ( 0.000000000000000000, 0.000000000000000000, -1.000000000000000000 ) ) ;
#1237 = DIRECTION ( 'NONE',  ( 0.000000000000000000, -1.000000000000000000, 0.000000000000000000 ) ) ;
#1238 = CARTESIAN_POINT ( 'NONE',  ( 8.060450607273809354, 6.000000000000000000, 8.422667796990223721 ) ) ;
#1239 = DIRECTION ( 'NONE',  ( -0.3420201433256694346, 0.9396926207859080948, 0.000000000000000000 ) ) ;
#1240 = CARTESIAN_POINT ( 'NONE',  ( 0.5560640732265457187, 4.000000000000000000, 1.915331807780320972 ) ) ;
#1241 = CARTESIAN_POINT ( 'NONE',  ( -4.870683842943970276, 3.509552663503130887, 10.29650298298745881 ) ) ;
#1242 = ORIENTED_EDGE ( 'NONE', *, *, #68, .T. ) ;
#1243 = CARTESIAN_POINT ( 'NONE',  ( 8.369651966911000329, 6.728477409121681241, 6.774496442428152854 ) ) ;
#1244 = EDGE_CURVE ( 'NONE', #1142, #1459, #434, .T. ) ;
#1245 = DIRECTION ( 'NONE',  ( 0.9396926207859080948, 0.3420201433256697676, 0.000000000000000000 ) ) ;
#1246 = FACE_OUTER_BOUND ( 'NONE', #1371, .T. ) ;
#1247 = CARTESIAN_POINT ( 'NONE',  ( 2.581064073226545741, 0.000000000000000000, 1.240331807780321594 ) ) ;
#1248 = EDGE_CURVE ( 'NONE', #1818, #1742, #365, .T. ) ;
#1249 = EDGE_CURVE ( 'NONE', #1376, #1713, #1079, .T. ) ;
#1250 = CARTESIAN_POINT ( 'NONE',  ( -7.738628003939596489, 4.000000000000000888, -6.379360269385816906 ) ) ;
#1251 = ORIENTED_EDGE ( 'NONE', *, *, #1340, .T. ) ;
#1252 = LINE ( 'NONE', #1828, #1685 ) ;
#1253 = ORIENTED_EDGE ( 'NONE', *, *, #1508, .T. ) ;
#1254 = FACE_OUTER_BOUND ( 'NONE', #1266, .T. ) ;
#1255 = EDGE_CURVE ( 'NONE', #204, #1608, #8, .T. ) ;
#1256 = AXIS2_PLACEMENT_3D ( 'NONE', #254, #671, #513 ) ;
#1257 = CARTESIAN_POINT ( 'NONE',  ( 7.907180670515611354, 5.295908830195496186, -5.164015127970531083 ) ) ;
#1258 = CARTESIAN_POINT ( 'NONE',  ( 8.498102188975749982, 5.999999999999996447, 7.069111310245332902 ) ) ;
#1259 = CARTESIAN_POINT ( 'NONE',  ( -7.896961895787461216, -4.900279504805071793E-15, 10.89680662308056824 ) ) ;
#1260 = CIRCLE ( 'NONE', #1381, 3.000000000000000444 ) ;
#1261 = AXIS2_PLACEMENT_3D ( 'NONE', #1440, #291, #1554 ) ;
#1262 = DIRECTION ( 'NONE',  ( -1.000000000000000000, 0.000000000000000000, -0.000000000000000000 ) ) ;
#1263 = ORIENTED_EDGE ( 'NONE', *, *, #1825, .T. ) ;
#1264 = PRODUCT_DEFINITION_SHAPE ( 'NONE', 'NONE',  #1855 ) ;
#1265 = CARTESIAN_POINT ( 'NONE',  ( -7.875951942958749896, -0.9676444878651658810, 11.08595363872477435 ) ) ;
#1266 = EDGE_LOOP ( 'NONE', ( #1848, #827, #429 ) ) ;
#1267 = PLANE ( 'NONE',  #1286 ) ;
#1268 = CARTESIAN_POINT ( 'NONE',  ( 5.399975597952025197, 4.000000000000000000, 6.691046028192341856E-16 ) ) ;
#1269 = CYLINDRICAL_SURFACE ( 'NONE', #575, 1.000000000000000000 ) ;
#1270 = LINE ( 'NONE', #303, #104 ) ;
#1271 = ORIENTED_EDGE ( 'NONE', *, *, #1244, .F. ) ;
#1272 = CARTESIAN_POINT ( 'NONE',  ( 8.241935408424193810, 5.281747765149733986, 8.530763801641493060 ) ) ;
#1273 = CARTESIAN_POINT ( 'NONE',  ( -8.518436954990553645, -0.4225163268704739683, 10.98983283599741689 ) ) ;
#1274 = ORIENTED_EDGE ( 'NONE', *, *, #1362, .T. ) ;
#1275 = DIRECTION ( 'NONE',  ( 6.023345402697249184E-17, 0.000000000000000000, -1.000000000000000000 ) ) ;
#1276 = CARTESIAN_POINT ( 'NONE',  ( -0.1189359267734539788, 0.000000000000000000, 2.590331807780321238 ) ) ;
#1277 = DIRECTION ( 'NONE',  ( 1.000000000000000000, 0.000000000000000000, 0.000000000000000000 ) ) ;
#1278 = EDGE_LOOP ( 'NONE', ( #662, #1590, #716, #1071 ) ) ;
#1279 = FACE_OUTER_BOUND ( 'NONE', #1804, .T. ) ;
#1280 = CARTESIAN_POINT ( 'NONE',  ( -7.374295925107616334, 1.877388165875782944, 10.58429762087363812 ) ) ;
#1281 = EDGE_CURVE ( 'NONE', #1742, #638, #423, .T. ) ;
#1282 = ORIENTED_EDGE ( 'NONE', *, *, #271, .T. ) ;
#1283 = DIRECTION ( 'NONE',  ( 6.023345402697249184E-17, 0.000000000000000000, -1.000000000000000000 ) ) ;
#1284 = CARTESIAN_POINT ( 'NONE',  ( 7.637389498649972630, 5.295935106301723039, -5.434044707191145740 ) ) ;
#1285 = CARTESIAN_POINT ( 'NONE',  ( 5.415228707874374159, 6.728477409121683905, -5.898256085904133528 ) ) ;
#1286 = AXIS2_PLACEMENT_3D ( 'NONE', #1143, #982, #1283 ) ;
#1287 = CARTESIAN_POINT ( 'NONE',  ( 5.709843575691553319, 5.000000000000000000, -5.187606676791605587 ) ) ;
#1288 = VERTEX_POINT ( 'NONE', #995 ) ;
#1289 = AXIS2_PLACEMENT_3D ( 'NONE', #1811, #1648, #1819 ) ;
#1290 = CARTESIAN_POINT ( 'NONE',  ( -6.451013990204446102, 5.999999999999971578, 7.700403376816082002 ) ) ;
#1291 = CARTESIAN_POINT ( 'NONE',  ( 5.709843575692000073, 6.000000000000000000, 9.018270292352251971 ) ) ;
#1292 = VECTOR ( 'NONE', #235, 1000.000000000000000 ) ;
#1293 = ORIENTED_EDGE ( 'NONE', *, *, #1708, .F. ) ;
#1294 = DIRECTION ( 'NONE',  ( 1.000000000000000000, 0.000000000000000000, 0.000000000000000000 ) ) ;
#1295 = CARTESIAN_POINT ( 'NONE',  ( 7.490363069349911029, 5.293102753753783141, -5.555473003021223377 ) ) ;
#1296 = FACE_OUTER_BOUND ( 'NONE', #1615, .T. ) ;
#1297 = CARTESIAN_POINT ( 'NONE',  ( 0.5560640732265457187, 0.000000000000000000, 1.915331807780320972 ) ) ;
#1298 = ORIENTED_EDGE ( 'NONE', *, *, #1157, .T. ) ;
#1299 = DIRECTION ( 'NONE',  ( -1.000000000000000000, 0.000000000000000000, -1.606225440719266120E-16 ) ) ;
#1300 = CARTESIAN_POINT ( 'NONE',  ( 6.087864868351165804, 5.207842124775670989, 9.978982425444879567 ) ) ;
#1301 = VERTEX_POINT ( 'NONE', #1433 ) ;
#1302 = CARTESIAN_POINT ( 'NONE',  ( 7.659002554770832027, 6.000000000000000888, -3.367441242046585348 ) ) ;
#1303 = DIRECTION ( 'NONE',  ( 0.000000000000000000, -1.000000000000000000, 0.000000000000000000 ) ) ;
#1304 = EDGE_CURVE ( 'NONE', #567, #1499, #786, .T. ) ;
#1305 = EDGE_CURVE ( 'NONE', #1022, #1519, #1062, .T. ) ;
#1306 = CARTESIAN_POINT ( 'NONE',  ( 7.659002557798471500, 6.000000000000000000, -3.238447694684690514 ) ) ;
#1307 = EDGE_LOOP ( 'NONE', ( #280, #1434, #1360, #1383 ) ) ;
#1308 = ADVANCED_FACE ( 'NONE', ( #1183 ), #1773, .T. ) ;
#1309 = DIRECTION ( 'NONE',  ( 1.000000000000000000, 0.000000000000000000, 5.354084802397552502E-17 ) ) ;
#1310 = DIRECTION ( 'NONE',  ( -0.3420201433256694346, -0.9396926207859080948, 0.000000000000000000 ) ) ;
#1311 = ORIENTED_EDGE ( 'NONE', *, *, #782, .F. ) ;
#1312 = SPHERICAL_SURFACE ( 'NONE', #631, 1.000000000000000000 ) ;
#1313 = DIRECTION ( 'NONE',  ( 8.673617379884035472E-16, 1.000000000000000000, 0.000000000000000000 ) ) ;
#1314 = CARTESIAN_POINT ( 'NONE',  ( -8.120863403337576614, 1.832235328579924216, -5.938057032059792739 ) ) ;
#1315 = VERTEX_POINT ( 'NONE', #1463 ) ;
#1316 = DIRECTION ( 'NONE',  ( 0.000000000000000000, -0.9396926207859082059, 0.3420201433256694901 ) ) ;
#1317 = AXIS2_PLACEMENT_3D ( 'NONE', #1618, #335, #1069 ) ;
#1318 = CARTESIAN_POINT ( 'NONE',  ( 6.616371452440639622, 0.000000000000000000, -5.084668192219678140 ) ) ;
#1319 = CARTESIAN_POINT ( 'NONE',  ( -6.074484903237045152, 5.999999999999989342, 8.364406525676118420 ) ) ;
#1320 = AXIS2_PLACEMENT_3D ( 'NONE', #1240, #1113, #1827 ) ;
#1321 = VECTOR ( 'NONE', #1479, 1000.000000000000000 ) ;
#1322 = ORIENTED_EDGE ( 'NONE', *, *, #1484, .T. ) ;
#1323 = CARTESIAN_POINT ( 'NONE',  ( -6.546874411345382505, 6.000000000000000000, 6.902946664492905171 ) ) ;
#1324 = CARTESIAN_POINT ( 'NONE',  ( 8.640702750010259336, 5.191272030737711596, -3.428644918121696250 ) ) ;
#1325 = CARTESIAN_POINT ( 'NONE',  ( 0.000000000000000000, 0.000000000000000000, 0.000000000000000000 ) ) ;
#1326 = PLANE ( 'NONE',  #958 ) ;
#1327 = ORIENTED_EDGE ( 'NONE', *, *, #1645, .T. ) ;
#1328 = CARTESIAN_POINT ( 'NONE',  ( -6.794117723610288984, 5.295935470917986443, -5.165191646016341842 ) ) ;
#1329 = CARTESIAN_POINT ( 'NONE',  ( -5.358582780032556947, 5.240494275988550221, 9.917151030910831722 ) ) ;
#1330 = ORIENTED_EDGE ( 'NONE', *, *, #398, .T. ) ;
#1331 = DIRECTION ( 'NONE',  ( 9.637352644315595243E-17, 0.000000000000000000, 1.000000000000000000 ) ) ;
#1332 = CARTESIAN_POINT ( 'NONE',  ( 9.801186932388093354, -1.390160814735641015, -6.591185236622075116 ) ) ;
#1333 = CARTESIAN_POINT ( 'NONE',  ( 0.5560640732265457187, 0.000000000000000000, 1.915331807780320972 ) ) ;
#1334 = EDGE_LOOP ( 'NONE', ( #192, #1400, #304, #1193 ) ) ;
#1335 = CARTESIAN_POINT ( 'NONE',  ( -7.356082904271384670, 6.000000000000548894, -3.593547042065668773 ) ) ;
#1336 = ORIENTED_EDGE ( 'NONE', *, *, #738, .F. ) ;
#1337 = EDGE_CURVE ( 'NONE', #1571, #1477, #360, .T. ) ;
#1338 = CARTESIAN_POINT ( 'NONE',  ( -6.918738032487790512, 5.292956396769444183, 8.844302880106273079 ) ) ;
#1339 = CARTESIAN_POINT ( 'NONE',  ( 9.556064073226538724, 4.336808689942017736E-16, -7.084668192219677252 ) ) ;
#1340 = EDGE_CURVE ( 'NONE', #294, #1155, #337, .T. ) ;
#1341 = DIRECTION ( 'NONE',  ( 1.000000000000000000, 0.000000000000000000, 1.239088197126291310E-16 ) ) ;
#1342 = EDGE_LOOP ( 'NONE', ( #467, #494, #1081, #769 ) ) ;
#1343 = CARTESIAN_POINT ( 'NONE',  ( -5.578808517640371889, 6.000000000000053291, -4.937499698402302961 ) ) ;
#1344 = AXIS2_PLACEMENT_3D ( 'NONE', #540, #226, #1351 ) ;
#1345 = VERTEX_POINT ( 'NONE', #187 ) ;
#1346 = EDGE_CURVE ( 'NONE', #231, #1834, #203, .T. ) ;
#1347 = AXIS2_PLACEMENT_3D ( 'NONE', #151, #1577, #1436 ) ;
#1348 = VECTOR ( 'NONE', #779, 1000.000000000000000 ) ;
#1349 = CARTESIAN_POINT ( 'NONE',  ( -1.468935926773454081, 0.000000000000000000, 1.240331807780321371 ) ) ;
#1350 = CARTESIAN_POINT ( 'NONE',  ( 8.150307317016164177, 5.999999999999918288, -4.434986086539495886 ) ) ;
#1351 = DIRECTION ( 'NONE',  ( -0.1736481776669307198, -0.9848077530122080203, 0.000000000000000000 ) ) ;
#1352 = CARTESIAN_POINT ( 'NONE',  ( -7.531682164357592413, 5.173648177666930970, -3.072283048932261451 ) ) ;
#1353 = ORIENTED_EDGE ( 'NONE', *, *, #839, .T. ) ;
#1354 = CARTESIAN_POINT ( 'NONE',  ( -0.1189359267734539788, 0.000000000000000000, 1.240331807780321371 ) ) ;
#1355 = ORIENTED_EDGE ( 'NONE', *, *, #1220, .T. ) ;
#1356 = CARTESIAN_POINT ( 'NONE',  ( 5.709843575691555095, 6.000000000000000000, 9.018270292352248418 ) ) ;
#1357 = CARTESIAN_POINT ( 'NONE',  ( 7.268776640725182148, 6.000000000000053291, -4.432731879891234072 ) ) ;
#1358 = CARTESIAN_POINT ( 'NONE',  ( 9.225029886319862982, 1.877388165875782500, 9.845691806114482247 ) ) ;
#1359 = CARTESIAN_POINT ( 'NONE',  ( -4.287847451498932649, 3.342020143325669324, -3.868272337731064159 ) ) ;
#1360 = ORIENTED_EDGE ( 'NONE', *, *, #165, .F. ) ;
#1361 = CARTESIAN_POINT ( 'NONE',  ( -7.525438874588989080, 5.209055633426222798, -3.620561036886658979 ) ) ;
#1362 = EDGE_CURVE ( 'NONE', #1315, #1696, #748, .T. ) ;
#1363 = EDGE_CURVE ( 'NONE', #764, #1142, #890, .T. ) ;
#1364 = CARTESIAN_POINT ( 'NONE',  ( -8.518436954990555421, -0.4225163268704739683, -7.159169220436777614 ) ) ;
#1365 = ADVANCED_FACE ( 'NONE', ( #1760 ), #1034, .F. ) ;
#1366 = VERTEX_POINT ( 'NONE', #1632 ) ;
#1367 = CARTESIAN_POINT ( 'NONE',  ( 5.399975597952026085, 2.999999999999999112, 6.759243332505798563 ) ) ;
#1368 = CARTESIAN_POINT ( 'NONE',  ( 6.579140911588224228, 6.000000000000020428, -4.995858990288518875 ) ) ;
#1369 = CARTESIAN_POINT ( 'NONE',  ( 8.937235248433683665, 3.509552663503129999, 7.342079723950835302 ) ) ;
#1370 = CARTESIAN_POINT ( 'NONE',  ( 5.709843575691553319, 6.000000000000000000, -5.187606676791606475 ) ) ;
#1371 = EDGE_LOOP ( 'NONE', ( #1091, #1798, #895 ) ) ;
#1372 = CARTESIAN_POINT ( 'NONE',  ( 6.690936664093348085, 6.000000000000055067, 8.768163313962775263 ) ) ;
#1373 = EDGE_CURVE ( 'NONE', #788, #231, #1470, .T. ) ;
#1374 = CARTESIAN_POINT ( 'NONE',  ( 5.709843575691555984, 5.173648177666924752, -6.172414429803815494 ) ) ;
#1375 = B_SPLINE_CURVE_WITH_KNOTS ( 'NONE', 3,
 ( #1374, #122, #519, #508 ),
 .UNSPECIFIED., .F., .F.,
 ( 4, 4 ),
 ( -0.002754461855758985091, 0.002952743211123187370 ),
 .UNSPECIFIED. ) ;
#1376 = VERTEX_POINT ( 'NONE', #195 ) ;
#1377 = CARTESIAN_POINT ( 'NONE',  ( 9.556064073226542277, 0.000000000000000000, -7.084668192219678140 ) ) ;
#1378 = VECTOR ( 'NONE', #888, 1000.000000000000000 ) ;
#1379 = CARTESIAN_POINT ( 'NONE',  ( 7.356865807125281265, 6.000000000000166089, -5.384206710298348852 ) ) ;
#1380 = CARTESIAN_POINT ( 'NONE',  ( 8.988080089411839779, -0.9676444878651661030, 11.08595363872477257 ) ) ;
#1381 = AXIS2_PLACEMENT_3D ( 'NONE', #666, #1397, #1806 ) ;
#1382 = CARTESIAN_POINT ( 'NONE',  ( 0.000000000000000000, 3.000000000000000000, 6.759243332505799451 ) ) ;
#1383 = ORIENTED_EDGE ( 'NONE', *, *, #678, .F. ) ;
#1384 = CARTESIAN_POINT ( 'NONE',  ( -4.979211644536680303, 5.208143824390381482, -6.147872294758197853 ) ) ;
#1385 = AXIS2_PLACEMENT_3D ( 'NONE', #1518, #1237, #1216 ) ;
#1386 = DIRECTION ( 'NONE',  ( -0.3236155771181856156, -0.8891264907159878161, -0.3236155771181856156 ) ) ;
#1387 = DIRECTION ( 'NONE',  ( -0.000000000000000000, 0.000000000000000000, -1.000000000000000000 ) ) ;
#1388 = FACE_OUTER_BOUND ( 'NONE', #1665, .T. ) ;
#1389 = ADVANCED_FACE ( 'NONE', ( #759 ), #1326, .F. ) ;
#1390 = B_SPLINE_CURVE_WITH_KNOTS ( 'NONE', 3,
 ( #1728, #147, #861, #710, #1719, #5, #1573, #853 ),
 .UNSPECIFIED., .F., .F.,
 ( 4, 2, 2, 4 ),
 ( 1.733336949948512268E-33, 0.0002901036219424154802, 0.0005802072438848309604, 0.001160414487769661921 ),
 .UNSPECIFIED. ) ;
#1391 = DIRECTION ( 'NONE',  ( -1.000000000000000000, 0.000000000000000000, -1.239088197126291310E-16 ) ) ;
#1392 = DIRECTION ( 'NONE',  ( -0.3236155771181852825, -0.8891264907159879272, -0.3236155771181852825 ) ) ;
#1393 = CARTESIAN_POINT ( 'NONE',  ( 8.477116626963876911, 6.119015036312406508, 6.881961102481028547 ) ) ;
#1394 = DIRECTION ( 'NONE',  ( -9.637352644315595243E-17, -4.681472543410456880E-35, -1.000000000000000000 ) ) ;
#1395 = CARTESIAN_POINT ( 'NONE',  ( -7.444202406520415316, 5.240895202451307355, -4.004685689967441675 ) ) ;
#1396 = CARTESIAN_POINT ( 'NONE',  ( 7.556064073226547606, 0.000000000000000000, -4.144975571433766603 ) ) ;
#1397 = DIRECTION ( 'NONE',  ( 0.000000000000000000, -1.000000000000000000, 0.000000000000000000 ) ) ;
#1398 = CARTESIAN_POINT ( 'NONE',  ( -7.150059160405034753, 7.337939781930958638, 6.667031782375277160 ) ) ;
#1399 = ADVANCED_FACE ( 'NONE', ( #614 ), #498, .T. ) ;
#1400 = ORIENTED_EDGE ( 'NONE', *, *, #185, .F. ) ;
#1401 = CARTESIAN_POINT ( 'NONE',  ( -0.000000000000000000, 4.000000000000000000, 3.940331807780320883 ) ) ;
#1402 = CYLINDRICAL_SURFACE ( 'NONE', #311, 3.000000000000000888 ) ;
#1403 = CARTESIAN_POINT ( 'NONE',  ( 7.185437663377593154, 5.999999999999989342, 8.365752399237591064 ) ) ;
#1404 = EDGE_CURVE ( 'NONE', #749, #673, #346, .T. ) ;
#1405 = LINE ( 'NONE', #1832, #1475 ) ;
#1406 = CARTESIAN_POINT ( 'NONE',  ( -7.171044722416912265, 7.218924745618553018, -5.811776987863132682 ) ) ;
#1407 = ORIENTED_EDGE ( 'NONE', *, *, #1028, .F. ) ;
#1408 = FACE_OUTER_BOUND ( 'NONE', #1044, .T. ) ;
#1409 = ORIENTED_EDGE ( 'NONE', *, *, #356, .F. ) ;
#1410 = CARTESIAN_POINT ( 'NONE',  ( -7.702571594551439915, 0.000000000000000000, -7.084668192219678140 ) ) ;
#1411 = VECTOR ( 'NONE', #1441, 1000.000000000000000 ) ;
#1412 = CARTESIAN_POINT ( 'NONE',  ( 0.5560640732265457187, 0.000000000000000000, 1.915331807780320972 ) ) ;
#1413 = ADVANCED_FACE ( 'NONE', ( #1491 ), #211, .F. ) ;
#1414 = CARTESIAN_POINT ( 'NONE',  ( -1.468935926773454081, 4.000000000000000000, 1.240331807780321371 ) ) ;
#1415 = PRODUCT_CONTEXT ( 'NONE', #437, 'mechanical' ) ;
#1416 = AXIS2_PLACEMENT_3D ( 'NONE', #948, #1530, #831 ) ;
#1417 = VECTOR ( 'NONE', #1394, 1000.000000000000000 ) ;
#1418 = DIRECTION ( 'NONE',  ( 0.000000000000000000, -0.000000000000000000, 1.000000000000000000 ) ) ;
#1419 = EDGE_LOOP ( 'NONE', ( #1595, #1421, #338, #767 ) ) ;
#1420 = DIRECTION ( 'NONE',  ( -1.000000000000000000, 0.000000000000000000, -0.000000000000000000 ) ) ;
#1421 = ORIENTED_EDGE ( 'NONE', *, *, #1588, .F. ) ;
#1422 = SURFACE_STYLE_FILL_AREA ( #587 ) ;
#1423 = CARTESIAN_POINT ( 'NONE',  ( 6.616371452440637846, 0.000000000000000000, 8.915331807780320972 ) ) ;
#1424 = CARTESIAN_POINT ( 'NONE',  ( -4.597715429238468765, 5.173648177666926529, -6.172414429803814606 ) ) ;
#1425 = ORIENTED_EDGE ( 'NONE', *, *, #207, .F. ) ;
#1426 = EDGE_CURVE ( 'NONE', #1366, #326, #71, .T. ) ;
#1427 = CARTESIAN_POINT ( 'NONE',  ( 6.648831751035473303, 5.251515422719996273, 9.842304570449176282 ) ) ;
#1428 = CARTESIAN_POINT ( 'NONE',  ( -7.370839240858726882, 5.999999999999555911, 7.248908999116935981 ) ) ;
#1429 = VERTEX_POINT ( 'NONE', #740 ) ;
#1430 = PRESENTATION_STYLE_ASSIGNMENT (( #13 ) ) ;
#1431 = CARTESIAN_POINT ( 'NONE',  ( 6.690936663119061656, 6.000000000000053291, 8.768163312147596145 ) ) ;
#1432 = CARTESIAN_POINT ( 'NONE',  ( -7.898699993955756504, 7.650401579600838138E-14, -7.084668192219663929 ) ) ;
#1433 = CARTESIAN_POINT ( 'NONE',  ( -5.227540072284841521, 3.342020143325669324, 6.759243332505797675 ) ) ;
#1434 = ORIENTED_EDGE ( 'NONE', *, *, #189, .F. ) ;
#1435 = B_SPLINE_CURVE_WITH_KNOTS ( 'NONE', 3,
 ( #1841, #421, #581, #275, #862, #984, #1432, #711 ),
 .UNSPECIFIED., .F., .F.,
 ( 4, 2, 2, 4 ),
 ( 1.405982408133619421E-16, 0.0002901036219427483302, 0.0005802072438853560395, 0.001160414487770569615 ),
 .UNSPECIFIED. ) ;
#1436 = DIRECTION ( 'NONE',  ( 0.000000000000000000, 0.3420201433256692680, -0.9396926207859082059 ) ) ;
#1437 = CARTESIAN_POINT ( 'NONE',  ( -7.133988561413252327, 5.281415090164994552, 8.523528682213937557 ) ) ;
#1438 = ORIENTED_EDGE ( 'NONE', *, *, #728, .F. ) ;
#1439 = CARTESIAN_POINT ( 'NONE',  ( 0.000000000000000000, 4.000000000000000000, 0.000000000000000000 ) ) ;
#1440 = CARTESIAN_POINT ( 'NONE',  ( 5.248604096223668414, 3.415889782947594711, 6.607871830777441780 ) ) ;
#1441 = DIRECTION ( 'NONE',  ( 1.239088197126291063E-16, -6.162975822039153361E-33, -1.000000000000000000 ) ) ;
#1442 = VECTOR ( 'NONE', #1671, 1000.000000000000000 ) ;
#1443 = CARTESIAN_POINT ( 'NONE',  ( 8.912746149873491674, -2.778268066994114973E-16, -7.084668192219678140 ) ) ;
#1444 = EDGE_LOOP ( 'NONE', ( #1221, #801 ) ) ;
#1445 = AXIS2_PLACEMENT_3D ( 'NONE', #343, #745, #770 ) ;
#1446 = VECTOR ( 'NONE', #580, 1000.000000000000000 ) ;
#1447 = CARTESIAN_POINT ( 'NONE',  ( 9.556064073226542277, 0.000000000000000000, -6.343303859998225214 ) ) ;
#1448 = CARTESIAN_POINT ( 'NONE',  ( -6.950210496743273403, 6.000000000000000888, 8.419430142948137075 ) ) ;
#1449 = ORIENTED_EDGE ( 'NONE', *, *, #1745, .F. ) ;
#1450 = EDGE_CURVE ( 'NONE', #1190, #567, #1737, .T. ) ;
#1451 = EDGE_CURVE ( 'NONE', #1808, #1571, #1107, .T. ) ;
#1452 = CARTESIAN_POINT ( 'NONE',  ( 8.482967387311422414, 6.000000000000167866, -3.418245383556147043 ) ) ;
#1453 = DIRECTION ( 'NONE',  ( -1.000000000000000000, 0.000000000000000000, 1.927470528863119788E-16 ) ) ;
#1454 = EDGE_CURVE ( 'NONE', #788, #1764, #119, .T. ) ;
#1455 = DIRECTION ( 'NONE',  ( 0.000000000000000000, 0.1736481776669307198, 0.9848077530122080203 ) ) ;
#1456 = VERTEX_POINT ( 'NONE', #672 ) ;
#1457 = CARTESIAN_POINT ( 'NONE',  ( 5.900900246793752579, 5.191351905533929667, 9.999956400482387764 ) ) ;
#1458 = CARTESIAN_POINT ( 'NONE',  ( 5.709843575692208795, 5.173648177666991366, 10.00307804536444856 ) ) ;
#1459 = VERTEX_POINT ( 'NONE', #1651 ) ;
#1460 = ORIENTED_EDGE ( 'NONE', *, *, #51, .T. ) ;
#1461 = CARTESIAN_POINT ( 'NONE',  ( 8.452358149982947211, 6.000000000000501821, -3.595017462655949458 ) ) ;
#1462 = CARTESIAN_POINT ( 'NONE',  ( 8.283172868869996819, 7.218924745618553018, -5.811776987863132682 ) ) ;
#1463 = CARTESIAN_POINT ( 'NONE',  ( 5.399975597952026085, 3.342020143325668879, 7.698935953291706547 ) ) ;
#1464 = ORIENTED_EDGE ( 'NONE', *, *, #72, .T. ) ;
#1465 = CARTESIAN_POINT ( 'NONE',  ( -6.073309516924616958, 5.999999999999985789, -4.535088783676836321 ) ) ;
#1466 = CARTESIAN_POINT ( 'NONE',  ( -6.524459380570225342, 5.295935470918144539, 9.265513604616979038 ) ) ;
#1467 = ORIENTED_EDGE ( 'NONE', *, *, #1018, .T. ) ;
#1468 = CARTESIAN_POINT ( 'NONE',  ( 0.000000000000000000, 4.000000000000000000, 6.759243332505799451 ) ) ;
#1469 = CARTESIAN_POINT ( 'NONE',  ( 8.262187306858121971, 7.337939781930959526, -2.836368166814632996 ) ) ;
#1470 = LINE ( 'NONE', #1768, #106 ) ;
#1471 = ORIENTED_EDGE ( 'NONE', *, *, #1346, .F. ) ;
#1472 = VECTOR ( 'NONE', #613, 1000.000000000000000 ) ;
#1473 = CARTESIAN_POINT ( 'NONE',  ( -5.504243305987548851, 0.000000000000000000, 8.915331807780320972 ) ) ;
#1474 = CARTESIAN_POINT ( 'NONE',  ( -6.376515045621334643, 5.293068720371571168, 9.387549931900752043 ) ) ;
#1475 = VECTOR ( 'NONE', #1100, 1000.000000000000000 ) ;
#1476 = CIRCLE ( 'NONE', #282, 1.000000000000000000 ) ;
#1477 = VERTEX_POINT ( 'NONE', #1803 ) ;
#1478 = FACE_OUTER_BOUND ( 'NONE', #416, .T. ) ;
#1479 = DIRECTION ( 'NONE',  ( -0.000000000000000000, 1.000000000000000000, -0.000000000000000000 ) ) ;
#1480 = CARTESIAN_POINT ( 'NONE',  ( 8.850756150392678379, 4.000000000000000888, -6.379360269385816906 ) ) ;
#1481 = DIRECTION ( 'NONE',  ( 0.000000000000000000, 0.000000000000000000, 1.000000000000000000 ) ) ;
#1482 = ORIENTED_EDGE ( 'NONE', *, *, #594, .F. ) ;
#1483 = B_SPLINE_CURVE_WITH_KNOTS ( 'NONE', 3,
 ( #945, #514, #1830, #653 ),
 .UNSPECIFIED., .F., .F.,
 ( 4, 4 ),
 ( -0.002754461855758985958, 0.002952743211123186502 ),
 .UNSPECIFIED. ) ;
#1484 = EDGE_CURVE ( 'NONE', #1026, #923, #681, .T. ) ;
#1485 = CARTESIAN_POINT ( 'NONE',  ( -4.597715429238468765, 6.000000000000000888, -6.026706307968886733 ) ) ;
#1486 = EDGE_CURVE ( 'NONE', #1288, #583, #1526, .T. ) ;
#1487 = EDGE_LOOP ( 'NONE', ( #473, #506, #753, #721 ) ) ;
#1488 = CARTESIAN_POINT ( 'NONE',  ( -6.059367920634619153, 5.281747765149734875, 9.601203142977977834 ) ) ;
#1489 = CARTESIAN_POINT ( 'NONE',  ( -8.443935926773455947, 0.000000000000000000, -7.084668192219678140 ) ) ;
#1490 = CARTESIAN_POINT ( 'NONE',  ( -4.287847451498931761, 4.000000000000000000, -2.928579716945156619 ) ) ;
#1491 = FACE_OUTER_BOUND ( 'NONE', #205, .T. ) ;
#1492 = ORIENTED_EDGE ( 'NONE', *, *, #1255, .T. ) ;
#1493 = CARTESIAN_POINT ( 'NONE',  ( 7.556064073226550271, 0.000000000000000000, -4.707983876859890060 ) ) ;
#1494 = ORIENTED_EDGE ( 'NONE', *, *, #1147, .T. ) ;
#1495 = PLANE ( 'NONE',  #1836 ) ;
#1496 = CARTESIAN_POINT ( 'NONE',  ( 7.408895579409112919, 6.000000000000053291, -4.219540783086421776 ) ) ;
#1497 = DIRECTION ( 'NONE',  ( 1.000000000000000000, 0.000000000000000000, 0.000000000000000000 ) ) ;
#1498 = CARTESIAN_POINT ( 'NONE',  ( -5.602654534320084423, -0.6124027709901032068, 8.074050415326947672 ) ) ;
#1499 = VERTEX_POINT ( 'NONE', #954 ) ;
#1500 = CARTESIAN_POINT ( 'NONE',  ( -4.787912652675751168, 5.191272030737870580, -6.169306869003365890 ) ) ;
#1501 = PRESENTATION_LAYER_ASSIGNMENT (  '', '', ( #1011 ) ) ;
#1502 = EDGE_LOOP ( 'NONE', ( #286, #704, #649, #520 ) ) ;
#1503 = AXIS2_PLACEMENT_3D ( 'NONE', #1367, #1781, #797 ) ;
#1504 = VECTOR ( 'NONE', #1784, 1000.000000000000000 ) ;
#1505 = DIRECTION ( 'NONE',  ( 1.000000000000000000, 0.000000000000000000, 0.000000000000000000 ) ) ;
#1506 = EDGE_CURVE ( 'NONE', #1764, #228, #361, .T. ) ;
#1507 = CARTESIAN_POINT ( 'NONE',  ( -7.531682164357591525, 5.173648177666926529, 7.069111310245331126 ) ) ;
#1508 = EDGE_CURVE ( 'NONE', #1515, #1315, #1536, .T. ) ;
#1509 = PLANE ( 'NONE',  #1750 ) ;
#1510 = EDGE_CURVE ( 'NONE', #550, #158, #1483, .T. ) ;
#1511 = CARTESIAN_POINT ( 'NONE',  ( 5.967898499689415104, 6.000000000000000000, -5.187606676791606475 ) ) ;
#1512 = ORIENTED_EDGE ( 'NONE', *, *, #732, .T. ) ;
#1513 = CARTESIAN_POINT ( 'NONE',  ( -7.129807261971118137, 5.281747765149730434, -4.700100186080840459 ) ) ;
#1514 = CARTESIAN_POINT ( 'NONE',  ( -7.374295925107619887, 1.877388165875782944, -6.753634005312997068 ) ) ;
#1515 = VERTEX_POINT ( 'NONE', #1661 ) ;
#1516 = DIRECTION ( 'NONE',  ( -0.000000000000000000, 1.000000000000000000, -0.000000000000000000 ) ) ;
#1517 = DIRECTION ( 'NONE',  ( 1.000000000000000000, 0.000000000000000000, 0.000000000000000000 ) ) ;
#1518 = CARTESIAN_POINT ( 'NONE',  ( 0.000000000000000000, 4.000000000000000000, 0.000000000000000000 ) ) ;
#1519 = VERTEX_POINT ( 'NONE', #1359 ) ;
#1520 = CARTESIAN_POINT ( 'NONE',  ( 9.556064073226545830, 0.000000000000000000, 10.17396747555887160 ) ) ;
#1521 = CARTESIAN_POINT ( 'NONE',  ( -4.195635901368412135, 7.337939781930958638, -5.790791425851257834 ) ) ;
#1522 = ORIENTED_EDGE ( 'NONE', *, *, #836, .F. ) ;
#1523 = CARTESIAN_POINT ( 'NONE',  ( -0.000000000000000000, 4.000000000000000000, 2.590331807780321238 ) ) ;
#1524 = CARTESIAN_POINT ( 'NONE',  ( 8.361192686894574067, 5.999999999999504396, -3.940303320052479297 ) ) ;
#1525 = PLANE ( 'NONE',  #1622 ) ;
#1526 = LINE ( 'NONE', #89, #990 ) ;
#1527 = ORIENTED_EDGE ( 'NONE', *, *, #1222, .F. ) ;
#1528 = CARTESIAN_POINT ( 'NONE',  ( 6.605694014285170968E-18, 0.000000000000000000, -0.1096681922196782594 ) ) ;
#1529 = DIRECTION ( 'NONE',  ( -1.000000000000000000, 0.000000000000000000, 0.000000000000000000 ) ) ;
#1530 = DIRECTION ( 'NONE',  ( 1.000000000000000000, -0.000000000000000000, 9.230270822633356790E-16 ) ) ;
#1531 = CARTESIAN_POINT ( 'NONE',  ( 7.556064073226545830, 0.000000000000000000, 7.975639186994412988 ) ) ;
#1532 = CARTESIAN_POINT ( 'NONE',  ( -6.487334769896028419, 5.999999999999999112, 7.575716425758487027 ) ) ;
#1533 = CIRCLE ( 'NONE', #1347, 0.9999999999999998890 ) ;
#1534 = CARTESIAN_POINT ( 'NONE',  ( 7.467694531305241412, 5.999999999999973355, -4.106902570139400410 ) ) ;
#1535 = CARTESIAN_POINT ( 'NONE',  ( 8.814699741005094680, 0.000000000000000000, 10.91533180778032097 ) ) ;
#1536 = CIRCLE ( 'NONE', #251, 0.9999999999999996669 ) ;
#1537 = DIRECTION ( 'NONE',  ( 0.000000000000000000, 0.000000000000000000, -1.000000000000000000 ) ) ;
#1538 = CARTESIAN_POINT ( 'NONE',  ( -7.531682164357595077, 5.173648177666925640, -3.238447694684690514 ) ) ;
#1539 = CARTESIAN_POINT ( 'NONE',  ( 0.000000000000000000, 5.000000000000000000, -5.187606676791606475 ) ) ;
#1540 = CARTESIAN_POINT ( 'NONE',  ( 7.556064073226545830, 0.000000000000000000, 8.915331807780320972 ) ) ;
#1541 = CARTESIAN_POINT ( 'NONE',  ( -5.466170304194131191, 5.999999999999973355, -4.996298649368357658 ) ) ;
#1542 = PLANE ( 'NONE',  #1137 ) ;
#1543 = ADVANCED_FACE ( 'NONE', ( #391 ), #1098, .T. ) ;
#1544 = ORIENTED_EDGE ( 'NONE', *, *, #547, .F. ) ;
#1545 = DIRECTION ( 'NONE',  ( 1.000000000000000000, 0.000000000000000000, 6.023345402697246719E-17 ) ) ;
#1546 = CARTESIAN_POINT ( 'NONE',  ( 6.091956917896671264, 5.209055633393279372, -6.166171140041020848 ) ) ;
#1547 = CARTESIAN_POINT ( 'NONE',  ( 7.351714549925742581, 5.999999999999888978, 9.218825833838559802 ) ) ;
#1548 = CARTESIAN_POINT ( 'NONE',  ( 8.814699741005094680, 0.000000000000000000, 10.91533180778032097 ) ) ;
#1549 = ORIENTED_EDGE ( 'NONE', *, *, #1157, .F. ) ;
#1550 = CARTESIAN_POINT ( 'NONE',  ( -7.171044722416910489, 7.218924745618553018, 9.642440603423775514 ) ) ;
#1551 = APPLICATION_CONTEXT ( 'automotive_design' ) ;
#1552 = VERTEX_POINT ( 'NONE', #542 ) ;
#1553 = CARTESIAN_POINT ( 'NONE',  ( 0.000000000000000000, 3.000000000000000000, -2.928579716945156619 ) ) ;
#1554 = DIRECTION ( 'NONE',  ( 0.000000000000000000, 0.3420201433256691570, 0.9396926207859083169 ) ) ;
#1555 = CARTESIAN_POINT ( 'NONE',  ( -4.597715429238468765, 5.173648177666926529, -6.172414429803814606 ) ) ;
#1556 = CARTESIAN_POINT ( 'NONE',  ( -6.498028589583149106, 6.000000000000016875, -3.753416352073828843 ) ) ;
#1557 = ORIENTED_EDGE ( 'NONE', *, *, #566, .T. ) ;
#1558 = CARTESIAN_POINT ( 'NONE',  ( -4.410565221474163522, 6.119015036312407396, 9.836384361517652053 ) ) ;
#1559 = FACE_OUTER_BOUND ( 'NONE', #401, .T. ) ;
#1560 = EDGE_CURVE ( 'NONE', #1642, #1837, #403, .T. ) ;
#1561 = AXIS2_PLACEMENT_3D ( 'NONE', #1553, #992, #1126 ) ;
#1562 = CARTESIAN_POINT ( 'NONE',  ( 8.243850142776183887, 5.281580162764595521, -4.696645849196687372 ) ) ;
#1563 = DIRECTION ( 'NONE',  ( -0.3236155771181865037, -0.8891264907159874831, 0.3236155771181854490 ) ) ;
#1564 = AXIS2_PLACEMENT_3D ( 'NONE', #1, #867, #388 ) ;
#1565 = ADVANCED_FACE ( 'NONE', ( #800 ), #1669, .F. ) ;
#1566 = CARTESIAN_POINT ( 'NONE',  ( -6.443935926773456835, 0.000000000000000000, 8.538647492420533780 ) ) ;
#1567 = ORIENTED_EDGE ( 'NONE', *, *, #1619, .T. ) ;
#1568 = LINE ( 'NONE', #707, #1809 ) ;
#1569 = CARTESIAN_POINT ( 'NONE',  ( -7.385974042522660987, 6.000000000000000888, 7.069111310245332902 ) ) ;
#1570 =( BOUNDED_SURFACE ( )  B_SPLINE_SURFACE ( 3, 2, ( 
 ( #1458, #174, #1291 ),
 ( #1169, #1025, #736 ),
 ( #1300, #596, #1744 ),
 ( #1159, #743, #316 ),
 ( #455, #1013, #878 ),
 ( #1607, #325, #229 ),
 ( #1679, #1218, #1372 ),
 ( #1831, #1547, #1824 ),
 ( #526, #823, #1082 ),
 ( #1663, #674, #1403 ),
 ( #1816, #375, #392 ),
 ( #99, #1238, #112 ),
 ( #690, #543, #939 ),
 ( #1653, #245, #129 ),
 ( #965, #1108, #91 ),
 ( #655, #1258, #1805 ) ),
 .UNSPECIFIED., .F., .F., .T. ) 
 B_SPLINE_SURFACE_WITH_KNOTS ( ( 4, 2, 2, 2, 2, 2, 2, 4 ),
 ( 3, 3 ),
 ( -4.386681989876350940E-16, 0.0003822704006464427095, 0.0007645408012933240871, 0.001146811201940205411, 0.001529081602587086842, 0.001911352003233968274, 0.002293622403880849706, 0.003058163205174612570 ),
 ( 0.000000000000000000, 1.000000000000000000 ),
 .UNSPECIFIED. ) 
 GEOMETRIC_REPRESENTATION_ITEM ( )  RATIONAL_B_SPLINE_SURFACE ( (
 ( 1.000000000000000000, 0.7660444431189979975, 1.000000000000000000),
 ( 1.000000000000000000, 0.7717974870889812156, 1.000000000000000000),
 ( 1.000000000000000000, 0.7771382677754721247, 1.000000000000000000),
 ( 1.000000000000000000, 0.7866933155288493573, 1.000000000000000000),
 ( 1.000000000000000000, 0.7909444607417658313, 1.000000000000000000),
 ( 1.000000000000000000, 0.7978078801999873848, 1.000000000000000000),
 ( 1.000000000000000000, 0.8004440985327727631, 1.000000000000000000),
 ( 1.000000000000000000, 0.8040270847889339212, 1.000000000000000000),
 ( 1.000000000000000000, 0.8049560426511254141, 1.000000000000000000),
 ( 1.000000000000000000, 0.8049644313257481310, 1.000000000000000000),
 ( 1.000000000000000000, 0.8040755934312963094, 1.000000000000000000),
 ( 1.000000000000000000, 0.8004983064083573963, 1.000000000000000000),
 ( 1.000000000000000000, 0.7978276240543689113, 1.000000000000000000),
 ( 1.000000000000000000, 0.7875872931868574955, 1.000000000000000000),
 ( 1.000000000000000000, 0.7775408985777666482, 1.000000000000000000),
 ( 1.000000000000000000, 0.7660444431189784575, 1.000000000000000000) ) ) 
 REPRESENTATION_ITEM ( '' )  SURFACE ( )  );
#1571 = VERTEX_POINT ( 'NONE', #1090 ) ;
#1572 =( LENGTH_UNIT ( ) NAMED_UNIT ( * ) SI_UNIT ( .MILLI., .METRE. ) );
#1573 = CARTESIAN_POINT ( 'NONE',  ( 9.010828140408609244, -2.439454888092388921E-16, 10.91533180778031742 ) ) ;
#1574 = DIRECTION ( 'NONE',  ( -1.927470528863119049E-16, 0.000000000000000000, -1.000000000000000000 ) ) ;
#1575 = CARTESIAN_POINT ( 'NONE',  ( 9.556064073226542277, 0.000000000000000000, -6.343303859998225214 ) ) ;
#1576 = ORIENTED_EDGE ( 'NONE', *, *, #599, .T. ) ;
#1577 = DIRECTION ( 'NONE',  ( 0.3236155771181848939, -0.8891264907159882602, -0.3236155771181851715 ) ) ;
#1578 = CARTESIAN_POINT ( 'NONE',  ( -7.224398510665105633, 5.272971273488674449, 8.355621360499460692 ) ) ;
#1579 = ORIENTED_EDGE ( 'NONE', *, *, #1244, .T. ) ;
#1580 = CYLINDRICAL_SURFACE ( 'NONE', #1561, 1.000000000000000000 ) ;
#1581 = DIRECTION ( 'NONE',  ( -1.239088197126291310E-16, 0.000000000000000000, 1.000000000000000000 ) ) ;
#1582 = FACE_OUTER_BOUND ( 'NONE', #775, .T. ) ;
#1583 = CARTESIAN_POINT ( 'NONE',  ( -6.443935926773455947, 0.000000000000000000, 7.975639186994412988 ) ) ;
#1584 = ORIENTED_EDGE ( 'NONE', *, *, #398, .F. ) ;
#1585 = DIRECTION ( 'NONE',  ( -1.606225440719266120E-16, 0.000000000000000000, 1.000000000000000000 ) ) ;
#1586 = ADVANCED_FACE ( 'NONE', ( #243 ), #809, .F. ) ;
#1587 = CARTESIAN_POINT ( 'NONE',  ( -6.451013989274666294, 5.999999999999974243, 7.700403376317257909 ) ) ;
#1588 = EDGE_CURVE ( 'NONE', #910, #601, #627, .T. ) ;
#1589 = ADVANCED_FACE ( 'NONE', ( #701 ), #1840, .F. ) ;
#1590 = ORIENTED_EDGE ( 'NONE', *, *, #784, .T. ) ;
#1591 = CARTESIAN_POINT ( 'NONE',  ( 0.5560640732265457187, 0.000000000000000000, 4.915331807780321860 ) ) ;
#1592 = CARTESIAN_POINT ( 'NONE',  ( 1.231064073226546318, 0.000000000000000000, 2.590331807780321238 ) ) ;
#1593 = CIRCLE ( 'NONE', #1256, 1.000000000000000000 ) ;
#1594 = CARTESIAN_POINT ( 'NONE',  ( 7.659002557798473276, 5.000000000000000000, 7.069111310245332014 ) ) ;
#1595 = ORIENTED_EDGE ( 'NONE', *, *, #1165, .T. ) ;
#1596 = CIRCLE ( 'NONE', #1015, 1.000000000000000000 ) ;
#1597 = PLANE ( 'NONE',  #1657 ) ;
#1598 = VECTOR ( 'NONE', #522, 1000.000000000000114 ) ;
#1599 = CARTESIAN_POINT ( 'NONE',  ( -6.443935926773455947, 0.000000000000000000, 8.915331807780320972 ) ) ;
#1600 = CARTESIAN_POINT ( 'NONE',  ( -6.443935926773455947, 0.000000000000000000, 8.915331807780320972 ) ) ;
#1601 = ORIENTED_EDGE ( 'NONE', *, *, #1451, .T. ) ;
#1602 = CARTESIAN_POINT ( 'NONE',  ( 8.643810310810678743, 5.173648177666930970, -3.238447694684689626 ) ) ;
#1603 = CARTESIAN_POINT ( 'NONE',  ( 1.231064073226546318, 0.000000000000000000, -0.1096681922196782039 ) ) ;
#1604 = DIRECTION ( 'NONE',  ( -1.000000000000000000, -0.000000000000000000, -0.000000000000000000 ) ) ;
#1605 = EDGE_LOOP ( 'NONE', ( #1467, #1104, #1118, #1637 ) ) ;
#1606 = CARTESIAN_POINT ( 'NONE',  ( -5.470501681690945084, 6.000000000000028422, -5.828509352275026423 ) ) ;
#1607 = CARTESIAN_POINT ( 'NONE',  ( 6.996353625945848087, 5.272971273488553656, 9.695794391671940460 ) ) ;
#1608 = VERTEX_POINT ( 'NONE', #552 ) ;
#1609 = CARTESIAN_POINT ( 'NONE',  ( 0.000000000000000000, 6.000000000000000000, 0.000000000000000000 ) ) ;
#1610 = CARTESIAN_POINT ( 'NONE',  ( 0.000000000000000000, 4.000000000000000000, -2.928579716945156619 ) ) ;
#1611 = CARTESIAN_POINT ( 'NONE',  ( -7.531682164357595077, 5.173648177666925640, -3.238447694684690514 ) ) ;
#1612 = ORIENTED_EDGE ( 'NONE', *, *, #1340, .F. ) ;
#1613 = CARTESIAN_POINT ( 'NONE',  ( -5.531562684342110181, 5.251162727359247384, -6.013445964060012194 ) ) ;
#1614 = CARTESIAN_POINT ( 'NONE',  ( -4.597715429238466101, 6.000000000000001776, 9.018270292352248418 ) ) ;
#1615 = EDGE_LOOP ( 'NONE', ( #1579, #3, #1652, #377 ) ) ;
#1616 =( BOUNDED_SURFACE ( )  B_SPLINE_SURFACE ( 2, 3, ( 
 ( #685, #803, #1664, #1073, #815, #1210, #376, #406, #395, #1654 ),
 ( #246, #1406, #366, #1692, #1250, #795, #100, #1364, #267, #92 ),
 ( #1521, #932, #1232, #1833, #940, #1514, #1817, #545, #656, #967 ) ),
 .UNSPECIFIED., .F., .F., .T. ) 
 B_SPLINE_SURFACE_WITH_KNOTS ( ( 3, 3 ),
 ( 4, 3, 3, 4 ),
 ( 0.000000000000000000, 1.000000000000000000 ),
 ( -0.008068110652487711296, -0.006183734041584823017, -0.000000000000000000, 0.001306364296797165800 ),
 .UNSPECIFIED. ) 
 GEOMETRIC_REPRESENTATION_ITEM ( )  RATIONAL_B_SPLINE_SURFACE ( (
 ( 1.000000000000000000, 1.000000000000000000, 1.000000000000000000, 1.000000000000000000, 1.000000000000000000, 1.000000000000000000, 1.000000000000000000, 1.000000000000000000, 1.000000000000000000, 1.000000000000000000),
 ( 0.7176885430348759476, 0.7176885430348759476, 0.7176885430348759476, 0.7176885430348759476, 0.7176885430348759476, 0.7176885430348759476, 0.7176885430348759476, 0.7176885430348760586, 0.7176885430348760586, 0.7176885430348760586),
 ( 1.000000000000000000, 1.000000000000000000, 1.000000000000000000, 1.000000000000000000, 1.000000000000000000, 1.000000000000000000, 1.000000000000000000, 1.000000000000000000, 1.000000000000000000, 1.000000000000000000) ) ) 
 REPRESENTATION_ITEM ( '' )  SURFACE ( )  );
#1617 = CARTESIAN_POINT ( 'NONE',  ( -0.1189359267734539788, 0.000000000000000000, 2.590331807780321238 ) ) ;
#1618 = CARTESIAN_POINT ( 'NONE',  ( 5.399975597952024309, 3.000000000000000000, 6.759243332505798563 ) ) ;
#1619 = EDGE_CURVE ( 'NONE', #66, #1571, #1476, .T. ) ;
#1620 = DIRECTION ( 'NONE',  ( -0.000000000000000000, 1.000000000000000000, -0.000000000000000000 ) ) ;
#1621 = EDGE_LOOP ( 'NONE', ( #85, #451, #1761, #1035, #1527, #1211, #1726, #978, #1757, #98, #1330, #24 ) ) ;
#1622 = AXIS2_PLACEMENT_3D ( 'NONE', #1822, #234, #799 ) ;
#1623 = B_SPLINE_CURVE_WITH_KNOTS ( 'NONE', 3,
 ( #1538, #1361, #1395, #363, #1513, #794, #516, #1099, #1230, #120, #682, #1092, #947, #1384, #440, #1424 ),
 .UNSPECIFIED., .F., .F.,
 ( 4, 2, 2, 2, 2, 2, 2, 4 ),
 ( -5.999999999205804167E-08, 0.001151343255069668496, 0.001727044882604498880, 0.002302746510139328830, 0.002878448137674158996, 0.003454149765208989597, 0.004029851392743820197, 0.004605553020278650364 ),
 .UNSPECIFIED. ) ;
#1624 = AXIS2_PLACEMENT_3D ( 'NONE', #6, #1153, #1146 ) ;
#1625 = CARTESIAN_POINT ( 'NONE',  ( -7.037519372983353172, 6.000000000000019540, -4.436139982467929066 ) ) ;
#1626 = CIRCLE ( 'NONE', #1776, 1.000000000000000000 ) ;
#1627 = B_SPLINE_CURVE_WITH_KNOTS ( 'NONE', 3,
 ( #1447, #950, #315, #609 ),
 .UNSPECIFIED., .F., .F.,
 ( 4, 4 ),
 ( -0.003482779923567435720, 0.002224425143314732404 ),
 .UNSPECIFIED. ) ;
#1628 = AXIS2_PLACEMENT_3D ( 'NONE', #41, #469, #1048 ) ;
#1629 = ORIENTED_EDGE ( 'NONE', *, *, #648, .F. ) ;
#1630 = DIRECTION ( 'NONE',  ( 0.000000000000000000, -0.000000000000000000, 1.000000000000000000 ) ) ;
#1631 = CARTESIAN_POINT ( 'NONE',  ( 9.225029886319859429, 1.877388165875783610, -6.015028190553840304 ) ) ;
#1632 = CARTESIAN_POINT ( 'NONE',  ( -4.287847451498932649, 4.000000000000000000, 6.759243332505799451 ) ) ;
#1633 = EDGE_LOOP ( 'NONE', ( #515, #1576, #1635, #1298, #1160, #83, #699, #1779 ) ) ;
#1634 = CARTESIAN_POINT ( 'NONE',  ( -5.791999614444852895, 6.000000000000053291, -4.797380759718261167 ) ) ;
#1635 = ORIENTED_EDGE ( 'NONE', *, *, #1003, .F. ) ;
#1636 = ADVANCED_FACE ( 'NONE', ( #964 ), #1402, .T. ) ;
#1637 = ORIENTED_EDGE ( 'NONE', *, *, #738, .T. ) ;
#1638 = DIRECTION ( 'NONE',  ( -0.000000000000000000, 1.000000000000000000, -0.000000000000000000 ) ) ;
#1639 = CARTESIAN_POINT ( 'NONE',  ( -0.1189359267734538539, 4.000000000000000000, -0.1096681922196782732 ) ) ;
#1640 = CARTESIAN_POINT ( 'NONE',  ( 6.605694014285170968E-18, 0.000000000000000000, -0.1096681922196782594 ) ) ;
#1641 = CARTESIAN_POINT ( 'NONE',  ( -6.443935926773454170, 0.000000000000000000, -5.084668192219678140 ) ) ;
#1642 = VERTEX_POINT ( 'NONE', #167 ) ;
#1643 = CARTESIAN_POINT ( 'NONE',  ( -7.223722446986112544, 5.273034532219690540, -4.526213597303555325 ) ) ;
#1644 = ADVANCED_FACE ( 'NONE', ( #439 ), #689, .T. ) ;
#1645 = EDGE_CURVE ( 'NONE', #1499, #1771, #1054, .T. ) ;
#1646 = LINE ( 'NONE', #715, #604 ) ;
#1647 = EDGE_CURVE ( 'NONE', #1713, #891, #1145, .T. ) ;
#1648 = DIRECTION ( 'NONE',  ( -1.529392764415416977E-16, 8.673617379884042375E-16, 1.000000000000000000 ) ) ;
#1649 = CARTESIAN_POINT ( 'NONE',  ( 8.484841845066922517, 5.251162727359239391, -4.172294949788226681 ) ) ;
#1650 = CARTESIAN_POINT ( 'NONE',  ( 9.726685904170995656, -0.9676444878651663251, 10.34734782396561670 ) ) ;
#1651 = CARTESIAN_POINT ( 'NONE',  ( 2.581064073226545741, 4.000000000000000000, 2.590331807780321238 ) ) ;
#1652 = ORIENTED_EDGE ( 'NONE', *, *, #1680, .F. ) ;
#1653 = CARTESIAN_POINT ( 'NONE',  ( 8.557883296357648106, 5.240494275987821027, 7.829978661038489385 ) ) ;
#1654 = CARTESIAN_POINT ( 'NONE',  ( -8.689058785935010576, -1.390160814735640127, -6.591185236622075116 ) ) ;
#1655 = VECTOR ( 'NONE', #141, 1000.000000000000000 ) ;
#1656 = ORIENTED_EDGE ( 'NONE', *, *, #1484, .F. ) ;
#1657 = AXIS2_PLACEMENT_3D ( 'NONE', #331, #750, #1316 ) ;
#1658 = LINE ( 'NONE', #1086, #724 ) ;
#1659 = DIRECTION ( 'NONE',  ( 0.3236155771181852825, 0.8891264907159879272, 0.3236155771181852825 ) ) ;
#1660 = DIRECTION ( 'NONE',  ( -1.239088197126291063E-16, -0.000000000000000000, 1.000000000000000000 ) ) ;
#1661 = CARTESIAN_POINT ( 'NONE',  ( 6.339668218737932293, 3.342020143325669324, 6.759243332505797675 ) ) ;
#1662 = ORIENTED_EDGE ( 'NONE', *, *, #1695, .T. ) ;
#1663 = CARTESIAN_POINT ( 'NONE',  ( 7.906245870063291825, 5.295935470918000654, 8.995855261577064610 ) ) ;
#1664 = CARTESIAN_POINT ( 'NONE',  ( -7.364988480510791469, 6.119015036312407396, -3.051297486920386604 ) ) ;
#1665 = EDGE_LOOP ( 'NONE', ( #362, #1674, #1242, #1186 ) ) ;
#1666 = CARTESIAN_POINT ( 'NONE',  ( -7.428795485430455869, 5.238109988611220125, 7.822999061906003249 ) ) ;
#1667 = CARTESIAN_POINT ( 'NONE',  ( -5.602654534320082647, -0.2703826276644337168, -5.183079420552213712 ) ) ;
#1668 = CARTESIAN_POINT ( 'NONE',  ( 8.839078032977637278, -0.1226118341242172644, 10.93695158229056830 ) ) ;
#1669 = CYLINDRICAL_SURFACE ( 'NONE', #1839, 1.000000000000000444 ) ;
#1670 = VERTEX_POINT ( 'NONE', #1739 ) ;
#1671 = DIRECTION ( 'NONE',  ( 0.000000000000000000, 0.000000000000000000, -1.000000000000000000 ) ) ;
#1672 = CARTESIAN_POINT ( 'NONE',  ( 9.556064073226542277, 0.000000000000000000, -7.084668192219678140 ) ) ;
#1673 = CARTESIAN_POINT ( 'NONE',  ( 5.709843575691555984, 5.173648177666923864, 10.00307804536445744 ) ) ;
#1674 = ORIENTED_EDGE ( 'NONE', *, *, #784, .F. ) ;
#1675 = CARTESIAN_POINT ( 'NONE',  ( -6.378234922896825587, 5.293102753753784917, 9.386136618581861768 ) ) ;
#1676 = CARTESIAN_POINT ( 'NONE',  ( 5.709843575691555095, 6.000000000000000888, -6.026706307968886733 ) ) ;
#1677 = CARTESIAN_POINT ( 'NONE',  ( 7.556064073226545830, 0.000000000000000000, 8.915331807780320972 ) ) ;
#1678 = DIRECTION ( 'NONE',  ( 0.000000000000000000, 0.000000000000000000, 1.000000000000000000 ) ) ;
#1679 = CARTESIAN_POINT ( 'NONE',  ( 7.164260947660497258, 5.281415090165075377, 9.605384442419861557 ) ) ;
#1680 = EDGE_CURVE ( 'NONE', #228, #673, #300, .T. ) ;
#1681 =( LENGTH_UNIT ( ) NAMED_UNIT ( * ) SI_UNIT ( .MILLI., .METRE. ) );
#1682 = LINE ( 'NONE', #691, #166 ) ;
#1683 = CARTESIAN_POINT ( 'NONE',  ( -5.229007495809215200, 5.999999999999973355, -5.091746255650667408 ) ) ;
#1684 = CARTESIAN_POINT ( 'NONE',  ( -4.597715429238466989, 5.000000000000000000, 9.018270292352248418 ) ) ;
#1685 = VECTOR ( 'NONE', #1420, 1000.000000000000000 ) ;
#1686 = CIRCLE ( 'NONE', #1503, 1.000000000000000000 ) ;
#1687 = CARTESIAN_POINT ( 'NONE',  ( 9.577683847736791378, -0.1226118341242175697, 10.19834576753141242 ) ) ;
#1688 = AXIS2_PLACEMENT_3D ( 'NONE', #1333, #1620, #1481 ) ;
#1689 = DIRECTION ( 'NONE',  ( 0.3236155771181857266, -0.8891264907159882602, 0.3236155771181844498 ) ) ;
#1690 = CARTESIAN_POINT ( 'NONE',  ( -4.287847451498932649, 3.000000000000000000, 6.759243332505799451 ) ) ;
#1691 = CARTESIAN_POINT ( 'NONE',  ( 5.543678929939123812, 5.173648177666930970, -6.172414429803814606 ) ) ;
#1692 = CARTESIAN_POINT ( 'NONE',  ( -7.385974042522666316, 6.000000000000001776, -6.026706307968885845 ) ) ;
#1693 = VERTEX_POINT ( 'NONE', #975 ) ;
#1694 = CARTESIAN_POINT ( 'NONE',  ( -7.187777086828804229, 5.999999999999806377, 7.941897562697930013 ) ) ;
#1695 = EDGE_CURVE ( 'NONE', #1429, #577, #432, .T. ) ;
#1696 = VERTEX_POINT ( 'NONE', #1423 ) ;
#1697 = LINE ( 'NONE', #25, #14 ) ;
#1698 = CARTESIAN_POINT ( 'NONE',  ( 8.334287056776419789, 5.273210894358919987, -4.529410616641663445 ) ) ;
#1699 = LINE ( 'NONE', #976, #336 ) ;
#1700 = CARTESIAN_POINT ( 'NONE',  ( -7.800618003420457747, -6.166399856011300552E-16, 10.91533180778032452 ) ) ;
#1701 = CARTESIAN_POINT ( 'NONE',  ( 5.399975597952026085, 2.999999999999999556, -2.928579716945157507 ) ) ;
#1702 = ORIENTED_EDGE ( 'NONE', *, *, #974, .T. ) ;
#1703 = CARTESIAN_POINT ( 'NONE',  ( -8.592937983207654895, -0.8450326537409481586, 11.06433386421452170 ) ) ;
#1704 = EDGE_CURVE ( 'NONE', #158, #458, #1390, .T. ) ;
#1705 = ADVANCED_FACE ( 'NONE', ( #629 ), #448, .F. ) ;
#1706 = EDGE_LOOP ( 'NONE', ( #1229, #307, #220, #171 ) ) ;
#1707 = CARTESIAN_POINT ( 'NONE',  ( -4.597715429238468765, 5.173648177666926529, -6.172414429803814606 ) ) ;
#1708 = EDGE_CURVE ( 'NONE', #317, #1834, #1748, .T. ) ;
#1709 = CARTESIAN_POINT ( 'NONE',  ( 7.659002557798471500, 6.000000000000001776, 7.327166234243192022 ) ) ;
#1710 = CARTESIAN_POINT ( 'NONE',  ( 7.654475301559083178, -0.2703826276644337168, -4.243386799766306616 ) ) ;
#1711 =( NAMED_UNIT ( * ) PLANE_ANGLE_UNIT ( ) SI_UNIT ( $, .RADIAN. ) );
#1712 = DIRECTION ( 'NONE',  ( 1.000000000000000000, 0.000000000000000000, 5.354084802397552502E-17 ) ) ;
#1713 = VERTEX_POINT ( 'NONE', #900 ) ;
#1714 = CARTESIAN_POINT ( 'NONE',  ( 8.333615354900818062, 5.273273665328773951, 8.361321394917441197 ) ) ;
#1715 = CARTESIAN_POINT ( 'NONE',  ( -7.528574603557251166, 5.191272030737247078, 7.259308533682455433 ) ) ;
#1716 = ORIENTED_EDGE ( 'NONE', *, *, #372, .T. ) ;
#1717 = CARTESIAN_POINT ( 'NONE',  ( -6.546874411345382505, 5.000000000000000000, 7.069111310245332902 ) ) ;
#1718 = CIRCLE ( 'NONE', #842, 1.000000000000000000 ) ;
#1719 = CARTESIAN_POINT ( 'NONE',  ( 9.409515284282388592, -1.035559737087685850E-14, 10.63127103347409808 ) ) ;
#1720 = CARTESIAN_POINT ( 'NONE',  ( 5.982811989397056607, 3.509552663503131331, -6.465839367426818640 ) ) ;
#1721 = CIRCLE ( 'NONE', #1416, 1.000000000000000000 ) ;
#1722 = AXIS2_PLACEMENT_3D ( 'NONE', #1539, #1122, #7 ) ;
#1723 = DIRECTION ( 'NONE',  ( -0.000000000000000000, 1.000000000000000000, -0.000000000000000000 ) ) ;
#1724 = CARTESIAN_POINT ( 'NONE',  ( 8.026868884028088402, 5.293102753753782252, 8.849630803903695053 ) ) ;
#1725 = CARTESIAN_POINT ( 'NONE',  ( -8.112901739866773099, 1.877388165875782944, 9.845691806114482247 ) ) ;
#1726 = ORIENTED_EDGE ( 'NONE', *, *, #372, .F. ) ;
#1727 = CARTESIAN_POINT ( 'NONE',  ( -6.443935926773456835, 0.000000000000000000, -4.707983876859890060 ) ) ;
#1728 = CARTESIAN_POINT ( 'NONE',  ( 9.556064073226545830, 0.000000000000000000, 10.17396747555887160 ) ) ;
#1729 = CARTESIAN_POINT ( 'NONE',  ( 8.486424071560703553, 1.877388165875783610, -6.753634005312997068 ) ) ;
#1730 = EDGE_CURVE ( 'NONE', #1771, #550, #478, .T. ) ;
#1731 = CARTESIAN_POINT ( 'NONE',  ( 9.477639182569525644, -9.633664297021447837E-15, -6.732677975598081233 ) ) ;
#1732 = ORIENTED_EDGE ( 'NONE', *, *, #646, .T. ) ;
#1733 = CARTESIAN_POINT ( 'NONE',  ( -4.855770353236327885, 6.000000000000002665, 9.018270292352244866 ) ) ;
#1734 = CARTESIAN_POINT ( 'NONE',  ( -6.920365368643420112, 5.292912687944874683, 8.842280846126614691 ) ) ;
#1735 = B_SPLINE_CURVE_WITH_KNOTS ( 'NONE', 3,
 ( #840, #1443, #441, #1009, #875, #1731, #720, #1575 ),
 .UNSPECIFIED., .F., .F.,
 ( 4, 2, 2, 4 ),
 ( 0.000000000000000000, 0.0002901036219424168354, 0.0005802072438848336709, 0.001160414487769667342 ),
 .UNSPECIFIED. ) ;
#1736 = ORIENTED_EDGE ( 'NONE', *, *, #1704, .F. ) ;
#1737 = B_SPLINE_CURVE_WITH_KNOTS ( 'NONE', 3,
 ( #1306, #35, #1163, #1751, #1794, #783, #373, #929, #227, #534, #1080, #110, #1511, #1370 ),
 .UNSPECIFIED., .F., .F.,
 ( 4, 2, 2, 2, 2, 2, 4 ),
 ( 0.000000000000000000, 0.0003822704006468949302, 0.0007645408012937898604, 0.001146811201940685929, 0.001529081602587582106, 0.002293622403881376195, 0.003058163205175170284 ),
 .UNSPECIFIED. ) ;
#1738 = DIRECTION ( 'NONE',  ( -0.3236155771181853380, 0.8891264907159879272, 0.3236155771181852825 ) ) ;
#1739 = CARTESIAN_POINT ( 'NONE',  ( -0.1189359267734539788, 4.000000000000000000, 1.240331807780321371 ) ) ;
#1740 = FACE_OUTER_BOUND ( 'NONE', #40, .T. ) ;
#1741 = FACE_OUTER_BOUND ( 'NONE', #367, .T. ) ;
#1742 = VERTEX_POINT ( 'NONE', #1591 ) ;
#1743 = CARTESIAN_POINT ( 'NONE',  ( 6.463731327352215672, 5.238109988611220125, 9.900191366437322671 ) ) ;
#1744 = CARTESIAN_POINT ( 'NONE',  ( 5.965962958886896317, 6.000000000000000888, 9.006352662644774298 ) ) ;
#1745 = EDGE_CURVE ( 'NONE', #749, #654, #61, .T. ) ;
#1746 = ORIENTED_EDGE ( 'NONE', *, *, #729, .F. ) ;
#1747 = CARTESIAN_POINT ( 'NONE',  ( 2.581064073226545741, 0.000000000000000000, 2.590331807780321238 ) ) ;
#1748 = LINE ( 'NONE', #1617, #77 ) ;
#1749 = CARTESIAN_POINT ( 'NONE',  ( -7.297324766613741076, 1.832235328579802092, 10.59225928434445940 ) ) ;
#1750 = AXIS2_PLACEMENT_3D ( 'NONE', #1097, #81, #1517 ) ;
#1751 = CARTESIAN_POINT ( 'NONE',  ( 7.599462916349117414, 5.999999999999999112, -3.745052810197845083 ) ) ;
#1752 = ORIENTED_EDGE ( 'NONE', *, *, #491, .T. ) ;
#1753 = CIRCLE ( 'NONE', #518, 1.000000000000000000 ) ;
#1754 = UNCERTAINTY_MEASURE_WITH_UNIT (LENGTH_MEASURE( 1.000000000000000082E-05 ), #1572, 'distance_accuracy_value', 'NONE');
#1755 = CARTESIAN_POINT ( 'NONE',  ( -6.522437247182464759, 5.295908461611908535, -5.436627058615928654 ) ) ;
#1756 = CARTESIAN_POINT ( 'NONE',  ( -6.795894793169604320, 5.295908461611753992, 8.993833128189498538 ) ) ;
#1757 = ORIENTED_EDGE ( 'NONE', *, *, #1255, .F. ) ;
#1758 = CARTESIAN_POINT ( 'NONE',  ( -4.287847451498933538, 3.000000000000000000, 6.759243332505798563 ) ) ;
#1759 = CARTESIAN_POINT ( 'NONE',  ( -4.287847451498932649, 3.000000000000000000, -2.928579716945156175 ) ) ;
#1760 = FACE_OUTER_BOUND ( 'NONE', #804, .T. ) ;
#1761 = ORIENTED_EDGE ( 'NONE', *, *, #1680, .T. ) ;
#1762 = CARTESIAN_POINT ( 'NONE',  ( -4.853834812433808210, 6.000000000000005329, -5.175689047084299332 ) ) ;
#1763 = CARTESIAN_POINT ( 'NONE',  ( -5.467012765135191188, 6.000000000000018652, 8.826522605849326908 ) ) ;
#1764 = VERTEX_POINT ( 'NONE', #621 ) ;
#1765 = EDGE_CURVE ( 'NONE', #1477, #36, #612, .T. ) ;
#1766 = DIRECTION ( 'NONE',  ( 1.927470528863119049E-16, -9.362945086820913759E-35, 1.000000000000000000 ) ) ;
#1767 =( BOUNDED_SURFACE ( )  B_SPLINE_SURFACE ( 2, 3, ( 
 ( #1206, #1243, #1393, #791, #1369, #1358, #1687, #652, #1650, #1078 ),
 ( #96, #117, #1215, #641, #1802, #680, #1226, #1829, #1813, #807 ),
 ( #963, #781, #523, #532, #1089, #504, #1668, #381, #1380, #411 ) ),
 .UNSPECIFIED., .F., .F., .T. ) 
 B_SPLINE_SURFACE_WITH_KNOTS ( ( 3, 3 ),
 ( 4, 3, 3, 4 ),
 ( 0.000000000000000000, 1.000000000000000000 ),
 ( -0.004988528997059067140, -0.003104152386156177560, 0.003079581655428645891, 0.004385945952225812558 ),
 .UNSPECIFIED. ) 
 GEOMETRIC_REPRESENTATION_ITEM ( )  RATIONAL_B_SPLINE_SURFACE ( (
 ( 1.000000000000000000, 1.000000000000000000, 1.000000000000000000, 1.000000000000000000, 1.000000000000000000, 1.000000000000000000, 1.000000000000000000, 1.000000000000000000, 1.000000000000000000, 1.000000000000000000),
 ( 0.7176885430348759476, 0.7176885430348759476, 0.7176885430348759476, 0.7176885430348759476, 0.7176885430348759476, 0.7176885430348759476, 0.7176885430348759476, 0.7176885430348759476, 0.7176885430348759476, 0.7176885430348759476),
 ( 1.000000000000000000, 1.000000000000000000, 1.000000000000000000, 1.000000000000000000, 1.000000000000000000, 1.000000000000000000, 1.000000000000000000, 1.000000000000000000, 1.000000000000000000, 1.000000000000000000) ) ) 
 REPRESENTATION_ITEM ( '' )  SURFACE ( )  );
#1768 = CARTESIAN_POINT ( 'NONE',  ( -0.1189359267734540898, 0.000000000000000000, 3.940331807780320883 ) ) ;
#1769 = ORIENTED_EDGE ( 'NONE', *, *, #1560, .T. ) ;
#1770 = CARTESIAN_POINT ( 'NONE',  ( -6.916154050893561056, 5.293068720371746139, -5.017247311067953852 ) ) ;
#1771 = VERTEX_POINT ( 'NONE', #873 ) ;
#1772 = CARTESIAN_POINT ( 'NONE',  ( 8.839078032977633725, -0.1226118341242169452, -7.106287966729927241 ) ) ;
#1773 = CYLINDRICAL_SURFACE ( 'NONE', #725, 1.000000000000000000 ) ;
#1774 = ORIENTED_EDGE ( 'NONE', *, *, #971, .T. ) ;
#1775 = VECTOR ( 'NONE', #702, 1000.000000000000000 ) ;
#1776 = AXIS2_PLACEMENT_3D ( 'NONE', #675, #1386, #1123 ) ;
#1777 = CARTESIAN_POINT ( 'NONE',  ( -6.546874407929573536, 6.000000000000000000, -3.495038952726412074 ) ) ;
#1778 = VECTOR ( 'NONE', #1581, 1000.000000000000000 ) ;
#1779 = ORIENTED_EDGE ( 'NONE', *, *, #1031, .T. ) ;
#1780 = CARTESIAN_POINT ( 'NONE',  ( 1.231064073226546318, 4.000000000000000000, 0.000000000000000000 ) ) ;
#1781 = DIRECTION ( 'NONE',  ( 1.000000000000000000, 1.734723475976806306E-15, -6.313877099383611784E-16 ) ) ;
#1782 = LINE ( 'NONE', #1667, #1016 ) ;
#1783 = DIRECTION ( 'NONE',  ( 1.000000000000000000, -8.673617379884035472E-16, -3.156938549691801948E-16 ) ) ;
#1784 = DIRECTION ( 'NONE',  ( 6.023345402697249184E-17, 0.000000000000000000, -1.000000000000000000 ) ) ;
#1785 = ORIENTED_EDGE ( 'NONE', *, *, #271, .F. ) ;
#1786 = ADVANCED_FACE ( 'NONE', ( #756 ), #1019, .T. ) ;
#1787 = CARTESIAN_POINT ( 'NONE',  ( -4.777513118110183754, 5.999999999999945821, -6.011571506304266954 ) ) ;
#1788 = ADVANCED_FACE ( 'NONE', ( #193 ), #849, .T. ) ;
#1789 = EDGE_CURVE ( 'NONE', #1519, #1429, #1782, .T. ) ;
#1790 = VERTEX_POINT ( 'NONE', #1214 ) ;
#1791 = CARTESIAN_POINT ( 'NONE',  ( -6.525261352196886300, 5.295935106301723927, 9.264708322751792124 ) ) ;
#1792 = CARTESIAN_POINT ( 'NONE',  ( 8.336526657118138672, 5.272971273488609611, -4.524957744939001714 ) ) ;
#1793 = PLANE ( 'NONE',  #1344 ) ;
#1794 = CARTESIAN_POINT ( 'NONE',  ( 7.563142136657533321, 5.999999999999974243, -3.869739761255437394 ) ) ;
#1795 = ORIENTED_EDGE ( 'NONE', *, *, #1305, .T. ) ;
#1796 = DIRECTION ( 'NONE',  ( -0.9396926207859080948, 0.3420201433256694346, -1.164362035342490253E-16 ) ) ;
#1797 = CARTESIAN_POINT ( 'NONE',  ( -6.640841681966900513E-17, 4.000000000000000000, 1.240331807780321371 ) ) ;
#1798 = ORIENTED_EDGE ( 'NONE', *, *, #1249, .T. ) ;
#1799 = B_SPLINE_CURVE_WITH_KNOTS ( 'NONE', 3,
 ( #1139, #1130, #602, #1714, #1272, #1724, #144, #996, #1158, #287, #252, #1427, #1743, #851, #1457, #857 ),
 .UNSPECIFIED., .F., .F.,
 ( 4, 2, 2, 2, 2, 2, 2, 4 ),
 ( -5.999999999252150104E-08, 0.001151343255069686928, 0.001727044882604525551, 0.002302746510139363958, 0.002878448137674200196, 0.003454149765209036868, 0.004029851392743873106, 0.004605553020278710212 ),
 .UNSPECIFIED. ) ;
#1800 = PLANE ( 'NONE',  #428 ) ;
#1801 = CYLINDRICAL_SURFACE ( 'NONE', #169, 1.000000000000000000 ) ;
#1802 = CARTESIAN_POINT ( 'NONE',  ( 8.850756150392683708, 4.000000000000000000, 10.21002388494645885 ) ) ;
#1803 = CARTESIAN_POINT ( 'NONE',  ( -8.443935926773455947, 0.000000000000000000, -6.343303859997157623 ) ) ;
#1804 = EDGE_LOOP ( 'NONE', ( #289, #1007, #138, #111 ) ) ;
#1805 = CARTESIAN_POINT ( 'NONE',  ( 7.659002557798471500, 5.999999999999996447, 7.069111310245332902 ) ) ;
#1806 = DIRECTION ( 'NONE',  ( 0.000000000000000000, 0.000000000000000000, -1.000000000000000000 ) ) ;
#1807 = CIRCLE ( 'NONE', #986, 1.000000000000000000 ) ;
#1808 = VERTEX_POINT ( 'NONE', #1507 ) ;
#1809 = VECTOR ( 'NONE', #1309, 1000.000000000000000 ) ;
#1810 = VECTOR ( 'NONE', #1228, 1000.000000000000114 ) ;
#1811 = CARTESIAN_POINT ( 'NONE',  ( 7.659002557798471500, 5.000000000000000888, -3.238447694684689626 ) ) ;
#1812 = CARTESIAN_POINT ( 'NONE',  ( -6.542347155105991519, -0.2703826276644340498, 8.074050415326947672 ) ) ;
#1813 = CARTESIAN_POINT ( 'NONE',  ( 9.705066129660746554, -0.8450326537409489358, 11.06433386421451992 ) ) ;
#1814 = CARTESIAN_POINT ( 'NONE',  ( 5.399975597952024309, 2.999999999999999556, 6.759243332505797675 ) ) ;
#1815 = VERTEX_POINT ( 'NONE', #225 ) ;
#1816 = CARTESIAN_POINT ( 'NONE',  ( 8.028282197346698013, 5.293068720371913116, 8.847910926628429706 ) ) ;
#1817 = CARTESIAN_POINT ( 'NONE',  ( -7.726949886524550060, -0.1226118341242172227, -7.106287966729927241 ) ) ;
#1818 = VERTEX_POINT ( 'NONE', #659 ) ;
#1819 = DIRECTION ( 'NONE',  ( 0.000000000000000000, -1.000000000000000000, 8.673617379884035472E-16 ) ) ;
#1820 = ADVANCED_FACE ( 'NONE', ( #651 ), #1801, .F. ) ;
#1821 = CARTESIAN_POINT ( 'NONE',  ( 8.062338643196248711, 5.999999999999887201, -4.588766527387765137 ) ) ;
#1822 = CARTESIAN_POINT ( 'NONE',  ( -8.443935926773455947, 0.000000000000000000, -7.084668192219678140 ) ) ;
#1823 = DIRECTION ( 'NONE',  ( -1.000000000000000000, 0.000000000000000000, 0.000000000000000000 ) ) ;
#1824 = CARTESIAN_POINT ( 'NONE',  ( 6.904127760898049360, 6.000000000000055067, 8.628044375279065648 ) ) ;
#1825 = EDGE_CURVE ( 'NONE', #1552, #458, #1060, .T. ) ;
#1826 = APPLICATION_PROTOCOL_DEFINITION ( 'draft international standard', 'automotive_design', 1998, #437 ) ;
#1827 = DIRECTION ( 'NONE',  ( 0.000000000000000000, 0.000000000000000000, -1.000000000000000000 ) ) ;
#1828 = CARTESIAN_POINT ( 'NONE',  ( -4.431550783486041034, 6.000000000000000000, -5.187606676791606475 ) ) ;
#1829 = CARTESIAN_POINT ( 'NONE',  ( 9.630565101443645304, -0.4225163268704744679, 10.98983283599741867 ) ) ;
#1830 = CARTESIAN_POINT ( 'NONE',  ( 9.232991549790684260, 1.832235328579801426, 9.768720647620609654 ) ) ;
#1831 = CARTESIAN_POINT ( 'NONE',  ( 7.483013111572504705, 5.292912687944792971, 9.391761249650526722 ) ) ;
#1832 = CARTESIAN_POINT ( 'NONE',  ( 0.5560640732265460517, 0.000000000000000000, -1.084668192219679472 ) ) ;
#1833 = CARTESIAN_POINT ( 'NONE',  ( -4.518029881527041880, 5.509552663503131775, -6.113185406009888467 ) ) ;
#1834 = VERTEX_POINT ( 'NONE', #370 ) ;
#1835 = COLOUR_RGB ( '',0.7921568627450980005, 0.8196078431372548767, 0.9333333333333333481 ) ;
#1836 = AXIS2_PLACEMENT_3D ( 'NONE', #215, #639, #1204 ) ;
#1837 = VERTEX_POINT ( 'NONE', #1639 ) ;
#1838 = FACE_OUTER_BOUND ( 'NONE', #773, .T. ) ;
#1839 = AXIS2_PLACEMENT_3D ( 'NONE', #1498, #382, #97 ) ;
#1840 = CYLINDRICAL_SURFACE ( 'NONE', #1261, 1.000000000000000222 ) ;
#1841 = CARTESIAN_POINT ( 'NONE',  ( -8.443935926773455947, 0.000000000000000000, -6.343303859997157623 ) ) ;
#1842 = CARTESIAN_POINT ( 'NONE',  ( -8.443935926773454170, 0.000000000000000000, 10.17396747555830139 ) ) ;
#1843 = DIRECTION ( 'NONE',  ( 1.000000000000000000, 0.000000000000000000, 5.354084802397552502E-17 ) ) ;
#1844 = EDGE_CURVE ( 'NONE', #59, #1515, #917, .T. ) ;
#1845 = EDGE_CURVE ( 'NONE', #1301, #1456, #1225, .T. ) ;
#1846 = ADVANCED_FACE ( 'NONE', ( #380 ), #142, .T. ) ;
#1847 = CARTESIAN_POINT ( 'NONE',  ( -7.801450914741648646, -0.5451281609946915241, 11.01145261050766955 ) ) ;
#1848 = ORIENTED_EDGE ( 'NONE', *, *, #706, .T. ) ;
#1849 = CARTESIAN_POINT ( 'NONE',  ( 7.659002557798471500, 6.000000000000000000, 7.069111310245332014 ) ) ;
#1850 = CARTESIAN_POINT ( 'NONE',  ( 8.483036835895399363, 5.251515422719994497, -4.177435870028626930 ) ) ;
#1851 = CARTESIAN_POINT ( 'NONE',  ( -5.135022837559323428, 3.363996538402218572, -6.491504839489484979 ) ) ;
#1852 = DIRECTION ( 'NONE',  ( 0.000000000000000000, 0.000000000000000000, 1.000000000000000000 ) ) ;
#1853 = CARTESIAN_POINT ( 'NONE',  ( -8.443935926773454170, 0.000000000000000000, 10.91533180778032097 ) ) ;
#1854 = ORIENTED_EDGE ( 'NONE', *, *, #761, .T. ) ;
#1855 = PRODUCT_DEFINITION ( 'UNKNOWN', '', #493, #1023 ) ;
ENDSEC;
END-ISO-10303-21;
