ISO-10303-21;
HEADER;
FILE_DESCRIPTION (( 'STEP AP214' ),
    '1' );
FILE_NAME ('Stylized_Key_Cap_V2_Square_Stem.STEP',
    '2026-10-08T03:45:38',
    ( '' ),
    ( '' ),
    'SwSTEP 2.0',
    'SolidWorks 2024',
    '' );
FILE_SCHEMA (( 'AUTOMOTIVE_DESIGN' ));
ENDSEC;

DATA;
#1 = EDGE_LOOP ( 'NONE', ( #13, #2015, #1311, #1791 ) ) ;
#2 = CARTESIAN_POINT ( 'NONE',  ( 8.815692624646864317, 0.000000000000000000, 11.51533180778032417 ) ) ;
#3 = CARTESIAN_POINT ( 'NONE',  ( 0.9310640732265448305, 4.500000000000000888, 0.1903318077803230479 ) ) ;
#4 = CARTESIAN_POINT ( 'NONE',  ( -2.523877217232734615, 5.000000000000000000, -0.5846681922196772518 ) ) ;
#5 = LINE ( 'NONE', #487, #1717 ) ;
#6 = ORIENTED_EDGE ( 'NONE', *, *, #752, .T. ) ;
#7 = CARTESIAN_POINT ( 'NONE',  ( 7.641297233652262655, 6.778448630035204481, 9.332614896754870770 ) ) ;
#8 = CARTESIAN_POINT ( 'NONE',  ( 7.893142591169111988, 7.500000000000217604, 8.604243434825198378 ) ) ;
#9 = ADVANCED_FACE ( 'NONE', ( #1156 ), #299, .F. ) ;
#10 = AXIS2_PLACEMENT_3D ( 'NONE', #2179, #329, #1511 ) ;
#11 = ORIENTED_EDGE ( 'NONE', *, *, #325, .F. ) ;
#12 = ORIENTED_EDGE ( 'NONE', *, *, #2014, .T. ) ;
#13 = ORIENTED_EDGE ( 'NONE', *, *, #824, .F. ) ;
#14 = AXIS2_PLACEMENT_3D ( 'NONE', #748, #1682, #2614 ) ;
#15 = ORIENTED_EDGE ( 'NONE', *, *, #1594, .F. ) ;
#16 = DIRECTION ( 'NONE',  ( 0.000000000000000000, -0.000000000000000000, -1.000000000000000000 ) ) ;
#17 = CARTESIAN_POINT ( 'NONE',  ( 9.670560437282059496, -0.6493411478803704506, -6.460558741516038594 ) ) ;
#18 = VECTOR ( 'NONE', #1230, 1000.000000000000000 ) ;
#19 = DIRECTION ( 'NONE',  ( -0.000000000000000000, -0.000000000000000000, -1.000000000000000000 ) ) ;
#20 = VECTOR ( 'NONE', #992, 1000.000000000000000 ) ;
#21 =( BOUNDED_CURVE ( )  B_SPLINE_CURVE ( 3, ( #1380, #1868, #715, #2566 ),
 .UNSPECIFIED., .F., .F. ) 
 B_SPLINE_CURVE_WITH_KNOTS ( ( 4, 4 ),
 ( 4.712388980384689674, 5.352296399125787474 ),
 .UNSPECIFIED. ) 
 CURVE ( )  GEOMETRIC_REPRESENTATION_ITEM ( )  RATIONAL_B_SPLINE_CURVE ( ( 1.000000000000000000, 0.9661666523663395845, 0.9661666523663395845, 1.000000000000000000 ) ) 
 REPRESENTATION_ITEM ( '' )  );
#22 = VECTOR ( 'NONE', #1534, 1000.000000000000000 ) ;
#23 = CARTESIAN_POINT ( 'NONE',  ( -4.767060312423344826, 7.500000000000000000, -4.923116205728907957 ) ) ;
#24 = CARTESIAN_POINT ( 'NONE',  ( 8.379319839747980225, 6.673648177666930081, 7.397265746772673012 ) ) ;
#25 = CARTESIAN_POINT ( 'NONE',  ( 7.942575836861433203, 9.150546501064461324, 6.947420312378587148 ) ) ;
#26 = ADVANCED_FACE ( 'NONE', ( #1141 ), #2511, .F. ) ;
#27 = ORIENTED_EDGE ( 'NONE', *, *, #681, .F. ) ;
#28 = ORIENTED_EDGE ( 'NONE', *, *, #1227, .F. ) ;
#29 = VERTEX_POINT ( 'NONE', #1623 ) ;
#30 = ADVANCED_FACE ( 'NONE', ( #2067 ), #431, .F. ) ;
#31 = VERTEX_POINT ( 'NONE', #2971 ) ;
#32 = LINE ( 'NONE', #1665, #1911 ) ;
#33 = DIRECTION ( 'NONE',  ( 2.017120320903264442E-16, 0.000000000000000000, 1.000000000000000000 ) ) ;
#34 = CARTESIAN_POINT ( 'NONE',  ( 2.281064073226544142, 4.500000000000000888, 1.540331807780323858 ) ) ;
#35 = DIRECTION ( 'NONE',  ( 0.000000000000000000, 0.3420201433256691570, -0.9396926207859083169 ) ) ;
#36 = B_SPLINE_CURVE_WITH_KNOTS ( 'NONE', 3,
 ( #2020, #666, #2749, #1794 ),
 .UNSPECIFIED., .F., .F.,
 ( 4, 4 ),
 ( -0.004199001011399785578, 0.003055565803317985586 ),
 .UNSPECIFIED. ) ;
#37 = CARTESIAN_POINT ( 'NONE',  ( 4.286005363685821301, 5.000000000000000000, 5.015331807780324169 ) ) ;
#38 = CARTESIAN_POINT ( 'NONE',  ( 2.281064073226544142, 0.000000000000000000, 2.890331807780322837 ) ) ;
#39 = DIRECTION ( 'NONE',  ( -0.000000000000000000, 0.000000000000000000, -1.000000000000000000 ) ) ;
#40 = CARTESIAN_POINT ( 'NONE',  ( 8.068414163225639868, 8.436881888544018437, 7.073258638742794702 ) ) ;
#41 = CARTESIAN_POINT ( 'NONE',  ( 0.000000000000000000, 4.250000000000000000, 5.765331807780324169 ) ) ;
#42 = ORIENTED_EDGE ( 'NONE', *, *, #921, .T. ) ;
#43 = EDGE_CURVE ( 'NONE', #723, #1690, #2339, .T. ) ;
#44 = CARTESIAN_POINT ( 'NONE',  ( 0.08106407322654479719, 5.000000000000000000, 0.1903318077803228259 ) ) ;
#45 = VERTEX_POINT ( 'NONE', #2987 ) ;
#46 = EDGE_CURVE ( 'NONE', #983, #723, #1349, .T. ) ;
#47 = VERTEX_POINT ( 'NONE', #2784 ) ;
#48 = VECTOR ( 'NONE', #2558, 1000.000000000000000 ) ;
#49 = EDGE_CURVE ( 'NONE', #346, #1709, #2285, .T. ) ;
#50 = PLANE ( 'NONE',  #1280 ) ;
#51 = CARTESIAN_POINT ( 'NONE',  ( -8.248780121272135446, 4.509552663503134440, -3.335089127681728716 ) ) ;
#52 = CARTESIAN_POINT ( 'NONE',  ( 3.786005363685820857, 0.000000000000000000, -1.334668192219678362 ) ) ;
#53 = CARTESIAN_POINT ( 'NONE',  ( -5.307351179876441449, 6.703976388656398555, -5.902576276867057992 ) ) ;
#54 = CARTESIAN_POINT ( 'NONE',  ( -1.773877217232734393, 0.000000000000000000, 9.515331807780324169 ) ) ;
#55 = CARTESIAN_POINT ( 'NONE',  ( 7.142683343984065125, 7.499999999999999112, -3.949900221242511389 ) ) ;
#56 = CARTESIAN_POINT ( 'NONE',  ( 8.218947039769389562, 6.740565336838741928, 8.342707334121213236 ) ) ;
#57 = CARTESIAN_POINT ( 'NONE',  ( 6.998487644333645008, 7.499999999999977796, 8.598977281419259100 ) ) ;
#58 = DIRECTION ( 'NONE',  ( 1.000000000000000000, 0.000000000000000000, -0.000000000000000000 ) ) ;
#59 = ORIENTED_EDGE ( 'NONE', *, *, #2526, .F. ) ;
#60 = ORIENTED_EDGE ( 'NONE', *, *, #62, .T. ) ;
#61 = VERTEX_POINT ( 'NONE', #176 ) ;
#62 = EDGE_CURVE ( 'NONE', #2700, #407, #1161, .T. ) ;
#63 = TOROIDAL_SURFACE ( 'NONE', #1599, 1.500000000000000000, 0.7500000000000000000 ) ;
#64 = ORIENTED_EDGE ( 'NONE', *, *, #1967, .T. ) ;
#65 = PLANE ( 'NONE',  #1133 ) ;
#66 = EDGE_CURVE ( 'NONE', #190, #564, #669, .T. ) ;
#67 = CARTESIAN_POINT ( 'NONE',  ( -7.807962669500970954, 7.009552663503134440, -2.894271675910565111 ) ) ;
#68 = PLANE ( 'NONE',  #697 ) ;
#69 = CARTESIAN_POINT ( 'NONE',  ( -6.405520170453772977, 7.499999999999997335, -4.267231406303354291 ) ) ;
#70 = DIRECTION ( 'NONE',  ( 0.000000000000000000, -1.000000000000000000, 0.000000000000000000 ) ) ;
#71 = DIRECTION ( 'NONE',  ( -3.955402479226607092E-17, 0.9396926207859080948, 0.3420201433256694346 ) ) ;
#72 = AXIS2_PLACEMENT_3D ( 'NONE', #897, #1140, #1336 ) ;
#73 = AXIS2_PLACEMENT_3D ( 'NONE', #879, #2807, #1419 ) ;
#74 = CARTESIAN_POINT ( 'NONE',  ( 8.276127555739959618, 6.729338849314824955, 8.160208582274368183 ) ) ;
#75 = CARTESIAN_POINT ( 'NONE',  ( 5.437998012218900001, 6.673648177666930970, -5.907923958741116977 ) ) ;
#76 = STYLED_ITEM ( 'NONE', ( #1579 ), #2202 ) ;
#77 = AXIS2_PLACEMENT_3D ( 'NONE', #1695, #1423, #1226 ) ;
#78 = CARTESIAN_POINT ( 'NONE',  ( -7.132955138773811932, 6.778399508420218211, 9.328304945348079968 ) ) ;
#79 = ORIENTED_EDGE ( 'NONE', *, *, #931, .T. ) ;
#80 = ORIENTED_EDGE ( 'NONE', *, *, #640, .F. ) ;
#81 = VERTEX_POINT ( 'NONE', #2753 ) ;
#82 = FACE_OUTER_BOUND ( 'NONE', #2758, .T. ) ;
#83 = DIRECTION ( 'NONE',  ( -1.000000000000000000, -0.000000000000000000, -0.000000000000000000 ) ) ;
#84 = LINE ( 'NONE', #2827, #2738 ) ;
#85 = EDGE_CURVE ( 'NONE', #932, #2653, #2524, .T. ) ;
#86 = DIRECTION ( 'NONE',  ( -1.000000000000000000, -0.000000000000000000, -0.000000000000000000 ) ) ;
#87 = FACE_OUTER_BOUND ( 'NONE', #2872, .T. ) ;
#88 = CARTESIAN_POINT ( 'NONE',  ( 3.036005363685821301, 0.000000000000000000, 9.184734158178688546 ) ) ;
#89 = ORIENTED_EDGE ( 'NONE', *, *, #2458, .F. ) ;
#90 = EDGE_CURVE ( 'NONE', #451, #2651, #646, .T. ) ;
#91 = DIRECTION ( 'NONE',  ( -1.000000000000000000, 0.000000000000000000, -0.000000000000000000 ) ) ;
#92 = ORIENTED_EDGE ( 'NONE', *, *, #899, .T. ) ;
#93 = VERTEX_POINT ( 'NONE', #273 ) ;
#94 = ORIENTED_EDGE ( 'NONE', *, *, #325, .T. ) ;
#95 = CARTESIAN_POINT ( 'NONE',  ( -5.308941765489487707, 6.704102840934490715, 10.33321759547930085 ) ) ;
#96 = CARTESIAN_POINT ( 'NONE',  ( -7.721483571459969220, 7.500000000000004441, -5.762215836906188215 ) ) ;
#97 = CARTESIAN_POINT ( 'NONE',  ( 4.341150460655621966E-16, 20.28368184495133519, -1.334668192219676364 ) ) ;
#98 = CARTESIAN_POINT ( 'NONE',  ( 9.556064073226542277, 0.000000000000000000, -7.084668192219678140 ) ) ;
#99 = CARTESIAN_POINT ( 'NONE',  ( -7.467252563570337287, 6.766242830423940369, -4.432967841514334317 ) ) ;
#100 = CARTESIAN_POINT ( 'NONE',  ( -0.4189359267734555914, 4.500000000000000888, 1.540331807780323414 ) ) ;
#101 = CARTESIAN_POINT ( 'NONE',  ( 8.074027991644323166, 6.758736497388026621, -4.257287561944778531 ) ) ;
#102 = EDGE_CURVE ( 'NONE', #1706, #1196, #1602, .T. ) ;
#103 = CARTESIAN_POINT ( 'NONE',  ( -2.523877217232734171, 4.085505035831417331, 7.230196253436074194 ) ) ;
#104 = CARTESIAN_POINT ( 'NONE',  ( -7.867191693294894428, 6.673648177666930970, 7.397265746772677453 ) ) ;
#105 = ORIENTED_EDGE ( 'NONE', *, *, #124, .T. ) ;
#106 = EDGE_LOOP ( 'NONE', ( #1631, #634, #922, #2638 ) ) ;
#107 = ORIENTED_EDGE ( 'NONE', *, *, #2534, .F. ) ;
#108 = ADVANCED_FACE ( 'NONE', ( #1202 ), #2110, .F. ) ;
#109 = CARTESIAN_POINT ( 'NONE',  ( -6.882383931800543309, 7.500000000000000000, 7.655436458186537507 ) ) ;
#110 = CARTESIAN_POINT ( 'NONE',  ( -7.556286016772556735, 8.436881888544021990, -2.642595023182152225 ) ) ;
#111 = CARTESIAN_POINT ( 'NONE',  ( 3.036005363685820857, 0.000000000000000000, 3.511086518384864844E-16 ) ) ;
#112 = DIRECTION ( 'NONE',  ( 0.000000000000000000, 0.000000000000000000, -1.000000000000000000 ) ) ;
#113 = VECTOR ( 'NONE', #2550, 1000.000000000000000 ) ;
#114 = DIRECTION ( 'NONE',  ( 1.000000000000000000, 0.000000000000000000, -0.000000000000000000 ) ) ;
#115 = CARTESIAN_POINT ( 'NONE',  ( 9.556064073226535172, -1.043544591017297623E-15, 10.87286056482831320 ) ) ;
#116 = LINE ( 'NONE', #2911, #1328 ) ;
#117 = CARTESIAN_POINT ( 'NONE',  ( 0.2560640732265440644, 7.030000000000001137, 2.215331807780320350 ) ) ;
#118 = AXIS2_PLACEMENT_3D ( 'NONE', #968, #509, #2393 ) ;
#119 = ORIENTED_EDGE ( 'NONE', *, *, #950, .T. ) ;
#120 = ORIENTED_EDGE ( 'NONE', *, *, #2441, .T. ) ;
#121 = AXIS2_PLACEMENT_3D ( 'NONE', #1813, #1403, #956 ) ;
#122 = ORIENTED_EDGE ( 'NONE', *, *, #2549, .T. ) ;
#123 = CIRCLE ( 'NONE', #503, 0.2499999999999997780 ) ;
#124 = EDGE_CURVE ( 'NONE', #2337, #1843, #2361, .T. ) ;
#125 = CYLINDRICAL_SURFACE ( 'NONE', #2942, 0.7500000000000000000 ) ;
#126 = CARTESIAN_POINT ( 'NONE',  ( -2.523877217232733727, 0.000000000000000000, -2.084668192219677252 ) ) ;
#127 = CARTESIAN_POINT ( 'NONE',  ( -7.695466818192993941, 7.499999999996341593, -3.326754773521399589 ) ) ;
#128 = CYLINDRICAL_SURFACE ( 'NONE', #2300, 0.7499999999999997780 ) ;
#129 = ADVANCED_FACE ( 'NONE', ( #942 ), #1425, .F. ) ;
#130 = CARTESIAN_POINT ( 'NONE',  ( -0.4189359267734554249, 4.500000000000000888, 1.540331807780323414 ) ) ;
#131 = CARTESIAN_POINT ( 'NONE',  ( 3.036005363685821301, 4.085505035831416443, -2.799532637875430829 ) ) ;
#132 = EDGE_CURVE ( 'NONE', #346, #2700, #1635, .T. ) ;
#133 = CARTESIAN_POINT ( 'NONE',  ( -5.436074319429048174, 7.500000000000001776, -4.875706537349840275 ) ) ;
#134 = PLANE ( 'NONE',  #848 ) ;
#135 = ORIENTED_EDGE ( 'NONE', *, *, #1012, .T. ) ;
#136 = ORIENTED_EDGE ( 'NONE', *, *, #2218, .F. ) ;
#137 = DIRECTION ( 'NONE',  ( 1.000000000000000000, 0.000000000000000000, 1.873929680839142574E-16 ) ) ;
#138 = CARTESIAN_POINT ( 'NONE',  ( 3.036005363685820857, 4.250000000000000000, 6.995273098239597864 ) ) ;
#139 = FACE_OUTER_BOUND ( 'NONE', #1860, .T. ) ;
#140 = CARTESIAN_POINT ( 'NONE',  ( -7.560119866129213939, 6.758876619454876611, -4.260576839332823162 ) ) ;
#141 = EDGE_CURVE ( 'NONE', #300, #1382, #946, .T. ) ;
#142 = CARTESIAN_POINT ( 'NONE',  ( 1.781064073226543920, 5.000000000000000000, 2.040331807780323636 ) ) ;
#143 = LINE ( 'NONE', #1531, #2490 ) ;
#144 = CARTESIAN_POINT ( 'NONE',  ( -8.952011174424214346, -3.191085340419217253E-15, -6.718381701186800115 ) ) ;
#145 = PLANE ( 'NONE',  #10 ) ;
#146 = CIRCLE ( 'NONE', #1543, 0.7499999999999996669 ) ;
#147 = CARTESIAN_POINT ( 'NONE',  ( 8.296290939257049857, 6.730781156735008430, -3.726799762376663772 ) ) ;
#148 = CYLINDRICAL_SURFACE ( 'NONE', #1416, 1.000000000000000000 ) ;
#149 = ORIENTED_EDGE ( 'NONE', *, *, #2498, .T. ) ;
#150 = ORIENTED_EDGE ( 'NONE', *, *, #344, .T. ) ;
#151 = ORIENTED_EDGE ( 'NONE', *, *, #2328, .T. ) ;
#152 = CARTESIAN_POINT ( 'NONE',  ( -4.925869865765812428, 6.673648177666931858, 10.33858757430176212 ) ) ;
#153 = DIRECTION ( 'NONE',  ( 0.000000000000000000, -1.000000000000000000, 0.000000000000000000 ) ) ;
#154 = DIRECTION ( 'NONE',  ( 0.000000000000000000, 0.000000000000000000, -1.000000000000000000 ) ) ;
#155 = CARTESIAN_POINT ( 'NONE',  ( -4.523877217232734615, 20.28368184495133519, -1.334668192219677918 ) ) ;
#156 = CARTESIAN_POINT ( 'NONE',  ( 6.634592860702491990, 7.500000000000000888, 8.961596307764708058 ) ) ;
#157 = DIRECTION ( 'NONE',  ( 0.000000000000000000, -0.3420201433256692125, -0.9396926207859083169 ) ) ;
#158 = DIRECTION ( 'NONE',  ( 0.000000000000000000, 0.000000000000000000, -1.000000000000000000 ) ) ;
#159 = ORIENTED_EDGE ( 'NONE', *, *, #2195, .T. ) ;
#160 = EDGE_CURVE ( 'NONE', #859, #93, #538, .T. ) ;
#161 = CARTESIAN_POINT ( 'NONE',  ( 5.437998012218964838, 7.500000000000001776, 10.19287945246682625 ) ) ;
#162 = DIRECTION ( 'NONE',  ( -1.000000000000000000, 0.000000000000000000, 0.000000000000000000 ) ) ;
#163 = VERTEX_POINT ( 'NONE', #305 ) ;
#164 = VERTEX_POINT ( 'NONE', #1232 ) ;
#165 = VECTOR ( 'NONE', #3000, 1000.000000000000000 ) ;
#166 = ORIENTED_EDGE ( 'NONE', *, *, #1211, .T. ) ;
#167 = AXIS2_PLACEMENT_3D ( 'NONE', #2723, #1601, #1850 ) ;
#168 = MECHANICAL_DESIGN_GEOMETRIC_PRESENTATION_REPRESENTATION (  '', ( #76 ), #2401 ) ;
#169 = CARTESIAN_POINT ( 'NONE',  ( -7.129169087199182187, 6.778448630035208922, -4.901951281194230070 ) ) ;
#170 = LINE ( 'NONE', #570, #255 ) ;
#171 = CARTESIAN_POINT ( 'NONE',  ( 8.815692624646866093, 0.000000000000000000, -7.084668192219678140 ) ) ;
#172 = DIRECTION ( 'NONE',  ( 0.000000000000000000, -0.9396926207859080948, 0.3420201433256694346 ) ) ;
#173 = CIRCLE ( 'NONE', #265, 0.7500000000000004441 ) ;
#174 = EDGE_CURVE ( 'NONE', #2876, #31, #1005, .T. ) ;
#175 = LINE ( 'NONE', #1294, #1954 ) ;
#176 = CARTESIAN_POINT ( 'NONE',  ( -9.043935926773459144, 0.000000000000000000, -6.344296743639668001 ) ) ;
#177 = CARTESIAN_POINT ( 'NONE',  ( 0.000000000000000000, 0.000000000000000000, 2.890331807780322837 ) ) ;
#178 = EDGE_CURVE ( 'NONE', #969, #1726, #990, .T. ) ;
#179 = ORIENTED_EDGE ( 'NONE', *, *, #824, .T. ) ;
#180 = ORIENTED_EDGE ( 'NONE', *, *, #1427, .T. ) ;
#181 = ORIENTED_EDGE ( 'NONE', *, *, #639, .T. ) ;
#182 = B_SPLINE_CURVE_WITH_KNOTS ( 'NONE', 3,
 ( #795, #2418, #2432, #171 ),
 .UNSPECIFIED., .F., .F.,
 ( 4, 4 ),
 ( -0.004199001011399789048, 0.003055565803317981249 ),
 .UNSPECIFIED. ) ;
#183 = CARTESIAN_POINT ( 'NONE',  ( 0.2560640732265440644, 0.000000000000000000, 5.215331807780323459 ) ) ;
#184 =( NAMED_UNIT ( * ) PLANE_ANGLE_UNIT ( ) SI_UNIT ( $, .RADIAN. ) );
#185 = FACE_OUTER_BOUND ( 'NONE', #106, .T. ) ;
#186 = DIRECTION ( 'NONE',  ( 0.000000000000000000, 0.000000000000000000, 1.000000000000000000 ) ) ;
#187 = DIRECTION ( 'NONE',  ( 1.000000000000000000, 0.000000000000000000, -0.000000000000000000 ) ) ;
#188 = CARTESIAN_POINT ( 'NONE',  ( -6.832984434429146603, 7.499999999999999112, -3.483079895950872640 ) ) ;
#189 = DIRECTION ( 'NONE',  ( 1.000000000000000000, 0.000000000000000000, 0.000000000000000000 ) ) ;
#190 = VERTEX_POINT ( 'NONE', #2341 ) ;
#191 = ORIENTED_EDGE ( 'NONE', *, *, #880, .F. ) ;
#192 = ADVANCED_FACE ( 'NONE', ( #777 ), #527, .T. ) ;
#193 = EDGE_CURVE ( 'NONE', #1500, #758, #379, .T. ) ;
#194 = EDGE_CURVE ( 'NONE', #1073, #346, #2776, .T. ) ;
#195 = CARTESIAN_POINT ( 'NONE',  ( -7.843243280895817016, 6.703448853717270062, -3.351745966897795359 ) ) ;
#196 = CYLINDRICAL_SURFACE ( 'NONE', #706, 0.5000000000000000000 ) ;
#197 = LINE ( 'NONE', #2763, #2282 ) ;
#198 =( BOUNDED_CURVE ( )  B_SPLINE_CURVE ( 3, ( #2108, #954, #1880, #2809 ),
 .UNSPECIFIED., .F., .F. ) 
 B_SPLINE_CURVE_WITH_KNOTS ( ( 4, 4 ),
 ( 0.000000000000000000, 1.570796326794896780 ),
 .UNSPECIFIED. ) 
 CURVE ( )  GEOMETRIC_REPRESENTATION_ITEM ( )  RATIONAL_B_SPLINE_CURVE ( ( 1.000000000000000000, 0.8047378541243649375, 0.8047378541243649375, 1.000000000000000000 ) ) 
 REPRESENTATION_ITEM ( '' )  );
#199 = CARTESIAN_POINT ( 'NONE',  ( -1.768935926773455680, 0.000000000000000000, 1.540331807780323192 ) ) ;
#200 = CARTESIAN_POINT ( 'NONE',  ( 8.068414163225645197, 8.436881888544020214, -2.642595023182154002 ) ) ;
#201 = ORIENTED_EDGE ( 'NONE', *, *, #1634, .F. ) ;
#202 = CARTESIAN_POINT ( 'NONE',  ( 5.796682639069198117, 7.499999999999781508, 10.16696873805376100 ) ) ;
#203 = AXIS2_PLACEMENT_3D ( 'NONE', #685, #1402, #955 ) ;
#204 = ORIENTED_EDGE ( 'NONE', *, *, #2458, .T. ) ;
#205 = ORIENTED_EDGE ( 'NONE', *, *, #2165, .T. ) ;
#206 = DIRECTION ( 'NONE',  ( -0.000000000000000000, 0.9396926207859082059, -0.3420201433256694901 ) ) ;
#207 = TOROIDAL_SURFACE ( 'NONE', #1761, 7.093109588361092399, 12.00000000000000000 ) ;
#208 = DIRECTION ( 'NONE',  ( 1.156482317317871478E-16, -0.000000000000000000, -1.000000000000000000 ) ) ;
#209 = AXIS2_PLACEMENT_3D ( 'NONE', #2420, #2023, #2477 ) ;
#210 = ADVANCED_FACE ( 'NONE', ( #1415 ), #1164, .F. ) ;
#211 = ORIENTED_EDGE ( 'NONE', *, *, #450, .T. ) ;
#212 = AXIS2_PLACEMENT_3D ( 'NONE', #2109, #2810, #1928 ) ;
#213 = VECTOR ( 'NONE', #1585, 1000.000000000000000 ) ;
#214 = CARTESIAN_POINT ( 'NONE',  ( 0.2560640732265440644, 7.500000000000000000, 2.215331807780322571 ) ) ;
#215 = DIRECTION ( 'NONE',  ( -0.000000000000000000, -0.000000000000000000, -1.000000000000000000 ) ) ;
#216 = CARTESIAN_POINT ( 'NONE',  ( 0.9310640732265444974, 0.000000000000000000, 1.540331807780323636 ) ) ;
#217 = DIRECTION ( 'NONE',  ( -1.156482317317871478E-16, 0.000000000000000000, 1.000000000000000000 ) ) ;
#218 = CARTESIAN_POINT ( 'NONE',  ( -6.688760755455129825, 7.500000000000000888, -3.838869367919360620 ) ) ;
#219 = LINE ( 'NONE', #1143, #2983 ) ;
#220 = VERTEX_POINT ( 'NONE', #478 ) ;
#221 = CARTESIAN_POINT ( 'NONE',  ( 4.286005363685821301, 4.250000000000000000, 0.000000000000000000 ) ) ;
#222 = ORIENTED_EDGE ( 'NONE', *, *, #1434, .F. ) ;
#223 = DIRECTION ( 'NONE',  ( 0.000000000000000000, 0.9396926207859084279, -0.3420201433256690460 ) ) ;
#224 = ORIENTED_EDGE ( 'NONE', *, *, #1065, .F. ) ;
#225 = CARTESIAN_POINT ( 'NONE',  ( -8.275673914789969388, 4.357030381264862307, 7.984783942350916597 ) ) ;
#226 = EDGE_CURVE ( 'NONE', #633, #300, #1642, .T. ) ;
#227 = CARTESIAN_POINT ( 'NONE',  ( 9.577683847736794931, -0.1226118341242175419, -6.367682151970774918 ) ) ;
#228 = ADVANCED_FACE ( 'NONE', ( #2319 ), #1863, .F. ) ;
#229 = ORIENTED_EDGE ( 'NONE', *, *, #2890, .T. ) ;
#230 = SURFACE_SIDE_STYLE ('',( #1591 ) ) ;
#231 = CARTESIAN_POINT ( 'NONE',  ( -4.925869865765813316, 7.500000000000000000, -4.923116205728911510 ) ) ;
#232 = ORIENTED_EDGE ( 'NONE', *, *, #1476, .T. ) ;
#233 = EDGE_LOOP ( 'NONE', ( #1783, #2084, #1524, #1844 ) ) ;
#234 = ORIENTED_EDGE ( 'NONE', *, *, #1434, .T. ) ;
#235 = VERTEX_POINT ( 'NONE', #2561 ) ;
#236 = CARTESIAN_POINT ( 'NONE',  ( -3.273877217232733727, 4.250000000000000000, -2.084668192219677252 ) ) ;
#237 = DIRECTION ( 'NONE',  ( 0.000000000000000000, -1.000000000000000000, 0.000000000000000000 ) ) ;
#238 = ADVANCED_FACE ( 'NONE', ( #515 ), #933, .T. ) ;
#239 = CARTESIAN_POINT ( 'NONE',  ( -6.718333975802007529, 7.499999999999997335, -5.016476135073485665 ) ) ;
#240 = DIRECTION ( 'NONE',  ( 0.000000000000000000, 0.000000000000000000, -1.000000000000000000 ) ) ;
#241 = EDGE_CURVE ( 'NONE', #2266, #1581, #1125, .T. ) ;
#242 = DIRECTION ( 'NONE',  ( 1.000000000000000000, 0.000000000000000000, 0.000000000000000000 ) ) ;
#243 = DIRECTION ( 'NONE',  ( -0.000000000000000000, 0.9396926207859080948, -0.3420201433256694346 ) ) ;
#244 = VECTOR ( 'NONE', #2068, 1000.000000000000000 ) ;
#245 = ORIENTED_EDGE ( 'NONE', *, *, #1967, .F. ) ;
#246 = DIRECTION ( 'NONE',  ( 0.000000000000000000, 0.000000000000000000, -1.000000000000000000 ) ) ;
#247 = ORIENTED_EDGE ( 'NONE', *, *, #284, .T. ) ;
#248 = PRODUCT_DEFINITION_CONTEXT ( 'detailed design', #2203, 'design' ) ;
#249 = ADVANCED_FACE ( 'NONE', ( #267 ), #689, .F. ) ;
#250 = ORIENTED_EDGE ( 'NONE', *, *, #1513, .T. ) ;
#251 = FACE_OUTER_BOUND ( 'NONE', #664, .T. ) ;
#252 = AXIS2_PLACEMENT_3D ( 'NONE', #327, #70, #1006 ) ;
#253 = CARTESIAN_POINT ( 'NONE',  ( 2.281064073226544142, 4.500000000000000888, 1.540331807780323858 ) ) ;
#254 = CARTESIAN_POINT ( 'NONE',  ( 0.2560640732265440644, -4.499999999999992006, 2.215331807780322571 ) ) ;
#255 = VECTOR ( 'NONE', #1540, 1000.000000000000000 ) ;
#256 = CARTESIAN_POINT ( 'NONE',  ( -5.184040577179710674, 7.500000000000000888, -4.923116197245757775 ) ) ;
#257 = AXIS2_PLACEMENT_3D ( 'NONE', #270, #2358, #2324 ) ;
#258 = CARTESIAN_POINT ( 'NONE',  ( -5.294356862235508387, 4.509552663503134440, 10.72017600227899869 ) ) ;
#259 = CARTESIAN_POINT ( 'NONE',  ( 2.281064073226544142, 4.500000000000000888, 2.890331807780322837 ) ) ;
#260 = ADVANCED_FACE ( 'NONE', ( #964 ), #2773, .F. ) ;
#261 = FACE_OUTER_BOUND ( 'NONE', #1805, .T. ) ;
#262 = DIRECTION ( 'NONE',  ( 0.000000000000000000, 0.3420201433256695456, 0.9396926207859080948 ) ) ;
#263 = CARTESIAN_POINT ( 'NONE',  ( -0.4189359267734555914, 0.000000000000000000, 2.890331807780322837 ) ) ;
#264 = ADVANCED_FACE ( 'NONE', ( #2821 ), #739, .F. ) ;
#265 = AXIS2_PLACEMENT_3D ( 'NONE', #1847, #223, #878 ) ;
#266 = ORIENTED_EDGE ( 'NONE', *, *, #827, .F. ) ;
#267 = FACE_OUTER_BOUND ( 'NONE', #581, .T. ) ;
#268 = VERTEX_POINT ( 'NONE', #1659 ) ;
#269 = ORIENTED_EDGE ( 'NONE', *, *, #1393, .T. ) ;
#270 = CARTESIAN_POINT ( 'NONE',  ( -6.882383940282687185, 6.500000000000000000, 6.418834941878569018E-16 ) ) ;
#271 = CARTESIAN_POINT ( 'NONE',  ( 0.9310640732265444974, 0.000000000000000000, 1.540331807780323636 ) ) ;
#272 = CARTESIAN_POINT ( 'NONE',  ( -0.4189359267734555914, 4.500000000000000888, 2.890331807780322837 ) ) ;
#273 = CARTESIAN_POINT ( 'NONE',  ( -4.925869865765810651, 6.673648177666931858, 10.33858757430176212 ) ) ;
#274 = CARTESIAN_POINT ( 'NONE',  ( -9.229689105863986498, -1.053458627512306123, 11.70108498687085152 ) ) ;
#275 = CARTESIAN_POINT ( 'NONE',  ( 2.073957292039996236, 5.000000000000000000, 2.683225026593775375 ) ) ;
#276 = CARTESIAN_POINT ( 'NONE',  ( 3.036005363685820857, 20.28368184495133519, 6.515331807780323281 ) ) ;
#277 = ADVANCED_FACE ( 'NONE', ( #1832 ), #63, .F. ) ;
#278 = CARTESIAN_POINT ( 'NONE',  ( 9.136866395965629550, 2.377388165875783166, 10.35752831576025379 ) ) ;
#279 = PLANE ( 'NONE',  #2102 ) ;
#280 = ORIENTED_EDGE ( 'NONE', *, *, #160, .T. ) ;
#281 = VERTEX_POINT ( 'NONE', #677 ) ;
#282 = EDGE_CURVE ( 'NONE', #1145, #2574, #3008, .T. ) ;
#283 = EDGE_LOOP ( 'NONE', ( #2501, #1923, #1756, #770 ) ) ;
#284 = EDGE_CURVE ( 'NONE', #1224, #861, #464, .T. ) ;
#285 = CARTESIAN_POINT ( 'NONE',  ( -1.768935926773455014, 0.000000000000000000, -8.523929665757508326E-16 ) ) ;
#286 = LINE ( 'NONE', #2156, #1267 ) ;
#287 = VECTOR ( 'NONE', #1375, 1000.000000000000000 ) ;
#288 = CARTESIAN_POINT ( 'NONE',  ( -6.216555296498821548, 6.758736497387864084, -5.602632110637393303 ) ) ;
#289 = FACE_OUTER_BOUND ( 'NONE', #1235, .T. ) ;
#290 = CARTESIAN_POINT ( 'NONE',  ( 6.738627287310221092, 7.500000000000000000, -4.446252435900216682 ) ) ;
#291 = CARTESIAN_POINT ( 'NONE',  ( 2.286005363685820857, 4.000000000000000000, 6.995273098239597864 ) ) ;
#292 = CARTESIAN_POINT ( 'NONE',  ( 8.760908267725216803, 4.509552663503130887, 7.765752743242371636 ) ) ;
#293 = LINE ( 'NONE', #1261, #2008 ) ;
#294 = VERTEX_POINT ( 'NONE', #1026 ) ;
#295 = ORIENTED_EDGE ( 'NONE', *, *, #2117, .F. ) ;
#296 = ORIENTED_EDGE ( 'NONE', *, *, #1693, .T. ) ;
#297 = AXIS2_PLACEMENT_3D ( 'NONE', #1845, #2593, #2994 ) ;
#298 = EDGE_CURVE ( 'NONE', #859, #220, #2246, .T. ) ;
#299 = TOROIDAL_SURFACE ( 'NONE', #2484, 0.2500000000000000000, 0.7500000000000000000 ) ;
#300 = VERTEX_POINT ( 'NONE', #1948 ) ;
#301 = DIRECTION ( 'NONE',  ( -4.818676322157798361E-16, 0.000000000000000000, 1.000000000000000000 ) ) ;
#302 = CARTESIAN_POINT ( 'NONE',  ( -9.229689105863990051, -1.053458627512305679, -7.270421371310207270 ) ) ;
#303 = CARTESIAN_POINT ( 'NONE',  ( -2.523877217232733727, 4.085505035831416443, -2.799532637875430829 ) ) ;
#304 = ADVANCED_FACE ( 'NONE', ( #800, #372 ), #828, .T. ) ;
#305 = CARTESIAN_POINT ( 'NONE',  ( 8.815692624646866093, 0.000000000000000000, -7.084668192219678140 ) ) ;
#306 = DIRECTION ( 'NONE',  ( -0.1736481776669307198, 0.9848077530122080203, 0.000000000000000000 ) ) ;
#307 = LINE ( 'NONE', #2143, #1367 ) ;
#308 = LINE ( 'NONE', #1884, #2542 ) ;
#309 = CIRCLE ( 'NONE', #212, 1.500000000000000444 ) ;
#310 = ORIENTED_EDGE ( 'NONE', *, *, #1049, .T. ) ;
#311 = AXIS2_PLACEMENT_3D ( 'NONE', #369, #381, #1305 ) ;
#312 = CARTESIAN_POINT ( 'NONE',  ( 8.233611717913051464, 7.500000000000000000, 10.19287945246683158 ) ) ;
#313 = CIRCLE ( 'NONE', #989, 0.7500000000000000000 ) ;
#314 = CARTESIAN_POINT ( 'NONE',  ( 0.000000000000000000, 0.000000000000000000, 2.890331807780322837 ) ) ;
#315 =( BOUNDED_SURFACE ( )  B_SPLINE_SURFACE ( 2, 3, ( 
 ( #1684, #1636, #1408, #2111, #258, #522, #2342, #750, #2615, #1190 ),
 ( #2863, #1651, #1458, #2362, #540, #1441, #943, #2391, #274, #2376 ),
 ( #1233, #2583, #1871, #719, #2162, #2907, #2210, #573, #838, #1764 ) ),
 .UNSPECIFIED., .F., .F., .F. ) 
 B_SPLINE_SURFACE_WITH_KNOTS ( ( 3, 3 ),
 ( 4, 3, 3, 4 ),
 ( 0.000000000000000000, 1.000000000000000000 ),
 ( -0.009936223631339582280, -0.007729667551981029422, 0.000000000000000000, 0.001628576994087272854 ),
 .UNSPECIFIED. ) 
 GEOMETRIC_REPRESENTATION_ITEM ( )  RATIONAL_B_SPLINE_SURFACE ( (
 ( 1.000000000000000000, 1.000000000000000000, 1.000000000000000000, 1.000000000000000000, 1.000000000000000000, 1.000000000000000000, 1.000000000000000000, 1.000000000000000000, 1.000000000000000000, 1.000000000000000000),
 ( 0.7176885430348759476, 0.7176885430348759476, 0.7176885430348759476, 0.7176885430348759476, 0.7176885430348759476, 0.7176885430348759476, 0.7176885430348759476, 0.7176885430348759476, 0.7176885430348759476, 0.7176885430348759476),
 ( 1.000000000000000000, 1.000000000000000000, 1.000000000000000000, 1.000000000000000000, 1.000000000000000000, 1.000000000000000000, 1.000000000000000000, 1.000000000000000000, 1.000000000000000000, 1.000000000000000000) ) ) 
 REPRESENTATION_ITEM ( '' )  SURFACE ( )  );
#316 = ORIENTED_EDGE ( 'NONE', *, *, #298, .F. ) ;
#317 = ORIENTED_EDGE ( 'NONE', *, *, #2874, .T. ) ;
#318 = EDGE_LOOP ( 'NONE', ( #269, #2530, #2806, #1030 ) ) ;
#319 = VECTOR ( 'NONE', #2552, 1000.000000000000000 ) ;
#320 = ORIENTED_EDGE ( 'NONE', *, *, #1116, .F. ) ;
#321 = ADVANCED_FACE ( 'NONE', ( #1295 ), #1700, .F. ) ;
#322 = CARTESIAN_POINT ( 'NONE',  ( -5.286022508074938564, 7.499999999996450839, 10.16686269919865282 ) ) ;
#323 = CARTESIAN_POINT ( 'NONE',  ( -5.294356862235511940, 4.509552663503134440, -6.289512386718353554 ) ) ;
#324 = CARTESIAN_POINT ( 'NONE',  ( -4.523877217232734615, 20.28368184495133519, 5.765331807780324169 ) ) ;
#325 = EDGE_CURVE ( 'NONE', #738, #496, #2974, .T. ) ;
#326 = CARTESIAN_POINT ( 'NONE',  ( -1.773877217232734393, 0.000000000000000000, 9.515331807780324169 ) ) ;
#327 = CARTESIAN_POINT ( 'NONE',  ( 3.786005363685820857, 4.250000000000000000, -2.084668192219678140 ) ) ;
#328 = CARTESIAN_POINT ( 'NONE',  ( 1.781064073226543920, 5.000000000000000000, 2.390331807780322837 ) ) ;
#329 = DIRECTION ( 'NONE',  ( 1.000000000000000000, 0.000000000000000000, 1.606225440719265381E-16 ) ) ;
#330 = CARTESIAN_POINT ( 'NONE',  ( -5.311013701450614022, 6.703448853717199007, 10.31463916190281793 ) ) ;
#331 = ORIENTED_EDGE ( 'NONE', *, *, #874, .T. ) ;
#332 = ORIENTED_EDGE ( 'NONE', *, *, #2160, .F. ) ;
#333 =( BOUNDED_CURVE ( )  B_SPLINE_CURVE ( 3, ( #2847, #1191, #88, #1007 ),
 .UNSPECIFIED., .F., .F. ) 
 B_SPLINE_CURVE_WITH_KNOTS ( ( 4, 4 ),
 ( -8.881784197001252323E-16, 1.570796326794898778 ),
 .UNSPECIFIED. ) 
 CURVE ( )  GEOMETRIC_REPRESENTATION_ITEM ( )  RATIONAL_B_SPLINE_CURVE ( ( 1.000000000000000000, 0.8047378541243643824, 0.8047378541243643824, 1.000000000000000000 ) ) 
 REPRESENTATION_ITEM ( '' )  );
#334 = CARTESIAN_POINT ( 'NONE',  ( 8.379319839747992660, 6.673648177666898107, -2.966602131212042082 ) ) ;
#335 = CARTESIAN_POINT ( 'NONE',  ( 5.239829230553222139, 7.723217276023574662, 10.15352022414362665 ) ) ;
#336 = CARTESIAN_POINT ( 'NONE',  ( -7.043935926773457368, 0.000000000000000000, -5.084668192219678140 ) ) ;
#337 = LINE ( 'NONE', #1477, #1590 ) ;
#338 = CARTESIAN_POINT ( 'NONE',  ( 6.998487643397115043, 7.499999999999974243, 8.598977280668233192 ) ) ;
#339 = CARTESIAN_POINT ( 'NONE',  ( 5.954475777908136536, 7.499999999999997335, -4.873716702553123170 ) ) ;
#340 = EDGE_CURVE ( 'NONE', #2574, #2871, #1755, .T. ) ;
#341 = CARTESIAN_POINT ( 'NONE',  ( 3.786005363685820413, 5.000000000000000000, 6.515331807780323281 ) ) ;
#342 = CARTESIAN_POINT ( 'NONE',  ( 3.036005363685820857, 4.000000000000000000, 6.995273098239597864 ) ) ;
#343 = DIRECTION ( 'NONE',  ( 0.000000000000000000, 0.000000000000000000, -1.000000000000000000 ) ) ;
#344 = EDGE_CURVE ( 'NONE', #2277, #1997, #2141, .T. ) ;
#345 = ORIENTED_EDGE ( 'NONE', *, *, #788, .F. ) ;
#346 = VERTEX_POINT ( 'NONE', #2928 ) ;
#347 = ORIENTED_EDGE ( 'NONE', *, *, #1197, .F. ) ;
#348 = EDGE_LOOP ( 'NONE', ( #1998, #1980, #408, #1087 ) ) ;
#349 = CARTESIAN_POINT ( 'NONE',  ( 8.815692624646866093, 0.000000000000000000, -7.084668192219678140 ) ) ;
#350 = DIRECTION ( 'NONE',  ( 3.955402479226607092E-17, -0.9396926207859082059, -0.3420201433256694901 ) ) ;
#351 = EDGE_CURVE ( 'NONE', #1165, #235, #2090, .T. ) ;
#352 = B_SPLINE_CURVE_WITH_KNOTS ( 'NONE', 3,
 ( #349, #2185, #1034, #1940, #1287, #2219, #2205, #1712 ),
 .UNSPECIFIED., .F., .F.,
 ( 4, 2, 2, 4 ),
 ( 1.829633447167874060E-33, 0.0002896555197651797258, 0.0005793110395303594515, 0.001158622079060720421 ),
 .UNSPECIFIED. ) ;
#353 = AXIS2_PLACEMENT_3D ( 'NONE', #1260, #2194, #1734 ) ;
#354 = CARTESIAN_POINT ( 'NONE',  ( -6.832984437107016973, 7.500000000000000000, -3.483079896901433603 ) ) ;
#355 = CARTESIAN_POINT ( 'NONE',  ( 2.281064073226544142, 0.000000000000000000, 1.540331807780323858 ) ) ;
#356 = CARTESIAN_POINT ( 'NONE',  ( 6.308060342297454604, 7.500000000000000888, 9.161320871195510307 ) ) ;
#357 = CARTESIAN_POINT ( 'NONE',  ( -8.499395615337864029, 8.131516293641245045E-17, -7.084668192219679028 ) ) ;
#358 = DIRECTION ( 'NONE',  ( 0.000000000000000000, 0.000000000000000000, 1.000000000000000000 ) ) ;
#359 = CARTESIAN_POINT ( 'NONE',  ( 0.2560640732265449526, 7.149453399657692110, 6.022645222851664037 ) ) ;
#360 = CIRCLE ( 'NONE', #1909, 1.000000000000000000 ) ;
#361 = ORIENTED_EDGE ( 'NONE', *, *, #912, .T. ) ;
#362 = ADVANCED_FACE ( 'NONE', ( #2411 ), #145, .F. ) ;
#363 = VERTEX_POINT ( 'NONE', #103 ) ;
#364 = CARTESIAN_POINT ( 'NONE',  ( -7.861844011420610734, 6.703976388657616248, 7.778747060883245190 ) ) ;
#365 = CARTESIAN_POINT ( 'NONE',  ( -1.768935926773455680, 0.000000000000000000, 1.540331807780323192 ) ) ;
#366 = CARTESIAN_POINT ( 'NONE',  ( -1.773877217232733727, 2.872123832903321820E-16, -5.084668192219678140 ) ) ;
#367 = CARTESIAN_POINT ( 'NONE',  ( -9.043935926773459144, 0.000000000000000000, -7.084668192219678140 ) ) ;
#368 = AXIS2_PLACEMENT_3D ( 'NONE', #1135, #1793, #1556 ) ;
#369 = CARTESIAN_POINT ( 'NONE',  ( 2.286005363685821301, 4.250000000000000000, -2.564609482678953611 ) ) ;
#370 = CARTESIAN_POINT ( 'NONE',  ( 6.202405598604742387, 6.731014305722814228, -5.823267738679355432 ) ) ;
#371 = LINE ( 'NONE', #2010, #1086 ) ;
#372 = FACE_OUTER_BOUND ( 'NONE', #2934, .T. ) ;
#373 = CARTESIAN_POINT ( 'NONE',  ( 0.2560640732265397346, 7.030000000000002025, 2.215331807780324791 ) ) ;
#374 = ORIENTED_EDGE ( 'NONE', *, *, #2563, .F. ) ;
#375 = EDGE_CURVE ( 'NONE', #888, #2337, #2546, .T. ) ;
#376 = CARTESIAN_POINT ( 'NONE',  ( -6.712108637325844285, 6.775983234089952845, 9.723486368312519446 ) ) ;
#377 = FACE_BOUND ( 'NONE', #1207, .T. ) ;
#378 = CARTESIAN_POINT ( 'NONE',  ( 5.437998012218900890, 7.500000000000000000, -4.923116205728907957 ) ) ;
#379 = LINE ( 'NONE', #2692, #1650 ) ;
#380 = DIRECTION ( 'NONE',  ( -3.955402479226608448E-16, 0.9396926207859083169, -0.3420201433256694346 ) ) ;
#381 = DIRECTION ( 'NONE',  ( 0.000000000000000000, 0.000000000000000000, -1.000000000000000000 ) ) ;
#382 = CARTESIAN_POINT ( 'NONE',  ( 9.464139320877198003, -2.963150673246580245E-15, 11.14904531674760513 ) ) ;
#383 = CARTESIAN_POINT ( 'NONE',  ( 0.2560640732265440644, 7.376235673783147817, -3.158758810132626937 ) ) ;
#384 = ORIENTED_EDGE ( 'NONE', *, *, #2474, .T. ) ;
#385 = FACE_OUTER_BOUND ( 'NONE', #2029, .T. ) ;
#386 = EDGE_CURVE ( 'NONE', #1451, #969, #3003, .T. ) ;
#387 = VECTOR ( 'NONE', #2364, 1000.000000000000000 ) ;
#388 = CARTESIAN_POINT ( 'NONE',  ( 0.2560640732265396791, 7.030000000000002025, 2.215331807780320794 ) ) ;
#389 = ORIENTED_EDGE ( 'NONE', *, *, #1099, .F. ) ;
#390 = VECTOR ( 'NONE', #2429, 1000.000000000000000 ) ;
#391 = EDGE_LOOP ( 'NONE', ( #1103, #2352, #1754, #982 ) ) ;
#392 = VERTEX_POINT ( 'NONE', #1111 ) ;
#393 = CARTESIAN_POINT ( 'NONE',  ( -6.706292730856690198, 6.775844699965834828, -5.297157404252999413 ) ) ;
#394 = CARTESIAN_POINT ( 'NONE',  ( -5.513388061344079105, 4.357030381264832108, -6.316406180236197265 ) ) ;
#395 = DIRECTION ( 'NONE',  ( -0.000000000000000000, 1.000000000000000000, -0.000000000000000000 ) ) ;
#396 = LINE ( 'NONE', #2033, #2670 ) ;
#397 = CARTESIAN_POINT ( 'NONE',  ( -1.768935926773456346, 4.792893218813452982, 2.890331807780322837 ) ) ;
#398 = ADVANCED_FACE ( 'NONE', ( #385 ), #2681, .F. ) ;
#399 = AXIS2_PLACEMENT_3D ( 'NONE', #2118, #2353, #1596 ) ;
#400 = CARTESIAN_POINT ( 'NONE',  ( -5.913701480437204339, 7.499999999999977796, 9.099421025317568024 ) ) ;
#401 = CARTESIAN_POINT ( 'NONE',  ( -3.273877217232733727, 0.000000000000000000, -2.084668192219677252 ) ) ;
#402 = CARTESIAN_POINT ( 'NONE',  ( 5.279188458876435952, 6.673648177666930970, -5.907923958741116977 ) ) ;
#403 = EDGE_LOOP ( 'NONE', ( #2167, #1788, #953, #1674 ) ) ;
#404 = CLOSED_SHELL ( 'NONE', ( #2043, #507, #2568, #2832, #2984, #1323, #2553, #2120, #952, #2064, #692, #1687, #973, #1228, #1704, #1645, #2586, #2409, #2136, #362, #2665, #2794, #238, #1771, #1577, #1858, #1555, #304, #1671, #2510, #531, #1431, #550, #2403, #1170, #2644, #192, #472, #1736, #2292, #1790, #2178, #2622, #2624, #30, #2998, #2950, #129, #1809, #210, #914, #321, #2979, #2891, #264, #26, #2295, #2684, #1491, #2009, #2181, #810, #614, #2722, #1748, #108, #249, #1938, #1728, #277, #731, #467, #1452, #1421, #710, #908, #260, #512, #2344, #9, #1404, #2811, #1355, #2868, #228, #2848, #2097, #398, #1302, #845, #2492 ) ) ;
#405 = CARTESIAN_POINT ( 'NONE',  ( 5.819479326329275004, 6.703976388656814223, 10.33323989242761520 ) ) ;
#406 = CARTESIAN_POINT ( 'NONE',  ( 0.2560640732265436759, 7.149453399657692110, -1.591981607291016898 ) ) ;
#407 = VERTEX_POINT ( 'NONE', #446 ) ;
#408 = ORIENTED_EDGE ( 'NONE', *, *, #752, .F. ) ;
#409 = VECTOR ( 'NONE', #1965, 1000.000000000000000 ) ;
#410 = AXIS2_PLACEMENT_3D ( 'NONE', #2404, #1200, #2139 ) ;
#411 = ORIENTED_EDGE ( 'NONE', *, *, #194, .T. ) ;
#412 = VECTOR ( 'NONE', #2225, 1000.000000000000000 ) ;
#413 = AXIS2_PLACEMENT_3D ( 'NONE', #1105, #876, #2060 ) ;
#414 = DIRECTION ( 'NONE',  ( 0.000000000000000000, -0.9396926207859083169, -0.3420201433256692125 ) ) ;
#415 = CARTESIAN_POINT ( 'NONE',  ( -8.605579655160346064, -1.702799775392677573, -7.384917735365720937 ) ) ;
#416 =( BOUNDED_CURVE ( )  B_SPLINE_CURVE ( 3, ( #1960, #1301, #1052, #2674 ),
 .UNSPECIFIED., .F., .F. ) 
 B_SPLINE_CURVE_WITH_KNOTS ( ( 4, 4 ),
 ( 1.570796326794895670, 3.141592653589793116 ),
 .UNSPECIFIED. ) 
 CURVE ( )  GEOMETRIC_REPRESENTATION_ITEM ( )  RATIONAL_B_SPLINE_CURVE ( ( 1.000000000000000000, 0.8047378541243648264, 0.8047378541243648264, 1.000000000000000000 ) ) 
 REPRESENTATION_ITEM ( '' )  );
#417 = FACE_OUTER_BOUND ( 'NONE', #1, .T. ) ;
#418 = DIRECTION ( 'NONE',  ( 1.000000000000000000, -0.000000000000000000, -0.000000000000000000 ) ) ;
#419 = EDGE_CURVE ( 'NONE', #2685, #1925, #2273, .T. ) ;
#420 = CARTESIAN_POINT ( 'NONE',  ( -2.523877217232733727, 4.085505035831417331, -2.799532637875429941 ) ) ;
#421 = CARTESIAN_POINT ( 'NONE',  ( -5.909167955274256201, 7.500000000000001776, -4.671287462120883305 ) ) ;
#422 = CYLINDRICAL_SURFACE ( 'NONE', #2153, 1.000000000000000000 ) ;
#423 = ORIENTED_EDGE ( 'NONE', *, *, #1177, .F. ) ;
#424 = ORIENTED_EDGE ( 'NONE', *, *, #194, .F. ) ;
#425 = ORIENTED_EDGE ( 'NONE', *, *, #2697, .T. ) ;
#426 = DIRECTION ( 'NONE',  ( -0.000000000000000000, -1.000000000000000000, -0.000000000000000000 ) ) ;
#427 = CARTESIAN_POINT ( 'NONE',  ( -7.043935926773457368, 0.000000000000000000, -5.084668192219678140 ) ) ;
#428 = LINE ( 'NONE', #1796, #213 ) ;
#429 = CARTESIAN_POINT ( 'NONE',  ( -3.273877217232734171, 4.250000000000000000, 5.765331807780324169 ) ) ;
#430 = CARTESIAN_POINT ( 'NONE',  ( 8.760908267725223908, 4.509552663503129111, -3.335089127681731380 ) ) ;
#431 = CYLINDRICAL_SURFACE ( 'NONE', #1409, 0.5000000000000000000 ) ;
#432 = CARTESIAN_POINT ( 'NONE',  ( 2.286005363685821745, 3.467810911466545250E-16, -5.084668192219678140 ) ) ;
#433 = DIRECTION ( 'NONE',  ( 1.873929680839142821E-16, 0.000000000000000000, -1.000000000000000000 ) ) ;
#434 = EDGE_CURVE ( 'NONE', #565, #1820, #915, .T. ) ;
#435 = ORIENTED_EDGE ( 'NONE', *, *, #1810, .T. ) ;
#436 = VERTEX_POINT ( 'NONE', #1578 ) ;
#437 = EDGE_CURVE ( 'NONE', #1365, #1047, #1800, .T. ) ;
#438 = AXIS2_PLACEMENT_3D ( 'NONE', #1037, #1273, #154 ) ;
#439 = ORIENTED_EDGE ( 'NONE', *, *, #2516, .F. ) ;
#440 = VERTEX_POINT ( 'NONE', #2712 ) ;
#441 = DIRECTION ( 'NONE',  ( 1.000000000000000000, 0.000000000000000000, -0.000000000000000000 ) ) ;
#442 = CARTESIAN_POINT ( 'NONE',  ( -1.773877217232734171, 5.000000000000000000, -2.051457634822689797E-16 ) ) ;
#443 = LINE ( 'NONE', #909, #1420 ) ;
#444 = CARTESIAN_POINT ( 'NONE',  ( 9.556064073226542277, 0.000000000000000000, -6.344296743640001957 ) ) ;
#445 = DIRECTION ( 'NONE',  ( -1.000000000000000000, -0.000000000000000000, -1.156482317317871478E-16 ) ) ;
#446 = CARTESIAN_POINT ( 'NONE',  ( 0.4310640732265441644, 5.000000000000000000, 3.740331807780323370 ) ) ;
#447 = AXIS2_PLACEMENT_3D ( 'NONE', #2228, #1247, #2632 ) ;
#448 = SURFACE_STYLE_USAGE ( .BOTH. , #230 ) ;
#449 = ORIENTED_EDGE ( 'NONE', *, *, #351, .T. ) ;
#450 = EDGE_CURVE ( 'NONE', #787, #392, #2012, .T. ) ;
#451 = VERTEX_POINT ( 'NONE', #631 ) ;
#452 = ORIENTED_EDGE ( 'NONE', *, *, #375, .F. ) ;
#453 = DIRECTION ( 'NONE',  ( -0.000000000000000000, 1.000000000000000000, -0.000000000000000000 ) ) ;
#454 = AXIS2_PLACEMENT_3D ( 'NONE', #535, #1455, #745 ) ;
#455 = CARTESIAN_POINT ( 'NONE',  ( 5.036005363685820413, 0.000000000000000000, 0.000000000000000000 ) ) ;
#456 = ORIENTED_EDGE ( 'NONE', *, *, #2908, .F. ) ;
#457 = VECTOR ( 'NONE', #2527, 1000.000000000000000 ) ;
#458 = CARTESIAN_POINT ( 'NONE',  ( -8.632175522414758717, 2.335209295277963726, -5.865494360499361015 ) ) ;
#459 = CARTESIAN_POINT ( 'NONE',  ( 9.648940662771812171, -0.5267293137561530614, -7.177544781764945370 ) ) ;
#460 = VERTEX_POINT ( 'NONE', #2727 ) ;
#461 = CARTESIAN_POINT ( 'NONE',  ( -9.043935926773457368, 0.000000000000000000, 10.77496035920045614 ) ) ;
#462 = LINE ( 'NONE', #1654, #387 ) ;
#463 = ORIENTED_EDGE ( 'NONE', *, *, #178, .F. ) ;
#464 = LINE ( 'NONE', #2667, #2923 ) ;
#465 = ORIENTED_EDGE ( 'NONE', *, *, #729, .F. ) ;
#466 = DIRECTION ( 'NONE',  ( 0.000000000000000000, 0.000000000000000000, 1.000000000000000000 ) ) ;
#467 = ADVANCED_FACE ( 'NONE', ( #1350 ), #2512, .F. ) ;
#468 = ORIENTED_EDGE ( 'NONE', *, *, #49, .T. ) ;
#469 = CARTESIAN_POINT ( 'NONE',  ( 0.2560640732265438979, 7.030000000000000249, 0.2621121299714950226 ) ) ;
#470 = CARTESIAN_POINT ( 'NONE',  ( 5.036005363685820413, 4.250000000000000000, -1.334668192219678362 ) ) ;
#471 = CARTESIAN_POINT ( 'NONE',  ( 8.931954622522903620, -0.6493411478803705617, -7.199164556275194471 ) ) ;
#472 = ADVANCED_FACE ( 'NONE', ( #2286 ), #2702, .T. ) ;
#473 = CARTESIAN_POINT ( 'NONE',  ( -5.436074317192651328, 7.500000000000000000, -4.875706533681026578 ) ) ;
#474 = CARTESIAN_POINT ( 'NONE',  ( -9.043935926773453815, 2.495020249432266763E-14, 10.97079149634470241 ) ) ;
#475 = CARTESIAN_POINT ( 'NONE',  ( 7.762934902864045306, 6.776010522933517244, 9.185077414848176858 ) ) ;
#476 = FACE_OUTER_BOUND ( 'NONE', #2635, .T. ) ;
#477 = ORIENTED_EDGE ( 'NONE', *, *, #434, .F. ) ;
#478 = CARTESIAN_POINT ( 'NONE',  ( 5.437998012218894672, 7.500000000000000000, 9.353779821289549545 ) ) ;
#479 = ORIENTED_EDGE ( 'NONE', *, *, #2047, .T. ) ;
#480 = EDGE_LOOP ( 'NONE', ( #700, #949, #1184, #2634 ) ) ;
#481 = EDGE_CURVE ( 'NONE', #1237, #407, #2559, .T. ) ;
#482 = LINE ( 'NONE', #1401, #2350 ) ;
#483 = CARTESIAN_POINT ( 'NONE',  ( 8.787802061243064955, 4.357030381264831220, -3.554120326790295437 ) ) ;
#484 = CARTESIAN_POINT ( 'NONE',  ( -1.773877217232734393, 19.28860755330357435, 2.733944146982015599 ) ) ;
#485 = CARTESIAN_POINT ( 'NONE',  ( 7.484268258771969329, 7.500000000000052403, 9.193793387693251162 ) ) ;
#486 = DIRECTION ( 'NONE',  ( 1.000000000000000000, 0.000000000000000000, 0.000000000000000000 ) ) ;
#487 = CARTESIAN_POINT ( 'NONE',  ( 0.9310640732265447195, 5.000000000000000000, 0.6903318077803231034 ) ) ;
#488 = B_SPLINE_CURVE_WITH_KNOTS ( 'NONE', 3,
 ( #1300, #2919, #394, #1288 ),
 .UNSPECIFIED., .F., .F.,
 ( 4, 4 ),
 ( -0.008108464959739467709, -0.0008538981450217286370 ),
 .UNSPECIFIED. ) ;
#489 = CARTESIAN_POINT ( 'NONE',  ( -1.773877217232734171, 5.000000000000000000, 6.515331807780323281 ) ) ;
#490 = DIRECTION ( 'NONE',  ( 0.000000000000000000, 0.000000000000000000, -1.000000000000000000 ) ) ;
#491 = ORIENTED_EDGE ( 'NONE', *, *, #1574, .F. ) ;
#492 = CARTESIAN_POINT ( 'NONE',  ( -1.773877217232734171, 4.000000000000000000, 6.995273098239597864 ) ) ;
#493 = ORIENTED_EDGE ( 'NONE', *, *, #1772, .T. ) ;
#494 = DIRECTION ( 'NONE',  ( 0.000000000000000000, 0.000000000000000000, 1.000000000000000000 ) ) ;
#495 = DIRECTION ( 'NONE',  ( -0.000000000000000000, 1.000000000000000000, -0.000000000000000000 ) ) ;
#496 = VERTEX_POINT ( 'NONE', #75 ) ;
#497 = DIRECTION ( 'NONE',  ( 1.000000000000000000, 0.000000000000000000, 1.606225440719265874E-16 ) ) ;
#498 = AXIS2_PLACEMENT_3D ( 'NONE', #958, #764, #1426 ) ;
#499 = LINE ( 'NONE', #470, #2436 ) ;
#500 = FACE_OUTER_BOUND ( 'NONE', #1250, .T. ) ;
#501 = CIRCLE ( 'NONE', #2398, 0.7500000000000000000 ) ;
#502 = CARTESIAN_POINT ( 'NONE',  ( -6.882383940282686297, 7.500000000000000000, 7.238456193430208074 ) ) ;
#503 = AXIS2_PLACEMENT_3D ( 'NONE', #2796, #1679, #2138 ) ;
#504 = CARTESIAN_POINT ( 'NONE',  ( 4.725345191905999442, 5.000000000000000000, 5.454671636000502311 ) ) ;
#505 = CARTESIAN_POINT ( 'NONE',  ( 9.556064073226545830, 0.000000000000000000, 10.77496035920064266 ) ) ;
#506 = EDGE_CURVE ( 'NONE', #1802, #1165, #2818, .T. ) ;
#507 = ADVANCED_FACE ( 'NONE', ( #476 ), #1031, .T. ) ;
#508 = EDGE_CURVE ( 'NONE', #1925, #1047, #1462, .T. ) ;
#509 = DIRECTION ( 'NONE',  ( 1.529392764415419442E-16, -8.673617379884012792E-16, 1.000000000000000000 ) ) ;
#510 = DIRECTION ( 'NONE',  ( -0.000000000000000000, 1.000000000000000000, -0.000000000000000000 ) ) ;
#511 = CARTESIAN_POINT ( 'NONE',  ( 9.670560437282057720, -0.6493411478803705617, 10.89122235707668374 ) ) ;
#512 = ADVANCED_FACE ( 'NONE', ( #2114 ), #2605, .F. ) ;
#513 = CARTESIAN_POINT ( 'NONE',  ( -7.861796392163316050, 6.704246450888937225, 7.782137638005523606 ) ) ;
#514 = VERTEX_POINT ( 'NONE', #1176 ) ;
#515 = FACE_OUTER_BOUND ( 'NONE', #1739, .T. ) ;
#516 = ORIENTED_EDGE ( 'NONE', *, *, #2947, .F. ) ;
#517 = ORIENTED_EDGE ( 'NONE', *, *, #818, .T. ) ;
#518 = FACE_OUTER_BOUND ( 'NONE', #2422, .T. ) ;
#519 = CARTESIAN_POINT ( 'NONE',  ( 4.988152577824809697, 9.150546501064461324, 9.901843571415213319 ) ) ;
#520 = DIRECTION ( 'NONE',  ( -3.252606517456513795E-16, 0.000000000000000000, 1.000000000000000000 ) ) ;
#521 = DIRECTION ( 'NONE',  ( 3.955402479226607092E-17, -0.9396926207859080948, -0.3420201433256694346 ) ) ;
#522 = CARTESIAN_POINT ( 'NONE',  ( -7.886132434753388765, 2.377388165875785830, 11.09613413051940967 ) ) ;
#523 = CARTESIAN_POINT ( 'NONE',  ( 6.731972720339746807, 6.758876619454892598, -5.600852131575404513 ) ) ;
#524 = CARTESIAN_POINT ( 'NONE',  ( -1.773877217232734171, 4.250000000000000000, 0.000000000000000000 ) ) ;
#525 = DIRECTION ( 'NONE',  ( -0.000000000000000000, 1.000000000000000000, -0.000000000000000000 ) ) ;
#526 = CARTESIAN_POINT ( 'NONE',  ( -7.358562756916135150, 7.149453399657691222, -1.591981607291015344 ) ) ;
#527 =( BOUNDED_SURFACE ( )  B_SPLINE_SURFACE ( 3, 2, ( 
 ( #2845, #2126, #2569 ),
 ( #53, #974, #256 ),
 ( #1929, #2375, #473 ),
 ( #288, #1394, #1668 ),
 ( #1216, #1882, #2327 ),
 ( #1189, #2813, #2142 ),
 ( #2829, #239, #1171 ),
 ( #2582, #2600, #69 ),
 ( #2209, #1256, #587 ),
 ( #99, #2430, #1529 ),
 ( #140, #1038, #822 ),
 ( #1063, #2189, #354 ),
 ( #1274, #127, #1972 ),
 ( #2921, #836, #1760 ) ),
 .UNSPECIFIED., .F., .F., .F. ) 
 B_SPLINE_SURFACE_WITH_KNOTS ( ( 4, 2, 2, 2, 2, 2, 4 ),
 ( 3, 3 ),
 ( -1.734723475976807094E-18, 0.0007638608662527266628, 0.001145791299379090916, 0.001527721732505455060, 0.001909652165631819422, 0.002291582598758183566, 0.003055443465010911856 ),
 ( 0.000000000000000000, 1.000000000000000000 ),
 .UNSPECIFIED. ) 
 GEOMETRIC_REPRESENTATION_ITEM ( )  RATIONAL_B_SPLINE_SURFACE ( (
 ( 1.000000000000000000, 0.7660444431189779024, 1.000000000000000000),
 ( 1.000000000000000000, 0.7759492566160371974, 1.000000000000000000),
 ( 1.000000000000000000, 0.7843875305290354261, 1.000000000000000000),
 ( 1.000000000000000000, 0.7933329315642425605, 1.000000000000000000),
 ( 1.000000000000000000, 0.7956062205384846209, 1.000000000000000000),
 ( 1.000000000000000000, 0.7986910562182973905, 1.000000000000000000),
 ( 1.000000000000000000, 0.7994994804569185431, 1.000000000000000000),
 ( 1.000000000000000000, 0.7995152545924554266, 1.000000000000000000),
 ( 1.000000000000000000, 0.7987452346174535034, 1.000000000000000000),
 ( 1.000000000000000000, 0.7956907360360561121, 1.000000000000000000),
 ( 1.000000000000000000, 0.7933769205348617515, 1.000000000000000000),
 ( 1.000000000000000000, 0.7845646354215524143, 1.000000000000000000),
 ( 1.000000000000000000, 0.7760110392367041143, 1.000000000000000000),
 ( 1.000000000000000000, 0.7660444431189773473, 1.000000000000000000) ) ) 
 REPRESENTATION_ITEM ( '' )  SURFACE ( )  );
#528 = EDGE_LOOP ( 'NONE', ( #579, #2977, #6, #1627 ) ) ;
#529 = EDGE_LOOP ( 'NONE', ( #463, #1866, #2105, #180 ) ) ;
#530 = ORIENTED_EDGE ( 'NONE', *, *, #2195, .F. ) ;
#531 = ADVANCED_FACE ( 'NONE', ( #1193 ), #2901, .T. ) ;
#532 = VERTEX_POINT ( 'NONE', #2171 ) ;
#533 = DIRECTION ( 'NONE',  ( 1.000000000000000000, 0.000000000000000000, 0.000000000000000000 ) ) ;
#534 = CARTESIAN_POINT ( 'NONE',  ( -7.595645245095764331, 8.213664612520444663, -5.636377510541980662 ) ) ;
#535 = CARTESIAN_POINT ( 'NONE',  ( 7.394512086735772982, 6.500000000000000000, -1.379293947339225271E-15 ) ) ;
#536 = APPLICATION_CONTEXT ( 'automotive_design' ) ;
#537 = VECTOR ( 'NONE', #2675, 1000.000000000000000 ) ;
#538 = LINE ( 'NONE', #2389, #1702 ) ;
#539 = CARTESIAN_POINT ( 'NONE',  ( -2.523877217232734171, 0.000000000000000000, 9.184734158178690322 ) ) ;
#540 = CARTESIAN_POINT ( 'NONE',  ( -8.162301023231131936, 5.000000000000003553, 10.63369690423799696 ) ) ;
#541 = CARTESIAN_POINT ( 'NONE',  ( 3.786005363685820413, 4.250000000000000000, 6.515331807780323281 ) ) ;
#542 = ORIENTED_EDGE ( 'NONE', *, *, #1732, .T. ) ;
#543 = CARTESIAN_POINT ( 'NONE',  ( 8.674429169684216845, 5.000000000000000000, 10.63369690423799518 ) ) ;
#544 = FACE_OUTER_BOUND ( 'NONE', #1753, .T. ) ;
#545 = VERTEX_POINT ( 'NONE', #584 ) ;
#546 = EDGE_CURVE ( 'NONE', #564, #1353, #286, .T. ) ;
#547 = EDGE_LOOP ( 'NONE', ( #1889, #1644, #619, #79 ) ) ;
#548 = AXIS2_PLACEMENT_3D ( 'NONE', #1639, #1396, #490 ) ;
#549 = EDGE_CURVE ( 'NONE', #981, #45, #1214, .T. ) ;
#550 = ADVANCED_FACE ( 'NONE', ( #1505 ), #1339, .T. ) ;
#551 = CARTESIAN_POINT ( 'NONE',  ( -7.133779921856411299, 6.778398839171499546, 9.327473019877285054 ) ) ;
#552 = CARTESIAN_POINT ( 'NONE',  ( -7.430447690408350958, 9.150546501064464877, -2.516756696817945560 ) ) ;
#553 = CARTESIAN_POINT ( 'NONE',  ( -3.277232857165486181E-16, 4.500000000000000888, 2.040331807780323192 ) ) ;
#554 = CARTESIAN_POINT ( 'NONE',  ( -2.523877217232734171, -0.000000000000000000, 0.000000000000000000 ) ) ;
#555 =( BOUNDED_SURFACE ( )  B_SPLINE_SURFACE ( 3, 2, ( 
 ( #2883, #2377, #2177 ),
 ( #1918, #796, #2163 ),
 ( #2128, #2144, #976 ),
 ( #101, #1931, #2864 ),
 ( #1025, #1946, #55 ),
 ( #1901, #2647, #1442 ),
 ( #780, #2831, #2631 ),
 ( #765, #1218, #290 ),
 ( #751, #1685, #558 ),
 ( #1670, #2603, #575 ),
 ( #523, #839, #2226 ),
 ( #370, #1989, #339 ),
 ( #2695, #2476, #1532 ),
 ( #1746, #1320, #1258 ) ),
 .UNSPECIFIED., .F., .F., .F. ) 
 B_SPLINE_SURFACE_WITH_KNOTS ( ( 4, 2, 2, 2, 2, 2, 4 ),
 ( 3, 3 ),
 ( 0.000000000000000000, 0.0007638608662527279639, 0.001145791299379092000, 0.001527721732505455928, 0.001909652165631819856, 0.002291582598758184000, 0.003055443465010911856 ),
 ( 0.000000000000000000, 1.000000000000000000 ),
 .UNSPECIFIED. ) 
 GEOMETRIC_REPRESENTATION_ITEM ( )  RATIONAL_B_SPLINE_SURFACE ( (
 ( 1.000000000000000000, 0.7660444431189782355, 1.000000000000000000),
 ( 1.000000000000000000, 0.7759492566160046678, 1.000000000000000000),
 ( 1.000000000000000000, 0.7843875305290779476, 1.000000000000000000),
 ( 1.000000000000000000, 0.7933329315642204671, 1.000000000000000000),
 ( 1.000000000000000000, 0.7956062205385348030, 1.000000000000000000),
 ( 1.000000000000000000, 0.7986910562182483186, 1.000000000000000000),
 ( 1.000000000000000000, 0.7994994804569820479, 1.000000000000000000),
 ( 1.000000000000000000, 0.7995152545923905896, 1.000000000000000000),
 ( 1.000000000000000000, 0.7987452346174044315, 1.000000000000000000),
 ( 1.000000000000000000, 0.7956907360361067383, 1.000000000000000000),
 ( 1.000000000000000000, 0.7933769205348053521, 1.000000000000000000),
 ( 1.000000000000000000, 0.7845646354216665452, 1.000000000000000000),
 ( 1.000000000000000000, 0.7760110392366166288, 1.000000000000000000),
 ( 1.000000000000000000, 0.7660444431189782355, 1.000000000000000000) ) ) 
 REPRESENTATION_ITEM ( '' )  SURFACE ( )  );
#556 = CARTESIAN_POINT ( 'NONE',  ( 1.901695572563236989E-16, 4.250000000000000000, -0.5846681922196763637 ) ) ;
#557 = CARTESIAN_POINT ( 'NONE',  ( -3.273877217232734171, 4.250000000000000000, 5.015331807780324169 ) ) ;
#558 = CARTESIAN_POINT ( 'NONE',  ( 6.639709546865147693, 7.499999999999976019, -4.527091763326671625 ) ) ;
#559 = AXIS2_PLACEMENT_3D ( 'NONE', #704, #237, #2077 ) ;
#560 = AXIS2_PLACEMENT_3D ( 'NONE', #214, #2269, #1108 ) ;
#561 = DIRECTION ( 'NONE',  ( -1.000000000000000000, -0.000000000000000000, 0.000000000000000000 ) ) ;
#562 = AXIS2_PLACEMENT_3D ( 'NONE', #2395, #736, #91 ) ;
#563 = CARTESIAN_POINT ( 'NONE',  ( -5.118305812233188590, 6.688947303890572016, 10.33588992556727248 ) ) ;
#564 = VERTEX_POINT ( 'NONE', #2705 ) ;
#565 = VERTEX_POINT ( 'NONE', #1106 ) ;
#566 = VERTEX_POINT ( 'NONE', #2472 ) ;
#567 = ORIENTED_EDGE ( 'NONE', *, *, #1744, .F. ) ;
#568 = CARTESIAN_POINT ( 'NONE',  ( -6.834974268234681460, 7.499999999999995559, 7.907470198199664679 ) ) ;
#569 = EDGE_CURVE ( 'NONE', #1629, #1013, #2031, .T. ) ;
#570 = CARTESIAN_POINT ( 'NONE',  ( 5.036005363685820413, 20.28368184495133519, 5.765331807780324169 ) ) ;
#571 = CARTESIAN_POINT ( 'NONE',  ( 7.394512086735780088, 7.500000000000000000, -2.966602131212032756 ) ) ;
#572 = DIRECTION ( 'NONE',  ( -0.000000000000000000, 0.000000000000000000, -1.000000000000000000 ) ) ;
#573 = CARTESIAN_POINT ( 'NONE',  ( -9.158432290828972810, -0.6493411478803686743, 10.89122235707668196 ) ) ;
#574 = EDGE_CURVE ( 'NONE', #2103, #1362, #488, .T. ) ;
#575 = CARTESIAN_POINT ( 'NONE',  ( 6.425829626139612394, 7.499999999999976019, -4.668757408820505717 ) ) ;
#576 = CARTESIAN_POINT ( 'NONE',  ( 0.9310640732265444974, 4.500000000000000888, 2.890331807780322837 ) ) ;
#577 = CYLINDRICAL_SURFACE ( 'NONE', #2302, 0.7499999999999997780 ) ;
#578 = ORIENTED_EDGE ( 'NONE', *, *, #1085, .F. ) ;
#579 = ORIENTED_EDGE ( 'NONE', *, *, #2360, .F. ) ;
#580 = ORIENTED_EDGE ( 'NONE', *, *, #132, .T. ) ;
#581 = EDGE_LOOP ( 'NONE', ( #2792, #1703, #2824, #1891 ) ) ;
#582 = ORIENTED_EDGE ( 'NONE', *, *, #1973, .F. ) ;
#583 = CARTESIAN_POINT ( 'NONE',  ( -6.975743869627005544, 7.499999999999659828, 9.189729856808845909 ) ) ;
#584 = CARTESIAN_POINT ( 'NONE',  ( 0.2560640732265443975, 5.000000000000000000, -0.7846681922196777625 ) ) ;
#585 = LINE ( 'NONE', #111, #1483 ) ;
#586 = DIRECTION ( 'NONE',  ( -0.1736481776669307198, -0.9848077530122080203, 0.000000000000000000 ) ) ;
#587 = CARTESIAN_POINT ( 'NONE',  ( -6.486359497880452629, 7.499999999999977796, -4.168313665858446981 ) ) ;
#588 = CARTESIAN_POINT ( 'NONE',  ( 0.000000000000000000, 5.000000000000000000, 3.740331807780323370 ) ) ;
#589 = CARTESIAN_POINT ( 'NONE',  ( 5.036005363685820413, 4.250000000000000000, -1.334668192219678362 ) ) ;
#590 = CARTESIAN_POINT ( 'NONE',  ( 9.409499558020852916, -8.012273643972434977E-15, 11.23148444536091617 ) ) ;
#591 = AXIS2_PLACEMENT_3D ( 'NONE', #367, #1290, #586 ) ;
#592 = DIRECTION ( 'NONE',  ( 1.000000000000000000, 0.000000000000000000, 2.208559980988990669E-16 ) ) ;
#593 = CARTESIAN_POINT ( 'NONE',  ( 7.394512086735774758, 6.500000000000000000, 7.397265746772673900 ) ) ;
#594 = PLANE ( 'NONE',  #2786 ) ;
#595 = EDGE_CURVE ( 'NONE', #1843, #2820, #2234, .T. ) ;
#596 = EDGE_LOOP ( 'NONE', ( #2055, #2091, #2518, #2803 ) ) ;
#597 = CARTESIAN_POINT ( 'NONE',  ( -3.273877217232734171, 4.250000000000000000, 6.515331807780323281 ) ) ;
#598 = PLANE ( 'NONE',  #756 ) ;
#599 = CARTESIAN_POINT ( 'NONE',  ( -0.4189359267734552583, 0.000000000000000000, 0.1903318077803227426 ) ) ;
#600 = VECTOR ( 'NONE', #2333, 1000.000000000000000 ) ;
#601 = LINE ( 'NONE', #2646, #773 ) ;
#602 = CARTESIAN_POINT ( 'NONE',  ( 5.697000701287834978, 7.500000000000000888, 9.353779821289551322 ) ) ;
#603 = FACE_OUTER_BOUND ( 'NONE', #2332, .T. ) ;
#604 = CARTESIAN_POINT ( 'NONE',  ( 3.036005363685820857, 0.000000000000000000, 8.717198478423387797 ) ) ;
#605 = AXIS2_PLACEMENT_3D ( 'NONE', #2743, #901, #3005 ) ;
#606 = CARTESIAN_POINT ( 'NONE',  ( 7.645083285227219250, 6.778399508420206665, -4.897641329787067122 ) ) ;
#607 = AXIS2_PLACEMENT_3D ( 'NONE', #557, #1917, #779 ) ;
#608 = ORIENTED_EDGE ( 'NONE', *, *, #102, .F. ) ;
#609 = AXIS2_PLACEMENT_3D ( 'NONE', #2892, #807, #137 ) ;
#610 = CARTESIAN_POINT ( 'NONE',  ( -6.408080780626278283, 7.499999999999994671, 8.694963190851961343 ) ) ;
#611 = EDGE_CURVE ( 'NONE', #888, #1362, #643, .T. ) ;
#612 = LINE ( 'NONE', #366, #2158 ) ;
#613 = DIRECTION ( 'NONE',  ( 0.000000000000000000, 0.3420201433256693235, 0.9396926207859080948 ) ) ;
#614 = ADVANCED_FACE ( 'NONE', ( #2270 ), #2036, .T. ) ;
#615 = DIRECTION ( 'NONE',  ( 3.955402479226607708E-17, -0.9396926207859082059, -0.3420201433256694901 ) ) ;
#616 = CARTESIAN_POINT ( 'NONE',  ( 9.556064073226545830, 0.000000000000000000, 10.77496035920064266 ) ) ;
#617 = DIRECTION ( 'NONE',  ( 0.000000000000000000, 0.000000000000000000, 1.000000000000000000 ) ) ;
#618 = CARTESIAN_POINT ( 'NONE',  ( 0.2560640732265438979, 7.030000000000000249, 0.2621121299714950781 ) ) ;
#619 = ORIENTED_EDGE ( 'NONE', *, *, #1099, .T. ) ;
#620 = ORIENTED_EDGE ( 'NONE', *, *, #1469, .T. ) ;
#621 = EDGE_CURVE ( 'NONE', #2774, #1365, #1352, .T. ) ;
#622 = VERTEX_POINT ( 'NONE', #429 ) ;
#623 = EDGE_CURVE ( 'NONE', #31, #1820, #1837, .T. ) ;
#624 = CARTESIAN_POINT ( 'NONE',  ( 2.281064073226544142, 5.000000000000000000, 2.040331807780323636 ) ) ;
#625 = DIRECTION ( 'NONE',  ( 1.000000000000000000, 0.000000000000000000, 1.873929680839142821E-16 ) ) ;
#626 = CARTESIAN_POINT ( 'NONE',  ( -0.4189359267734556469, 5.000000000000000000, 2.040331807780323192 ) ) ;
#627 = DIRECTION ( 'NONE',  ( 1.000000000000000000, 0.000000000000000000, -0.000000000000000000 ) ) ;
#628 = CARTESIAN_POINT ( 'NONE',  ( 2.281064073226544142, 0.000000000000000000, 0.000000000000000000 ) ) ;
#629 = CARTESIAN_POINT ( 'NONE',  ( 3.036005363685820857, 4.250000000000000000, 6.515331807780323281 ) ) ;
#630 = EDGE_LOOP ( 'NONE', ( #1705, #849, #181 ) ) ;
#631 = CARTESIAN_POINT ( 'NONE',  ( -2.523877217232733727, 0.000000000000000000, -4.286534862862743545 ) ) ;
#632 = CARTESIAN_POINT ( 'NONE',  ( -3.273877217232734615, 5.000000000000000000, -0.5846681922196774739 ) ) ;
#633 = VERTEX_POINT ( 'NONE', #2579 ) ;
#634 = ORIENTED_EDGE ( 'NONE', *, *, #1376, .T. ) ;
#635 = EDGE_CURVE ( 'NONE', #1875, #1209, #499, .T. ) ;
#636 = ORIENTED_EDGE ( 'NONE', *, *, #1050, .F. ) ;
#637 = CARTESIAN_POINT ( 'NONE',  ( -9.043935926773457368, 0.000000000000000000, 10.77496035920045614 ) ) ;
#638 = FACE_OUTER_BOUND ( 'NONE', #2382, .T. ) ;
#639 = EDGE_CURVE ( 'NONE', #1195, #1689, #1515, .T. ) ;
#640 = EDGE_CURVE ( 'NONE', #740, #2607, #1978, .T. ) ;
#641 = CARTESIAN_POINT ( 'NONE',  ( -8.275673914789971164, 4.357030381264870300, -3.554120326790270568 ) ) ;
#642 =( BOUNDED_CURVE ( )  B_SPLINE_CURVE ( 3, ( #1603, #2540, #2781, #3 ),
 .UNSPECIFIED., .F., .F. ) 
 B_SPLINE_CURVE_WITH_KNOTS ( ( 4, 4 ),
 ( 4.712388980384689674, 6.283185307179586232 ),
 .UNSPECIFIED. ) 
 CURVE ( )  GEOMETRIC_REPRESENTATION_ITEM ( )  RATIONAL_B_SPLINE_CURVE ( ( 1.000000000000000000, 0.8047378541243649375, 0.8047378541243649375, 1.000000000000000000 ) ) 
 REPRESENTATION_ITEM ( '' )  );
#643 = CIRCLE ( 'NONE', #2336, 1.000000000000000000 ) ;
#644 = CARTESIAN_POINT ( 'NONE',  ( -4.925869865765811539, 7.500000000000000000, 9.353779821289554874 ) ) ;
#645 = CARTESIAN_POINT ( 'NONE',  ( -7.043935926773459144, 0.000000000000000000, 9.515331807780324169 ) ) ;
#646 = LINE ( 'NONE', #420, #2927 ) ;
#647 = AXIS2_PLACEMENT_3D ( 'NONE', #2497, #2038, #1814 ) ;
#648 = CARTESIAN_POINT ( 'NONE',  ( 6.897596775482313980, 6.765973757926270871, 9.942509618564765006 ) ) ;
#649 = FACE_OUTER_BOUND ( 'NONE', #1386, .T. ) ;
#650 = CARTESIAN_POINT ( 'NONE',  ( -0.4189359267734557024, 4.792893218813452982, 2.890331807780322837 ) ) ;
#651 = ORIENTED_EDGE ( 'NONE', *, *, #1284, .F. ) ;
#652 = ORIENTED_EDGE ( 'NONE', *, *, #1865, .F. ) ;
#653 = VECTOR ( 'NONE', #1464, 1000.000000000000000 ) ;
#654 = CIRCLE ( 'NONE', #2637, 1.000000000000000000 ) ;
#655 = ORIENTED_EDGE ( 'NONE', *, *, #1525, .T. ) ;
#656 = AXIS2_PLACEMENT_3D ( 'NONE', #1554, #414, #2505 ) ;
#657 = LINE ( 'NONE', #1570, #1567 ) ;
#658 = DIRECTION ( 'NONE',  ( 0.000000000000000000, 0.000000000000000000, -1.000000000000000000 ) ) ;
#659 = CARTESIAN_POINT ( 'NONE',  ( 8.336890241506267785, 2.335209295277917541, 11.10357140342162552 ) ) ;
#660 = CARTESIAN_POINT ( 'NONE',  ( 7.981935065184643463, 8.927329225040889327, -5.510539184177775773 ) ) ;
#661 = ORIENTED_EDGE ( 'NONE', *, *, #2849, .F. ) ;
#662 = EDGE_CURVE ( 'NONE', #674, #1047, #642, .T. ) ;
#663 = DIRECTION ( 'NONE',  ( 1.606225440719265381E-16, 0.000000000000000000, -1.000000000000000000 ) ) ;
#664 = EDGE_LOOP ( 'NONE', ( #711, #2991, #320, #245 ) ) ;
#665 = CARTESIAN_POINT ( 'NONE',  ( -4.213217045452912757, 5.000000000000000000, -1.024008020439856503 ) ) ;
#666 = CARTESIAN_POINT ( 'NONE',  ( 8.787802061243056073, 4.357030381264848096, 7.984783942350916597 ) ) ;
#667 = DIRECTION ( 'NONE',  ( 0.000000000000000000, 0.000000000000000000, -1.000000000000000000 ) ) ;
#668 = CARTESIAN_POINT ( 'NONE',  ( 8.839078032977639054, -0.1226118341242175974, -7.106287966729930794 ) ) ;
#669 = LINE ( 'NONE', #2024, #1222 ) ;
#670 = DIRECTION ( 'NONE',  ( 0.000000000000000000, 0.000000000000000000, -1.000000000000000000 ) ) ;
#671 = DIRECTION ( 'NONE',  ( 0.000000000000000000, -1.000000000000000000, 0.000000000000000000 ) ) ;
#672 = EDGE_CURVE ( 'NONE', #2730, #1689, #21, .T. ) ;
#673 = ORIENTED_EDGE ( 'NONE', *, *, #621, .T. ) ;
#674 = VERTEX_POINT ( 'NONE', #2313 ) ;
#675 = CIRCLE ( 'NONE', #1067, 0.2500000000000002220 ) ;
#676 = ORIENTED_EDGE ( 'NONE', *, *, #771, .F. ) ;
#677 = CARTESIAN_POINT ( 'NONE',  ( 2.281064073226544142, 0.000000000000000000, 2.890331807780322837 ) ) ;
#678 = EDGE_LOOP ( 'NONE', ( #1835, #2247, #2307, #937 ) ) ;
#679 = CARTESIAN_POINT ( 'NONE',  ( -7.706818893316301988, 6.740565336838738375, -3.912043718560564098 ) ) ;
#680 = CARTESIAN_POINT ( 'NONE',  ( 1.781064073226543920, 4.500000000000000888, 0.000000000000000000 ) ) ;
#681 = EDGE_CURVE ( 'NONE', #460, #451, #1961, .T. ) ;
#682 = ORIENTED_EDGE ( 'NONE', *, *, #160, .F. ) ;
#683 = B_SPLINE_CURVE_WITH_KNOTS ( 'NONE', 3,
 ( #2694, #602, #2896, #356, #2463, #156, #1779, #1745, #338, #812, #1519, #2190, #2663, #1731 ),
 .UNSPECIFIED., .F., .F.,
 ( 4, 2, 2, 2, 2, 2, 4 ),
 ( 0.000000000000000000, 0.0007638608662527243860, 0.001145791299379086579, 0.001527721732505448772, 0.001909652165631810965, 0.002291582598758173158, 0.003055443465010902315 ),
 .UNSPECIFIED. ) ;
#684 = DIRECTION ( 'NONE',  ( -0.000000000000000000, 1.000000000000000000, -0.000000000000000000 ) ) ;
#685 = CARTESIAN_POINT ( 'NONE',  ( 0.2560640732265440644, 7.376235673783147817, 2.215331807780322571 ) ) ;
#686 = CYLINDRICAL_SURFACE ( 'NONE', #1521, 3.000000000000000888 ) ;
#687 = DIRECTION ( 'NONE',  ( 1.606225440719265381E-16, 0.000000000000000000, -1.000000000000000000 ) ) ;
#688 = CARTESIAN_POINT ( 'NONE',  ( -6.486359496944037240, 7.499999999999979572, -4.168313665107592492 ) ) ;
#689 = TOROIDAL_SURFACE ( 'NONE', #2193, 0.2500000000000000000, 0.7500000000000000000 ) ;
#690 = DIRECTION ( 'NONE',  ( 1.000000000000000000, 0.000000000000000000, -1.224646799147353207E-16 ) ) ;
#691 = DIRECTION ( 'NONE',  ( -1.156482317317871478E-16, 0.000000000000000000, 1.000000000000000000 ) ) ;
#692 = ADVANCED_FACE ( 'NONE', ( #940 ), #924, .T. ) ;
#693 = EDGE_LOOP ( 'NONE', ( #2620, #1433, #1343, #1198 ) ) ;
#694 = ORIENTED_EDGE ( 'NONE', *, *, #1537, .F. ) ;
#695 = ORIENTED_EDGE ( 'NONE', *, *, #712, .F. ) ;
#696 = EDGE_CURVE ( 'NONE', #830, #1353, #1478, .T. ) ;
#697 = AXIS2_PLACEMENT_3D ( 'NONE', #2157, #1004, #762 ) ;
#698 = DIRECTION ( 'NONE',  ( -0.000000000000000000, 1.000000000000000000, -0.000000000000000000 ) ) ;
#699 = VECTOR ( 'NONE', #208, 1000.000000000000000 ) ;
#700 = ORIENTED_EDGE ( 'NONE', *, *, #1450, .T. ) ;
#701 = AXIS2_PLACEMENT_3D ( 'NONE', #1563, #1550, #1045 ) ;
#702 = CARTESIAN_POINT ( 'NONE',  ( 0.000000000000000000, 0.000000000000000000, 2.890331807780322837 ) ) ;
#703 = CARTESIAN_POINT ( 'NONE',  ( -2.523877217232734171, 0.000000000000000000, -4.754070542618044293 ) ) ;
#704 = CARTESIAN_POINT ( 'NONE',  ( 0.2560640732265440644, 5.000000000000000000, 2.215331807780322571 ) ) ;
#705 = ORIENTED_EDGE ( 'NONE', *, *, #1330, .F. ) ;
#706 = AXIS2_PLACEMENT_3D ( 'NONE', #2074, #3011, #1107 ) ;
#707 = DIRECTION ( 'NONE',  ( -1.000000000000000000, 0.000000000000000000, -1.156482317317871478E-16 ) ) ;
#708 = ORIENTED_EDGE ( 'NONE', *, *, #2771, .T. ) ;
#709 = VERTEX_POINT ( 'NONE', #1718 ) ;
#710 = ADVANCED_FACE ( 'NONE', ( #1291 ), #1936, .F. ) ;
#711 = ORIENTED_EDGE ( 'NONE', *, *, #569, .T. ) ;
#712 = EDGE_CURVE ( 'NONE', #3006, #2607, #601, .T. ) ;
#713 = ORIENTED_EDGE ( 'NONE', *, *, #1919, .T. ) ;
#714 = CARTESIAN_POINT ( 'NONE',  ( -1.773877217232733727, 4.342020143325668435, -3.504302103464861595 ) ) ;
#715 = CARTESIAN_POINT ( 'NONE',  ( 0.2560640732265440644, 7.149453399657691222, 6.022645222851663149 ) ) ;
#716 = DIRECTION ( 'NONE',  ( -1.000000000000000000, -0.000000000000000000, -0.000000000000000000 ) ) ;
#717 = DIRECTION ( 'NONE',  ( -1.000000000000000000, 0.000000000000000000, -3.252606517456513302E-16 ) ) ;
#718 = CARTESIAN_POINT ( 'NONE',  ( 7.642043866709945732, 6.778449283733365860, 9.331875240234666080 ) ) ;
#719 = CARTESIAN_POINT ( 'NONE',  ( -7.807962669500969177, 7.009552663503134440, 7.324935291471211585 ) ) ;
#720 = DIRECTION ( 'NONE',  ( 1.000000000000000000, 0.000000000000000000, 0.000000000000000000 ) ) ;
#721 = DIRECTION ( 'NONE',  ( 0.000000000000000000, 0.000000000000000000, -1.000000000000000000 ) ) ;
#722 = DIRECTION ( 'NONE',  ( -1.606225440719265381E-16, -0.000000000000000000, 1.000000000000000000 ) ) ;
#723 = VERTEX_POINT ( 'NONE', #1023 ) ;
#724 = ORIENTED_EDGE ( 'NONE', *, *, #2609, .F. ) ;
#725 = DIRECTION ( 'NONE',  ( 1.000000000000000000, 0.000000000000000000, 0.000000000000000000 ) ) ;
#726 = CARTESIAN_POINT ( 'NONE',  ( 0.08106407322654428371, 5.000000000000000000, 2.890331807780322837 ) ) ;
#727 = VERTEX_POINT ( 'NONE', #355 ) ;
#728 = DIRECTION ( 'NONE',  ( 1.000000000000000000, 0.000000000000000000, 0.000000000000000000 ) ) ;
#729 = EDGE_CURVE ( 'NONE', #407, #1265, #2895, .T. ) ;
#730 = FACE_OUTER_BOUND ( 'NONE', #1310, .T. ) ;
#731 = ADVANCED_FACE ( 'NONE', ( #2174 ), #2431, .F. ) ;
#732 = FACE_OUTER_BOUND ( 'NONE', #784, .T. ) ;
#733 = CARTESIAN_POINT ( 'NONE',  ( -1.768935926773456346, 0.000000000000000000, 2.890331807780322837 ) ) ;
#734 = CARTESIAN_POINT ( 'NONE',  ( -3.273877217232734171, 5.000000000000000888, -1.334668192219677474 ) ) ;
#735 = CARTESIAN_POINT ( 'NONE',  ( 8.194252489589846533, 7.723217276023574662, 7.199096965107001367 ) ) ;
#736 = DIRECTION ( 'NONE',  ( 0.000000000000000000, 0.000000000000000000, -1.000000000000000000 ) ) ;
#737 = VECTOR ( 'NONE', #2791, 1000.000000000000000 ) ;
#738 = VERTEX_POINT ( 'NONE', #2224 ) ;
#739 = CYLINDRICAL_SURFACE ( 'NONE', #1848, 0.5000000000000000000 ) ;
#740 = VERTEX_POINT ( 'NONE', #142 ) ;
#741 = ORIENTED_EDGE ( 'NONE', *, *, #1354, .T. ) ;
#742 = CARTESIAN_POINT ( 'NONE',  ( 0.000000000000000000, 0.000000000000000000, 4.240331807780323814 ) ) ;
#743 = AXIS2_PLACEMENT_3D ( 'NONE', #1495, #1043, #358 ) ;
#744 = CARTESIAN_POINT ( 'NONE',  ( 9.556064073226544053, 6.505213034913025618E-16, 11.51533180778032239 ) ) ;
#745 = DIRECTION ( 'NONE',  ( -1.000000000000000000, 0.000000000000000000, 1.865294060190115471E-16 ) ) ;
#746 = VECTOR ( 'NONE', #1798, 1000.000000000000000 ) ;
#747 = EDGE_CURVE ( 'NONE', #93, #2266, #2851, .T. ) ;
#748 = CARTESIAN_POINT ( 'NONE',  ( -1.524639204267405442E-16, 4.500000000000000888, 0.6903318077803228814 ) ) ;
#749 = VECTOR ( 'NONE', #1346, 1000.000000000000000 ) ;
#750 = CARTESIAN_POINT ( 'NONE',  ( -8.419826476069816934, -0.6493411478803686743, 11.62982817183583961 ) ) ;
#751 = CARTESIAN_POINT ( 'NONE',  ( 7.224236783778817284, 6.775983234089882679, -5.292822752751976445 ) ) ;
#752 = EDGE_CURVE ( 'NONE', #190, #2574, #146, .T. ) ;
#753 = DIRECTION ( 'NONE',  ( 0.000000000000000000, 0.000000000000000000, -1.000000000000000000 ) ) ;
#754 = AXIS2_PLACEMENT_3D ( 'NONE', #2088, #494, #725 ) ;
#755 = CARTESIAN_POINT ( 'NONE',  ( 0.2560640732265483388, 7.030000000000002025, 2.215331807780320794 ) ) ;
#756 = AXIS2_PLACEMENT_3D ( 'NONE', #1077, #625, #1517 ) ;
#757 = ORIENTED_EDGE ( 'NONE', *, *, #298, .T. ) ;
#758 = VERTEX_POINT ( 'NONE', #2693 ) ;
#759 = APPLICATION_PROTOCOL_DEFINITION ( 'draft international standard', 'automotive_design', 1998, #2203 ) ;
#760 = EDGE_LOOP ( 'NONE', ( #2902, #59, #1467, #3010 ) ) ;
#761 = FACE_OUTER_BOUND ( 'NONE', #1388, .T. ) ;
#762 = DIRECTION ( 'NONE',  ( 1.000000000000000000, 0.000000000000000000, 2.208559980988990915E-16 ) ) ;
#763 = DIRECTION ( 'NONE',  ( 1.000000000000000000, 0.000000000000000000, 0.000000000000000000 ) ) ;
#764 = DIRECTION ( 'NONE',  ( -0.000000000000000000, 1.000000000000000000, 0.000000000000000000 ) ) ;
#765 = CARTESIAN_POINT ( 'NONE',  ( 7.372607505681108009, 6.778449283733409381, -5.170647985702851557 ) ) ;
#766 = EDGE_CURVE ( 'NONE', #2856, #2976, #1079, .T. ) ;
#767 = CARTESIAN_POINT ( 'NONE',  ( 9.763437026827322285, -1.176070461636524289, 10.98409894662194830 ) ) ;
#768 = PLANE ( 'NONE',  #562 ) ;
#769 = ORIENTED_EDGE ( 'NONE', *, *, #623, .F. ) ;
#770 = ORIENTED_EDGE ( 'NONE', *, *, #1919, .F. ) ;
#771 = EDGE_CURVE ( 'NONE', #1500, #31, #2239, .T. ) ;
#772 = ORIENTED_EDGE ( 'NONE', *, *, #2328, .F. ) ;
#773 = VECTOR ( 'NONE', #572, 1000.000000000000000 ) ;
#774 = CARTESIAN_POINT ( 'NONE',  ( 0.9310640732265444974, 0.000000000000000000, 2.890331807780322837 ) ) ;
#775 = CARTESIAN_POINT ( 'NONE',  ( -4.727701084100139894, 7.723217276023578215, -5.722856608582983284 ) ) ;
#776 = DIRECTION ( 'NONE',  ( -1.000000000000000000, 0.000000000000000000, 0.000000000000000000 ) ) ;
#777 = FACE_OUTER_BOUND ( 'NONE', #2260, .T. ) ;
#778 = CARTESIAN_POINT ( 'NONE',  ( -7.824762095053182875, 2.335209295277925978, 11.10357140342162552 ) ) ;
#779 = DIRECTION ( 'NONE',  ( 0.000000000000000000, 0.000000000000000000, 1.000000000000000000 ) ) ;
#780 = CARTESIAN_POINT ( 'NONE',  ( 7.645908068309673844, 6.778398839171604351, -4.896809404316424086 ) ) ;
#781 = DIRECTION ( 'NONE',  ( 0.000000000000000000, -0.000000000000000000, -1.000000000000000000 ) ) ;
#782 = CARTESIAN_POINT ( 'NONE',  ( -0.4189359267734555914, 4.500000000000000888, 2.890331807780322837 ) ) ;
#783 = ORIENTED_EDGE ( 'NONE', *, *, #386, .T. ) ;
#784 = EDGE_LOOP ( 'NONE', ( #2123, #2216, #2594, #1699 ) ) ;
#785 = ORIENTED_EDGE ( 'NONE', *, *, #178, .T. ) ;
#786 = B_SPLINE_CURVE_WITH_KNOTS ( 'NONE', 3,
 ( #886, #2315, #1158, #944, #2081, #2513, #474, #461 ),
 .UNSPECIFIED., .F., .F.,
 ( 4, 2, 2, 4 ),
 ( 7.703719777548943412E-34, 0.0002896555197652269428, 0.0005793110395304538855, 0.001158622079060907771 ),
 .UNSPECIFIED. ) ;
#787 = VERTEX_POINT ( 'NONE', #837 ) ;
#788 = EDGE_CURVE ( 'NONE', #61, #1864, #1762, .T. ) ;
#789 = CARTESIAN_POINT ( 'NONE',  ( -6.585552755656970625, 7.500000000000139444, 9.557941682225056468 ) ) ;
#790 = CARTESIAN_POINT ( 'NONE',  ( -8.326949886524555922, -0.1226118341242141280, -7.106287966729929018 ) ) ;
#791 = CARTESIAN_POINT ( 'NONE',  ( 3.786005363685820413, 20.28368184495133519, 6.515331807780323281 ) ) ;
#792 = CARTESIAN_POINT ( 'NONE',  ( 6.639709546114460181, 7.499999999999979572, -4.527091762390253571 ) ) ;
#793 = DIRECTION ( 'NONE',  ( -1.000000000000000000, 0.000000000000000000, -3.252606517456513795E-16 ) ) ;
#794 = CIRCLE ( 'NONE', #1561, 1.500000000000000444 ) ;
#795 = CARTESIAN_POINT ( 'NONE',  ( 5.437998012218900001, 6.673648177666930970, -5.907923958741116977 ) ) ;
#796 = CARTESIAN_POINT ( 'NONE',  ( 8.207701003497533065, 7.499999999999558575, -3.325286758062067083 ) ) ;
#797 = CIRCLE ( 'NONE', #2491, 0.7499999999999997780 ) ;
#798 = AXIS2_PLACEMENT_3D ( 'NONE', #597, #1252, #832 ) ;
#799 = EDGE_CURVE ( 'NONE', #913, #2808, #2281, .T. ) ;
#800 = FACE_BOUND ( 'NONE', #2997, .T. ) ;
#801 = VECTOR ( 'NONE', #189, 1000.000000000000000 ) ;
#802 = CARTESIAN_POINT ( 'NONE',  ( -7.559887097740953799, 6.758920368064360140, 8.691961691365593268 ) ) ;
#803 = EDGE_LOOP ( 'NONE', ( #918, #2085, #871, #2870 ) ) ;
#804 = VERTEX_POINT ( 'NONE', #489 ) ;
#805 = ORIENTED_EDGE ( 'NONE', *, *, #141, .T. ) ;
#806 = ORIENTED_EDGE ( 'NONE', *, *, #241, .T. ) ;
#807 = DIRECTION ( 'NONE',  ( -1.873929680839142821E-16, 0.000000000000000000, 1.000000000000000000 ) ) ;
#808 = CARTESIAN_POINT ( 'NONE',  ( -9.251308880374239152, -1.176070461636523179, -6.553435331061301383 ) ) ;
#809 = DIRECTION ( 'NONE',  ( 0.000000000000000000, -0.000000000000000000, -1.000000000000000000 ) ) ;
#810 = ADVANCED_FACE ( 'NONE', ( #261 ), #1920, .F. ) ;
#811 = CARTESIAN_POINT ( 'NONE',  ( 0.000000000000000000, 7.500000000000000000, 0.000000000000000000 ) ) ;
#812 = CARTESIAN_POINT ( 'NONE',  ( 7.140153290763782579, 7.499999999999976907, 8.385097361444085351 ) ) ;
#813 = PLANE ( 'NONE',  #2785 ) ;
#814 = DIRECTION ( 'NONE',  ( 0.000000000000000000, 0.000000000000000000, -1.000000000000000000 ) ) ;
#815 = CARTESIAN_POINT ( 'NONE',  ( 8.379319839747992660, 6.673648177666898107, -2.966602131212042082 ) ) ;
#816 = CARTESIAN_POINT ( 'NONE',  ( 2.286005363685820857, 4.250000000000000000, 0.000000000000000000 ) ) ;
#817 = ORIENTED_EDGE ( 'NONE', *, *, #2370, .T. ) ;
#818 = EDGE_CURVE ( 'NONE', #29, #1237, #1175, .T. ) ;
#819 = CARTESIAN_POINT ( 'NONE',  ( -6.882383940282688961, 7.500000000000000000, 7.397265746772723638 ) ) ;
#820 = CARTESIAN_POINT ( 'NONE',  ( 0.4310640732265444974, 5.000000000000000000, 2.040331807780323192 ) ) ;
#821 = CARTESIAN_POINT ( 'NONE',  ( 2.286005363685821745, 4.342020143325668435, -3.504302103464861595 ) ) ;
#822 = CARTESIAN_POINT ( 'NONE',  ( -6.688760754116195528, 7.500000000000000000, -3.838869367444075476 ) ) ;
#823 = CIRCLE ( 'NONE', #965, 0.7500000000000000000 ) ;
#824 = EDGE_CURVE ( 'NONE', #2808, #545, #2378, .T. ) ;
#825 = CARTESIAN_POINT ( 'NONE',  ( 0.000000000000000000, 4.250000000000000000, 5.015331807780324169 ) ) ;
#826 = CARTESIAN_POINT ( 'NONE',  ( 4.988152577824814138, 9.150546501064464877, -5.471179955854569954 ) ) ;
#827 = EDGE_CURVE ( 'NONE', #2876, #81, #1192, .T. ) ;
#828 = PLANE ( 'NONE',  #1898 ) ;
#829 = CARTESIAN_POINT ( 'NONE',  ( 11.00424530905243614, 7.376235673783146929, -3.158758810132625605 ) ) ;
#830 = VERTEX_POINT ( 'NONE', #2316 ) ;
#831 = AXIS2_PLACEMENT_3D ( 'NONE', #1816, #2945, #670 ) ;
#832 = DIRECTION ( 'NONE',  ( 0.000000000000000000, 0.000000000000000000, -1.000000000000000000 ) ) ;
#833 = CARTESIAN_POINT ( 'NONE',  ( -8.512703065615083275, -1.176070461636523179, -7.292041145820457260 ) ) ;
#834 = CARTESIAN_POINT ( 'NONE',  ( 3.786005363685820857, 4.250000000000000000, -2.084668192219678140 ) ) ;
#835 = VECTOR ( 'NONE', #2768, 1000.000000000000000 ) ;
#836 = CARTESIAN_POINT ( 'NONE',  ( -7.721483571459971884, 7.500000000000003553, -2.966602131212031424 ) ) ;
#837 = CARTESIAN_POINT ( 'NONE',  ( 4.286005363685821301, 5.000000000000000000, 5.015331807780324169 ) ) ;
#838 = CARTESIAN_POINT ( 'NONE',  ( -9.251308880374237376, -1.176070461636523179, 10.98409894662194475 ) ) ;
#839 = CARTESIAN_POINT ( 'NONE',  ( 6.644975700271583463, 7.500000000000108358, -5.421746710162419269 ) ) ;
#840 = CARTESIAN_POINT ( 'NONE',  ( -1.768935926773455902, 4.792893218813452982, 1.540331807780323636 ) ) ;
#841 = CARTESIAN_POINT ( 'NONE',  ( -5.184872554834753622, 7.500000000000000888, -4.923116205728912398 ) ) ;
#842 = VECTOR ( 'NONE', #2125, 1000.000000000000000 ) ;
#843 = CARTESIAN_POINT ( 'NONE',  ( 0.000000000000000000, 5.000000000000000000, 2.390331807780322837 ) ) ;
#844 = AXIS2_PLACEMENT_3D ( 'NONE', #1333, #2967, #2707 ) ;
#845 = ADVANCED_FACE ( 'NONE', ( #1608 ), #1208, .F. ) ;
#846 = ORIENTED_EDGE ( 'NONE', *, *, #2752, .T. ) ;
#847 = ORIENTED_EDGE ( 'NONE', *, *, #747, .T. ) ;
#848 = AXIS2_PLACEMENT_3D ( 'NONE', #1749, #2262, #1993 ) ;
#849 = ORIENTED_EDGE ( 'NONE', *, *, #1542, .T. ) ;
#850 = AXIS2_PLACEMENT_3D ( 'NONE', #2953, #906, #1093 ) ;
#851 = CARTESIAN_POINT ( 'NONE',  ( -5.690277452152133542, 6.731014305722995417, 10.25393135423975366 ) ) ;
#852 = DIRECTION ( 'NONE',  ( 0.000000000000000000, 0.000000000000000000, 1.000000000000000000 ) ) ;
#853 = CARTESIAN_POINT ( 'NONE',  ( 4.286005363685821301, 5.000000000000000000, -0.5846681922196783621 ) ) ;
#854 = DIRECTION ( 'NONE',  ( 0.000000000000000000, 0.000000000000000000, 1.000000000000000000 ) ) ;
#855 = DIRECTION ( 'NONE',  ( -4.403710954424479671E-16, 0.000000000000000000, 1.000000000000000000 ) ) ;
#856 = ORIENTED_EDGE ( 'NONE', *, *, #1804, .F. ) ;
#857 = CARTESIAN_POINT ( 'NONE',  ( -6.882383940282687185, 7.500000000000000000, -2.966602131212032312 ) ) ;
#858 = EDGE_CURVE ( 'NONE', #81, #2168, #823, .T. ) ;
#859 = VERTEX_POINT ( 'NONE', #2113 ) ;
#860 = EDGE_LOOP ( 'NONE', ( #135, #149, #1163, #2703 ) ) ;
#861 = VERTEX_POINT ( 'NONE', #1444 ) ;
#862 = EDGE_CURVE ( 'NONE', #440, #2856, #462, .T. ) ;
#863 = LINE ( 'NONE', #2591, #2688 ) ;
#864 = CARTESIAN_POINT ( 'NONE',  ( -2.523877217232734171, 4.250000000000000000, 6.995273098239597864 ) ) ;
#865 = DIRECTION ( 'NONE',  ( -0.000000000000000000, 1.000000000000000000, -0.000000000000000000 ) ) ;
#866 = CARTESIAN_POINT ( 'NONE',  ( -7.867191693294896204, 6.673648177666930970, -2.966602131212031868 ) ) ;
#867 = LINE ( 'NONE', #1733, #746 ) ;
#868 = DIRECTION ( 'NONE',  ( -0.000000000000000000, -0.9396926207859082059, 0.3420201433256694901 ) ) ;
#869 = CARTESIAN_POINT ( 'NONE',  ( 6.308060343415487381, 7.500000000000000888, 9.161320873029799472 ) ) ;
#870 = DIRECTION ( 'NONE',  ( -1.606225440719265874E-16, 0.000000000000000000, 1.000000000000000000 ) ) ;
#871 = ORIENTED_EDGE ( 'NONE', *, *, #1537, .T. ) ;
#872 = VERTEX_POINT ( 'NONE', #1625 ) ;
#873 = ORIENTED_EDGE ( 'NONE', *, *, #226, .F. ) ;
#874 = EDGE_CURVE ( 'NONE', #1196, #532, #2145, .T. ) ;
#875 = ORIENTED_EDGE ( 'NONE', *, *, #2121, .F. ) ;
#876 = DIRECTION ( 'NONE',  ( -1.156482317317871478E-16, 0.000000000000000000, 1.000000000000000000 ) ) ;
#877 = CARTESIAN_POINT ( 'NONE',  ( -8.419826476069818710, -0.6493411478803686743, -7.199164556275193583 ) ) ;
#878 = DIRECTION ( 'NONE',  ( 0.000000000000000000, 0.3420201433256689905, 0.9396926207859083169 ) ) ;
#879 = CARTESIAN_POINT ( 'NONE',  ( 3.786005363685820857, 4.250000000000000000, -0.5846681922196783621 ) ) ;
#880 = EDGE_CURVE ( 'NONE', #1689, #1195, #1691, .T. ) ;
#881 = CARTESIAN_POINT ( 'NONE',  ( 0.2560640732265440644, 5.000000000000000000, 2.215331807780322571 ) ) ;
#882 = VECTOR ( 'NONE', #663, 1000.000000000000000 ) ;
#883 = PLANE ( 'NONE',  #121 ) ;
#884 = EDGE_LOOP ( 'NONE', ( #1447, #1249, #151, #1015 ) ) ;
#885 = CARTESIAN_POINT ( 'NONE',  ( -6.223567311393087387, 7.499999999999995559, -4.448813047313888269 ) ) ;
#886 = CARTESIAN_POINT ( 'NONE',  ( -8.303564478193779408, 0.000000000000000000, 11.51533180778032417 ) ) ;
#887 = EDGE_LOOP ( 'NONE', ( #694, #205, #1460, #856 ) ) ;
#888 = VERTEX_POINT ( 'NONE', #231 ) ;
#889 = CIRCLE ( 'NONE', #167, 0.2499999999999997780 ) ;
#890 = VECTOR ( 'NONE', #418, 1000.000000000000000 ) ;
#891 = ORIENTED_EDGE ( 'NONE', *, *, #672, .T. ) ;
#892 = AXIS2_PLACEMENT_3D ( 'NONE', #236, #2577, #2386 ) ;
#893 = CARTESIAN_POINT ( 'NONE',  ( 0.000000000000000000, 0.000000000000000000, 5.765331807780324169 ) ) ;
#894 = FACE_OUTER_BOUND ( 'NONE', #2062, .T. ) ;
#895 = CARTESIAN_POINT ( 'NONE',  ( -4.925869865765812428, 6.500000000000000000, 9.353779821289553098 ) ) ;
#896 = CARTESIAN_POINT ( 'NONE',  ( 0.2560640732265436759, 7.149453399657691222, -1.591981607291016898 ) ) ;
#897 = CARTESIAN_POINT ( 'NONE',  ( -1.773877217232734171, 4.250000000000000000, 6.995273098239597864 ) ) ;
#898 = AXIS2_PLACEMENT_3D ( 'NONE', #1272, #1316, #2207 ) ;
#899 = EDGE_CURVE ( 'NONE', #2856, #804, #2326, .T. ) ;
#900 = CARTESIAN_POINT ( 'NONE',  ( 5.437998012218945298, 7.500000000000002665, 9.353779821289551322 ) ) ;
#901 = DIRECTION ( 'NONE',  ( -1.000000000000000000, 0.000000000000000000, -1.156482317317871478E-16 ) ) ;
#902 = EDGE_LOOP ( 'NONE', ( #92, #1081, #439, #1033 ) ) ;
#903 = ORIENTED_EDGE ( 'NONE', *, *, #2661, .F. ) ;
#904 = DIRECTION ( 'NONE',  ( 0.000000000000000000, 0.000000000000000000, -1.000000000000000000 ) ) ;
#905 = DIRECTION ( 'NONE',  ( 0.000000000000000000, 0.000000000000000000, 1.000000000000000000 ) ) ;
#906 = DIRECTION ( 'NONE',  ( -1.000000000000000000, -0.000000000000000000, 0.000000000000000000 ) ) ;
#907 = ORIENTED_EDGE ( 'NONE', *, *, #2188, .F. ) ;
#908 = ADVANCED_FACE ( 'NONE', ( #960 ), #1159, .F. ) ;
#909 = CARTESIAN_POINT ( 'NONE',  ( 2.281064073226544142, 0.000000000000000000, 1.540331807780323858 ) ) ;
#910 = CARTESIAN_POINT ( 'NONE',  ( 0.9310640732265444974, 4.500000000000000888, 1.540331807780323636 ) ) ;
#911 = PLANE ( 'NONE',  #2445 ) ;
#912 = EDGE_CURVE ( 'NONE', #1165, #859, #3009, .T. ) ;
#913 = VERTEX_POINT ( 'NONE', #2672 ) ;
#914 = ADVANCED_FACE ( 'NONE', ( #2442 ), #1982, .F. ) ;
#915 = LINE ( 'NONE', #2052, #1996 ) ;
#916 = LINE ( 'NONE', #2329, #938 ) ;
#917 = CARTESIAN_POINT ( 'NONE',  ( -0.2118291455869080742, 5.000000000000000888, 2.683225026593775375 ) ) ;
#918 = ORIENTED_EDGE ( 'NONE', *, *, #574, .T. ) ;
#919 = CARTESIAN_POINT ( 'NONE',  ( 3.036005363685820857, 4.085505035831417331, 7.230196253436074194 ) ) ;
#920 = DIRECTION ( 'NONE',  ( -1.000000000000000000, 0.000000000000000000, -1.606225440719265381E-16 ) ) ;
#921 = EDGE_CURVE ( 'NONE', #1552, #1535, #1943, .T. ) ;
#922 = ORIENTED_EDGE ( 'NONE', *, *, #1513, .F. ) ;
#923 = PLANE ( 'NONE',  #2690 ) ;
#924 = PLANE ( 'NONE',  #2034 ) ;
#925 = DIRECTION ( 'NONE',  ( 1.000000000000000000, 0.000000000000000000, 0.000000000000000000 ) ) ;
#926 = ORIENTED_EDGE ( 'NONE', *, *, #1634, .T. ) ;
#927 = VECTOR ( 'NONE', #525, 1000.000000000000000 ) ;
#928 = CYLINDRICAL_SURFACE ( 'NONE', #1857, 0.9999999999999991118 ) ;
#929 = CARTESIAN_POINT ( 'NONE',  ( 7.369037210793931258, 6.778399508420205777, 9.604351019780986931 ) ) ;
#930 = CARTESIAN_POINT ( 'NONE',  ( 8.116790947315003280, 7.499999999999549694, 8.114042086317889257 ) ) ;
#931 = EDGE_CURVE ( 'NONE', #2392, #2531, #1759, .T. ) ;
#932 = VERTEX_POINT ( 'NONE', #2906 ) ;
#933 = PLANE ( 'NONE',  #399 ) ;
#934 = ORIENTED_EDGE ( 'NONE', *, *, #1286, .T. ) ;
#935 = CIRCLE ( 'NONE', #2589, 0.7500000000000000000 ) ;
#936 = VECTOR ( 'NONE', #1541, 1000.000000000000000 ) ;
#937 = ORIENTED_EDGE ( 'NONE', *, *, #2275, .F. ) ;
#938 = VECTOR ( 'NONE', #433, 1000.000000000000000 ) ;
#939 = DIRECTION ( 'NONE',  ( 0.000000000000000000, 0.9848077530122080203, 0.1736481776669307198 ) ) ;
#940 = FACE_OUTER_BOUND ( 'NONE', #547, .T. ) ;
#941 = DIRECTION ( 'NONE',  ( 1.873929680839142821E-16, 0.000000000000000000, -1.000000000000000000 ) ) ;
#942 = FACE_OUTER_BOUND ( 'NONE', #2715, .T. ) ;
#943 = CARTESIAN_POINT ( 'NONE',  ( -9.043935926773457368, 3.252606517456513302E-15, 11.51533180778032239 ) ) ;
#944 = CARTESIAN_POINT ( 'NONE',  ( -8.677649435740802275, -3.669748141482349772E-15, 11.42340705543094792 ) ) ;
#945 = DIRECTION ( 'NONE',  ( -0.000000000000000000, 1.000000000000000000, -0.000000000000000000 ) ) ;
#946 =( BOUNDED_CURVE ( )  B_SPLINE_CURVE ( 3, ( #1648, #1456, #1405, #1440 ),
 .UNSPECIFIED., .F., .F. ) 
 B_SPLINE_CURVE_WITH_KNOTS ( ( 4, 4 ),
 ( 4.712388980384689674, 6.283185307179586232 ),
 .UNSPECIFIED. ) 
 CURVE ( )  GEOMETRIC_REPRESENTATION_ITEM ( )  RATIONAL_B_SPLINE_CURVE ( ( 1.000000000000000000, 0.8047378541243649375, 0.8047378541243649375, 1.000000000000000000 ) ) 
 REPRESENTATION_ITEM ( '' )  );
#947 = ORIENTED_EDGE ( 'NONE', *, *, #2122, .T. ) ;
#948 = VERTEX_POINT ( 'NONE', #1243 ) ;
#949 = ORIENTED_EDGE ( 'NONE', *, *, #1786, .F. ) ;
#950 = EDGE_CURVE ( 'NONE', #2855, #738, #1657, .T. ) ;
#951 = EDGE_CURVE ( 'NONE', #2790, #2168, #1887, .T. ) ;
#952 = ADVANCED_FACE ( 'NONE', ( #139 ), #1490, .T. ) ;
#953 = ORIENTED_EDGE ( 'NONE', *, *, #2534, .T. ) ;
#954 = CARTESIAN_POINT ( 'NONE',  ( -0.4189359267734559800, 4.792893218813452982, 4.240331807780323814 ) ) ;
#955 = DIRECTION ( 'NONE',  ( 0.000000000000000000, 0.000000000000000000, -1.000000000000000000 ) ) ;
#956 = DIRECTION ( 'NONE',  ( 1.000000000000000000, 0.000000000000000000, 0.000000000000000000 ) ) ;
#957 = DIRECTION ( 'NONE',  ( -0.000000000000000000, 1.000000000000000000, -0.000000000000000000 ) ) ;
#958 = CARTESIAN_POINT ( 'NONE',  ( -3.273877217232734171, 20.28368184495133519, 6.515331807780323281 ) ) ;
#959 = LINE ( 'NONE', #38, #985 ) ;
#960 = FACE_OUTER_BOUND ( 'NONE', #902, .T. ) ;
#961 = CARTESIAN_POINT ( 'NONE',  ( 7.140153289827257055, 7.499999999999977796, 8.385097360693054114 ) ) ;
#962 = FACE_OUTER_BOUND ( 'NONE', #1803, .T. ) ;
#963 = ORIENTED_EDGE ( 'NONE', *, *, #1574, .T. ) ;
#964 = FACE_OUTER_BOUND ( 'NONE', #2804, .T. ) ;
#965 = AXIS2_PLACEMENT_3D ( 'NONE', #1219, #1873, #1428 ) ;
#966 = ORIENTED_EDGE ( 'NONE', *, *, #481, .F. ) ;
#967 = CIRCLE ( 'NONE', #1740, 1.000000000000000000 ) ;
#968 = CARTESIAN_POINT ( 'NONE',  ( 7.394512086735780088, 6.499999999999997335, -2.966602131212033644 ) ) ;
#969 = VERTEX_POINT ( 'NONE', #821 ) ;
#970 = LINE ( 'NONE', #1892, #2206 ) ;
#971 = CARTESIAN_POINT ( 'NONE',  ( -7.469806918731556777, 8.927329225040891103, -5.510539184177773997 ) ) ;
#972 = CYLINDRICAL_SURFACE ( 'NONE', #2150, 0.5000000000000000000 ) ;
#973 = ADVANCED_FACE ( 'NONE', ( #1078, #2417 ), #2002, .T. ) ;
#974 = CARTESIAN_POINT ( 'NONE',  ( -5.284554492616141630, 7.499999999997566391, -5.736305122489357089 ) ) ;
#975 = LINE ( 'NONE', #2602, #20 ) ;
#976 = CARTESIAN_POINT ( 'NONE',  ( 7.347102414688119865, 7.500000000000002665, -3.476806582639490717 ) ) ;
#977 = CARTESIAN_POINT ( 'NONE',  ( 0.2560640732265440644, 0.000000000000000000, 2.215331807780322571 ) ) ;
#978 = CARTESIAN_POINT ( 'NONE',  ( 7.802998613197040356, 7.500000000000144773, 8.762885873963966787 ) ) ;
#979 = CARTESIAN_POINT ( 'NONE',  ( -3.650375282391109977, 7.030000000000000249, 0.2621121299714963548 ) ) ;
#980 = VECTOR ( 'NONE', #1614, 999.9999999999998863 ) ;
#981 = VERTEX_POINT ( 'NONE', #1730 ) ;
#982 = ORIENTED_EDGE ( 'NONE', *, *, #506, .F. ) ;
#983 = VERTEX_POINT ( 'NONE', #2660 ) ;
#984 = ORIENTED_EDGE ( 'NONE', *, *, #1751, .T. ) ;
#985 = VECTOR ( 'NONE', #1459, 1000.000000000000000 ) ;
#986 = VECTOR ( 'NONE', #1533, 1000.000000000000000 ) ;
#987 = CARTESIAN_POINT ( 'NONE',  ( -7.343968592367350112, 9.640993837561333990, -5.384700857813568220 ) ) ;
#988 = CARTESIAN_POINT ( 'NONE',  ( 0.2560640732265440644, 7.030000000000001137, 2.215331807780322571 ) ) ;
#989 = AXIS2_PLACEMENT_3D ( 'NONE', #1888, #1282, #1326 ) ;
#990 = LINE ( 'NONE', #2159, #2293 ) ;
#991 = AXIS2_PLACEMENT_3D ( 'NONE', #2995, #2045, #2487 ) ;
#992 = DIRECTION ( 'NONE',  ( -1.000000000000000000, 0.000000000000000000, -1.606225440719265874E-16 ) ) ;
#993 = DIRECTION ( 'NONE',  ( 0.000000000000000000, 0.000000000000000000, 1.000000000000000000 ) ) ;
#994 = EDGE_CURVE ( 'NONE', #440, #830, #1971, .T. ) ;
#995 = CARTESIAN_POINT ( 'NONE',  ( 7.977445658079464152, 6.766360796717671988, 8.866838797915516324 ) ) ;
#996 = CARTESIAN_POINT ( 'NONE',  ( 8.207594964644991720, 7.499999999996895816, 7.757418389081959909 ) ) ;
#997 = DIRECTION ( 'NONE',  ( 1.000000000000000000, 0.000000000000000000, 0.000000000000000000 ) ) ;
#998 = ORIENTED_EDGE ( 'NONE', *, *, #2504, .T. ) ;
#999 = ORIENTED_EDGE ( 'NONE', *, *, #549, .T. ) ;
#1000 = CARTESIAN_POINT ( 'NONE',  ( 0.000000000000000000, 4.500000000000000888, 3.740331807780323370 ) ) ;
#1001 = ORIENTED_EDGE ( 'NONE', *, *, #1630, .T. ) ;
#1002 = CARTESIAN_POINT ( 'NONE',  ( 0.2560640732265447861, 7.376235673783147817, 7.589422425693272523 ) ) ;
#1003 = CARTESIAN_POINT ( 'NONE',  ( -9.065555701283711798, -0.1226118341242141557, -6.367682151970772253 ) ) ;
#1004 = DIRECTION ( 'NONE',  ( -2.208559980988990915E-16, 0.000000000000000000, 1.000000000000000000 ) ) ;
#1005 = LINE ( 'NONE', #2861, #2629 ) ;
#1006 = DIRECTION ( 'NONE',  ( 0.000000000000000000, 0.000000000000000000, -1.000000000000000000 ) ) ;
#1007 = CARTESIAN_POINT ( 'NONE',  ( 3.036005363685820857, 0.000000000000000000, 8.717198478423387797 ) ) ;
#1008 = ORIENTED_EDGE ( 'NONE', *, *, #46, .T. ) ;
#1009 = EDGE_CURVE ( 'NONE', #2607, #1365, #337, .T. ) ;
#1010 = CARTESIAN_POINT ( 'NONE',  ( 5.437998012218894672, 6.500000000000001776, 9.353779821289549545 ) ) ;
#1011 = CARTESIAN_POINT ( 'NONE',  ( 0.2560640732265441200, 7.030000000000001137, 2.215331807780324791 ) ) ;
#1012 = EDGE_CURVE ( 'NONE', #709, #1382, #1254, .T. ) ;
#1013 = VERTEX_POINT ( 'NONE', #2222 ) ;
#1014 = ORIENTED_EDGE ( 'NONE', *, *, #951, .T. ) ;
#1015 = ORIENTED_EDGE ( 'NONE', *, *, #2529, .F. ) ;
#1016 = CARTESIAN_POINT ( 'NONE',  ( 5.437998012218901778, 6.673648177666901660, 10.33858757430176389 ) ) ;
#1017 = ORIENTED_EDGE ( 'NONE', *, *, #1085, .T. ) ;
#1018 = AXIS2_PLACEMENT_3D ( 'NONE', #524, #1886, #2083 ) ;
#1019 = CARTESIAN_POINT ( 'NONE',  ( -6.392235576068201475, 6.766242830423797372, 9.938648444577184549 ) ) ;
#1020 = CARTESIAN_POINT ( 'NONE',  ( -7.886132434753391429, 2.377388165875785830, -6.665470514958765413 ) ) ;
#1021 = DIRECTION ( 'NONE',  ( 1.000000000000000000, 0.000000000000000000, 4.770489558936219510E-14 ) ) ;
#1022 = CARTESIAN_POINT ( 'NONE',  ( 6.738627286069024613, 7.499999999999998224, -4.446252434352039096 ) ) ;
#1023 = CARTESIAN_POINT ( 'NONE',  ( 2.286005363685820857, 5.000000000000000000, -2.084668192219678140 ) ) ;
#1024 = CARTESIAN_POINT ( 'NONE',  ( -1.561829145586908663, 5.000000000000000888, 2.683225026593775375 ) ) ;
#1025 = CARTESIAN_POINT ( 'NONE',  ( 7.983241884011008871, 6.765973757926127874, -4.426200894475494252 ) ) ;
#1026 = CARTESIAN_POINT ( 'NONE',  ( 0.9310640732265444974, 4.500000000000000888, 2.890331807780322837 ) ) ;
#1027 = EDGE_CURVE ( 'NONE', #268, #1830, #197, .T. ) ;
#1028 = CARTESIAN_POINT ( 'NONE',  ( 0.2560640732265426767, 7.376235673783146929, -3.158758810132624273 ) ) ;
#1029 = ORIENTED_EDGE ( 'NONE', *, *, #85, .F. ) ;
#1030 = ORIENTED_EDGE ( 'NONE', *, *, #1808, .T. ) ;
#1031 = TOROIDAL_SURFACE ( 'NONE', #548, 7.093109588361092399, 12.00000000000000000 ) ;
#1032 = VECTOR ( 'NONE', #687, 1000.000000000000000 ) ;
#1033 = ORIENTED_EDGE ( 'NONE', *, *, #766, .F. ) ;
#1034 = CARTESIAN_POINT ( 'NONE',  ( 9.009777043198113233, -4.080030542393367755E-15, -7.066085593426362443 ) ) ;
#1035 = CARTESIAN_POINT ( 'NONE',  ( -7.682124343136764288, 7.723217276023578215, -2.768433349546358890 ) ) ;
#1036 = DIRECTION ( 'NONE',  ( -1.000000000000000000, 0.000000000000000000, 0.000000000000000000 ) ) ;
#1037 = CARTESIAN_POINT ( 'NONE',  ( -3.273877217232733727, 5.000000000000000000, -2.084668192219677252 ) ) ;
#1038 = CARTESIAN_POINT ( 'NONE',  ( -7.381014444716096357, 7.499999999999944045, -4.173579819264593205 ) ) ;
#1039 = FACE_OUTER_BOUND ( 'NONE', #283, .T. ) ;
#1040 = CYLINDRICAL_SURFACE ( 'NONE', #1083, 0.7499999999999998890 ) ;
#1041 = VECTOR ( 'NONE', #2428, 1000.000000000000000 ) ;
#1042 = VECTOR ( 'NONE', #441, 1000.000000000000000 ) ;
#1043 = DIRECTION ( 'NONE',  ( -0.000000000000000000, -1.000000000000000000, -0.000000000000000000 ) ) ;
#1044 = DIRECTION ( 'NONE',  ( -1.606225440719266120E-16, 0.000000000000000000, 1.000000000000000000 ) ) ;
#1045 = DIRECTION ( 'NONE',  ( 0.000000000000000000, 0.000000000000000000, 1.000000000000000000 ) ) ;
#1046 = ORIENTED_EDGE ( 'NONE', *, *, #951, .F. ) ;
#1047 = VERTEX_POINT ( 'NONE', #1121 ) ;
#1048 = EDGE_CURVE ( 'NONE', #93, #2820, #967, .T. ) ;
#1049 = EDGE_CURVE ( 'NONE', #2820, #220, #396, .T. ) ;
#1050 = EDGE_CURVE ( 'NONE', #2779, #1569, #1778, .T. ) ;
#1051 = CARTESIAN_POINT ( 'NONE',  ( -4.523877217232734615, 0.000000000000000000, 5.765331807780324169 ) ) ;
#1052 = CARTESIAN_POINT ( 'NONE',  ( 2.725345191906001219, 0.000000000000000000, -5.084668192219679916 ) ) ;
#1053 = CARTESIAN_POINT ( 'NONE',  ( 5.954475776957742106, 7.500000000000000000, -4.873716699875365599 ) ) ;
#1054 = CARTESIAN_POINT ( 'NONE',  ( 4.725345191905999442, 5.000000000000000000, -1.024008020439856947 ) ) ;
#1055 = CARTESIAN_POINT ( 'NONE',  ( 5.239829230553228356, 7.723217276023574662, -5.722856608582984173 ) ) ;
#1056 = LINE ( 'NONE', #1327, #409 ) ;
#1057 = CARTESIAN_POINT ( 'NONE',  ( 6.735954499349569247, 6.759059253881931184, -5.598855262871588856 ) ) ;
#1058 = ORIENTED_EDGE ( 'NONE', *, *, #696, .F. ) ;
#1059 = CARTESIAN_POINT ( 'NONE',  ( -7.471113737557810275, 6.765973757926268206, 8.856864510036237093 ) ) ;
#1060 = EDGE_CURVE ( 'NONE', #2976, #363, #675, .T. ) ;
#1061 = CARTESIAN_POINT ( 'NONE',  ( -6.882383940282681856, 7.500000000000000888, 7.656268435841661280 ) ) ;
#1062 = CARTESIAN_POINT ( 'NONE',  ( 0.000000000000000000, 4.250000000000000000, -0.5846681922196783621 ) ) ;
#1063 = CARTESIAN_POINT ( 'NONE',  ( -7.782535473233084922, 6.731014305722849755, -3.731009717597983055 ) ) ;
#1064 = CARTESIAN_POINT ( 'NONE',  ( -0.4189359267734555914, 0.000000000000000000, 1.540331807780323414 ) ) ;
#1065 = EDGE_CURVE ( 'NONE', #2651, #1726, #2152, .T. ) ;
#1066 = CARTESIAN_POINT ( 'NONE',  ( -3.273877217232734171, 0.000000000000000000, 5.765331807780324169 ) ) ;
#1067 = AXIS2_PLACEMENT_3D ( 'NONE', #2537, #1150, #1822 ) ;
#1068 = CARTESIAN_POINT ( 'NONE',  ( 4.286005363685821301, 5.000000000000000000, 5.765331807780324169 ) ) ;
#1069 = DIRECTION ( 'NONE',  ( -1.000000000000000000, 0.000000000000000000, -1.606225440719265874E-16 ) ) ;
#1070 = CARTESIAN_POINT ( 'NONE',  ( 11.00424530905243792, 7.376235673783146929, 7.589422425693268082 ) ) ;
#1071 = CARTESIAN_POINT ( 'NONE',  ( 0.000000000000000000, 4.000000000000000000, -2.564609482678953611 ) ) ;
#1072 = ORIENTED_EDGE ( 'NONE', *, *, #2165, .F. ) ;
#1073 = VERTEX_POINT ( 'NONE', #2520 ) ;
#1074 = ORIENTED_EDGE ( 'NONE', *, *, #595, .F. ) ;
#1075 = ORIENTED_EDGE ( 'NONE', *, *, #1594, .T. ) ;
#1076 = VECTOR ( 'NONE', #2802, 1000.000000000000000 ) ;
#1077 = CARTESIAN_POINT ( 'NONE',  ( -0.4189359267734552028, 0.000000000000000000, -7.850564675506312877E-17 ) ) ;
#1078 = FACE_BOUND ( 'NONE', #2932, .T. ) ;
#1079 = LINE ( 'NONE', #2462, #2865 ) ;
#1080 = CARTESIAN_POINT ( 'NONE',  ( -0.4189359267734555914, 4.500000000000000888, 1.540331807780323414 ) ) ;
#1081 = ORIENTED_EDGE ( 'NONE', *, *, #2504, .F. ) ;
#1082 = CARTESIAN_POINT ( 'NONE',  ( -6.405520168905818323, 7.499999999999998224, -4.267231405062155147 ) ) ;
#1083 = AXIS2_PLACEMENT_3D ( 'NONE', #1278, #172, #157 ) ;
#1084 = CARTESIAN_POINT ( 'NONE',  ( 0.2560640732265434538, 7.376235673783146929, -3.158758810132624273 ) ) ;
#1085 = EDGE_CURVE ( 'NONE', #861, #633, #2296, .T. ) ;
#1086 = VECTOR ( 'NONE', #1769, 1000.000000000000000 ) ;
#1087 = ORIENTED_EDGE ( 'NONE', *, *, #2370, .F. ) ;
#1088 = ORIENTED_EDGE ( 'NONE', *, *, #771, .T. ) ;
#1089 = CIRCLE ( 'NONE', #1861, 1.500000000000000000 ) ;
#1090 = AXIS2_PLACEMENT_3D ( 'NONE', #680, #658, #1571 ) ;
#1091 = PLANE ( 'NONE',  #991 ) ;
#1092 = CARTESIAN_POINT ( 'NONE',  ( -6.630555196674645657, 7.499999999999993783, 8.380563836281144319 ) ) ;
#1093 = DIRECTION ( 'NONE',  ( 0.000000000000000000, 0.000000000000000000, -1.000000000000000000 ) ) ;
#1094 = CARTESIAN_POINT ( 'NONE',  ( 5.437998012218901778, 6.673648177666901660, 10.33858757430176389 ) ) ;
#1095 = DIRECTION ( 'NONE',  ( -1.000000000000000000, 0.000000000000000000, 0.000000000000000000 ) ) ;
#1096 = DIRECTION ( 'NONE',  ( 0.000000000000000000, -0.000000000000000000, 1.000000000000000000 ) ) ;
#1097 = CARTESIAN_POINT ( 'NONE',  ( 6.193083424828104810, 6.730456468940753112, 10.25703160391947222 ) ) ;
#1098 = FACE_OUTER_BOUND ( 'NONE', #2369, .T. ) ;
#1099 = EDGE_CURVE ( 'NONE', #1165, #2392, #36, .T. ) ;
#1100 = ORIENTED_EDGE ( 'NONE', *, *, #1953, .T. ) ;
#1101 = ORIENTED_EDGE ( 'NONE', *, *, #193, .F. ) ;
#1102 = EDGE_CURVE ( 'NONE', #2790, #1997, #1584, .T. ) ;
#1103 = ORIENTED_EDGE ( 'NONE', *, *, #1144, .T. ) ;
#1104 = ORIENTED_EDGE ( 'NONE', *, *, #2679, .F. ) ;
#1105 = CARTESIAN_POINT ( 'NONE',  ( -1.773877217232734171, 4.250000000000000000, -2.051457634822689057E-16 ) ) ;
#1106 = CARTESIAN_POINT ( 'NONE',  ( -3.273877217232734171, 0.000000000000000000, 5.765331807780324169 ) ) ;
#1107 = DIRECTION ( 'NONE',  ( 1.000000000000000000, 0.000000000000000000, 1.873929680839142574E-16 ) ) ;
#1108 = DIRECTION ( 'NONE',  ( 0.000000000000000000, 0.000000000000000000, 1.000000000000000000 ) ) ;
#1109 = DIRECTION ( 'NONE',  ( 1.000000000000000000, 0.000000000000000000, 1.156482317317871478E-16 ) ) ;
#1110 = DIRECTION ( 'NONE',  ( -4.818676322157798361E-16, 0.000000000000000000, 1.000000000000000000 ) ) ;
#1111 = CARTESIAN_POINT ( 'NONE',  ( 3.786005363685820413, 5.000000000000000000, 5.015331807780324169 ) ) ;
#1112 = VECTOR ( 'NONE', #2801, 1000.000000000000000 ) ;
#1113 = LINE ( 'NONE', #2069, #2686 ) ;
#1114 = ORIENTED_EDGE ( 'NONE', *, *, #2117, .T. ) ;
#1115 = ORIENTED_EDGE ( 'NONE', *, *, #1987, .F. ) ;
#1116 = EDGE_CURVE ( 'NONE', #2320, #164, #2252, .T. ) ;
#1117 = EDGE_CURVE ( 'NONE', #436, #932, #1611, .T. ) ;
#1118 = CARTESIAN_POINT ( 'NONE',  ( -1.773877217232734393, 0.000000000000000000, 9.515331807780324169 ) ) ;
#1119 = DIRECTION ( 'NONE',  ( 1.606225440719265381E-16, 0.000000000000000000, -1.000000000000000000 ) ) ;
#1120 = EDGE_CURVE ( 'NONE', #1265, #566, #1677, .T. ) ;
#1121 = CARTESIAN_POINT ( 'NONE',  ( 0.9310640732265448305, 4.500000000000000888, 0.1903318077803230479 ) ) ;
#1122 = CARTESIAN_POINT ( 'NONE',  ( -7.867191693294896204, 6.673648177666930970, -2.966602131212031868 ) ) ;
#1123 = AXIS2_PLACEMENT_3D ( 'NONE', #593, #2213, #1482 ) ;
#1124 = CARTESIAN_POINT ( 'NONE',  ( 9.741817252317076736, -1.053458627512306123, -7.270421371310210823 ) ) ;
#1125 = LINE ( 'NONE', #2532, #737 ) ;
#1126 = CARTESIAN_POINT ( 'NONE',  ( 7.090627980556125642, 7.499999999999668709, 9.563412005630974377 ) ) ;
#1127 = DIRECTION ( 'NONE',  ( 1.000000000000000000, 0.000000000000000000, 2.208559980988990915E-16 ) ) ;
#1128 = EDGE_LOOP ( 'NONE', ( #1297, #1789, #2151, #159 ) ) ;
#1129 = ORIENTED_EDGE ( 'NONE', *, *, #862, .F. ) ;
#1130 = CIRCLE ( 'NONE', #607, 0.7499999999999997780 ) ;
#1131 = EDGE_CURVE ( 'NONE', #1385, #2503, #2335, .T. ) ;
#1132 = CIRCLE ( 'NONE', #559, 3.000000000000000444 ) ;
#1133 = AXIS2_PLACEMENT_3D ( 'NONE', #285, #2124, #301 ) ;
#1134 = CARTESIAN_POINT ( 'NONE',  ( -5.686067496930447440, 6.730781156735003989, -5.824895058250180391 ) ) ;
#1135 = CARTESIAN_POINT ( 'NONE',  ( 0.000000000000000000, 4.500000000000000888, 2.390331807780322837 ) ) ;
#1136 = EDGE_CURVE ( 'NONE', #1709, #294, #1210, .T. ) ;
#1137 = ORIENTED_EDGE ( 'NONE', *, *, #141, .F. ) ;
#1138 = PRODUCT_DEFINITION ( 'UNKNOWN', '', #1236, #248 ) ;
#1139 = CARTESIAN_POINT ( 'NONE',  ( 8.815692624646864317, 0.000000000000000000, 11.51533180778032417 ) ) ;
#1140 = DIRECTION ( 'NONE',  ( 0.000000000000000000, 0.000000000000000000, -1.000000000000000000 ) ) ;
#1141 = FACE_OUTER_BOUND ( 'NONE', #1576, .T. ) ;
#1142 = CARTESIAN_POINT ( 'NONE',  ( -6.628025144310702110, 7.499999999999981348, -3.954433745883442874 ) ) ;
#1143 = CARTESIAN_POINT ( 'NONE',  ( -4.523877217232733727, 4.250000000000000000, -1.334668192219677918 ) ) ;
#1144 = EDGE_CURVE ( 'NONE', #1802, #2855, #2400, .T. ) ;
#1145 = VERTEX_POINT ( 'NONE', #604 ) ;
#1146 = ORIENTED_EDGE ( 'NONE', *, *, #2047, .F. ) ;
#1147 = DIRECTION ( 'NONE',  ( 0.000000000000000000, -1.000000000000000000, 0.000000000000000000 ) ) ;
#1148 = ORIENTED_EDGE ( 'NONE', *, *, #1136, .F. ) ;
#1149 = FACE_OUTER_BOUND ( 'NONE', #1676, .T. ) ;
#1150 = DIRECTION ( 'NONE',  ( 1.000000000000000000, 0.000000000000000000, -0.000000000000000000 ) ) ;
#1151 = ORIENTED_EDGE ( 'NONE', *, *, #1956, .F. ) ;
#1152 = EDGE_CURVE ( 'NONE', #1706, #392, #794, .T. ) ;
#1153 = DIRECTION ( 'NONE',  ( -0.000000000000000000, 1.000000000000000000, -0.000000000000000000 ) ) ;
#1154 = CARTESIAN_POINT ( 'NONE',  ( 2.073957292039996236, 5.000000000000000888, 1.747438588966871320 ) ) ;
#1155 = LINE ( 'NONE', #2271, #890 ) ;
#1156 = FACE_OUTER_BOUND ( 'NONE', #233, .T. ) ;
#1157 = EDGE_CURVE ( 'NONE', #1535, #451, #2956, .T. ) ;
#1158 = CARTESIAN_POINT ( 'NONE',  ( -8.497648896745060298, -3.669748141482348194E-15, 11.49674920898699781 ) ) ;
#1159 = CYLINDRICAL_SURFACE ( 'NONE', #1018, 0.7500000000000000000 ) ;
#1160 = AXIS2_PLACEMENT_3D ( 'NONE', #1205, #39, #242 ) ;
#1161 =( BOUNDED_CURVE ( )  B_SPLINE_CURVE ( 3, ( #2957, #1338, #2742, #1826 ),
 .UNSPECIFIED., .F., .F. ) 
 B_SPLINE_CURVE_WITH_KNOTS ( ( 4, 4 ),
 ( 0.000000000000000000, 1.570796326794896780 ),
 .UNSPECIFIED. ) 
 CURVE ( )  GEOMETRIC_REPRESENTATION_ITEM ( )  RATIONAL_B_SPLINE_CURVE ( ( 1.000000000000000000, 0.8047378541243649375, 0.8047378541243649375, 1.000000000000000000 ) ) 
 REPRESENTATION_ITEM ( '' )  );
#1162 = ORIENTED_EDGE ( 'NONE', *, *, #2874, .F. ) ;
#1163 = ORIENTED_EDGE ( 'NONE', *, *, #1732, .F. ) ;
#1164 = CYLINDRICAL_SURFACE ( 'NONE', #297, 0.5000000000000000000 ) ;
#1165 = VERTEX_POINT ( 'NONE', #2452 ) ;
#1166 = ORIENTED_EDGE ( 'NONE', *, *, #1262, .T. ) ;
#1167 = FACE_OUTER_BOUND ( 'NONE', #1968, .T. ) ;
#1168 = CARTESIAN_POINT ( 'NONE',  ( 2.281064073226544142, 4.792893218813452982, 1.540331807780323858 ) ) ;
#1169 = CARTESIAN_POINT ( 'NONE',  ( 8.398260581206479003, 2.377388165875782278, -6.665470514958767190 ) ) ;
#1170 = ADVANCED_FACE ( 'NONE', ( #2466 ), #2227, .T. ) ;
#1171 = CARTESIAN_POINT ( 'NONE',  ( -6.223567309845135398, 7.499999999999997335, -4.448813046072685573 ) ) ;
#1172 = VECTOR ( 'NONE', #2965, 1000.000000000000000 ) ;
#1173 = FILL_AREA_STYLE ('',( #2096 ) ) ;
#1174 = EDGE_CURVE ( 'NONE', #1362, #496, #1721, .T. ) ;
#1175 = LINE ( 'NONE', #2347, #48 ) ;
#1176 = CARTESIAN_POINT ( 'NONE',  ( -0.4189359267734559800, 4.500000000000000888, 4.240331807780323814 ) ) ;
#1177 = EDGE_CURVE ( 'NONE', #2838, #787, #1990, .T. ) ;
#1178 = ORIENTED_EDGE ( 'NONE', *, *, #662, .T. ) ;
#1179 = CARTESIAN_POINT ( 'NONE',  ( -1.773877217232734171, 4.000000000000000000, -2.564609482678953611 ) ) ;
#1180 = ORIENTED_EDGE ( 'NONE', *, *, #386, .F. ) ;
#1181 = CIRCLE ( 'NONE', #2098, 1.000000000000000000 ) ;
#1182 = AXIS2_PLACEMENT_3D ( 'NONE', #1696, #1681, #1021 ) ;
#1183 = CIRCLE ( 'NONE', #2888, 0.7499999999999997780 ) ;
#1184 = ORIENTED_EDGE ( 'NONE', *, *, #43, .F. ) ;
#1185 = VECTOR ( 'NONE', #997, 1000.000000000000000 ) ;
#1186 = DIRECTION ( 'NONE',  ( -0.000000000000000000, 0.000000000000000000, 1.000000000000000000 ) ) ;
#1187 = CYLINDRICAL_SURFACE ( 'NONE', #454, 1.000000000000000000 ) ;
#1188 = CARTESIAN_POINT ( 'NONE',  ( 3.036005363685820857, 4.250000000000000000, 0.000000000000000000 ) ) ;
#1189 = CARTESIAN_POINT ( 'NONE',  ( -6.704443576462030485, 6.775810048747894498, -5.298638660217877216 ) ) ;
#1190 = CARTESIAN_POINT ( 'NONE',  ( -8.605579655160344288, -1.702799775392677795, 11.81558135092637052 ) ) ;
#1191 = CARTESIAN_POINT ( 'NONE',  ( 2.725345191905999886, 0.000000000000000000, 9.515331807780324169 ) ) ;
#1192 = LINE ( 'NONE', #734, #1885 ) ;
#1193 = FACE_OUTER_BOUND ( 'NONE', #1643, .T. ) ;
#1194 = LINE ( 'NONE', #893, #1662 ) ;
#1195 = VERTEX_POINT ( 'NONE', #383 ) ;
#1196 = VERTEX_POINT ( 'NONE', #629 ) ;
#1197 = EDGE_CURVE ( 'NONE', #709, #1925, #175, .T. ) ;
#1198 = ORIENTED_EDGE ( 'NONE', *, *, #2140, .F. ) ;
#1199 = CARTESIAN_POINT ( 'NONE',  ( -9.043935926773459144, 0.000000000000000000, -7.084668192219678140 ) ) ;
#1200 = DIRECTION ( 'NONE',  ( -1.000000000000000000, 0.000000000000000000, -0.000000000000000000 ) ) ;
#1201 = EDGE_CURVE ( 'NONE', #1209, #932, #371, .T. ) ;
#1202 = FACE_OUTER_BOUND ( 'NONE', #2243, .T. ) ;
#1203 = CARTESIAN_POINT ( 'NONE',  ( -0.4189359267734552583, 4.500000000000000888, 0.1903318077803227426 ) ) ;
#1204 = DIRECTION ( 'NONE',  ( 0.000000000000000000, 0.000000000000000000, -1.000000000000000000 ) ) ;
#1205 = CARTESIAN_POINT ( 'NONE',  ( -1.773877217232734171, 4.250000000000000000, 6.515331807780323281 ) ) ;
#1206 = CARTESIAN_POINT ( 'NONE',  ( -4.925869865765810651, 6.673648177666931858, 10.33858757430176212 ) ) ;
#1207 = EDGE_LOOP ( 'NONE', ( #2841, #374 ) ) ;
#1208 = TOROIDAL_SURFACE ( 'NONE', #2231, 0.2500000000000000000, 0.7500000000000000000 ) ;
#1209 = VERTEX_POINT ( 'NONE', #2943 ) ;
#1210 = LINE ( 'NONE', #2575, #2005 ) ;
#1211 = EDGE_CURVE ( 'NONE', #2337, #1551, #360, .T. ) ;
#1212 = ORIENTED_EDGE ( 'NONE', *, *, #788, .T. ) ;
#1213 = DIRECTION ( 'NONE',  ( 0.000000000000000000, 0.1736481776669307198, -0.9848077530122080203 ) ) ;
#1214 = LINE ( 'NONE', #1666, #2823 ) ;
#1215 = DIRECTION ( 'NONE',  ( -1.000000000000000000, 0.000000000000000000, -2.208559980988990915E-16 ) ) ;
#1216 = CARTESIAN_POINT ( 'NONE',  ( -6.385468629029255716, 6.765973757926198928, -5.511846003004131411 ) ) ;
#1217 = CARTESIAN_POINT ( 'NONE',  ( -3.773877217232733727, 5.000000000000000000, 5.015331807780324169 ) ) ;
#1218 = CARTESIAN_POINT ( 'NONE',  ( 7.234525653139529666, 7.500000000000333955, -5.012872377764781895 ) ) ;
#1219 = CARTESIAN_POINT ( 'NONE',  ( -3.273877217232734615, 4.250000000000000000, -0.5846681922196774739 ) ) ;
#1220 = VECTOR ( 'NONE', #1606, 999.9999999999998863 ) ;
#1221 = CARTESIAN_POINT ( 'NONE',  ( -10.49211716259934768, 7.376235673783146929, 7.589422425693271634 ) ) ;
#1222 = VECTOR ( 'NONE', #868, 999.9999999999998863 ) ;
#1223 = ORIENTED_EDGE ( 'NONE', *, *, #437, .F. ) ;
#1224 = VERTEX_POINT ( 'NONE', #2242 ) ;
#1225 = CIRCLE ( 'NONE', #2933, 0.7500000000000000000 ) ;
#1226 = DIRECTION ( 'NONE',  ( 0.000000000000000000, 0.000000000000000000, 1.000000000000000000 ) ) ;
#1227 = EDGE_CURVE ( 'NONE', #294, #1237, #2089, .T. ) ;
#1228 = ADVANCED_FACE ( 'NONE', ( #1259, #1782 ), #813, .F. ) ;
#1229 = CARTESIAN_POINT ( 'NONE',  ( 9.117707801613427421, -1.702799775392678017, 11.81558135092636874 ) ) ;
#1230 = DIRECTION ( 'NONE',  ( -9.326470300950574888E-17, -3.081487911019577365E-33, -1.000000000000000000 ) ) ;
#1231 = PRESENTATION_LAYER_ASSIGNMENT (  '', '', ( #76 ) ) ;
#1232 = CARTESIAN_POINT ( 'NONE',  ( -1.768935926773456346, 4.500000000000000888, 2.890331807780322837 ) ) ;
#1233 = CARTESIAN_POINT ( 'NONE',  ( -7.430447690408350958, 9.150546501064464877, 6.947420312378590701 ) ) ;
#1234 = CARTESIAN_POINT ( 'NONE',  ( 2.281064073226544142, 4.792893218813452982, 2.890331807780322837 ) ) ;
#1235 = EDGE_LOOP ( 'NONE', ( #332, #89, #1356, #1129 ) ) ;
#1236 = PRODUCT_DEFINITION_FORMATION_WITH_SPECIFIED_SOURCE ( 'ANY', '', #1992, .NOT_KNOWN. ) ;
#1237 = VERTEX_POINT ( 'NONE', #1976 ) ;
#1238 = ORIENTED_EDGE ( 'NONE', *, *, #2962, .F. ) ;
#1239 =( BOUNDED_CURVE ( )  B_SPLINE_CURVE ( 3, ( #328, #275, #1234, #259 ),
 .UNSPECIFIED., .F., .F. ) 
 B_SPLINE_CURVE_WITH_KNOTS ( ( 4, 4 ),
 ( 4.712388980384689674, 6.283185307179586232 ),
 .UNSPECIFIED. ) 
 CURVE ( )  GEOMETRIC_REPRESENTATION_ITEM ( )  RATIONAL_B_SPLINE_CURVE ( ( 1.000000000000000000, 0.8047378541243649375, 0.8047378541243649375, 1.000000000000000000 ) ) 
 REPRESENTATION_ITEM ( '' )  );
#1240 = CARTESIAN_POINT ( 'NONE',  ( -4.925869865765813316, 7.500000000000003553, 10.19287945246683336 ) ) ;
#1241 = CARTESIAN_POINT ( 'NONE',  ( 9.024831212068164632, -1.176070461636524289, 11.72270476138110418 ) ) ;
#1242 = CARTESIAN_POINT ( 'NONE',  ( -1.773877217232733949, 4.250000000000000000, -2.084668192219677252 ) ) ;
#1243 = CARTESIAN_POINT ( 'NONE',  ( -7.867191693294894428, 6.673648177666930970, 7.397265746772677453 ) ) ;
#1244 = CARTESIAN_POINT ( 'NONE',  ( -2.213217045452913201, 0.000000000000000000, 9.515331807780322393 ) ) ;
#1245 = FACE_OUTER_BOUND ( 'NONE', #1263, .T. ) ;
#1246 = CARTESIAN_POINT ( 'NONE',  ( 3.036005363685821301, 0.000000000000000000, -2.084668192219678140 ) ) ;
#1247 = DIRECTION ( 'NONE',  ( -1.000000000000000000, 0.000000000000000000, 0.000000000000000000 ) ) ;
#1248 = CARTESIAN_POINT ( 'NONE',  ( -6.713681533840833104, 6.776010522933506586, 9.722202637418199345 ) ) ;
#1249 = ORIENTED_EDGE ( 'NONE', *, *, #818, .F. ) ;
#1250 = EDGE_LOOP ( 'NONE', ( #2948, #2775, #1166, #636 ) ) ;
#1251 = VECTOR ( 'NONE', #2881, 1000.000000000000000 ) ;
#1252 = DIRECTION ( 'NONE',  ( -0.000000000000000000, 1.000000000000000000, -0.000000000000000000 ) ) ;
#1253 = DIRECTION ( 'NONE',  ( 1.000000000000000000, 0.000000000000000000, 0.000000000000000000 ) ) ;
#1254 = LINE ( 'NONE', #599, #2235 ) ;
#1255 =( BOUNDED_CURVE ( )  B_SPLINE_CURVE ( 3, ( #853, #1054, #2708, #589 ),
 .UNSPECIFIED., .F., .F. ) 
 B_SPLINE_CURVE_WITH_KNOTS ( ( 4, 4 ),
 ( 4.712388980384689674, 6.283185307179586232 ),
 .UNSPECIFIED. ) 
 CURVE ( )  GEOMETRIC_REPRESENTATION_ITEM ( )  RATIONAL_B_SPLINE_CURVE ( ( 1.000000000000000000, 0.8047378541243649375, 0.8047378541243649375, 1.000000000000000000 ) ) 
 REPRESENTATION_ITEM ( '' )  );
#1256 = CARTESIAN_POINT ( 'NONE',  ( -7.086545801218131047, 7.499999999999866773, -4.626285021103313078 ) ) ;
#1257 = LINE ( 'NONE', #1544, #412 ) ;
#1258 = CARTESIAN_POINT ( 'NONE',  ( 5.437998012218901778, 7.500000000000000000, -4.923116205728909733 ) ) ;
#1259 = FACE_BOUND ( 'NONE', #1613, .T. ) ;
#1260 = CARTESIAN_POINT ( 'NONE',  ( -1.773877217232733949, 4.250000000000000000, -2.564609482678953611 ) ) ;
#1261 = CARTESIAN_POINT ( 'NONE',  ( -2.523877217232734171, 4.250000000000000000, -2.918819372811092604E-16 ) ) ;
#1262 = EDGE_CURVE ( 'NONE', #1209, #1569, #116, .T. ) ;
#1263 = EDGE_LOOP ( 'NONE', ( #295, #1029, #2371, #491 ) ) ;
#1264 = VERTEX_POINT ( 'NONE', #2435 ) ;
#1265 = VERTEX_POINT ( 'NONE', #1747 ) ;
#1266 = EDGE_CURVE ( 'NONE', #1013, #861, #2175, .T. ) ;
#1267 = VECTOR ( 'NONE', #83, 1000.000000000000000 ) ;
#1268 = ORIENTED_EDGE ( 'NONE', *, *, #2857, .T. ) ;
#1269 = ORIENTED_EDGE ( 'NONE', *, *, #858, .F. ) ;
#1270 = CARTESIAN_POINT ( 'NONE',  ( -5.913701479686452878, 7.499999999999972466, 9.099421024381214806 ) ) ;
#1271 = CARTESIAN_POINT ( 'NONE',  ( -6.408080781867649733, 7.499999999999996447, 8.694963192399967511 ) ) ;
#1272 = CARTESIAN_POINT ( 'NONE',  ( 2.286005363685820857, 4.250000000000000000, 2.643724780396461790E-16 ) ) ;
#1273 = DIRECTION ( 'NONE',  ( 0.000000000000000000, -1.000000000000000000, 0.000000000000000000 ) ) ;
#1274 = CARTESIAN_POINT ( 'NONE',  ( -7.861821714472583267, 6.704102840933671814, -3.349674030936075741 ) ) ;
#1275 = DIRECTION ( 'NONE',  ( -3.252606517456513795E-16, 0.000000000000000000, 1.000000000000000000 ) ) ;
#1276 = AXIS2_PLACEMENT_3D ( 'NONE', #702, #2283, #2076 ) ;
#1277 = CARTESIAN_POINT ( 'NONE',  ( 2.286005363685821745, 0.000000000000000000, -5.084668192219678140 ) ) ;
#1278 = CARTESIAN_POINT ( 'NONE',  ( 2.286005363685820857, 20.71259539068925193, 1.178430281813140912 ) ) ;
#1279 = VECTOR ( 'NONE', #2955, 1000.000000000000000 ) ;
#1280 = AXIS2_PLACEMENT_3D ( 'NONE', #1913, #1632, #2565 ) ;
#1281 = CARTESIAN_POINT ( 'NONE',  ( 0.000000000000000000, 0.000000000000000000, 0.000000000000000000 ) ) ;
#1282 = DIRECTION ( 'NONE',  ( -0.000000000000000000, -1.000000000000000000, -0.000000000000000000 ) ) ;
#1283 = VERTEX_POINT ( 'NONE', #131 ) ;
#1284 = EDGE_CURVE ( 'NONE', #47, #2949, #2443, .T. ) ;
#1285 = AXIS2_PLACEMENT_3D ( 'NONE', #791, #1758, #2659 ) ;
#1286 = EDGE_CURVE ( 'NONE', #1706, #981, #1056, .T. ) ;
#1287 = CARTESIAN_POINT ( 'NONE',  ( 9.272216710807136053, -6.722262082387510524E-15, -6.938103677013990556 ) ) ;
#1288 = CARTESIAN_POINT ( 'NONE',  ( -4.925869865765821309, 6.673648177666900771, -5.907923958741122306 ) ) ;
#1289 = CYLINDRICAL_SURFACE ( 'NONE', #1285, 0.7499999999999997780 ) ;
#1290 = DIRECTION ( 'NONE',  ( -0.9848077530122080203, 0.1736481776669307198, 9.184780260614227492E-17 ) ) ;
#1291 = FACE_OUTER_BOUND ( 'NONE', #318, .T. ) ;
#1292 = CARTESIAN_POINT ( 'NONE',  ( -4.523877217232734615, 4.250000000000000000, -1.334668192219677918 ) ) ;
#1293 = CARTESIAN_POINT ( 'NONE',  ( 3.036005363685820857, 0.000000000000000000, 0.000000000000000000 ) ) ;
#1294 = CARTESIAN_POINT ( 'NONE',  ( -4.203592137729099846E-17, 0.000000000000000000, 0.1903318077803228259 ) ) ;
#1295 = FACE_OUTER_BOUND ( 'NONE', #1774, .T. ) ;
#1296 = DIRECTION ( 'NONE',  ( -1.000000000000000000, -0.000000000000000000, -0.000000000000000000 ) ) ;
#1297 = ORIENTED_EDGE ( 'NONE', *, *, #1262, .F. ) ;
#1298 = ORIENTED_EDGE ( 'NONE', *, *, #1060, .T. ) ;
#1299 = CARTESIAN_POINT ( 'NONE',  ( -5.442347631455589863, 7.499999999999999112, 9.304380318113661730 ) ) ;
#1300 = CARTESIAN_POINT ( 'NONE',  ( -8.303564478193781184, 0.000000000000000000, -7.084668192219678140 ) ) ;
#1301 = CARTESIAN_POINT ( 'NONE',  ( 3.036005363685821745, 0.000000000000000000, -4.754070542618043405 ) ) ;
#1302 = ADVANCED_FACE ( 'NONE', ( #2914 ), #2900, .F. ) ;
#1303 = DIRECTION ( 'NONE',  ( 2.017120320903264442E-16, -0.000000000000000000, 1.000000000000000000 ) ) ;
#1304 = DIRECTION ( 'NONE',  ( -0.000000000000000000, -0.000000000000000000, 1.000000000000000000 ) ) ;
#1305 = DIRECTION ( 'NONE',  ( -1.000000000000000000, 0.000000000000000000, 0.000000000000000000 ) ) ;
#1306 = CARTESIAN_POINT ( 'NONE',  ( 9.537481474433228357, -2.963150673246579850E-15, 10.96904477775188802 ) ) ;
#1307 = CARTESIAN_POINT ( 'NONE',  ( -6.882383940282691626, 6.500000000000000000, -2.966602131212032312 ) ) ;
#1308 = CARTESIAN_POINT ( 'NONE',  ( 0.000000000000000000, 5.000000000000000000, 5.015331807780324169 ) ) ;
#1309 = LINE ( 'NONE', #2959, #22 ) ;
#1310 = EDGE_LOOP ( 'NONE', ( #1514, #1502, #1448, #651 ) ) ;
#1311 = ORIENTED_EDGE ( 'NONE', *, *, #1956, .T. ) ;
#1312 = ORIENTED_EDGE ( 'NONE', *, *, #1102, .F. ) ;
#1313 = AXIS2_PLACEMENT_3D ( 'NONE', #2331, #243, #262 ) ;
#1314 = CARTESIAN_POINT ( 'NONE',  ( -5.310741756995864371, 6.704246450922014766, -5.902528657603701490 ) ) ;
#1315 = CARTESIAN_POINT ( 'NONE',  ( -6.689924990188630183, 7.500000000000001776, 8.267328076851269358 ) ) ;
#1316 = DIRECTION ( 'NONE',  ( 1.156482317317871478E-16, 0.000000000000000000, -1.000000000000000000 ) ) ;
#1317 = VECTOR ( 'NONE', #957, 1000.000000000000000 ) ;
#1318 = DIRECTION ( 'NONE',  ( 0.000000000000000000, 0.000000000000000000, -1.000000000000000000 ) ) ;
#1319 = CARTESIAN_POINT ( 'NONE',  ( -5.798137102473126525, 7.499999999999997335, 9.160156636461996627 ) ) ;
#1320 = CARTESIAN_POINT ( 'NONE',  ( 5.437998012218901778, 7.500000000000000000, -5.762215836906189992 ) ) ;
#1321 = DIRECTION ( 'NONE',  ( 1.000000000000000000, 0.000000000000000000, 4.336808689942017736E-16 ) ) ;
#1322 = CARTESIAN_POINT ( 'NONE',  ( 2.286005363685820857, 5.000000000000000000, -1.334668192219678362 ) ) ;
#1323 = ADVANCED_FACE ( 'NONE', ( #2455 ), #148, .F. ) ;
#1324 = CARTESIAN_POINT ( 'NONE',  ( 0.9310640732265448305, 0.000000000000000000, 1.495498801356181381E-16 ) ) ;
#1325 = VECTOR ( 'NONE', #941, 1000.000000000000000 ) ;
#1326 = DIRECTION ( 'NONE',  ( 0.000000000000000000, 0.000000000000000000, 1.000000000000000000 ) ) ;
#1327 = CARTESIAN_POINT ( 'NONE',  ( 2.286005363685820857, 5.000000000000000000, 0.000000000000000000 ) ) ;
#1328 = VECTOR ( 'NONE', #2925, 1000.000000000000000 ) ;
#1329 = ORIENTED_EDGE ( 'NONE', *, *, #1144, .F. ) ;
#1330 = EDGE_CURVE ( 'NONE', #2011, #566, #1787, .T. ) ;
#1331 = CARTESIAN_POINT ( 'NONE',  ( 5.036005363685820413, 4.250000000000000000, 5.765331807780324169 ) ) ;
#1332 = CARTESIAN_POINT ( 'NONE',  ( 0.2560640732265440644, 7.500000000000004441, -4.877777780580769829 ) ) ;
#1333 = CARTESIAN_POINT ( 'NONE',  ( -1.773877217232733949, 4.085505035831416443, -2.799532637875430385 ) ) ;
#1334 = CARTESIAN_POINT ( 'NONE',  ( 0.2560640732265440644, -4.499999999999992006, -4.877777780580769829 ) ) ;
#1335 = DIRECTION ( 'NONE',  ( 0.000000000000000000, 0.000000000000000000, 1.000000000000000000 ) ) ;
#1336 = DIRECTION ( 'NONE',  ( -1.000000000000000000, 0.000000000000000000, 0.000000000000000000 ) ) ;
#1337 = EDGE_CURVE ( 'NONE', #2871, #1196, #1795, .T. ) ;
#1338 = CARTESIAN_POINT ( 'NONE',  ( 0.9310640732265439423, 4.792893218813452982, 4.240331807780323814 ) ) ;
#1339 =( BOUNDED_SURFACE ( )  B_SPLINE_SURFACE ( 2, 3, ( 
 ( #552, #110, #1035, #67, #51, #1959, #1003, #2598, #808, #1474 ),
 ( #987, #971, #534, #96, #2878, #1438, #1914, #2373, #302, #2843 ),
 ( #1927, #2859, #775, #2626, #323, #1020, #790, #877, #833, #415 ) ),
 .UNSPECIFIED., .F., .F., .F. ) 
 B_SPLINE_SURFACE_WITH_KNOTS ( ( 3, 3 ),
 ( 4, 3, 3, 4 ),
 ( 0.000000000000000000, 1.000000000000000000 ),
 ( -0.009936223631339582280, -0.007729667551981029422, -0.000000000000000000, 0.001628576994087272637 ),
 .UNSPECIFIED. ) 
 GEOMETRIC_REPRESENTATION_ITEM ( )  RATIONAL_B_SPLINE_SURFACE ( (
 ( 1.000000000000000000, 1.000000000000000000, 1.000000000000000000, 1.000000000000000000, 1.000000000000000000, 1.000000000000000000, 1.000000000000000000, 1.000000000000000000, 1.000000000000000000, 1.000000000000000000),
 ( 0.7176885430348759476, 0.7176885430348759476, 0.7176885430348759476, 0.7176885430348759476, 0.7176885430348759476, 0.7176885430348759476, 0.7176885430348759476, 0.7176885430348759476, 0.7176885430348759476, 0.7176885430348759476),
 ( 1.000000000000000000, 1.000000000000000000, 1.000000000000000000, 1.000000000000000000, 1.000000000000000000, 1.000000000000000000, 1.000000000000000000, 1.000000000000000000, 1.000000000000000000, 1.000000000000000000) ) ) 
 REPRESENTATION_ITEM ( '' )  SURFACE ( )  );
#1340 = CARTESIAN_POINT ( 'NONE',  ( 0.9310640732265448305, 4.500000000000000888, 1.495498801356181381E-16 ) ) ;
#1341 = CARTESIAN_POINT ( 'NONE',  ( 0.000000000000000000, 4.000000000000000000, 6.995273098239597864 ) ) ;
#1342 = ORIENTED_EDGE ( 'NONE', *, *, #1174, .F. ) ;
#1343 = ORIENTED_EDGE ( 'NONE', *, *, #2345, .F. ) ;
#1344 = LINE ( 'NONE', #624, #2639 ) ;
#1345 = CYLINDRICAL_SURFACE ( 'NONE', #2059, 0.5000000000000000000 ) ;
#1346 = DIRECTION ( 'NONE',  ( 1.606225440719265381E-16, 0.000000000000000000, -1.000000000000000000 ) ) ;
#1347 = CARTESIAN_POINT ( 'NONE',  ( 0.4310640732265444974, 5.000000000000000000, 2.040331807780323192 ) ) ;
#1348 = CARTESIAN_POINT ( 'NONE',  ( 9.136866395965633103, 2.377388165875782278, -5.926864700199611313 ) ) ;
#1349 = LINE ( 'NONE', #1322, #835 ) ;
#1350 = FACE_OUTER_BOUND ( 'NONE', #2073, .T. ) ;
#1351 = CARTESIAN_POINT ( 'NONE',  ( 0.000000000000000000, 6.500000000000000000, 9.353779821289554874 ) ) ;
#1352 =( BOUNDED_CURVE ( )  B_SPLINE_CURVE ( 3, ( #1347, #1824, #1586, #910 ),
 .UNSPECIFIED., .F., .F. ) 
 B_SPLINE_CURVE_WITH_KNOTS ( ( 4, 4 ),
 ( 4.712388980384689674, 6.283185307179586232 ),
 .UNSPECIFIED. ) 
 CURVE ( )  GEOMETRIC_REPRESENTATION_ITEM ( )  RATIONAL_B_SPLINE_CURVE ( ( 1.000000000000000000, 0.8047378541243649375, 0.8047378541243649375, 1.000000000000000000 ) ) 
 REPRESENTATION_ITEM ( '' )  );
#1353 = VERTEX_POINT ( 'NONE', #54 ) ;
#1354 = EDGE_CURVE ( 'NONE', #2482, #1013, #975, .T. ) ;
#1355 = ADVANCED_FACE ( 'NONE', ( #87 ), #1713, .F. ) ;
#1356 = ORIENTED_EDGE ( 'NONE', *, *, #1808, .F. ) ;
#1357 = CARTESIAN_POINT ( 'NONE',  ( -6.220565810358456460, 6.758920368064350370, -5.600619363187307798 ) ) ;
#1358 = B_SPLINE_CURVE_WITH_KNOTS ( 'NONE', 3,
 ( #2433, #2465, #1493, #144, #2664, #2419, #357, #1781 ),
 .UNSPECIFIED., .F., .F.,
 ( 4, 2, 2, 4 ),
 ( 4.649091279749147181E-17, 0.0002896555197652381643, 0.0005793110395304298162, 0.001158622079060814530 ),
 .UNSPECIFIED. ) ;
#1359 = CARTESIAN_POINT ( 'NONE',  ( -9.043935926773457368, 0.000000000000000000, 10.77496035920045614 ) ) ;
#1360 = VECTOR ( 'NONE', #1841, 1000.000000000000000 ) ;
#1361 = LINE ( 'NONE', #216, #1910 ) ;
#1362 = VERTEX_POINT ( 'NONE', #2570 ) ;
#1363 = CARTESIAN_POINT ( 'NONE',  ( 6.728683442951793658, 6.758736497387905828, 10.03329572619806598 ) ) ;
#1364 = DIRECTION ( 'NONE',  ( -4.818676322157798361E-16, 0.000000000000000000, 1.000000000000000000 ) ) ;
#1365 = VERTEX_POINT ( 'NONE', #2799 ) ;
#1366 = VECTOR ( 'NONE', #2191, 1000.000000000000000 ) ;
#1367 = VECTOR ( 'NONE', #486, 1000.000000000000000 ) ;
#1368 = ORIENTED_EDGE ( 'NONE', *, *, #62, .F. ) ;
#1369 = VECTOR ( 'NONE', #1801, 1000.000000000000000 ) ;
#1370 = EDGE_LOOP ( 'NONE', ( #166, #903, #1725, #2169 ) ) ;
#1371 = CIRCLE ( 'NONE', #892, 0.7499999999999997780 ) ;
#1372 = CARTESIAN_POINT ( 'NONE',  ( -3.273877217232733727, 4.250000000000000000, -2.084668192219677252 ) ) ;
#1373 = ORIENTED_EDGE ( 'NONE', *, *, #1157, .F. ) ;
#1374 = CYLINDRICAL_SURFACE ( 'NONE', #1090, 0.5000000000000000000 ) ;
#1375 = DIRECTION ( 'NONE',  ( 0.000000000000000000, 0.000000000000000000, -1.000000000000000000 ) ) ;
#1376 = EDGE_CURVE ( 'NONE', #164, #2011, #307, .T. ) ;
#1377 = ORIENTED_EDGE ( 'NONE', *, *, #1157, .T. ) ;
#1378 = CARTESIAN_POINT ( 'NONE',  ( 0.08106407322654438086, 5.000000000000000000, 2.390331807780322837 ) ) ;
#1379 = LINE ( 'NONE', #2740, #1473 ) ;
#1380 = CARTESIAN_POINT ( 'NONE',  ( 0.2560640732265440644, 7.030000000000001137, 2.215331807780322571 ) ) ;
#1381 = CARTESIAN_POINT ( 'NONE',  ( 9.834693841862339525, -1.580187941268459406, -7.363297960855474500 ) ) ;
#1382 = VERTEX_POINT ( 'NONE', #1203 ) ;
#1383 = CARTESIAN_POINT ( 'NONE',  ( 0.2560640732265440644, 5.000000000000000000, 5.215331807780323459 ) ) ;
#1384 = DIRECTION ( 'NONE',  ( 0.000000000000000000, -1.000000000000000000, 0.000000000000000000 ) ) ;
#1385 = VERTEX_POINT ( 'NONE', #1217 ) ;
#1386 = EDGE_LOOP ( 'NONE', ( #2759, #2714, #2699, #232 ) ) ;
#1387 = CARTESIAN_POINT ( 'NONE',  ( 0.000000000000000000, 4.500000000000000888, 2.390331807780322837 ) ) ;
#1388 = EDGE_LOOP ( 'NONE', ( #2058, #2551, #2654, #1074 ) ) ;
#1389 = DIRECTION ( 'NONE',  ( 0.000000000000000000, 0.3420201433256694901, -0.9396926207859082059 ) ) ;
#1390 = ORIENTED_EDGE ( 'NONE', *, *, #2830, .T. ) ;
#1391 = FACE_OUTER_BOUND ( 'NONE', #1370, .T. ) ;
#1392 = CARTESIAN_POINT ( 'NONE',  ( 8.320090815954060304, 7.009552663503129999, -2.894271675910567776 ) ) ;
#1393 = EDGE_CURVE ( 'NONE', #622, #2608, #1130, .T. ) ;
#1394 = CARTESIAN_POINT ( 'NONE',  ( -6.129811061773881242, 7.499999999999999112, -5.423478626652527446 ) ) ;
#1395 = CARTESIAN_POINT ( 'NONE',  ( 6.732693956811536928, 6.758920368064346818, 10.03128297874795472 ) ) ;
#1396 = DIRECTION ( 'NONE',  ( -0.000000000000000000, -1.000000000000000000, -0.000000000000000000 ) ) ;
#1397 = ORIENTED_EDGE ( 'NONE', *, *, #1827, .F. ) ;
#1398 = DIRECTION ( 'NONE',  ( 1.000000000000000000, 0.000000000000000000, 0.000000000000000000 ) ) ;
#1399 = ORIENTED_EDGE ( 'NONE', *, *, #1744, .T. ) ;
#1400 = ORIENTED_EDGE ( 'NONE', *, *, #1131, .F. ) ;
#1401 = CARTESIAN_POINT ( 'NONE',  ( 7.394512086735772094, 7.500000000000000000, -2.807792577869566486 ) ) ;
#1402 = DIRECTION ( 'NONE',  ( 0.000000000000000000, 1.000000000000000000, 0.000000000000000000 ) ) ;
#1403 = DIRECTION ( 'NONE',  ( -0.000000000000000000, 0.000000000000000000, 1.000000000000000000 ) ) ;
#1404 = ADVANCED_FACE ( 'NONE', ( #1245 ), #2846, .T. ) ;
#1405 = CARTESIAN_POINT ( 'NONE',  ( -0.4189359267734552028, 4.792893218813452982, 0.1903318077803228259 ) ) ;
#1406 = CARTESIAN_POINT ( 'NONE',  ( 6.917648316907246020, 7.499999999999997335, 8.697895021864102461 ) ) ;
#1407 = AXIS2_PLACEMENT_3D ( 'NONE', #2909, #2969, #1812 ) ;
#1408 = CARTESIAN_POINT ( 'NONE',  ( -4.727701084100139006, 7.723217276023578215, 10.15352022414362843 ) ) ;
#1409 = AXIS2_PLACEMENT_3D ( 'NONE', #1853, #1110, #3001 ) ;
#1410 = EDGE_CURVE ( 'NONE', #787, #1875, #2916, .T. ) ;
#1411 = CARTESIAN_POINT ( 'NONE',  ( -2.523877217232734171, 20.28368184495133519, -2.918819372811092604E-16 ) ) ;
#1412 = CARTESIAN_POINT ( 'NONE',  ( 8.233611717913053241, 7.500000000000003553, 7.397265746772673012 ) ) ;
#1413 = CARTESIAN_POINT ( 'NONE',  ( 3.786005363685820413, 4.250000000000000000, 5.765331807780324169 ) ) ;
#1414 = EDGE_LOOP ( 'NONE', ( #652, #1939, #1548, #2960 ) ) ;
#1415 = FACE_OUTER_BOUND ( 'NONE', #2873, .T. ) ;
#1416 = AXIS2_PLACEMENT_3D ( 'NONE', #1071, #1994, #2930 ) ;
#1417 = CIRCLE ( 'NONE', #1907, 12.00000000000000000 ) ;
#1418 = SHAPE_DEFINITION_REPRESENTATION ( #2217, #2596 ) ;
#1419 = DIRECTION ( 'NONE',  ( 0.000000000000000000, 0.000000000000000000, -1.000000000000000000 ) ) ;
#1420 = VECTOR ( 'NONE', #1153, 1000.000000000000000 ) ;
#1421 = ADVANCED_FACE ( 'NONE', ( #289 ), #1930, .T. ) ;
#1422 = ORIENTED_EDGE ( 'NONE', *, *, #931, .F. ) ;
#1423 = DIRECTION ( 'NONE',  ( 0.000000000000000000, 1.000000000000000000, 0.000000000000000000 ) ) ;
#1424 = LINE ( 'NONE', #324, #842 ) ;
#1425 = CYLINDRICAL_SURFACE ( 'NONE', #14, 0.5000000000000000000 ) ;
#1426 = DIRECTION ( 'NONE',  ( 0.000000000000000000, 0.000000000000000000, 1.000000000000000000 ) ) ;
#1427 = EDGE_CURVE ( 'NONE', #1997, #1726, #1181, .T. ) ;
#1428 = DIRECTION ( 'NONE',  ( -5.782411586589356653E-16, 0.000000000000000000, 1.000000000000000000 ) ) ;
#1429 = CARTESIAN_POINT ( 'NONE',  ( 7.394512084140171027, 7.500000000000003553, 7.656527037728003471 ) ) ;
#1430 = DIRECTION ( 'NONE',  ( 0.000000000000000000, -0.9848077530122080203, 0.1736481776669307198 ) ) ;
#1431 = ADVANCED_FACE ( 'NONE', ( #732 ), #315, .T. ) ;
#1432 = EDGE_LOOP ( 'NONE', ( #122, #1831, #1485, #2564 ) ) ;
#1433 = ORIENTED_EDGE ( 'NONE', *, *, #2529, .T. ) ;
#1434 = EDGE_CURVE ( 'NONE', #1283, #2232, #2677, .T. ) ;
#1435 = DIRECTION ( 'NONE',  ( 1.873929680839142821E-16, 0.000000000000000000, -1.000000000000000000 ) ) ;
#1436 = ORIENTED_EDGE ( 'NONE', *, *, #2323, .F. ) ;
#1437 = LINE ( 'NONE', #2155, #2493 ) ;
#1438 = CARTESIAN_POINT ( 'NONE',  ( -8.603118475002297316, 2.500000000000003553, -6.643850740448515424 ) ) ;
#1439 = DIRECTION ( 'NONE',  ( -0.000000000000000000, -1.000000000000000000, -0.000000000000000000 ) ) ;
#1440 = CARTESIAN_POINT ( 'NONE',  ( -0.4189359267734552583, 4.500000000000000888, 0.1903318077803227426 ) ) ;
#1441 = CARTESIAN_POINT ( 'NONE',  ( -8.603118475002293764, 2.500000000000003553, 11.07451435600916057 ) ) ;
#1442 = CARTESIAN_POINT ( 'NONE',  ( 7.002328572354620917, 7.499999999999999112, -4.163196979173592105 ) ) ;
#1443 = B_SPLINE_CURVE_WITH_KNOTS ( 'NONE', 3,
 ( #1139, #659, #1572, #1094 ),
 .UNSPECIFIED., .F., .F.,
 ( 4, 4 ),
 ( -0.004926230582463192453, 0.002328336232254550955 ),
 .UNSPECIFIED. ) ;
#1444 = CARTESIAN_POINT ( 'NONE',  ( -1.268935926773455902, 5.000000000000000000, 2.040331807780323192 ) ) ;
#1445 = CARTESIAN_POINT ( 'NONE',  ( 7.856096738820433245, 9.640993837561333990, 9.815364473374213361 ) ) ;
#1446 = FACE_OUTER_BOUND ( 'NONE', #630, .T. ) ;
#1447 = ORIENTED_EDGE ( 'NONE', *, *, #1227, .T. ) ;
#1448 = ORIENTED_EDGE ( 'NONE', *, *, #1580, .T. ) ;
#1449 = VERTEX_POINT ( 'NONE', #1064 ) ;
#1450 = EDGE_CURVE ( 'NONE', #983, #1264, #2833, .T. ) ;
#1451 = VERTEX_POINT ( 'NONE', #1277 ) ;
#1452 = ADVANCED_FACE ( 'NONE', ( #1039 ), #128, .F. ) ;
#1453 = DIRECTION ( 'NONE',  ( -0.000000000000000000, 1.000000000000000000, -0.000000000000000000 ) ) ;
#1454 = CARTESIAN_POINT ( 'NONE',  ( 9.834693841862337749, -1.580187941268460738, 11.79396157641611964 ) ) ;
#1455 = DIRECTION ( 'NONE',  ( -1.865294060190115224E-16, 0.000000000000000000, -1.000000000000000000 ) ) ;
#1456 = CARTESIAN_POINT ( 'NONE',  ( -0.2118291455869076301, 5.000000000000000000, 0.3974385889668704541 ) ) ;
#1457 = CARTESIAN_POINT ( 'NONE',  ( -5.513388061344055124, 4.357030381264848984, 10.74706979579683797 ) ) ;
#1458 = CARTESIAN_POINT ( 'NONE',  ( -7.595645245095760778, 8.213664612520444663, 10.06704112610262847 ) ) ;
#1459 = DIRECTION ( 'NONE',  ( -0.000000000000000000, 1.000000000000000000, -0.000000000000000000 ) ) ;
#1460 = ORIENTED_EDGE ( 'NONE', *, *, #2734, .F. ) ;
#1461 = AXIS2_PLACEMENT_3D ( 'NONE', #221, #246, #2104 ) ;
#1462 = LINE ( 'NONE', #2835, #927 ) ;
#1463 = CARTESIAN_POINT ( 'NONE',  ( -6.395442916908047337, 6.766360796717648007, 9.936713392633597763 ) ) ;
#1464 = DIRECTION ( 'NONE',  ( 0.000000000000000000, 0.000000000000000000, -1.000000000000000000 ) ) ;
#1465 = AXIS2_PLACEMENT_3D ( 'NONE', #1897, #19, #763 ) ;
#1466 = ORIENTED_EDGE ( 'NONE', *, *, #1711, .F. ) ;
#1467 = ORIENTED_EDGE ( 'NONE', *, *, #1810, .F. ) ;
#1468 = ORIENTED_EDGE ( 'NONE', *, *, #640, .T. ) ;
#1469 = EDGE_CURVE ( 'NONE', #633, #2482, #1878, .T. ) ;
#1470 = EDGE_LOOP ( 'NONE', ( #2440, #517, #2931, #1890, #2822, #947, #247, #1017, #2619, #2548, #1906, #1100 ) ) ;
#1471 = CIRCLE ( 'NONE', #1710, 1.000000000000000000 ) ;
#1472 = CARTESIAN_POINT ( 'NONE',  ( -7.785635722912664924, 6.730456468940756665, 8.152351159381774792 ) ) ;
#1473 = VECTOR ( 'NONE', #684, 1000.000000000000000 ) ;
#1474 = CARTESIAN_POINT ( 'NONE',  ( -9.344185469919501941, -1.702799775392677573, -6.646311920606565948 ) ) ;
#1475 = DIRECTION ( 'NONE',  ( -1.606225440719266120E-16, 0.000000000000000000, 1.000000000000000000 ) ) ;
#1476 = EDGE_CURVE ( 'NONE', #2685, #727, #143, .T. ) ;
#1477 = CARTESIAN_POINT ( 'NONE',  ( 0.9310640732265446085, 4.500000000000000888, 1.540331807780323636 ) ) ;
#1478 =( BOUNDED_CURVE ( )  B_SPLINE_CURVE ( 3, ( #2407, #539, #1244, #326 ),
 .UNSPECIFIED., .F., .F. ) 
 B_SPLINE_CURVE_WITH_KNOTS ( ( 4, 4 ),
 ( 1.570796326794896558, 3.141592653589793116 ),
 .UNSPECIFIED. ) 
 CURVE ( )  GEOMETRIC_REPRESENTATION_ITEM ( )  RATIONAL_B_SPLINE_CURVE ( ( 1.000000000000000000, 0.8047378541243649375, 0.8047378541243649375, 1.000000000000000000 ) ) 
 REPRESENTATION_ITEM ( '' )  );
#1479 = DIRECTION ( 'NONE',  ( -2.168404344971008868E-16, 0.000000000000000000, 1.000000000000000000 ) ) ;
#1480 = FACE_OUTER_BOUND ( 'NONE', #2610, .T. ) ;
#1481 = ORIENTED_EDGE ( 'NONE', *, *, #1711, .T. ) ;
#1482 = DIRECTION ( 'NONE',  ( 0.000000000000000000, -1.000000000000000000, 1.734723475976807094E-15 ) ) ;
#1483 = VECTOR ( 'NONE', #2643, 1000.000000000000000 ) ;
#1484 = CARTESIAN_POINT ( 'NONE',  ( 0.2560640732265430652, 7.149453399657692110, -1.591981607291017120 ) ) ;
#1485 = ORIENTED_EDGE ( 'NONE', *, *, #508, .F. ) ;
#1486 = ORIENTED_EDGE ( 'NONE', *, *, #1653, .F. ) ;
#1487 = ORIENTED_EDGE ( 'NONE', *, *, #2857, .F. ) ;
#1488 = CARTESIAN_POINT ( 'NONE',  ( -7.607910341388565811, 7.499999999999656275, 8.105352748102269800 ) ) ;
#1489 = FACE_OUTER_BOUND ( 'NONE', #1414, .T. ) ;
#1490 = PLANE ( 'NONE',  #591 ) ;
#1491 = ADVANCED_FACE ( 'NONE', ( #2475 ), #2940, .F. ) ;
#1492 = CARTESIAN_POINT ( 'NONE',  ( -1.768935926773456346, 4.500000000000000888, 2.890331807780322837 ) ) ;
#1493 = CARTESIAN_POINT ( 'NONE',  ( -9.025353327980210949, -3.191085340419362404E-15, -6.538381162191011065 ) ) ;
#1494 = EDGE_CURVE ( 'NONE', #220, #235, #683, .T. ) ;
#1495 = CARTESIAN_POINT ( 'NONE',  ( 0.2560640732265440644, 7.500000000000000000, 2.215331807780322571 ) ) ;
#1496 = FACE_OUTER_BOUND ( 'NONE', #1128, .T. ) ;
#1497 = EDGE_LOOP ( 'NONE', ( #1115, #2201, #1422, #384, #2478, #2732, #345, #2935 ) ) ;
#1498 = ORIENTED_EDGE ( 'NONE', *, *, #2122, .F. ) ;
#1499 = ORIENTED_EDGE ( 'NONE', *, *, #1617, .F. ) ;
#1500 = VERTEX_POINT ( 'NONE', #1292 ) ;
#1501 = AXIS2_PLACEMENT_3D ( 'NONE', #1411, #707, #691 ) ;
#1502 = ORIENTED_EDGE ( 'NONE', *, *, #639, .F. ) ;
#1503 = AXIS2_PLACEMENT_3D ( 'NONE', #2161, #1944, #2676 ) ;
#1504 = CARTESIAN_POINT ( 'NONE',  ( -7.561899845191149439, 6.758736497387904052, 8.687951177505709666 ) ) ;
#1505 = FACE_OUTER_BOUND ( 'NONE', #1819, .T. ) ;
#1506 = FACE_OUTER_BOUND ( 'NONE', #2576, .T. ) ;
#1507 = CARTESIAN_POINT ( 'NONE',  ( -2.523877217232733727, 0.000000000000000000, -2.084668192219677252 ) ) ;
#1508 = PLANE ( 'NONE',  #2349 ) ;
#1509 = EDGE_CURVE ( 'NONE', #2838, #1209, #1255, .T. ) ;
#1510 = CARTESIAN_POINT ( 'NONE',  ( 0.9310640732265442754, 4.792893218813452982, 2.890331807780322837 ) ) ;
#1511 = DIRECTION ( 'NONE',  ( 1.606225440719265381E-16, 0.000000000000000000, -1.000000000000000000 ) ) ;
#1512 = CARTESIAN_POINT ( 'NONE',  ( 4.162503428844200215, 7.030000000000000249, 4.168551485589150118 ) ) ;
#1513 = EDGE_CURVE ( 'NONE', #1955, #2011, #1257, .T. ) ;
#1514 = ORIENTED_EDGE ( 'NONE', *, *, #2309, .F. ) ;
#1515 = CIRCLE ( 'NONE', #203, 5.374090617912949952 ) ;
#1516 = CARTESIAN_POINT ( 'NONE',  ( -7.695572857045004156, 7.500000000000330402, 7.755950373623396565 ) ) ;
#1517 = DIRECTION ( 'NONE',  ( 1.873929680839142821E-16, 0.000000000000000000, -1.000000000000000000 ) ) ;
#1518 = VECTOR ( 'NONE', #2355, 1000.000000000000000 ) ;
#1519 = CARTESIAN_POINT ( 'NONE',  ( 7.200888901908208517, 7.500000000000001776, 8.269532983480003097 ) ) ;
#1520 = LINE ( 'NONE', #1066, #1366 ) ;
#1521 = AXIS2_PLACEMENT_3D ( 'NONE', #2314, #1852, #186 ) ;
#1522 = AXIS2_PLACEMENT_3D ( 'NONE', #1867, #533, #2597 ) ;
#1523 = LINE ( 'NONE', #843, #2496 ) ;
#1524 = ORIENTED_EDGE ( 'NONE', *, *, #1450, .F. ) ;
#1525 = EDGE_CURVE ( 'NONE', #164, #1224, #2936, .T. ) ;
#1526 = CARTESIAN_POINT ( 'NONE',  ( -6.490200425901569758, 7.499999999999999112, 8.593860594734371361 ) ) ;
#1527 = CYLINDRICAL_SURFACE ( 'NONE', #898, 0.7500000000000000000 ) ;
#1528 = CARTESIAN_POINT ( 'NONE',  ( 7.002328573210940377, 7.500000000000004441, -4.163196979695630517 ) ) ;
#1529 = CARTESIAN_POINT ( 'NONE',  ( -6.628025143374287609, 7.499999999999977796, -3.954433745132578171 ) ) ;
#1530 = CARTESIAN_POINT ( 'NONE',  ( -8.303564478193779408, 0.000000000000000000, 11.51533180778032417 ) ) ;
#1531 = CARTESIAN_POINT ( 'NONE',  ( -2.474120136805853121E-16, 0.000000000000000000, 1.540331807780323414 ) ) ;
#1532 = CARTESIAN_POINT ( 'NONE',  ( 5.697259303174652345, 7.500000000000000000, -4.923116203134771496 ) ) ;
#1533 = DIRECTION ( 'NONE',  ( 1.156482317317871232E-16, 0.000000000000000000, -1.000000000000000000 ) ) ;
#1534 = DIRECTION ( 'NONE',  ( 1.000000000000000000, -0.000000000000000000, -0.000000000000000000 ) ) ;
#1535 = VERTEX_POINT ( 'NONE', #1507 ) ;
#1536 = ORIENTED_EDGE ( 'NONE', *, *, #1786, .T. ) ;
#1537 = EDGE_CURVE ( 'NONE', #496, #163, #182, .T. ) ;
#1538 = DIRECTION ( 'NONE',  ( 1.000000000000000000, 0.000000000000000000, 1.606225440719265874E-16 ) ) ;
#1539 = B_SPLINE_CURVE_WITH_KNOTS ( 'NONE', 3,
 ( #1633, #2567, #483, #2340 ),
 .UNSPECIFIED., .F., .F.,
 ( 4, 4 ),
 ( -0.004926230582463194188, 0.002328336232254540547 ),
 .UNSPECIFIED. ) ;
#1540 = DIRECTION ( 'NONE',  ( 0.000000000000000000, -1.000000000000000000, 0.000000000000000000 ) ) ;
#1541 = DIRECTION ( 'NONE',  ( 1.000000000000000000, 0.000000000000000000, 1.606225440719265874E-16 ) ) ;
#1542 = EDGE_CURVE ( 'NONE', #2730, #1195, #2578, .T. ) ;
#1543 = AXIS2_PLACEMENT_3D ( 'NONE', #1683, #380, #613 ) ;
#1544 = CARTESIAN_POINT ( 'NONE',  ( -0.4189359267734555914, 0.000000000000000000, 2.890331807780322837 ) ) ;
#1545 = CARTESIAN_POINT ( 'NONE',  ( -6.127581399661352179, 7.499999999999976907, 8.957755377950908482 ) ) ;
#1546 = DIRECTION ( 'NONE',  ( 0.000000000000000000, 0.000000000000000000, -1.000000000000000000 ) ) ;
#1547 = CARTESIAN_POINT ( 'NONE',  ( -1.561829145586908441, 5.000000000000000000, 1.747438588966870654 ) ) ;
#1548 = ORIENTED_EDGE ( 'NONE', *, *, #2310, .F. ) ;
#1549 = CARTESIAN_POINT ( 'NONE',  ( -3.773877217232734615, 4.250000000000000000, 7.612364423474011391E-16 ) ) ;
#1550 = DIRECTION ( 'NONE',  ( -0.000000000000000000, -1.000000000000000000, -0.000000000000000000 ) ) ;
#1551 = VERTEX_POINT ( 'NONE', #1122 ) ;
#1552 = VERTEX_POINT ( 'NONE', #2539 ) ;
#1553 = AXIS2_PLACEMENT_3D ( 'NONE', #1991, #1069, #1044 ) ;
#1554 = CARTESIAN_POINT ( 'NONE',  ( 2.286005363685821745, 4.085505035831416443, -2.799532637875430385 ) ) ;
#1555 = ADVANCED_FACE ( 'NONE', ( #417 ), #2766, .T. ) ;
#1556 = DIRECTION ( 'NONE',  ( 0.000000000000000000, 0.000000000000000000, -1.000000000000000000 ) ) ;
#1557 = DIRECTION ( 'NONE',  ( -8.673617379884035472E-16, -1.000000000000000000, 0.000000000000000000 ) ) ;
#1558 = DIRECTION ( 'NONE',  ( -1.000000000000000000, 0.000000000000000000, 0.000000000000000000 ) ) ;
#1559 = CARTESIAN_POINT ( 'NONE',  ( -4.925869865765813316, 6.500000000000000000, -4.923116205728907957 ) ) ;
#1560 = FACE_OUTER_BOUND ( 'NONE', #2041, .T. ) ;
#1561 = AXIS2_PLACEMENT_3D ( 'NONE', #341, #2192, #158 ) ;
#1562 = CARTESIAN_POINT ( 'NONE',  ( 7.216571722915133158, 6.775810048747824332, 9.729302275778529463 ) ) ;
#1563 = CARTESIAN_POINT ( 'NONE',  ( -3.273877217232734171, 0.000000000000000000, 6.515331807780323281 ) ) ;
#1564 = VECTOR ( 'NONE', #206, 999.9999999999998863 ) ;
#1565 = ORIENTED_EDGE ( 'NONE', *, *, #3002, .T. ) ;
#1566 = ORIENTED_EDGE ( 'NONE', *, *, #1592, .F. ) ;
#1567 = VECTOR ( 'NONE', #2761, 1000.000000000000000 ) ;
#1568 = ORIENTED_EDGE ( 'NONE', *, *, #49, .F. ) ;
#1569 = VERTEX_POINT ( 'NONE', #2048 ) ;
#1570 = CARTESIAN_POINT ( 'NONE',  ( -1.768935926773455014, 0.000000000000000000, -8.523929665757508326E-16 ) ) ;
#1571 = DIRECTION ( 'NONE',  ( -1.000000000000000000, 0.000000000000000000, 0.000000000000000000 ) ) ;
#1572 = CARTESIAN_POINT ( 'NONE',  ( 6.025516207797154244, 4.357030381264833885, 10.74706979579684152 ) ) ;
#1573 = CARTESIAN_POINT ( 'NONE',  ( 9.115246621455384002, 2.499999999999999556, -6.643850740448516312 ) ) ;
#1574 = EDGE_CURVE ( 'NONE', #2396, #1690, #1379, .T. ) ;
#1575 = EDGE_CURVE ( 'NONE', #1264, #1283, #889, .T. ) ;
#1576 = EDGE_LOOP ( 'NONE', ( #120, #1912, #2592, #2288, #331 ) ) ;
#1577 = ADVANCED_FACE ( 'NONE', ( #185 ), #2507, .F. ) ;
#1578 = CARTESIAN_POINT ( 'NONE',  ( 3.786005363685820857, 5.000000000000000000, -0.5846681922196783621 ) ) ;
#1579 = PRESENTATION_STYLE_ASSIGNMENT (( #448 ) ) ;
#1580 = EDGE_CURVE ( 'NONE', #1195, #2949, #1661, .T. ) ;
#1581 = VERTEX_POINT ( 'NONE', #2 ) ;
#1582 = CARTESIAN_POINT ( 'NONE',  ( -7.465317511626376579, 6.766360796717674653, -4.436175182354870294 ) ) ;
#1583 = CARTESIAN_POINT ( 'NONE',  ( -3.273877217232734171, 0.000000000000000000, -1.334668192219677474 ) ) ;
#1584 = LINE ( 'NONE', #442, #699 ) ;
#1585 = DIRECTION ( 'NONE',  ( 1.000000000000000000, 0.000000000000000000, 0.000000000000000000 ) ) ;
#1586 = CARTESIAN_POINT ( 'NONE',  ( 0.9310640732265444974, 4.792893218813452982, 1.540331807780323636 ) ) ;
#1587 = CARTESIAN_POINT ( 'NONE',  ( 9.763437026827322285, -1.176070461636523401, -6.553435331061302271 ) ) ;
#1588 = CARTESIAN_POINT ( 'NONE',  ( 2.286005363685821301, 4.000000000000000000, -2.564609482678953611 ) ) ;
#1589 = CARTESIAN_POINT ( 'NONE',  ( 7.368205285323055520, 6.778398839171645207, 9.605175802863657353 ) ) ;
#1590 = VECTOR ( 'NONE', #2405, 1000.000000000000000 ) ;
#1591 = SURFACE_STYLE_FILL_AREA ( #1173 ) ;
#1592 = EDGE_CURVE ( 'NONE', #2949, #47, #1859, .T. ) ;
#1593 = ORIENTED_EDGE ( 'NONE', *, *, #1410, .T. ) ;
#1594 = EDGE_CURVE ( 'NONE', #1551, #61, #2828, .T. ) ;
#1595 = ORIENTED_EDGE ( 'NONE', *, *, #1354, .F. ) ;
#1596 = DIRECTION ( 'NONE',  ( 1.000000000000000000, 0.000000000000000000, 1.606225440719265874E-16 ) ) ;
#1597 = CYLINDRICAL_SURFACE ( 'NONE', #413, 0.7500000000000000000 ) ;
#1598 = CARTESIAN_POINT ( 'NONE',  ( 0.000000000000000000, 4.250000000000000000, 5.765331807780324169 ) ) ;
#1599 = AXIS2_PLACEMENT_3D ( 'NONE', #1372, #1147, #2072 ) ;
#1600 = EDGE_LOOP ( 'NONE', ( #1468, #695, #772, #1436 ) ) ;
#1601 = DIRECTION ( 'NONE',  ( -1.000000000000000000, -0.000000000000000000, -1.156482317317871478E-16 ) ) ;
#1602 = CIRCLE ( 'NONE', #1465, 0.7499999999999997780 ) ;
#1603 = CARTESIAN_POINT ( 'NONE',  ( 0.4310640732265447195, 5.000000000000000000, 0.6903318077803229924 ) ) ;
#1604 = CARTESIAN_POINT ( 'NONE',  ( 7.856096738820433245, 9.640993837561333990, -5.384700857813568220 ) ) ;
#1605 = ORIENTED_EDGE ( 'NONE', *, *, #1266, .F. ) ;
#1606 = DIRECTION ( 'NONE',  ( -3.955402479226607092E-17, 0.9396926207859082059, 0.3420201433256694901 ) ) ;
#1607 = LINE ( 'NONE', #2287, #801 ) ;
#1608 = FACE_OUTER_BOUND ( 'NONE', #348, .T. ) ;
#1609 = EDGE_CURVE ( 'NONE', #2183, #545, #2254, .T. ) ;
#1610 = AXIS2_PLACEMENT_3D ( 'NONE', #1652, #71, #1720 ) ;
#1611 = CIRCLE ( 'NONE', #73, 0.7500000000000000000 ) ;
#1612 = ORIENTED_EDGE ( 'NONE', *, *, #132, .F. ) ;
#1613 = EDGE_LOOP ( 'NONE', ( #1373, #2795, #1692, #1660, #477, #1678, #2322, #2547, #1846, #1935, #2291, #2485, #2765, #2481, #530, #1114, #1934, #708, #1487, #2424 ) ) ;
#1614 = DIRECTION ( 'NONE',  ( -0.000000000000000000, 0.9396926207859082059, -0.3420201433256694901 ) ) ;
#1615 = ORIENTED_EDGE ( 'NONE', *, *, #569, .F. ) ;
#1616 = CARTESIAN_POINT ( 'NONE',  ( 0.4310640732265448305, 4.500000000000000888, 6.923860809965486905E-17 ) ) ;
#1617 = EDGE_CURVE ( 'NONE', #1581, #859, #1443, .T. ) ;
#1618 = ORIENTED_EDGE ( 'NONE', *, *, #2980, .T. ) ;
#1619 = AXIS2_PLACEMENT_3D ( 'NONE', #2938, #2001, #809 ) ;
#1620 = CARTESIAN_POINT ( 'NONE',  ( -9.043935926773459144, 0.000000000000000000, -6.344296743639668001 ) ) ;
#1621 = CARTESIAN_POINT ( 'NONE',  ( -2.523877217232733727, 0.000000000000000000, -4.286534862862743545 ) ) ;
#1622 = CARTESIAN_POINT ( 'NONE',  ( 2.286005363685821301, 4.000000000000000000, -2.564609482678953611 ) ) ;
#1623 = CARTESIAN_POINT ( 'NONE',  ( 1.781064073226543920, 5.000000000000000000, 2.390331807780322837 ) ) ;
#1624 = CARTESIAN_POINT ( 'NONE',  ( 3.036005363685821301, 0.000000000000000000, -4.286534862862743545 ) ) ;
#1625 = CARTESIAN_POINT ( 'NONE',  ( -1.773877217232734393, 4.342020143325669324, 7.934965719025505848 ) ) ;
#1626 = CARTESIAN_POINT ( 'NONE',  ( 8.294663619686161837, 6.731014305722593960, 8.161673333158800503 ) ) ;
#1627 = ORIENTED_EDGE ( 'NONE', *, *, #282, .F. ) ;
#1628 = ORIENTED_EDGE ( 'NONE', *, *, #1617, .T. ) ;
#1629 = VERTEX_POINT ( 'NONE', #199 ) ;
#1630 = EDGE_CURVE ( 'NONE', #1997, #983, #428, .T. ) ;
#1631 = ORIENTED_EDGE ( 'NONE', *, *, #1116, .T. ) ;
#1632 = DIRECTION ( 'NONE',  ( 0.000000000000000000, 0.000000000000000000, 1.000000000000000000 ) ) ;
#1633 = CARTESIAN_POINT ( 'NONE',  ( 9.556064073226542277, 0.000000000000000000, -6.344296743640001957 ) ) ;
#1634 = EDGE_CURVE ( 'NONE', #2700, #294, #2063, .T. ) ;
#1635 = LINE ( 'NONE', #1916, #1317 ) ;
#1636 = CARTESIAN_POINT ( 'NONE',  ( -4.601862757735933229, 8.436881888544021990, 10.02768189777942176 ) ) ;
#1637 = DIRECTION ( 'NONE',  ( 0.000000000000000000, 0.000000000000000000, -1.000000000000000000 ) ) ;
#1638 = CARTESIAN_POINT ( 'NONE',  ( -9.043935926773459144, 0.000000000000000000, -7.084668192219678140 ) ) ;
#1639 = CARTESIAN_POINT ( 'NONE',  ( 0.2560640732265440644, -4.499999999999992006, 2.215331807780322571 ) ) ;
#1640 = AXIS2_PLACEMENT_3D ( 'NONE', #556, #793, #1275 ) ;
#1641 = ORIENTED_EDGE ( 'NONE', *, *, #1896, .F. ) ;
#1642 = LINE ( 'NONE', #44, #113 ) ;
#1643 = EDGE_LOOP ( 'NONE', ( #389, #361, #1499, #2636 ) ) ;
#1644 = ORIENTED_EDGE ( 'NONE', *, *, #506, .T. ) ;
#1645 = ADVANCED_FACE ( 'NONE', ( #2035 ), #2954, .F. ) ;
#1646 = CYLINDRICAL_SURFACE ( 'NONE', #77, 0.7500000000000000000 ) ;
#1647 = CARTESIAN_POINT ( 'NONE',  ( -3.273877217232734171, 5.000000000000000000, 5.015331807780324169 ) ) ;
#1648 = CARTESIAN_POINT ( 'NONE',  ( 0.08106407322654470005, 5.000000000000000000, 0.6903318077803228814 ) ) ;
#1649 = EDGE_CURVE ( 'NONE', #1864, #948, #2456, .T. ) ;
#1650 = VECTOR ( 'NONE', #1303, 1000.000000000000000 ) ;
#1651 = CARTESIAN_POINT ( 'NONE',  ( -7.469806918731554113, 8.927329225040891103, 9.941202799738420026 ) ) ;
#1652 = CARTESIAN_POINT ( 'NONE',  ( 2.286005363685821745, -0.2565151074942517706, -4.379898726630247374 ) ) ;
#1653 = EDGE_CURVE ( 'NONE', #727, #2607, #443, .T. ) ;
#1654 = CARTESIAN_POINT ( 'NONE',  ( -2.523877217232734171, 5.000000000000000888, 6.515331807780323281 ) ) ;
#1655 = CARTESIAN_POINT ( 'NONE',  ( 8.320090815954053198, 7.009552663503130887, 7.324935291471208032 ) ) ;
#1656 = DIRECTION ( 'NONE',  ( -1.873929680839142821E-16, 0.000000000000000000, 1.000000000000000000 ) ) ;
#1657 = B_SPLINE_CURVE_WITH_KNOTS ( 'NONE', 3,
 ( #571, #2879, #1986, #1716, #2173, #1528, #1743, #1022, #792, #2238, #2645, #1053, #2461, #378 ),
 .UNSPECIFIED., .F., .F.,
 ( 4, 2, 2, 2, 2, 2, 4 ),
 ( 0.000000000000000000, 0.0007638608662527251450, 0.001145791299379088097, 0.001527721732505451157, 0.001909652165631814001, 0.002291582598758177495, 0.003055443465010904483 ),
 .UNSPECIFIED. ) ;
#1658 = ORIENTED_EDGE ( 'NONE', *, *, #2661, .T. ) ;
#1659 = CARTESIAN_POINT ( 'NONE',  ( 3.786005363685820413, 0.000000000000000000, 5.765331807780324169 ) ) ;
#1660 = ORIENTED_EDGE ( 'NONE', *, *, #623, .T. ) ;
#1661 = CIRCLE ( 'NONE', #2687, 12.00000000000000000 ) ;
#1662 = VECTOR ( 'NONE', #2535, 1000.000000000000000 ) ;
#1663 =( BOUNDED_SURFACE ( )  B_SPLINE_SURFACE ( 3, 3, ( 
 ( #2480, #373, #388, #1735 ),
 ( #618, #2668, #1512, #2245 ),
 ( #406, #2929, #2438, #359 ),
 ( #1084, #829, #1070, #2215 ) ),
 .UNSPECIFIED., .F., .F., .F. ) 
 B_SPLINE_SURFACE_WITH_KNOTS ( ( 4, 4 ),
 ( 4, 4 ),
 ( 0.000000000000000000, 1.000000000000000000 ),
 ( 0.000000000000000000, 1.000000000000000000 ),
 .UNSPECIFIED. ) 
 GEOMETRIC_REPRESENTATION_ITEM ( )  RATIONAL_B_SPLINE_SURFACE ( (
 ( 1.000000000000000000, 0.3333333333333334259, 0.3333333333333334259, 1.000000000000000000),
 ( 0.9661666523663395845, 0.3220555507887799540, 0.3220555507887799540, 0.9661666523663395845),
 ( 0.9661666523663395845, 0.3220555507887799540, 0.3220555507887799540, 0.9661666523663395845),
 ( 1.000000000000000000, 0.3333333333333334259, 0.3333333333333334259, 1.000000000000000000) ) ) 
 REPRESENTATION_ITEM ( '' )  SURFACE ( )  );
#1664 = ORIENTED_EDGE ( 'NONE', *, *, #1708, .F. ) ;
#1665 = CARTESIAN_POINT ( 'NONE',  ( -0.4189359267734555914, 0.000000000000000000, 1.540331807780323414 ) ) ;
#1666 = CARTESIAN_POINT ( 'NONE',  ( 0.000000000000000000, 5.000000000000000000, 6.995273098239597864 ) ) ;
#1667 = PLANE ( 'NONE',  #410 ) ;
#1668 = CARTESIAN_POINT ( 'NONE',  ( -5.795932196962573890, 7.500000000000000000, -4.730657257469270682 ) ) ;
#1669 = VECTOR ( 'NONE', #2736, 999.9999999999998863 ) ;
#1670 = CARTESIAN_POINT ( 'NONE',  ( 6.904363722521456914, 6.766242830423871979, -5.507984829016409734 ) ) ;
#1671 = ADVANCED_FACE ( 'NONE', ( #2255 ), #923, .T. ) ;
#1672 = DIRECTION ( 'NONE',  ( 0.000000000000000000, 1.000000000000000000, 0.000000000000000000 ) ) ;
#1673 = CARTESIAN_POINT ( 'NONE',  ( 0.2560640732265443420, 7.030000000000000249, 4.168551485589150118 ) ) ;
#1674 = ORIENTED_EDGE ( 'NONE', *, *, #66, .T. ) ;
#1675 = ORIENTED_EDGE ( 'NONE', *, *, #1286, .F. ) ;
#1676 = EDGE_LOOP ( 'NONE', ( #1268, #783, #785, #2887 ) ) ;
#1677 = LINE ( 'NONE', #726, #2346 ) ;
#1678 = ORIENTED_EDGE ( 'NONE', *, *, #2160, .T. ) ;
#1679 = DIRECTION ( 'NONE',  ( 1.000000000000000000, 0.000000000000000000, 1.156482317317871478E-16 ) ) ;
#1680 = CARTESIAN_POINT ( 'NONE',  ( 5.806485008688592409, 4.509552663503130887, 10.72017600227899692 ) ) ;
#1681 = DIRECTION ( 'NONE',  ( -4.756007830778429939E-14, 0.000000000000000000, 1.000000000000000000 ) ) ;
#1682 = DIRECTION ( 'NONE',  ( -1.000000000000000000, 0.000000000000000000, -2.208559980988990915E-16 ) ) ;
#1683 = CARTESIAN_POINT ( 'NONE',  ( 2.286005363685820857, 4.085505035831417331, 7.230196253436075082 ) ) ;
#1684 = CARTESIAN_POINT ( 'NONE',  ( -4.476024431371726564, 9.150546501064464877, 9.901843571415213319 ) ) ;
#1685 = CARTESIAN_POINT ( 'NONE',  ( 7.097680902110079515, 7.499999999999920952, -5.127278066664453959 ) ) ;
#1686 = CARTESIAN_POINT ( 'NONE',  ( 8.107773391548846575, 8.213664612520442887, 10.06704112610262847 ) ) ;
#1687 = ADVANCED_FACE ( 'NONE', ( #1926 ), #2625, .T. ) ;
#1688 = CARTESIAN_POINT ( 'NONE',  ( -3.650375282391108644, 7.030000000000000249, 4.168551485589150118 ) ) ;
#1689 = VERTEX_POINT ( 'NONE', #1002 ) ;
#1690 = VERTEX_POINT ( 'NONE', #2338 ) ;
#1691 = CIRCLE ( 'NONE', #2129, 5.374090617912949952 ) ;
#1692 = ORIENTED_EDGE ( 'NONE', *, *, #174, .T. ) ;
#1693 = EDGE_CURVE ( 'NONE', #2651, #2277, #123, .T. ) ;
#1694 = ORIENTED_EDGE ( 'NONE', *, *, #193, .T. ) ;
#1695 = CARTESIAN_POINT ( 'NONE',  ( -3.273877217232733727, 20.28368184495133519, -2.084668192219677252 ) ) ;
#1696 = CARTESIAN_POINT ( 'NONE',  ( -6.882383940282686297, 6.500000000000000000, 7.397265746772725414 ) ) ;
#1697 = DIRECTION ( 'NONE',  ( -1.000000000000000000, -0.000000000000000000, -1.156482317317871478E-16 ) ) ;
#1698 = FACE_OUTER_BOUND ( 'NONE', #2290, .T. ) ;
#1699 = ORIENTED_EDGE ( 'NONE', *, *, #2223, .F. ) ;
#1700 = CYLINDRICAL_SURFACE ( 'NONE', #1553, 0.5000000000000000000 ) ;
#1701 = DIRECTION ( 'NONE',  ( -1.156482317317871478E-16, 0.000000000000000000, 1.000000000000000000 ) ) ;
#1702 = VECTOR ( 'NONE', #1870, 1000.000000000000000 ) ;
#1703 = ORIENTED_EDGE ( 'NONE', *, *, #1427, .F. ) ;
#1704 = ADVANCED_FACE ( 'NONE', ( #518 ), #2611, .F. ) ;
#1705 = ORIENTED_EDGE ( 'NONE', *, *, #672, .F. ) ;
#1706 = VERTEX_POINT ( 'NONE', #2858 ) ;
#1707 = UNCERTAINTY_MEASURE_WITH_UNIT (LENGTH_MEASURE( 1.000000000000000082E-05 ), #2536, 'distance_accuracy_value', 'NONE');
#1708 = EDGE_CURVE ( 'NONE', #81, #1552, #1371, .T. ) ;
#1709 = VERTEX_POINT ( 'NONE', #774 ) ;
#1710 = AXIS2_PLACEMENT_3D ( 'NONE', #2584, #2112, #1204 ) ;
#1711 = EDGE_CURVE ( 'NONE', #392, #1830, #2590, .T. ) ;
#1712 = CARTESIAN_POINT ( 'NONE',  ( 9.556064073226542277, 0.000000000000000000, -6.344296743640001957 ) ) ;
#1713 = TOROIDAL_SURFACE ( 'NONE', #252, 1.500000000000000000, 0.7500000000000000000 ) ;
#1714 = CARTESIAN_POINT ( 'NONE',  ( 9.648940662771808618, -0.5267293137561531724, 11.60820839732558696 ) ) ;
#1715 = CARTESIAN_POINT ( 'NONE',  ( 0.000000000000000000, 4.500000000000000888, 4.240331807780323814 ) ) ;
#1716 = CARTESIAN_POINT ( 'NONE',  ( 7.202053136641737296, 7.500000000000000000, -3.836664461290595352 ) ) ;
#1717 = VECTOR ( 'NONE', #1127, 1000.000000000000000 ) ;
#1718 = CARTESIAN_POINT ( 'NONE',  ( -0.4189359267734552583, 0.000000000000000000, 0.1903318077803227426 ) ) ;
#1719 = DIRECTION ( 'NONE',  ( 1.000000000000000000, 0.000000000000000000, 1.606225440719265874E-16 ) ) ;
#1720 = DIRECTION ( 'NONE',  ( 0.000000000000000000, -0.3420201433256693235, 0.9396926207859080948 ) ) ;
#1721 = LINE ( 'NONE', #402, #2051 ) ;
#1722 = VECTOR ( 'NONE', #2251, 1000.000000000000000 ) ;
#1723 = FACE_OUTER_BOUND ( 'NONE', #2964, .T. ) ;
#1724 = ORIENTED_EDGE ( 'NONE', *, *, #1708, .T. ) ;
#1725 = ORIENTED_EDGE ( 'NONE', *, *, #2640, .F. ) ;
#1726 = VERTEX_POINT ( 'NONE', #714 ) ;
#1727 = CARTESIAN_POINT ( 'NONE',  ( -7.092016124624517026, 7.499999999999943157, 9.049895715110286787 ) ) ;
#1728 = ADVANCED_FACE ( 'NONE', ( #82 ), #1646, .T. ) ;
#1729 = CARTESIAN_POINT ( 'NONE',  ( 4.286005363685821301, 5.000000000000000000, -0.5846681922196783621 ) ) ;
#1730 = CARTESIAN_POINT ( 'NONE',  ( 2.286005363685820857, 5.000000000000000000, 6.995273098239597864 ) ) ;
#1731 = CARTESIAN_POINT ( 'NONE',  ( 7.394512086735773870, 7.500000000000000000, 7.397265746772672124 ) ) ;
#1732 = EDGE_CURVE ( 'NONE', #1449, #2482, #32, .T. ) ;
#1733 = CARTESIAN_POINT ( 'NONE',  ( -1.773877217232734171, 5.000000000000000000, 5.765331807780324169 ) ) ;
#1734 = DIRECTION ( 'NONE',  ( -1.000000000000000000, 0.000000000000000000, 0.000000000000000000 ) ) ;
#1735 = CARTESIAN_POINT ( 'NONE',  ( 0.2560640732265440644, 7.030000000000001137, 2.215331807780320350 ) ) ;
#1736 = ADVANCED_FACE ( 'NONE', ( #1391 ), #2825, .T. ) ;
#1737 = ORIENTED_EDGE ( 'NONE', *, *, #2563, .T. ) ;
#1738 = VECTOR ( 'NONE', #1384, 1000.000000000000000 ) ;
#1739 = EDGE_LOOP ( 'NONE', ( #542, #741, #1615, #1399 ) ) ;
#1740 = AXIS2_PLACEMENT_3D ( 'NONE', #895, #2061, #1557 ) ;
#1741 = CARTESIAN_POINT ( 'NONE',  ( -6.219844573886383898, 6.758876619454800228, 10.03151574713618821 ) ) ;
#1742 = CARTESIAN_POINT ( 'NONE',  ( -1.773877217232734171, 5.000000000000000000, -2.084668192219677252 ) ) ;
#1743 = CARTESIAN_POINT ( 'NONE',  ( 6.920208928320755071, 7.499999999999994671, -4.264299576839308159 ) ) ;
#1744 = EDGE_CURVE ( 'NONE', #1629, #1449, #1437, .T. ) ;
#1745 = CARTESIAN_POINT ( 'NONE',  ( 6.917648315358903233, 7.499999999999996447, 8.697895020622796736 ) ) ;
#1746 = CARTESIAN_POINT ( 'NONE',  ( 5.437998012218901778, 6.673648177666930970, -5.907923958741117865 ) ) ;
#1747 = CARTESIAN_POINT ( 'NONE',  ( 0.08106407322654413106, 5.000000000000000000, 3.740331807780323370 ) ) ;
#1748 = ADVANCED_FACE ( 'NONE', ( #1167 ), #50, .F. ) ;
#1749 = CARTESIAN_POINT ( 'NONE',  ( -2.523877217232734171, 20.28368184495133519, 0.000000000000000000 ) ) ;
#1750 = DIRECTION ( 'NONE',  ( 0.000000000000000000, 0.000000000000000000, -1.000000000000000000 ) ) ;
#1751 = EDGE_CURVE ( 'NONE', #235, #2855, #482, .T. ) ;
#1752 = AXIS2_PLACEMENT_3D ( 'NONE', #342, #561, #814 ) ;
#1753 = EDGE_LOOP ( 'NONE', ( #1628, #280, #847, #806 ) ) ;
#1754 = ORIENTED_EDGE ( 'NONE', *, *, #351, .F. ) ;
#1755 = CIRCLE ( 'NONE', #1752, 0.2500000000000002220 ) ;
#1756 = ORIENTED_EDGE ( 'NONE', *, *, #1393, .F. ) ;
#1757 = FACE_OUTER_BOUND ( 'NONE', #2272, .T. ) ;
#1758 = DIRECTION ( 'NONE',  ( 0.000000000000000000, -1.000000000000000000, 0.000000000000000000 ) ) ;
#1759 = LINE ( 'NONE', #98, #390 ) ;
#1760 = CARTESIAN_POINT ( 'NONE',  ( -6.882383940282691626, 7.500000000000005329, -2.966602131212032756 ) ) ;
#1761 = AXIS2_PLACEMENT_3D ( 'NONE', #254, #1439, #2374 ) ;
#1762 = LINE ( 'NONE', #1638, #1112 ) ;
#1763 = VECTOR ( 'NONE', #615, 999.9999999999998863 ) ;
#1764 = CARTESIAN_POINT ( 'NONE',  ( -9.344185469919500164, -1.702799775392677795, 11.07697553616721109 ) ) ;
#1765 = B_SPLINE_CURVE_WITH_KNOTS ( 'NONE', 3,
 ( #2728, #2454, #2698, #2500, #2013, #1057, #2913, #1770, #2682, #606, #1964, #1785, #2946, #147, #2899, #815 ),
 .UNSPECIFIED., .F., .F.,
 ( 4, 2, 2, 2, 2, 2, 2, 4 ),
 ( -5.999999999231528822E-08, 0.0005791259861475659462, 0.001158311972295124163, 0.001737497958442682381, 0.002316683944590240598, 0.002895869930737798598, 0.003475055916885357032, 0.004633427889180468696 ),
 .UNSPECIFIED. ) ;
#1766 = DIRECTION ( 'NONE',  ( 2.891205793294678622E-15, 0.000000000000000000, 1.000000000000000000 ) ) ;
#1767 = VECTOR ( 'NONE', #1656, 1000.000000000000000 ) ;
#1768 = AXIS2_PLACEMENT_3D ( 'NONE', #881, #2555, #667 ) ;
#1769 = DIRECTION ( 'NONE',  ( -1.000000000000000000, 0.000000000000000000, 0.000000000000000000 ) ) ;
#1770 = CARTESIAN_POINT ( 'NONE',  ( 7.225809680294399406, 6.776010522933519908, -5.291539021857180281 ) ) ;
#1771 = ADVANCED_FACE ( 'NONE', ( #251 ), #65, .F. ) ;
#1772 = EDGE_CURVE ( 'NONE', #514, #1265, #198, .T. ) ;
#1773 = ORIENTED_EDGE ( 'NONE', *, *, #1376, .F. ) ;
#1774 = EDGE_LOOP ( 'NONE', ( #673, #2961, #80, #1775 ) ) ;
#1775 = ORIENTED_EDGE ( 'NONE', *, *, #1953, .F. ) ;
#1776 = CARTESIAN_POINT ( 'NONE',  ( -7.294592759275454696, 7.500000000000055067, 8.756667518932092165 ) ) ;
#1777 = FACE_OUTER_BOUND ( 'NONE', #480, .T. ) ;
#1778 = LINE ( 'NONE', #455, #287 ) ;
#1779 = CARTESIAN_POINT ( 'NONE',  ( 6.735695457846171408, 7.499999999999996447, 8.879476662874532522 ) ) ;
#1780 = CARTESIAN_POINT ( 'NONE',  ( -6.226499139615919276, 7.499999999999997335, 8.876916049912694007 ) ) ;
#1781 = CARTESIAN_POINT ( 'NONE',  ( -8.303564478193781184, 0.000000000000000000, -7.084668192219678140 ) ) ;
#1782 = FACE_OUTER_BOUND ( 'NONE', #1497, .T. ) ;
#1783 = ORIENTED_EDGE ( 'NONE', *, *, #1900, .T. ) ;
#1784 = DIRECTION ( 'NONE',  ( -1.000000000000000000, 0.000000000000000000, 0.000000000000000000 ) ) ;
#1785 = CARTESIAN_POINT ( 'NONE',  ( 7.981221006129032958, 6.766100126547490490, -4.429585209989167716 ) ) ;
#1786 = EDGE_CURVE ( 'NONE', #1690, #1264, #970, .T. ) ;
#1787 =( BOUNDED_CURVE ( )  B_SPLINE_CURVE ( 3, ( #272, #650, #917, #1378 ),
 .UNSPECIFIED., .F., .F. ) 
 B_SPLINE_CURVE_WITH_KNOTS ( ( 4, 4 ),
 ( 0.000000000000000000, 1.570796326794896780 ),
 .UNSPECIFIED. ) 
 CURVE ( )  GEOMETRIC_REPRESENTATION_ITEM ( )  RATIONAL_B_SPLINE_CURVE ( ( 1.000000000000000000, 0.8047378541243649375, 0.8047378541243649375, 1.000000000000000000 ) ) 
 REPRESENTATION_ITEM ( '' )  );
#1788 = ORIENTED_EDGE ( 'NONE', *, *, #1827, .T. ) ;
#1789 = ORIENTED_EDGE ( 'NONE', *, *, #1201, .T. ) ;
#1790 = ADVANCED_FACE ( 'NONE', ( #761 ), #2410, .T. ) ;
#1791 = ORIENTED_EDGE ( 'NONE', *, *, #1609, .T. ) ;
#1792 = CARTESIAN_POINT ( 'NONE',  ( -6.856909064340849902, 6.778399508420209330, -5.173687404220349784 ) ) ;
#1793 = DIRECTION ( 'NONE',  ( 1.000000000000000000, 0.000000000000000000, 0.000000000000000000 ) ) ;
#1794 = CARTESIAN_POINT ( 'NONE',  ( 9.556064073226545830, 0.000000000000000000, 10.77496035920064266 ) ) ;
#1795 = LINE ( 'NONE', #1188, #653 ) ;
#1796 = CARTESIAN_POINT ( 'NONE',  ( 0.000000000000000000, 5.000000000000000000, -2.564609482678953611 ) ) ;
#1797 = CARTESIAN_POINT ( 'NONE',  ( -5.442347630504643874, 7.499999999999996447, 9.304380315436009852 ) ) ;
#1798 = DIRECTION ( 'NONE',  ( 0.000000000000000000, 0.000000000000000000, -1.000000000000000000 ) ) ;
#1799 = CARTESIAN_POINT ( 'NONE',  ( 3.786005363685820857, 0.000000000000000000, -1.334668192219678362 ) ) ;
#1800 = LINE ( 'NONE', #1340, #1360 ) ;
#1801 = DIRECTION ( 'NONE',  ( 1.000000000000000000, 0.000000000000000000, 0.000000000000000000 ) ) ;
#1802 = VERTEX_POINT ( 'NONE', #334 ) ;
#1803 = EDGE_LOOP ( 'NONE', ( #250, #2425, #2757, #2572 ) ) ;
#1804 = EDGE_CURVE ( 'NONE', #163, #2531, #352, .T. ) ;
#1805 = EDGE_LOOP ( 'NONE', ( #1377, #2381, #296, #479, #42 ) ) ;
#1806 = CARTESIAN_POINT ( 'NONE',  ( 3.786005363685820413, 0.000000000000000000, 6.515331807780323281 ) ) ;
#1807 = PLANE ( 'NONE',  #2451 ) ;
#1808 = EDGE_CURVE ( 'NONE', #2856, #622, #2836, .T. ) ;
#1809 = ADVANCED_FACE ( 'NONE', ( #1757 ), #1957, .F. ) ;
#1810 = EDGE_CURVE ( 'NONE', #1500, #2503, #1995, .T. ) ;
#1811 = CARTESIAN_POINT ( 'NONE',  ( 0.2560640732265440644, 0.000000000000000000, 2.215331807780322571 ) ) ;
#1812 = DIRECTION ( 'NONE',  ( -2.017120320903264442E-16, 0.000000000000000000, -1.000000000000000000 ) ) ;
#1813 = CARTESIAN_POINT ( 'NONE',  ( 0.000000000000000000, 0.000000000000000000, 2.890331807780322837 ) ) ;
#1814 = DIRECTION ( 'NONE',  ( -1.000000000000000000, 0.000000000000000000, 0.000000000000000000 ) ) ;
#1815 = AXIS2_PLACEMENT_3D ( 'NONE', #2408, #2127, #2815 ) ;
#1816 = CARTESIAN_POINT ( 'NONE',  ( 3.786005363685820413, 4.250000000000000000, 6.515331807780323281 ) ) ;
#1817 = PLANE ( 'NONE',  #605 ) ;
#1818 = AXIS2_PLACEMENT_3D ( 'NONE', #742, #1186, #728 ) ;
#1819 = EDGE_LOOP ( 'NONE', ( #15, #2517, #2071, #1924 ) ) ;
#1820 = VERTEX_POINT ( 'NONE', #1051 ) ;
#1821 = CARTESIAN_POINT ( 'NONE',  ( -3.773877217232733727, 5.000000000000000000, 5.015331807780324169 ) ) ;
#1822 = DIRECTION ( 'NONE',  ( 0.000000000000000000, 0.000000000000000000, -1.000000000000000000 ) ) ;
#1823 = DIRECTION ( 'NONE',  ( 0.000000000000000000, 0.000000000000000000, 1.000000000000000000 ) ) ;
#1824 = CARTESIAN_POINT ( 'NONE',  ( 0.7239572920399969247, 5.000000000000000000, 1.747438588966870654 ) ) ;
#1825 = LINE ( 'NONE', #2751, #2053 ) ;
#1826 = CARTESIAN_POINT ( 'NONE',  ( 0.4310640732265441644, 5.000000000000000000, 3.740331807780323370 ) ) ;
#1827 = EDGE_CURVE ( 'NONE', #1353, #872, #2978, .T. ) ;
#1828 = CARTESIAN_POINT ( 'NONE',  ( 3.786005363685820857, 5.000000000000000000, -2.084668192219678140 ) ) ;
#1829 = ORIENTED_EDGE ( 'NONE', *, *, #611, .T. ) ;
#1830 = VERTEX_POINT ( 'NONE', #1413 ) ;
#1831 = ORIENTED_EDGE ( 'NONE', *, *, #437, .T. ) ;
#1832 = FACE_OUTER_BOUND ( 'NONE', #2717, .T. ) ;
#1833 = CARTESIAN_POINT ( 'NONE',  ( 0.9310640732265448305, 0.000000000000000000, 0.1903318077803230479 ) ) ;
#1834 =( NAMED_UNIT ( * ) SI_UNIT ( $, .STERADIAN. ) SOLID_ANGLE_UNIT ( ) );
#1835 = ORIENTED_EDGE ( 'NONE', *, *, #1266, .T. ) ;
#1836 = CARTESIAN_POINT ( 'NONE',  ( 0.2560640732265440644, 7.376235673783147817, -3.158758810132626937 ) ) ;
#1837 = LINE ( 'NONE', #2522, #2044 ) ;
#1838 = DIRECTION ( 'NONE',  ( 0.000000000000000000, 0.3420201433256694901, 0.9396926207859082059 ) ) ;
#1839 = VECTOR ( 'NONE', #2004, 1000.000000000000000 ) ;
#1840 = DIRECTION ( 'NONE',  ( -0.000000000000000000, 0.000000000000000000, -1.000000000000000000 ) ) ;
#1841 = DIRECTION ( 'NONE',  ( 1.606225440719265381E-16, 0.000000000000000000, -1.000000000000000000 ) ) ;
#1842 = CARTESIAN_POINT ( 'NONE',  ( 0.2560640732265448971, -4.499999999999992006, 9.308441396141414970 ) ) ;
#1843 = VERTEX_POINT ( 'NONE', #2250 ) ;
#1844 = ORIENTED_EDGE ( 'NONE', *, *, #2581, .F. ) ;
#1845 = CARTESIAN_POINT ( 'NONE',  ( 0.4310640732265448305, 4.500000000000000888, 6.923860809965486905E-17 ) ) ;
#1846 = ORIENTED_EDGE ( 'NONE', *, *, #546, .F. ) ;
#1847 = CARTESIAN_POINT ( 'NONE',  ( -1.773877217232734171, 4.085505035831417331, 7.230196253436074194 ) ) ;
#1848 = AXIS2_PLACEMENT_3D ( 'NONE', #1387, #1398, #904 ) ;
#1849 = ORIENTED_EDGE ( 'NONE', *, *, #2188, .T. ) ;
#1850 = DIRECTION ( 'NONE',  ( 0.000000000000000000, 0.000000000000000000, 1.000000000000000000 ) ) ;
#1851 = CARTESIAN_POINT ( 'NONE',  ( -1.773877217232733727, 0.000000000000000000, -5.084668192219678140 ) ) ;
#1852 = DIRECTION ( 'NONE',  ( -0.000000000000000000, 1.000000000000000000, -0.000000000000000000 ) ) ;
#1853 = CARTESIAN_POINT ( 'NONE',  ( -1.268935926773455014, 4.500000000000000888, -6.114591504678610132E-16 ) ) ;
#1854 = FACE_OUTER_BOUND ( 'NONE', #2017, .T. ) ;
#1855 = CARTESIAN_POINT ( 'NONE',  ( 7.218420877309773331, 6.775844699965832163, 9.727821019813639225 ) ) ;
#1856 = CARTESIAN_POINT ( 'NONE',  ( 8.379319839747978449, 6.673648177666931858, 7.397265746772672124 ) ) ;
#1857 = AXIS2_PLACEMENT_3D ( 'NONE', #1351, #720, #1637 ) ;
#1858 = ADVANCED_FACE ( 'NONE', ( #962 ), #1091, .T. ) ;
#1859 = CIRCLE ( 'NONE', #560, 7.093109588361092399 ) ;
#1860 = EDGE_LOOP ( 'NONE', ( #2317, #1658, #1075, #1212 ) ) ;
#1861 = AXIS2_PLACEMENT_3D ( 'NONE', #1828, #671, #240 ) ;
#1862 = ORIENTED_EDGE ( 'NONE', *, *, #2464, .F. ) ;
#1863 = CYLINDRICAL_SURFACE ( 'NONE', #1461, 0.7499999999999997780 ) ;
#1864 = VERTEX_POINT ( 'NONE', #637 ) ;
#1865 = EDGE_CURVE ( 'NONE', #532, #268, #1183, .T. ) ;
#1866 = ORIENTED_EDGE ( 'NONE', *, *, #2581, .T. ) ;
#1867 = CARTESIAN_POINT ( 'NONE',  ( 3.786005363685820413, 4.250000000000000000, 5.015331807780324169 ) ) ;
#1868 = CARTESIAN_POINT ( 'NONE',  ( 0.2560640732265440644, 7.030000000000000249, 4.168551485589150118 ) ) ;
#1869 = CARTESIAN_POINT ( 'NONE',  ( 8.674429169684220398, 4.999999999999999112, -6.203033288677352708 ) ) ;
#1870 = DIRECTION ( 'NONE',  ( -1.000000000000000000, 0.000000000000000000, -0.000000000000000000 ) ) ;
#1871 = CARTESIAN_POINT ( 'NONE',  ( -7.682124343136763400, 7.723217276023578215, 7.199096965107004031 ) ) ;
#1872 =( NAMED_UNIT ( * ) PLANE_ANGLE_UNIT ( ) SI_UNIT ( $, .RADIAN. ) );
#1873 = DIRECTION ( 'NONE',  ( 1.000000000000000000, -0.000000000000000000, 5.782411586589355667E-16 ) ) ;
#1874 = CARTESIAN_POINT ( 'NONE',  ( 7.345112583560206687, 7.499999999999997335, 7.913743512462463769 ) ) ;
#1875 = VERTEX_POINT ( 'NONE', #1331 ) ;
#1876 = CARTESIAN_POINT ( 'NONE',  ( 0.000000000000000000, 0.000000000000000000, 4.240331807780323814 ) ) ;
#1877 = ORIENTED_EDGE ( 'NONE', *, *, #950, .F. ) ;
#1878 =( BOUNDED_CURVE ( )  B_SPLINE_CURVE ( 3, ( #1962, #1988, #2449, #100 ),
 .UNSPECIFIED., .F., .F. ) 
 B_SPLINE_CURVE_WITH_KNOTS ( ( 4, 4 ),
 ( 4.712388980384689674, 6.283185307179586232 ),
 .UNSPECIFIED. ) 
 CURVE ( )  GEOMETRIC_REPRESENTATION_ITEM ( )  RATIONAL_B_SPLINE_CURVE ( ( 1.000000000000000000, 0.8047378541243649375, 0.8047378541243649375, 1.000000000000000000 ) ) 
 REPRESENTATION_ITEM ( '' )  );
#1879 = ORIENTED_EDGE ( 'NONE', *, *, #1131, .T. ) ;
#1880 = CARTESIAN_POINT ( 'NONE',  ( -0.2118291455869083517, 5.000000000000000888, 4.033225026593775908 ) ) ;
#1881 = DIRECTION ( 'NONE',  ( -1.000000000000000000, 0.000000000000000000, -1.606225440719265874E-16 ) ) ;
#1882 = CARTESIAN_POINT ( 'NONE',  ( -6.285271637925349708, 7.500000000000222045, -5.335325024722044063 ) ) ;
#1883 = CARTESIAN_POINT ( 'NONE',  ( 5.036005363685820413, 4.250000000000000000, 5.765331807780324169 ) ) ;
#1884 = CARTESIAN_POINT ( 'NONE',  ( 1.781064073226543920, 5.000000000000000000, 2.890331807780322837 ) ) ;
#1885 = VECTOR ( 'NONE', #945, 1000.000000000000000 ) ;
#1886 = DIRECTION ( 'NONE',  ( 0.000000000000000000, 0.000000000000000000, 1.000000000000000000 ) ) ;
#1887 = CIRCLE ( 'NONE', #438, 1.500000000000000000 ) ;
#1888 = CARTESIAN_POINT ( 'NONE',  ( 3.786005363685820857, 0.000000000000000000, -2.084668192219678140 ) ) ;
#1889 = ORIENTED_EDGE ( 'NONE', *, *, #2734, .T. ) ;
#1890 = ORIENTED_EDGE ( 'NONE', *, *, #729, .T. ) ;
#1891 = ORIENTED_EDGE ( 'NONE', *, *, #1693, .F. ) ;
#1892 = CARTESIAN_POINT ( 'NONE',  ( 3.036005363685821301, 4.250000000000000000, -2.564609482678953611 ) ) ;
#1893 = EDGE_CURVE ( 'NONE', #2779, #268, #1194, .T. ) ;
#1894 = CARTESIAN_POINT ( 'NONE',  ( 9.115246621455378673, 2.500000000000000444, 11.07451435600916057 ) ) ;
#1895 = DIRECTION ( 'NONE',  ( 0.000000000000000000, 0.000000000000000000, -1.000000000000000000 ) ) ;
#1896 = EDGE_CURVE ( 'NONE', #758, #1385, #2718, .T. ) ;
#1897 = CARTESIAN_POINT ( 'NONE',  ( 2.286005363685820857, 4.250000000000000000, 6.515331807780323281 ) ) ;
#1898 = AXIS2_PLACEMENT_3D ( 'NONE', #2649, #1932, #781 ) ;
#1899 = CARTESIAN_POINT ( 'NONE',  ( 5.036005363685820413, 4.689339828220179029, 5.765331807780324169 ) ) ;
#1900 = EDGE_CURVE ( 'NONE', #969, #1283, #1958, .T. ) ;
#1901 = CARTESIAN_POINT ( 'NONE',  ( 7.770034541224736913, 6.775810048747963776, -4.745175841908221948 ) ) ;
#1902 = CARTESIAN_POINT ( 'NONE',  ( 0.2560640732265440644, 7.376235673783147817, 2.215331807780322571 ) ) ;
#1903 = CARTESIAN_POINT ( 'NONE',  ( 8.072248012582292631, 6.758876619455001844, 8.691240454893375045 ) ) ;
#1904 = DIRECTION ( 'NONE',  ( -1.000000000000000000, -0.000000000000000000, -0.000000000000000000 ) ) ;
#1905 = ORIENTED_EDGE ( 'NONE', *, *, #1117, .T. ) ;
#1906 = ORIENTED_EDGE ( 'NONE', *, *, #2756, .T. ) ;
#1907 = AXIS2_PLACEMENT_3D ( 'NONE', #1842, #690, #2770 ) ;
#1908 = ORIENTED_EDGE ( 'NONE', *, *, #2526, .T. ) ;
#1909 = AXIS2_PLACEMENT_3D ( 'NONE', #1307, #855, #1321 ) ;
#1910 = VECTOR ( 'NONE', #2782, 1000.000000000000000 ) ;
#1911 = VECTOR ( 'NONE', #1453, 1000.000000000000000 ) ;
#1912 = ORIENTED_EDGE ( 'NONE', *, *, #282, .T. ) ;
#1913 = CARTESIAN_POINT ( 'NONE',  ( 0.000000000000000000, 20.28368184495133519, 5.765331807780324169 ) ) ;
#1914 = CARTESIAN_POINT ( 'NONE',  ( -9.043935926773460920, 3.252606517456513302E-15, -7.084668192219678140 ) ) ;
#1915 = LINE ( 'NONE', #2844, #2099 ) ;
#1916 = CARTESIAN_POINT ( 'NONE',  ( 0.9310640732265441644, 0.000000000000000000, 4.240331807780323814 ) ) ;
#1917 = DIRECTION ( 'NONE',  ( -1.000000000000000000, 0.000000000000000000, 0.000000000000000000 ) ) ;
#1918 = CARTESIAN_POINT ( 'NONE',  ( 8.373972157873776467, 6.703976388657244101, -3.348083445322210583 ) ) ;
#1919 = EDGE_CURVE ( 'NONE', #758, #622, #2733, .T. ) ;
#1920 = PLANE ( 'NONE',  #1501 ) ;
#1921 = CARTESIAN_POINT ( 'NONE',  ( 7.981935065184639022, 8.927329225040887550, 9.941202799738420026 ) ) ;
#1922 = CARTESIAN_POINT ( 'NONE',  ( 0.2560640732265447861, 7.376235673783146929, 7.589422425693269858 ) ) ;
#1923 = ORIENTED_EDGE ( 'NONE', *, *, #2752, .F. ) ;
#1924 = ORIENTED_EDGE ( 'NONE', *, *, #2434, .F. ) ;
#1925 = VERTEX_POINT ( 'NONE', #1833 ) ;
#1926 = FACE_OUTER_BOUND ( 'NONE', #803, .T. ) ;
#1927 = CARTESIAN_POINT ( 'NONE',  ( -4.476024431371727452, 9.150546501064464877, -5.471179955854570842 ) ) ;
#1928 = DIRECTION ( 'NONE',  ( 0.000000000000000000, 0.000000000000000000, -1.000000000000000000 ) ) ;
#1929 = CARTESIAN_POINT ( 'NONE',  ( -5.680955278374804962, 6.730456468940833048, -5.826367988358897243 ) ) ;
#1930 = CYLINDRICAL_SURFACE ( 'NONE', #498, 0.7499999999999997780 ) ;
#1931 = CARTESIAN_POINT ( 'NONE',  ( 7.894874507659283225, 7.500000000000169642, -4.170543327219828456 ) ) ;
#1932 = DIRECTION ( 'NONE',  ( 0.000000000000000000, -1.000000000000000000, 0.000000000000000000 ) ) ;
#1933 = CARTESIAN_POINT ( 'NONE',  ( -7.784162792803919650, 6.730781156735016424, 8.157463377937487436 ) ) ;
#1934 = ORIENTED_EDGE ( 'NONE', *, *, #2849, .T. ) ;
#1935 = ORIENTED_EDGE ( 'NONE', *, *, #2360, .T. ) ;
#1936 = TOROIDAL_SURFACE ( 'NONE', #1503, 1.500000000000000000, 0.7500000000000000000 ) ;
#1937 = EDGE_LOOP ( 'NONE', ( #2655, #578, #1605, #1595 ) ) ;
#1938 = ADVANCED_FACE ( 'NONE', ( #2519 ), #1597, .F. ) ;
#1939 = ORIENTED_EDGE ( 'NONE', *, *, #874, .F. ) ;
#1940 = CARTESIAN_POINT ( 'NONE',  ( 9.189777582193828565, -4.080030542393368544E-15, -6.992743439870332978 ) ) ;
#1941 = CARTESIAN_POINT ( 'NONE',  ( 8.839078032977637278, -0.1226118341242167231, 11.53695158229057327 ) ) ;
#1942 = LINE ( 'NONE', #1715, #1722 ) ;
#1943 = LINE ( 'NONE', #126, #2716 ) ;
#1944 = DIRECTION ( 'NONE',  ( 0.000000000000000000, -1.000000000000000000, 0.000000000000000000 ) ) ;
#1945 = CARTESIAN_POINT ( 'NONE',  ( -1.268935926773456124, 5.000000000000000000, 2.390331807780322837 ) ) ;
#1946 = CARTESIAN_POINT ( 'NONE',  ( 7.806720905728682602, 7.499999999999998224, -4.326003903371517190 ) ) ;
#1947 = AXIS2_PLACEMENT_3D ( 'NONE', #1549, #2244, #2769 ) ;
#1948 = CARTESIAN_POINT ( 'NONE',  ( 0.08106407322654470005, 5.000000000000000000, 0.6903318077803228814 ) ) ;
#1949 = CARTESIAN_POINT ( 'NONE',  ( -6.223826352895817315, 6.759059253881909868, 10.02951887843256706 ) ) ;
#1950 = AXIS2_PLACEMENT_3D ( 'NONE', #2080, #187, #1840 ) ;
#1951 = ORIENTED_EDGE ( 'NONE', *, *, #2259, .F. ) ;
#1952 = ORIENTED_EDGE ( 'NONE', *, *, #43, .T. ) ;
#1953 = EDGE_CURVE ( 'NONE', #2774, #740, #1344, .T. ) ;
#1954 = VECTOR ( 'NONE', #592, 1000.000000000000000 ) ;
#1955 = VERTEX_POINT ( 'NONE', #263 ) ;
#1956 = EDGE_CURVE ( 'NONE', #913, #2183, #2267, .T. ) ;
#1957 = CYLINDRICAL_SURFACE ( 'NONE', #609, 0.5000000000000000000 ) ;
#1958 = CIRCLE ( 'NONE', #656, 0.7500000000000000000 ) ;
#1959 = CARTESIAN_POINT ( 'NONE',  ( -8.624738249512548194, 2.377388165875785830, -5.926864700199608649 ) ) ;
#1960 = CARTESIAN_POINT ( 'NONE',  ( 3.036005363685821301, 0.000000000000000000, -4.286534862862743545 ) ) ;
#1961 =( BOUNDED_CURVE ( )  B_SPLINE_CURVE ( 3, ( #1851, #2556, #703, #1621 ),
 .UNSPECIFIED., .F., .F. ) 
 B_SPLINE_CURVE_WITH_KNOTS ( ( 4, 4 ),
 ( 1.230702776351113828E-16, 1.570796326794897890 ),
 .UNSPECIFIED. ) 
 CURVE ( )  GEOMETRIC_REPRESENTATION_ITEM ( )  RATIONAL_B_SPLINE_CURVE ( ( 1.000000000000000000, 0.8047378541243646044, 0.8047378541243646044, 1.000000000000000000 ) ) 
 REPRESENTATION_ITEM ( '' )  );
#1962 = CARTESIAN_POINT ( 'NONE',  ( 0.08106407322654443637, 5.000000000000000000, 2.040331807780323192 ) ) ;
#1963 = CARTESIAN_POINT ( 'NONE',  ( 8.815692624646864317, 0.000000000000000000, 11.51533180778032417 ) ) ;
#1964 = CARTESIAN_POINT ( 'NONE',  ( 7.768553285259863550, 6.775844699965832163, -4.747024996302912747 ) ) ;
#1965 = DIRECTION ( 'NONE',  ( -0.000000000000000000, -0.000000000000000000, 1.000000000000000000 ) ) ;
#1966 = ORIENTED_EDGE ( 'NONE', *, *, #1120, .F. ) ;
#1967 = EDGE_CURVE ( 'NONE', #1629, #2320, #657, .T. ) ;
#1968 = EDGE_LOOP ( 'NONE', ( #2744, #713, #204, #2397 ) ) ;
#1969 = CARTESIAN_POINT ( 'NONE',  ( -4.523877217232734615, 4.250000000000000000, -1.334668192219677918 ) ) ;
#1970 = CARTESIAN_POINT ( 'NONE',  ( 0.2560640732265443975, 0.000000000000000000, -0.7846681922196777625 ) ) ;
#1971 = LINE ( 'NONE', #554, #537 ) ;
#1972 = CARTESIAN_POINT ( 'NONE',  ( -6.882383937687540865, 7.500000000000005329, -3.225863422167654537 ) ) ;
#1973 = EDGE_CURVE ( 'NONE', #1551, #1362, #3004, .T. ) ;
#1974 = CARTESIAN_POINT ( 'NONE',  ( 0.000000000000000000, 20.28368184495133519, 5.765331807780324169 ) ) ;
#1975 = CARTESIAN_POINT ( 'NONE',  ( 5.365667556917435022, 7.009552663503129999, -5.848694934947191726 ) ) ;
#1976 = CARTESIAN_POINT ( 'NONE',  ( 0.4310640732265443864, 5.000000000000000000, 2.390331807780322837 ) ) ;
#1977 = B_SPLINE_CURVE_WITH_KNOTS ( 'NONE', 3,
 ( #616, #115, #1306, #382, #590, #2007, #2241, #1963 ),
 .UNSPECIFIED., .F., .F.,
 ( 4, 2, 2, 4 ),
 ( 3.851859888774471706E-34, 0.0002896555197651792921, 0.0005793110395303585842, 0.001158622079060717168 ),
 .UNSPECIFIED. ) ;
#1978 =( BOUNDED_CURVE ( )  B_SPLINE_CURVE ( 3, ( #2065, #1154, #1168, #253 ),
 .UNSPECIFIED., .F., .T. ) 
 B_SPLINE_CURVE_WITH_KNOTS ( ( 4, 4 ),
 ( 4.712388980384689674, 6.283185307179586232 ),
 .UNSPECIFIED. ) 
 CURVE ( )  GEOMETRIC_REPRESENTATION_ITEM ( )  RATIONAL_B_SPLINE_CURVE ( ( 1.000000000000000000, 0.8047378541243649375, 0.8047378541243649375, 1.000000000000000000 ) ) 
 REPRESENTATION_ITEM ( '' )  );
#1979 = DIRECTION ( 'NONE',  ( 1.000000000000000000, 0.000000000000000000, 1.606225440719265874E-16 ) ) ;
#1980 = ORIENTED_EDGE ( 'NONE', *, *, #340, .F. ) ;
#1981 = UNCERTAINTY_MEASURE_WITH_UNIT (LENGTH_MEASURE( 1.000000000000000082E-05 ), #2973, 'distance_accuracy_value', 'NONE');
#1982 = CYLINDRICAL_SURFACE ( 'NONE', #1983, 0.5000000000000000000 ) ;
#1983 = AXIS2_PLACEMENT_3D ( 'NONE', #1000, #2875, #112 ) ;
#1984 = CARTESIAN_POINT ( 'NONE',  ( -5.798137101997643761, 7.499999999999999112, 9.160156635123176017 ) ) ;
#1985 = CARTESIAN_POINT ( 'NONE',  ( 0.2560640732265440644, 0.000000000000000000, 2.215331807780322571 ) ) ;
#1986 = CARTESIAN_POINT ( 'NONE',  ( 7.347102418356708853, 7.499999999999999112, -3.476806584875266282 ) ) ;
#1987 = EDGE_CURVE ( 'NONE', #163, #2103, #863, .T. ) ;
#1988 = CARTESIAN_POINT ( 'NONE',  ( -0.2118291455869078244, 5.000000000000000000, 1.747438588966870654 ) ) ;
#1989 = CARTESIAN_POINT ( 'NONE',  ( 6.154774351763752982, 7.499999999999773515, -5.645395066307820287 ) ) ;
#1990 = LINE ( 'NONE', #1068, #2100 ) ;
#1991 = CARTESIAN_POINT ( 'NONE',  ( -3.277232857165486181E-16, 4.500000000000000888, 2.040331807780323192 ) ) ;
#1992 = PRODUCT ( 'Stylized_Key_Cap_V2_Square_Stem', 'Stylized_Key_Cap_V2_Square_Stem', '', ( #2384 ) ) ;
#1993 = DIRECTION ( 'NONE',  ( -0.000000000000000000, 0.000000000000000000, -1.000000000000000000 ) ) ;
#1994 = DIRECTION ( 'NONE',  ( 1.000000000000000000, 0.000000000000000000, 0.000000000000000000 ) ) ;
#1995 =( BOUNDED_CURVE ( )  B_SPLINE_CURVE ( 3, ( #1969, #2904, #665, #2719 ),
 .UNSPECIFIED., .F., .F. ) 
 B_SPLINE_CURVE_WITH_KNOTS ( ( 4, 4 ),
 ( 3.141592653589793116, 4.712388980384689674 ),
 .UNSPECIFIED. ) 
 CURVE ( )  GEOMETRIC_REPRESENTATION_ITEM ( )  RATIONAL_B_SPLINE_CURVE ( ( 1.000000000000000000, 0.8047378541243649375, 0.8047378541243649375, 1.000000000000000000 ) ) 
 REPRESENTATION_ITEM ( '' )  );
#1996 = VECTOR ( 'NONE', #1784, 1000.000000000000000 ) ;
#1997 = VERTEX_POINT ( 'NONE', #2366 ) ;
#1998 = ORIENTED_EDGE ( 'NONE', *, *, #2439, .T. ) ;
#1999 = EDGE_LOOP ( 'NONE', ( #580, #926, #1148, #1568 ) ) ;
#2000 = CARTESIAN_POINT ( 'NONE',  ( -7.721483571459964779, 7.500000000000000000, 7.397265746772742290 ) ) ;
#2001 = DIRECTION ( 'NONE',  ( 0.000000000000000000, -1.000000000000000000, 0.000000000000000000 ) ) ;
#2002 = PLANE ( 'NONE',  #2132 ) ;
#2003 = VECTOR ( 'NONE', #2678, 1000.000000000000000 ) ;
#2004 = DIRECTION ( 'NONE',  ( 0.000000000000000000, -1.000000000000000000, 0.000000000000000000 ) ) ;
#2005 = VECTOR ( 'NONE', #495, 1000.000000000000000 ) ;
#2006 = CARTESIAN_POINT ( 'NONE',  ( 3.036005363685820413, 19.28860755330357435, 2.733944146982016044 ) ) ;
#2007 = CARTESIAN_POINT ( 'NONE',  ( 9.204380322773939582, -8.012273643972439710E-15, 11.43679273548423225 ) ) ;
#2008 = VECTOR ( 'NONE', #1701, 1000.000000000000000 ) ;
#2009 = ADVANCED_FACE ( 'NONE', ( #1496 ), #768, .F. ) ;
#2010 = CARTESIAN_POINT ( 'NONE',  ( 0.000000000000000000, 4.250000000000000000, -1.334668192219678362 ) ) ;
#2011 = VERTEX_POINT ( 'NONE', #782 ) ;
#2012 = LINE ( 'NONE', #1308, #244 ) ;
#2013 = CARTESIAN_POINT ( 'NONE',  ( 6.383439599567431344, 6.740565336838738375, -5.747551158762520984 ) ) ;
#2014 = EDGE_CURVE ( 'NONE', #2320, #1955, #2837, .T. ) ;
#2015 = ORIENTED_EDGE ( 'NONE', *, *, #799, .F. ) ;
#2016 = EDGE_LOOP ( 'NONE', ( #493, #465, #1368, #2457 ) ) ;
#2017 = EDGE_LOOP ( 'NONE', ( #757, #2760, #2116, #682 ) ) ;
#2018 = CARTESIAN_POINT ( 'NONE',  ( -4.925869865765821309, 6.673648177666900771, -5.907923958741122306 ) ) ;
#2019 = CARTESIAN_POINT ( 'NONE',  ( 2.281064073226544142, 4.500000000000000888, 2.890331807780322837 ) ) ;
#2020 = CARTESIAN_POINT ( 'NONE',  ( 8.379319839747980225, 6.673648177666930081, 7.397265746772673012 ) ) ;
#2021 = CARTESIAN_POINT ( 'NONE',  ( 0.000000000000000000, 5.000000000000000000, 0.000000000000000000 ) ) ;
#2022 = LINE ( 'NONE', #1293, #2003 ) ;
#2023 = DIRECTION ( 'NONE',  ( -1.000000000000000000, 0.000000000000000000, 0.000000000000000000 ) ) ;
#2024 = CARTESIAN_POINT ( 'NONE',  ( 2.286005363685820857, 5.265560360322757162E-16, 9.515331807780324169 ) ) ;
#2025 = CARTESIAN_POINT ( 'NONE',  ( 6.146085013548956866, 7.500000000000001776, 10.07930622239581098 ) ) ;
#2026 = DIRECTION ( 'NONE',  ( 0.000000000000000000, 0.000000000000000000, 1.000000000000000000 ) ) ;
#2027 = EDGE_LOOP ( 'NONE', ( #2444, #934, #999, #998, #1104, #846, #1879, #1908, #1046, #2993, #1001, #1008, #136, #2854, #2963, #211 ) ) ;
#2028 = ORIENTED_EDGE ( 'NONE', *, *, #1337, .F. ) ;
#2029 = EDGE_LOOP ( 'NONE', ( #1481, #2042, #608, #2623 ) ) ;
#2030 = CARTESIAN_POINT ( 'NONE',  ( -4.523877217232734615, 4.250000000000000000, 5.765331807780324169 ) ) ;
#2031 = LINE ( 'NONE', #365, #1172 ) ;
#2032 = LINE ( 'NONE', #2996, #1669 ) ;
#2033 = CARTESIAN_POINT ( 'NONE',  ( 5.279188458876427070, 7.500000000000000000, 9.353779821289554874 ) ) ;
#2034 = AXIS2_PLACEMENT_3D ( 'NONE', #2662, #2390, #306 ) ;
#2035 = FACE_OUTER_BOUND ( 'NONE', #1999, .T. ) ;
#2036 = PLANE ( 'NONE',  #1407 ) ;
#2037 = LINE ( 'NONE', #4, #165 ) ;
#2038 = DIRECTION ( 'NONE',  ( 0.000000000000000000, 0.000000000000000000, -1.000000000000000000 ) ) ;
#2039 = CARTESIAN_POINT ( 'NONE',  ( 6.797399784378590937, 7.500000000000333067, 9.765988640282799338 ) ) ;
#2040 = EDGE_LOOP ( 'NONE', ( #105, #2279, #310, #2990, #984, #119, #1849, #2413 ) ) ;
#2041 = EDGE_LOOP ( 'NONE', ( #1162, #179, #1737, #1151 ) ) ;
#2042 = ORIENTED_EDGE ( 'NONE', *, *, #2310, .T. ) ;
#2043 = ADVANCED_FACE ( 'NONE', ( #1446 ), #2483, .F. ) ;
#2044 = VECTOR ( 'NONE', #33, 1000.000000000000000 ) ;
#2045 = DIRECTION ( 'NONE',  ( 1.000000000000000000, 0.000000000000000000, 1.873929680839142821E-16 ) ) ;
#2046 = LINE ( 'NONE', #2778, #2406 ) ;
#2047 = EDGE_CURVE ( 'NONE', #2277, #1552, #293, .T. ) ;
#2048 = CARTESIAN_POINT ( 'NONE',  ( 5.036005363685820413, 0.000000000000000000, -1.334668192219678362 ) ) ;
#2049 = CARTESIAN_POINT ( 'NONE',  ( 9.024831212068168185, -1.176070461636523623, -7.292041145820458148 ) ) ;
#2050 = CARTESIAN_POINT ( 'NONE',  ( 0.9310640732265448305, 0.000000000000000000, 1.495498801356181381E-16 ) ) ;
#2051 = VECTOR ( 'NONE', #2710, 1000.000000000000000 ) ;
#2052 = CARTESIAN_POINT ( 'NONE',  ( 0.000000000000000000, 0.000000000000000000, 5.765331807780324169 ) ) ;
#2053 = VECTOR ( 'NONE', #925, 1000.000000000000000 ) ;
#2054 = CARTESIAN_POINT ( 'NONE',  ( -8.303564478193779408, 0.000000000000000000, 11.51533180778032417 ) ) ;
#2055 = ORIENTED_EDGE ( 'NONE', *, *, #1027, .T. ) ;
#2056 = VECTOR ( 'NONE', #466, 1000.000000000000000 ) ;
#2057 = ORIENTED_EDGE ( 'NONE', *, *, #2890, .F. ) ;
#2058 = ORIENTED_EDGE ( 'NONE', *, *, #2640, .T. ) ;
#2059 = AXIS2_PLACEMENT_3D ( 'NONE', #1616, #1119, #920 ) ;
#2060 = DIRECTION ( 'NONE',  ( 1.000000000000000000, 0.000000000000000000, 1.156482317317871478E-16 ) ) ;
#2061 = DIRECTION ( 'NONE',  ( -1.000000000000000000, 8.673617379884037444E-16, -1.529392764415422400E-16 ) ) ;
#2062 = EDGE_LOOP ( 'NONE', ( #60, #966, #28, #201 ) ) ;
#2063 = LINE ( 'NONE', #2999, #749 ) ;
#2064 = ADVANCED_FACE ( 'NONE', ( #544 ), #279, .T. ) ;
#2065 = CARTESIAN_POINT ( 'NONE',  ( 1.781064073226543920, 5.000000000000000000, 2.040331807780323636 ) ) ;
#2066 = FACE_OUTER_BOUND ( 'NONE', #403, .T. ) ;
#2067 = FACE_OUTER_BOUND ( 'NONE', #678, .T. ) ;
#2068 = DIRECTION ( 'NONE',  ( -1.000000000000000000, -0.000000000000000000, -0.000000000000000000 ) ) ;
#2069 = CARTESIAN_POINT ( 'NONE',  ( -1.768935926773455014, 4.500000000000000888, -8.523929665757508326E-16 ) ) ;
#2070 = EDGE_LOOP ( 'NONE', ( #94, #1342, #2915, #907 ) ) ;
#2071 = ORIENTED_EDGE ( 'NONE', *, *, #574, .F. ) ;
#2072 = DIRECTION ( 'NONE',  ( 0.000000000000000000, 0.000000000000000000, -1.000000000000000000 ) ) ;
#2073 = EDGE_LOOP ( 'NONE', ( #435, #1400, #1641, #1101 ) ) ;
#2074 = CARTESIAN_POINT ( 'NONE',  ( 0.08106407322654482495, 4.500000000000000888, 1.519083728689400611E-17 ) ) ;
#2075 = EDGE_LOOP ( 'NONE', ( #2528, #234, #661, #963, #1536 ) ) ;
#2076 = DIRECTION ( 'NONE',  ( 1.000000000000000000, 0.000000000000000000, 0.000000000000000000 ) ) ;
#2077 = DIRECTION ( 'NONE',  ( 0.000000000000000000, 0.000000000000000000, -1.000000000000000000 ) ) ;
#2078 = VECTOR ( 'NONE', #510, 1000.000000000000000 ) ;
#2079 = EDGE_CURVE ( 'NONE', #93, #948, #2671, .T. ) ;
#2080 = CARTESIAN_POINT ( 'NONE',  ( 3.036005363685820857, 20.28368184495133519, 0.000000000000000000 ) ) ;
#2081 = CARTESIAN_POINT ( 'NONE',  ( -8.760088564354116869, -7.834749117148823105E-15, 11.36876729257458507 ) ) ;
#2082 = EDGE_CURVE ( 'NONE', #2011, #514, #2869, .T. ) ;
#2083 = DIRECTION ( 'NONE',  ( 1.000000000000000000, 0.000000000000000000, 0.000000000000000000 ) ) ;
#2084 = ORIENTED_EDGE ( 'NONE', *, *, #1575, .F. ) ;
#2085 = ORIENTED_EDGE ( 'NONE', *, *, #1174, .T. ) ;
#2086 = DIRECTION ( 'NONE',  ( 0.000000000000000000, 0.000000000000000000, -1.000000000000000000 ) ) ;
#2087 = EDGE_LOOP ( 'NONE', ( #2306, #2276, #2197, #423 ) ) ;
#2088 = CARTESIAN_POINT ( 'NONE',  ( 0.000000000000000000, 0.000000000000000000, 0.000000000000000000 ) ) ;
#2089 =( BOUNDED_CURVE ( )  B_SPLINE_CURVE ( 3, ( #576, #1510, #2258, #2648 ),
 .UNSPECIFIED., .F., .F. ) 
 B_SPLINE_CURVE_WITH_KNOTS ( ( 4, 4 ),
 ( 3.141592653589793116, 4.712388980384689674 ),
 .UNSPECIFIED. ) 
 CURVE ( )  GEOMETRIC_REPRESENTATION_ITEM ( )  RATIONAL_B_SPLINE_CURVE ( ( 1.000000000000000000, 0.8047378541243649375, 0.8047378541243649375, 1.000000000000000000 ) ) 
 REPRESENTATION_ITEM ( '' )  );
#2090 = CIRCLE ( 'NONE', #1123, 1.000000000000000000 ) ;
#2091 = ORIENTED_EDGE ( 'NONE', *, *, #2908, .T. ) ;
#2092 = DIRECTION ( 'NONE',  ( 0.000000000000000000, -1.000000000000000000, 0.000000000000000000 ) ) ;
#2093 = VECTOR ( 'NONE', #2726, 1000.000000000000000 ) ;
#2094 = CARTESIAN_POINT ( 'NONE',  ( 9.556064073226545830, 0.000000000000000000, -7.084668192219679028 ) ) ;
#2095 = DIRECTION ( 'NONE',  ( -3.955402479226607708E-17, 0.9396926207859082059, 0.3420201433256694901 ) ) ;
#2096 = FILL_AREA_STYLE_COLOUR ( '', #2543 ) ;
#2097 = ADVANCED_FACE ( 'NONE', ( #1723 ), #577, .F. ) ;
#2098 = AXIS2_PLACEMENT_3D ( 'NONE', #2176, #1697, #1479 ) ;
#2099 = VECTOR ( 'NONE', #716, 1000.000000000000000 ) ;
#2100 = VECTOR ( 'NONE', #617, 1000.000000000000000 ) ;
#2101 = ORIENTED_EDGE ( 'NONE', *, *, #862, .T. ) ;
#2102 = AXIS2_PLACEMENT_3D ( 'NONE', #2180, #2633, #1430 ) ;
#2103 = VERTEX_POINT ( 'NONE', #2196 ) ;
#2104 = DIRECTION ( 'NONE',  ( -1.000000000000000000, 0.000000000000000000, 0.000000000000000000 ) ) ;
#2105 = ORIENTED_EDGE ( 'NONE', *, *, #1630, .F. ) ;
#2106 = CARTESIAN_POINT ( 'NONE',  ( -3.773877217232735060, 5.000000000000000000, -1.334668192219677696 ) ) ;
#2107 = ORIENTED_EDGE ( 'NONE', *, *, #2947, .T. ) ;
#2108 = CARTESIAN_POINT ( 'NONE',  ( -0.4189359267734559800, 4.500000000000000888, 4.240331807780323814 ) ) ;
#2109 = CARTESIAN_POINT ( 'NONE',  ( -3.273877217232734171, 5.000000000000000000, 6.515331807780323281 ) ) ;
#2110 = CYLINDRICAL_SURFACE ( 'NONE', #2630, 0.7500000000000000000 ) ;
#2111 = CARTESIAN_POINT ( 'NONE',  ( -4.853539410464345671, 7.009552663503134440, 10.27935855050783509 ) ) ;
#2112 = DIRECTION ( 'NONE',  ( 1.000000000000000000, 0.000000000000000000, -0.000000000000000000 ) ) ;
#2113 = CARTESIAN_POINT ( 'NONE',  ( 5.437998012218901778, 6.673648177666901660, 10.33858757430176389 ) ) ;
#2114 = FACE_OUTER_BOUND ( 'NONE', #2356, .T. ) ;
#2115 = CARTESIAN_POINT ( 'NONE',  ( -4.523877217232733727, 4.689339828220179029, 5.765331807780324169 ) ) ;
#2116 = ORIENTED_EDGE ( 'NONE', *, *, #1048, .F. ) ;
#2117 = EDGE_CURVE ( 'NONE', #2653, #2396, #313, .T. ) ;
#2118 = CARTESIAN_POINT ( 'NONE',  ( -2.474120136805853121E-16, 0.000000000000000000, 1.540331807780323414 ) ) ;
#2119 = ORIENTED_EDGE ( 'NONE', *, *, #1580, .F. ) ;
#2120 = ADVANCED_FACE ( 'NONE', ( #1098 ), #422, .F. ) ;
#2121 = EDGE_CURVE ( 'NONE', #436, #2838, #1309, .T. ) ;
#2122 = EDGE_CURVE ( 'NONE', #566, #1224, #1523, .T. ) ;
#2123 = ORIENTED_EDGE ( 'NONE', *, *, #747, .F. ) ;
#2124 = DIRECTION ( 'NONE',  ( -1.000000000000000000, 0.000000000000000000, -4.818676322157798361E-16 ) ) ;
#2125 = DIRECTION ( 'NONE',  ( 0.000000000000000000, -1.000000000000000000, 0.000000000000000000 ) ) ;
#2126 = CARTESIAN_POINT ( 'NONE',  ( -4.925869865765815092, 7.500000000000000888, -5.762215836906191768 ) ) ;
#2127 = DIRECTION ( 'NONE',  ( 0.000000000000000000, 1.000000000000000000, 0.000000000000000000 ) ) ;
#2128 = CARTESIAN_POINT ( 'NONE',  ( 8.297763869365640588, 6.730456468940514192, -3.721687543821560418 ) ) ;
#2129 = AXIS2_PLACEMENT_3D ( 'NONE', #1902, #1672, #753 ) ;
#2130 = CARTESIAN_POINT ( 'NONE',  ( 8.355371427348902813, 6.703448853717271838, 7.782409582458438280 ) ) ;
#2131 = CARTESIAN_POINT ( 'NONE',  ( 7.764218633758727783, 6.775983234089771656, 9.183504518332815891 ) ) ;
#2132 = AXIS2_PLACEMENT_3D ( 'NONE', #811, #2208, #2939 ) ;
#2133 = CARTESIAN_POINT ( 'NONE',  ( -6.861219015747588301, 6.778448630035203593, 9.600564968206420247 ) ) ;
#2134 = ORIENTED_EDGE ( 'NONE', *, *, #2345, .T. ) ;
#2135 = ORIENTED_EDGE ( 'NONE', *, *, #1330, .T. ) ;
#2136 = ADVANCED_FACE ( 'NONE', ( #649 ), #594, .T. ) ;
#2137 = PRODUCT_RELATED_PRODUCT_CATEGORY ( 'part', '', ( #1992 ) ) ;
#2138 = DIRECTION ( 'NONE',  ( 0.000000000000000000, 0.000000000000000000, 1.000000000000000000 ) ) ;
#2139 = DIRECTION ( 'NONE',  ( -0.000000000000000000, 0.000000000000000000, 1.000000000000000000 ) ) ;
#2140 = EDGE_CURVE ( 'NONE', #1709, #281, #2274, .T. ) ;
#2141 = CIRCLE ( 'NONE', #353, 0.7500000000000000000 ) ;
#2142 = CARTESIAN_POINT ( 'NONE',  ( -6.122464713727375774, 7.500000000000000888, -4.530932691347641317 ) ) ;
#2143 = CARTESIAN_POINT ( 'NONE',  ( 0.000000000000000000, 4.500000000000000888, 2.890331807780322837 ) ) ;
#2144 = CARTESIAN_POINT ( 'NONE',  ( 8.120038487842025532, 7.499999999999663380, -3.674689132542349412 ) ) ;
#2145 = LINE ( 'NONE', #276, #1738 ) ;
#2146 = CARTESIAN_POINT ( 'NONE',  ( 7.598673947671321649, 7.499999999999809930, 9.056948636664072794 ) ) ;
#2147 = CARTESIAN_POINT ( 'NONE',  ( -5.871311453113568390, 6.740565336838696631, 10.17821477432343791 ) ) ;
#2148 = EDGE_LOOP ( 'NONE', ( #449, #2975, #316, #2248 ) ) ;
#2149 = ORIENTED_EDGE ( 'NONE', *, *, #1284, .T. ) ;
#2150 = AXIS2_PLACEMENT_3D ( 'NONE', #553, #1881, #1475 ) ;
#2151 = ORIENTED_EDGE ( 'NONE', *, *, #85, .T. ) ;
#2152 = CIRCLE ( 'NONE', #844, 0.7500000000000000000 ) ;
#2153 = AXIS2_PLACEMENT_3D ( 'NONE', #1341, #162, #2026 ) ;
#2154 = ORIENTED_EDGE ( 'NONE', *, *, #2309, .T. ) ;
#2155 = CARTESIAN_POINT ( 'NONE',  ( -2.474120136805853121E-16, 0.000000000000000000, 1.540331807780323414 ) ) ;
#2156 = CARTESIAN_POINT ( 'NONE',  ( -7.043935926773459144, 0.000000000000000000, 9.515331807780324169 ) ) ;
#2157 = CARTESIAN_POINT ( 'NONE',  ( -4.203592137729099846E-17, 0.000000000000000000, 0.1903318077803228259 ) ) ;
#2158 = VECTOR ( 'NONE', #350, 999.9999999999998863 ) ;
#2159 = CARTESIAN_POINT ( 'NONE',  ( -7.043935926773457368, 4.342020143325668435, -3.504302103464861595 ) ) ;
#2160 = EDGE_CURVE ( 'NONE', #565, #440, #2889, .T. ) ;
#2161 = CARTESIAN_POINT ( 'NONE',  ( -3.273877217232734171, 4.250000000000000000, 6.515331807780323281 ) ) ;
#2162 = CARTESIAN_POINT ( 'NONE',  ( -8.248780121272133670, 4.509552663503134440, 7.765752743242374301 ) ) ;
#2163 = CARTESIAN_POINT ( 'NONE',  ( 7.394512078252514442, 7.500000000000000000, -3.224772842625468261 ) ) ;
#2164 = ORIENTED_EDGE ( 'NONE', *, *, #921, .F. ) ;
#2165 = EDGE_CURVE ( 'NONE', #496, #1802, #1765, .T. ) ;
#2166 = CARTESIAN_POINT ( 'NONE',  ( -7.256425138806513964, 6.775844699965835716, 9.177688611863906942 ) ) ;
#2167 = ORIENTED_EDGE ( 'NONE', *, *, #546, .T. ) ;
#2168 = VERTEX_POINT ( 'NONE', #632 ) ;
#2169 = ORIENTED_EDGE ( 'NONE', *, *, #124, .F. ) ;
#2170 = CARTESIAN_POINT ( 'NONE',  ( -6.860479359228138563, 6.778449283733509745, 9.601311601263326168 ) ) ;
#2171 = CARTESIAN_POINT ( 'NONE',  ( 3.036005363685820857, 0.000000000000000000, 6.515331807780323281 ) ) ;
#2172 = FACE_OUTER_BOUND ( 'NONE', #2383, .T. ) ;
#2173 = CARTESIAN_POINT ( 'NONE',  ( 7.142683343127754547, 7.500000000000004441, -3.949900220720474309 ) ) ;
#2174 = FACE_OUTER_BOUND ( 'NONE', #760, .T. ) ;
#2175 =( BOUNDED_CURVE ( )  B_SPLINE_CURVE ( 3, ( #2212, #840, #1547, #2680 ),
 .UNSPECIFIED., .F., .F. ) 
 B_SPLINE_CURVE_WITH_KNOTS ( ( 4, 4 ),
 ( 0.000000000000000000, 1.570796326794896558 ),
 .UNSPECIFIED. ) 
 CURVE ( )  GEOMETRIC_REPRESENTATION_ITEM ( )  RATIONAL_B_SPLINE_CURVE ( ( 1.000000000000000000, 0.8047378541243649375, 0.8047378541243649375, 1.000000000000000000 ) ) 
 REPRESENTATION_ITEM ( '' )  );
#2176 = CARTESIAN_POINT ( 'NONE',  ( -1.773877217232734171, 4.000000000000000000, -2.564609482678953611 ) ) ;
#2177 = CARTESIAN_POINT ( 'NONE',  ( 7.394512086735780088, 7.500000000000000000, -2.966602131212033200 ) ) ;
#2178 = ADVANCED_FACE ( 'NONE', ( #2467 ), #1663, .F. ) ;
#2179 = CARTESIAN_POINT ( 'NONE',  ( 0.9310640732265448305, 0.000000000000000000, 1.495498801356181381E-16 ) ) ;
#2180 = CARTESIAN_POINT ( 'NONE',  ( -9.043935926773457368, 0.000000000000000000, 11.51533180778032417 ) ) ;
#2181 = ADVANCED_FACE ( 'NONE', ( #2713 ), #134, .T. ) ;
#2182 = ORIENTED_EDGE ( 'NONE', *, *, #2609, .T. ) ;
#2183 = VERTEX_POINT ( 'NONE', #1383 ) ;
#2184 = ORIENTED_EDGE ( 'NONE', *, *, #1060, .F. ) ;
#2185 = CARTESIAN_POINT ( 'NONE',  ( 8.913592830274538414, 5.353248226647174199E-16, -7.084668192219679916 ) ) ;
#2186 = CARTESIAN_POINT ( 'NONE',  ( 8.398260581206473674, 2.377388165875783166, 11.09613413051940967 ) ) ;
#2187 = CARTESIAN_POINT ( 'NONE',  ( 5.036005363685820413, 0.000000000000000000, 5.765331807780324169 ) ) ;
#2188 = EDGE_CURVE ( 'NONE', #738, #888, #2544, .T. ) ;
#2189 = CARTESIAN_POINT ( 'NONE',  ( -7.604662800861847316, 7.500000000000111910, -3.683378470757060263 ) ) ;
#2190 = CARTESIAN_POINT ( 'NONE',  ( 7.345112580882228848, 7.500000000000002665, 7.913743511511516004 ) ) ;
#2191 = DIRECTION ( 'NONE',  ( 0.000000000000000000, -1.000000000000000000, 0.000000000000000000 ) ) ;
#2192 = DIRECTION ( 'NONE',  ( 0.000000000000000000, -1.000000000000000000, 0.000000000000000000 ) ) ;
#2193 = AXIS2_PLACEMENT_3D ( 'NONE', #1179, #2805, #2573 ) ;
#2194 = DIRECTION ( 'NONE',  ( 0.000000000000000000, 0.000000000000000000, -1.000000000000000000 ) ) ;
#2195 = EDGE_CURVE ( 'NONE', #2653, #1569, #1607, .T. ) ;
#2196 = CARTESIAN_POINT ( 'NONE',  ( -8.303564478193781184, 0.000000000000000000, -7.084668192219678140 ) ) ;
#2197 = ORIENTED_EDGE ( 'NONE', *, *, #1410, .F. ) ;
#2198 = ORIENTED_EDGE ( 'NONE', *, *, #2439, .F. ) ;
#2199 = ORIENTED_EDGE ( 'NONE', *, *, #2701, .F. ) ;
#2200 = AXIS2_PLACEMENT_3D ( 'NONE', #1974, #2922, #627 ) ;
#2201 = ORIENTED_EDGE ( 'NONE', *, *, #1804, .T. ) ;
#2202 = MANIFOLD_SOLID_BREP ( 'Fillet5', #404 ) ;
#2203 = APPLICATION_CONTEXT ( 'automotive_design' ) ;
#2204 = CIRCLE ( 'NONE', #2299, 0.7499999999999997780 ) ;
#2205 = CARTESIAN_POINT ( 'NONE',  ( 9.556064073226545830, -4.065758146820641628E-17, -6.540127880784036840 ) ) ;
#2206 = VECTOR ( 'NONE', #2842, 1000.000000000000000 ) ;
#2207 = DIRECTION ( 'NONE',  ( -1.000000000000000000, 0.000000000000000000, -1.156482317317871478E-16 ) ) ;
#2208 = DIRECTION ( 'NONE',  ( 0.000000000000000000, 1.000000000000000000, 0.000000000000000000 ) ) ;
#2209 = CARTESIAN_POINT ( 'NONE',  ( -7.252090487305610900, 6.775983234089816065, -4.752840902772204501 ) ) ;
#2210 = CARTESIAN_POINT ( 'NONE',  ( -9.065555701283708245, -0.1226118341242141280, 10.79834576753141739 ) ) ;
#2211 = CARTESIAN_POINT ( 'NONE',  ( 5.113990904189020803, 8.436881888544020214, -5.597018282218776619 ) ) ;
#2212 = CARTESIAN_POINT ( 'NONE',  ( -1.768935926773455680, 4.500000000000000888, 1.540331807780323192 ) ) ;
#2213 = DIRECTION ( 'NONE',  ( -3.058785528830846279E-16, 1.734723475976806700E-15, 1.000000000000000000 ) ) ;
#2214 = AXIS2_PLACEMENT_3D ( 'NONE', #1985, #153, #2706 ) ;
#2215 = CARTESIAN_POINT ( 'NONE',  ( 0.2560640732265453412, 7.376235673783146929, 7.589422425693269858 ) ) ;
#2216 = ORIENTED_EDGE ( 'NONE', *, *, #2079, .T. ) ;
#2217 = PRODUCT_DEFINITION_SHAPE ( 'NONE', 'NONE',  #1138 ) ;
#2218 = EDGE_CURVE ( 'NONE', #436, #723, #1089, .T. ) ;
#2219 = CARTESIAN_POINT ( 'NONE',  ( 9.477525000930452137, -6.722262082387513679E-15, -6.732984441767076333 ) ) ;
#2220 = CARTESIAN_POINT ( 'NONE',  ( -6.882383940282686297, 7.500000000000000000, 7.397265746772725414 ) ) ;
#2221 = DIRECTION ( 'NONE',  ( 0.000000000000000000, 0.000000000000000000, -1.000000000000000000 ) ) ;
#2222 = CARTESIAN_POINT ( 'NONE',  ( -1.768935926773455680, 4.500000000000000888, 1.540331807780323192 ) ) ;
#2223 = EDGE_CURVE ( 'NONE', #2266, #1864, #786, .T. ) ;
#2224 = CARTESIAN_POINT ( 'NONE',  ( 5.437998012218900890, 7.500000000000000000, -4.923116205728907957 ) ) ;
#2225 = DIRECTION ( 'NONE',  ( -0.000000000000000000, 1.000000000000000000, -0.000000000000000000 ) ) ;
#2226 = CARTESIAN_POINT ( 'NONE',  ( 6.310265248451027986, 7.499999999999997335, -4.729493019562469591 ) ) ;
#2227 = CYLINDRICAL_SURFACE ( 'NONE', #209, 1.000000000000000000 ) ;
#2228 = CARTESIAN_POINT ( 'NONE',  ( 5.437998012218900890, 6.500000000000000000, -4.923116205728908845 ) ) ;
#2229 = CARTESIAN_POINT ( 'NONE',  ( -2.474120136805853121E-16, 0.000000000000000000, 1.540331807780323414 ) ) ;
#2230 = EDGE_LOOP ( 'NONE', ( #2502, #2028, #2198, #1675 ) ) ;
#2231 = AXIS2_PLACEMENT_3D ( 'NONE', #291, #2545, #721 ) ;
#2232 = VERTEX_POINT ( 'NONE', #1624 ) ;
#2233 = ORIENTED_EDGE ( 'NONE', *, *, #994, .F. ) ;
#2234 = B_SPLINE_CURVE_WITH_KNOTS ( 'NONE', 3,
 ( #2220, #1061, #2735, #1315, #1092, #2427, #1271, #1780, #1545, #400, #1319, #1797, #2724, #644 ),
 .UNSPECIFIED., .F., .F.,
 ( 4, 2, 2, 2, 2, 2, 4 ),
 ( 8.673617379884035472E-19, 0.0007638608662527110503, 0.001145791299379068581, 0.001527721732505426004, 0.001909652165631783643, 0.002291582598758141066, 0.003055443465010858079 ),
 .UNSPECIFIED. ) ;
#2235 = VECTOR ( 'NONE', #2448, 1000.000000000000000 ) ;
#2236 = CARTESIAN_POINT ( 'NONE',  ( -6.127581400412096535, 7.499999999999972466, 8.957755378887272357 ) ) ;
#2237 = LINE ( 'NONE', #336, #2745 ) ;
#2238 = CARTESIAN_POINT ( 'NONE',  ( 6.425829626890309676, 7.499999999999977796, -4.668757409756919330 ) ) ;
#2239 = LINE ( 'NONE', #155, #1839 ) ;
#2240 = EDGE_CURVE ( 'NONE', #1449, #709, #916, .T. ) ;
#2241 = CARTESIAN_POINT ( 'NONE',  ( 9.011523761790895648, -8.809142651444729443E-16, 11.51533180778032595 ) ) ;
#2242 = CARTESIAN_POINT ( 'NONE',  ( -1.268935926773456124, 5.000000000000000000, 2.390331807780322837 ) ) ;
#2243 = EDGE_LOOP ( 'NONE', ( #27, #2486, #224, #2399 ) ) ;
#2244 = DIRECTION ( 'NONE',  ( 2.017120320903264442E-16, 0.000000000000000000, 1.000000000000000000 ) ) ;
#2245 = CARTESIAN_POINT ( 'NONE',  ( 0.2560640732265444530, 7.030000000000000249, 4.168551485589150118 ) ) ;
#2246 = CIRCLE ( 'NONE', #2880, 1.000000000000000888 ) ;
#2247 = ORIENTED_EDGE ( 'NONE', *, *, #284, .F. ) ;
#2248 = ORIENTED_EDGE ( 'NONE', *, *, #912, .F. ) ;
#2249 = ORIENTED_EDGE ( 'NONE', *, *, #2771, .F. ) ;
#2250 = CARTESIAN_POINT ( 'NONE',  ( -6.882383940282686297, 7.500000000000000000, 7.397265746772725414 ) ) ;
#2251 = DIRECTION ( 'NONE',  ( 1.000000000000000000, 0.000000000000000000, 0.000000000000000000 ) ) ;
#2252 = LINE ( 'NONE', #2721, #2982 ) ;
#2253 = CIRCLE ( 'NONE', #72, 0.7500000000000000000 ) ;
#2254 = CIRCLE ( 'NONE', #1768, 3.000000000000000444 ) ;
#2255 = FACE_OUTER_BOUND ( 'NONE', #1470, .T. ) ;
#2256 = FACE_OUTER_BOUND ( 'NONE', #528, .T. ) ;
#2257 = VECTOR ( 'NONE', #453, 1000.000000000000000 ) ;
#2258 = CARTESIAN_POINT ( 'NONE',  ( 0.7239572920399969247, 5.000000000000000888, 2.683225026593775375 ) ) ;
#2259 = EDGE_CURVE ( 'NONE', #300, #674, #5, .T. ) ;
#2260 = EDGE_LOOP ( 'NONE', ( #1829, #582, #2305, #452 ) ) ;
#2261 = CARTESIAN_POINT ( 'NONE',  ( -6.122464714249413298, 7.500000000000002665, -4.530932692204071799 ) ) ;
#2262 = DIRECTION ( 'NONE',  ( 1.000000000000000000, 0.000000000000000000, -0.000000000000000000 ) ) ;
#2263 = ORIENTED_EDGE ( 'NONE', *, *, #766, .T. ) ;
#2264 = EDGE_LOOP ( 'NONE', ( #676, #1694, #425, #769 ) ) ;
#2265 = ORIENTED_EDGE ( 'NONE', *, *, #662, .F. ) ;
#2266 = VERTEX_POINT ( 'NONE', #2054 ) ;
#2267 = LINE ( 'NONE', #183, #2257 ) ;
#2268 = CARTESIAN_POINT ( 'NONE',  ( 2.281064073226544142, 0.000000000000000000, 0.000000000000000000 ) ) ;
#2269 = DIRECTION ( 'NONE',  ( -0.000000000000000000, -1.000000000000000000, -0.000000000000000000 ) ) ;
#2270 = FACE_OUTER_BOUND ( 'NONE', #2264, .T. ) ;
#2271 = CARTESIAN_POINT ( 'NONE',  ( -7.043935926773459144, 4.342020143325669324, 7.934965719025505848 ) ) ;
#2272 = EDGE_LOOP ( 'NONE', ( #2135, #1966, #2652, #2533 ) ) ;
#2273 = LINE ( 'NONE', #1324, #882 ) ;
#2274 = LINE ( 'NONE', #177, #1369 ) ;
#2275 = EDGE_CURVE ( 'NONE', #1013, #164, #1113, .T. ) ;
#2276 = ORIENTED_EDGE ( 'NONE', *, *, #635, .F. ) ;
#2277 = VERTEX_POINT ( 'NONE', #2303 ) ;
#2278 = EDGE_CURVE ( 'NONE', #81, #1500, #219, .T. ) ;
#2279 = ORIENTED_EDGE ( 'NONE', *, *, #595, .T. ) ;
#2280 = CARTESIAN_POINT ( 'NONE',  ( -7.864494042719823774, 6.688947314332155614, -3.159038076824501662 ) ) ;
#2281 = CIRCLE ( 'NONE', #2812, 3.000000000000000444 ) ;
#2282 = VECTOR ( 'NONE', #865, 1000.000000000000000 ) ;
#2283 = DIRECTION ( 'NONE',  ( -0.000000000000000000, 0.000000000000000000, 1.000000000000000000 ) ) ;
#2284 = CARTESIAN_POINT ( 'NONE',  ( -0.4189359267734552028, 0.000000000000000000, -7.850564675506312877E-17 ) ) ;
#2285 = LINE ( 'NONE', #2050, #1032 ) ;
#2286 = FACE_OUTER_BOUND ( 'NONE', #2148, .T. ) ;
#2287 = CARTESIAN_POINT ( 'NONE',  ( 0.000000000000000000, 0.000000000000000000, -1.334668192219678362 ) ) ;
#2288 = ORIENTED_EDGE ( 'NONE', *, *, #1337, .T. ) ;
#2289 = EDGE_LOOP ( 'NONE', ( #1298, #229, #2233, #2101, #2263 ) ) ;
#2290 = EDGE_LOOP ( 'NONE', ( #2249, #222, #2538, #1180 ) ) ;
#2291 = ORIENTED_EDGE ( 'NONE', *, *, #2441, .F. ) ;
#2292 = ADVANCED_FACE ( 'NONE', ( #1854 ), #928, .T. ) ;
#2293 = VECTOR ( 'NONE', #86, 1000.000000000000000 ) ;
#2294 = CARTESIAN_POINT ( 'NONE',  ( -6.388852944542947832, 6.766100126547493154, -5.509825125122167933 ) ) ;
#2295 = ADVANCED_FACE ( 'NONE', ( #2989 ), #1817, .T. ) ;
#2296 = LINE ( 'NONE', #626, #936 ) ;
#2297 = CARTESIAN_POINT ( 'NONE',  ( -7.867191693294894428, 6.673648177666930970, 7.397265746772677453 ) ) ;
#2298 = CARTESIAN_POINT ( 'NONE',  ( 9.117707801613430973, -1.702799775392676684, -7.384917735365721825 ) ) ;
#2299 = AXIS2_PLACEMENT_3D ( 'NONE', #541, #2343, #2363 ) ;
#2300 = AXIS2_PLACEMENT_3D ( 'NONE', #825, #114, #1318 ) ;
#2301 = CARTESIAN_POINT ( 'NONE',  ( 7.230462122254480484, 7.499999999999941380, 9.447139750634121924 ) ) ;
#2302 = AXIS2_PLACEMENT_3D ( 'NONE', #2421, #58, #343 ) ;
#2303 = CARTESIAN_POINT ( 'NONE',  ( -2.523877217232733727, 4.250000000000000000, -2.564609482678953611 ) ) ;
#2304 = AXIS2_PLACEMENT_3D ( 'NONE', #2521, #2312, #2494 ) ;
#2305 = ORIENTED_EDGE ( 'NONE', *, *, #1211, .F. ) ;
#2306 = ORIENTED_EDGE ( 'NONE', *, *, #1509, .T. ) ;
#2307 = ORIENTED_EDGE ( 'NONE', *, *, #1525, .F. ) ;
#2308 = LINE ( 'NONE', #2268, #2056 ) ;
#2309 = EDGE_CURVE ( 'NONE', #1689, #47, #1417, .T. ) ;
#2310 = EDGE_CURVE ( 'NONE', #1830, #1196, #2204, .T. ) ;
#2311 = EDGE_LOOP ( 'NONE', ( #150, #1312, #2199, #1146 ) ) ;
#2312 = DIRECTION ( 'NONE',  ( 1.000000000000000000, 0.000000000000000000, 1.606225440719265381E-16 ) ) ;
#2313 = CARTESIAN_POINT ( 'NONE',  ( 0.4310640732265447195, 5.000000000000000000, 0.6903318077803229924 ) ) ;
#2314 = CARTESIAN_POINT ( 'NONE',  ( 0.2560640732265440644, 0.000000000000000000, 2.215331807780322571 ) ) ;
#2315 = CARTESIAN_POINT ( 'NONE',  ( -8.401464683821465940, -5.624298769768553265E-16, 11.51533180778032595 ) ) ;
#2316 = CARTESIAN_POINT ( 'NONE',  ( -2.523877217232734171, 0.000000000000000000, 8.717198478423389574 ) ) ;
#2317 = ORIENTED_EDGE ( 'NONE', *, *, #1649, .T. ) ;
#2318 = ORIENTED_EDGE ( 'NONE', *, *, #2140, .T. ) ;
#2319 = FACE_OUTER_BOUND ( 'NONE', #2087, .T. ) ;
#2320 = VERTEX_POINT ( 'NONE', #733 ) ;
#2321 = FACE_OUTER_BOUND ( 'NONE', #1600, .T. ) ;
#2322 = ORIENTED_EDGE ( 'NONE', *, *, #994, .T. ) ;
#2323 = EDGE_CURVE ( 'NONE', #740, #29, #308, .T. ) ;
#2324 = DIRECTION ( 'NONE',  ( 1.000000000000000000, 0.000000000000000000, -9.326470300950577354E-17 ) ) ;
#2325 = CARTESIAN_POINT ( 'NONE',  ( 3.036005363685820857, 4.085505035831417331, 7.230196253436074194 ) ) ;
#2326 = CIRCLE ( 'NONE', #1160, 0.7500000000000000000 ) ;
#2327 = CARTESIAN_POINT ( 'NONE',  ( -5.909167955796295502, 7.500000000000000888, -4.671287462977308458 ) ) ;
#2328 = EDGE_CURVE ( 'NONE', #29, #3006, #1239, .T. ) ;
#2329 = CARTESIAN_POINT ( 'NONE',  ( -0.4189359267734552028, 0.000000000000000000, -7.850564675506312877E-17 ) ) ;
#2330 = CARTESIAN_POINT ( 'NONE',  ( 6.198195643383522579, 6.730781156734998660, 10.25555867381082287 ) ) ;
#2331 = CARTESIAN_POINT ( 'NONE',  ( -1.773877217232734393, -0.2565151074942520482, 8.810562342190893403 ) ) ;
#2332 = EDGE_LOOP ( 'NONE', ( #2134, #2385, #1486, #1618 ) ) ;
#2333 = DIRECTION ( 'NONE',  ( 1.000000000000000000, 0.000000000000000000, 0.000000000000000000 ) ) ;
#2334 = ORIENTED_EDGE ( 'NONE', *, *, #2701, .T. ) ;
#2335 = LINE ( 'NONE', #2106, #1518 ) ;
#2336 = AXIS2_PLACEMENT_3D ( 'NONE', #1559, #2508, #1335 ) ;
#2337 = VERTEX_POINT ( 'NONE', #2616 ) ;
#2338 = CARTESIAN_POINT ( 'NONE',  ( 3.036005363685821301, 4.250000000000000000, -2.084668192219678140 ) ) ;
#2339 = CIRCLE ( 'NONE', #647, 0.7500000000000000000 ) ;
#2340 = CARTESIAN_POINT ( 'NONE',  ( 8.379319839747992660, 6.673648177666898107, -2.966602131212042082 ) ) ;
#2341 = CARTESIAN_POINT ( 'NONE',  ( 2.286005363685819969, 4.342020143325669324, 7.934965719025505848 ) ) ;
#2342 = CARTESIAN_POINT ( 'NONE',  ( -8.326949886524552369, -0.1226118341242141280, 11.53695158229057327 ) ) ;
#2343 = DIRECTION ( 'NONE',  ( -0.000000000000000000, 1.000000000000000000, -0.000000000000000000 ) ) ;
#2344 = ADVANCED_FACE ( 'NONE', ( #1698 ), #2816, .F. ) ;
#2345 = EDGE_CURVE ( 'NONE', #281, #3006, #959, .T. ) ;
#2346 = VECTOR ( 'NONE', #1435, 1000.000000000000000 ) ;
#2347 = CARTESIAN_POINT ( 'NONE',  ( 0.000000000000000000, 5.000000000000000000, 2.390331807780322837 ) ) ;
#2348 = CARTESIAN_POINT ( 'NONE',  ( 0.4310640732265448305, 5.000000000000000000, 6.923860809965485672E-17 ) ) ;
#2349 = AXIS2_PLACEMENT_3D ( 'NONE', #628, #2450, #854 ) ;
#2350 = VECTOR ( 'NONE', #2372, 1000.000000000000000 ) ;
#2351 = CARTESIAN_POINT ( 'NONE',  ( -7.558122997425367195, 6.759059253881931184, -4.264558618342698004 ) ) ;
#2352 = ORIENTED_EDGE ( 'NONE', *, *, #1751, .F. ) ;
#2353 = DIRECTION ( 'NONE',  ( -1.606225440719265874E-16, 0.000000000000000000, 1.000000000000000000 ) ) ;
#2354 = ORIENTED_EDGE ( 'NONE', *, *, #1509, .F. ) ;
#2355 = DIRECTION ( 'NONE',  ( -2.017120320903264442E-16, 0.000000000000000000, -1.000000000000000000 ) ) ;
#2356 = EDGE_LOOP ( 'NONE', ( #1058, #2057, #2731, #1397 ) ) ;
#2357 =( GEOMETRIC_REPRESENTATION_CONTEXT ( 3 ) GLOBAL_UNCERTAINTY_ASSIGNED_CONTEXT ( ( #1707 ) ) GLOBAL_UNIT_ASSIGNED_CONTEXT ( ( #2536, #184, #1834 ) ) REPRESENTATION_CONTEXT ( 'NONE', 'WORKASPACE' ) );
#2358 = DIRECTION ( 'NONE',  ( 9.326470300950576121E-17, -0.000000000000000000, 1.000000000000000000 ) ) ;
#2359 = FACE_OUTER_BOUND ( 'NONE', #391, .T. ) ;
#2360 = EDGE_CURVE ( 'NONE', #564, #1145, #333, .T. ) ;
#2361 = LINE ( 'NONE', #502, #2882 ) ;
#2362 = CARTESIAN_POINT ( 'NONE',  ( -7.721483571459967443, 7.500000000000004441, 10.19287945246683336 ) ) ;
#2363 = DIRECTION ( 'NONE',  ( 0.000000000000000000, 0.000000000000000000, -1.000000000000000000 ) ) ;
#2364 = DIRECTION ( 'NONE',  ( -0.000000000000000000, 1.000000000000000000, -0.000000000000000000 ) ) ;
#2365 = CARTESIAN_POINT ( 'NONE',  ( 9.856313616372586850, -1.702799775392678017, 11.07697553616721464 ) ) ;
#2366 = CARTESIAN_POINT ( 'NONE',  ( -1.773877217232734171, 5.000000000000000000, -2.564609482678953611 ) ) ;
#2367 = ORIENTED_EDGE ( 'NONE', *, *, #1012, .F. ) ;
#2368 = DIRECTION ( 'NONE',  ( 1.000000000000000000, 0.000000000000000000, -0.000000000000000000 ) ) ;
#2369 = EDGE_LOOP ( 'NONE', ( #107, #2107, #2554, #817 ) ) ;
#2370 = EDGE_CURVE ( 'NONE', #981, #190, #1471, .T. ) ;
#2371 = ORIENTED_EDGE ( 'NONE', *, *, #2764, .F. ) ;
#2372 = DIRECTION ( 'NONE',  ( -1.865294060190115224E-16, 0.000000000000000000, -1.000000000000000000 ) ) ;
#2373 = CARTESIAN_POINT ( 'NONE',  ( -9.136812516318725486, -0.5267293137561513960, -7.177544781764941817 ) ) ;
#2374 = DIRECTION ( 'NONE',  ( 0.000000000000000000, 0.000000000000000000, -1.000000000000000000 ) ) ;
#2375 = CARTESIAN_POINT ( 'NONE',  ( -5.633956867095543330, 7.500000000000000888, -5.648642606834941127 ) ) ;
#2376 = CARTESIAN_POINT ( 'NONE',  ( -9.322565695409251063, -1.580187941268460738, 11.79396157641611964 ) ) ;
#2377 = CARTESIAN_POINT ( 'NONE',  ( 8.233611717913058570, 7.500000000000000000, -2.966602131212033200 ) ) ;
#2378 = LINE ( 'NONE', #2604, #2078 ) ;
#2379 = CARTESIAN_POINT ( 'NONE',  ( 7.979380710023383116, 6.766242830423984778, 8.863631457075010545 ) ) ;
#2380 = CARTESIAN_POINT ( 'NONE',  ( 0.2560640732265436204, 7.030000000000000249, 0.2621121299714955777 ) ) ;
#2381 = ORIENTED_EDGE ( 'NONE', *, *, #90, .T. ) ;
#2382 = EDGE_LOOP ( 'NONE', ( #655, #1498, #705, #1773 ) ) ;
#2383 = EDGE_LOOP ( 'NONE', ( #2903, #2414, #1088, #2840 ) ) ;
#2384 = PRODUCT_CONTEXT ( 'NONE', #536, 'mechanical' ) ;
#2385 = ORIENTED_EDGE ( 'NONE', *, *, #712, .T. ) ;
#2386 = DIRECTION ( 'NONE',  ( 0.000000000000000000, 0.000000000000000000, -1.000000000000000000 ) ) ;
#2387 = CARTESIAN_POINT ( 'NONE',  ( -7.867191693294897981, 6.673648177666930970, -2.807792577869564710 ) ) ;
#2388 = AXIS2_PLACEMENT_3D ( 'NONE', #492, #2368, #2086 ) ;
#2389 = CARTESIAN_POINT ( 'NONE',  ( -4.767060312423343049, 6.673648177666930970, 10.33858757430176212 ) ) ;
#2390 = DIRECTION ( 'NONE',  ( 0.9848077530122080203, 0.1736481776669307198, -1.836956052122845498E-16 ) ) ;
#2391 = CARTESIAN_POINT ( 'NONE',  ( -9.136812516318721933, -0.5267293137561513960, 11.60820839732558696 ) ) ;
#2392 = VERTEX_POINT ( 'NONE', #505 ) ;
#2393 = DIRECTION ( 'NONE',  ( 0.000000000000000000, -1.000000000000000000, -8.673617379884035472E-16 ) ) ;
#2394 = CARTESIAN_POINT ( 'NONE',  ( 8.373949860925561595, 6.704102840934234031, 7.780337646496559678 ) ) ;
#2395 = CARTESIAN_POINT ( 'NONE',  ( 0.000000000000000000, 20.28368184495133519, -1.334668192219678362 ) ) ;
#2396 = VERTEX_POINT ( 'NONE', #1246 ) ;
#2397 = ORIENTED_EDGE ( 'NONE', *, *, #434, .T. ) ;
#2398 = AXIS2_PLACEMENT_3D ( 'NONE', #401, #2924, #1766 ) ;
#2399 = ORIENTED_EDGE ( 'NONE', *, *, #90, .F. ) ;
#2400 = CIRCLE ( 'NONE', #118, 1.000000000000000000 ) ;
#2401 =( GEOMETRIC_REPRESENTATION_CONTEXT ( 3 ) GLOBAL_UNCERTAINTY_ASSIGNED_CONTEXT ( ( #1981 ) ) GLOBAL_UNIT_ASSIGNED_CONTEXT ( ( #2973, #1872, #2755 ) ) REPRESENTATION_CONTEXT ( 'NONE', 'WORKASPACE' ) );
#2402 = CARTESIAN_POINT ( 'NONE',  ( -7.257906394771703518, 6.775810048747825221, 9.175839457468846661 ) ) ;
#2403 = ADVANCED_FACE ( 'NONE', ( #1480 ), #555, .T. ) ;
#2404 = CARTESIAN_POINT ( 'NONE',  ( 5.036005363685820413, 20.28368184495133519, 0.000000000000000000 ) ) ;
#2405 = DIRECTION ( 'NONE',  ( -1.000000000000000000, 0.000000000000000000, -1.606225440719265874E-16 ) ) ;
#2406 = VECTOR ( 'NONE', #698, 1000.000000000000000 ) ;
#2407 = CARTESIAN_POINT ( 'NONE',  ( -2.523877217232734171, 0.000000000000000000, 8.717198478423389574 ) ) ;
#2408 = CARTESIAN_POINT ( 'NONE',  ( 3.786005363685820857, 20.28368184495133519, -2.084668192219678140 ) ) ;
#2409 = ADVANCED_FACE ( 'NONE', ( #603 ), #1508, .T. ) ;
#2410 =( BOUNDED_SURFACE ( )  B_SPLINE_SURFACE ( 3, 2, ( 
 ( #2446, #2000, #819 ),
 ( #364, #1516, #109 ),
 ( #1472, #1488, #568 ),
 ( #1504, #2918, #2689 ),
 ( #1059, #1776, #2415 ),
 ( #2402, #1727, #1526 ),
 ( #551, #583, #610 ),
 ( #2170, #2459, #2937 ),
 ( #376, #789, #2236 ),
 ( #1019, #2877, #1270 ),
 ( #1741, #2641, #1984 ),
 ( #851, #2673, #1299 ),
 ( #95, #322, #2657 ),
 ( #152, #1240, #2426 ) ),
 .UNSPECIFIED., .F., .F., .F. ) 
 B_SPLINE_SURFACE_WITH_KNOTS ( ( 4, 2, 2, 2, 2, 2, 4 ),
 ( 3, 3 ),
 ( 1.517883041479706208E-18, 0.0007638608662527177724, 0.001145791299379075954, 0.001527721732505434027, 0.001909652165631792100, 0.002291582598758150173, 0.003055443465010866753 ),
 ( 0.000000000000000000, 1.000000000000000000 ),
 .UNSPECIFIED. ) 
 GEOMETRIC_REPRESENTATION_ITEM ( )  RATIONAL_B_SPLINE_SURFACE ( (
 ( 1.000000000000000000, 0.7660444431189801229, 1.000000000000000000),
 ( 1.000000000000000000, 0.7759492566159729154, 1.000000000000000000),
 ( 1.000000000000000000, 0.7843875305291231337, 1.000000000000000000),
 ( 1.000000000000000000, 0.7933329315642009272, 1.000000000000000000),
 ( 1.000000000000000000, 0.7956062205385563413, 1.000000000000000000),
 ( 1.000000000000000000, 0.7986910562182272244, 1.000000000000000000),
 ( 1.000000000000000000, 0.7994994804569541813, 1.000000000000000000),
 ( 1.000000000000000000, 0.7995152545924197884, 1.000000000000000000),
 ( 1.000000000000000000, 0.7987452346173755657, 1.000000000000000000),
 ( 1.000000000000000000, 0.7956907360361349379, 1.000000000000000000),
 ( 1.000000000000000000, 0.7933769205348185638, 1.000000000000000000),
 ( 1.000000000000000000, 0.7845646354216372353, 1.000000000000000000),
 ( 1.000000000000000000, 0.7760110392366392773, 1.000000000000000000),
 ( 1.000000000000000000, 0.7660444431189773473, 1.000000000000000000) ) ) 
 REPRESENTATION_ITEM ( '' )  SURFACE ( )  );
#2411 = FACE_OUTER_BOUND ( 'NONE', #1432, .T. ) ;
#2412 = CARTESIAN_POINT ( 'NONE',  ( 0.2560640732265484498, 7.030000000000002025, 2.215331807780324791 ) ) ;
#2413 = ORIENTED_EDGE ( 'NONE', *, *, #375, .T. ) ;
#2414 = ORIENTED_EDGE ( 'NONE', *, *, #2278, .T. ) ;
#2415 = CARTESIAN_POINT ( 'NONE',  ( -6.630555197530902056, 7.499999999999999112, 8.380563836803071709 ) ) ;
#2416 = CARTESIAN_POINT ( 'NONE',  ( 7.394512086735780088, 7.500000000000000000, -2.966602131212032756 ) ) ;
#2417 = FACE_OUTER_BOUND ( 'NONE', #2040, .T. ) ;
#2418 = CARTESIAN_POINT ( 'NONE',  ( 6.025516207797140922, 4.357030381264848984, -6.316406180236195489 ) ) ;
#2419 = CARTESIAN_POINT ( 'NONE',  ( -8.692252176320947044, -9.136595647188659275E-15, -7.006129119923553361 ) ) ;
#2420 = CARTESIAN_POINT ( 'NONE',  ( 0.000000000000000000, 6.500000000000000000, -4.923116205728907957 ) ) ;
#2421 = CARTESIAN_POINT ( 'NONE',  ( 0.000000000000000000, 4.250000000000000000, 5.015331807780324169 ) ) ;
#2422 = EDGE_LOOP ( 'NONE', ( #1565, #1390, #1612, #424 ) ) ;
#2423 = ORIENTED_EDGE ( 'NONE', *, *, #508, .T. ) ;
#2424 = ORIENTED_EDGE ( 'NONE', *, *, #681, .T. ) ;
#2425 = ORIENTED_EDGE ( 'NONE', *, *, #2082, .T. ) ;
#2426 = CARTESIAN_POINT ( 'NONE',  ( -4.925869865765812428, 7.500000000000003553, 9.353779821289553098 ) ) ;
#2427 = CARTESIAN_POINT ( 'NONE',  ( -6.490200426757831487, 7.499999999999993783, 8.593860595256295198 ) ) ;
#2428 = DIRECTION ( 'NONE',  ( -1.606225440719265381E-16, -0.000000000000000000, 1.000000000000000000 ) ) ;
#2429 = DIRECTION ( 'NONE',  ( -1.865294060190114978E-16, -0.000000000000000000, -1.000000000000000000 ) ) ;
#2430 = CARTESIAN_POINT ( 'NONE',  ( -7.290870466744070910, 7.500000000000089706, -4.332222258403432669 ) ) ;
#2431 = CYLINDRICAL_SURFACE ( 'NONE', #1640, 0.7500000000000000000 ) ;
#2432 = CARTESIAN_POINT ( 'NONE',  ( 8.336890241506271337, 2.335209295277926866, -6.672907787860980378 ) ) ;
#2433 = CARTESIAN_POINT ( 'NONE',  ( -9.043935926773459144, 0.000000000000000000, -6.344296743639668001 ) ) ;
#2434 = EDGE_CURVE ( 'NONE', #61, #2103, #1358, .T. ) ;
#2435 = CARTESIAN_POINT ( 'NONE',  ( 3.036005363685821301, 4.250000000000000000, -2.564609482678953611 ) ) ;
#2436 = VECTOR ( 'NONE', #215, 1000.000000000000000 ) ;
#2437 = CARTESIAN_POINT ( 'NONE',  ( -4.925869865765813316, 7.500000000000000000, -4.923116205728911510 ) ) ;
#2438 = CARTESIAN_POINT ( 'NONE',  ( 7.870690903369223612, 7.149453399657691222, 6.022645222851660485 ) ) ;
#2439 = EDGE_CURVE ( 'NONE', #981, #2871, #935, .T. ) ;
#2440 = ORIENTED_EDGE ( 'NONE', *, *, #2323, .T. ) ;
#2441 = EDGE_CURVE ( 'NONE', #532, #1145, #2022, .T. ) ;
#2442 = FACE_OUTER_BOUND ( 'NONE', #2016, .T. ) ;
#2443 = CIRCLE ( 'NONE', #743, 7.093109588361092399 ) ;
#2444 = ORIENTED_EDGE ( 'NONE', *, *, #1152, .F. ) ;
#2445 = AXIS2_PLACEMENT_3D ( 'NONE', #645, #1838, #2767 ) ;
#2446 = CARTESIAN_POINT ( 'NONE',  ( -7.867191693294896204, 6.673648177666935410, 7.397265746772745842 ) ) ;
#2447 = FACE_OUTER_BOUND ( 'NONE', #860, .T. ) ;
#2448 = DIRECTION ( 'NONE',  ( -0.000000000000000000, 1.000000000000000000, -0.000000000000000000 ) ) ;
#2449 = CARTESIAN_POINT ( 'NONE',  ( -0.4189359267734553693, 4.792893218813452982, 1.540331807780323636 ) ) ;
#2450 = DIRECTION ( 'NONE',  ( -1.000000000000000000, 0.000000000000000000, 0.000000000000000000 ) ) ;
#2451 = AXIS2_PLACEMENT_3D ( 'NONE', #427, #1389, #2488 ) ;
#2452 = CARTESIAN_POINT ( 'NONE',  ( 8.379319839747980225, 6.673648177666930081, 7.397265746772673012 ) ) ;
#2453 = DIRECTION ( 'NONE',  ( -8.673617379884027583E-16, 0.000000000000000000, 1.000000000000000000 ) ) ;
#2454 = CARTESIAN_POINT ( 'NONE',  ( 5.630433957831229463, 6.688947314333894667, -5.905226308165734572 ) ) ;
#2455 = FACE_OUTER_BOUND ( 'NONE', #529, .T. ) ;
#2456 = B_SPLINE_CURVE_WITH_KNOTS ( 'NONE', 3,
 ( #1359, #2968, #225, #2297 ),
 .UNSPECIFIED., .F., .F.,
 ( 4, 4 ),
 ( -0.008108464959739431280, -0.0008538981450216965446 ),
 .UNSPECIFIED. ) ;
#2457 = ORIENTED_EDGE ( 'NONE', *, *, #2830, .F. ) ;
#2458 = EDGE_CURVE ( 'NONE', #622, #565, #1520, .T. ) ;
#2459 = CARTESIAN_POINT ( 'NONE',  ( -6.722397506686587754, 7.500000000000330402, 9.443535993325216538 ) ) ;
#2460 = CARTESIAN_POINT ( 'NONE',  ( 0.4310640732265448305, 5.000000000000000000, 6.923860809965485672E-17 ) ) ;
#2461 = CARTESIAN_POINT ( 'NONE',  ( 5.697090165837785491, 7.500000000000000000, -4.923116205729002104 ) ) ;
#2462 = CARTESIAN_POINT ( 'NONE',  ( -2.523877217232734171, 4.250000000000000000, 6.995273098239597864 ) ) ;
#2463 = CARTESIAN_POINT ( 'NONE',  ( 6.421296101727334005, 7.500000000000001776, 9.101951077681523117 ) ) ;
#2464 = EDGE_CURVE ( 'NONE', #1535, #2876, #501, .T. ) ;
#2465 = CARTESIAN_POINT ( 'NONE',  ( -9.043935926773174927, 1.613509673092927093E-12, -6.442196949267320782 ) ) ;
#2466 = FACE_OUTER_BOUND ( 'NONE', #2070, .T. ) ;
#2467 = FACE_OUTER_BOUND ( 'NONE', #2469, .T. ) ;
#2468 = ORIENTED_EDGE ( 'NONE', *, *, #2756, .F. ) ;
#2469 = EDGE_LOOP ( 'NONE', ( #2515, #891, #2711 ) ) ;
#2470 = ORIENTED_EDGE ( 'NONE', *, *, #2764, .T. ) ;
#2471 = CARTESIAN_POINT ( 'NONE',  ( -4.213217045452911869, 5.000000000000000000, 5.454671636000502311 ) ) ;
#2472 = CARTESIAN_POINT ( 'NONE',  ( 0.08106407322654438086, 5.000000000000000000, 2.390331807780322837 ) ) ;
#2473 = LINE ( 'NONE', #2460, #1041 ) ;
#2474 = EDGE_CURVE ( 'NONE', #2392, #1581, #1977, .T. ) ;
#2475 = FACE_OUTER_BOUND ( 'NONE', #596, .T. ) ;
#2476 = CARTESIAN_POINT ( 'NONE',  ( 5.798150654528593684, 7.499999999999555023, -5.736199083640947549 ) ) ;
#2477 = DIRECTION ( 'NONE',  ( 0.000000000000000000, 0.000000000000000000, 1.000000000000000000 ) ) ;
#2478 = ORIENTED_EDGE ( 'NONE', *, *, #241, .F. ) ;
#2479 = CARTESIAN_POINT ( 'NONE',  ( 5.696168723632503372, 7.500000000000002665, 9.353779812807854199 ) ) ;
#2480 = CARTESIAN_POINT ( 'NONE',  ( 0.2560640732265441200, 7.030000000000001137, 2.215331807780324791 ) ) ;
#2481 = ORIENTED_EDGE ( 'NONE', *, *, #1050, .T. ) ;
#2482 = VERTEX_POINT ( 'NONE', #1080 ) ;
#2483 =( BOUNDED_SURFACE ( )  B_SPLINE_SURFACE ( 3, 3, ( 
 ( #117, #755, #2412, #1011 ),
 ( #1673, #1688, #979, #2380 ),
 ( #2650, #2606, #526, #1484 ),
 ( #1922, #1221, #2618, #1028 ) ),
 .UNSPECIFIED., .F., .F., .F. ) 
 B_SPLINE_SURFACE_WITH_KNOTS ( ( 4, 4 ),
 ( 4, 4 ),
 ( 0.000000000000000000, 1.000000000000000000 ),
 ( 0.000000000000000000, 1.000000000000000000 ),
 .UNSPECIFIED. ) 
 GEOMETRIC_REPRESENTATION_ITEM ( )  RATIONAL_B_SPLINE_SURFACE ( (
 ( 1.000000000000000000, 0.3333333333333334259, 0.3333333333333334259, 1.000000000000000000),
 ( 0.9661666523663395845, 0.3220555507887799540, 0.3220555507887799540, 0.9661666523663395845),
 ( 0.9661666523663395845, 0.3220555507887799540, 0.3220555507887799540, 0.9661666523663395845),
 ( 1.000000000000000000, 0.3333333333333334259, 0.3333333333333334259, 1.000000000000000000) ) ) 
 REPRESENTATION_ITEM ( '' )  SURFACE ( )  );
#2484 = AXIS2_PLACEMENT_3D ( 'NONE', #1588, #445, #217 ) ;
#2485 = ORIENTED_EDGE ( 'NONE', *, *, #1865, .T. ) ;
#2486 = ORIENTED_EDGE ( 'NONE', *, *, #2793, .F. ) ;
#2487 = DIRECTION ( 'NONE',  ( 1.873929680839142821E-16, 0.000000000000000000, -1.000000000000000000 ) ) ;
#2488 = DIRECTION ( 'NONE',  ( 0.000000000000000000, 0.9396926207859082059, 0.3420201433256694901 ) ) ;
#2489 = DIRECTION ( 'NONE',  ( -0.000000000000000000, 1.000000000000000000, -0.000000000000000000 ) ) ;
#2490 = VECTOR ( 'NONE', #1719, 1000.000000000000000 ) ;
#2491 = AXIS2_PLACEMENT_3D ( 'NONE', #834, #395, #2221 ) ;
#2492 = ADVANCED_FACE ( 'NONE', ( #2256 ), #1040, .F. ) ;
#2493 = VECTOR ( 'NONE', #497, 1000.000000000000000 ) ;
#2494 = DIRECTION ( 'NONE',  ( 1.606225440719265381E-16, 0.000000000000000000, -1.000000000000000000 ) ) ;
#2495 = CARTESIAN_POINT ( 'NONE',  ( 8.107773391548850128, 8.213664612520442887, -5.636377510541981550 ) ) ;
#2496 = VECTOR ( 'NONE', #1296, 1000.000000000000000 ) ;
#2497 = CARTESIAN_POINT ( 'NONE',  ( 2.286005363685820857, 4.250000000000000000, -2.084668192219678140 ) ) ;
#2498 = EDGE_CURVE ( 'NONE', #1382, #2482, #2941, .T. ) ;
#2499 = CARTESIAN_POINT ( 'NONE',  ( -6.882383940282781332, 7.499999999999998224, -3.225694284830915581 ) ) ;
#2500 = CARTESIAN_POINT ( 'NONE',  ( 6.200940847720587179, 6.729338849314823179, -5.804731674733094593 ) ) ;
#2501 = ORIENTED_EDGE ( 'NONE', *, *, #1896, .T. ) ;
#2502 = ORIENTED_EDGE ( 'NONE', *, *, #102, .T. ) ;
#2503 = VERTEX_POINT ( 'NONE', #2897 ) ;
#2504 = EDGE_CURVE ( 'NONE', #45, #804, #867, .T. ) ;
#2505 = DIRECTION ( 'NONE',  ( 0.000000000000000000, 0.3420201433256691570, -0.9396926207859083169 ) ) ;
#2506 = CYLINDRICAL_SURFACE ( 'NONE', #368, 0.5000000000000000000 ) ;
#2507 = PLANE ( 'NONE',  #1276 ) ;
#2508 = DIRECTION ( 'NONE',  ( -1.000000000000000000, 0.000000000000000000, 0.000000000000000000 ) ) ;
#2509 = CARTESIAN_POINT ( 'NONE',  ( 8.194252489589851862, 7.723217276023574662, -2.768433349546360667 ) ) ;
#2510 = ADVANCED_FACE ( 'NONE', ( #2725 ), #2601, .T. ) ;
#2511 = PLANE ( 'NONE',  #1950 ) ;
#2512 = CYLINDRICAL_SURFACE ( 'NONE', #1947, 0.7499999999999997780 ) ;
#2513 = CARTESIAN_POINT ( 'NONE',  ( -8.965396854477434729, -7.834749117148837304E-15, 11.16364805732761312 ) ) ;
#2514 = EDGE_CURVE ( 'NONE', #1073, #1955, #2523, .T. ) ;
#2515 = ORIENTED_EDGE ( 'NONE', *, *, #1542, .F. ) ;
#2516 = EDGE_CURVE ( 'NONE', #2976, #45, #2253, .T. ) ;
#2517 = ORIENTED_EDGE ( 'NONE', *, *, #1973, .T. ) ;
#2518 = ORIENTED_EDGE ( 'NONE', *, *, #2772, .T. ) ;
#2519 = FACE_OUTER_BOUND ( 'NONE', #2311, .T. ) ;
#2520 = CARTESIAN_POINT ( 'NONE',  ( -0.4189359267734559800, 0.000000000000000000, 4.240331807780323814 ) ) ;
#2521 = CARTESIAN_POINT ( 'NONE',  ( 0.9310640732265448305, 0.000000000000000000, 1.495498801356181381E-16 ) ) ;
#2522 = CARTESIAN_POINT ( 'NONE',  ( -4.523877217232734615, -0.000000000000000000, 9.125204664151458612E-16 ) ) ;
#2523 = LINE ( 'NONE', #2284, #1325 ) ;
#2524 = LINE ( 'NONE', #1799, #2093 ) ;
#2525 = CARTESIAN_POINT ( 'NONE',  ( 5.437998012218968391, 6.673648177666938075, 10.33858757430175856 ) ) ;
#2526 = EDGE_CURVE ( 'NONE', #2503, #2168, #2037, .T. ) ;
#2527 = DIRECTION ( 'NONE',  ( -1.000000000000000000, 0.000000000000000000, -0.000000000000000000 ) ) ;
#2528 = ORIENTED_EDGE ( 'NONE', *, *, #1575, .T. ) ;
#2529 = EDGE_CURVE ( 'NONE', #294, #3006, #1825, .T. ) ;
#2530 = ORIENTED_EDGE ( 'NONE', *, *, #2679, .T. ) ;
#2531 = VERTEX_POINT ( 'NONE', #444 ) ;
#2532 = CARTESIAN_POINT ( 'NONE',  ( -9.043935926773457368, 0.000000000000000000, 11.51533180778032417 ) ) ;
#2533 = ORIENTED_EDGE ( 'NONE', *, *, #2082, .F. ) ;
#2534 = EDGE_CURVE ( 'NONE', #872, #190, #1155, .T. ) ;
#2535 = DIRECTION ( 'NONE',  ( -1.000000000000000000, 0.000000000000000000, 0.000000000000000000 ) ) ;
#2536 =( LENGTH_UNIT ( ) NAMED_UNIT ( * ) SI_UNIT ( .MILLI., .METRE. ) );
#2537 = CARTESIAN_POINT ( 'NONE',  ( -2.523877217232734171, 4.000000000000000000, 6.995273098239597864 ) ) ;
#2538 = ORIENTED_EDGE ( 'NONE', *, *, #1900, .F. ) ;
#2539 = CARTESIAN_POINT ( 'NONE',  ( -2.523877217232733727, 4.250000000000000000, -2.084668192219677252 ) ) ;
#2540 = CARTESIAN_POINT ( 'NONE',  ( 0.7239572920399972578, 5.000000000000000000, 0.3974385889668706207 ) ) ;
#2541 = CARTESIAN_POINT ( 'NONE',  ( 8.233611717913056793, 7.500000000000000000, -5.762215836906189992 ) ) ;
#2542 = VECTOR ( 'NONE', #993, 1000.000000000000000 ) ;
#2543 = COLOUR_RGB ( '',0.7921568627450980005, 0.8196078431372548767, 0.9333333333333333481 ) ;
#2544 = LINE ( 'NONE', #23, #457 ) ;
#2545 = DIRECTION ( 'NONE',  ( 1.000000000000000000, 0.000000000000000000, -0.000000000000000000 ) ) ;
#2546 = B_SPLINE_CURVE_WITH_KNOTS ( 'NONE', 3,
 ( #2437, #841, #133, #2912, #421, #2261, #885, #1082, #688, #1142, #218, #188, #2499, #857 ),
 .UNSPECIFIED., .F., .F.,
 ( 4, 2, 2, 2, 2, 2, 4 ),
 ( 0.000000000000000000, 0.0007638608662527273134, 0.001145791299379090265, 0.001527721732505453326, 0.001909652165631816386, 0.002291582598758179230, 0.003055443465010906651 ),
 .UNSPECIFIED. ) ;
#2547 = ORIENTED_EDGE ( 'NONE', *, *, #696, .T. ) ;
#2548 = ORIENTED_EDGE ( 'NONE', *, *, #2259, .T. ) ;
#2549 = EDGE_CURVE ( 'NONE', #2685, #1365, #1361, .T. ) ;
#2550 = DIRECTION ( 'NONE',  ( 1.873929680839142821E-16, 0.000000000000000000, -1.000000000000000000 ) ) ;
#2551 = ORIENTED_EDGE ( 'NONE', *, *, #2079, .F. ) ;
#2552 = DIRECTION ( 'NONE',  ( 1.000000000000000000, 0.000000000000000000, -0.000000000000000000 ) ) ;
#2553 = ADVANCED_FACE ( 'NONE', ( #2066 ), #911, .F. ) ;
#2554 = ORIENTED_EDGE ( 'NONE', *, *, #549, .F. ) ;
#2555 = DIRECTION ( 'NONE',  ( 0.000000000000000000, -1.000000000000000000, 0.000000000000000000 ) ) ;
#2556 = CARTESIAN_POINT ( 'NONE',  ( -2.213217045452912757, 0.000000000000000000, -5.084668192219679028 ) ) ;
#2557 = DIRECTION ( 'NONE',  ( 0.000000000000000000, 0.000000000000000000, 1.000000000000000000 ) ) ;
#2558 = DIRECTION ( 'NONE',  ( -1.000000000000000000, -0.000000000000000000, -0.000000000000000000 ) ) ;
#2559 = LINE ( 'NONE', #2348, #2729 ) ;
#2560 = ORIENTED_EDGE ( 'NONE', *, *, #2980, .F. ) ;
#2561 = CARTESIAN_POINT ( 'NONE',  ( 7.394512086735773870, 7.500000000000000000, 7.397265746772672124 ) ) ;
#2562 = EDGE_LOOP ( 'NONE', ( #2423, #2182, #2367, #2885 ) ) ;
#2563 = EDGE_CURVE ( 'NONE', #545, #2183, #1132, .T. ) ;
#2564 = ORIENTED_EDGE ( 'NONE', *, *, #419, .F. ) ;
#2565 = DIRECTION ( 'NONE',  ( 1.000000000000000000, 0.000000000000000000, -0.000000000000000000 ) ) ;
#2566 = CARTESIAN_POINT ( 'NONE',  ( 0.2560640732265447861, 7.376235673783147817, 7.589422425693272523 ) ) ;
#2567 = CARTESIAN_POINT ( 'NONE',  ( 9.144303668867848955, 2.335209295277916652, -5.865494360499405424 ) ) ;
#2568 = ADVANCED_FACE ( 'NONE', ( #1560 ), #686, .T. ) ;
#2569 = CARTESIAN_POINT ( 'NONE',  ( -4.925869865765815092, 7.500000000000000888, -4.923116205728911510 ) ) ;
#2570 = CARTESIAN_POINT ( 'NONE',  ( -4.925869865765821309, 6.673648177666900771, -5.907923958741122306 ) ) ;
#2571 = DIRECTION ( 'NONE',  ( 0.000000000000000000, 0.000000000000000000, -1.000000000000000000 ) ) ;
#2572 = ORIENTED_EDGE ( 'NONE', *, *, #2514, .T. ) ;
#2573 = DIRECTION ( 'NONE',  ( -1.156482317317871478E-16, 0.000000000000000000, 1.000000000000000000 ) ) ;
#2574 = VERTEX_POINT ( 'NONE', #2325 ) ;
#2575 = CARTESIAN_POINT ( 'NONE',  ( 0.9310640732265444974, 0.000000000000000000, 2.890331807780322837 ) ) ;
#2576 = EDGE_LOOP ( 'NONE', ( #1905, #2669, #2354, #875 ) ) ;
#2577 = DIRECTION ( 'NONE',  ( -0.000000000000000000, 1.000000000000000000, -0.000000000000000000 ) ) ;
#2578 =( BOUNDED_CURVE ( )  B_SPLINE_CURVE ( 3, ( #2985, #469, #896, #1836 ),
 .UNSPECIFIED., .F., .F. ) 
 B_SPLINE_CURVE_WITH_KNOTS ( ( 4, 4 ),
 ( 4.712388980384689674, 5.352296399125787474 ),
 .UNSPECIFIED. ) 
 CURVE ( )  GEOMETRIC_REPRESENTATION_ITEM ( )  RATIONAL_B_SPLINE_CURVE ( ( 1.000000000000000000, 0.9661666523663395845, 0.9661666523663395845, 1.000000000000000000 ) ) 
 REPRESENTATION_ITEM ( '' )  );
#2579 = CARTESIAN_POINT ( 'NONE',  ( 0.08106407322654443637, 5.000000000000000000, 2.040331807780323192 ) ) ;
#2580 = FACE_OUTER_BOUND ( 'NONE', #2562, .T. ) ;
#2581 = EDGE_CURVE ( 'NONE', #969, #983, #654, .T. ) ;
#2582 = CARTESIAN_POINT ( 'NONE',  ( -7.129915720256557066, 6.778449283733358754, -4.901211624674333578 ) ) ;
#2583 = CARTESIAN_POINT ( 'NONE',  ( -7.556286016772556735, 8.436881888544021990, 7.073258638742797366 ) ) ;
#2584 = CARTESIAN_POINT ( 'NONE',  ( 2.286005363685820857, 4.000000000000000000, 6.995273098239597864 ) ) ;
#2585 = AXIS2_PLACEMENT_3D ( 'NONE', #1811, #2750, #2780 ) ;
#2586 = ADVANCED_FACE ( 'NONE', ( #2970 ), #883, .F. ) ;
#2587 = DIRECTION ( 'NONE',  ( 0.000000000000000000, -1.000000000000000000, 0.000000000000000000 ) ) ;
#2588 = CARTESIAN_POINT ( 'NONE',  ( 9.577683847736791378, -0.1226118341242166399, 10.79834576753141739 ) ) ;
#2589 = AXIS2_PLACEMENT_3D ( 'NONE', #2709, #1546, #1095 ) ;
#2590 = CIRCLE ( 'NONE', #1522, 0.7499999999999997780 ) ;
#2591 = CARTESIAN_POINT ( 'NONE',  ( -9.043935926773459144, 0.000000000000000000, -7.084668192219678140 ) ) ;
#2592 = ORIENTED_EDGE ( 'NONE', *, *, #340, .T. ) ;
#2593 = DIRECTION ( 'NONE',  ( 1.606225440719265381E-16, 0.000000000000000000, -1.000000000000000000 ) ) ;
#2594 = ORIENTED_EDGE ( 'NONE', *, *, #1649, .F. ) ;
#2595 = CIRCLE ( 'NONE', #850, 1.000000000000000000 ) ;
#2596 = ADVANCED_BREP_SHAPE_REPRESENTATION ( 'Stylized_Key_Cap_V2_Square_Stem', ( #2202, #754 ), #2357 ) ;
#2597 = DIRECTION ( 'NONE',  ( 0.000000000000000000, 0.000000000000000000, -1.000000000000000000 ) ) ;
#2598 = CARTESIAN_POINT ( 'NONE',  ( -9.158432290828974587, -0.6493411478803687853, -6.460558741516036818 ) ) ;
#2599 = PLANE ( 'NONE',  #2783 ) ;
#2600 = CARTESIAN_POINT ( 'NONE',  ( -6.972140112318271576, 7.499999999999998224, -4.763129772132614015 ) ) ;
#2601 =( BOUNDED_SURFACE ( )  B_SPLINE_SURFACE ( 2, 3, ( 
 ( #826, #2211, #1055, #1975, #2910, #1169, #668, #471, #2049, #2298 ),
 ( #1604, #660, #2495, #2541, #1869, #1573, #2094, #459, #1124, #1381 ),
 ( #2741, #200, #2509, #1392, #430, #1348, #227, #17, #1587, #2986 ) ),
 .UNSPECIFIED., .F., .F., .T. ) 
 B_SPLINE_SURFACE_WITH_KNOTS ( ( 3, 3 ),
 ( 4, 3, 3, 4 ),
 ( 0.000000000000000000, 1.000000000000000000 ),
 ( -0.006753989254063319167, -0.004547433174704761973, 0.003182234377276266582, 0.004810811371363535316 ),
 .UNSPECIFIED. ) 
 GEOMETRIC_REPRESENTATION_ITEM ( )  RATIONAL_B_SPLINE_SURFACE ( (
 ( 1.000000000000000000, 1.000000000000000000, 1.000000000000000000, 1.000000000000000000, 1.000000000000000000, 1.000000000000000000, 1.000000000000000000, 1.000000000000000000, 1.000000000000000000, 1.000000000000000000),
 ( 0.7176885430348759476, 0.7176885430348759476, 0.7176885430348759476, 0.7176885430348759476, 0.7176885430348759476, 0.7176885430348759476, 0.7176885430348759476, 0.7176885430348758366, 0.7176885430348758366, 0.7176885430348758366),
 ( 1.000000000000000000, 1.000000000000000000, 1.000000000000000000, 1.000000000000000000, 1.000000000000000000, 1.000000000000000000, 1.000000000000000000, 1.000000000000000000, 1.000000000000000000, 1.000000000000000000) ) ) 
 REPRESENTATION_ITEM ( '' )  SURFACE ( )  );
#2602 = CARTESIAN_POINT ( 'NONE',  ( -1.768935926773455680, 4.500000000000000888, 1.540331807780323192 ) ) ;
#2603 = CARTESIAN_POINT ( 'NONE',  ( 6.803618139410421151, 7.500000000000031974, -5.331602732190173555 ) ) ;
#2604 = CARTESIAN_POINT ( 'NONE',  ( 0.2560640732265443975, 0.000000000000000000, -0.7846681922196777625 ) ) ;
#2605 = CYLINDRICAL_SURFACE ( 'NONE', #1313, 0.7499999999999996669 ) ;
#2606 = CARTESIAN_POINT ( 'NONE',  ( -7.358562756916133374, 7.149453399657691222, 6.022645222851662261 ) ) ;
#2607 = VERTEX_POINT ( 'NONE', #34 ) ;
#2608 = VERTEX_POINT ( 'NONE', #1647 ) ;
#2609 = EDGE_CURVE ( 'NONE', #1047, #1382, #84, .T. ) ;
#2610 = EDGE_LOOP ( 'NONE', ( #1329, #1072, #11, #1877 ) ) ;
#2611 = PLANE ( 'NONE',  #1818 ) ;
#2612 = DIRECTION ( 'NONE',  ( -1.000000000000000000, 0.000000000000000000, 0.000000000000000000 ) ) ;
#2613 = LINE ( 'NONE', #2387, #18 ) ;
#2614 = DIRECTION ( 'NONE',  ( -2.208559980988991162E-16, 0.000000000000000000, 1.000000000000000000 ) ) ;
#2615 = CARTESIAN_POINT ( 'NONE',  ( -8.512703065615081499, -1.176070461636523179, 11.72270476138110418 ) ) ;
#2616 = CARTESIAN_POINT ( 'NONE',  ( -6.882383940282687185, 7.500000000000000000, -2.966602131212032312 ) ) ;
#2617 = CARTESIAN_POINT ( 'NONE',  ( 7.394512086735771206, 7.500000000000003553, 7.397265746772672124 ) ) ;
#2618 = CARTESIAN_POINT ( 'NONE',  ( -10.49211716259934946, 7.376235673783146929, -3.158758810132622052 ) ) ;
#2619 = ORIENTED_EDGE ( 'NONE', *, *, #226, .T. ) ;
#2620 = ORIENTED_EDGE ( 'NONE', *, *, #1136, .T. ) ;
#2621 = ORIENTED_EDGE ( 'NONE', *, *, #1117, .F. ) ;
#2622 = ADVANCED_FACE ( 'NONE', ( #730 ), #207, .T. ) ;
#2623 = ORIENTED_EDGE ( 'NONE', *, *, #1152, .T. ) ;
#2624 = ADVANCED_FACE ( 'NONE', ( #2627 ), #972, .F. ) ;
#2625 = PLANE ( 'NONE',  #2739 ) ;
#2626 = CARTESIAN_POINT ( 'NONE',  ( -4.853539410464346560, 7.009552663503134440, -5.848694934947189950 ) ) ;
#2627 = FACE_OUTER_BOUND ( 'NONE', #1937, .T. ) ;
#2628 = DIRECTION ( 'NONE',  ( 0.000000000000000000, -1.000000000000000000, 0.000000000000000000 ) ) ;
#2629 = VECTOR ( 'NONE', #717, 1000.000000000000000 ) ;
#2630 = AXIS2_PLACEMENT_3D ( 'NONE', #484, #521, #35 ) ;
#2631 = CARTESIAN_POINT ( 'NONE',  ( 6.920208927079552375, 7.500000000000000000, -4.264299575291133237 ) ) ;
#2632 = DIRECTION ( 'NONE',  ( 0.000000000000000000, 0.000000000000000000, 1.000000000000000000 ) ) ;
#2633 = DIRECTION ( 'NONE',  ( 0.000000000000000000, 0.1736481776669307198, 0.9848077530122080203 ) ) ;
#2634 = ORIENTED_EDGE ( 'NONE', *, *, #46, .F. ) ;
#2635 = EDGE_LOOP ( 'NONE', ( #191, #2154, #1566, #2119 ) ) ;
#2636 = ORIENTED_EDGE ( 'NONE', *, *, #2474, .F. ) ;
#2637 = AXIS2_PLACEMENT_3D ( 'NONE', #1622, #1109, #2557 ) ;
#2638 = ORIENTED_EDGE ( 'NONE', *, *, #2014, .F. ) ;
#2639 = VECTOR ( 'NONE', #1538, 1000.000000000000000 ) ;
#2640 = EDGE_CURVE ( 'NONE', #1843, #948, #2886, .T. ) ;
#2641 = CARTESIAN_POINT ( 'NONE',  ( -6.132847553818248976, 7.499999999999943157, 9.852410325723131024 ) ) ;
#2642 = CARTESIAN_POINT ( 'NONE',  ( 5.113990904189015474, 8.436881888544018437, 10.02768189777941821 ) ) ;
#2643 = DIRECTION ( 'NONE',  ( 1.156482317317871478E-16, 0.000000000000000000, -1.000000000000000000 ) ) ;
#2644 = ADVANCED_FACE ( 'NONE', ( #2359 ), #1187, .T. ) ;
#2645 = CARTESIAN_POINT ( 'NONE',  ( 6.310265248926230086, 7.500000000000000000, -4.729493020901346156 ) ) ;
#2646 = CARTESIAN_POINT ( 'NONE',  ( 2.281064073226544142, 4.500000000000000888, 1.540331807780323858 ) ) ;
#2647 = CARTESIAN_POINT ( 'NONE',  ( 7.604144271077522887, 7.499999999999999112, -4.619232099549495096 ) ) ;
#2648 = CARTESIAN_POINT ( 'NONE',  ( 0.4310640732265443864, 5.000000000000000000, 2.390331807780322837 ) ) ;
#2649 = CARTESIAN_POINT ( 'NONE',  ( 0.000000000000000000, 0.000000000000000000, 0.000000000000000000 ) ) ;
#2650 = CARTESIAN_POINT ( 'NONE',  ( 0.2560640732265445640, 7.149453399657692110, 6.022645222851664037 ) ) ;
#2651 = VERTEX_POINT ( 'NONE', #303 ) ;
#2652 = ORIENTED_EDGE ( 'NONE', *, *, #1772, .F. ) ;
#2653 = VERTEX_POINT ( 'NONE', #52 ) ;
#2654 = ORIENTED_EDGE ( 'NONE', *, *, #1048, .T. ) ;
#2655 = ORIENTED_EDGE ( 'NONE', *, *, #1469, .F. ) ;
#2656 = EDGE_LOOP ( 'NONE', ( #620, #2839, #1137, #873 ) ) ;
#2657 = CARTESIAN_POINT ( 'NONE',  ( -5.185131156721141998, 7.500000000000003553, 9.353779818693389814 ) ) ;
#2658 = CARTESIAN_POINT ( 'NONE',  ( 5.365667556917428804, 7.009552663503130887, 10.27935855050783331 ) ) ;
#2659 = DIRECTION ( 'NONE',  ( 0.000000000000000000, 0.000000000000000000, -1.000000000000000000 ) ) ;
#2660 = CARTESIAN_POINT ( 'NONE',  ( 2.286005363685820857, 5.000000000000000000, -2.564609482678953611 ) ) ;
#2661 = EDGE_CURVE ( 'NONE', #948, #1551, #2613, .T. ) ;
#2662 = CARTESIAN_POINT ( 'NONE',  ( 9.556064073226542277, 0.000000000000000000, -7.084668192219678140 ) ) ;
#2663 = CARTESIAN_POINT ( 'NONE',  ( 7.394512086735864465, 7.500000000000002665, 7.656357900391559390 ) ) ;
#2664 = CARTESIAN_POINT ( 'NONE',  ( -8.897371411567881694, -9.136595647188659275E-15, -6.800820829800140466 ) ) ;
#2665 = ADVANCED_FACE ( 'NONE', ( #2580 ), #68, .T. ) ;
#2666 = DIRECTION ( 'NONE',  ( 0.000000000000000000, 1.000000000000000000, 0.000000000000000000 ) ) ;
#2667 = CARTESIAN_POINT ( 'NONE',  ( -1.268935926773455014, 5.000000000000000000, -6.114591504678610132E-16 ) ) ;
#2668 = CARTESIAN_POINT ( 'NONE',  ( 4.162503428844198439, 7.030000000000000249, 0.2621121299714946895 ) ) ;
#2669 = ORIENTED_EDGE ( 'NONE', *, *, #1201, .F. ) ;
#2670 = VECTOR ( 'NONE', #2981, 1000.000000000000000 ) ;
#2671 = B_SPLINE_CURVE_WITH_KNOTS ( 'NONE', 3,
 ( #1206, #563, #330, #2852, #2147, #1949, #1463, #1248, #2133, #78, #2166, #2819, #802, #1933, #513, #104 ),
 .UNSPECIFIED., .F., .F.,
 ( 4, 2, 2, 2, 2, 2, 2, 4 ),
 ( -5.999999999332766465E-08, 0.0005791259861476878105, 0.001158311972295368976, 0.001737497958443050142, 0.002316683944590731525, 0.002895869930738412690, 0.003475055916886093856, 0.004633427889181451417 ),
 .UNSPECIFIED. ) ;
#2672 = CARTESIAN_POINT ( 'NONE',  ( 0.2560640732265440644, 0.000000000000000000, 5.215331807780323459 ) ) ;
#2673 = CARTESIAN_POINT ( 'NONE',  ( -5.642646205311084628, 7.500000000000111022, 10.07605868186836418 ) ) ;
#2674 = CARTESIAN_POINT ( 'NONE',  ( 2.286005363685821745, 0.000000000000000000, -5.084668192219678140 ) ) ;
#2675 = DIRECTION ( 'NONE',  ( 0.000000000000000000, 0.000000000000000000, 1.000000000000000000 ) ) ;
#2676 = DIRECTION ( 'NONE',  ( 0.000000000000000000, 0.000000000000000000, -1.000000000000000000 ) ) ;
#2677 = LINE ( 'NONE', #2006, #1763 ) ;
#2678 = DIRECTION ( 'NONE',  ( 0.000000000000000000, 0.000000000000000000, 1.000000000000000000 ) ) ;
#2679 = EDGE_CURVE ( 'NONE', #2608, #804, #309, .T. ) ;
#2680 = CARTESIAN_POINT ( 'NONE',  ( -1.268935926773455902, 5.000000000000000000, 2.040331807780323192 ) ) ;
#2681 = TOROIDAL_SURFACE ( 'NONE', #831, 1.500000000000000000, 0.7500000000000000000 ) ;
#2682 = CARTESIAN_POINT ( 'NONE',  ( 7.373347162201099536, 6.778448630035204481, -5.169901352645398518 ) ) ;
#2683 = DIRECTION ( 'NONE',  ( -1.000000000000000000, 0.000000000000000000, 0.000000000000000000 ) ) ;
#2684 = ADVANCED_FACE ( 'NONE', ( #500 ), #1667, .T. ) ;
#2685 = VERTEX_POINT ( 'NONE', #271 ) ;
#2686 = VECTOR ( 'NONE', #1364, 1000.000000000000000 ) ;
#2687 = AXIS2_PLACEMENT_3D ( 'NONE', #1334, #1558, #1823 ) ;
#2688 = VECTOR ( 'NONE', #1904, 1000.000000000000000 ) ;
#2689 = CARTESIAN_POINT ( 'NONE',  ( -6.689924992023096095, 7.499999999999995559, 8.267328077969414935 ) ) ;
#2690 = AXIS2_PLACEMENT_3D ( 'NONE', #2021, #2092, #16 ) ;
#2691 = CARTESIAN_POINT ( 'NONE',  ( -2.523877217232734171, 4.250000000000000000, 6.515331807780323281 ) ) ;
#2692 = CARTESIAN_POINT ( 'NONE',  ( -4.523877217232733727, 4.250000000000000000, 5.765331807780324169 ) ) ;
#2693 = CARTESIAN_POINT ( 'NONE',  ( -4.523877217232734615, 4.250000000000000000, 5.765331807780324169 ) ) ;
#2694 = CARTESIAN_POINT ( 'NONE',  ( 5.437998012218894672, 7.500000000000000000, 9.353779821289549545 ) ) ;
#2695 = CARTESIAN_POINT ( 'NONE',  ( 5.821069911942934993, 6.704102840934910823, -5.902553979918581994 ) ) ;
#2696 = CARTESIAN_POINT ( 'NONE',  ( -2.523877217232734171, -0.000000000000000000, -2.918819372811092604E-16 ) ) ;
#2697 = EDGE_CURVE ( 'NONE', #758, #1820, #1424, .T. ) ;
#2698 = CARTESIAN_POINT ( 'NONE',  ( 5.823141847904663493, 6.703448853717271838, -5.883975546342038676 ) ) ;
#2699 = ORIENTED_EDGE ( 'NONE', *, *, #2549, .F. ) ;
#2700 = VERTEX_POINT ( 'NONE', #2860 ) ;
#2701 = EDGE_CURVE ( 'NONE', #1552, #2790, #1225, .T. ) ;
#2702 =( BOUNDED_SURFACE ( )  B_SPLINE_SURFACE ( 3, 2, ( 
 ( #2525, #161, #900 ),
 ( #405, #202, #2479 ),
 ( #1097, #2025, #2958 ),
 ( #1363, #2754, #869 ),
 ( #648, #2039, #2972 ),
 ( #1562, #1126, #2988 ),
 ( #1589, #2301, #2814 ),
 ( #718, #485, #1406 ),
 ( #2131, #2146, #57 ),
 ( #2379, #978, #961 ),
 ( #1903, #8, #2788 ),
 ( #1626, #930, #1874 ),
 ( #2394, #996, #1429 ),
 ( #1856, #1412, #2617 ) ),
 .UNSPECIFIED., .F., .F., .F. ) 
 B_SPLINE_SURFACE_WITH_KNOTS ( ( 4, 2, 2, 2, 2, 2, 4 ),
 ( 3, 3 ),
 ( -4.943961906533900219E-17, 0.0007638608662526788495, 0.001145791299379042994, 0.001527721732505407139, 0.001909652165631771283, 0.002291582598758135428, 0.003055443465010863717 ),
 ( 0.000000000000000000, 1.000000000000000000 ),
 .UNSPECIFIED. ) 
 GEOMETRIC_REPRESENTATION_ITEM ( )  RATIONAL_B_SPLINE_SURFACE ( (
 ( 1.000000000000000000, 0.7660444431189799008, 1.000000000000000000),
 ( 1.000000000000000000, 0.7759492566160461902, 1.000000000000000000),
 ( 1.000000000000000000, 0.7843875305290207711, 1.000000000000000000),
 ( 1.000000000000000000, 0.7933329315642494439, 1.000000000000000000),
 ( 1.000000000000000000, 0.7956062205384637487, 1.000000000000000000),
 ( 1.000000000000000000, 0.7986910562183189288, 1.000000000000000000),
 ( 1.000000000000000000, 0.7994994804569324209, 1.000000000000000000),
 ( 1.000000000000000000, 0.7995152545924408827, 1.000000000000000000),
 ( 1.000000000000000000, 0.7987452346174322981, 1.000000000000000000),
 ( 1.000000000000000000, 0.7956907360360777615, 1.000000000000000000),
 ( 1.000000000000000000, 0.7933769205347699360, 1.000000000000000000),
 ( 1.000000000000000000, 0.7845646354217377105, 1.000000000000000000),
 ( 1.000000000000000000, 0.7760110392365641152, 1.000000000000000000),
 ( 1.000000000000000000, 0.7660444431189773473, 1.000000000000000000) ) ) 
 REPRESENTATION_ITEM ( '' )  SURFACE ( )  );
#2703 = ORIENTED_EDGE ( 'NONE', *, *, #2240, .T. ) ;
#2704 = CARTESIAN_POINT ( 'NONE',  ( -7.867191693294896204, 6.673648177666930970, -2.966602131212031868 ) ) ;
#2705 = CARTESIAN_POINT ( 'NONE',  ( 2.286005363685819969, 0.000000000000000000, 9.515331807780324169 ) ) ;
#2706 = DIRECTION ( 'NONE',  ( 0.000000000000000000, 0.000000000000000000, -1.000000000000000000 ) ) ;
#2707 = DIRECTION ( 'NONE',  ( 0.000000000000000000, 0.3420201433256691570, -0.9396926207859083169 ) ) ;
#2708 = CARTESIAN_POINT ( 'NONE',  ( 5.036005363685820413, 4.689339828220179029, -1.334668192219678806 ) ) ;
#2709 = CARTESIAN_POINT ( 'NONE',  ( 2.286005363685820857, 4.250000000000000000, 6.995273098239597864 ) ) ;
#2710 = DIRECTION ( 'NONE',  ( 1.000000000000000000, -0.000000000000000000, -0.000000000000000000 ) ) ;
#2711 = ORIENTED_EDGE ( 'NONE', *, *, #880, .T. ) ;
#2712 = CARTESIAN_POINT ( 'NONE',  ( -2.523877217232734171, 0.000000000000000000, 6.515331807780323281 ) ) ;
#2713 = FACE_OUTER_BOUND ( 'NONE', #2289, .T. ) ;
#2714 = ORIENTED_EDGE ( 'NONE', *, *, #1009, .T. ) ;
#2715 = EDGE_LOOP ( 'NONE', ( #805, #724, #2265, #1951 ) ) ;
#2716 = VECTOR ( 'NONE', #2628, 1000.000000000000000 ) ;
#2717 = EDGE_LOOP ( 'NONE', ( #2334, #1014, #1269, #1724 ) ) ;
#2718 =( BOUNDED_CURVE ( )  B_SPLINE_CURVE ( 3, ( #2030, #2115, #2471, #1821 ),
 .UNSPECIFIED., .F., .F. ) 
 B_SPLINE_CURVE_WITH_KNOTS ( ( 4, 4 ),
 ( 0.000000000000000000, 1.570796326794896558 ),
 .UNSPECIFIED. ) 
 CURVE ( )  GEOMETRIC_REPRESENTATION_ITEM ( )  RATIONAL_B_SPLINE_CURVE ( ( 1.000000000000000000, 0.8047378541243649375, 0.8047378541243649375, 1.000000000000000000 ) ) 
 REPRESENTATION_ITEM ( '' )  );
#2719 = CARTESIAN_POINT ( 'NONE',  ( -3.773877217232735060, 5.000000000000000000, -0.5846681922196776959 ) ) ;
#2720 = LINE ( 'NONE', #1598, #319 ) ;
#2721 = CARTESIAN_POINT ( 'NONE',  ( -1.768935926773456346, 0.000000000000000000, 2.890331807780322837 ) ) ;
#2722 = ADVANCED_FACE ( 'NONE', ( #2172 ), #2599, .T. ) ;
#2723 = CARTESIAN_POINT ( 'NONE',  ( 3.036005363685821301, 4.000000000000000000, -2.564609482678953611 ) ) ;
#2724 = CARTESIAN_POINT ( 'NONE',  ( -5.184962019384690812, 7.499999999999998224, 9.353779821289641916 ) ) ;
#2725 = FACE_OUTER_BOUND ( 'NONE', #887, .T. ) ;
#2726 = DIRECTION ( 'NONE',  ( 0.000000000000000000, -1.000000000000000000, 0.000000000000000000 ) ) ;
#2727 = CARTESIAN_POINT ( 'NONE',  ( -1.773877217232733727, 0.000000000000000000, -5.084668192219678140 ) ) ;
#2728 = CARTESIAN_POINT ( 'NONE',  ( 5.437998012218900001, 6.673648177666930970, -5.907923958741116977 ) ) ;
#2729 = VECTOR ( 'NONE', #722, 1000.000000000000000 ) ;
#2730 = VERTEX_POINT ( 'NONE', #988 ) ;
#2731 = ORIENTED_EDGE ( 'NONE', *, *, #2962, .T. ) ;
#2732 = ORIENTED_EDGE ( 'NONE', *, *, #2223, .T. ) ;
#2733 = LINE ( 'NONE', #41, #1042 ) ;
#2734 = EDGE_CURVE ( 'NONE', #2531, #1802, #1539, .T. ) ;
#2735 = CARTESIAN_POINT ( 'NONE',  ( -6.834974271903606180, 7.500000000000000888, 7.907470200435945173 ) ) ;
#2736 = DIRECTION ( 'NONE',  ( 0.000000000000000000, -0.9396926207859082059, 0.3420201433256694901 ) ) ;
#2737 = AXIS2_PLACEMENT_3D ( 'NONE', #816, #1750, #2683 ) ;
#2738 = VECTOR ( 'NONE', #1215, 1000.000000000000000 ) ;
#2739 = AXIS2_PLACEMENT_3D ( 'NONE', #1199, #1213, #939 ) ;
#2740 = CARTESIAN_POINT ( 'NONE',  ( 3.036005363685821301, 5.000000000000000888, -2.084668192219678140 ) ) ;
#2741 = CARTESIAN_POINT ( 'NONE',  ( 7.942575836861439420, 9.150546501064464877, -2.516756696817946892 ) ) ;
#2742 = CARTESIAN_POINT ( 'NONE',  ( 0.7239572920399964806, 5.000000000000000888, 4.033225026593775908 ) ) ;
#2743 = CARTESIAN_POINT ( 'NONE',  ( 3.036005363685820857, 20.28368184495133519, 3.511086518384864844E-16 ) ) ;
#2744 = ORIENTED_EDGE ( 'NONE', *, *, #2697, .F. ) ;
#2745 = VECTOR ( 'NONE', #1253, 1000.000000000000000 ) ;
#2746 = ORIENTED_EDGE ( 'NONE', *, *, #419, .T. ) ;
#2747 = ORIENTED_EDGE ( 'NONE', *, *, #1592, .T. ) ;
#2748 = CARTESIAN_POINT ( 'NONE',  ( -7.763999409286874709, 6.729338849314820514, -3.729544966713720822 ) ) ;
#2749 = CARTESIAN_POINT ( 'NONE',  ( 9.144303668867841850, 2.335209295277925534, 10.29615797606004790 ) ) ;
#2750 = DIRECTION ( 'NONE',  ( -0.000000000000000000, 1.000000000000000000, -0.000000000000000000 ) ) ;
#2751 = CARTESIAN_POINT ( 'NONE',  ( 0.000000000000000000, 4.500000000000000888, 2.890331807780322837 ) ) ;
#2752 = EDGE_CURVE ( 'NONE', #2608, #1385, #1915, .T. ) ;
#2753 = CARTESIAN_POINT ( 'NONE',  ( -3.273877217232734171, 4.250000000000000000, -1.334668192219677474 ) ) ;
#2754 = CARTESIAN_POINT ( 'NONE',  ( 6.641939208226791180, 7.500000000000000888, 9.854142242213056235 ) ) ;
#2755 =( NAMED_UNIT ( * ) SI_UNIT ( $, .STERADIAN. ) SOLID_ANGLE_UNIT ( ) );
#2756 = EDGE_CURVE ( 'NONE', #674, #2774, #2473, .T. ) ;
#2757 = ORIENTED_EDGE ( 'NONE', *, *, #3002, .F. ) ;
#2758 = EDGE_LOOP ( 'NONE', ( #1862, #2164, #1664, #266 ) ) ;
#2759 = ORIENTED_EDGE ( 'NONE', *, *, #1653, .T. ) ;
#2760 = ORIENTED_EDGE ( 'NONE', *, *, #1049, .F. ) ;
#2761 = DIRECTION ( 'NONE',  ( -4.818676322157798361E-16, 0.000000000000000000, 1.000000000000000000 ) ) ;
#2762 = APPLICATION_PROTOCOL_DEFINITION ( 'draft international standard', 'automotive_design', 1998, #536 ) ;
#2763 = CARTESIAN_POINT ( 'NONE',  ( 3.786005363685820413, 20.28368184495133519, 5.765331807780324169 ) ) ;
#2764 = EDGE_CURVE ( 'NONE', #1690, #932, #797, .T. ) ;
#2765 = ORIENTED_EDGE ( 'NONE', *, *, #1893, .F. ) ;
#2766 = CYLINDRICAL_SURFACE ( 'NONE', #2585, 3.000000000000000888 ) ;
#2767 = DIRECTION ( 'NONE',  ( 0.000000000000000000, -0.9396926207859082059, 0.3420201433256694901 ) ) ;
#2768 = DIRECTION ( 'NONE',  ( -1.156482317317871478E-16, 0.000000000000000000, 1.000000000000000000 ) ) ;
#2769 = DIRECTION ( 'NONE',  ( 1.000000000000000000, 0.000000000000000000, -2.017120320903264442E-16 ) ) ;
#2770 = DIRECTION ( 'NONE',  ( -1.219727444046192488E-16, 0.000000000000000000, -1.000000000000000000 ) ) ;
#2771 = EDGE_CURVE ( 'NONE', #2232, #1451, #416, .T. ) ;
#2772 = EDGE_CURVE ( 'NONE', #1875, #2779, #170, .T. ) ;
#2773 = TOROIDAL_SURFACE ( 'NONE', #2388, 0.2500000000000000000, 0.7500000000000000000 ) ;
#2774 = VERTEX_POINT ( 'NONE', #820 ) ;
#2775 = ORIENTED_EDGE ( 'NONE', *, *, #635, .T. ) ;
#2776 = LINE ( 'NONE', #1876, #600 ) ;
#2777 = ORIENTED_EDGE ( 'NONE', *, *, #799, .T. ) ;
#2778 = CARTESIAN_POINT ( 'NONE',  ( -0.4189359267734559800, 0.000000000000000000, 4.240331807780323814 ) ) ;
#2779 = VERTEX_POINT ( 'NONE', #2187 ) ;
#2780 = DIRECTION ( 'NONE',  ( 0.000000000000000000, 0.000000000000000000, 1.000000000000000000 ) ) ;
#2781 = CARTESIAN_POINT ( 'NONE',  ( 0.9310640732265447195, 4.792893218813452982, 0.1903318077803230757 ) ) ;
#2782 = DIRECTION ( 'NONE',  ( -0.000000000000000000, 1.000000000000000000, -0.000000000000000000 ) ) ;
#2783 = AXIS2_PLACEMENT_3D ( 'NONE', #97, #520, #2797 ) ;
#2784 = CARTESIAN_POINT ( 'NONE',  ( 0.2560640732265448971, 7.500000000000004441, 9.308441396141414970 ) ) ;
#2785 = AXIS2_PLACEMENT_3D ( 'NONE', #1281, #2666, #1096 ) ;
#2786 = AXIS2_PLACEMENT_3D ( 'NONE', #2229, #870, #1979 ) ;
#2787 = CARTESIAN_POINT ( 'NONE',  ( 6.900981090996030964, 6.766100126547493154, 9.940488740682814850 ) ) ;
#2788 = CARTESIAN_POINT ( 'NONE',  ( 7.200888900569220041, 7.499999999999997335, 8.269532983004522109 ) ) ;
#2789 = CIRCLE ( 'NONE', #2214, 3.000000000000000444 ) ;
#2790 = VERTEX_POINT ( 'NONE', #1742 ) ;
#2791 = DIRECTION ( 'NONE',  ( 1.000000000000000000, 0.000000000000000000, 0.000000000000000000 ) ) ;
#2792 = ORIENTED_EDGE ( 'NONE', *, *, #1065, .T. ) ;
#2793 = EDGE_CURVE ( 'NONE', #1726, #460, #612, .T. ) ;
#2794 = ADVANCED_FACE ( 'NONE', ( #2447 ), #598, .T. ) ;
#2795 = ORIENTED_EDGE ( 'NONE', *, *, #2464, .T. ) ;
#2796 = CARTESIAN_POINT ( 'NONE',  ( -2.523877217232733727, 4.000000000000000000, -2.564609482678953611 ) ) ;
#2797 = DIRECTION ( 'NONE',  ( 1.000000000000000000, 0.000000000000000000, 3.252606517456513795E-16 ) ) ;
#2798 = DIRECTION ( 'NONE',  ( 9.326470300950576121E-17, -0.000000000000000000, 1.000000000000000000 ) ) ;
#2799 = CARTESIAN_POINT ( 'NONE',  ( 0.9310640732265444974, 4.500000000000000888, 1.540331807780323636 ) ) ;
#2800 = DIRECTION ( 'NONE',  ( -1.000000000000000000, 0.000000000000000000, -3.252606517456513795E-16 ) ) ;
#2801 = DIRECTION ( 'NONE',  ( 9.326470300950574888E-17, 0.000000000000000000, 1.000000000000000000 ) ) ;
#2802 = DIRECTION ( 'NONE',  ( 1.865294060190114978E-16, -6.162975822039154730E-33, 1.000000000000000000 ) ) ;
#2803 = ORIENTED_EDGE ( 'NONE', *, *, #1893, .T. ) ;
#2804 = EDGE_LOOP ( 'NONE', ( #2992, #516, #1238, #2184 ) ) ;
#2805 = DIRECTION ( 'NONE',  ( -1.000000000000000000, -0.000000000000000000, -1.156482317317871478E-16 ) ) ;
#2806 = ORIENTED_EDGE ( 'NONE', *, *, #899, .F. ) ;
#2807 = DIRECTION ( 'NONE',  ( -1.000000000000000000, 0.000000000000000000, -0.000000000000000000 ) ) ;
#2808 = VERTEX_POINT ( 'NONE', #1970 ) ;
#2809 = CARTESIAN_POINT ( 'NONE',  ( 0.08106407322654413106, 5.000000000000000000, 3.740331807780323370 ) ) ;
#2810 = DIRECTION ( 'NONE',  ( 0.000000000000000000, -1.000000000000000000, 0.000000000000000000 ) ) ;
#2811 = ADVANCED_FACE ( 'NONE', ( #1777 ), #1527, .F. ) ;
#2812 = AXIS2_PLACEMENT_3D ( 'NONE', #977, #2587, #2571 ) ;
#2813 = CARTESIAN_POINT ( 'NONE',  ( -6.578499834103214816, 7.499999999999779732, -5.132748390070439370 ) ) ;
#2814 = CARTESIAN_POINT ( 'NONE',  ( 6.735695456297828621, 7.499999999999997335, 8.879476661633212586 ) ) ;
#2815 = DIRECTION ( 'NONE',  ( 0.000000000000000000, 0.000000000000000000, 1.000000000000000000 ) ) ;
#2816 = CYLINDRICAL_SURFACE ( 'NONE', #1610, 0.7500000000000001110 ) ;
#2817 = CARTESIAN_POINT ( 'NONE',  ( 8.376622189173032140, 6.688947314331429084, 7.589701692385204090 ) ) ;
#2818 = LINE ( 'NONE', #2850, #1076 ) ;
#2819 = CARTESIAN_POINT ( 'NONE',  ( -7.469092859675775742, 6.766100126547499372, 8.860248825550115725 ) ) ;
#2820 = VERTEX_POINT ( 'NONE', #2894 ) ;
#2821 = FACE_OUTER_BOUND ( 'NONE', #884, .T. ) ;
#2822 = ORIENTED_EDGE ( 'NONE', *, *, #1120, .T. ) ;
#2823 = VECTOR ( 'NONE', #2612, 1000.000000000000000 ) ;
#2824 = ORIENTED_EDGE ( 'NONE', *, *, #344, .F. ) ;
#2825 = CYLINDRICAL_SURFACE ( 'NONE', #257, 1.000000000000000000 ) ;
#2826 = CARTESIAN_POINT ( 'NONE',  ( 8.931954622522900067, -0.6493411478803705617, 11.62982817183583961 ) ) ;
#2827 = CARTESIAN_POINT ( 'NONE',  ( -0.4189359267734552583, 4.500000000000000888, 0.1903318077803227426 ) ) ;
#2828 = B_SPLINE_CURVE_WITH_KNOTS ( 'NONE', 3,
 ( #866, #641, #458, #1620 ),
 .UNSPECIFIED., .F., .F.,
 ( 4, 4 ),
 ( -0.007381235388676050425, -0.0001266685739583469153 ),
 .UNSPECIFIED. ) ;
#2829 = CARTESIAN_POINT ( 'NONE',  ( -6.856077138870277921, 6.778398839171654089, -5.174512187302712007 ) ) ;
#2830 = EDGE_CURVE ( 'NONE', #514, #2700, #1942, .T. ) ;
#2831 = CARTESIAN_POINT ( 'NONE',  ( 7.487872016080285853, 7.499999999999666045, -4.759066241247960960 ) ) ;
#2832 = ADVANCED_FACE ( 'NONE', ( #2920, #377 ), #2905, .T. ) ;
#2833 = CIRCLE ( 'NONE', #311, 0.7500000000000000000 ) ;
#2834 = CARTESIAN_POINT ( 'NONE',  ( 8.070251143878454769, 6.759059253881934737, 8.695222233903345810 ) ) ;
#2835 = CARTESIAN_POINT ( 'NONE',  ( 0.9310640732265448305, 0.000000000000000000, 0.1903318077803230479 ) ) ;
#2836 = CIRCLE ( 'NONE', #798, 0.7499999999999997780 ) ;
#2837 = LINE ( 'NONE', #314, #1185 ) ;
#2838 = VERTEX_POINT ( 'NONE', #1729 ) ;
#2839 = ORIENTED_EDGE ( 'NONE', *, *, #2498, .F. ) ;
#2840 = ORIENTED_EDGE ( 'NONE', *, *, #174, .F. ) ;
#2841 = ORIENTED_EDGE ( 'NONE', *, *, #1609, .F. ) ;
#2842 = DIRECTION ( 'NONE',  ( 1.156482317317871478E-16, -0.000000000000000000, -1.000000000000000000 ) ) ;
#2843 = CARTESIAN_POINT ( 'NONE',  ( -9.322565695409252839, -1.580187941268460072, -7.363297960855471835 ) ) ;
#2844 = CARTESIAN_POINT ( 'NONE',  ( 0.000000000000000000, 5.000000000000000000, 5.015331807780324169 ) ) ;
#2845 = CARTESIAN_POINT ( 'NONE',  ( -4.925869865765815092, 6.673648177666931858, -5.907923958741119641 ) ) ;
#2846 = CYLINDRICAL_SURFACE ( 'NONE', #1815, 0.7500000000000000000 ) ;
#2847 = CARTESIAN_POINT ( 'NONE',  ( 2.286005363685819969, 0.000000000000000000, 9.515331807780324169 ) ) ;
#2848 = ADVANCED_FACE ( 'NONE', ( #1489 ), #1289, .T. ) ;
#2849 = EDGE_CURVE ( 'NONE', #2396, #2232, #585, .T. ) ;
#2850 = CARTESIAN_POINT ( 'NONE',  ( 8.379319839747982002, 6.673648177666930970, 7.238456193430204522 ) ) ;
#2851 = B_SPLINE_CURVE_WITH_KNOTS ( 'NONE', 3,
 ( #2862, #1457, #778, #1530 ),
 .UNSPECIFIED., .F., .F.,
 ( 4, 4 ),
 ( -0.007381235388676052160, -0.0001266685739582801284 ),
 .UNSPECIFIED. ) ;
#2852 = CARTESIAN_POINT ( 'NONE',  ( -5.688812701266664718, 6.729338849314767224, 10.23539529029397421 ) ) ;
#2853 = ORIENTED_EDGE ( 'NONE', *, *, #2218, .T. ) ;
#2854 = ORIENTED_EDGE ( 'NONE', *, *, #2121, .T. ) ;
#2855 = VERTEX_POINT ( 'NONE', #2416 ) ;
#2856 = VERTEX_POINT ( 'NONE', #2691 ) ;
#2857 = EDGE_CURVE ( 'NONE', #460, #1451, #2237, .T. ) ;
#2858 = CARTESIAN_POINT ( 'NONE',  ( 2.286005363685820857, 5.000000000000000000, 6.515331807780323281 ) ) ;
#2859 = CARTESIAN_POINT ( 'NONE',  ( -4.601862757735934117, 8.436881888544021990, -5.597018282218777507 ) ) ;
#2860 = CARTESIAN_POINT ( 'NONE',  ( 0.9310640732265441644, 4.500000000000000888, 4.240331807780323814 ) ) ;
#2861 = CARTESIAN_POINT ( 'NONE',  ( 4.341150460655621966E-16, -0.000000000000000000, -1.334668192219676364 ) ) ;
#2862 = CARTESIAN_POINT ( 'NONE',  ( -4.925869865765810651, 6.673648177666931858, 10.33858757430176212 ) ) ;
#2863 = CARTESIAN_POINT ( 'NONE',  ( -7.343968592367349224, 9.640993837561333990, 9.815364473374213361 ) ) ;
#2864 = CARTESIAN_POINT ( 'NONE',  ( 7.202053138476027350, 7.500000000000002665, -3.836664462408488241 ) ) ;
#2865 = VECTOR ( 'NONE', #1304, 1000.000000000000000 ) ;
#2866 = ORIENTED_EDGE ( 'NONE', *, *, #621, .F. ) ;
#2867 = DIRECTION ( 'NONE',  ( 4.818676322157798361E-16, -0.000000000000000000, -1.000000000000000000 ) ) ;
#2868 = ADVANCED_FACE ( 'NONE', ( #1506 ), #125, .F. ) ;
#2869 = LINE ( 'NONE', #2884, #1767 ) ;
#2870 = ORIENTED_EDGE ( 'NONE', *, *, #1987, .T. ) ;
#2871 = VERTEX_POINT ( 'NONE', #138 ) ;
#2872 = EDGE_LOOP ( 'NONE', ( #1952, #2470, #2621, #2853 ) ) ;
#2873 = EDGE_LOOP ( 'NONE', ( #1178, #1223, #2866, #2468 ) ) ;
#2874 = EDGE_CURVE ( 'NONE', #2808, #913, #2789, .T. ) ;
#2875 = DIRECTION ( 'NONE',  ( 1.000000000000000000, 0.000000000000000000, 0.000000000000000000 ) ) ;
#2876 = VERTEX_POINT ( 'NONE', #1583 ) ;
#2877 = CARTESIAN_POINT ( 'NONE',  ( -6.291489992957315813, 7.499999999999807265, 9.762266347750882645 ) ) ;
#2878 = CARTESIAN_POINT ( 'NONE',  ( -8.162301023231135488, 5.000000000000003553, -6.203033288677350932 ) ) ;
#2879 = CARTESIAN_POINT ( 'NONE',  ( 7.394512086735780088, 7.500000000000000000, -3.225604820280972618 ) ) ;
#2880 = AXIS2_PLACEMENT_3D ( 'NONE', #1010, #2898, #2453 ) ;
#2881 = DIRECTION ( 'NONE',  ( -1.000000000000000000, -0.000000000000000000, -0.000000000000000000 ) ) ;
#2882 = VECTOR ( 'NONE', #2798, 1000.000000000000000 ) ;
#2883 = CARTESIAN_POINT ( 'NONE',  ( 8.379319839747987331, 6.673648177666930970, -2.966602131212033200 ) ) ;
#2884 = CARTESIAN_POINT ( 'NONE',  ( -0.4189359267734559800, 4.500000000000000888, 4.240331807780323814 ) ) ;
#2885 = ORIENTED_EDGE ( 'NONE', *, *, #1197, .T. ) ;
#2886 = CIRCLE ( 'NONE', #1182, 1.000000000000000000 ) ;
#2887 = ORIENTED_EDGE ( 'NONE', *, *, #2793, .T. ) ;
#2888 = AXIS2_PLACEMENT_3D ( 'NONE', #1806, #426, #905 ) ;
#2889 = CIRCLE ( 'NONE', #701, 0.7499999999999997780 ) ;
#2890 = EDGE_CURVE ( 'NONE', #363, #830, #2032, .T. ) ;
#2891 = ADVANCED_FACE ( 'NONE', ( #2321 ), #1374, .F. ) ;
#2892 = CARTESIAN_POINT ( 'NONE',  ( 0.08106407322654482495, 4.500000000000000888, 1.519083728689400611E-17 ) ) ;
#2893 = CARTESIAN_POINT ( 'NONE',  ( 9.741817252317071407, -1.053458627512307011, 11.70108498687085152 ) ) ;
#2894 = CARTESIAN_POINT ( 'NONE',  ( -4.925869865765811539, 7.500000000000000000, 9.353779821289554874 ) ) ;
#2895 = LINE ( 'NONE', #588, #1251 ) ;
#2896 = CARTESIAN_POINT ( 'NONE',  ( 5.948202465882123313, 7.500000000000000888, 9.306370152910483640 ) ) ;
#2897 = CARTESIAN_POINT ( 'NONE',  ( -3.773877217232735060, 5.000000000000000000, -0.5846681922196776959 ) ) ;
#2898 = DIRECTION ( 'NONE',  ( -1.000000000000000000, 0.000000000000000000, -8.807421908848951453E-16 ) ) ;
#2899 = CARTESIAN_POINT ( 'NONE',  ( 8.373924538616211777, 6.704246450890032349, -3.351474022444704826 ) ) ;
#2900 = CYLINDRICAL_SURFACE ( 'NONE', #2737, 0.7500000000000000000 ) ;
#2901 =( BOUNDED_SURFACE ( )  B_SPLINE_SURFACE ( 2, 3, ( 
 ( #25, #40, #735, #1655, #292, #278, #2588, #511, #767, #2365 ),
 ( #1445, #1921, #1686, #312, #543, #1894, #744, #1714, #2893, #1454 ),
 ( #519, #2642, #335, #2658, #1680, #2186, #1941, #2826, #1241, #1229 ) ),
 .UNSPECIFIED., .F., .F., .F. ) 
 B_SPLINE_SURFACE_WITH_KNOTS ( ( 3, 3 ),
 ( 4, 3, 3, 4 ),
 ( 0.000000000000000000, 1.000000000000000000 ),
 ( -0.006753989254063316565, -0.004547433174704761105, 0.003182234377276267883, 0.004810811371363538785 ),
 .UNSPECIFIED. ) 
 GEOMETRIC_REPRESENTATION_ITEM ( )  RATIONAL_B_SPLINE_SURFACE ( (
 ( 1.000000000000000000, 1.000000000000000000, 1.000000000000000000, 1.000000000000000000, 1.000000000000000000, 1.000000000000000000, 1.000000000000000000, 1.000000000000000000, 1.000000000000000000, 1.000000000000000000),
 ( 0.7176885430348759476, 0.7176885430348759476, 0.7176885430348759476, 0.7176885430348759476, 0.7176885430348759476, 0.7176885430348759476, 0.7176885430348759476, 0.7176885430348759476, 0.7176885430348759476, 0.7176885430348759476),
 ( 1.000000000000000000, 1.000000000000000000, 1.000000000000000000, 1.000000000000000000, 1.000000000000000000, 1.000000000000000000, 1.000000000000000000, 1.000000000000000000, 1.000000000000000000, 1.000000000000000000) ) ) 
 REPRESENTATION_ITEM ( '' )  SURFACE ( )  );
#2902 = ORIENTED_EDGE ( 'NONE', *, *, #858, .T. ) ;
#2903 = ORIENTED_EDGE ( 'NONE', *, *, #827, .T. ) ;
#2904 = CARTESIAN_POINT ( 'NONE',  ( -4.523877217232733727, 4.689339828220179029, -1.334668192219677918 ) ) ;
#2905 = PLANE ( 'NONE',  #1619 ) ;
#2906 = CARTESIAN_POINT ( 'NONE',  ( 3.786005363685820857, 4.250000000000000000, -1.334668192219678362 ) ) ;
#2907 = CARTESIAN_POINT ( 'NONE',  ( -8.624738249512544641, 2.377388165875785830, 10.35752831576025379 ) ) ;
#2908 = EDGE_CURVE ( 'NONE', #1830, #1875, #2720, .T. ) ;
#2909 = CARTESIAN_POINT ( 'NONE',  ( -4.523877217232734615, 20.28368184495133519, 9.125204664151458612E-16 ) ) ;
#2910 = CARTESIAN_POINT ( 'NONE',  ( 5.806485008688598626, 4.509552663503129111, -6.289512386718355330 ) ) ;
#2911 = CARTESIAN_POINT ( 'NONE',  ( 5.036005363685820413, 20.28368184495133519, -1.334668192219678362 ) ) ;
#2912 = CARTESIAN_POINT ( 'NONE',  ( -5.795932195844374135, 7.500000000000000000, -4.730657255634866942 ) ) ;
#2913 = CARTESIAN_POINT ( 'NONE',  ( 6.907571063361739760, 6.766360796717673765, -5.506049777072594686 ) ) ;
#2914 = FACE_OUTER_BOUND ( 'NONE', #2230, .T. ) ;
#2915 = ORIENTED_EDGE ( 'NONE', *, *, #611, .F. ) ;
#2916 =( BOUNDED_CURVE ( )  B_SPLINE_CURVE ( 3, ( #37, #504, #1899, #1883 ),
 .UNSPECIFIED., .F., .F. ) 
 B_SPLINE_CURVE_WITH_KNOTS ( ( 4, 4 ),
 ( 4.712388980384689674, 6.283185307179586232 ),
 .UNSPECIFIED. ) 
 CURVE ( )  GEOMETRIC_REPRESENTATION_ITEM ( )  RATIONAL_B_SPLINE_CURVE ( ( 1.000000000000000000, 0.8047378541243649375, 0.8047378541243649375, 1.000000000000000000 ) ) 
 REPRESENTATION_ITEM ( '' )  );
#2917 = ORIENTED_EDGE ( 'NONE', *, *, #2240, .F. ) ;
#2918 = CARTESIAN_POINT ( 'NONE',  ( -7.382746361206337760, 7.500000000000163425, 8.601206942780908804 ) ) ;
#2919 = CARTESIAN_POINT ( 'NONE',  ( -7.824762095053188204, 2.335209295277916208, -6.672907787860980378 ) ) ;
#2920 = FACE_OUTER_BOUND ( 'NONE', #2027, .T. ) ;
#2921 = CARTESIAN_POINT ( 'NONE',  ( -7.867191693294899757, 6.673648177666932746, -2.966602131212032312 ) ) ;
#2922 = DIRECTION ( 'NONE',  ( 0.000000000000000000, 0.000000000000000000, 1.000000000000000000 ) ) ;
#2923 = VECTOR ( 'NONE', #2867, 1000.000000000000000 ) ;
#2924 = DIRECTION ( 'NONE',  ( -0.000000000000000000, -1.000000000000000000, -0.000000000000000000 ) ) ;
#2925 = DIRECTION ( 'NONE',  ( 0.000000000000000000, -1.000000000000000000, 0.000000000000000000 ) ) ;
#2926 = CARTESIAN_POINT ( 'NONE',  ( 5.822869903452073004, 6.704246450883859509, 10.33319227317107369 ) ) ;
#2927 = VECTOR ( 'NONE', #2095, 999.9999999999998863 ) ;
#2928 = CARTESIAN_POINT ( 'NONE',  ( 0.9310640732265441644, 0.000000000000000000, 4.240331807780323814 ) ) ;
#2929 = CARTESIAN_POINT ( 'NONE',  ( 7.870690903369220059, 7.149453399657691222, -1.591981607291017786 ) ) ;
#2930 = DIRECTION ( 'NONE',  ( 0.000000000000000000, 0.000000000000000000, -1.000000000000000000 ) ) ;
#2931 = ORIENTED_EDGE ( 'NONE', *, *, #481, .T. ) ;
#2932 = EDGE_LOOP ( 'NONE', ( #2747, #2149 ) ) ;
#2933 = AXIS2_PLACEMENT_3D ( 'NONE', #1242, #1895, #776 ) ;
#2934 = EDGE_LOOP ( 'NONE', ( #2777, #317 ) ) ;
#2935 = ORIENTED_EDGE ( 'NONE', *, *, #2434, .T. ) ;
#2936 =( BOUNDED_CURVE ( )  B_SPLINE_CURVE ( 3, ( #1492, #397, #1024, #1945 ),
 .UNSPECIFIED., .F., .F. ) 
 B_SPLINE_CURVE_WITH_KNOTS ( ( 4, 4 ),
 ( 0.000000000000000000, 1.570796326794896558 ),
 .UNSPECIFIED. ) 
 CURVE ( )  GEOMETRIC_REPRESENTATION_ITEM ( )  RATIONAL_B_SPLINE_CURVE ( ( 1.000000000000000000, 0.8047378541243649375, 0.8047378541243649375, 1.000000000000000000 ) ) 
 REPRESENTATION_ITEM ( '' )  );
#2937 = CARTESIAN_POINT ( 'NONE',  ( -6.226499140857283621, 7.499999999999994671, 8.876916051460707280 ) ) ;
#2938 = CARTESIAN_POINT ( 'NONE',  ( 0.000000000000000000, 5.000000000000000000, 0.000000000000000000 ) ) ;
#2939 = DIRECTION ( 'NONE',  ( 0.000000000000000000, -0.000000000000000000, 1.000000000000000000 ) ) ;
#2940 = PLANE ( 'NONE',  #2200 ) ;
#2941 = LINE ( 'NONE', #130, #1279 ) ;
#2942 = AXIS2_PLACEMENT_3D ( 'NONE', #1062, #1036, #852 ) ;
#2943 = CARTESIAN_POINT ( 'NONE',  ( 5.036005363685820413, 4.250000000000000000, -1.334668192219678362 ) ) ;
#2944 = ORIENTED_EDGE ( 'NONE', *, *, #450, .F. ) ;
#2945 = DIRECTION ( 'NONE',  ( 0.000000000000000000, -1.000000000000000000, 0.000000000000000000 ) ) ;
#2946 = CARTESIAN_POINT ( 'NONE',  ( 8.072015244194174599, 6.758920368064352147, -4.261298075804675456 ) ) ;
#2947 = EDGE_CURVE ( 'NONE', #872, #45, #2595, .T. ) ;
#2948 = ORIENTED_EDGE ( 'NONE', *, *, #2772, .F. ) ;
#2949 = VERTEX_POINT ( 'NONE', #1332 ) ;
#2950 = ADVANCED_FACE ( 'NONE', ( #638 ), #2506, .F. ) ;
#2951 = ORIENTED_EDGE ( 'NONE', *, *, #2514, .F. ) ;
#2952 = CARTESIAN_POINT ( 'NONE',  ( -7.250806756410959508, 6.776010522933519020, -4.754413799287533493 ) ) ;
#2953 = CARTESIAN_POINT ( 'NONE',  ( -1.773877217232734171, 4.000000000000000000, 6.995273098239597864 ) ) ;
#2954 = PLANE ( 'NONE',  #2304 ) ;
#2955 = DIRECTION ( 'NONE',  ( -1.873929680839142821E-16, 0.000000000000000000, 1.000000000000000000 ) ) ;
#2956 = LINE ( 'NONE', #2696, #986 ) ;
#2957 = CARTESIAN_POINT ( 'NONE',  ( 0.9310640732265441644, 4.500000000000000888, 4.240331807780323814 ) ) ;
#2958 = CARTESIAN_POINT ( 'NONE',  ( 5.948202463646070193, 7.500000000000000888, 9.306370149241892875 ) ) ;
#2959 = CARTESIAN_POINT ( 'NONE',  ( 0.000000000000000000, 5.000000000000000000, -0.5846681922196783621 ) ) ;
#2960 = ORIENTED_EDGE ( 'NONE', *, *, #1027, .F. ) ;
#2961 = ORIENTED_EDGE ( 'NONE', *, *, #1009, .F. ) ;
#2962 = EDGE_CURVE ( 'NONE', #363, #872, #173, .T. ) ;
#2963 = ORIENTED_EDGE ( 'NONE', *, *, #1177, .T. ) ;
#2964 = EDGE_LOOP ( 'NONE', ( #1593, #456, #1466, #2944 ) ) ;
#2965 = DIRECTION ( 'NONE',  ( -0.000000000000000000, 1.000000000000000000, -0.000000000000000000 ) ) ;
#2966 = FACE_OUTER_BOUND ( 'NONE', #2656, .T. ) ;
#2967 = DIRECTION ( 'NONE',  ( -0.000000000000000000, -0.9396926207859083169, -0.3420201433256691570 ) ) ;
#2968 = CARTESIAN_POINT ( 'NONE',  ( -8.632175522414753388, 2.335209295277946850, 10.29615797606002658 ) ) ;
#2969 = DIRECTION ( 'NONE',  ( 1.000000000000000000, 0.000000000000000000, -2.017120320903264442E-16 ) ) ;
#2970 = FACE_OUTER_BOUND ( 'NONE', #693, .T. ) ;
#2971 = CARTESIAN_POINT ( 'NONE',  ( -4.523877217232734615, 0.000000000000000000, -1.334668192219677918 ) ) ;
#2972 = CARTESIAN_POINT ( 'NONE',  ( 6.421296102249431037, 7.500000000000000888, 9.101951078538007778 ) ) ;
#2973 =( LENGTH_UNIT ( ) NAMED_UNIT ( * ) SI_UNIT ( .MILLI., .METRE. ) );
#2974 = CIRCLE ( 'NONE', #447, 1.000000000000000000 ) ;
#2975 = ORIENTED_EDGE ( 'NONE', *, *, #1494, .F. ) ;
#2976 = VERTEX_POINT ( 'NONE', #864 ) ;
#2977 = ORIENTED_EDGE ( 'NONE', *, *, #66, .F. ) ;
#2978 = LINE ( 'NONE', #1118, #1564 ) ;
#2979 = ADVANCED_FACE ( 'NONE', ( #894 ), #1345, .F. ) ;
#2980 = EDGE_CURVE ( 'NONE', #727, #281, #2308, .T. ) ;
#2981 = DIRECTION ( 'NONE',  ( 1.000000000000000000, -0.000000000000000000, -0.000000000000000000 ) ) ;
#2982 = VECTOR ( 'NONE', #2489, 1000.000000000000000 ) ;
#2983 = VECTOR ( 'NONE', #2800, 1000.000000000000000 ) ;
#2984 = ADVANCED_FACE ( 'NONE', ( #1149 ), #1807, .F. ) ;
#2985 = CARTESIAN_POINT ( 'NONE',  ( 0.2560640732265440644, 7.030000000000001137, 2.215331807780322571 ) ) ;
#2986 = CARTESIAN_POINT ( 'NONE',  ( 9.856313616372586850, -1.702799775392676240, -6.646311920606565948 ) ) ;
#2987 = CARTESIAN_POINT ( 'NONE',  ( -1.773877217232734171, 5.000000000000000000, 6.995273098239597864 ) ) ;
#2988 = CARTESIAN_POINT ( 'NONE',  ( 6.634592860180401175, 7.500000000000000888, 8.961596306908228726 ) ) ;
#2989 = FACE_OUTER_BOUND ( 'NONE', #2075, .T. ) ;
#2990 = ORIENTED_EDGE ( 'NONE', *, *, #1494, .T. ) ;
#2991 = ORIENTED_EDGE ( 'NONE', *, *, #2275, .T. ) ;
#2992 = ORIENTED_EDGE ( 'NONE', *, *, #2516, .T. ) ;
#2993 = ORIENTED_EDGE ( 'NONE', *, *, #1102, .T. ) ;
#2994 = DIRECTION ( 'NONE',  ( -1.000000000000000000, 0.000000000000000000, -1.606225440719265381E-16 ) ) ;
#2995 = CARTESIAN_POINT ( 'NONE',  ( -0.4189359267734552028, 0.000000000000000000, -7.850564675506312877E-17 ) ) ;
#2996 = CARTESIAN_POINT ( 'NONE',  ( -2.523877217232734171, 20.71259539068925193, 1.178430281813140912 ) ) ;
#2997 = EDGE_LOOP ( 'NONE', ( #411, #468, #2318, #2560, #3007, #2746, #347, #2917, #567, #64, #12, #2951 ) ) ;
#2998 = ADVANCED_FACE ( 'NONE', ( #2966 ), #196, .F. ) ;
#2999 = CARTESIAN_POINT ( 'NONE',  ( 0.9310640732265448305, 4.500000000000000888, 1.495498801356181381E-16 ) ) ;
#3000 = DIRECTION ( 'NONE',  ( 1.000000000000000000, 0.000000000000000000, 3.252606517456513795E-16 ) ) ;
#3001 = DIRECTION ( 'NONE',  ( 1.000000000000000000, 0.000000000000000000, 4.818676322157798361E-16 ) ) ;
#3002 = EDGE_CURVE ( 'NONE', #1073, #514, #2046, .T. ) ;
#3003 = LINE ( 'NONE', #432, #1220 ) ;
#3004 = B_SPLINE_CURVE_WITH_KNOTS ( 'NONE', 3,
 ( #2704, #2280, #195, #2748, #679, #2351, #1582, #2952, #169, #1792, #393, #2294, #1357, #1134, #1314, #2018 ),
 .UNSPECIFIED., .F., .F.,
 ( 4, 2, 2, 2, 2, 2, 2, 4 ),
 ( -5.999999999227081899E-08, 0.0005791259861475645367, 0.001158311972295121995, 0.001737497958442679345, 0.002316683944590236695, 0.002895869930737793828, 0.003475055916885351395, 0.004633427889180466962 ),
 .UNSPECIFIED. ) ;
#3005 = DIRECTION ( 'NONE',  ( -1.156482317317871478E-16, 0.000000000000000000, 1.000000000000000000 ) ) ;
#3006 = VERTEX_POINT ( 'NONE', #2019 ) ;
#3007 = ORIENTED_EDGE ( 'NONE', *, *, #1476, .F. ) ;
#3008 = LINE ( 'NONE', #919, #980 ) ;
#3009 = B_SPLINE_CURVE_WITH_KNOTS ( 'NONE', 3,
 ( #24, #2817, #2130, #74, #56, #2834, #995, #475, #7, #929, #1855, #2787, #1395, #2330, #2926, #1016 ),
 .UNSPECIFIED., .F., .F.,
 ( 4, 2, 2, 2, 2, 2, 2, 4 ),
 ( -5.999999999138201673E-08, 0.0005791259861475652956, 0.001158311972295124597, 0.001737497958442683899, 0.002316683944590241899, 0.002895869930737799466, 0.003475055916885357466, 0.004633427889180477370 ),
 .UNSPECIFIED. ) ;
#3010 = ORIENTED_EDGE ( 'NONE', *, *, #2278, .F. ) ;
#3011 = DIRECTION ( 'NONE',  ( -1.873929680839142821E-16, 0.000000000000000000, 1.000000000000000000 ) ) ;
ENDSEC;
END-ISO-10303-21;
