ISO-10303-21;
HEADER;
FILE_DESCRIPTION (( 'STEP AP214' ),
    '1' );
FILE_NAME ('Stylized_Key_Cap_Concave.STEP',
    '2026-10-06T03:34:17',
    ( '' ),
    ( '' ),
    'SwSTEP 2.0',
    'SolidWorks 2024',
    '' );
FILE_SCHEMA (( 'AUTOMOTIVE_DESIGN' ));
ENDSEC;

DATA;
#1 = FACE_OUTER_BOUND ( 'NONE', #1063, .T. ) ;
#2 = VERTEX_POINT ( 'NONE', #351 ) ;
#3 = CARTESIAN_POINT ( 'NONE',  ( -0.1189359267734538123, 0.000000000000000000, -7.561917326212202810E-18 ) ) ;
#4 = CARTESIAN_POINT ( 'NONE',  ( -5.358582780032556947, 5.240494275988550221, 9.917151030910831722 ) ) ;
#5 = CARTESIAN_POINT ( 'NONE',  ( 5.399975597952026085, 3.000000000000000000, -2.928579716945156175 ) ) ;
#6 = EDGE_LOOP ( 'NONE', ( #1075, #1070, #1715, #638 ) ) ;
#7 = CARTESIAN_POINT ( 'NONE',  ( 5.709843575691553319, 6.000000000000000000, -5.187606676791606475 ) ) ;
#8 = CARTESIAN_POINT ( 'NONE',  ( 7.855602591305156146, 6.000000000000001776, 8.716133541679067065 ) ) ;
#9 = DIRECTION ( 'NONE',  ( -1.606225440719266120E-16, 0.000000000000000000, 1.000000000000000000 ) ) ;
#10 = EDGE_LOOP ( 'NONE', ( #1233, #1983, #938 ) ) ;
#11 = DIRECTION ( 'NONE',  ( -0.000000000000000000, 0.000000000000000000, 1.000000000000000000 ) ) ;
#12 = EDGE_CURVE ( 'NONE', #881, #544, #1580, .T. ) ;
#13 = ORIENTED_EDGE ( 'NONE', *, *, #318, .T. ) ;
#14 = FACE_OUTER_BOUND ( 'NONE', #267, .T. ) ;
#15 = VECTOR ( 'NONE', #838, 1000.000000000000000 ) ;
#16 = VECTOR ( 'NONE', #328, 1000.000000000000000 ) ;
#17 = DIRECTION ( 'NONE',  ( 1.070816960479510377E-16, 0.000000000000000000, -1.000000000000000000 ) ) ;
#18 = AXIS2_PLACEMENT_3D ( 'NONE', #110, #1613, #1294 ) ;
#19 = ORIENTED_EDGE ( 'NONE', *, *, #703, .F. ) ;
#20 = FACE_OUTER_BOUND ( 'NONE', #101, .T. ) ;
#21 = AXIS2_PLACEMENT_3D ( 'NONE', #582, #1680, #273 ) ;
#22 = CARTESIAN_POINT ( 'NONE',  ( 6.578298451146102011, 5.999999999999978684, 8.826962265858576018 ) ) ;
#23 = ORIENTED_EDGE ( 'NONE', *, *, #1704, .F. ) ;
#24 =( BOUNDED_CURVE ( )  B_SPLINE_CURVE ( 3, ( #411, #1167, #1799, #392 ),
 .UNSPECIFIED., .F., .T. ) 
 B_SPLINE_CURVE_WITH_KNOTS ( ( 4, 4 ),
 ( 4.712388980384689674, 5.352296399125790138 ),
 .UNSPECIFIED. ) 
 CURVE ( )  GEOMETRIC_REPRESENTATION_ITEM ( )  RATIONAL_B_SPLINE_CURVE ( ( 1.000000000000000000, 0.9661666523663392514, 0.9661666523663392514, 1.000000000000000000 ) ) 
 REPRESENTATION_ITEM ( '' )  );
#25 = ORIENTED_EDGE ( 'NONE', *, *, #650, .F. ) ;
#26 = EDGE_CURVE ( 'NONE', #1929, #1077, #1970, .T. ) ;
#27 = CARTESIAN_POINT ( 'NONE',  ( -5.888678351195438587, 5.273210894358921763, -5.862891175769556540 ) ) ;
#28 = ORIENTED_EDGE ( 'NONE', *, *, #901, .T. ) ;
#29 = CARTESIAN_POINT ( 'NONE',  ( 5.900040799128166924, 5.191272030738239174, 9.999970484563904805 ) ) ;
#30 = LINE ( 'NONE', #374, #210 ) ;
#31 = DIRECTION ( 'NONE',  ( 0.000000000000000000, -1.000000000000000000, -8.673617379884035472E-16 ) ) ;
#32 = ADVANCED_FACE ( 'NONE', ( #370, #1268 ), #1408, .T. ) ;
#33 = ORIENTED_EDGE ( 'NONE', *, *, #1515, .F. ) ;
#34 = CARTESIAN_POINT ( 'NONE',  ( 9.801186932388093354, -1.390160814735641015, -6.591185236622075116 ) ) ;
#35 = DIRECTION ( 'NONE',  ( -0.000000000000000000, 1.000000000000000000, -0.000000000000000000 ) ) ;
#36 = EDGE_LOOP ( 'NONE', ( #1733, #1649, #514 ) ) ;
#37 = DIRECTION ( 'NONE',  ( -0.000000000000000000, -1.000000000000000000, -0.000000000000000000 ) ) ;
#38 =( LENGTH_UNIT ( ) NAMED_UNIT ( * ) SI_UNIT ( .MILLI., .METRE. ) );
#39 = CARTESIAN_POINT ( 'NONE',  ( -6.074484903237045152, 5.999999999999989342, 8.364406525676118420 ) ) ;
#40 = CARTESIAN_POINT ( 'NONE',  ( -8.592937983207660224, -0.8450326537409480476, -7.233670248653878865 ) ) ;
#41 = DIRECTION ( 'NONE',  ( 0.000000000000000000, 0.3420201433256696566, -0.9396926207859080948 ) ) ;
#42 = ORIENTED_EDGE ( 'NONE', *, *, #442, .F. ) ;
#43 = CARTESIAN_POINT ( 'NONE',  ( 6.339668218737934069, 3.342020143325669324, -2.928579716945157507 ) ) ;
#44 = CARTESIAN_POINT ( 'NONE',  ( -4.303100561421286940, 6.728477409121683017, 9.728919701464775471 ) ) ;
#45 = CARTESIAN_POINT ( 'NONE',  ( -8.159875152467435555, -1.105386050788456380E-14, 10.76878301883602695 ) ) ;
#46 = ORIENTED_EDGE ( 'NONE', *, *, #1370, .F. ) ;
#47 = CIRCLE ( 'NONE', #1716, 7.093109588361113715 ) ;
#48 = CARTESIAN_POINT ( 'NONE',  ( 0.5560640732265457187, 6.000000000000000000, 1.915331807780320972 ) ) ;
#49 = EDGE_CURVE ( 'NONE', #1376, #947, #1875, .T. ) ;
#50 = VECTOR ( 'NONE', #382, 1000.000000000000000 ) ;
#51 = CARTESIAN_POINT ( 'NONE',  ( 7.164260947660497258, 5.281415090165075377, 9.605384442419861557 ) ) ;
#52 = LINE ( 'NONE', #497, #1081 ) ;
#53 = AXIS2_PLACEMENT_3D ( 'NONE', #1346, #1816, #1947 ) ;
#54 = DIRECTION ( 'NONE',  ( -0.000000000000000000, 1.000000000000000000, -0.000000000000000000 ) ) ;
#55 = ORIENTED_EDGE ( 'NONE', *, *, #1545, .T. ) ;
#56 = CARTESIAN_POINT ( 'NONE',  ( -6.522437247182464759, 5.295908461611908535, -5.436627058615928654 ) ) ;
#57 = CARTESIAN_POINT ( 'NONE',  ( -4.870683842943970276, 3.509552663503130887, 10.29650298298745881 ) ) ;
#58 = DIRECTION ( 'NONE',  ( 1.000000000000000000, 0.000000000000000000, 6.357975702847093827E-17 ) ) ;
#59 = DIRECTION ( 'NONE',  ( 0.000000000000000000, 1.000000000000000000, 0.000000000000000000 ) ) ;
#60 = ADVANCED_FACE ( 'NONE', ( #518 ), #200, .T. ) ;
#61 = ADVANCED_FACE ( 'NONE', ( #179 ), #823, .T. ) ;
#62 = CARTESIAN_POINT ( 'NONE',  ( 0.5560640732265442754, 5.876235673783145153, -3.458758810132639194 ) ) ;
#63 = CARTESIAN_POINT ( 'NONE',  ( -6.498028589583149106, 6.000000000000016875, -3.753416352073828843 ) ) ;
#64 = ORIENTED_EDGE ( 'NONE', *, *, #1897, .F. ) ;
#65 = CARTESIAN_POINT ( 'NONE',  ( -7.875951942958749896, -0.9676444878651658810, 11.08595363872477435 ) ) ;
#66 = ORIENTED_EDGE ( 'NONE', *, *, #1975, .T. ) ;
#67 = CARTESIAN_POINT ( 'NONE',  ( -6.640841681966900513E-17, 0.000000000000000000, 1.240331807780321371 ) ) ;
#68 = EDGE_CURVE ( 'NONE', #649, #627, #1864, .T. ) ;
#69 = DIRECTION ( 'NONE',  ( -0.3236155771181865037, -0.8891264907159874831, 0.3236155771181854490 ) ) ;
#70 = LINE ( 'NONE', #847, #15 ) ;
#71 = ORIENTED_EDGE ( 'NONE', *, *, #1683, .F. ) ;
#72 = ORIENTED_EDGE ( 'NONE', *, *, #1496, .F. ) ;
#73 = EDGE_CURVE ( 'NONE', #1015, #377, #484, .T. ) ;
#74 = CARTESIAN_POINT ( 'NONE',  ( -7.850772574043258345, 3.363996538402253655, -3.775755103005528746 ) ) ;
#75 = CARTESIAN_POINT ( 'NONE',  ( -8.614557757717905773, -0.9676444878651658810, 10.34734782396561847 ) ) ;
#76 = ADVANCED_FACE ( 'NONE', ( #1557 ), #886, .F. ) ;
#77 = CARTESIAN_POINT ( 'NONE',  ( -7.249064540441644944, 6.000000000000224709, 7.770966935613278892 ) ) ;
#78 = LINE ( 'NONE', #1633, #761 ) ;
#79 = CARTESIAN_POINT ( 'NONE',  ( 0.000000000000000000, 0.000000000000000000, 0.000000000000000000 ) ) ;
#80 = APPLICATION_CONTEXT ( 'automotive_design' ) ;
#81 = CARTESIAN_POINT ( 'NONE',  ( 6.470710926485498504, 5.240494275988303308, -6.086487415350320340 ) ) ;
#82 = VECTOR ( 'NONE', #430, 1000.000000000000000 ) ;
#83 = ORIENTED_EDGE ( 'NONE', *, *, #368, .F. ) ;
#84 = AXIS2_PLACEMENT_3D ( 'NONE', #215, #1575, #1778 ) ;
#85 = EDGE_CURVE ( 'NONE', #1625, #1034, #1173, .T. ) ;
#86 = CARTESIAN_POINT ( 'NONE',  ( -8.443935926773454170, 2.168404344971008868E-16, 10.91533180778031742 ) ) ;
#87 = CARTESIAN_POINT ( 'NONE',  ( -7.187777086828804229, 5.999999999999806377, 7.941897562697930013 ) ) ;
#88 = CARTESIAN_POINT ( 'NONE',  ( 9.556064073226542277, 0.000000000000000000, -6.343303859998225214 ) ) ;
#89 = CARTESIAN_POINT ( 'NONE',  ( -8.425410742073916381, -3.760679619966418460E-15, -6.537694161232918688 ) ) ;
#90 = DIRECTION ( 'NONE',  ( -0.9396926207859080948, 0.3420201433256693790, 0.000000000000000000 ) ) ;
#91 = CARTESIAN_POINT ( 'NONE',  ( 8.299905233281782202, 6.000000000000029310, -4.111233947137053590 ) ) ;
#92 = ORIENTED_EDGE ( 'NONE', *, *, #284, .F. ) ;
#93 = ORIENTED_EDGE ( 'NONE', *, *, #686, .T. ) ;
#94 = LINE ( 'NONE', #575, #641 ) ;
#95 = DIRECTION ( 'NONE',  ( 0.3236155771181852825, 0.8891264907159879272, 0.3236155771181852825 ) ) ;
#96 = CARTESIAN_POINT ( 'NONE',  ( 9.556064073226545830, 0.000000000000000000, 10.17396747555887160 ) ) ;
#97 = CARTESIAN_POINT ( 'NONE',  ( 7.659002557798471500, 6.000000000000000000, 7.069111310245332014 ) ) ;
#98 = CARTESIAN_POINT ( 'NONE',  ( -7.374295925107619887, 1.877388165875782944, -6.753634005312997068 ) ) ;
#99 = DIRECTION ( 'NONE',  ( 0.000000000000000000, -1.000000000000000000, 0.000000000000000000 ) ) ;
#100 = EDGE_LOOP ( 'NONE', ( #1836, #1040, #597, #1885 ) ) ;
#101 = EDGE_LOOP ( 'NONE', ( #762, #1415, #657, #609 ) ) ;
#102 = PRODUCT_DEFINITION_SHAPE ( 'NONE', 'NONE',  #832 ) ;
#103 = DIRECTION ( 'NONE',  ( 1.000000000000000000, -0.000000000000000000, 9.230270822633356790E-16 ) ) ;
#104 = CARTESIAN_POINT ( 'NONE',  ( -8.443935926773454170, 0.000000000000000000, 10.91533180778032097 ) ) ;
#105 = CARTESIAN_POINT ( 'NONE',  ( 8.241935408424193810, 5.281747765149733986, 8.530763801641493060 ) ) ;
#106 = EDGE_CURVE ( 'NONE', #1420, #1615, #1753, .T. ) ;
#107 = CARTESIAN_POINT ( 'NONE',  ( 8.150307317016164177, 5.999999999999918288, -4.434986086539495886 ) ) ;
#108 = DIRECTION ( 'NONE',  ( -1.239088197126291310E-16, 0.000000000000000000, 1.000000000000000000 ) ) ;
#109 = ADVANCED_FACE ( 'NONE', ( #410 ), #1029, .F. ) ;
#110 = CARTESIAN_POINT ( 'NONE',  ( 0.5560640732265457187, 0.000000000000000000, 1.915331807780320972 ) ) ;
#111 = AXIS2_PLACEMENT_3D ( 'NONE', #1874, #59, #1127 ) ;
#112 = ORIENTED_EDGE ( 'NONE', *, *, #431, .F. ) ;
#113 = VECTOR ( 'NONE', #1418, 1000.000000000000000 ) ;
#114 = VECTOR ( 'NONE', #884, 1000.000000000000000 ) ;
#115 = PLANE ( 'NONE',  #1465 ) ;
#116 = CARTESIAN_POINT ( 'NONE',  ( -0.1189359267734537984, 0.000000000000000000, -0.1096681922196785647 ) ) ;
#117 = CARTESIAN_POINT ( 'NONE',  ( -7.385974042522660987, 6.000000000000000888, 7.069111310245332902 ) ) ;
#118 = CARTESIAN_POINT ( 'NONE',  ( 9.726685904170995656, -0.9676444878651663251, 10.34734782396561670 ) ) ;
#119 = CARTESIAN_POINT ( 'NONE',  ( 8.026868884028088402, 5.293102753753782252, 8.849630803903695053 ) ) ;
#120 = CARTESIAN_POINT ( 'NONE',  ( -6.380571492227598007, 6.000000000000100364, 9.100911979990190304 ) ) ;
#121 = CARTESIAN_POINT ( 'NONE',  ( 6.224812233600137468, 6.000000000000020428, -5.138760856288100420 ) ) ;
#122 = FACE_OUTER_BOUND ( 'NONE', #1564, .T. ) ;
#123 = CARTESIAN_POINT ( 'NONE',  ( -0.1189359267734540482, 0.000000000000000000, 3.940331807780321771 ) ) ;
#124 = ORIENTED_EDGE ( 'NONE', *, *, #1389, .T. ) ;
#125 = FACE_OUTER_BOUND ( 'NONE', #1215, .T. ) ;
#126 = ADVANCED_FACE ( 'NONE', ( #852 ), #563, .F. ) ;
#127 = CARTESIAN_POINT ( 'NONE',  ( 8.643810310810680519, 5.173648177666930970, 6.902946664492903395 ) ) ;
#128 = DIRECTION ( 'NONE',  ( 0.000000000000000000, 0.000000000000000000, -1.000000000000000000 ) ) ;
#129 = PLANE ( 'NONE',  #572 ) ;
#130 = ORIENTED_EDGE ( 'NONE', *, *, #1335, .T. ) ;
#131 = EDGE_CURVE ( 'NONE', #882, #906, #1801, .T. ) ;
#132 = CARTESIAN_POINT ( 'NONE',  ( 1.231064073226546318, 0.000000000000000000, 1.318244289047975903E-16 ) ) ;
#133 = EDGE_CURVE ( 'NONE', #1890, #1303, #1686, .T. ) ;
#134 = EDGE_LOOP ( 'NONE', ( #849, #956, #1182, #1950 ) ) ;
#135 = FACE_OUTER_BOUND ( 'NONE', #1094, .T. ) ;
#136 = CARTESIAN_POINT ( 'NONE',  ( -6.295498011995859677, 6.000000000000000000, -4.221918217132881956 ) ) ;
#137 = PLANE ( 'NONE',  #602 ) ;
#138 = ORIENTED_EDGE ( 'NONE', *, *, #1123, .T. ) ;
#139 = LINE ( 'NONE', #1837, #990 ) ;
#140 = VECTOR ( 'NONE', #1709, 1000.000000000000000 ) ;
#141 = ADVANCED_FACE ( 'NONE', ( #1945 ), #1204, .T. ) ;
#142 = CARTESIAN_POINT ( 'NONE',  ( -5.795407717021519467, 5.999999999999413802, 9.508915253990057437 ) ) ;
#143 = VECTOR ( 'NONE', #1839, 1000.000000000000000 ) ;
#144 = VECTOR ( 'NONE', #768, 1000.000000000000000 ) ;
#145 = CARTESIAN_POINT ( 'NONE',  ( 5.630158027980128210, 5.509552663503131775, 9.943849021570528635 ) ) ;
#146 = CARTESIAN_POINT ( 'NONE',  ( 7.635411008977389891, 5.295908830195494410, 9.266448405069397154 ) ) ;
#147 = ORIENTED_EDGE ( 'NONE', *, *, #1984, .T. ) ;
#148 = CARTESIAN_POINT ( 'NONE',  ( 6.904127761872387303, 6.000000000000051514, 8.628044377094219897 ) ) ;
#149 = CARTESIAN_POINT ( 'NONE',  ( -6.546874407929573536, 6.000000000000000000, -3.495038952726412074 ) ) ;
#150 = DIRECTION ( 'NONE',  ( -0.000000000000000000, 1.000000000000000000, -0.000000000000000000 ) ) ;
#151 = VERTEX_POINT ( 'NONE', #1676 ) ;
#152 = CARTESIAN_POINT ( 'NONE',  ( -5.951271915983457284, 6.000000000000501821, 9.419718341827151065 ) ) ;
#153 = CARTESIAN_POINT ( 'NONE',  ( 7.659002557798471500, 5.999999999999996447, 7.069111310245332902 ) ) ;
#154 = ORIENTED_EDGE ( 'NONE', *, *, #368, .T. ) ;
#155 = CARTESIAN_POINT ( 'NONE',  ( -6.055913583750466955, 5.281580162764595521, -5.772454261769321526 ) ) ;
#156 = ORIENTED_EDGE ( 'NONE', *, *, #448, .F. ) ;
#157 = CARTESIAN_POINT ( 'NONE',  ( 7.647084926673194616, 5.999999999999997335, -3.494567077656558496 ) ) ;
#158 = CARTESIAN_POINT ( 'NONE',  ( 7.490841483533467127, 5.999999999999988454, 9.102563823876787197 ) ) ;
#159 = VERTEX_POINT ( 'NONE', #918 ) ;
#160 = LINE ( 'NONE', #648, #1211 ) ;
#161 =( BOUNDED_SURFACE ( )  B_SPLINE_SURFACE ( 3, 2, ( 
 ( #1032, #1645, #1349 ),
 ( #1180, #1928, #895 ),
 ( #1038, #1459, #736 ),
 ( #888, #1005, #1488 ),
 ( #1477, #91, #1336 ),
 ( #1936, #107, #1158 ),
 ( #1948, #1612, #580 ),
 ( #1653, #718, #1501 ),
 ( #1192, #1800, #424 ),
 ( #403, #1169, #856 ),
 ( #230, #1766, #1326 ),
 ( #1782, #1012, #254 ),
 ( #271, #243, #1302 ),
 ( #81, #1024, #121 ),
 ( #707, #1905, #542 ),
 ( #1315, #1149, #1757 ) ),
 .UNSPECIFIED., .F., .F., .T. ) 
 B_SPLINE_SURFACE_WITH_KNOTS ( ( 4, 2, 2, 2, 2, 2, 2, 4 ),
 ( 3, 3 ),
 ( 0.000000000000000000, 0.0003822704006468826787, 0.0007645408012937653574, 0.001146811201940647982, 0.001529081602587530715, 0.001911352003234413448, 0.002293622403881295964, 0.003058163205175061430 ),
 ( 0.000000000000000000, 1.000000000000000000 ),
 .UNSPECIFIED. ) 
 GEOMETRIC_REPRESENTATION_ITEM ( )  RATIONAL_B_SPLINE_SURFACE ( (
 ( 1.000000000000000000, 0.7660444431189779024, 1.000000000000000000),
 ( 1.000000000000000000, 0.7717974870890338401, 1.000000000000000000),
 ( 1.000000000000000000, 0.7771382677754220536, 1.000000000000000000),
 ( 1.000000000000000000, 0.7866933155288985402, 1.000000000000000000),
 ( 1.000000000000000000, 0.7909444607417518425, 1.000000000000000000),
 ( 1.000000000000000000, 0.7978078802000018177, 1.000000000000000000),
 ( 1.000000000000000000, 0.8004440985328017399, 1.000000000000000000),
 ( 1.000000000000000000, 0.8040270847889062766, 1.000000000000000000),
 ( 1.000000000000000000, 0.8049560426510902200, 1.000000000000000000),
 ( 1.000000000000000000, 0.8049644313257837691, 1.000000000000000000),
 ( 1.000000000000000000, 0.8040755934312892039, 1.000000000000000000),
 ( 1.000000000000000000, 0.8004983064083645017, 1.000000000000000000),
 ( 1.000000000000000000, 0.7978276240543827891, 1.000000000000000000),
 ( 1.000000000000000000, 0.7875872931868289628, 1.000000000000000000),
 ( 1.000000000000000000, 0.7775408985777886306, 1.000000000000000000),
 ( 1.000000000000000000, 0.7660444431189782355, 1.000000000000000000) ) ) 
 REPRESENTATION_ITEM ( '' )  SURFACE ( )  );
#162 = CARTESIAN_POINT ( 'NONE',  ( -5.112684087146940115, 6.000000000000018652, 8.969424471848411073 ) ) ;
#163 = CARTESIAN_POINT ( 'NONE',  ( 8.988080089411838003, -0.9676444878651663251, -7.255290023164131519 ) ) ;
#164 = DIRECTION ( 'NONE',  ( 0.3236155771181857266, -0.8891264907159882602, 0.3236155771181844498 ) ) ;
#165 = CARTESIAN_POINT ( 'NONE',  ( -1.468935926773454081, 0.000000000000000000, -2.359442256370054498E-16 ) ) ;
#166 = FACE_OUTER_BOUND ( 'NONE', #1804, .T. ) ;
#167 = ORIENTED_EDGE ( 'NONE', *, *, #106, .T. ) ;
#168 = CARTESIAN_POINT ( 'NONE',  ( 0.5560640732265460517, 5.529999999999997584, 3.868551485589154737 ) ) ;
#169 = ADVANCED_FACE ( 'NONE', ( #1041 ), #902, .F. ) ;
#170 = EDGE_CURVE ( 'NONE', #342, #649, #1961, .T. ) ;
#171 = ORIENTED_EDGE ( 'NONE', *, *, #428, .T. ) ;
#172 = ORIENTED_EDGE ( 'NONE', *, *, #1389, .F. ) ;
#173 = CARTESIAN_POINT ( 'NONE',  ( 9.705066129660743002, -0.8450326537409491579, -7.233670248653880641 ) ) ;
#174 = EDGE_CURVE ( 'NONE', #184, #462, #52, .T. ) ;
#175 = AXIS2_PLACEMENT_3D ( 'NONE', #645, #372, #1559 ) ;
#176 = VECTOR ( 'NONE', #340, 1000.000000000000000 ) ;
#177 = CARTESIAN_POINT ( 'NONE',  ( -6.914740737575000296, 5.293102753753778700, -5.018967188343047781 ) ) ;
#178 = AXIS2_PLACEMENT_3D ( 'NONE', #1329, #278, #1172 ) ;
#179 = FACE_OUTER_BOUND ( 'NONE', #523, .T. ) ;
#180 = CARTESIAN_POINT ( 'NONE',  ( 0.5560640732265451636, 5.529999999999997584, -0.03788787002851310565 ) ) ;
#181 = VECTOR ( 'NONE', #1435, 1000.000000000000000 ) ;
#182 = CARTESIAN_POINT ( 'NONE',  ( 6.341135641763369968, 5.999999999999978684, 8.922409870281752475 ) ) ;
#183 = CARTESIAN_POINT ( 'NONE',  ( -6.307492770767896495, 6.000000000000016875, -4.225854590430017765 ) ) ;
#184 = VERTEX_POINT ( 'NONE', #1574 ) ;
#185 = ORIENTED_EDGE ( 'NONE', *, *, #1704, .T. ) ;
#186 = ORIENTED_EDGE ( 'NONE', *, *, #510, .F. ) ;
#187 = DIRECTION ( 'NONE',  ( -1.000000000000000000, 0.000000000000000000, 0.000000000000000000 ) ) ;
#188 = EDGE_CURVE ( 'NONE', #1910, #338, #70, .T. ) ;
#189 = CARTESIAN_POINT ( 'NONE',  ( 6.339668218737932293, 3.342020143325668879, 8.915331807780320972 ) ) ;
#190 = CARTESIAN_POINT ( 'NONE',  ( -0.1189359267734538123, 0.000000000000000000, -7.561917326212202810E-18 ) ) ;
#191 = DIRECTION ( 'NONE',  ( 0.000000000000000000, 0.000000000000000000, -1.000000000000000000 ) ) ;
#192 = CARTESIAN_POINT ( 'NONE',  ( -10.19211716259937184, 5.876235673783145153, 7.289422425693282470 ) ) ;
#193 = CARTESIAN_POINT ( 'NONE',  ( 5.709843575692000073, 6.000000000000000000, 9.018270292352251971 ) ) ;
#194 = CARTESIAN_POINT ( 'NONE',  ( 8.814699741005089351, 0.000000000000000000, -7.084668192219678140 ) ) ;
#195 = LINE ( 'NONE', #1122, #765 ) ;
#196 = ORIENTED_EDGE ( 'NONE', *, *, #1951, .T. ) ;
#197 = CARTESIAN_POINT ( 'NONE',  ( -4.726708976600532353, 6.000000000000000000, -5.187606673763967002 ) ) ;
#198 = EDGE_CURVE ( 'NONE', #816, #1576, #30, .T. ) ;
#199 = CARTESIAN_POINT ( 'NONE',  ( 5.709843575691555095, 6.000000000000000000, 9.018270292352248418 ) ) ;
#200 = CYLINDRICAL_SURFACE ( 'NONE', #1341, 1.000000000000000000 ) ;
#201 = CARTESIAN_POINT ( 'NONE',  ( 0.5560640732265457187, 5.529999999999998472, 1.915331807780319195 ) ) ;
#202 = CARTESIAN_POINT ( 'NONE',  ( 7.407626158449000187, 6.000000000000000888, 8.052581832693750385 ) ) ;
#203 = CARTESIAN_POINT ( 'NONE',  ( -5.229007495809215200, 5.999999999999973355, -5.091746255650667408 ) ) ;
#204 = ORIENTED_EDGE ( 'NONE', *, *, #795, .T. ) ;
#205 = CARTESIAN_POINT ( 'NONE',  ( -4.597715429238467877, 5.173648177666930970, -6.172414429803814606 ) ) ;
#206 = EDGE_CURVE ( 'NONE', #1361, #1463, #531, .T. ) ;
#207 = EDGE_CURVE ( 'NONE', #1463, #1327, #900, .T. ) ;
#208 = CARTESIAN_POINT ( 'NONE',  ( 8.334287056776419789, 5.273210894358919987, -4.529410616641663445 ) ) ;
#209 = ORIENTED_EDGE ( 'NONE', *, *, #873, .T. ) ;
#210 = VECTOR ( 'NONE', #1888, 1000.000000000000000 ) ;
#211 = CYLINDRICAL_SURFACE ( 'NONE', #175, 1.000000000000000000 ) ;
#212 = CIRCLE ( 'NONE', #796, 0.9999999999999996669 ) ;
#213 = DIRECTION ( 'NONE',  ( 0.000000000000000000, 0.000000000000000000, 1.000000000000000000 ) ) ;
#214 = VECTOR ( 'NONE', #930, 1000.000000000000000 ) ;
#215 = CARTESIAN_POINT ( 'NONE',  ( 9.556064073226542277, 0.000000000000000000, -7.084668192219678140 ) ) ;
#216 = ORIENTED_EDGE ( 'NONE', *, *, #384, .T. ) ;
#217 = EDGE_CURVE ( 'NONE', #342, #810, #1783, .T. ) ;
#218 = CARTESIAN_POINT ( 'NONE',  ( 1.231064073226546318, 0.000000000000000000, 1.318244289047975903E-16 ) ) ;
#219 = VERTEX_POINT ( 'NONE', #487 ) ;
#220 = CARTESIAN_POINT ( 'NONE',  ( -6.244737660672079471, 5.999999999999499067, 9.214870325859388700 ) ) ;
#221 = CARTESIAN_POINT ( 'NONE',  ( 7.556064073226545830, 0.000000000000000000, 7.975639186994412988 ) ) ;
#222 = ADVANCED_FACE ( 'NONE', ( #1443 ), #1196, .T. ) ;
#223 = CARTESIAN_POINT ( 'NONE',  ( -7.063580062364034795, 7.828387118427829527, -5.704312327810255212 ) ) ;
#224 = ORIENTED_EDGE ( 'NONE', *, *, #1792, .T. ) ;
#225 = ORIENTED_EDGE ( 'NONE', *, *, #919, .T. ) ;
#226 = CARTESIAN_POINT ( 'NONE',  ( -5.794253821093168888, 5.999999999999918288, -5.678911436009188130 ) ) ;
#227 = CARTESIAN_POINT ( 'NONE',  ( -8.689058785935007023, -1.390160814735640127, 10.42184885218272150 ) ) ;
#228 = CARTESIAN_POINT ( 'NONE',  ( -7.370908689442308592, 5.251515422719994497, 8.008099485589269761 ) ) ;
#229 = DIRECTION ( 'NONE',  ( -5.354084802397552502E-17, 0.000000000000000000, 1.000000000000000000 ) ) ;
#230 = CARTESIAN_POINT ( 'NONE',  ( 7.488643192074626143, 5.293068720372013480, -5.556886316339809895 ) ) ;
#231 = EDGE_CURVE ( 'NONE', #159, #711, #264, .T. ) ;
#232 = EDGE_LOOP ( 'NONE', ( #1699, #1725, #636, #1183, #1059, #1265, #1405, #1291, #83, #1281, #1869, #234 ) ) ;
#233 = EDGE_LOOP ( 'NONE', ( #797, #1894, #1728, #1340 ) ) ;
#234 = ORIENTED_EDGE ( 'NONE', *, *, #1743, .F. ) ;
#235 = ADVANCED_FACE ( 'NONE', ( #570 ), #161, .T. ) ;
#236 = CARTESIAN_POINT ( 'NONE',  ( 7.637389498649972630, 5.295935106301723039, -5.434044707191145740 ) ) ;
#237 = SURFACE_STYLE_FILL_AREA ( #1914 ) ;
#238 = DIRECTION ( 'NONE',  ( 0.000000000000000000, 0.000000000000000000, 1.000000000000000000 ) ) ;
#239 = CARTESIAN_POINT ( 'NONE',  ( 9.232991549790684260, 1.832235328579801426, 9.768720647620609654 ) ) ;
#240 = APPLICATION_PROTOCOL_DEFINITION ( 'draft international standard', 'automotive_design', 1998, #532 ) ;
#241 = AXIS2_PLACEMENT_3D ( 'NONE', #893, #1166, #1322 ) ;
#242 = CYLINDRICAL_SURFACE ( 'NONE', #1718, 3.000000000000000888 ) ;
#243 = CARTESIAN_POINT ( 'NONE',  ( 6.907535863474681292, 5.999999999999800160, -5.678251638429464343 ) ) ;
#244 = CIRCLE ( 'NONE', #18, 3.000000000000000444 ) ;
#245 = VECTOR ( 'NONE', #740, 1000.000000000000000 ) ;
#246 = DIRECTION ( 'NONE',  ( 0.000000000000000000, -0.000000000000000000, 1.000000000000000000 ) ) ;
#247 = ORIENTED_EDGE ( 'NONE', *, *, #758, .F. ) ;
#248 = ORIENTED_EDGE ( 'NONE', *, *, #1545, .F. ) ;
#249 = CARTESIAN_POINT ( 'NONE',  ( 9.556064073226545830, 0.000000000000000000, 10.17396747555887160 ) ) ;
#250 = CARTESIAN_POINT ( 'NONE',  ( -6.296767432956082544, 6.000000000000056843, 8.050204398646792825 ) ) ;
#251 = FACE_BOUND ( 'NONE', #752, .T. ) ;
#252 = CARTESIAN_POINT ( 'NONE',  ( -0.000000000000000000, 4.000000000000000000, 3.940331807780321771 ) ) ;
#253 = CARTESIAN_POINT ( 'NONE',  ( -5.602654534320084423, -0.6124027709901032068, 8.074050415326947672 ) ) ;
#254 = CARTESIAN_POINT ( 'NONE',  ( 6.693314098139908630, 5.999999999999999112, -4.936230277442081871 ) ) ;
#255 = CARTESIAN_POINT ( 'NONE',  ( -6.074484903933864643, 5.999999999999991118, 8.364406526458289193 ) ) ;
#256 = PLANE ( 'NONE',  #1372 ) ;
#257 = ORIENTED_EDGE ( 'NONE', *, *, #1897, .T. ) ;
#258 = EDGE_LOOP ( 'NONE', ( #695, #1685, #1693, #416 ) ) ;
#259 = CARTESIAN_POINT ( 'NONE',  ( 0.000000000000000000, 4.000000000000000000, 6.759243332505799451 ) ) ;
#260 = EDGE_CURVE ( 'NONE', #793, #427, #1635, .T. ) ;
#261 = CARTESIAN_POINT ( 'NONE',  ( -7.131721996323096668, 5.281580162764596409, 8.527309464757331980 ) ) ;
#262 = EDGE_CURVE ( 'NONE', #882, #1881, #1240, .T. ) ;
#263 = DIRECTION ( 'NONE',  ( 1.000000000000000000, 0.000000000000000000, 0.000000000000000000 ) ) ;
#264 = LINE ( 'NONE', #1468, #794 ) ;
#265 = CARTESIAN_POINT ( 'NONE',  ( -4.777513118110183754, 5.999999999999945821, -6.011571506304266954 ) ) ;
#266 = DIRECTION ( 'NONE',  ( 8.673617379884035472E-16, -1.000000000000000000, 0.000000000000000000 ) ) ;
#267 = EDGE_LOOP ( 'NONE', ( #1195, #23, #1585, #552 ) ) ;
#268 = ORIENTED_EDGE ( 'NONE', *, *, #1184, .T. ) ;
#269 = DIRECTION ( 'NONE',  ( 0.000000000000000000, 1.000000000000000000, 0.000000000000000000 ) ) ;
#270 = FACE_OUTER_BOUND ( 'NONE', #1383, .T. ) ;
#271 = CARTESIAN_POINT ( 'NONE',  ( 6.997609478310375941, 5.273034532219573300, -5.864454712432381811 ) ) ;
#272 = VECTOR ( 'NONE', #1388, 1000.000000000000000 ) ;
#273 = DIRECTION ( 'NONE',  ( 0.000000000000000000, -0.000000000000000000, -1.000000000000000000 ) ) ;
#274 = AXIS2_PLACEMENT_3D ( 'NONE', #426, #99, #729 ) ;
#275 = ORIENTED_EDGE ( 'NONE', *, *, #448, .T. ) ;
#276 = TOROIDAL_SURFACE ( 'NONE', #1400, 7.093109588361113715, 12.00000000000000000 ) ;
#277 = VECTOR ( 'NONE', #1532, 1000.000000000000000 ) ;
#278 = DIRECTION ( 'NONE',  ( 0.000000000000000000, -0.000000000000000000, 1.000000000000000000 ) ) ;
#279 =( NAMED_UNIT ( * ) PLANE_ANGLE_UNIT ( ) SI_UNIT ( $, .RADIAN. ) );
#280 = EDGE_CURVE ( 'NONE', #1263, #342, #753, .T. ) ;
#281 = CARTESIAN_POINT ( 'NONE',  ( 8.477116626963876911, 6.119015036312406508, 6.881961102481028547 ) ) ;
#282 = LINE ( 'NONE', #757, #1972 ) ;
#283 = CARTESIAN_POINT ( 'NONE',  ( 7.268776642540432320, 6.000000000000049738, -4.432731880865529384 ) ) ;
#284 = EDGE_CURVE ( 'NONE', #812, #1910, #1152, .T. ) ;
#285 = CARTESIAN_POINT ( 'NONE',  ( -0.1189359267734538123, 0.000000000000000000, -7.561917326212202810E-18 ) ) ;
#286 = ORIENTED_EDGE ( 'NONE', *, *, #533, .F. ) ;
#287 = PLANE ( 'NONE',  #1179 ) ;
#288 = ORIENTED_EDGE ( 'NONE', *, *, #73, .T. ) ;
#289 = CARTESIAN_POINT ( 'NONE',  ( 6.341135642262294425, 5.999999999999976907, 8.922409871211316457 ) ) ;
#290 = CARTESIAN_POINT ( 'NONE',  ( 0.5560640732265466069, -5.999999999999994671, 9.008441396141433799 ) ) ;
#291 = CARTESIAN_POINT ( 'NONE',  ( -8.443935926773454170, 0.000000000000000000, 10.17396747555830139 ) ) ;
#292 = ORIENTED_EDGE ( 'NONE', *, *, #1460, .T. ) ;
#293 = ADVANCED_FACE ( 'NONE', ( #135 ), #936, .T. ) ;
#294 = CARTESIAN_POINT ( 'NONE',  ( 8.468211050723047251, 6.000000000001422862, 7.424210657626636234 ) ) ;
#295 = CARTESIAN_POINT ( 'NONE',  ( 5.415228707874375047, 6.728477409121683017, 9.728919701464775471 ) ) ;
#296 = B_SPLINE_CURVE_WITH_KNOTS ( 'NONE', 3,
 ( #1516, #1974, #1499, #423, #105, #119, #596, #146, #1356, #608, #1045, #735, #1954, #588, #1218, #887 ),
 .UNSPECIFIED., .F., .F.,
 ( 4, 2, 2, 2, 2, 2, 2, 4 ),
 ( -5.999999999252150104E-08, 0.001151343255069686928, 0.001727044882604525551, 0.002302746510139363958, 0.002878448137674200196, 0.003454149765209036868, 0.004029851392743873106, 0.004605553020278710212 ),
 .UNSPECIFIED. ) ;
#297 = CARTESIAN_POINT ( 'NONE',  ( 6.216448691204700339, 5.999999999999995559, 8.958730650902896997 ) ) ;
#298 = CARTESIAN_POINT ( 'NONE',  ( -7.525500878846778541, 5.208703989806282131, -3.616771220297672507 ) ) ;
#299 = CARTESIAN_POINT ( 'NONE',  ( -6.067251611413669643, 0.000000000000000000, 8.915331807780320972 ) ) ;
#300 = LINE ( 'NONE', #1845, #737 ) ;
#301 = ORIENTED_EDGE ( 'NONE', *, *, #355, .T. ) ;
#302 = CARTESIAN_POINT ( 'NONE',  ( 9.556064073226542277, 0.000000000000000000, -7.084668192219678140 ) ) ;
#303 = VECTOR ( 'NONE', #1431, 1000.000000000000000 ) ;
#304 = LINE ( 'NONE', #941, #214 ) ;
#305 = AXIS2_PLACEMENT_3D ( 'NONE', #1647, #857, #266 ) ;
#306 = VECTOR ( 'NONE', #788, 1000.000000000000000 ) ;
#307 = CARTESIAN_POINT ( 'NONE',  ( 8.584581287016753492, 5.509552663503130887, 6.989425762533905129 ) ) ;
#308 = CARTESIAN_POINT ( 'NONE',  ( -7.221487208447734396, 5.273273665328772175, -4.530657779356794812 ) ) ;
#309 = ORIENTED_EDGE ( 'NONE', *, *, #334, .T. ) ;
#310 = CARTESIAN_POINT ( 'NONE',  ( 0.5560640732265457187, -5.999999999999994671, -5.177777780580792744 ) ) ;
#311 = CARTESIAN_POINT ( 'NONE',  ( 8.807592019046915681E-18, 0.000000000000000000, -0.1096681922196785508 ) ) ;
#312 = CYLINDRICAL_SURFACE ( 'NONE', #1049, 1.000000000000000000 ) ;
#313 = ORIENTED_EDGE ( 'NONE', *, *, #1821, .F. ) ;
#314 = CARTESIAN_POINT ( 'NONE',  ( 8.807592019046915681E-18, 4.000000000000000000, -0.1096681922196785508 ) ) ;
#315 = CARTESIAN_POINT ( 'NONE',  ( 8.937235248433681889, 3.509552663503131775, -3.511416108390194246 ) ) ;
#316 = CARTESIAN_POINT ( 'NONE',  ( -1.468935926773454304, 0.000000000000000000, 2.590331807780321238 ) ) ;
#317 = LINE ( 'NONE', #1396, #705 ) ;
#318 = EDGE_CURVE ( 'NONE', #1625, #1552, #1814, .T. ) ;
#319 = ORIENTED_EDGE ( 'NONE', *, *, #1742, .F. ) ;
#320 = DIRECTION ( 'NONE',  ( 1.000000000000000000, -8.673617379884035472E-16, -7.523163845262640051E-31 ) ) ;
#321 = CARTESIAN_POINT ( 'NONE',  ( 7.610156737295189266, 6.000000000000020428, 7.584079968153253581 ) ) ;
#322 = DIRECTION ( 'NONE',  ( -1.000000000000000000, 0.000000000000000000, -1.606225440719266120E-16 ) ) ;
#323 = ORIENTED_EDGE ( 'NONE', *, *, #1246, .T. ) ;
#324 = CARTESIAN_POINT ( 'NONE',  ( 0.5560640732265457187, 0.000000000000000000, 4.915331807780321860 ) ) ;
#325 = EDGE_LOOP ( 'NONE', ( #491, #288, #584, #138 ) ) ;
#326 = CARTESIAN_POINT ( 'NONE',  ( -8.443935926773455947, 0.000000000000000000, -6.343303859997157623 ) ) ;
#327 = CARTESIAN_POINT ( 'NONE',  ( 0.5560640732265457187, 0.000000000000000000, 1.915331807780320972 ) ) ;
#328 = DIRECTION ( 'NONE',  ( -1.239088197126291063E-16, -6.162975822039153361E-33, 1.000000000000000000 ) ) ;
#329 = CARTESIAN_POINT ( 'NONE',  ( 6.643690830795118352, 5.251162727359304228, 9.844109579620672790 ) ) ;
#330 = CARTESIAN_POINT ( 'NONE',  ( -7.278509382469788846, 6.609462372809277397, -5.919241647916009263 ) ) ;
#331 = ORIENTED_EDGE ( 'NONE', *, *, #1926, .T. ) ;
#332 = DIRECTION ( 'NONE',  ( -0.000000000000000000, 1.000000000000000000, -0.000000000000000000 ) ) ;
#333 = B_SPLINE_CURVE_WITH_KNOTS ( 'NONE', 3,
 ( #1886, #1588, #519, #1710 ),
 .UNSPECIFIED., .F., .F.,
 ( 4, 4 ),
 ( -0.003482779923567436153, 0.002224425143314731970 ),
 .UNSPECIFIED. ) ;
#334 = EDGE_CURVE ( 'NONE', #338, #1263, #1774, .T. ) ;
#335 = ORIENTED_EDGE ( 'NONE', *, *, #188, .T. ) ;
#336 = CARTESIAN_POINT ( 'NONE',  ( 8.498102188975749982, 5.999999999999996447, 7.069111310245332902 ) ) ;
#337 = VECTOR ( 'NONE', #1210, 1000.000000000000000 ) ;
#338 = VERTEX_POINT ( 'NONE', #1842 ) ;
#339 = AXIS2_PLACEMENT_3D ( 'NONE', #1106, #628, #970 ) ;
#340 = DIRECTION ( 'NONE',  ( 1.070816960479510377E-16, 0.000000000000000000, -1.000000000000000000 ) ) ;
#341 = VECTOR ( 'NONE', #1384, 1000.000000000000000 ) ;
#342 = VERTEX_POINT ( 'NONE', #1818 ) ;
#343 = DIRECTION ( 'NONE',  ( 0.000000000000000000, 1.000000000000000000, 1.734723475976806306E-15 ) ) ;
#344 = AXIS2_PLACEMENT_3D ( 'NONE', #976, #1424, #41 ) ;
#345 = CARTESIAN_POINT ( 'NONE',  ( -8.614557757717909325, -0.9676444878651659920, -6.516684208404973866 ) ) ;
#346 = CARTESIAN_POINT ( 'NONE',  ( 1.231064073226546318, 0.000000000000000000, -0.1096681922196784537 ) ) ;
#347 = ADVANCED_FACE ( 'NONE', ( #1090 ), #443, .F. ) ;
#348 = ORIENTED_EDGE ( 'NONE', *, *, #355, .F. ) ;
#349 = CARTESIAN_POINT ( 'NONE',  ( 1.231064073226546096, 0.000000000000000000, 2.590331807780321238 ) ) ;
#350 = CARTESIAN_POINT ( 'NONE',  ( -8.443935926773438183, 7.644980568738416927E-14, 10.37009587496245544 ) ) ;
#351 = CARTESIAN_POINT ( 'NONE',  ( 0.5560640732265466069, 6.000000000000002665, 9.008441396141433799 ) ) ;
#352 = CYLINDRICAL_SURFACE ( 'NONE', #1657, 1.000000000000000888 ) ;
#353 = CARTESIAN_POINT ( 'NONE',  ( 7.906245870063291825, 5.295935470918000654, 8.995855261577064610 ) ) ;
#354 = CARTESIAN_POINT ( 'NONE',  ( -5.791999615419310743, 6.000000000000054179, -4.797380761533569959 ) ) ;
#355 = EDGE_CURVE ( 'NONE', #1007, #1256, #1747, .T. ) ;
#356 = CARTESIAN_POINT ( 'NONE',  ( 5.399975597952026085, 2.999999999999999556, -2.928579716945157507 ) ) ;
#357 = EDGE_CURVE ( 'NONE', #184, #1773, #468, .T. ) ;
#358 = ORIENTED_EDGE ( 'NONE', *, *, #1099, .T. ) ;
#359 = CARTESIAN_POINT ( 'NONE',  ( 7.907180670515611354, 5.295908830195496186, -5.164015127970531083 ) ) ;
#360 = ORIENTED_EDGE ( 'NONE', *, *, #1779, .F. ) ;
#361 = CARTESIAN_POINT ( 'NONE',  ( 0.000000000000000000, 5.000000000000000000, 9.018270292352248418 ) ) ;
#362 = CARTESIAN_POINT ( 'NONE',  ( 6.582629828144037631, 6.000000000000091482, 9.659172967835891299 ) ) ;
#363 = CARTESIAN_POINT ( 'NONE',  ( -6.546874411345386946, 6.000000000000000000, -3.496502618682551411 ) ) ;
#364 = CARTESIAN_POINT ( 'NONE',  ( -4.287847451498932649, 3.000000000000000000, -5.313021168230376224E-16 ) ) ;
#365 = ORIENTED_EDGE ( 'NONE', *, *, #85, .F. ) ;
#366 = CARTESIAN_POINT ( 'NONE',  ( -7.531682164357595077, 5.173648177666925640, -3.238447694684690514 ) ) ;
#367 = CARTESIAN_POINT ( 'NONE',  ( -7.738628003939592936, 4.000000000000000888, 10.21002388494645885 ) ) ;
#368 = EDGE_CURVE ( 'NONE', #1871, #1977, #454, .T. ) ;
#369 =( BOUNDED_SURFACE ( )  B_SPLINE_SURFACE ( 2, 3, ( 
 ( #1761, #44, #1153, #851, #57, #1923, #1320, #1608, #65, #1775 ),
 ( #516, #1900, #989, #673, #367, #681, #86, #713, #1009, #1298 ),
 ( #547, #860, #390, #1586, #1744, #1280, #1597, #1892, #75, #227 ) ),
 .UNSPECIFIED., .F., .F., .F. ) 
 B_SPLINE_SURFACE_WITH_KNOTS ( ( 3, 3 ),
 ( 4, 3, 3, 4 ),
 ( 0.000000000000000000, 1.000000000000000000 ),
 ( -0.008068110652487711296, -0.006183734041584823017, 3.149989753563392569E-35, 0.001306364296797166017 ),
 .UNSPECIFIED. ) 
 GEOMETRIC_REPRESENTATION_ITEM ( )  RATIONAL_B_SPLINE_SURFACE ( (
 ( 1.000000000000000000, 1.000000000000000000, 1.000000000000000000, 1.000000000000000000, 1.000000000000000000, 1.000000000000000000, 1.000000000000000000, 1.000000000000000000, 1.000000000000000000, 1.000000000000000000),
 ( 0.7176885430348759476, 0.7176885430348759476, 0.7176885430348759476, 0.7176885430348759476, 0.7176885430348759476, 0.7176885430348759476, 0.7176885430348759476, 0.7176885430348760586, 0.7176885430348760586, 0.7176885430348760586),
 ( 1.000000000000000000, 1.000000000000000000, 1.000000000000000000, 1.000000000000000000, 1.000000000000000000, 1.000000000000000000, 1.000000000000000000, 1.000000000000000000, 1.000000000000000000, 1.000000000000000000) ) ) 
 REPRESENTATION_ITEM ( '' )  SURFACE ( )  );
#370 = FACE_BOUND ( 'NONE', #1124, .T. ) ;
#371 = CIRCLE ( 'NONE', #1493, 1.000000000000000444 ) ;
#372 = DIRECTION ( 'NONE',  ( -1.927470528863119049E-16, 0.000000000000000000, -1.000000000000000000 ) ) ;
#373 = VECTOR ( 'NONE', #1312, 1000.000000000000000 ) ;
#374 = CARTESIAN_POINT ( 'NONE',  ( -8.443935926773455947, 0.000000000000000000, -7.084668192219678140 ) ) ;
#375 = CIRCLE ( 'NONE', #1244, 1.000000000000000000 ) ;
#376 = PLANE ( 'NONE',  #671 ) ;
#377 = VERTEX_POINT ( 'NONE', #1678 ) ;
#378 = ORIENTED_EDGE ( 'NONE', *, *, #206, .T. ) ;
#379 = CARTESIAN_POINT ( 'NONE',  ( -6.916154050893561056, 5.293068720371746139, -5.017247311067953852 ) ) ;
#380 = FACE_OUTER_BOUND ( 'NONE', #679, .T. ) ;
#381 = CARTESIAN_POINT ( 'NONE',  ( -7.372713698613779343, 5.251162727359173665, 8.002958565349059583 ) ) ;
#382 = DIRECTION ( 'NONE',  ( 1.000000000000000000, 0.000000000000000000, 5.354084802397552502E-17 ) ) ;
#383 = EDGE_CURVE ( 'NONE', #437, #790, #1987, .T. ) ;
#384 = EDGE_CURVE ( 'NONE', #1339, #1614, #1581, .T. ) ;
#385 = CARTESIAN_POINT ( 'NONE',  ( 0.5560640732265457187, -5.999999999999994671, 1.915331807780320972 ) ) ;
#386 = CARTESIAN_POINT ( 'NONE',  ( -4.410565221474165298, 6.119015036312407396, -6.005720745957010998 ) ) ;
#387 = CARTESIAN_POINT ( 'NONE',  ( -5.585122324983794684, 6.000000000000022204, 8.778888651774762408 ) ) ;
#388 = EDGE_LOOP ( 'NONE', ( #1425, #848, #25, #479 ) ) ;
#389 = EDGE_LOOP ( 'NONE', ( #1986, #71, #1848, #613 ) ) ;
#390 = CARTESIAN_POINT ( 'NONE',  ( -7.364988480510788804, 6.119015036312407396, 6.881961102481029435 ) ) ;
#391 = CARTESIAN_POINT ( 'NONE',  ( -7.507586544438013654, 5.207842124775549308, 7.447132602905090160 ) ) ;
#392 = CARTESIAN_POINT ( 'NONE',  ( 0.5560640732265464958, 5.876235673783147817, 7.289422425693281582 ) ) ;
#393 = DIRECTION ( 'NONE',  ( -0.000000000000000000, 1.000000000000000000, -0.000000000000000000 ) ) ;
#394 = ORIENTED_EDGE ( 'NONE', *, *, #1683, .T. ) ;
#395 = ORIENTED_EDGE ( 'NONE', *, *, #26, .F. ) ;
#396 = EDGE_CURVE ( 'NONE', #184, #1480, #371, .T. ) ;
#397 = CARTESIAN_POINT ( 'NONE',  ( 8.540923631883545752, 5.238109988611217460, -3.992335446345359529 ) ) ;
#398 = CARTESIAN_POINT ( 'NONE',  ( -6.355566384851933037, 5.999999999999974243, 7.937566185699767907 ) ) ;
#399 = PLANE ( 'NONE',  #1558 ) ;
#400 = CARTESIAN_POINT ( 'NONE',  ( 5.709843575691555984, 5.173648177666923864, 10.00307804536445744 ) ) ;
#401 = B_SPLINE_CURVE_WITH_KNOTS ( 'NONE', 3,
 ( #661, #1687, #642, #308, #801, #177, #1407, #505, #1258, #155, #27, #1088, #652, #1873, #1861, #1117 ),
 .UNSPECIFIED., .F., .F.,
 ( 4, 2, 2, 2, 2, 2, 2, 4 ),
 ( -5.999999999205804167E-08, 0.001151343255069668496, 0.001727044882604498880, 0.002302746510139328830, 0.002878448137674158996, 0.003454149765208989597, 0.004029851392743820197, 0.004605553020278650364 ),
 .UNSPECIFIED. ) ;
#402 = AXIS2_PLACEMENT_3D ( 'NONE', #1570, #844, #1735 ) ;
#403 = CARTESIAN_POINT ( 'NONE',  ( 7.636587527023039002, 5.295935470917970456, -5.434849989056676378 ) ) ;
#404 = VECTOR ( 'NONE', #1788, 1000.000000000000000 ) ;
#405 = AXIS2_PLACEMENT_3D ( 'NONE', #1247, #490, #1105 ) ;
#406 = VERTEX_POINT ( 'NONE', #1108 ) ;
#407 = ORIENTED_EDGE ( 'NONE', *, *, #415, .F. ) ;
#408 = ADVANCED_FACE ( 'NONE', ( #1717 ), #1067, .F. ) ;
#409 = CARTESIAN_POINT ( 'NONE',  ( -8.443935926773455947, 0.000000000000000000, -7.084668192219678140 ) ) ;
#410 = FACE_OUTER_BOUND ( 'NONE', #653, .T. ) ;
#411 = CARTESIAN_POINT ( 'NONE',  ( 0.5560640732265457187, 5.529999999999998472, 1.915331807780320972 ) ) ;
#412 = CARTESIAN_POINT ( 'NONE',  ( -7.898699993955756504, 7.650401579600838138E-14, -7.084668192219663929 ) ) ;
#413 = CARTESIAN_POINT ( 'NONE',  ( -7.875951942958753449, -0.9676444878651657699, -7.255290023164130631 ) ) ;
#414 = CARTESIAN_POINT ( 'NONE',  ( -6.156648496087346878, 6.000000000000054179, 8.263395496426170439 ) ) ;
#415 = EDGE_CURVE ( 'NONE', #2, #1552, #47, .T. ) ;
#416 = ORIENTED_EDGE ( 'NONE', *, *, #231, .T. ) ;
#417 = ADVANCED_FACE ( 'NONE', ( #1398 ), #861, .T. ) ;
#418 = ORIENTED_EDGE ( 'NONE', *, *, #1422, .T. ) ;
#419 = CARTESIAN_POINT ( 'NONE',  ( 8.814699741005089351, 0.000000000000000000, -7.084668192219678140 ) ) ;
#420 = FILL_AREA_STYLE_COLOUR ( '', #1344 ) ;
#421 = CARTESIAN_POINT ( 'NONE',  ( -5.363953424521221258, 5.240895202451313573, 9.915598287527279453 ) ) ;
#422 = CARTESIAN_POINT ( 'NONE',  ( 11.30424530905246350, 5.876235673783145153, -3.458758810132640082 ) ) ;
#423 = CARTESIAN_POINT ( 'NONE',  ( 8.333615354900818062, 5.273273665328773951, 8.361321394917441197 ) ) ;
#424 = CARTESIAN_POINT ( 'NONE',  ( 7.186613049690016020, 5.999999999999985789, -4.533742910114923141 ) ) ;
#425 = CARTESIAN_POINT ( 'NONE',  ( 7.556064073226547606, 0.000000000000000000, -4.144975571433766603 ) ) ;
#426 = CARTESIAN_POINT ( 'NONE',  ( 0.5560640732265457187, 4.000000000000000000, 1.915331807780320972 ) ) ;
#427 = VERTEX_POINT ( 'NONE', #1746 ) ;
#428 = EDGE_CURVE ( 'NONE', #891, #1667, #1292, .T. ) ;
#429 = CARTESIAN_POINT ( 'NONE',  ( -4.597715429238466101, 5.173648177666930970, 10.00307804536445744 ) ) ;
#430 = DIRECTION ( 'NONE',  ( -0.000000000000000000, 1.000000000000000000, -0.000000000000000000 ) ) ;
#431 = EDGE_CURVE ( 'NONE', #488, #1921, #333, .T. ) ;
#432 = CARTESIAN_POINT ( 'NONE',  ( 5.965962958663419080, 5.999999999999996447, 9.006352661226971534 ) ) ;
#433 = CARTESIAN_POINT ( 'NONE',  ( -6.355126724842357078, 6.000000000000018652, -4.107745030581524404 ) ) ;
#434 = AXIS2_PLACEMENT_3D ( 'NONE', #1134, #1598, #1299 ) ;
#435 = CARTESIAN_POINT ( 'NONE',  ( -6.443935926773455947, 0.000000000000000000, 7.975639186994412988 ) ) ;
#436 = VECTOR ( 'NONE', #991, 1000.000000000000000 ) ;
#437 = VERTEX_POINT ( 'NONE', #1119 ) ;
#438 = AXIS2_PLACEMENT_3D ( 'NONE', #1810, #1826, #1078 ) ;
#439 = FACE_OUTER_BOUND ( 'NONE', #325, .T. ) ;
#440 = FACE_OUTER_BOUND ( 'NONE', #460, .T. ) ;
#441 = ORIENTED_EDGE ( 'NONE', *, *, #1792, .F. ) ;
#442 = EDGE_CURVE ( 'NONE', #377, #1480, #1269, .T. ) ;
#443 = SPHERICAL_SURFACE ( 'NONE', #1018, 1.000000000000000000 ) ;
#444 = FACE_OUTER_BOUND ( 'NONE', #388, .T. ) ;
#445 = FACE_OUTER_BOUND ( 'NONE', #730, .T. ) ;
#446 = ORIENTED_EDGE ( 'NONE', *, *, #1663, .F. ) ;
#447 = DIRECTION ( 'NONE',  ( -0.000000000000000000, 1.000000000000000000, -0.000000000000000000 ) ) ;
#448 = EDGE_CURVE ( 'NONE', #462, #1303, #1876, .T. ) ;
#449 = CARTESIAN_POINT ( 'NONE',  ( -4.976038954851360607, 5.208703989804950751, 9.996896759853877157 ) ) ;
#450 = DIRECTION ( 'NONE',  ( 1.000000000000000000, 0.000000000000000000, 5.354084802397552502E-17 ) ) ;
#451 = CARTESIAN_POINT ( 'NONE',  ( 9.705066129660746554, -0.8450326537409489358, 11.06433386421451992 ) ) ;
#452 = FACE_BOUND ( 'NONE', #1448, .T. ) ;
#453 = ORIENTED_EDGE ( 'NONE', *, *, #1604, .T. ) ;
#454 = LINE ( 'NONE', #1071, #337 ) ;
#455 = ADVANCED_BREP_SHAPE_REPRESENTATION ( 'Stylized_Key_Cap_Concave', ( #1000, #509 ), #1630 ) ;
#456 = LINE ( 'NONE', #1074, #958 ) ;
#457 = ORIENTED_EDGE ( 'NONE', *, *, #496, .T. ) ;
#458 = DIRECTION ( 'NONE',  ( 1.000000000000000000, 0.000000000000000000, 8.031127203596328136E-17 ) ) ;
#459 = CARTESIAN_POINT ( 'NONE',  ( 8.390637528922873400, 6.609462372809277397, -5.919241647916009263 ) ) ;
#460 = EDGE_LOOP ( 'NONE', ( #1712, #1430, #1238, #1412, #1203, #1328, #1784, #647, #1759, #124, #859, #1104 ) ) ;
#461 = CYLINDRICAL_SURFACE ( 'NONE', #53, 1.000000000000000000 ) ;
#462 = VERTEX_POINT ( 'NONE', #1736 ) ;
#463 = DIRECTION ( 'NONE',  ( 0.000000000000000000, 0.000000000000000000, 1.000000000000000000 ) ) ;
#464 = CARTESIAN_POINT ( 'NONE',  ( -7.850772574043263674, 3.363996538402218128, 7.606418718566185788 ) ) ;
#465 = ORIENTED_EDGE ( 'NONE', *, *, #1283, .F. ) ;
#466 = LINE ( 'NONE', #3, #865 ) ;
#467 = B_SPLINE_CURVE_WITH_KNOTS ( 'NONE', 3,
 ( #366, #74, #828, #1489 ),
 .UNSPECIFIED., .F., .F.,
 ( 4, 4 ),
 ( -0.005834043511187631849, -0.0001268384443056875047 ),
 .UNSPECIFIED. ) ;
#468 = CIRCLE ( 'NONE', #1273, 1.000000000000000000 ) ;
#469 = ADVANCED_FACE ( 'NONE', ( #1729 ), #352, .T. ) ;
#470 = MECHANICAL_DESIGN_GEOMETRIC_PRESENTATION_REPRESENTATION (  '', ( #1560 ), #1748 ) ;
#471 = ADVANCED_FACE ( 'NONE', ( #20 ), #211, .T. ) ;
#472 = ORIENTED_EDGE ( 'NONE', *, *, #396, .T. ) ;
#473 = AXIS2_PLACEMENT_3D ( 'NONE', #763, #1969, #1981 ) ;
#474 = DIRECTION ( 'NONE',  ( 0.000000000000000000, 0.9396926207859082059, 0.3420201433256694901 ) ) ;
#475 = ORIENTED_EDGE ( 'NONE', *, *, #1652, .T. ) ;
#476 = CARTESIAN_POINT ( 'NONE',  ( 7.659002557798471500, 6.000000000000000000, -3.238447694684690514 ) ) ;
#477 = CARTESIAN_POINT ( 'NONE',  ( 7.741644245436469340, 5.999999999999989342, 8.851967373234518988 ) ) ;
#478 = DIRECTION ( 'NONE',  ( 1.000000000000000000, 0.000000000000000000, 5.354084802397552502E-17 ) ) ;
#479 = ORIENTED_EDGE ( 'NONE', *, *, #1652, .F. ) ;
#480 = EDGE_CURVE ( 'NONE', #872, #840, #1253, .T. ) ;
#481 = ORIENTED_EDGE ( 'NONE', *, *, #133, .T. ) ;
#482 = CARTESIAN_POINT ( 'NONE',  ( 9.630565101443641751, -0.4225163268704743014, -7.159169220436779391 ) ) ;
#483 = ORIENTED_EDGE ( 'NONE', *, *, #1512, .T. ) ;
#484 = LINE ( 'NONE', #1107, #1590 ) ;
#485 = CARTESIAN_POINT ( 'NONE',  ( 1.231064073226545874, 0.000000000000000000, 3.940331807780321771 ) ) ;
#486 = ADVANCED_FACE ( 'NONE', ( #804, #251 ), #399, .T. ) ;
#487 = CARTESIAN_POINT ( 'NONE',  ( -7.531682164357595077, 5.173648177666925640, -3.238447694684690514 ) ) ;
#488 = VERTEX_POINT ( 'NONE', #1332 ) ;
#489 = ORIENTED_EDGE ( 'NONE', *, *, #1984, .F. ) ;
#490 = DIRECTION ( 'NONE',  ( -0.3236155771181852825, 0.8891264907159879272, -0.3236155771181852825 ) ) ;
#491 = ORIENTED_EDGE ( 'NONE', *, *, #709, .T. ) ;
#492 = CARTESIAN_POINT ( 'NONE',  ( -0.1189359267734539788, 4.000000000000000000, 2.590331807780321238 ) ) ;
#493 = CARTESIAN_POINT ( 'NONE',  ( -6.546874411345382505, 6.000000000000000000, 6.902946664492905171 ) ) ;
#494 = CARTESIAN_POINT ( 'NONE',  ( 0.5560640732265457187, 5.529999999999998472, 1.915331807780322970 ) ) ;
#495 = EDGE_CURVE ( 'NONE', #827, #1548, #1458, .T. ) ;
#496 = EDGE_CURVE ( 'NONE', #406, #488, #1486, .T. ) ;
#497 = CARTESIAN_POINT ( 'NONE',  ( -4.287847451498932649, 4.000000000000000000, -5.313021168230376224E-16 ) ) ;
#498 = CARTESIAN_POINT ( 'NONE',  ( 9.556064073226542277, -9.351243737687477715E-16, 10.27201388442727392 ) ) ;
#499 = ORIENTED_EDGE ( 'NONE', *, *, #959, .T. ) ;
#500 = ORIENTED_EDGE ( 'NONE', *, *, #1229, .T. ) ;
#501 = B_SPLINE_CURVE_WITH_KNOTS ( 'NONE', 3,
 ( #291, #1224, #464, #1541 ),
 .UNSPECIFIED., .F., .F.,
 ( 4, 4 ),
 ( -0.006562361578995959746, -0.0008551565121139139206 ),
 .UNSPECIFIED. ) ;
#502 = CARTESIAN_POINT ( 'NONE',  ( 5.522693367927250740, 6.119015036312408284, -6.005720745957010109 ) ) ;
#503 =( BOUNDED_SURFACE ( )  B_SPLINE_SURFACE ( 2, 3, ( 
 ( #1057, #1498, #281, #307, #1973, #904, #595, #617, #118, #1355 ),
 ( #1506, #921, #931, #1536, #1670, #767, #607, #1825, #451, #1068 ),
 ( #1677, #295, #1524, #145, #1142, #712, #1931, #858, #710, #1181 ) ),
 .UNSPECIFIED., .F., .F., .T. ) 
 B_SPLINE_SURFACE_WITH_KNOTS ( ( 3, 3 ),
 ( 4, 3, 3, 4 ),
 ( 0.000000000000000000, 1.000000000000000000 ),
 ( -0.004988528997059067140, -0.003104152386156177560, 0.003079581655428645891, 0.004385945952225812558 ),
 .UNSPECIFIED. ) 
 GEOMETRIC_REPRESENTATION_ITEM ( )  RATIONAL_B_SPLINE_SURFACE ( (
 ( 1.000000000000000000, 1.000000000000000000, 1.000000000000000000, 1.000000000000000000, 1.000000000000000000, 1.000000000000000000, 1.000000000000000000, 1.000000000000000000, 1.000000000000000000, 1.000000000000000000),
 ( 0.7176885430348759476, 0.7176885430348759476, 0.7176885430348759476, 0.7176885430348759476, 0.7176885430348759476, 0.7176885430348759476, 0.7176885430348759476, 0.7176885430348759476, 0.7176885430348759476, 0.7176885430348759476),
 ( 1.000000000000000000, 1.000000000000000000, 1.000000000000000000, 1.000000000000000000, 1.000000000000000000, 1.000000000000000000, 1.000000000000000000, 1.000000000000000000, 1.000000000000000000, 1.000000000000000000) ) ) 
 REPRESENTATION_ITEM ( '' )  SURFACE ( )  );
#504 = CIRCLE ( 'NONE', #1659, 0.9999999999999998890 ) ;
#505 = CARTESIAN_POINT ( 'NONE',  ( -6.523282862524308001, 5.295908830195495298, -5.435784789508748105 ) ) ;
#506 = AXIS2_PLACEMENT_3D ( 'NONE', #290, #1812, #898 ) ;
#507 = ORIENTED_EDGE ( 'NONE', *, *, #1123, .F. ) ;
#508 = DIRECTION ( 'NONE',  ( 1.000000000000000000, 0.000000000000000000, 0.000000000000000000 ) ) ;
#509 = AXIS2_PLACEMENT_3D ( 'NONE', #79, #1003, #1619 ) ;
#510 = EDGE_CURVE ( 'NONE', #1681, #1034, #24, .T. ) ;
#511 = CARTESIAN_POINT ( 'NONE',  ( 6.087864868351165804, 5.207842124775670989, 9.978982425444879567 ) ) ;
#512 = CARTESIAN_POINT ( 'NONE',  ( -7.385974042522666316, 6.000000000000001776, -6.026706307968885845 ) ) ;
#513 = DIRECTION ( 'NONE',  ( 0.000000000000000000, 1.000000000000000000, 0.000000000000000000 ) ) ;
#514 = ORIENTED_EDGE ( 'NONE', *, *, #133, .F. ) ;
#515 = FACE_OUTER_BOUND ( 'NONE', #1980, .T. ) ;
#516 = CARTESIAN_POINT ( 'NONE',  ( -7.063580062364033019, 7.828387118427829527, 9.534975943370898932 ) ) ;
#517 = CARTESIAN_POINT ( 'NONE',  ( 5.399975597952026085, 3.342020143325668879, 7.698935953291706547 ) ) ;
#518 = FACE_OUTER_BOUND ( 'NONE', #1387, .T. ) ;
#519 = CARTESIAN_POINT ( 'NONE',  ( 6.247150984012422192, 3.363996538402175940, 10.32216845505013403 ) ) ;
#520 = EDGE_CURVE ( 'NONE', #1327, #969, #606, .T. ) ;
#521 = CARTESIAN_POINT ( 'NONE',  ( 8.409452913066829183, 1.832235328579801203, -6.761595668783817459 ) ) ;
#522 = CARTESIAN_POINT ( 'NONE',  ( 0.5560640732265460517, 0.000000000000000000, -1.084668192219679472 ) ) ;
#523 = EDGE_LOOP ( 'NONE', ( #286, #803, #224, #922 ) ) ;
#524 = FACE_OUTER_BOUND ( 'NONE', #1542, .T. ) ;
#525 = ORIENTED_EDGE ( 'NONE', *, *, #1193, .T. ) ;
#526 = DIRECTION ( 'NONE',  ( 0.000000000000000000, 0.000000000000000000, -1.000000000000000000 ) ) ;
#527 = CARTESIAN_POINT ( 'NONE',  ( -8.540056729500808075, -0.5451281609946916351, -6.442183180187872615 ) ) ;
#528 = DIRECTION ( 'NONE',  ( -0.3236155771181853380, -0.8891264907159879272, 0.3236155771181852825 ) ) ;
#529 = ORIENTED_EDGE ( 'NONE', *, *, #709, .F. ) ;
#530 = CARTESIAN_POINT ( 'NONE',  ( -6.052132801207386947, 5.281415090164978565, -5.774720826859273792 ) ) ;
#531 = B_SPLINE_CURVE_WITH_KNOTS ( 'NONE', 3,
 ( #694, #1856, #521, #656 ),
 .UNSPECIFIED., .F., .F.,
 ( 4, 4 ),
 ( -0.002754461855758985091, 0.002952743211123187370 ),
 .UNSPECIFIED. ) ;
#532 = APPLICATION_CONTEXT ( 'automotive_design' ) ;
#533 = EDGE_CURVE ( 'NONE', #1929, #1007, #78, .T. ) ;
#534 = CARTESIAN_POINT ( 'NONE',  ( 6.476081570974307589, 5.240895202451304691, -6.084934671966638398 ) ) ;
#535 = VECTOR ( 'NONE', #1100, 1000.000000000000000 ) ;
#536 = CARTESIAN_POINT ( 'NONE',  ( -6.546874408318190675, 6.000000000000000000, 7.198104857607273921 ) ) ;
#537 = AXIS2_PLACEMENT_3D ( 'NONE', #1004, #717, #541 ) ;
#538 = CARTESIAN_POINT ( 'NONE',  ( -5.795758495702768798, 6.000000000000000000, 8.625272230194847012 ) ) ;
#539 = CARTESIAN_POINT ( 'NONE',  ( 0.5560640732265460517, 5.529999999999997584, 3.868551485589154737 ) ) ;
#540 = AXIS2_PLACEMENT_3D ( 'NONE', #1702, #11, #1682 ) ;
#541 = DIRECTION ( 'NONE',  ( -1.000000000000000000, 8.673617379884035472E-16, 0.000000000000000000 ) ) ;
#542 = CARTESIAN_POINT ( 'NONE',  ( 5.966434833733033294, 6.000000000000000000, -5.187606673374459909 ) ) ;
#543 = CIRCLE ( 'NONE', #1661, 5.374090617912959722 ) ;
#544 = VERTEX_POINT ( 'NONE', #1155 ) ;
#545 = VERTEX_POINT ( 'NONE', #221 ) ;
#546 = FACE_OUTER_BOUND ( 'NONE', #1930, .T. ) ;
#547 = CARTESIAN_POINT ( 'NONE',  ( -7.150059160405034753, 7.337939781930958638, 6.667031782375277160 ) ) ;
#548 = CARTESIAN_POINT ( 'NONE',  ( -4.979828771444104518, 5.209055633387823292, 9.996834755602623801 ) ) ;
#549 = CARTESIAN_POINT ( 'NONE',  ( 8.170690903369241198, 5.649453399657687669, -1.891981607291029599 ) ) ;
#550 = CARTESIAN_POINT ( 'NONE',  ( -7.950452971175855588, -1.390160814735639905, -7.329791051381232769 ) ) ;
#551 = CARTESIAN_POINT ( 'NONE',  ( -6.542347155105991519, -0.2703826276644340498, 8.074050415326947672 ) ) ;
#552 = ORIENTED_EDGE ( 'NONE', *, *, #1483, .F. ) ;
#553 = ORIENTED_EDGE ( 'NONE', *, *, #1780, .F. ) ;
#554 = PLANE ( 'NONE',  #799 ) ;
#555 =( NAMED_UNIT ( * ) SI_UNIT ( $, .STERADIAN. ) SOLID_ANGLE_UNIT ( ) );
#556 = DIRECTION ( 'NONE',  ( 0.000000000000000000, 0.000000000000000000, -1.000000000000000000 ) ) ;
#557 = FACE_OUTER_BOUND ( 'NONE', #1535, .T. ) ;
#558 = EDGE_CURVE ( 'NONE', #1977, #1276, #704, .T. ) ;
#559 = CARTESIAN_POINT ( 'NONE',  ( -7.726949886524550060, -0.1226118341242172227, -7.106287966729927241 ) ) ;
#560 = ORIENTED_EDGE ( 'NONE', *, *, #1193, .F. ) ;
#561 = ORIENTED_EDGE ( 'NONE', *, *, #357, .T. ) ;
#562 = DIRECTION ( 'NONE',  ( 1.000000000000000000, 0.000000000000000000, 0.000000000000000000 ) ) ;
#563 = CYLINDRICAL_SURFACE ( 'NONE', #241, 1.000000000000000444 ) ;
#564 = CARTESIAN_POINT ( 'NONE',  ( 0.5560640732265454966, 5.529999999999997584, -0.03788787002851288360 ) ) ;
#565 = FACE_OUTER_BOUND ( 'NONE', #1381, .T. ) ;
#566 = EDGE_CURVE ( 'NONE', #159, #1420, #1618, .T. ) ;
#567 = AXIS2_PLACEMENT_3D ( 'NONE', #1331, #269, #556 ) ;
#568 = EDGE_CURVE ( 'NONE', #151, #1047, #968, .T. ) ;
#569 = CARTESIAN_POINT ( 'NONE',  ( -4.287847451498934426, 2.999999999999999112, 6.759243332505798563 ) ) ;
#570 = FACE_OUTER_BOUND ( 'NONE', #100, .T. ) ;
#571 = VECTOR ( 'NONE', #876, 1000.000000000000000 ) ;
#572 = AXIS2_PLACEMENT_3D ( 'NONE', #1062, #745, #1082 ) ;
#573 = VERTEX_POINT ( 'NONE', #1474 ) ;
#574 = EDGE_LOOP ( 'NONE', ( #66, #93, #1607 ) ) ;
#575 = CARTESIAN_POINT ( 'NONE',  ( -6.443935926773454170, 0.000000000000000000, -5.084668192219678140 ) ) ;
#576 = FACE_OUTER_BOUND ( 'NONE', #687, .T. ) ;
#577 = CARTESIAN_POINT ( 'NONE',  ( -7.528560519475555601, 5.191351905533735156, 7.260167981347546373 ) ) ;
#578 = CARTESIAN_POINT ( 'NONE',  ( 8.170690903369242974, 5.649453399657687669, 5.722645222851668656 ) ) ;
#579 = PLANE ( 'NONE',  #764 ) ;
#580 = CARTESIAN_POINT ( 'NONE',  ( 7.408895579409112919, 6.000000000000053291, -4.219540783086421776 ) ) ;
#581 = ADVANCED_FACE ( 'NONE', ( #1946 ), #1679, .F. ) ;
#582 = CARTESIAN_POINT ( 'NONE',  ( 0.000000000000000000, 0.000000000000000000, 0.000000000000000000 ) ) ;
#583 = CARTESIAN_POINT ( 'NONE',  ( -4.287847451498932649, 3.342020143325669324, -3.868272337731064159 ) ) ;
#584 = ORIENTED_EDGE ( 'NONE', *, *, #442, .T. ) ;
#585 = EDGE_CURVE ( 'NONE', #1881, #812, #1610, .T. ) ;
#586 = CARTESIAN_POINT ( 'NONE',  ( -0.1189359267734539372, 0.000000000000000000, 2.590331807780321238 ) ) ;
#587 = DIRECTION ( 'NONE',  ( 1.000000000000000000, -0.000000000000000000, -0.000000000000000000 ) ) ;
#588 = CARTESIAN_POINT ( 'NONE',  ( 6.091339790989764857, 5.208143824390383259, 9.978535910318834468 ) ) ;
#589 = CARTESIAN_POINT ( 'NONE',  ( -8.443935926773454170, 0.000000000000000000, 10.91533180778032097 ) ) ;
#590 = DIRECTION ( 'NONE',  ( -0.9848077530122080203, 0.1736481776669307198, 9.490939602634702070E-17 ) ) ;
#591 = DIRECTION ( 'NONE',  ( 1.070816960479510377E-16, 0.000000000000000000, -1.000000000000000000 ) ) ;
#592 = ORIENTED_EDGE ( 'NONE', *, *, #1742, .T. ) ;
#593 = DIRECTION ( 'NONE',  ( -0.3236155771181852825, 0.8891264907159880382, -0.3236155771181852825 ) ) ;
#594 = ADVANCED_FACE ( 'NONE', ( #715 ), #503, .T. ) ;
#595 = CARTESIAN_POINT ( 'NONE',  ( 9.577683847736791378, -0.1226118341242175697, 10.19834576753141242 ) ) ;
#596 = CARTESIAN_POINT ( 'NONE',  ( 7.905440588198012541, 5.295935106301721262, 8.996657233203748660 ) ) ;
#597 = ORIENTED_EDGE ( 'NONE', *, *, #1130, .F. ) ;
#598 = DIRECTION ( 'NONE',  ( 1.000000000000000000, -0.000000000000000000, 1.846054164526673330E-15 ) ) ;
#599 = CARTESIAN_POINT ( 'NONE',  ( -7.531682164357593301, 5.173648177666930970, -3.238447694684688294 ) ) ;
#600 = VECTOR ( 'NONE', #973, 1000.000000000000000 ) ;
#601 = LINE ( 'NONE', #123, #1116 ) ;
#602 = AXIS2_PLACEMENT_3D ( 'NONE', #1092, #322, #9 ) ;
#603 = ORIENTED_EDGE ( 'NONE', *, *, #396, .F. ) ;
#604 = LINE ( 'NONE', #1823, #1144 ) ;
#605 = AXIS2_PLACEMENT_3D ( 'NONE', #1956, #590, #909 ) ;
#606 = B_SPLINE_CURVE_WITH_KNOTS ( 'NONE', 3,
 ( #88, #864, #1030, #1777 ),
 .UNSPECIFIED., .F., .F.,
 ( 4, 4 ),
 ( -0.003482779923567435720, 0.002224425143314732404 ),
 .UNSPECIFIED. ) ;
#607 = CARTESIAN_POINT ( 'NONE',  ( 9.556064073226544053, 0.000000000000000000, 10.91533180778031742 ) ) ;
#608 = CARTESIAN_POINT ( 'NONE',  ( 7.168041730203547957, 5.281580162764594633, 9.603117877329962582 ) ) ;
#609 = ORIENTED_EDGE ( 'NONE', *, *, #1604, .F. ) ;
#610 = CARTESIAN_POINT ( 'NONE',  ( 7.599462916349117414, 5.999999999999999112, -3.745052810197845083 ) ) ;
#611 = CARTESIAN_POINT ( 'NONE',  ( -7.132038593370437773, 5.281588679674888098, -4.696409965132197328 ) ) ;
#612 = CARTESIAN_POINT ( 'NONE',  ( -6.443935926773456835, 0.000000000000000000, 8.538647492420533780 ) ) ;
#613 = ORIENTED_EDGE ( 'NONE', *, *, #1452, .F. ) ;
#614 = LINE ( 'NONE', #1832, #277 ) ;
#615 = CARTESIAN_POINT ( 'NONE',  ( -4.952814776618975401, 5.999999999997479350, 9.827478785276266393 ) ) ;
#616 = CARTESIAN_POINT ( 'NONE',  ( 9.577683847736789602, -0.1226118341242169174, -6.367682151970770477 ) ) ;
#617 = CARTESIAN_POINT ( 'NONE',  ( 9.652184875953894405, -0.5451281609946920792, 10.27284679574851367 ) ) ;
#618 = CARTESIAN_POINT ( 'NONE',  ( 2.581064073226545741, 0.000000000000000000, 1.240331807780321594 ) ) ;
#619 = ORIENTED_EDGE ( 'NONE', *, *, #1627, .F. ) ;
#620 = CARTESIAN_POINT ( 'NONE',  ( -1.468935926773454081, 4.000000000000000000, -2.359442256370054498E-16 ) ) ;
#621 = CARTESIAN_POINT ( 'NONE',  ( -7.356082904271384670, 6.000000000000548894, -3.593547042065668773 ) ) ;
#622 = EDGE_CURVE ( 'NONE', #1376, #1511, #702, .T. ) ;
#623 = CARTESIAN_POINT ( 'NONE',  ( -6.067251611413670531, 0.000000000000000000, -5.084668192219678140 ) ) ;
#624 = ORIENTED_EDGE ( 'NONE', *, *, #901, .F. ) ;
#625 = LINE ( 'NONE', #314, #1660 ) ;
#626 = CARTESIAN_POINT ( 'NONE',  ( 8.498102188975749982, 6.000000000000001776, -6.026706307968885845 ) ) ;
#627 = VERTEX_POINT ( 'NONE', #1769 ) ;
#628 = DIRECTION ( 'NONE',  ( -0.000000000000000000, 0.000000000000000000, 1.000000000000000000 ) ) ;
#629 = CARTESIAN_POINT ( 'NONE',  ( 1.231064073226546096, 4.000000000000000000, 2.590331807780321238 ) ) ;
#630 = VERTEX_POINT ( 'NONE', #583 ) ;
#631 = DIRECTION ( 'NONE',  ( 0.000000000000000000, -0.9848077530122080203, 0.1736481776669307198 ) ) ;
#632 = ADVANCED_FACE ( 'NONE', ( #1025 ), #256, .F. ) ;
#633 = EDGE_CURVE ( 'NONE', #1256, #1007, #1971, .T. ) ;
#634 = CARTESIAN_POINT ( 'NONE',  ( 8.557883296357648106, 5.240494275987821027, 7.829978661038489385 ) ) ;
#635 = DIRECTION ( 'NONE',  ( 8.673617379884035472E-16, 1.000000000000000000, 0.000000000000000000 ) ) ;
#636 = ORIENTED_EDGE ( 'NONE', *, *, #1577, .T. ) ;
#637 = AXIS2_PLACEMENT_3D ( 'NONE', #664, #683, #526 ) ;
#638 = ORIENTED_EDGE ( 'NONE', *, *, #1087, .F. ) ;
#639 = CYLINDRICAL_SURFACE ( 'NONE', #405, 1.000000000000000222 ) ;
#640 = CIRCLE ( 'NONE', #988, 1.000000000000000222 ) ;
#641 = VECTOR ( 'NONE', #562, 1000.000000000000000 ) ;
#642 = CARTESIAN_POINT ( 'NONE',  ( -7.444202406520415316, 5.240895202451307355, -4.004685689967441675 ) ) ;
#643 = DIRECTION ( 'NONE',  ( -1.529392764415416977E-16, 8.673617379884042375E-16, 1.000000000000000000 ) ) ;
#644 = EDGE_LOOP ( 'NONE', ( #1527, #209, #1402 ) ) ;
#645 = CARTESIAN_POINT ( 'NONE',  ( 7.659002557798470612, 5.000000000000000000, -1.476250171064379891E-15 ) ) ;
#646 = CARTESIAN_POINT ( 'NONE',  ( 6.690936664093348085, 6.000000000000055067, 8.768163313962775263 ) ) ;
#647 = ORIENTED_EDGE ( 'NONE', *, *, #1767, .T. ) ;
#648 = CARTESIAN_POINT ( 'NONE',  ( 1.231064073226546318, 0.000000000000000000, -0.1096681922196784537 ) ) ;
#649 = VERTEX_POINT ( 'NONE', #1338 ) ;
#650 = EDGE_CURVE ( 'NONE', #1576, #906, #501, .T. ) ;
#651 =( BOUNDED_CURVE ( )  B_SPLINE_CURVE ( 3, ( #1666, #623, #937, #1835 ),
 .UNSPECIFIED., .F., .T. ) 
 B_SPLINE_CURVE_WITH_KNOTS ( ( 4, 4 ),
 ( 2.414817599270096427, 3.868367707909493358 ),
 .UNSPECIFIED. ) 
 CURVE ( )  GEOMETRIC_REPRESENTATION_ITEM ( )  RATIONAL_B_SPLINE_CURVE ( ( 1.000000000000000000, 0.8315474279732688601, 0.8315474279732688601, 1.000000000000000000 ) ) 
 REPRESENTATION_ITEM ( '' )  );
#652 = CARTESIAN_POINT ( 'NONE',  ( -5.351603180899139112, 5.238109988611220125, -6.069527750876682504 ) ) ;
#653 = EDGE_LOOP ( 'NONE', ( #1817, #313, #1245, #1656 ) ) ;
#654 = CARTESIAN_POINT ( 'NONE',  ( 0.5560640732265497155, 5.529999999999998472, 1.915331807780318973 ) ) ;
#655 = CARTESIAN_POINT ( 'NONE',  ( 5.838837123053273181, 6.000000000000000000, 9.018270289323773170 ) ) ;
#656 = CARTESIAN_POINT ( 'NONE',  ( 8.814699741005089351, 0.000000000000000000, -7.084668192219678140 ) ) ;
#657 = ORIENTED_EDGE ( 'NONE', *, *, #1099, .F. ) ;
#658 = PLANE ( 'NONE',  #84 ) ;
#659 = ORIENTED_EDGE ( 'NONE', *, *, #198, .F. ) ;
#660 = CARTESIAN_POINT ( 'NONE',  ( 8.584581287016751716, 5.509552663503132663, -3.158762146973263185 ) ) ;
#661 = CARTESIAN_POINT ( 'NONE',  ( -7.531682164357595077, 5.173648177666925640, -3.238447694684690514 ) ) ;
#662 = ADVANCED_FACE ( 'NONE', ( #1938 ), #137, .F. ) ;
#663 = ORIENTED_EDGE ( 'NONE', *, *, #12, .F. ) ;
#664 = CARTESIAN_POINT ( 'NONE',  ( 0.5560640732265457187, -5.999999999999994671, 1.915331807780320972 ) ) ;
#665 = CARTESIAN_POINT ( 'NONE',  ( 7.185437663377593154, 5.999999999999989342, 8.365752399237591064 ) ) ;
#666 = CARTESIAN_POINT ( 'NONE',  ( -8.667439011424761475, -1.267548980611421960, -7.308171276870980115 ) ) ;
#667 = CYLINDRICAL_SURFACE ( 'NONE', #1724, 1.000000000000000000 ) ;
#668 = ORIENTED_EDGE ( 'NONE', *, *, #1073, .T. ) ;
#669 = CARTESIAN_POINT ( 'NONE',  ( -5.470501681690945084, 6.000000000000028422, -5.828509352275026423 ) ) ;
#670 = B_SPLINE_CURVE_WITH_KNOTS ( 'NONE', 3,
 ( #1671, #1555, #934, #802, #45, #1698, #350, #1862 ),
 .UNSPECIFIED., .F., .F.,
 ( 4, 2, 2, 4 ),
 ( 0.000000000000000000, 0.0002901036219425566975, 0.0005802072438851133950, 0.001160414487770223104 ),
 .UNSPECIFIED. ) ;
#671 = AXIS2_PLACEMENT_3D ( 'NONE', #996, #1605, #1957 ) ;
#672 = CARTESIAN_POINT ( 'NONE',  ( 2.581064073226545741, 4.000000000000000000, 1.240331807780321594 ) ) ;
#673 = CARTESIAN_POINT ( 'NONE',  ( -7.385974042522661875, 6.000000000000001776, 9.857369923529528677 ) ) ;
#674 = VECTOR ( 'NONE', #962, 1000.000000000000000 ) ;
#675 = ORIENTED_EDGE ( 'NONE', *, *, #1428, .T. ) ;
#676 = DIRECTION ( 'NONE',  ( 0.000000000000000000, 0.000000000000000000, 1.000000000000000000 ) ) ;
#677 = DIRECTION ( 'NONE',  ( 1.239088197126291310E-16, 0.000000000000000000, -1.000000000000000000 ) ) ;
#678 = CARTESIAN_POINT ( 'NONE',  ( -1.468935926773454081, 0.000000000000000000, 1.240331807780321371 ) ) ;
#679 = EDGE_LOOP ( 'NONE', ( #172, #1833, #1606, #1454 ) ) ;
#680 = CARTESIAN_POINT ( 'NONE',  ( -6.378713337080371026, 6.000000000000262013, -5.271900208316319336 ) ) ;
#681 = CARTESIAN_POINT ( 'NONE',  ( -8.091281965356522221, 2.000000000000000444, 10.56267784636338902 ) ) ;
#682 = DIRECTION ( 'NONE',  ( 0.000000000000000000, 0.000000000000000000, 1.000000000000000000 ) ) ;
#683 = DIRECTION ( 'NONE',  ( -0.000000000000000000, -1.000000000000000000, -0.000000000000000000 ) ) ;
#684 = PRODUCT_CONTEXT ( 'NONE', #532, 'mechanical' ) ;
#685 = CARTESIAN_POINT ( 'NONE',  ( -7.364988480510791469, 6.119015036312407396, -3.051297486920386604 ) ) ;
#686 = EDGE_CURVE ( 'NONE', #630, #462, #1592, .T. ) ;
#687 = EDGE_LOOP ( 'NONE', ( #987, #64, #1219, #820 ) ) ;
#688 = CARTESIAN_POINT ( 'NONE',  ( -5.948034261941710810, 6.000000000000217604, -5.590942762189497373 ) ) ;
#689 = DIRECTION ( 'NONE',  ( -1.239088197126291310E-16, 0.000000000000000000, 1.000000000000000000 ) ) ;
#690 = CARTESIAN_POINT ( 'NONE',  ( 8.643810310810678743, 5.173648177666925640, -3.238447694684691403 ) ) ;
#691 = ORIENTED_EDGE ( 'NONE', *, *, #1828, .F. ) ;
#692 = CARTESIAN_POINT ( 'NONE',  ( 0.000000000000000000, 0.000000000000000000, 2.590331807780321238 ) ) ;
#693 = SPHERICAL_SURFACE ( 'NONE', #537, 1.000000000000000000 ) ;
#694 = CARTESIAN_POINT ( 'NONE',  ( 5.709843575691555984, 5.173648177666924752, -6.172414429803815494 ) ) ;
#695 = ORIENTED_EDGE ( 'NONE', *, *, #905, .T. ) ;
#696 = ORIENTED_EDGE ( 'NONE', *, *, #1772, .F. ) ;
#697 = CARTESIAN_POINT ( 'NONE',  ( -5.346576853045070798, 5.237727096164634055, -6.070863297267725223 ) ) ;
#698 = CARTESIAN_POINT ( 'NONE',  ( 7.171496067087701931, 5.281747765149735763, -5.770539527417335890 ) ) ;
#699 = VECTOR ( 'NONE', #263, 1000.000000000000000 ) ;
#700 = CARTESIAN_POINT ( 'NONE',  ( 0.5560640732265460517, 4.000000000000000000, -1.084668192219679472 ) ) ;
#701 = CARTESIAN_POINT ( 'NONE',  ( -6.451013989274666294, 5.999999999999974243, 7.700403376317257909 ) ) ;
#702 = CIRCLE ( 'NONE', #1840, 1.000000000000000000 ) ;
#703 = EDGE_CURVE ( 'NONE', #437, #1276, #300, .T. ) ;
#704 = LINE ( 'NONE', #734, #373 ) ;
#705 = VECTOR ( 'NONE', #17, 1000.000000000000000 ) ;
#706 = CARTESIAN_POINT ( 'NONE',  ( -6.546874411345385170, 5.000000000000000000, -3.238447694684688738 ) ) ;
#707 = CARTESIAN_POINT ( 'NONE',  ( 6.088167101304392759, 5.208703989806980239, -6.166233144292876389 ) ) ;
#708 = PRODUCT_DEFINITION_FORMATION_WITH_SPECIFIED_SOURCE ( 'ANY', '', #1186, .NOT_KNOWN. ) ;
#709 = EDGE_CURVE ( 'NONE', #573, #1015, #945, .T. ) ;
#710 = CARTESIAN_POINT ( 'NONE',  ( 8.988080089411839779, -0.9676444878651661030, 11.08595363872477257 ) ) ;
#711 = VERTEX_POINT ( 'NONE', #792 ) ;
#712 = CARTESIAN_POINT ( 'NONE',  ( 8.486424071560707105, 1.877388165875782722, 10.58429762087363812 ) ) ;
#713 = CARTESIAN_POINT ( 'NONE',  ( -8.518436954990553645, -0.4225163268704739683, 10.98983283599741689 ) ) ;
#714 = CARTESIAN_POINT ( 'NONE',  ( -6.487334768478175917, 6.000000000000004441, 7.575716425534824161 ) ) ;
#715 = FACE_OUTER_BOUND ( 'NONE', #1318, .T. ) ;
#716 = DIRECTION ( 'NONE',  ( -1.000000000000000000, 0.000000000000000000, -1.239088197126291310E-16 ) ) ;
#717 = DIRECTION ( 'NONE',  ( 0.000000000000000000, -0.000000000000000000, 1.000000000000000000 ) ) ;
#718 = CARTESIAN_POINT ( 'NONE',  ( 7.859558099284783772, 6.000000000000217604, -4.880318668918987690 ) ) ;
#719 = EDGE_LOOP ( 'NONE', ( #483, #1794, #275, #1393 ) ) ;
#720 = ORIENTED_EDGE ( 'NONE', *, *, #919, .F. ) ;
#721 = CARTESIAN_POINT ( 'NONE',  ( -5.135022837559326092, 3.363996538402181269, 10.32216845505013048 ) ) ;
#722 = EDGE_CURVE ( 'NONE', #1531, #810, #963, .T. ) ;
#723 = DIRECTION ( 'NONE',  ( 1.000000000000000000, 0.000000000000000000, -9.637352644315598941E-17 ) ) ;
#724 = CARTESIAN_POINT ( 'NONE',  ( 5.399975597952025197, 3.000000000000000000, -2.928579716945156175 ) ) ;
#725 = CARTESIAN_POINT ( 'NONE',  ( 8.643810310810680519, 5.173648177666924752, 7.069111310245332902 ) ) ;
#726 = CARTESIAN_POINT ( 'NONE',  ( -8.352069964905684429, -3.760679619965993264E-15, -6.718022603130993531 ) ) ;
#727 = CARTESIAN_POINT ( 'NONE',  ( -7.801450914741652198, -0.5451281609946914131, -7.180788994947028492 ) ) ;
#728 =( BOUNDED_SURFACE ( )  B_SPLINE_SURFACE ( 2, 3, ( 
 ( #786, #1086, #502, #1235, #1534, #957, #813, #1860, #163, #1406 ),
 ( #1713, #1257, #459, #626, #1522, #1416, #1379, #482, #173, #1705 ),
 ( #1696, #766, #1385, #660, #315, #1553, #616, #798, #1226, #34 ) ),
 .UNSPECIFIED., .F., .F., .F. ) 
 B_SPLINE_SURFACE_WITH_KNOTS ( ( 3, 3 ),
 ( 4, 3, 3, 4 ),
 ( 0.000000000000000000, 1.000000000000000000 ),
 ( -0.004988528997059068007, -0.003104152386156178427, 0.003079581655428645023, 0.004385945952225812558 ),
 .UNSPECIFIED. ) 
 GEOMETRIC_REPRESENTATION_ITEM ( )  RATIONAL_B_SPLINE_SURFACE ( (
 ( 1.000000000000000000, 1.000000000000000000, 1.000000000000000000, 1.000000000000000000, 1.000000000000000000, 1.000000000000000000, 1.000000000000000000, 1.000000000000000000, 1.000000000000000000, 1.000000000000000000),
 ( 0.7176885430348759476, 0.7176885430348759476, 0.7176885430348759476, 0.7176885430348759476, 0.7176885430348759476, 0.7176885430348759476, 0.7176885430348759476, 0.7176885430348759476, 0.7176885430348759476, 0.7176885430348759476),
 ( 1.000000000000000000, 1.000000000000000000, 1.000000000000000000, 1.000000000000000000, 1.000000000000000000, 1.000000000000000000, 1.000000000000000000, 1.000000000000000000, 1.000000000000000000, 1.000000000000000000) ) ) 
 REPRESENTATION_ITEM ( '' )  SURFACE ( )  );
#729 = DIRECTION ( 'NONE',  ( 0.000000000000000000, 0.000000000000000000, -1.000000000000000000 ) ) ;
#730 = EDGE_LOOP ( 'NONE', ( #746, #1740 ) ) ;
#731 = EDGE_LOOP ( 'NONE', ( #395, #1227, #301, #441 ) ) ;
#732 = CARTESIAN_POINT ( 'NONE',  ( 5.543678929939123812, 5.173648177666930970, -6.172414429803814606 ) ) ;
#733 = DIRECTION ( 'NONE',  ( 1.000000000000000000, -0.000000000000000000, 0.000000000000000000 ) ) ;
#734 = CARTESIAN_POINT ( 'NONE',  ( -0.1189359267734539372, 0.000000000000000000, 1.240331807780321371 ) ) ;
#735 = CARTESIAN_POINT ( 'NONE',  ( 6.648831751035473303, 5.251515422719996273, 9.842304570449176282 ) ) ;
#736 = CARTESIAN_POINT ( 'NONE',  ( 7.647084928090944977, 5.999999999999999112, -3.494567077880248007 ) ) ;
#737 = VECTOR ( 'NONE', #478, 1000.000000000000000 ) ;
#738 = ADVANCED_FACE ( 'NONE', ( #1366 ), #1820, .F. ) ;
#739 = AXIS2_PLACEMENT_3D ( 'NONE', #742, #749, #1035 ) ;
#740 = DIRECTION ( 'NONE',  ( -0.000000000000000000, 1.000000000000000000, -0.000000000000000000 ) ) ;
#741 = ORIENTED_EDGE ( 'NONE', *, *, #1515, .T. ) ;
#742 = CARTESIAN_POINT ( 'NONE',  ( -0.1189359267734538123, 0.000000000000000000, -7.561917326212202810E-18 ) ) ;
#743 = CARTESIAN_POINT ( 'NONE',  ( -6.546874411345381617, 6.000000000000000000, 7.069111310245332014 ) ) ;
#744 = DIRECTION ( 'NONE',  ( 0.000000000000000000, -0.000000000000000000, 1.000000000000000000 ) ) ;
#745 = DIRECTION ( 'NONE',  ( 0.000000000000000000, 0.3420201433256694901, 0.9396926207859082059 ) ) ;
#746 = ORIENTED_EDGE ( 'NONE', *, *, #1114, .T. ) ;
#747 = ADVANCED_FACE ( 'NONE', ( #994 ), #1781, .F. ) ;
#748 = ADVANCED_FACE ( 'NONE', ( #1023 ), #276, .T. ) ;
#749 = DIRECTION ( 'NONE',  ( 1.000000000000000000, 0.000000000000000000, 6.357975702847093827E-17 ) ) ;
#750 = ADVANCED_FACE ( 'NONE', ( #1935 ), #693, .F. ) ;
#751 = LINE ( 'NONE', #618, #82 ) ;
#752 = EDGE_LOOP ( 'NONE', ( #1255, #348 ) ) ;
#753 = LINE ( 'NONE', #1060, #272 ) ;
#754 = LINE ( 'NONE', #915, #1752 ) ;
#755 = CARTESIAN_POINT ( 'NONE',  ( -4.597715429238468765, 5.173648177666926529, -6.172414429803814606 ) ) ;
#756 = ORIENTED_EDGE ( 'NONE', *, *, #1767, .F. ) ;
#757 = CARTESIAN_POINT ( 'NONE',  ( 0.000000000000000000, 0.000000000000000000, 2.590331807780321238 ) ) ;
#758 = EDGE_CURVE ( 'NONE', #1773, #1480, #640, .T. ) ;
#759 = AXIS2_PLACEMENT_3D ( 'NONE', #589, #944, #631 ) ;
#760 = CARTESIAN_POINT ( 'NONE',  ( 1.231064073226546318, 4.000000000000000000, 1.318244289047975903E-16 ) ) ;
#761 = VECTOR ( 'NONE', #1449, 1000.000000000000000 ) ;
#762 = ORIENTED_EDGE ( 'NONE', *, *, #1695, .T. ) ;
#763 = CARTESIAN_POINT ( 'NONE',  ( 0.5560640732265457187, 6.000000000000000000, 1.915331807780320972 ) ) ;
#764 = AXIS2_PLACEMENT_3D ( 'NONE', #1069, #1371, #744 ) ;
#765 = VECTOR ( 'NONE', #54, 1000.000000000000000 ) ;
#766 = CARTESIAN_POINT ( 'NONE',  ( 8.369651966910998553, 6.728477409121683905, -2.943832826867509578 ) ) ;
#767 = CARTESIAN_POINT ( 'NONE',  ( 9.203410111809612104, 2.000000000000000000, 10.56267784636338902 ) ) ;
#768 = DIRECTION ( 'NONE',  ( 1.927470528863119049E-16, -9.362945086820913759E-35, 1.000000000000000000 ) ) ;
#769 = ADVANCED_FACE ( 'NONE', ( #1148 ), #1756, .T. ) ;
#770 = CARTESIAN_POINT ( 'NONE',  ( 6.697250471436875685, 6.000000000000016875, -4.948225036214116912 ) ) ;
#771 = CARTESIAN_POINT ( 'NONE',  ( -7.262369354590518356, 6.000000000000018652, -3.950355713000610169 ) ) ;
#772 = CARTESIAN_POINT ( 'NONE',  ( -5.504243305987548851, 0.000000000000000000, 8.915331807780320972 ) ) ;
#773 = ORIENTED_EDGE ( 'NONE', *, *, #1565, .T. ) ;
#774 = LINE ( 'NONE', #324, #341 ) ;
#775 = CARTESIAN_POINT ( 'NONE',  ( -5.885481331857213227, 5.273034532219448955, 9.695118327993089480 ) ) ;
#776 = CARTESIAN_POINT ( 'NONE',  ( 6.616371452440637846, 0.000000000000000000, 8.915331807780320972 ) ) ;
#777 = EDGE_CURVE ( 'NONE', #649, #219, #1046, .T. ) ;
#778 = DIRECTION ( 'NONE',  ( 0.000000000000000000, 0.000000000000000000, 1.000000000000000000 ) ) ;
#779 = ADVANCED_FACE ( 'NONE', ( #1620 ), #242, .T. ) ;
#780 = ORIENTED_EDGE ( 'NONE', *, *, #174, .F. ) ;
#781 = CARTESIAN_POINT ( 'NONE',  ( 7.408895577593811232, 6.000000000000050626, -4.219540782112197519 ) ) ;
#782 = CARTESIAN_POINT ( 'NONE',  ( 7.351714549925742581, 5.999999999999888978, 9.218825833838559802 ) ) ;
#783 = ORIENTED_EDGE ( 'NONE', *, *, #1159, .T. ) ;
#784 = LINE ( 'NONE', #1927, #1404 ) ;
#785 = CARTESIAN_POINT ( 'NONE',  ( -4.854306687280024235, 6.000000000000001776, 9.018270288936212964 ) ) ;
#786 = CARTESIAN_POINT ( 'NONE',  ( 5.307764047821497577, 7.337939781930959526, -5.790791425851256946 ) ) ;
#787 = CARTESIAN_POINT ( 'NONE',  ( -6.443935926773454170, 0.000000000000000000, -5.084668192219678140 ) ) ;
#788 = DIRECTION ( 'NONE',  ( 1.239088197126291063E-16, -6.162975822039153361E-33, -1.000000000000000000 ) ) ;
#789 = EDGE_CURVE ( 'NONE', #1890, #793, #504, .T. ) ;
#790 = VERTEX_POINT ( 'NONE', #1395 ) ;
#791 = CARTESIAN_POINT ( 'NONE',  ( -7.058562756916152203, 5.649453399657687669, -1.891981607291026490 ) ) ;
#792 = CARTESIAN_POINT ( 'NONE',  ( 1.231064073226546096, 4.000000000000000000, 1.240331807780321371 ) ) ;
#793 = VERTEX_POINT ( 'NONE', #43 ) ;
#794 = VECTOR ( 'NONE', #393, 1000.000000000000000 ) ;
#795 = EDGE_CURVE ( 'NONE', #1773, #947, #822, .T. ) ;
#796 = AXIS2_PLACEMENT_3D ( 'NONE', #1237, #164, #1249 ) ;
#797 = ORIENTED_EDGE ( 'NONE', *, *, #883, .T. ) ;
#798 = CARTESIAN_POINT ( 'NONE',  ( 9.652184875953890852, -0.5451281609946916351, -6.442183180187872615 ) ) ;
#799 = AXIS2_PLACEMENT_3D ( 'NONE', #218, #843, #1447 ) ;
#800 = AXIS2_PLACEMENT_3D ( 'NONE', #356, #1413, #31 ) ;
#801 = CARTESIAN_POINT ( 'NONE',  ( -7.129807261971118137, 5.281747765149730434, -4.700100186080840459 ) ) ;
#802 = CARTESIAN_POINT ( 'NONE',  ( -8.077290337685312238, -4.900279504805072582E-15, 10.82346584591222438 ) ) ;
#803 = ORIENTED_EDGE ( 'NONE', *, *, #1114, .F. ) ;
#804 = FACE_OUTER_BOUND ( 'NONE', #719, .T. ) ;
#805 =( NAMED_UNIT ( * ) PLANE_ANGLE_UNIT ( ) SI_UNIT ( $, .RADIAN. ) );
#806 = CARTESIAN_POINT ( 'NONE',  ( 6.906381967546256107, 5.999999999999867661, 9.509575051569608917 ) ) ;
#807 = CARTESIAN_POINT ( 'NONE',  ( 9.556064073226542277, 0.000000000000000000, -6.343303859998225214 ) ) ;
#808 = VERTEX_POINT ( 'NONE', #492 ) ;
#809 = CARTESIAN_POINT ( 'NONE',  ( -4.287847451498934426, 3.342020143325668879, 7.698935953291706547 ) ) ;
#810 = VERTEX_POINT ( 'NONE', #1546 ) ;
#811 = ADVANCED_FACE ( 'NONE', ( #933 ), #1267, .T. ) ;
#812 = VERTEX_POINT ( 'NONE', #199 ) ;
#813 = CARTESIAN_POINT ( 'NONE',  ( 8.839078032977633725, -0.1226118341242169452, -7.106287966729927241 ) ) ;
#814 = PLANE ( 'NONE',  #830 ) ;
#815 = CARTESIAN_POINT ( 'NONE',  ( 7.659002557798471500, 5.000000000000000888, -3.238447694684689626 ) ) ;
#816 = VERTEX_POINT ( 'NONE', #326 ) ;
#817 = DIRECTION ( 'NONE',  ( -1.606225440719266120E-16, 0.000000000000000000, 1.000000000000000000 ) ) ;
#818 = CARTESIAN_POINT ( 'NONE',  ( -7.171044722416912265, 7.218924745618553018, -5.811776987863132682 ) ) ;
#819 = CARTESIAN_POINT ( 'NONE',  ( -0.1189359267734540482, 4.000000000000000000, 3.940331807780321771 ) ) ;
#820 = ORIENTED_EDGE ( 'NONE', *, *, #68, .F. ) ;
#821 = ORIENTED_EDGE ( 'NONE', *, *, #722, .F. ) ;
#822 = LINE ( 'NONE', #1386, #113 ) ;
#823 = CYLINDRICAL_SURFACE ( 'NONE', #434, 3.000000000000000888 ) ;
#824 = CARTESIAN_POINT ( 'NONE',  ( -3.350375282391121257, 5.529999999999997584, 3.868551485589155625 ) ) ;
#825 = CARTESIAN_POINT ( 'NONE',  ( -5.466170304194131191, 5.999999999999973355, -4.996298649368357658 ) ) ;
#826 = LINE ( 'NONE', #252, #181 ) ;
#827 = VERTEX_POINT ( 'NONE', #316 ) ;
#828 = CARTESIAN_POINT ( 'NONE',  ( -8.120863403337576614, 1.832235328579924216, -5.938057032059792739 ) ) ;
#829 = AXIS2_PLACEMENT_3D ( 'NONE', #1762, #103, #1343 ) ;
#830 = AXIS2_PLACEMENT_3D ( 'NONE', #787, #1852, #474 ) ;
#831 = CARTESIAN_POINT ( 'NONE',  ( 8.483036835895399363, 5.251515422719994497, -4.177435870028626930 ) ) ;
#832 = PRODUCT_DEFINITION ( 'UNKNOWN', '', #708, #908 ) ;
#833 = VECTOR ( 'NONE', #1847, 1000.000000000000114 ) ;
#834 = ORIENTED_EDGE ( 'NONE', *, *, #758, .T. ) ;
#835 = CARTESIAN_POINT ( 'NONE',  ( 0.5560640732265464958, 5.876235673783145153, 7.289422425693281582 ) ) ;
#836 = ADVANCED_FACE ( 'NONE', ( #949 ), #1537, .F. ) ;
#837 = DIRECTION ( 'NONE',  ( 1.000000000000000000, 0.000000000000000000, -0.000000000000000000 ) ) ;
#838 = DIRECTION ( 'NONE',  ( -1.927470528863119049E-16, 0.000000000000000000, -1.000000000000000000 ) ) ;
#839 = LINE ( 'NONE', #1584, #1051 ) ;
#840 = VERTEX_POINT ( 'NONE', #1554 ) ;
#841 = CARTESIAN_POINT ( 'NONE',  ( -6.370884965119439691, 5.292912687944889782, -5.561097634089837705 ) ) ;
#842 = CARTESIAN_POINT ( 'NONE',  ( 7.556064073226545830, 0.000000000000000000, 8.915331807780320972 ) ) ;
#843 = DIRECTION ( 'NONE',  ( 1.000000000000000000, 0.000000000000000000, 1.070816960479510377E-16 ) ) ;
#844 = DIRECTION ( 'NONE',  ( 1.000000000000000000, 1.734723475976806306E-15, -6.313877099383611784E-16 ) ) ;
#845 = CARTESIAN_POINT ( 'NONE',  ( 0.5560640732265418329, 5.529999999999998472, 1.915331807780318973 ) ) ;
#846 = DIRECTION ( 'NONE',  ( -0.000000000000000000, -1.000000000000000000, -0.000000000000000000 ) ) ;
#847 = CARTESIAN_POINT ( 'NONE',  ( 7.659002557798469724, 6.000000000000000000, -3.072283048932263227 ) ) ;
#848 = ORIENTED_EDGE ( 'NONE', *, *, #131, .T. ) ;
#849 = ORIENTED_EDGE ( 'NONE', *, *, #49, .T. ) ;
#850 = CARTESIAN_POINT ( 'NONE',  ( 5.709843575691555984, 5.173648177666924752, -6.172414429803815494 ) ) ;
#851 = CARTESIAN_POINT ( 'NONE',  ( -4.518029881527040104, 5.509552663503131775, 9.943849021570528635 ) ) ;
#852 = FACE_OUTER_BOUND ( 'NONE', #1963, .T. ) ;
#853 = DIRECTION ( 'NONE',  ( 1.000000000000000000, -0.000000000000000000, -0.000000000000000000 ) ) ;
#854 = CARTESIAN_POINT ( 'NONE',  ( -6.524459380570225342, 5.295935470918144539, 9.265513604616979038 ) ) ;
#855 = DIRECTION ( 'NONE',  ( 1.000000000000000000, 0.000000000000000000, 5.354084802397552502E-17 ) ) ;
#856 = CARTESIAN_POINT ( 'NONE',  ( 7.006484664683807928, 5.999999999999985789, -4.714041782371055866 ) ) ;
#857 = DIRECTION ( 'NONE',  ( -1.000000000000000000, -8.673617379884035472E-16, -7.278029144433536942E-16 ) ) ;
#858 = CARTESIAN_POINT ( 'NONE',  ( 8.913579061194738529, -0.5451281609946917461, 11.01145261050766955 ) ) ;
#859 = ORIENTED_EDGE ( 'NONE', *, *, #12, .T. ) ;
#860 = CARTESIAN_POINT ( 'NONE',  ( -7.257523820457912223, 6.728477409121683017, 6.774496442428153742 ) ) ;
#861 = TOROIDAL_SURFACE ( 'NONE', #637, 7.093109588361113715, 12.00000000000000000 ) ;
#862 = CARTESIAN_POINT ( 'NONE',  ( -7.428795485430455869, 5.238109988611220125, 7.822999061906003249 ) ) ;
#863 = AXIS2_PLACEMENT_3D ( 'NONE', #1797, #1472, #723 ) ;
#864 = CARTESIAN_POINT ( 'NONE',  ( 9.232991549790678931, 1.832235328579800981, -5.938057032059965934 ) ) ;
#865 = VECTOR ( 'NONE', #1243, 1000.000000000000000 ) ;
#866 = CARTESIAN_POINT ( 'NONE',  ( 0.5560640732265457187, 0.000000000000000000, 1.915331807780320972 ) ) ;
#867 = CARTESIAN_POINT ( 'NONE',  ( -4.870683842943973829, 3.509552663503131331, -6.465839367426818640 ) ) ;
#868 =( BOUNDED_SURFACE ( )  B_SPLINE_SURFACE ( 3, 2, ( 
 ( #1241, #1270, #193 ),
 ( #29, #1120, #655 ),
 ( #511, #1401, #1561 ),
 ( #1844, #1730, #1855 ),
 ( #329, #362, #182 ),
 ( #1110, #806, #22 ),
 ( #51, #1866, #646 ),
 ( #1432, #782, #982 ),
 ( #1720, #158, #1573 ),
 ( #353, #477, #665 ),
 ( #1390, #8, #1737 ),
 ( #974, #1582, #202 ),
 ( #1254, #1285, #1887 ),
 ( #634, #1091, #321 ),
 ( #1982, #294, #948 ),
 ( #1849, #336, #153 ) ),
 .UNSPECIFIED., .F., .F., .T. ) 
 B_SPLINE_SURFACE_WITH_KNOTS ( ( 4, 2, 2, 2, 2, 2, 2, 4 ),
 ( 3, 3 ),
 ( -4.386681989876350940E-16, 0.0003822704006464427095, 0.0007645408012933240871, 0.001146811201940205411, 0.001529081602587086842, 0.001911352003233968274, 0.002293622403880849706, 0.003058163205174612570 ),
 ( 0.000000000000000000, 1.000000000000000000 ),
 .UNSPECIFIED. ) 
 GEOMETRIC_REPRESENTATION_ITEM ( )  RATIONAL_B_SPLINE_SURFACE ( (
 ( 1.000000000000000000, 0.7660444431189979975, 1.000000000000000000),
 ( 1.000000000000000000, 0.7717974870889812156, 1.000000000000000000),
 ( 1.000000000000000000, 0.7771382677754721247, 1.000000000000000000),
 ( 1.000000000000000000, 0.7866933155288493573, 1.000000000000000000),
 ( 1.000000000000000000, 0.7909444607417658313, 1.000000000000000000),
 ( 1.000000000000000000, 0.7978078801999873848, 1.000000000000000000),
 ( 1.000000000000000000, 0.8004440985327727631, 1.000000000000000000),
 ( 1.000000000000000000, 0.8040270847889339212, 1.000000000000000000),
 ( 1.000000000000000000, 0.8049560426511254141, 1.000000000000000000),
 ( 1.000000000000000000, 0.8049644313257481310, 1.000000000000000000),
 ( 1.000000000000000000, 0.8040755934312963094, 1.000000000000000000),
 ( 1.000000000000000000, 0.8004983064083573963, 1.000000000000000000),
 ( 1.000000000000000000, 0.7978276240543689113, 1.000000000000000000),
 ( 1.000000000000000000, 0.7875872931868574955, 1.000000000000000000),
 ( 1.000000000000000000, 0.7775408985777666482, 1.000000000000000000),
 ( 1.000000000000000000, 0.7660444431189784575, 1.000000000000000000) ) ) 
 REPRESENTATION_ITEM ( '' )  SURFACE ( )  );
#869 = DIRECTION ( 'NONE',  ( 0.000000000000000000, 0.000000000000000000, 1.000000000000000000 ) ) ;
#870 = ORIENTED_EDGE ( 'NONE', *, *, #1807, .T. ) ;
#871 = PRODUCT_RELATED_PRODUCT_CATEGORY ( 'part', '', ( #1186 ) ) ;
#872 = VERTEX_POINT ( 'NONE', #1579 ) ;
#873 = EDGE_CURVE ( 'NONE', #1511, #947, #212, .T. ) ;
#874 = CYLINDRICAL_SURFACE ( 'NONE', #863, 1.000000000000000000 ) ;
#875 = CARTESIAN_POINT ( 'NONE',  ( -6.920365368643420112, 5.292912687944874683, 8.842280846126614691 ) ) ;
#876 = DIRECTION ( 'NONE',  ( 1.000000000000000000, 0.000000000000000000, 0.000000000000000000 ) ) ;
#877 = CARTESIAN_POINT ( 'NONE',  ( -8.443935926773455947, 0.000000000000000000, -6.343303859997157623 ) ) ;
#878 = CARTESIAN_POINT ( 'NONE',  ( -4.518029881527041880, 5.509552663503131775, -6.113185406009888467 ) ) ;
#879 = CARTESIAN_POINT ( 'NONE',  ( -4.597715429238466989, 6.000000000000000000, 9.018270292352248418 ) ) ;
#880 = CARTESIAN_POINT ( 'NONE',  ( 0.000000000000000000, 0.000000000000000000, 2.590331807780321238 ) ) ;
#881 = VERTEX_POINT ( 'NONE', #672 ) ;
#882 = VERTEX_POINT ( 'NONE', #1279 ) ;
#883 = EDGE_CURVE ( 'NONE', #790, #808, #1095, .T. ) ;
#884 = DIRECTION ( 'NONE',  ( -1.000000000000000000, 0.000000000000000000, 0.000000000000000000 ) ) ;
#885 = LINE ( 'NONE', #732, #1113 ) ;
#886 = SPHERICAL_SURFACE ( 'NONE', #1525, 1.000000000000000000 ) ;
#887 = CARTESIAN_POINT ( 'NONE',  ( 5.709843575691555984, 5.173648177666923864, 10.00307804536445744 ) ) ;
#888 = CARTESIAN_POINT ( 'NONE',  ( 8.542259178274752784, 5.237727096164228158, -3.987309118490942605 ) ) ;
#889 = CARTESIAN_POINT ( 'NONE',  ( -5.578808517640371889, 6.000000000000053291, -4.937499698402302961 ) ) ;
#890 = DIRECTION ( 'NONE',  ( 1.000000000000000000, 0.000000000000000000, 0.000000000000000000 ) ) ;
#891 = VERTEX_POINT ( 'NONE', #349 ) ;
#892 = CARTESIAN_POINT ( 'NONE',  ( -4.597715429238466989, 5.173648177666925640, 10.00307804536445744 ) ) ;
#893 = CARTESIAN_POINT ( 'NONE',  ( 5.248604096223669302, 3.415889782947594711, -2.777208215216800724 ) ) ;
#894 = AXIS2_PLACEMENT_3D ( 'NONE', #310, #1373, #1221 ) ;
#895 = CARTESIAN_POINT ( 'NONE',  ( 7.659002554770832027, 6.000000000000000888, -3.367441242046585348 ) ) ;
#896 = CARTESIAN_POINT ( 'NONE',  ( -6.948322460820790525, 6.000000000000391687, -4.592004181429400589 ) ) ;
#897 = ADVANCED_FACE ( 'NONE', ( #515 ), #814, .F. ) ;
#898 = DIRECTION ( 'NONE',  ( -1.264902534566421922E-16, 0.000000000000000000, -1.000000000000000000 ) ) ;
#899 = ORIENTED_EDGE ( 'NONE', *, *, #207, .T. ) ;
#900 = B_SPLINE_CURVE_WITH_KNOTS ( 'NONE', 3,
 ( #194, #1101, #1896, #953, #1128, #1738, #983, #807 ),
 .UNSPECIFIED., .F., .F.,
 ( 4, 2, 2, 4 ),
 ( 0.000000000000000000, 0.0002901036219424168354, 0.0005802072438848336709, 0.001160414487769667342 ),
 .UNSPECIFIED. ) ;
#901 = EDGE_CURVE ( 'NONE', #219, #810, #401, .T. ) ;
#902 = PLANE ( 'NONE',  #1939 ) ;
#903 = CARTESIAN_POINT ( 'NONE',  ( -7.702571594551439915, 0.000000000000000000, -7.084668192219678140 ) ) ;
#904 = CARTESIAN_POINT ( 'NONE',  ( 9.225029886319862982, 1.877388165875782500, 9.845691806114482247 ) ) ;
#905 = EDGE_CURVE ( 'NONE', #711, #1701, #1697, .T. ) ;
#906 = VERTEX_POINT ( 'NONE', #961 ) ;
#907 = CARTESIAN_POINT ( 'NONE',  ( 7.659002557798472388, 6.000000000000000000, -3.367447603718542570 ) ) ;
#908 = PRODUCT_DEFINITION_CONTEXT ( 'detailed design', #80, 'design' ) ;
#909 = DIRECTION ( 'NONE',  ( -0.1736481776669307198, -0.9848077530122080203, 0.000000000000000000 ) ) ;
#910 = LINE ( 'NONE', #1351, #245 ) ;
#911 = CARTESIAN_POINT ( 'NONE',  ( -7.702571594551439915, 0.000000000000000000, -7.084668192219678140 ) ) ;
#912 = ORIENTED_EDGE ( 'NONE', *, *, #1765, .T. ) ;
#913 = ORIENTED_EDGE ( 'NONE', *, *, #650, .T. ) ;
#914 = CARTESIAN_POINT ( 'NONE',  ( 6.916420470786736274, 5.999999999999985789, -4.804191216933796582 ) ) ;
#915 = CARTESIAN_POINT ( 'NONE',  ( 0.000000000000000000, 0.000000000000000000, 3.940331807780321771 ) ) ;
#916 = ORIENTED_EDGE ( 'NONE', *, *, #686, .F. ) ;
#917 = DIRECTION ( 'NONE',  ( -1.927470528863119049E-16, -0.000000000000000000, -1.000000000000000000 ) ) ;
#918 = CARTESIAN_POINT ( 'NONE',  ( 1.231064073226546096, 0.000000000000000000, 1.240331807780321371 ) ) ;
#919 = EDGE_CURVE ( 'NONE', #427, #545, #1727, .T. ) ;
#920 = CARTESIAN_POINT ( 'NONE',  ( 5.399975597952025197, 3.000000000000000000, 6.691046028192341856E-16 ) ) ;
#921 = CARTESIAN_POINT ( 'NONE',  ( 8.283172868869998595, 7.218924745618551242, 9.642440603423775514 ) ) ;
#922 = ORIENTED_EDGE ( 'NONE', *, *, #633, .T. ) ;
#923 = CARTESIAN_POINT ( 'NONE',  ( 7.186613050386944757, 5.999999999999984901, -4.533742910897645473 ) ) ;
#924 = VECTOR ( 'NONE', #1621, 1000.000000000000114 ) ;
#925 = CARTESIAN_POINT ( 'NONE',  ( 7.556064073226550271, 0.000000000000000000, -4.707983876859890060 ) ) ;
#926 = AXIS2_PLACEMENT_3D ( 'NONE', #1160, #1768, #869 ) ;
#927 = ORIENTED_EDGE ( 'NONE', *, *, #1072, .F. ) ;
#928 = CARTESIAN_POINT ( 'NONE',  ( 6.714782680773174306, -0.2703826276644333282, 9.013743036112854767 ) ) ;
#929 = VECTOR ( 'NONE', #1185, 1000.000000000000000 ) ;
#930 = DIRECTION ( 'NONE',  ( 1.000000000000000000, 0.000000000000000000, 0.000000000000000000 ) ) ;
#931 = CARTESIAN_POINT ( 'NONE',  ( 8.390637528922873400, 6.609462372809276509, 9.749905263476652095 ) ) ;
#932 = B_SPLINE_CURVE_WITH_KNOTS ( 'NONE', 3,
 ( #1884, #1456, #534, #1126, #698, #1616, #236, #359, #1309, #1466, #208, #831, #397, #1133, #1912, #1290 ),
 .UNSPECIFIED., .F., .F.,
 ( 4, 2, 2, 2, 2, 2, 2, 4 ),
 ( -5.999999999156382442E-08, 0.001151343255069670665, 0.001727044882604501915, 0.002302746510139333166, 0.002878448137674162466, 0.003454149765208991765, 0.004029851392743820197, 0.004605553020278649497 ),
 .UNSPECIFIED. ) ;
#933 = FACE_OUTER_BOUND ( 'NONE', #954, .T. ) ;
#934 = CARTESIAN_POINT ( 'NONE',  ( -7.896961895787461216, -4.900279504805071793E-15, 10.89680662308056824 ) ) ;
#935 = DIRECTION ( 'NONE',  ( -1.239088197126291063E-16, -0.000000000000000000, 1.000000000000000000 ) ) ;
#936 = PLANE ( 'NONE',  #759 ) ;
#937 = CARTESIAN_POINT ( 'NONE',  ( -6.443935926773456835, 0.000000000000000000, -4.707983876859890060 ) ) ;
#938 = ORIENTED_EDGE ( 'NONE', *, *, #1828, .T. ) ;
#939 = LINE ( 'NONE', #1216, #833 ) ;
#940 = ADVANCED_FACE ( 'NONE', ( #166 ), #1251, .T. ) ;
#941 = CARTESIAN_POINT ( 'NONE',  ( -0.000000000000000000, 4.000000000000000000, 2.590331807780321238 ) ) ;
#942 = DIRECTION ( 'NONE',  ( 0.3236155771181848939, -0.8891264907159882602, -0.3236155771181851715 ) ) ;
#943 = EDGE_LOOP ( 'NONE', ( #19, #1648, #154, #1230 ) ) ;
#944 = DIRECTION ( 'NONE',  ( 0.000000000000000000, 0.1736481776669307198, 0.9848077530122080203 ) ) ;
#945 = LINE ( 'NONE', #1549, #1906 ) ;
#946 = ORIENTED_EDGE ( 'NONE', *, *, #284, .T. ) ;
#947 = VERTEX_POINT ( 'NONE', #517 ) ;
#948 = CARTESIAN_POINT ( 'NONE',  ( 7.659002554381324934, 5.999999999999996447, 7.325702568287304928 ) ) ;
#949 = FACE_OUTER_BOUND ( 'NONE', #1469, .T. ) ;
#950 = ORIENTED_EDGE ( 'NONE', *, *, #207, .F. ) ;
#951 = CARTESIAN_POINT ( 'NONE',  ( 0.000000000000000000, 4.000000000000000000, -2.928579716945156619 ) ) ;
#952 = EDGE_CURVE ( 'NONE', #1941, #808, #1734, .T. ) ;
#953 = CARTESIAN_POINT ( 'NONE',  ( 9.189418484138233367, -4.672359527837221220E-15, -6.992802230351672144 ) ) ;
#954 = EDGE_LOOP ( 'NONE', ( #663, #619, #167, #1551 ) ) ;
#955 = DIRECTION ( 'NONE',  ( -0.3236155771181853380, 0.8891264907159879272, 0.3236155771181852825 ) ) ;
#956 = ORIENTED_EDGE ( 'NONE', *, *, #795, .F. ) ;
#957 = CARTESIAN_POINT ( 'NONE',  ( 8.486424071560703553, 1.877388165875783610, -6.753634005312997068 ) ) ;
#958 = VECTOR ( 'NONE', #150, 1000.000000000000000 ) ;
#959 = EDGE_CURVE ( 'NONE', #1339, #545, #1399, .T. ) ;
#960 = ORIENTED_EDGE ( 'NONE', *, *, #1087, .T. ) ;
#961 = CARTESIAN_POINT ( 'NONE',  ( -7.531682164357591525, 5.173648177666926529, 7.069111310245331126 ) ) ;
#962 = DIRECTION ( 'NONE',  ( -1.606225440719266120E-16, 0.000000000000000000, 1.000000000000000000 ) ) ;
#963 = B_SPLINE_CURVE_WITH_KNOTS ( 'NONE', 3,
 ( #911, #1510, #1967, #755 ),
 .UNSPECIFIED., .F., .F.,
 ( 4, 4 ),
 ( -0.006562361578995960613, -0.0008551565121139139206 ),
 .UNSPECIFIED. ) ;
#964 = DIRECTION ( 'NONE',  ( 0.000000000000000000, -1.000000000000000000, 0.000000000000000000 ) ) ;
#965 = CARTESIAN_POINT ( 'NONE',  ( 0.5560640732265461628, 5.649453399657685893, 5.722645222851669544 ) ) ;
#966 = CARTESIAN_POINT ( 'NONE',  ( -7.150059160405037417, 7.337939781930958638, -2.836368166814632996 ) ) ;
#967 = CARTESIAN_POINT ( 'NONE',  ( 9.204073856604944481, -1.035559737087686482E-14, 10.83690691712330079 ) ) ;
#968 = B_SPLINE_CURVE_WITH_KNOTS ( 'NONE', 3,
 ( #725, #1345, #239, #96 ),
 .UNSPECIFIED., .F., .F.,
 ( 4, 4 ),
 ( -0.002754461855758985958, 0.002952743211123186502 ),
 .UNSPECIFIED. ) ;
#969 = VERTEX_POINT ( 'NONE', #690 ) ;
#970 = DIRECTION ( 'NONE',  ( 1.000000000000000000, 0.000000000000000000, 0.000000000000000000 ) ) ;
#971 = DIRECTION ( 'NONE',  ( 6.357975702847093827E-17, 0.000000000000000000, -1.000000000000000000 ) ) ;
#972 = ORIENTED_EDGE ( 'NONE', *, *, #1296, .T. ) ;
#973 = DIRECTION ( 'NONE',  ( -1.000000000000000000, -0.000000000000000000, -0.000000000000000000 ) ) ;
#974 = CARTESIAN_POINT ( 'NONE',  ( 8.244166739823468149, 5.281588679674722897, 8.527073580693011579 ) ) ;
#975 = CARTESIAN_POINT ( 'NONE',  ( -8.465555701283706824, -0.1226118341242173754, -6.367682151970770477 ) ) ;
#976 = CARTESIAN_POINT ( 'NONE',  ( -4.287847451498932649, 2.999999999999999556, -2.928579716945156619 ) ) ;
#977 = ORIENTED_EDGE ( 'NONE', *, *, #568, .F. ) ;
#978 = CARTESIAN_POINT ( 'NONE',  ( -6.239586403472603848, 5.999999999999887201, -5.388162218277811277 ) ) ;
#979 = ORIENTED_EDGE ( 'NONE', *, *, #198, .T. ) ;
#980 = DIRECTION ( 'NONE',  ( 0.000000000000000000, 0.000000000000000000, -1.000000000000000000 ) ) ;
#981 = CARTESIAN_POINT ( 'NONE',  ( -6.747429952831588196, 6.000000000000111910, 8.710982284479911186 ) ) ;
#982 = CARTESIAN_POINT ( 'NONE',  ( 6.904127760898049360, 6.000000000000055067, 8.628044375279065648 ) ) ;
#983 = CARTESIAN_POINT ( 'NONE',  ( 9.556064073226542277, 1.490777987167568597E-16, -6.539432259401740666 ) ) ;
#984 = CARTESIAN_POINT ( 'NONE',  ( 9.409515284282388592, -1.035559737087685850E-14, 10.63127103347409808 ) ) ;
#985 = EDGE_LOOP ( 'NONE', ( #46, #28, #821, #489 ) ) ;
#986 = VECTOR ( 'NONE', #817, 1000.000000000000000 ) ;
#987 = ORIENTED_EDGE ( 'NONE', *, *, #777, .T. ) ;
#988 = AXIS2_PLACEMENT_3D ( 'NONE', #569, #69, #1314 ) ;
#989 = CARTESIAN_POINT ( 'NONE',  ( -7.278509382469785294, 6.609462372809277397, 9.749905263476652095 ) ) ;
#990 = VECTOR ( 'NONE', #1403, 1000.000000000000000 ) ;
#991 = DIRECTION ( 'NONE',  ( 6.357975702847092594E-17, 0.000000000000000000, -1.000000000000000000 ) ) ;
#992 = DIRECTION ( 'NONE',  ( -1.000000000000000000, 0.000000000000000000, 0.000000000000000000 ) ) ;
#993 = CARTESIAN_POINT ( 'NONE',  ( 0.5560640732265497155, 5.529999999999998472, 1.915331807780322970 ) ) ;
#994 = FACE_OUTER_BOUND ( 'NONE', #1675, .T. ) ;
#995 = CARTESIAN_POINT ( 'NONE',  ( -7.472453140563668050, 5.509552663503131775, -3.158762146973262741 ) ) ;
#996 = CARTESIAN_POINT ( 'NONE',  ( -8.443935926773455947, 0.000000000000000000, -7.084668192219678140 ) ) ;
#997 = VERTEX_POINT ( 'NONE', #1354 ) ;
#998 = VERTEX_POINT ( 'NONE', #1342 ) ;
#999 = CARTESIAN_POINT ( 'NONE',  ( -6.743474444852025407, 5.999999999999610090, -4.885469926118578776 ) ) ;
#1000 = MANIFOLD_SOLID_BREP ( 'Fillet3', #1624 ) ;
#1001 = CARTESIAN_POINT ( 'NONE',  ( -5.602654534320082647, -0.6124027709901030958, -4.243386799766305728 ) ) ;
#1002 = CARTESIAN_POINT ( 'NONE',  ( 11.30424530905246527, 5.876235673783145153, 7.289422425693278029 ) ) ;
#1003 = DIRECTION ( 'NONE',  ( 0.000000000000000000, 0.000000000000000000, 1.000000000000000000 ) ) ;
#1004 = CARTESIAN_POINT ( 'NONE',  ( -4.287847451498932649, 3.000000000000000000, -2.928579716945156619 ) ) ;
#1005 = CARTESIAN_POINT ( 'NONE',  ( 8.361192686894574067, 5.999999999999504396, -3.940303320052479297 ) ) ;
#1006 = CARTESIAN_POINT ( 'NONE',  ( -5.112684086627607982, 6.000000000000022204, 8.969424470590013243 ) ) ;
#1007 = VERTEX_POINT ( 'NONE', #700 ) ;
#1008 = VERTEX_POINT ( 'NONE', #116 ) ;
#1009 = CARTESIAN_POINT ( 'NONE',  ( -8.592937983207654895, -0.8450326537409481586, 11.06433386421452170 ) ) ;
#1010 = CARTESIAN_POINT ( 'NONE',  ( -6.534956781637964340, 6.000000000000004441, 7.325230693440833107 ) ) ;
#1011 = B_SPLINE_CURVE_WITH_KNOTS ( 'NONE', 3,
 ( #1475, #498, #1591, #1168, #984, #967, #1732, #1112 ),
 .UNSPECIFIED., .F., .F.,
 ( 4, 2, 2, 4 ),
 ( 1.733336949948512268E-33, 0.0002901036219424154802, 0.0005802072438848309604, 0.001160414487769661921 ),
 .UNSPECIFIED. ) ;
#1012 = CARTESIAN_POINT ( 'NONE',  ( 7.063400062436438809, 5.999999999999831246, -5.589054726266891038 ) ) ;
#1013 = ADVANCED_FACE ( 'NONE', ( #1933 ), #1165, .T. ) ;
#1014 = CARTESIAN_POINT ( 'NONE',  ( -6.355566383922133689, 5.999999999999971578, 7.937566185200993552 ) ) ;
#1015 = VERTEX_POINT ( 'NONE', #1187 ) ;
#1016 = EDGE_LOOP ( 'NONE', ( #130, #1785, #1470, #171 ) ) ;
#1017 = CARTESIAN_POINT ( 'NONE',  ( 5.399975597952025197, 4.000000000000000000, 6.691046028192341856E-16 ) ) ;
#1018 = AXIS2_PLACEMENT_3D ( 'NONE', #1673, #320, #1955 ) ;
#1019 = SURFACE_STYLE_USAGE ( .BOTH. , #1321 ) ;
#1020 = CARTESIAN_POINT ( 'NONE',  ( -7.133988561413252327, 5.281415090164994552, 8.523528682213937557 ) ) ;
#1021 = CARTESIAN_POINT ( 'NONE',  ( 0.5560640732265457187, 5.529999999999998472, 1.915331807780320972 ) ) ;
#1022 = CIRCLE ( 'NONE', #178, 1.000000000000000000 ) ;
#1023 = FACE_OUTER_BOUND ( 'NONE', #1922, .T. ) ;
#1024 = CARTESIAN_POINT ( 'NONE',  ( 6.421751594007686137, 6.000000000000464517, -5.903101620036964370 ) ) ;
#1025 = FACE_OUTER_BOUND ( 'NONE', #1016, .T. ) ;
#1026 = ORIENTED_EDGE ( 'NONE', *, *, #520, .T. ) ;
#1027 = ORIENTED_EDGE ( 'NONE', *, *, #415, .T. ) ;
#1028 = PRESENTATION_STYLE_ASSIGNMENT (( #1019 ) ) ;
#1029 = CYLINDRICAL_SURFACE ( 'NONE', #1205, 1.000000000000000000 ) ;
#1030 = CARTESIAN_POINT ( 'NONE',  ( 8.962900720496357110, 3.363996538402179937, -3.775755103005555391 ) ) ;
#1031 = CARTESIAN_POINT ( 'NONE',  ( -7.702571594551439915, 0.000000000000000000, -7.084668192219678140 ) ) ;
#1032 = CARTESIAN_POINT ( 'NONE',  ( 8.643810310810678743, 5.173648177666930970, -3.238447694684689626 ) ) ;
#1033 = ORIENTED_EDGE ( 'NONE', *, *, #1743, .T. ) ;
#1034 = VERTEX_POINT ( 'NONE', #1631 ) ;
#1035 = DIRECTION ( 'NONE',  ( 6.357975702847093827E-17, 0.000000000000000000, -1.000000000000000000 ) ) ;
#1036 = CARTESIAN_POINT ( 'NONE',  ( -6.795052524062526800, 5.295908830195497075, 8.994678743531173026 ) ) ;
#1037 = DIRECTION ( 'NONE',  ( 1.000000000000000000, 0.000000000000000000, 0.000000000000000000 ) ) ;
#1038 = CARTESIAN_POINT ( 'NONE',  ( 8.619714690891019160, 5.207842124775869941, -3.616468987344496622 ) ) ;
#1039 = CARTESIAN_POINT ( 'NONE',  ( 0.5560640732265457187, 4.000000000000000000, 4.915331807780321860 ) ) ;
#1040 = ORIENTED_EDGE ( 'NONE', *, *, #1428, .F. ) ;
#1041 = FACE_OUTER_BOUND ( 'NONE', #1319, .T. ) ;
#1042 = DIRECTION ( 'NONE',  ( -5.354084802397552502E-17, 0.000000000000000000, 1.000000000000000000 ) ) ;
#1043 = CARTESIAN_POINT ( 'NONE',  ( 7.556064073226546718, 0.000000000000000000, 8.538647492420533780 ) ) ;
#1044 = VECTOR ( 'NONE', #238, 1000.000000000000000 ) ;
#1045 = CARTESIAN_POINT ( 'NONE',  ( 7.000806497648520477, 5.273210894358923539, 9.693554791330198483 ) ) ;
#1046 = CIRCLE ( 'NONE', #1275, 1.000000000000000000 ) ;
#1047 = VERTEX_POINT ( 'NONE', #249 ) ;
#1048 = CARTESIAN_POINT ( 'NONE',  ( 7.659002557798471500, 6.000000000000001776, 7.327166234243192022 ) ) ;
#1049 = AXIS2_PLACEMENT_3D ( 'NONE', #1365, #1949, #1375 ) ;
#1050 = DIRECTION ( 'NONE',  ( 1.000000000000000000, 0.000000000000000000, 8.031127203596328136E-17 ) ) ;
#1051 = VECTOR ( 'NONE', #1444, 1000.000000000000000 ) ;
#1052 = FACE_OUTER_BOUND ( 'NONE', #1626, .T. ) ;
#1053 = DIRECTION ( 'NONE',  ( 1.239088197126291063E-16, 0.000000000000000000, -1.000000000000000000 ) ) ;
#1054 = ORIENTED_EDGE ( 'NONE', *, *, #260, .T. ) ;
#1055 = CARTESIAN_POINT ( 'NONE',  ( -4.597715429238469653, 6.000000000000000000, -5.187606676791608251 ) ) ;
#1056 =( BOUNDED_SURFACE ( )  B_SPLINE_SURFACE ( 3, 2, ( 
 ( #205, #1646, #1741 ),
 ( #1446, #265, #197 ),
 ( #1899, #1594, #1726 ),
 ( #697, #1911, #1426 ),
 ( #1305, #669, #1882 ),
 ( #1438, #226, #1125 ),
 ( #530, #688, #889 ),
 ( #841, #978, #1140 ),
 ( #56, #680, #1289 ),
 ( #1891, #1350, #1751 ),
 ( #379, #999, #1374 ),
 ( #611, #896, #136 ),
 ( #1654, #1965, #433 ),
 ( #1080, #771, #1222 ),
 ( #298, #621, #149 ),
 ( #599, #1502, #1691 ) ),
 .UNSPECIFIED., .F., .F., .T. ) 
 B_SPLINE_SURFACE_WITH_KNOTS ( ( 4, 2, 2, 2, 2, 2, 2, 4 ),
 ( 3, 3 ),
 ( 1.734723475976807094E-18, 0.0003822704006468847387, 0.0007645408012937677427, 0.001146811201940650801, 0.001529081602587533751, 0.001911352003234416917, 0.002293622403881299867, 0.003058163205175065767 ),
 ( 0.000000000000000000, 1.000000000000000000 ),
 .UNSPECIFIED. ) 
 GEOMETRIC_REPRESENTATION_ITEM ( )  RATIONAL_B_SPLINE_SURFACE ( (
 ( 1.000000000000000000, 0.7660444431189782355, 1.000000000000000000),
 ( 1.000000000000000000, 0.7717974870889766636, 1.000000000000000000),
 ( 1.000000000000000000, 0.7771382677754995472, 1.000000000000000000),
 ( 1.000000000000000000, 0.7866933155288203805, 1.000000000000000000),
 ( 1.000000000000000000, 0.7909444607417587259, 1.000000000000000000),
 ( 1.000000000000000000, 0.7978078801999944902, 1.000000000000000000),
 ( 1.000000000000000000, 0.8004440985327734293, 1.000000000000000000),
 ( 1.000000000000000000, 0.8040270847889345873, 1.000000000000000000),
 ( 1.000000000000000000, 0.8049560426510694588, 1.000000000000000000),
 ( 1.000000000000000000, 0.8049644313258054185, 1.000000000000000000),
 ( 1.000000000000000000, 0.8040755934313602582, 1.000000000000000000),
 ( 1.000000000000000000, 0.8004983064082930033, 1.000000000000000000),
 ( 1.000000000000000000, 0.7978276240543690223, 1.000000000000000000),
 ( 1.000000000000000000, 0.7875872931868574955, 1.000000000000000000),
 ( 1.000000000000000000, 0.7775408985777664261, 1.000000000000000000),
 ( 1.000000000000000000, 0.7660444431189782355, 1.000000000000000000) ) ) 
 REPRESENTATION_ITEM ( '' )  SURFACE ( )  );
#1057 = CARTESIAN_POINT ( 'NONE',  ( 8.262187306858123748, 7.337939781930955974, 6.667031782375276272 ) ) ;
#1058 = DIRECTION ( 'NONE',  ( 1.070816960479510377E-16, 0.000000000000000000, -1.000000000000000000 ) ) ;
#1059 = ORIENTED_EDGE ( 'NONE', *, *, #566, .F. ) ;
#1060 = CARTESIAN_POINT ( 'NONE',  ( -4.431550783486041034, 6.000000000000000000, -5.187606676791606475 ) ) ;
#1061 = ADVANCED_FACE ( 'NONE', ( #576 ), #874, .T. ) ;
#1062 = CARTESIAN_POINT ( 'NONE',  ( -6.443935926773455947, 0.000000000000000000, 8.915331807780320972 ) ) ;
#1063 = EDGE_LOOP ( 'NONE', ( #216, #1711, #204, #185 ) ) ;
#1064 = PLANE ( 'NONE',  #540 ) ;
#1065 = CARTESIAN_POINT ( 'NONE',  ( -4.597715429238466101, 6.000000000000001776, 9.018270292352248418 ) ) ;
#1066 = CARTESIAN_POINT ( 'NONE',  ( 6.339668218737932293, 3.342020143325669324, 6.759243332505797675 ) ) ;
#1067 =( BOUNDED_SURFACE ( )  B_SPLINE_SURFACE ( 3, 3, ( 
 ( #201, #654, #993, #494 ),
 ( #168, #824, #1421, #180 ),
 ( #965, #1441, #791, #1260 ),
 ( #835, #192, #1409, #62 ) ),
 .UNSPECIFIED., .F., .F., .T. ) 
 B_SPLINE_SURFACE_WITH_KNOTS ( ( 4, 4 ),
 ( 4, 4 ),
 ( 0.000000000000000000, 1.000000000000000000 ),
 ( 0.000000000000000000, 1.000000000000000000 ),
 .UNSPECIFIED. ) 
 GEOMETRIC_REPRESENTATION_ITEM ( )  RATIONAL_B_SPLINE_SURFACE ( (
 ( 1.000000000000000000, 0.3333333333333334259, 0.3333333333333334259, 1.000000000000000000),
 ( 0.9661666523663392514, 0.3220555507887798430, 0.3220555507887798430, 0.9661666523663392514),
 ( 0.9661666523663392514, 0.3220555507887798430, 0.3220555507887798430, 0.9661666523663392514),
 ( 1.000000000000000000, 0.3333333333333334259, 0.3333333333333334259, 1.000000000000000000) ) ) 
 REPRESENTATION_ITEM ( '' )  SURFACE ( )  );
#1068 = CARTESIAN_POINT ( 'NONE',  ( 9.779567157877847805, -1.267548980611423293, 11.13883489243162117 ) ) ;
#1069 = CARTESIAN_POINT ( 'NONE',  ( 0.000000000000000000, 0.000000000000000000, 0.000000000000000000 ) ) ;
#1070 = ORIENTED_EDGE ( 'NONE', *, *, #131, .F. ) ;
#1071 = CARTESIAN_POINT ( 'NONE',  ( -6.640841681966900513E-17, 0.000000000000000000, 1.240331807780321371 ) ) ;
#1072 = EDGE_CURVE ( 'NONE', #1921, #882, #1174, .T. ) ;
#1073 = EDGE_CURVE ( 'NONE', #810, #1361, #885, .T. ) ;
#1074 = CARTESIAN_POINT ( 'NONE',  ( -0.1189359267734539372, 0.000000000000000000, 2.590331807780321238 ) ) ;
#1075 = ORIENTED_EDGE ( 'NONE', *, *, #1523, .T. ) ;
#1076 = DIRECTION ( 'NONE',  ( 0.3236155771181852825, -0.8891264907159879272, 0.3236155771181852825 ) ) ;
#1077 = VERTEX_POINT ( 'NONE', #1197 ) ;
#1078 = DIRECTION ( 'NONE',  ( 0.000000000000000000, -0.000000000000000000, -1.000000000000000000 ) ) ;
#1079 = CARTESIAN_POINT ( 'NONE',  ( 7.005138791904509610, 5.999999999999986677, 8.545880784940727892 ) ) ;
#1080 = CARTESIAN_POINT ( 'NONE',  ( -7.445755149904208281, 5.240494275988067052, -3.999315045478543329 ) ) ;
#1081 = VECTOR ( 'NONE', #677, 1000.000000000000000 ) ;
#1082 = DIRECTION ( 'NONE',  ( 0.000000000000000000, -0.9396926207859082059, 0.3420201433256694901 ) ) ;
#1083 = AXIS2_PLACEMENT_3D ( 'NONE', #1391, #1830, #635 ) ;
#1084 = ORIENTED_EDGE ( 'NONE', *, *, #280, .T. ) ;
#1085 = VECTOR ( 'NONE', #1278, 1000.000000000000000 ) ;
#1086 = CARTESIAN_POINT ( 'NONE',  ( 5.415228707874374159, 6.728477409121683905, -5.898256085904133528 ) ) ;
#1087 = EDGE_CURVE ( 'NONE', #627, #1881, #1103, .T. ) ;
#1088 = CARTESIAN_POINT ( 'NONE',  ( -5.536703604582401184, 5.251515422719997161, -6.011640954888531674 ) ) ;
#1089 = EDGE_LOOP ( 'NONE', ( #481, #156, #916, #319 ) ) ;
#1090 = FACE_OUTER_BOUND ( 'NONE', #1491, .T. ) ;
#1091 = CARTESIAN_POINT ( 'NONE',  ( 8.374497501044162462, 5.999999999999796607, 7.781019328560695669 ) ) ;
#1092 = CARTESIAN_POINT ( 'NONE',  ( -1.468935926773454081, 0.000000000000000000, -2.359442256370054498E-16 ) ) ;
#1093 = VERTEX_POINT ( 'NONE', #1937 ) ;
#1094 = EDGE_LOOP ( 'NONE', ( #1481, #1850, #292, #457 ) ) ;
#1095 = LINE ( 'NONE', #1883, #143 ) ;
#1096 = CARTESIAN_POINT ( 'NONE',  ( 1.231064073226546318, 4.000000000000000000, -0.1096681922196784537 ) ) ;
#1097 = EDGE_CURVE ( 'NONE', #1921, #812, #1436, .T. ) ;
#1098 = DIRECTION ( 'NONE',  ( 0.3236155771181852825, 0.8891264907159880382, 0.3236155771181852825 ) ) ;
#1099 = EDGE_CURVE ( 'NONE', #151, #1910, #1464, .T. ) ;
#1100 = DIRECTION ( 'NONE',  ( -0.000000000000000000, 1.000000000000000000, -0.000000000000000000 ) ) ;
#1101 = CARTESIAN_POINT ( 'NONE',  ( 8.912746149873491674, -2.778268066994114973E-16, -7.084668192219678140 ) ) ;
#1102 = ORIENTED_EDGE ( 'NONE', *, *, #1483, .T. ) ;
#1103 = B_SPLINE_CURVE_WITH_KNOTS ( 'NONE', 3,
 ( #1808, #1478, #1137, #1490, #1793, #1014, #1636, #414, #255, #1622, #387, #1006, #1337, #879 ),
 .UNSPECIFIED., .F., .F.,
 ( 4, 2, 2, 2, 2, 2, 4 ),
 ( 0.000000000000000000, 0.0003822704006468966649, 0.0007645408012937933298, 0.001146811201940690049, 0.001529081602587586660, 0.002293622403881376195, 0.003058163205175165947 ),
 .UNSPECIFIED. ) ;
#1104 = ORIENTED_EDGE ( 'NONE', *, *, #1335, .F. ) ;
#1105 = DIRECTION ( 'NONE',  ( 0.000000000000000000, 0.3420201433256691570, 0.9396926207859083169 ) ) ;
#1106 = CARTESIAN_POINT ( 'NONE',  ( 0.000000000000000000, 0.000000000000000000, 3.940331807780321771 ) ) ;
#1107 = CARTESIAN_POINT ( 'NONE',  ( -5.086466218041176823, 3.729617372335567005, -2.787505862701492809 ) ) ;
#1108 = CARTESIAN_POINT ( 'NONE',  ( -7.702571594552003020, 0.000000000000000000, 10.91533180778032097 ) ) ;
#1109 = CARTESIAN_POINT ( 'NONE',  ( -6.156648494272040750, 6.000000000000056843, 8.263395495452156680 ) ) ;
#1110 = CARTESIAN_POINT ( 'NONE',  ( 6.996353625945848087, 5.272971273488553656, 9.695794391671940460 ) ) ;
#1111 = CARTESIAN_POINT ( 'NONE',  ( -8.518436954990555421, -0.4225163268704739683, -7.159169220436777614 ) ) ;
#1112 = CARTESIAN_POINT ( 'NONE',  ( 8.814699741005094680, 0.000000000000000000, 10.91533180778032097 ) ) ;
#1113 = VECTOR ( 'NONE', #587, 1000.000000000000000 ) ;
#1114 = EDGE_CURVE ( 'NONE', #1077, #1929, #244, .T. ) ;
#1115 = ORIENTED_EDGE ( 'NONE', *, *, #1780, .T. ) ;
#1116 = VECTOR ( 'NONE', #1655, 1000.000000000000000 ) ;
#1117 = CARTESIAN_POINT ( 'NONE',  ( -4.597715429238468765, 5.173648177666926529, -6.172414429803814606 ) ) ;
#1118 = ORIENTED_EDGE ( 'NONE', *, *, #952, .F. ) ;
#1119 = CARTESIAN_POINT ( 'NONE',  ( -1.468935926773454081, 4.000000000000000000, 1.240331807780321371 ) ) ;
#1120 = CARTESIAN_POINT ( 'NONE',  ( 5.889641264562637701, 6.000000000000278000, 9.842235121864202796 ) ) ;
#1121 = CARTESIAN_POINT ( 'NONE',  ( -5.893010645451425944, 5.999999999999989342, -4.715217169380085060 ) ) ;
#1122 = CARTESIAN_POINT ( 'NONE',  ( -0.1189359267734537984, 0.000000000000000000, -0.1096681922196785647 ) ) ;
#1123 = EDGE_CURVE ( 'NONE', #1480, #573, #1920, .T. ) ;
#1124 = EDGE_LOOP ( 'NONE', ( #1638, #1027 ) ) ;
#1125 = CARTESIAN_POINT ( 'NONE',  ( -5.466170304692958837, 5.999999999999973355, -4.996298650298266253 ) ) ;
#1126 = CARTESIAN_POINT ( 'NONE',  ( 7.002053660363658949, 5.273273665328767734, -5.862219473893953037 ) ) ;
#1127 = DIRECTION ( 'NONE',  ( 0.000000000000000000, -0.000000000000000000, 1.000000000000000000 ) ) ;
#1128 = CARTESIAN_POINT ( 'NONE',  ( 9.272003298920317604, -9.633664297021444681E-15, -6.938119403275525343 ) ) ;
#1129 = CARTESIAN_POINT ( 'NONE',  ( -4.597715429238466989, 6.000000000000000000, 9.018270292352248418 ) ) ;
#1130 = EDGE_CURVE ( 'NONE', #1263, #1361, #1628, .T. ) ;
#1131 = ORIENTED_EDGE ( 'NONE', *, *, #480, .T. ) ;
#1132 = CARTESIAN_POINT ( 'NONE',  ( -6.640841681966900513E-17, 4.000000000000000000, 1.240331807780321371 ) ) ;
#1133 = CARTESIAN_POINT ( 'NONE',  ( 8.619268175765061102, 5.208143824390378818, -3.619943909982902053 ) ) ;
#1134 = CARTESIAN_POINT ( 'NONE',  ( 0.5560640732265457187, 0.000000000000000000, 1.915331807780320972 ) ) ;
#1135 = CARTESIAN_POINT ( 'NONE',  ( 1.231064073226546096, 0.000000000000000000, 2.590331807780321238 ) ) ;
#1136 = CARTESIAN_POINT ( 'NONE',  ( -8.689058785935010576, -1.390160814735640127, -6.591185236622075116 ) ) ;
#1137 = CARTESIAN_POINT ( 'NONE',  ( -6.534956780220110062, 6.000000000000001776, 7.325230693217203104 ) ) ;
#1138 = VECTOR ( 'NONE', #508, 1000.000000000000000 ) ;
#1139 = ORIENTED_EDGE ( 'NONE', *, *, #568, .T. ) ;
#1140 = CARTESIAN_POINT ( 'NONE',  ( -5.791999614444852895, 6.000000000000053291, -4.797380759718261167 ) ) ;
#1141 = VECTOR ( 'NONE', #1745, 1000.000000000000000 ) ;
#1142 = CARTESIAN_POINT ( 'NONE',  ( 5.982811989397058383, 3.509552663503130887, 10.29650298298745881 ) ) ;
#1143 = VECTOR ( 'NONE', #853, 1000.000000000000000 ) ;
#1144 = VECTOR ( 'NONE', #447, 1000.000000000000000 ) ;
#1145 = CARTESIAN_POINT ( 'NONE',  ( -7.340230003529685909, 5.999999999999782396, 7.425681078216472386 ) ) ;
#1146 = CARTESIAN_POINT ( 'NONE',  ( 0.5560640732265457187, 5.529999999999998472, 1.915331807780322970 ) ) ;
#1147 = ADVANCED_FACE ( 'NONE', ( #1749 ), #376, .T. ) ;
#1148 = FACE_OUTER_BOUND ( 'NONE', #943, .T. ) ;
#1149 = CARTESIAN_POINT ( 'NONE',  ( 5.709843575691555095, 6.000000000000000888, -6.026706307968886733 ) ) ;
#1150 = ORIENTED_EDGE ( 'NONE', *, *, #1097, .F. ) ;
#1151 = CARTESIAN_POINT ( 'NONE',  ( 5.399975597952024309, 4.000000000000000000, 6.759243332505799451 ) ) ;
#1152 = B_SPLINE_CURVE_WITH_KNOTS ( 'NONE', 3,
 ( #1811, #1834, #432, #297, #289, #1528, #1978, #148, #1079, #1964, #1518, #1231, #1048, #1689 ),
 .UNSPECIFIED., .F., .F.,
 ( 4, 2, 2, 2, 2, 2, 4 ),
 ( 0.000000000000000000, 0.0003822704006468900513, 0.0007645408012937801026, 0.001146811201940670316, 0.001529081602587560205, 0.002293622403881338465, 0.003058163205175116507 ),
 .UNSPECIFIED. ) ;
#1153 = CARTESIAN_POINT ( 'NONE',  ( -4.410565221474163522, 6.119015036312407396, 9.836384361517652053 ) ) ;
#1154 = CARTESIAN_POINT ( 'NONE',  ( -7.507140029311973883, 5.208143824390385035, 7.450607525543550658 ) ) ;
#1155 = CARTESIAN_POINT ( 'NONE',  ( 2.581064073226545741, 4.000000000000000000, 2.590331807780321238 ) ) ;
#1156 = EDGE_CURVE ( 'NONE', #997, #1941, #601, .T. ) ;
#1157 =( NAMED_UNIT ( * ) SI_UNIT ( $, .STERADIAN. ) SOLID_ANGLE_UNIT ( ) );
#1158 = CARTESIAN_POINT ( 'NONE',  ( 7.467694531305241412, 5.999999999999973355, -4.106902570139400410 ) ) ;
#1159 = EDGE_CURVE ( 'NONE', #1034, #2, #1595, .T. ) ;
#1160 = CARTESIAN_POINT ( 'NONE',  ( 5.709843575691553319, 5.000000000000000000, -5.187606676791605587 ) ) ;
#1161 = CARTESIAN_POINT ( 'NONE',  ( 5.399975597952024309, 3.000000000000000000, 6.759243332505799451 ) ) ;
#1162 = ORIENTED_EDGE ( 'NONE', *, *, #383, .T. ) ;
#1163 = ORIENTED_EDGE ( 'NONE', *, *, #585, .F. ) ;
#1164 = LINE ( 'NONE', #1017, #1308 ) ;
#1165 = PLANE ( 'NONE',  #1497 ) ;
#1166 = DIRECTION ( 'NONE',  ( -0.3236155771181853935, 0.8891264907159879272, 0.3236155771181852825 ) ) ;
#1167 = CARTESIAN_POINT ( 'NONE',  ( 0.5560640732265458297, 5.529999999999997584, 3.868551485589157402 ) ) ;
#1168 = CARTESIAN_POINT ( 'NONE',  ( 9.464198111358534504, -4.376063557779253710E-15, 10.54868621869201561 ) ) ;
#1169 = CARTESIAN_POINT ( 'NONE',  ( 7.492699638680631047, 5.999999999999929834, -5.270248364429979127 ) ) ;
#1170 = ORIENTED_EDGE ( 'NONE', *, *, #1370, .T. ) ;
#1171 = ORIENTED_EDGE ( 'NONE', *, *, #170, .T. ) ;
#1172 = DIRECTION ( 'NONE',  ( 1.000000000000000000, 0.000000000000000000, 0.000000000000000000 ) ) ;
#1173 = CIRCLE ( 'NONE', #567, 5.374090617912959722 ) ;
#1174 = LINE ( 'NONE', #1494, #404 ) ;
#1175 = CARTESIAN_POINT ( 'NONE',  ( -4.597715429238466989, 5.173648177666925640, 10.00307804536445744 ) ) ;
#1176 = AXIS2_PLACEMENT_3D ( 'NONE', #253, #1301, #90 ) ;
#1177 = CARTESIAN_POINT ( 'NONE',  ( 4.462503428844213360, 5.529999999999997584, -0.03788787002851332769 ) ) ;
#1178 = CARTESIAN_POINT ( 'NONE',  ( -0.1189359267734539372, 0.000000000000000000, 1.240331807780321371 ) ) ;
#1179 = AXIS2_PLACEMENT_3D ( 'NONE', #1190, #1962, #1058 ) ;
#1180 = CARTESIAN_POINT ( 'NONE',  ( 8.640702750010259336, 5.191272030737711596, -3.428644918121696250 ) ) ;
#1181 = CARTESIAN_POINT ( 'NONE',  ( 9.062581117628941030, -1.390160814735640571, 11.16045466694187205 ) ) ;
#1182 = ORIENTED_EDGE ( 'NONE', *, *, #357, .F. ) ;
#1183 = ORIENTED_EDGE ( 'NONE', *, *, #106, .F. ) ;
#1184 = EDGE_CURVE ( 'NONE', #840, #1667, #1503, .T. ) ;
#1185 = DIRECTION ( 'NONE',  ( -1.000000000000000000, -0.000000000000000000, -0.000000000000000000 ) ) ;
#1186 = PRODUCT ( 'Stylized_Key_Cap_Concave', 'Stylized_Key_Cap_Concave', '', ( #684 ) ) ;
#1187 = CARTESIAN_POINT ( 'NONE',  ( -6.443935926773454170, 0.000000000000000000, -4.144975571433766603 ) ) ;
#1188 = CARTESIAN_POINT ( 'NONE',  ( -7.531682164357591525, 5.173648177666926529, 7.069111310245331126 ) ) ;
#1189 = DIRECTION ( 'NONE',  ( 0.000000000000000000, -0.000000000000000000, -1.000000000000000000 ) ) ;
#1190 = CARTESIAN_POINT ( 'NONE',  ( 1.231064073226546318, 0.000000000000000000, 1.318244289047975903E-16 ) ) ;
#1191 = B_SPLINE_CURVE_WITH_KNOTS ( 'NONE', 3,
 ( #892, #721, #1492, #1796 ),
 .UNSPECIFIED., .F., .F.,
 ( 4, 4 ),
 ( -0.005834043511187631849, -0.0001268384443054593885 ),
 .UNSPECIFIED. ) ;
#1192 = CARTESIAN_POINT ( 'NONE',  ( 7.908022939622949110, 5.295908461611923634, -5.163169512628513758 ) ) ;
#1193 = EDGE_CURVE ( 'NONE', #427, #1093, #1272, .T. ) ;
#1194 = EDGE_CURVE ( 'NONE', #1977, #1008, #1214, .T. ) ;
#1195 = ORIENTED_EDGE ( 'NONE', *, *, #959, .F. ) ;
#1196 =( BOUNDED_SURFACE ( )  B_SPLINE_SURFACE ( 2, 3, ( 
 ( #966, #1603, #685, #995, #1423, #1293, #975, #527, #345, #1136 ),
 ( #223, #818, #330, #512, #1410, #1262, #1867, #1111, #40, #666 ),
 ( #1271, #1878, #386, #878, #867, #98, #559, #727, #413, #550 ) ),
 .UNSPECIFIED., .F., .F., .T. ) 
 B_SPLINE_SURFACE_WITH_KNOTS ( ( 3, 3 ),
 ( 4, 3, 3, 4 ),
 ( 0.000000000000000000, 1.000000000000000000 ),
 ( -0.008068110652487711296, -0.006183734041584823017, -0.000000000000000000, 0.001306364296797165800 ),
 .UNSPECIFIED. ) 
 GEOMETRIC_REPRESENTATION_ITEM ( )  RATIONAL_B_SPLINE_SURFACE ( (
 ( 1.000000000000000000, 1.000000000000000000, 1.000000000000000000, 1.000000000000000000, 1.000000000000000000, 1.000000000000000000, 1.000000000000000000, 1.000000000000000000, 1.000000000000000000, 1.000000000000000000),
 ( 0.7176885430348759476, 0.7176885430348759476, 0.7176885430348759476, 0.7176885430348759476, 0.7176885430348759476, 0.7176885430348759476, 0.7176885430348759476, 0.7176885430348760586, 0.7176885430348760586, 0.7176885430348760586),
 ( 1.000000000000000000, 1.000000000000000000, 1.000000000000000000, 1.000000000000000000, 1.000000000000000000, 1.000000000000000000, 1.000000000000000000, 1.000000000000000000, 1.000000000000000000, 1.000000000000000000) ) ) 
 REPRESENTATION_ITEM ( '' )  SURFACE ( )  );
#1197 = CARTESIAN_POINT ( 'NONE',  ( 0.5560640732265457187, 0.000000000000000000, 4.915331807780321860 ) ) ;
#1198 = CARTESIAN_POINT ( 'NONE',  ( -8.443935926773454170, 0.000000000000000000, 10.17396747555830139 ) ) ;
#1199 = EDGE_CURVE ( 'NONE', #827, #790, #910, .T. ) ;
#1200 = DIRECTION ( 'NONE',  ( 0.000000000000000000, -1.000000000000000000, 0.000000000000000000 ) ) ;
#1201 = CARTESIAN_POINT ( 'NONE',  ( 2.581064073226545741, 0.000000000000000000, 1.240331807780321594 ) ) ;
#1202 = CARTESIAN_POINT ( 'NONE',  ( 6.616371452440639622, 0.000000000000000000, -5.084668192219678140 ) ) ;
#1203 = ORIENTED_EDGE ( 'NONE', *, *, #383, .F. ) ;
#1204 =( BOUNDED_SURFACE ( )  B_SPLINE_SURFACE ( 3, 2, ( 
 ( #1495, #117, #743 ),
 ( #1902, #1776, #536 ),
 ( #391, #1145, #1010 ),
 ( #1457, #77, #714 ),
 ( #381, #87, #701 ),
 ( #1311, #1915, #398 ),
 ( #1020, #1632, #250 ),
 ( #875, #981, #1109 ),
 ( #1572, #1755, #39 ),
 ( #854, #120, #1325 ),
 ( #1599, #220, #538 ),
 ( #1513, #152, #1805 ),
 ( #775, #142, #1668 ),
 ( #4, #1378, #162 ),
 ( #449, #615, #785 ),
 ( #429, #1394, #1065 ) ),
 .UNSPECIFIED., .F., .F., .F. ) 
 B_SPLINE_SURFACE_WITH_KNOTS ( ( 4, 2, 2, 2, 2, 2, 2, 4 ),
 ( 3, 3 ),
 ( 8.673617379884035472E-19, 0.0003822704006468831124, 0.0007645408012937653574, 0.001146811201940647548, 0.001529081602587529847, 0.001911352003234412147, 0.002293622403881294229, 0.003058163205175058828 ),
 ( 0.000000000000000000, 1.000000000000000000 ),
 .UNSPECIFIED. ) 
 GEOMETRIC_REPRESENTATION_ITEM ( )  RATIONAL_B_SPLINE_SURFACE ( (
 ( 1.000000000000000000, 0.7660444431189782355, 1.000000000000000000),
 ( 1.000000000000000000, 0.7717974870889707795, 1.000000000000000000),
 ( 1.000000000000000000, 0.7771382677755066526, 1.000000000000000000),
 ( 1.000000000000000000, 0.7866933155288132751, 1.000000000000000000),
 ( 1.000000000000000000, 0.7909444607417872586, 1.000000000000000000),
 ( 1.000000000000000000, 0.7978078801999661795, 1.000000000000000000),
 ( 1.000000000000000000, 0.8004440985328080682, 1.000000000000000000),
 ( 1.000000000000000000, 0.8040270847888983941, 1.000000000000000000),
 ( 1.000000000000000000, 0.8049560426511462863, 1.000000000000000000),
 ( 1.000000000000000000, 0.8049644313257265926, 1.000000000000000000),
 ( 1.000000000000000000, 0.8040755934313532638, 1.000000000000000000),
 ( 1.000000000000000000, 0.8004983064083002198, 1.000000000000000000),
 ( 1.000000000000000000, 0.7978276240544824871, 1.000000000000000000),
 ( 1.000000000000000000, 0.7875872931866316762, 1.000000000000000000),
 ( 1.000000000000000000, 0.7775408985779364013, 1.000000000000000000),
 ( 1.000000000000000000, 0.7660444431189775694, 1.000000000000000000) ) ) 
 REPRESENTATION_ITEM ( '' )  SURFACE ( )  );
#1205 = AXIS2_PLACEMENT_3D ( 'NONE', #1001, #95, #1467 ) ;
#1206 = CARTESIAN_POINT ( 'NONE',  ( 0.5560640732265457187, 5.876235673783147817, -3.458758810132639194 ) ) ;
#1207 = ADVANCED_FACE ( 'NONE', ( #1 ), #129, .F. ) ;
#1208 = VECTOR ( 'NONE', #528, 1000.000000000000114 ) ;
#1209 = VERTEX_POINT ( 'NONE', #1692 ) ;
#1210 = DIRECTION ( 'NONE',  ( 1.000000000000000000, 0.000000000000000000, 5.354084802397552502E-17 ) ) ;
#1211 = VECTOR ( 'NONE', #332, 1000.000000000000000 ) ;
#1212 = LINE ( 'NONE', #311, #1815 ) ;
#1213 = CIRCLE ( 'NONE', #800, 1.000000000000000000 ) ;
#1214 = LINE ( 'NONE', #285, #1787 ) ;
#1215 = EDGE_LOOP ( 'NONE', ( #1544, #1517, #1504, #331 ) ) ;
#1216 = CARTESIAN_POINT ( 'NONE',  ( -4.146773597255270616, 3.729617372335566117, 7.557862099048042737 ) ) ;
#1217 = CARTESIAN_POINT ( 'NONE',  ( -6.443935926773455947, 0.000000000000000000, 8.915331807780320972 ) ) ;
#1218 = CARTESIAN_POINT ( 'NONE',  ( 5.900900246793752579, 5.191351905533929667, 9.999956400482387764 ) ) ;
#1219 = ORIENTED_EDGE ( 'NONE', *, *, #1523, .F. ) ;
#1220 = ADVANCED_FACE ( 'NONE', ( #1819 ), #312, .F. ) ;
#1221 = DIRECTION ( 'NONE',  ( 0.000000000000000000, 0.000000000000000000, 1.000000000000000000 ) ) ;
#1222 = CARTESIAN_POINT ( 'NONE',  ( -6.498028590841772534, 6.000000000000018652, -3.753416352592940708 ) ) ;
#1223 = CARTESIAN_POINT ( 'NONE',  ( 7.179379757866764855, 0.000000000000000000, -5.084668192219680805 ) ) ;
#1224 = CARTESIAN_POINT ( 'NONE',  ( -8.120863403337581943, 1.832235328579865596, 9.768720647620517283 ) ) ;
#1225 = ORIENTED_EDGE ( 'NONE', *, *, #280, .F. ) ;
#1226 = CARTESIAN_POINT ( 'NONE',  ( 9.726685904170992103, -0.9676444878651663251, -6.516684208404973866 ) ) ;
#1227 = ORIENTED_EDGE ( 'NONE', *, *, #533, .T. ) ;
#1228 = FACE_OUTER_BOUND ( 'NONE', #134, .T. ) ;
#1229 = EDGE_CURVE ( 'NONE', #377, #462, #375, .T. ) ;
#1230 = ORIENTED_EDGE ( 'NONE', *, *, #558, .T. ) ;
#1231 = CARTESIAN_POINT ( 'NONE',  ( 7.610156736036234548, 6.000000000000022204, 7.584079967634466790 ) ) ;
#1232 = PLANE ( 'NONE',  #21 ) ;
#1233 = ORIENTED_EDGE ( 'NONE', *, *, #1917, .F. ) ;
#1234 = LINE ( 'NONE', #302, #1500 ) ;
#1235 = CARTESIAN_POINT ( 'NONE',  ( 5.630158027980126434, 5.509552663503132663, -6.113185406009887579 ) ) ;
#1236 = ORIENTED_EDGE ( 'NONE', *, *, #480, .F. ) ;
#1237 = CARTESIAN_POINT ( 'NONE',  ( 5.399975597952024309, 2.999999999999999556, 6.759243332505797675 ) ) ;
#1238 = ORIENTED_EDGE ( 'NONE', *, *, #952, .T. ) ;
#1239 = CARTESIAN_POINT ( 'NONE',  ( -4.597715429238466989, 5.000000000000000000, 9.018270292352248418 ) ) ;
#1240 = CIRCLE ( 'NONE', #1461, 1.000000000000000888 ) ;
#1241 = CARTESIAN_POINT ( 'NONE',  ( 5.709843575692208795, 5.173648177666991366, 10.00307804536444856 ) ) ;
#1242 = PRESENTATION_LAYER_ASSIGNMENT (  '', '', ( #1560 ) ) ;
#1243 = DIRECTION ( 'NONE',  ( 6.357975702847092594E-17, 0.000000000000000000, -1.000000000000000000 ) ) ;
#1244 = AXIS2_PLACEMENT_3D ( 'NONE', #1360, #1829, #1509 ) ;
#1245 = ORIENTED_EDGE ( 'NONE', *, *, #1975, .F. ) ;
#1246 = EDGE_CURVE ( 'NONE', #1548, #808, #456, .T. ) ;
#1247 = CARTESIAN_POINT ( 'NONE',  ( 5.248604096223668414, 3.415889782947594711, 6.607871830777441780 ) ) ;
#1248 = EDGE_LOOP ( 'NONE', ( #186, #1252, #1857 ) ) ;
#1249 = DIRECTION ( 'NONE',  ( 0.9396926207859080948, 0.3420201433256697676, 0.000000000000000000 ) ) ;
#1250 = DIRECTION ( 'NONE',  ( 0.000000000000000000, -1.000000000000000000, 8.673617379884035472E-16 ) ) ;
#1251 = PLANE ( 'NONE',  #1306 ) ;
#1252 = ORIENTED_EDGE ( 'NONE', *, *, #1917, .T. ) ;
#1253 = LINE ( 'NONE', #485, #535 ) ;
#1254 = CARTESIAN_POINT ( 'NONE',  ( 8.335850593439021239, 5.273034532219814885, 8.356877212864546323 ) ) ;
#1255 = ORIENTED_EDGE ( 'NONE', *, *, #633, .F. ) ;
#1256 = VERTEX_POINT ( 'NONE', #1039 ) ;
#1257 = CARTESIAN_POINT ( 'NONE',  ( 8.283172868869996819, 7.218924745618553018, -5.811776987863132682 ) ) ;
#1258 = CARTESIAN_POINT ( 'NONE',  ( -6.372906999099408942, 5.292956396769442406, -5.559470297934014482 ) ) ;
#1259 = CARTESIAN_POINT ( 'NONE',  ( 2.581064073226545741, 4.000000000000000000, -0.000000000000000000 ) ) ;
#1260 = CARTESIAN_POINT ( 'NONE',  ( 0.5560640732265447195, 5.649453399657685893, -1.891981607291028045 ) ) ;
#1261 = ADVANCED_FACE ( 'NONE', ( #1530, #445 ), #1232, .T. ) ;
#1262 = CARTESIAN_POINT ( 'NONE',  ( -8.091281965356525774, 2.000000000000000444, -6.732014230802747079 ) ) ;
#1263 = VERTEX_POINT ( 'NONE', #1966 ) ;
#1264 = CARTESIAN_POINT ( 'NONE',  ( 0.5560640732265457187, 5.876235673783147817, -3.458758810132639194 ) ) ;
#1265 = ORIENTED_EDGE ( 'NONE', *, *, #1694, .T. ) ;
#1266 = FACE_OUTER_BOUND ( 'NONE', #389, .T. ) ;
#1267 = PLANE ( 'NONE',  #1786 ) ;
#1268 = FACE_OUTER_BOUND ( 'NONE', #1277, .T. ) ;
#1269 = LINE ( 'NONE', #1284, #16 ) ;
#1270 = CARTESIAN_POINT ( 'NONE',  ( 5.709843575692177708, 6.000000000000000000, 9.857369923529477163 ) ) ;
#1271 = CARTESIAN_POINT ( 'NONE',  ( -4.195635901368412135, 7.337939781930958638, -5.790791425851257834 ) ) ;
#1272 =( BOUNDED_CURVE ( )  B_SPLINE_CURVE ( 3, ( #425, #925, #1223, #1202 ),
 .UNSPECIFIED., .F., .T. ) 
 B_SPLINE_CURVE_WITH_KNOTS ( ( 4, 4 ),
 ( 2.414817599270092430, 3.868367707909489805 ),
 .UNSPECIFIED. ) 
 CURVE ( )  GEOMETRIC_REPRESENTATION_ITEM ( )  RATIONAL_B_SPLINE_CURVE ( ( 1.000000000000000000, 0.8315474279732688601, 0.8315474279732688601, 1.000000000000000000 ) ) 
 REPRESENTATION_ITEM ( '' )  );
#1273 = AXIS2_PLACEMENT_3D ( 'NONE', #1364, #598, #1700 ) ;
#1274 = CARTESIAN_POINT ( 'NONE',  ( 5.399975597952026085, 3.342020143325669324, -3.868272337731064159 ) ) ;
#1275 = AXIS2_PLACEMENT_3D ( 'NONE', #706, #1918, #1764 ) ;
#1276 = VERTEX_POINT ( 'NONE', #1674 ) ;
#1277 = EDGE_LOOP ( 'NONE', ( #1831, #960, #1771, #946, #335, #309, #1084, #1171 ) ) ;
#1278 = DIRECTION ( 'NONE',  ( 1.000000000000000000, 0.000000000000000000, 5.354084802397552502E-17 ) ) ;
#1279 = CARTESIAN_POINT ( 'NONE',  ( -4.597715429238466989, 5.173648177666925640, 10.00307804536445744 ) ) ;
#1280 = CARTESIAN_POINT ( 'NONE',  ( -8.112901739866773099, 1.877388165875782944, 9.845691806114482247 ) ) ;
#1281 = ORIENTED_EDGE ( 'NONE', *, *, #1663, .T. ) ;
#1282 = EDGE_CURVE ( 'NONE', #997, #872, #754, .T. ) ;
#1283 = EDGE_CURVE ( 'NONE', #573, #1614, #1411, .T. ) ;
#1284 = CARTESIAN_POINT ( 'NONE',  ( -5.227540072284842410, 3.342020143325668879, 8.915331807780320972 ) ) ;
#1285 = CARTESIAN_POINT ( 'NONE',  ( 8.149647519436166831, 6.000000000000127898, 8.266803598028843680 ) ) ;
#1286 = CARTESIAN_POINT ( 'NONE',  ( -6.163458951487579718, 5.999999999999992006, -4.445024589779876578 ) ) ;
#1287 = DIRECTION ( 'NONE',  ( 1.239088197126291310E-16, 0.000000000000000000, -1.000000000000000000 ) ) ;
#1288 = ORIENTED_EDGE ( 'NONE', *, *, #170, .F. ) ;
#1289 = CARTESIAN_POINT ( 'NONE',  ( -5.893010644668926545, 5.999999999999985789, -4.715217168683264681 ) ) ;
#1290 = CARTESIAN_POINT ( 'NONE',  ( 8.643810310810678743, 5.173648177666925640, -3.238447694684691403 ) ) ;
#1291 = ORIENTED_EDGE ( 'NONE', *, *, #1194, .F. ) ;
#1292 = LINE ( 'NONE', #1135, #303 ) ;
#1293 = CARTESIAN_POINT ( 'NONE',  ( -8.112901739866776651, 1.877388165875782944, -6.015028190553840304 ) ) ;
#1294 = DIRECTION ( 'NONE',  ( 0.000000000000000000, 0.000000000000000000, -1.000000000000000000 ) ) ;
#1295 = ORIENTED_EDGE ( 'NONE', *, *, #789, .F. ) ;
#1296 = EDGE_CURVE ( 'NONE', #998, #1015, #651, .T. ) ;
#1297 = DIRECTION ( 'NONE',  ( 1.000000000000000000, 0.000000000000000000, 1.239088197126291310E-16 ) ) ;
#1298 = CARTESIAN_POINT ( 'NONE',  ( -8.667439011424757922, -1.267548980611422405, 11.13883489243162295 ) ) ;
#1299 = DIRECTION ( 'NONE',  ( 0.000000000000000000, 0.000000000000000000, 1.000000000000000000 ) ) ;
#1300 = CARTESIAN_POINT ( 'NONE',  ( 0.000000000000000000, 4.000000000000000000, 0.000000000000000000 ) ) ;
#1301 = DIRECTION ( 'NONE',  ( 0.3236155771181853935, 0.8891264907159879272, -0.3236155771181852825 ) ) ;
#1302 = CARTESIAN_POINT ( 'NONE',  ( 6.579140911588224228, 6.000000000000020428, -4.995858990288518875 ) ) ;
#1303 = VERTEX_POINT ( 'NONE', #1802 ) ;
#1304 = ORIENTED_EDGE ( 'NONE', *, *, #1199, .F. ) ;
#1305 = CARTESIAN_POINT ( 'NONE',  ( -5.531562684342110181, 5.251162727359247384, -6.013445964060012194 ) ) ;
#1306 = AXIS2_PLACEMENT_3D ( 'NONE', #190, #58, #971 ) ;
#1307 = ADVANCED_FACE ( 'NONE', ( #1052 ), #868, .T. ) ;
#1308 = VECTOR ( 'NONE', #689, 1000.000000000000000 ) ;
#1309 = CARTESIAN_POINT ( 'NONE',  ( 8.030866178940875955, 5.292956396769443295, -5.013639264545630247 ) ) ;
#1310 = DIRECTION ( 'NONE',  ( 1.000000000000000000, 0.000000000000000000, 8.031127203596328136E-17 ) ) ;
#1311 = CARTESIAN_POINT ( 'NONE',  ( -7.224398510665105633, 5.272971273488674449, 8.355621360499460692 ) ) ;
#1312 = DIRECTION ( 'NONE',  ( -0.000000000000000000, 1.000000000000000000, -0.000000000000000000 ) ) ;
#1313 = ADVANCED_FACE ( 'NONE', ( #1543 ), #728, .T. ) ;
#1314 = DIRECTION ( 'NONE',  ( 0.9396926207859075397, -0.3420201433256708778, 0.000000000000000000 ) ) ;
#1315 = CARTESIAN_POINT ( 'NONE',  ( 5.709843575691553319, 5.173648177666930970, -6.172414429803814606 ) ) ;
#1316 = CARTESIAN_POINT ( 'NONE',  ( 7.659002557798473276, 5.000000000000000000, 7.069111310245332014 ) ) ;
#1317 = DIRECTION ( 'NONE',  ( -1.846054164526671358E-15, 0.000000000000000000, -1.000000000000000000 ) ) ;
#1318 = EDGE_LOOP ( 'NONE', ( #977, #773, #112, #1760 ) ) ;
#1319 = EDGE_LOOP ( 'NONE', ( #225, #1102, #394, #1054 ) ) ;
#1320 = CARTESIAN_POINT ( 'NONE',  ( -7.726949886524546507, -0.1226118341242172921, 10.93695158229056830 ) ) ;
#1321 = SURFACE_SIDE_STYLE ('',( #237 ) ) ;
#1322 = DIRECTION ( 'NONE',  ( -0.9396926207859080948, -0.3420201433256694901, 0.000000000000000000 ) ) ;
#1323 = DIRECTION ( 'NONE',  ( 0.000000000000000000, -1.000000000000000000, 0.000000000000000000 ) ) ;
#1324 = DIRECTION ( 'NONE',  ( -0.3236155771181852825, -0.8891264907159879272, -0.3236155771181852825 ) ) ;
#1325 = CARTESIAN_POINT ( 'NONE',  ( -5.894356518230616793, 5.999999999999989342, 8.544705397931146251 ) ) ;
#1326 = CARTESIAN_POINT ( 'NONE',  ( 6.907886642155962598, 5.999999999999999112, -4.794608614633756538 ) ) ;
#1327 = VERTEX_POINT ( 'NONE', #1684 ) ;
#1328 = ORIENTED_EDGE ( 'NONE', *, *, #703, .T. ) ;
#1329 = CARTESIAN_POINT ( 'NONE',  ( -6.546874411345382505, 5.000000000000000000, 7.069111310245332902 ) ) ;
#1330 = CARTESIAN_POINT ( 'NONE',  ( 7.556064073226545830, 0.000000000000000000, 7.975639186994412988 ) ) ;
#1331 = CARTESIAN_POINT ( 'NONE',  ( 0.5560640732265457187, 5.876235673783147817, 1.915331807780320972 ) ) ;
#1332 = CARTESIAN_POINT ( 'NONE',  ( 8.814699741005094680, 0.000000000000000000, 10.91533180778032097 ) ) ;
#1333 = CARTESIAN_POINT ( 'NONE',  ( -8.297387137829520753, -1.114854025527543262E-14, -6.800607417913206554 ) ) ;
#1334 = APPLICATION_PROTOCOL_DEFINITION ( 'draft international standard', 'automotive_design', 1998, #80 ) ;
#1335 = EDGE_CURVE ( 'NONE', #1667, #544, #304, .T. ) ;
#1336 = CARTESIAN_POINT ( 'NONE',  ( 7.563142135727531468, 5.999999999999973355, -3.869739760756335301 ) ) ;
#1337 = CARTESIAN_POINT ( 'NONE',  ( -4.855770353236327885, 6.000000000000002665, 9.018270292352244866 ) ) ;
#1338 = CARTESIAN_POINT ( 'NONE',  ( -6.546874411345383393, 6.000000000000000000, -3.238447694684688738 ) ) ;
#1339 = VERTEX_POINT ( 'NONE', #776 ) ;
#1340 = ORIENTED_EDGE ( 'NONE', *, *, #1199, .T. ) ;
#1341 = AXIS2_PLACEMENT_3D ( 'NONE', #1440, #992, #682 ) ;
#1342 = CARTESIAN_POINT ( 'NONE',  ( -5.504243305987547075, 0.000000000000000000, -5.084668192219678140 ) ) ;
#1343 = DIRECTION ( 'NONE',  ( -8.673617379884035472E-16, 0.000000000000000000, 1.000000000000000000 ) ) ;
#1344 = COLOUR_RGB ( '',0.7921568627450980005, 0.8196078431372548767, 0.9333333333333333481 ) ;
#1345 = CARTESIAN_POINT ( 'NONE',  ( 8.962900720496357110, 3.363996538402181269, 7.606418718566193782 ) ) ;
#1346 = CARTESIAN_POINT ( 'NONE',  ( 0.000000000000000000, 3.000000000000000000, 6.759243332505799451 ) ) ;
#1347 = VECTOR ( 'NONE', #955, 1000.000000000000114 ) ;
#1348 = ADVANCED_FACE ( 'NONE', ( #14 ), #639, .F. ) ;
#1349 = CARTESIAN_POINT ( 'NONE',  ( 7.659002557798471500, 6.000000000000000888, -3.238447694684689626 ) ) ;
#1350 = CARTESIAN_POINT ( 'NONE',  ( -6.629516098983372352, 5.999999999999708677, -5.021303757673718948 ) ) ;
#1351 = CARTESIAN_POINT ( 'NONE',  ( -1.468935926773454304, 0.000000000000000000, 2.590331807780321238 ) ) ;
#1352 = ORIENTED_EDGE ( 'NONE', *, *, #1073, .F. ) ;
#1353 = LINE ( 'NONE', #259, #114 ) ;
#1354 = CARTESIAN_POINT ( 'NONE',  ( -0.1189359267734540482, 0.000000000000000000, 3.940331807780321771 ) ) ;
#1355 = CARTESIAN_POINT ( 'NONE',  ( 9.801186932388096906, -1.390160814735640571, 10.42184885218271795 ) ) ;
#1356 = CARTESIAN_POINT ( 'NONE',  ( 7.485035145552487279, 5.292956396769444183, 9.390133913494665308 ) ) ;
#1357 = DIRECTION ( 'NONE',  ( -1.000000000000000000, 0.000000000000000000, 0.000000000000000000 ) ) ;
#1358 = ADVANCED_FACE ( 'NONE', ( #1266 ), #1872, .F. ) ;
#1359 = PLANE ( 'NONE',  #605 ) ;
#1360 = CARTESIAN_POINT ( 'NONE',  ( -4.287847451498931761, 3.000000000000000000, -2.928579716945156619 ) ) ;
#1361 = VERTEX_POINT ( 'NONE', #850 ) ;
#1362 = CARTESIAN_POINT ( 'NONE',  ( 7.556064073226545830, 0.000000000000000000, 8.915331807780320972 ) ) ;
#1363 = FACE_OUTER_BOUND ( 'NONE', #258, .T. ) ;
#1364 = CARTESIAN_POINT ( 'NONE',  ( -4.287847451498932649, 3.000000000000000000, 6.759243332505799451 ) ) ;
#1365 = CARTESIAN_POINT ( 'NONE',  ( 0.000000000000000000, 3.000000000000000000, -2.928579716945156619 ) ) ;
#1366 = FACE_OUTER_BOUND ( 'NONE', #644, .T. ) ;
#1367 = ORIENTED_EDGE ( 'NONE', *, *, #722, .T. ) ;
#1368 = DIRECTION ( 'NONE',  ( 0.9396926207859080948, 0.3420201433256694346, 1.164362035342490253E-16 ) ) ;
#1369 = DIRECTION ( 'NONE',  ( 1.070816960479510377E-16, 0.000000000000000000, -1.000000000000000000 ) ) ;
#1370 = EDGE_CURVE ( 'NONE', #219, #816, #467, .T. ) ;
#1371 = DIRECTION ( 'NONE',  ( 0.000000000000000000, 1.000000000000000000, 0.000000000000000000 ) ) ;
#1372 = AXIS2_PLACEMENT_3D ( 'NONE', #880, #1803, #1479 ) ;
#1373 = DIRECTION ( 'NONE',  ( -1.000000000000000000, 0.000000000000000000, 0.000000000000000000 ) ) ;
#1374 = CARTESIAN_POINT ( 'NONE',  ( -6.153876349187534345, 6.000000000000000000, -4.436490761149270767 ) ) ;
#1375 = DIRECTION ( 'NONE',  ( 0.000000000000000000, 0.000000000000000000, -1.000000000000000000 ) ) ;
#1376 = VERTEX_POINT ( 'NONE', #1151 ) ;
#1377 = FACE_OUTER_BOUND ( 'NONE', #233, .T. ) ;
#1378 = CARTESIAN_POINT ( 'NONE',  ( -5.309623447554628228, 6.000000000001243450, 9.733765235597754639 ) ) ;
#1379 = CARTESIAN_POINT ( 'NONE',  ( 9.556064073226538724, 4.336808689942017736E-16, -7.084668192219677252 ) ) ;
#1380 = CARTESIAN_POINT ( 'NONE',  ( -5.504243305987548851, 0.000000000000000000, 8.915331807780320972 ) ) ;
#1381 = EDGE_LOOP ( 'NONE', ( #1026, #453, #1139, #1115 ) ) ;
#1382 = CARTESIAN_POINT ( 'NONE',  ( 5.967898499689415104, 6.000000000000000000, -5.187606676791606475 ) ) ;
#1383 = EDGE_LOOP ( 'NONE', ( #248, #899, #553, #1968, #1822, #475, #659, #147 ) ) ;
#1384 = DIRECTION ( 'NONE',  ( -0.000000000000000000, 1.000000000000000000, -0.000000000000000000 ) ) ;
#1385 = CARTESIAN_POINT ( 'NONE',  ( 8.477116626963875134, 6.119015036312408284, -3.051297486920386604 ) ) ;
#1386 = CARTESIAN_POINT ( 'NONE',  ( -6.443935926773455947, 3.342020143325668435, 7.698935953291706547 ) ) ;
#1387 = EDGE_LOOP ( 'NONE', ( #1770, #1352, #1397, #1225 ) ) ;
#1388 = DIRECTION ( 'NONE',  ( -1.000000000000000000, 0.000000000000000000, -0.000000000000000000 ) ) ;
#1389 = EDGE_CURVE ( 'NONE', #711, #881, #1578, .T. ) ;
#1390 = CARTESIAN_POINT ( 'NONE',  ( 8.028282197346698013, 5.293068720371913116, 8.847910926628429706 ) ) ;
#1391 = CARTESIAN_POINT ( 'NONE',  ( -4.287847451498932649, 3.000000000000000000, -2.928579716945156175 ) ) ;
#1392 = ADVANCED_FACE ( 'NONE', ( #546 ), #1056, .T. ) ;
#1393 = ORIENTED_EDGE ( 'NONE', *, *, #1452, .T. ) ;
#1394 = CARTESIAN_POINT ( 'NONE',  ( -4.597715429238466101, 6.000000000000002665, 9.857369923529528677 ) ) ;
#1395 = CARTESIAN_POINT ( 'NONE',  ( -1.468935926773454304, 4.000000000000000000, 2.590331807780321238 ) ) ;
#1396 = CARTESIAN_POINT ( 'NONE',  ( 1.231064073226546318, 0.000000000000000000, 1.318244289047975903E-16 ) ) ;
#1397 = ORIENTED_EDGE ( 'NONE', *, *, #217, .F. ) ;
#1398 = FACE_OUTER_BOUND ( 'NONE', #1813, .T. ) ;
#1399 =( BOUNDED_CURVE ( )  B_SPLINE_CURVE ( 3, ( #1901, #1484, #1043, #1330 ),
 .UNSPECIFIED., .F., .F. ) 
 B_SPLINE_CURVE_WITH_KNOTS ( ( 4, 4 ),
 ( 2.414817599270095094, 3.868367707909489361 ),
 .UNSPECIFIED. ) 
 CURVE ( )  GEOMETRIC_REPRESENTATION_ITEM ( )  RATIONAL_B_SPLINE_CURVE ( ( 1.000000000000000000, 0.8315474279732694152, 0.8315474279732694152, 1.000000000000000000 ) ) 
 REPRESENTATION_ITEM ( '' )  );
#1400 = AXIS2_PLACEMENT_3D ( 'NONE', #385, #846, #1450 ) ;
#1401 = CARTESIAN_POINT ( 'NONE',  ( 6.066413343662583557, 6.000000000000055067, 9.811625884536496756 ) ) ;
#1402 = ORIENTED_EDGE ( 'NONE', *, *, #49, .F. ) ;
#1403 = DIRECTION ( 'NONE',  ( -1.000000000000000000, -0.000000000000000000, -0.000000000000000000 ) ) ;
#1404 = VECTOR ( 'NONE', #1324, 1000.000000000000114 ) ;
#1405 = ORIENTED_EDGE ( 'NONE', *, *, #1422, .F. ) ;
#1406 = CARTESIAN_POINT ( 'NONE',  ( 9.062581117628939253, -1.390160814735641015, -7.329791051381232769 ) ) ;
#1407 = CARTESIAN_POINT ( 'NONE',  ( -6.793312441744924435, 5.295935106301719486, -5.165993617643108493 ) ) ;
#1408 = PLANE ( 'NONE',  #111 ) ;
#1409 = CARTESIAN_POINT ( 'NONE',  ( -10.19211716259937361, 5.876235673783145153, -3.458758810132636086 ) ) ;
#1410 = CARTESIAN_POINT ( 'NONE',  ( -7.738628003939596489, 4.000000000000000888, -6.379360269385816906 ) ) ;
#1411 =( BOUNDED_CURVE ( )  B_SPLINE_CURVE ( 3, ( #435, #612, #299, #772 ),
 .UNSPECIFIED., .F., .T. ) 
 B_SPLINE_CURVE_WITH_KNOTS ( ( 4, 4 ),
 ( 2.414817599270097315, 3.868367707909490250 ),
 .UNSPECIFIED. ) 
 CURVE ( )  GEOMETRIC_REPRESENTATION_ITEM ( )  RATIONAL_B_SPLINE_CURVE ( ( 1.000000000000000000, 0.8315474279732697482, 0.8315474279732697482, 1.000000000000000000 ) ) 
 REPRESENTATION_ITEM ( '' )  );
#1412 = ORIENTED_EDGE ( 'NONE', *, *, #883, .F. ) ;
#1413 = DIRECTION ( 'NONE',  ( 3.156938549691804906E-16, -8.673617379884028570E-16, 1.000000000000000000 ) ) ;
#1414 = ORIENTED_EDGE ( 'NONE', *, *, #1156, .T. ) ;
#1415 = ORIENTED_EDGE ( 'NONE', *, *, #188, .F. ) ;
#1416 = CARTESIAN_POINT ( 'NONE',  ( 9.203410111809608551, 2.000000000000000888, -6.732014230802747079 ) ) ;
#1417 = ADVANCED_FACE ( 'NONE', ( #122 ), #1359, .T. ) ;
#1418 = DIRECTION ( 'NONE',  ( 1.000000000000000000, -0.000000000000000000, -0.000000000000000000 ) ) ;
#1419 = LINE ( 'NONE', #189, #306 ) ;
#1420 = VERTEX_POINT ( 'NONE', #1201 ) ;
#1421 = CARTESIAN_POINT ( 'NONE',  ( -3.350375282391122589, 5.529999999999997584, -0.03788787002851203012 ) ) ;
#1422 = EDGE_CURVE ( 'NONE', #1008, #1853, #1212, .T. ) ;
#1423 = CARTESIAN_POINT ( 'NONE',  ( -7.825107101980599111, 3.509552663503130443, -3.511416108390192914 ) ) ;
#1424 = DIRECTION ( 'NONE',  ( -0.3236155771181856156, -0.8891264907159878161, -0.3236155771181856156 ) ) ;
#1425 = ORIENTED_EDGE ( 'NONE', *, *, #1460, .F. ) ;
#1426 = CARTESIAN_POINT ( 'NONE',  ( -5.104320544528130554, 6.000000000000005329, -5.128067033924288864 ) ) ;
#1427 = ADVANCED_FACE ( 'NONE', ( #444 ), #369, .T. ) ;
#1428 = EDGE_CURVE ( 'NONE', #1361, #969, #932, .T. ) ;
#1429 = CARTESIAN_POINT ( 'NONE',  ( 2.581064073226545741, 0.000000000000000000, 0.000000000000000000 ) ) ;
#1430 = ORIENTED_EDGE ( 'NONE', *, *, #1951, .F. ) ;
#1431 = DIRECTION ( 'NONE',  ( -0.000000000000000000, 1.000000000000000000, -0.000000000000000000 ) ) ;
#1432 = CARTESIAN_POINT ( 'NONE',  ( 7.483013111572504705, 5.292912687944792971, 9.391761249650526722 ) ) ;
#1433 = CARTESIAN_POINT ( 'NONE',  ( -5.578808516665977990, 6.000000000000053291, -4.937499696586948872 ) ) ;
#1434 = AXIS2_PLACEMENT_3D ( 'NONE', #327, #964, #191 ) ;
#1435 = DIRECTION ( 'NONE',  ( 1.000000000000000000, 0.000000000000000000, 0.000000000000000000 ) ) ;
#1436 = CIRCLE ( 'NONE', #305, 1.000000000000000000 ) ;
#1437 = ORIENTED_EDGE ( 'NONE', *, *, #206, .F. ) ;
#1438 = CARTESIAN_POINT ( 'NONE',  ( -5.884225479492679156, 5.272971273488598953, -5.865130776111316280 ) ) ;
#1439 = ADVANCED_FACE ( 'NONE', ( #524 ), #554, .F. ) ;
#1440 = CARTESIAN_POINT ( 'NONE',  ( 0.000000000000000000, 5.000000000000000000, -5.187606676791606475 ) ) ;
#1441 = CARTESIAN_POINT ( 'NONE',  ( -7.058562756916150427, 5.649453399657687669, 5.722645222851671321 ) ) ;
#1442 = CARTESIAN_POINT ( 'NONE',  ( 5.399975597952024309, 3.000000000000000000, 6.759243332505798563 ) ) ;
#1443 = FACE_OUTER_BOUND ( 'NONE', #985, .T. ) ;
#1444 = DIRECTION ( 'NONE',  ( -0.000000000000000000, 1.000000000000000000, -0.000000000000000000 ) ) ;
#1445 = ORIENTED_EDGE ( 'NONE', *, *, #1282, .F. ) ;
#1446 = CARTESIAN_POINT ( 'NONE',  ( -4.787912652675751168, 5.191272030737870580, -6.169306869003365890 ) ) ;
#1447 = DIRECTION ( 'NONE',  ( 1.070816960479510377E-16, 0.000000000000000000, -1.000000000000000000 ) ) ;
#1448 = EDGE_LOOP ( 'NONE', ( #33, #972, #529, #1750, #1587, #499, #720, #525 ) ) ;
#1449 = DIRECTION ( 'NONE',  ( -0.000000000000000000, 1.000000000000000000, -0.000000000000000000 ) ) ;
#1450 = DIRECTION ( 'NONE',  ( 0.000000000000000000, 0.000000000000000000, -1.000000000000000000 ) ) ;
#1451 = CARTESIAN_POINT ( 'NONE',  ( -5.104320544751625555, 5.999999999999998224, -5.128067035342252389 ) ) ;
#1452 = EDGE_CURVE ( 'NONE', #1303, #1376, #1164, .T. ) ;
#1453 = ADVANCED_FACE ( 'NONE', ( #380 ), #115, .T. ) ;
#1454 = ORIENTED_EDGE ( 'NONE', *, *, #1627, .T. ) ;
#1455 = ORIENTED_EDGE ( 'NONE', *, *, #777, .F. ) ;
#1456 = CARTESIAN_POINT ( 'NONE',  ( 6.091956917896671264, 5.209055633393279372, -6.166171140041020848 ) ) ;
#1457 = CARTESIAN_POINT ( 'NONE',  ( -7.430131031821575860, 5.237727096164555896, 7.817972734051634731 ) ) ;
#1458 = LINE ( 'NONE', #692, #699 ) ;
#1459 = CARTESIAN_POINT ( 'NONE',  ( 8.452358149982947211, 6.000000000000501821, -3.595017462655949458 ) ) ;
#1460 = EDGE_CURVE ( 'NONE', #882, #406, #1191, .T. ) ;
#1461 = AXIS2_PLACEMENT_3D ( 'NONE', #1239, #1357, #463 ) ;
#1462 = ORIENTED_EDGE ( 'NONE', *, *, #1765, .F. ) ;
#1463 = VERTEX_POINT ( 'NONE', #419 ) ;
#1464 = CIRCLE ( 'NONE', #1526, 1.000000000000000000 ) ;
#1465 = AXIS2_PLACEMENT_3D ( 'NONE', #1669, #1042, #450 ) ;
#1466 = CARTESIAN_POINT ( 'NONE',  ( 8.243850142776183887, 5.281580162764595521, -4.696645849196687372 ) ) ;
#1467 = DIRECTION ( 'NONE',  ( 0.000000000000000000, -0.3420201433256694346, 0.9396926207859080948 ) ) ;
#1468 = CARTESIAN_POINT ( 'NONE',  ( 1.231064073226546096, 0.000000000000000000, 1.240331807780321371 ) ) ;
#1469 = EDGE_LOOP ( 'NONE', ( #196, #1236, #1445, #1414 ) ) ;
#1470 = ORIENTED_EDGE ( 'NONE', *, *, #1577, .F. ) ;
#1471 = ADVANCED_FACE ( 'NONE', ( #439 ), #1944, .F. ) ;
#1472 = DIRECTION ( 'NONE',  ( 9.637352644315595243E-17, -0.000000000000000000, 1.000000000000000000 ) ) ;
#1473 = CARTESIAN_POINT ( 'NONE',  ( 2.581064073226545741, 0.000000000000000000, 0.000000000000000000 ) ) ;
#1474 = CARTESIAN_POINT ( 'NONE',  ( -6.443935926773455947, 0.000000000000000000, 7.975639186994412988 ) ) ;
#1475 = CARTESIAN_POINT ( 'NONE',  ( 9.556064073226545830, 0.000000000000000000, 10.17396747555887160 ) ) ;
#1476 = DIRECTION ( 'NONE',  ( 0.000000000000000000, -8.673617379884035472E-16, 1.000000000000000000 ) ) ;
#1477 = CARTESIAN_POINT ( 'NONE',  ( 8.484841845066922517, 5.251162727359239391, -4.172294949788226681 ) ) ;
#1478 = CARTESIAN_POINT ( 'NONE',  ( -6.546874411345383393, 6.000000000000002665, 7.198111219279184070 ) ) ;
#1479 = DIRECTION ( 'NONE',  ( 1.000000000000000000, 0.000000000000000000, 0.000000000000000000 ) ) ;
#1480 = VERTEX_POINT ( 'NONE', #1806 ) ;
#1481 = ORIENTED_EDGE ( 'NONE', *, *, #431, .T. ) ;
#1482 = ADVANCED_FACE ( 'NONE', ( #125 ), #1658, .T. ) ;
#1483 = EDGE_CURVE ( 'NONE', #545, #1511, #1514, .T. ) ;
#1484 = CARTESIAN_POINT ( 'NONE',  ( 7.179379757866759526, 0.000000000000000000, 8.915331807780320972 ) ) ;
#1485 = CARTESIAN_POINT ( 'NONE',  ( -7.222158910323332570, 5.273210894358919987, 8.360074232202306277 ) ) ;
#1486 = LINE ( 'NONE', #104, #571 ) ;
#1487 = PLANE ( 'NONE',  #438 ) ;
#1488 = CARTESIAN_POINT ( 'NONE',  ( 7.599462914931376822, 5.999999999999999112, -3.745052809974128039 ) ) ;
#1489 = CARTESIAN_POINT ( 'NONE',  ( -8.443935926773455947, 0.000000000000000000, -6.343303859997157623 ) ) ;
#1490 = CARTESIAN_POINT ( 'NONE',  ( -6.487334769896028419, 5.999999999999999112, 7.575716425758487027 ) ) ;
#1491 = EDGE_LOOP ( 'NONE', ( #561, #834, #603 ) ) ;
#1492 = CARTESIAN_POINT ( 'NONE',  ( -7.297324766613741076, 1.832235328579802092, 10.59225928434445940 ) ) ;
#1493 = AXIS2_PLACEMENT_3D ( 'NONE', #1865, #1895, #343 ) ;
#1494 = CARTESIAN_POINT ( 'NONE',  ( -4.431550783486039258, 5.173648177666930970, 10.00307804536445744 ) ) ;
#1495 = CARTESIAN_POINT ( 'NONE',  ( -7.531682164357589748, 5.173648177666930970, 7.069111310245332014 ) ) ;
#1496 = EDGE_CURVE ( 'NONE', #872, #891, #1932, .T. ) ;
#1497 = AXIS2_PLACEMENT_3D ( 'NONE', #1641, #1953, #1310 ) ;
#1498 = CARTESIAN_POINT ( 'NONE',  ( 8.369651966911000329, 6.728477409121681241, 6.774496442428152854 ) ) ;
#1499 = CARTESIAN_POINT ( 'NONE',  ( 8.556330552973498982, 5.240895202451308243, 7.835349305528088948 ) ) ;
#1500 = VECTOR ( 'NONE', #917, 1000.000000000000000 ) ;
#1501 = CARTESIAN_POINT ( 'NONE',  ( 7.268776640725182148, 6.000000000000053291, -4.432731879891234072 ) ) ;
#1502 = CARTESIAN_POINT ( 'NONE',  ( -7.385974042522664540, 6.000000000000000888, -3.238447694684688294 ) ) ;
#1503 = LINE ( 'NONE', #760, #1908 ) ;
#1504 = ORIENTED_EDGE ( 'NONE', *, *, #1194, .T. ) ;
#1505 = DIRECTION ( 'NONE',  ( -0.9396926207859080948, 0.3420201433256694346, -1.164362035342490253E-16 ) ) ;
#1506 = CARTESIAN_POINT ( 'NONE',  ( 8.175708208817122014, 7.828387118427826863, 9.534975943370898932 ) ) ;
#1507 = LINE ( 'NONE', #127, #144 ) ;
#1508 = CARTESIAN_POINT ( 'NONE',  ( 0.5560640732265457187, 4.000000000000000000, 1.915331807780320972 ) ) ;
#1509 = DIRECTION ( 'NONE',  ( 1.000000000000000000, 0.000000000000000000, 0.000000000000000000 ) ) ;
#1510 = CARTESIAN_POINT ( 'NONE',  ( -7.297324766613655811, 1.832235328579865152, -6.761595668783806801 ) ) ;
#1511 = VERTEX_POINT ( 'NONE', #1066 ) ;
#1512 = EDGE_CURVE ( 'NONE', #1376, #184, #1353, .T. ) ;
#1513 = CARTESIAN_POINT ( 'NONE',  ( -6.055677699686371263, 5.281588679675063069, 9.603434474376978613 ) ) ;
#1514 = LINE ( 'NONE', #1960, #1879 ) ;
#1515 = EDGE_CURVE ( 'NONE', #998, #1093, #94, .T. ) ;
#1516 = CARTESIAN_POINT ( 'NONE',  ( 8.643810310810680519, 5.173648177666924752, 7.069111310245332902 ) ) ;
#1517 = ORIENTED_EDGE ( 'NONE', *, *, #558, .F. ) ;
#1518 = CARTESIAN_POINT ( 'NONE',  ( 7.419620917220983713, 6.000000000000023093, 8.056518205990659709 ) ) ;
#1519 = UNCERTAINTY_MEASURE_WITH_UNIT (LENGTH_MEASURE( 1.000000000000000082E-05 ), #38, 'distance_accuracy_value', 'NONE');
#1520 = ORIENTED_EDGE ( 'NONE', *, *, #1156, .F. ) ;
#1521 = CARTESIAN_POINT ( 'NONE',  ( 5.258901743708362275, 3.729617372335566117, -3.727198483487400793 ) ) ;
#1522 = CARTESIAN_POINT ( 'NONE',  ( 8.850756150392678379, 4.000000000000000888, -6.379360269385816906 ) ) ;
#1523 = EDGE_CURVE ( 'NONE', #627, #906, #1022, .T. ) ;
#1524 = CARTESIAN_POINT ( 'NONE',  ( 5.522693367927251629, 6.119015036312407396, 9.836384361517652053 ) ) ;
#1525 = AXIS2_PLACEMENT_3D ( 'NONE', #724, #733, #1617 ) ;
#1526 = AXIS2_PLACEMENT_3D ( 'NONE', #1316, #246, #890 ) ;
#1527 = ORIENTED_EDGE ( 'NONE', *, *, #622, .T. ) ;
#1528 = CARTESIAN_POINT ( 'NONE',  ( 6.578298450647213969, 5.999999999999975131, 8.826962264929001378 ) ) ;
#1529 = AXIS2_PLACEMENT_3D ( 'NONE', #1217, #1505, #1824 ) ;
#1530 = FACE_BOUND ( 'NONE', #232, .T. ) ;
#1531 = VERTEX_POINT ( 'NONE', #903 ) ;
#1532 = DIRECTION ( 'NONE',  ( 6.357975702847092594E-17, 0.000000000000000000, -1.000000000000000000 ) ) ;
#1533 = B_SPLINE_CURVE_WITH_KNOTS ( 'NONE', 3,
 ( #877, #1739, #89, #726, #1333, #1934, #412, #1031 ),
 .UNSPECIFIED., .F., .F.,
 ( 4, 2, 2, 4 ),
 ( 1.405982408133619421E-16, 0.0002901036219427483302, 0.0005802072438853560395, 0.001160414487770569615 ),
 .UNSPECIFIED. ) ;
#1534 = CARTESIAN_POINT ( 'NONE',  ( 5.982811989397056607, 3.509552663503131331, -6.465839367426818640 ) ) ;
#1535 = EDGE_LOOP ( 'NONE', ( #472, #42, #500, #780 ) ) ;
#1536 = CARTESIAN_POINT ( 'NONE',  ( 8.498102188975751758, 6.000000000000000888, 9.857369923529528677 ) ) ;
#1537 = PLANE ( 'NONE',  #339 ) ;
#1538 = EDGE_LOOP ( 'NONE', ( #1437, #675, #1640, #950 ) ) ;
#1539 = CARTESIAN_POINT ( 'NONE',  ( 7.563142136657533321, 5.999999999999974243, -3.869739761255437394 ) ) ;
#1540 = DIRECTION ( 'NONE',  ( 6.357975702847092594E-17, 0.000000000000000000, -1.000000000000000000 ) ) ;
#1541 = CARTESIAN_POINT ( 'NONE',  ( -7.531682164357591525, 5.173648177666926529, 7.069111310245331126 ) ) ;
#1542 = EDGE_LOOP ( 'NONE', ( #268, #1859, #72, #1131 ) ) ;
#1543 = FACE_OUTER_BOUND ( 'NONE', #1538, .T. ) ;
#1544 = ORIENTED_EDGE ( 'NONE', *, *, #1809, .F. ) ;
#1545 = EDGE_CURVE ( 'NONE', #1463, #1531, #1952, .T. ) ;
#1546 = CARTESIAN_POINT ( 'NONE',  ( -4.597715429238468765, 5.173648177666926529, -6.172414429803814606 ) ) ;
#1547 = LINE ( 'NONE', #165, #674 ) ;
#1548 = VERTEX_POINT ( 'NONE', #586 ) ;
#1549 = CARTESIAN_POINT ( 'NONE',  ( -6.443935926773455947, 0.000000000000000000, 8.915331807780320972 ) ) ;
#1550 =( BOUNDED_CURVE ( )  B_SPLINE_CURVE ( 3, ( #1021, #1880, #1634, #1264 ),
 .UNSPECIFIED., .F., .F. ) 
 B_SPLINE_CURVE_WITH_KNOTS ( ( 4, 4 ),
 ( 4.712388980384689674, 5.352296399125790138 ),
 .UNSPECIFIED. ) 
 CURVE ( )  GEOMETRIC_REPRESENTATION_ITEM ( )  RATIONAL_B_SPLINE_CURVE ( ( 1.000000000000000000, 0.9661666523663392514, 0.9661666523663392514, 1.000000000000000000 ) ) 
 REPRESENTATION_ITEM ( '' )  );
#1551 = ORIENTED_EDGE ( 'NONE', *, *, #1913, .T. ) ;
#1552 = VERTEX_POINT ( 'NONE', #1650 ) ;
#1553 = CARTESIAN_POINT ( 'NONE',  ( 9.225029886319859429, 1.877388165875783610, -6.015028190553840304 ) ) ;
#1554 = CARTESIAN_POINT ( 'NONE',  ( 1.231064073226545874, 4.000000000000000000, 3.940331807780321771 ) ) ;
#1555 = CARTESIAN_POINT ( 'NONE',  ( -7.800618003420457747, -6.166399856011300552E-16, 10.91533180778032452 ) ) ;
#1556 = ADVANCED_FACE ( 'NONE', ( #452, #270 ), #579, .F. ) ;
#1557 = FACE_OUTER_BOUND ( 'NONE', #36, .T. ) ;
#1558 = AXIS2_PLACEMENT_3D ( 'NONE', #1300, #1323, #1189 ) ;
#1559 = DIRECTION ( 'NONE',  ( -1.000000000000000000, 0.000000000000000000, 1.927470528863119788E-16 ) ) ;
#1560 = STYLED_ITEM ( 'NONE', ( #1028 ), #1000 ) ;
#1561 = CARTESIAN_POINT ( 'NONE',  ( 5.965962958886896317, 6.000000000000000888, 9.006352662644774298 ) ) ;
#1562 = CARTESIAN_POINT ( 'NONE',  ( -4.726715338272321709, 5.999999999999997335, -5.187606676791607363 ) ) ;
#1563 = AXIS2_PLACEMENT_3D ( 'NONE', #815, #643, #1250 ) ;
#1564 = EDGE_LOOP ( 'NONE', ( #913, #257, #1170, #979 ) ) ;
#1565 = EDGE_CURVE ( 'NONE', #151, #1921, #296, .T. ) ;
#1566 = VECTOR ( 'NONE', #1889, 1000.000000000000000 ) ;
#1567 = ORIENTED_EDGE ( 'NONE', *, *, #318, .F. ) ;
#1568 = DIRECTION ( 'NONE',  ( 0.000000000000000000, 0.000000000000000000, 1.000000000000000000 ) ) ;
#1569 = CARTESIAN_POINT ( 'NONE',  ( 0.5560640732265457187, 5.529999999999998472, 1.915331807780320972 ) ) ;
#1570 = CARTESIAN_POINT ( 'NONE',  ( 5.399975597952026085, 2.999999999999999112, 6.759243332505798563 ) ) ;
#1571 = CARTESIAN_POINT ( 'NONE',  ( -6.443935926773455947, 0.000000000000000000, 8.915331807780320972 ) ) ;
#1572 = CARTESIAN_POINT ( 'NONE',  ( -6.795894793169604320, 5.295908461611753992, 8.993833128189498538 ) ) ;
#1573 = CARTESIAN_POINT ( 'NONE',  ( 7.005138791122123898, 5.999999999999989342, 8.545880784243797379 ) ) ;
#1574 = CARTESIAN_POINT ( 'NONE',  ( -4.287847451498932649, 4.000000000000000000, 6.759243332505799451 ) ) ;
#1575 = DIRECTION ( 'NONE',  ( 0.9848077530122080203, 0.1736481776669307198, -1.898187920526940414E-16 ) ) ;
#1576 = VERTEX_POINT ( 'NONE', #1198 ) ;
#1577 = EDGE_CURVE ( 'NONE', #891, #1615, #282, .T. ) ;
#1578 = LINE ( 'NONE', #1132, #1085 ) ;
#1579 = CARTESIAN_POINT ( 'NONE',  ( 1.231064073226545874, 0.000000000000000000, 3.940331807780321771 ) ) ;
#1580 = LINE ( 'NONE', #1259, #1141 ) ;
#1581 = LINE ( 'NONE', #1571, #600 ) ;
#1582 = CARTESIAN_POINT ( 'NONE',  ( 8.060450607273809354, 6.000000000000000000, 8.422667796990223721 ) ) ;
#1583 = CARTESIAN_POINT ( 'NONE',  ( -4.853834812210338967, 5.999999999999998224, -5.175689045666334920 ) ) ;
#1584 = CARTESIAN_POINT ( 'NONE',  ( 2.581064073226545741, 0.000000000000000000, 2.590331807780321238 ) ) ;
#1585 = ORIENTED_EDGE ( 'NONE', *, *, #873, .F. ) ;
#1586 = CARTESIAN_POINT ( 'NONE',  ( -7.472453140563664498, 5.509552663503131775, 6.989425762533906017 ) ) ;
#1587 = ORIENTED_EDGE ( 'NONE', *, *, #384, .F. ) ;
#1588 = CARTESIAN_POINT ( 'NONE',  ( 8.409452913066830959, 1.832235328579797651, 10.59225928434446118 ) ) ;
#1589 = DIRECTION ( 'NONE',  ( -1.000000000000000000, 0.000000000000000000, 0.000000000000000000 ) ) ;
#1590 = VECTOR ( 'NONE', #1098, 1000.000000000000000 ) ;
#1591 = CARTESIAN_POINT ( 'NONE',  ( 9.537538888526809089, -4.376063557779255288E-15, 10.36835777679423209 ) ) ;
#1592 = CIRCLE ( 'NONE', #1083, 1.000000000000000000 ) ;
#1593 = EDGE_LOOP ( 'NONE', ( #1367, #668, #378, #55 ) ) ;
#1594 = CARTESIAN_POINT ( 'NONE',  ( -4.954285197209389757, 5.999999999999782396, -5.980962268976077745 ) ) ;
#1595 = CIRCLE ( 'NONE', #506, 12.00000000000000000 ) ;
#1596 = ORIENTED_EDGE ( 'NONE', *, *, #260, .F. ) ;
#1597 = CARTESIAN_POINT ( 'NONE',  ( -8.465555701283703272, -0.1226118341242172644, 10.19834576753141242 ) ) ;
#1598 = DIRECTION ( 'NONE',  ( -0.000000000000000000, 1.000000000000000000, -0.000000000000000000 ) ) ;
#1599 = CARTESIAN_POINT ( 'NONE',  ( -6.376515045621334643, 5.293068720371571168, 9.387549931900752043 ) ) ;
#1600 = CARTESIAN_POINT ( 'NONE',  ( 5.543678929939127364, 6.000000000000000000, 9.018270292352248418 ) ) ;
#1601 = ADVANCED_FACE ( 'NONE', ( #440 ), #1487, .T. ) ;
#1602 = SHAPE_DEFINITION_REPRESENTATION ( #102, #455 ) ;
#1603 = CARTESIAN_POINT ( 'NONE',  ( -7.257523820457913999, 6.728477409121683017, -2.943832826867509578 ) ) ;
#1604 = EDGE_CURVE ( 'NONE', #969, #151, #1507, .T. ) ;
#1605 = DIRECTION ( 'NONE',  ( 0.000000000000000000, 0.1736481776669307198, -0.9848077530122080203 ) ) ;
#1606 = ORIENTED_EDGE ( 'NONE', *, *, #566, .T. ) ;
#1607 = ORIENTED_EDGE ( 'NONE', *, *, #1229, .F. ) ;
#1608 = CARTESIAN_POINT ( 'NONE',  ( -7.801450914741648646, -0.5451281609946915241, 11.01145261050766955 ) ) ;
#1609 = CARTESIAN_POINT ( 'NONE',  ( -6.059367920634619153, 5.281747765149734875, 9.601203142977977834 ) ) ;
#1610 = LINE ( 'NONE', #1600, #1143 ) ;
#1611 = CARTESIAN_POINT ( 'NONE',  ( -6.640841681966900513E-17, 0.000000000000000000, 1.240331807780321371 ) ) ;
#1612 = CARTESIAN_POINT ( 'NONE',  ( 8.062338643196248711, 5.999999999999887201, -4.588766527387765137 ) ) ;
#1613 = DIRECTION ( 'NONE',  ( 0.000000000000000000, -1.000000000000000000, 0.000000000000000000 ) ) ;
#1614 = VERTEX_POINT ( 'NONE', #1380 ) ;
#1615 = VERTEX_POINT ( 'NONE', #1985 ) ;
#1616 = CARTESIAN_POINT ( 'NONE',  ( 7.490363069349911029, 5.293102753753783141, -5.555473003021223377 ) ) ;
#1617 = DIRECTION ( 'NONE',  ( 0.000000000000000000, 4.336808689942017736E-16, 1.000000000000000000 ) ) ;
#1618 = LINE ( 'NONE', #67, #50 ) ;
#1619 = DIRECTION ( 'NONE',  ( 1.000000000000000000, 0.000000000000000000, 0.000000000000000000 ) ) ;
#1620 = FACE_OUTER_BOUND ( 'NONE', #731, .T. ) ;
#1621 = DIRECTION ( 'NONE',  ( 0.3236155771181853380, -0.8891264907159879272, -0.3236155771181852825 ) ) ;
#1622 = CARTESIAN_POINT ( 'NONE',  ( -5.804292324333654385, 5.999999999999990230, 8.634854832494438526 ) ) ;
#1623 = DIRECTION ( 'NONE',  ( -1.000000000000000000, 0.000000000000000000, 1.734723475976807094E-15 ) ) ;
#1624 = CLOSED_SHELL ( 'NONE', ( #408, #748, #779, #1417, #293, #1868, #1147, #32, #1556, #1471, #1207, #169, #897, #486, #836, #1439, #632, #811, #1453, #1639, #1013, #1482, #769, #662, #1719, #940, #61, #1261, #1601, #1313, #594, #1427, #222, #235, #60, #471, #1392, #1307, #1061, #469, #141, #1348, #1358, #126, #738, #76, #747, #1637, #1220, #109, #347, #750, #1851, #581, #417 ) ) ;
#1625 = VERTEX_POINT ( 'NONE', #1206 ) ;
#1626 = EDGE_LOOP ( 'NONE', ( #358, #92, #1150, #1672 ) ) ;
#1627 = EDGE_CURVE ( 'NONE', #1420, #881, #751, .T. ) ;
#1628 = CIRCLE ( 'NONE', #926, 1.000000000000000000 ) ;
#1629 = VECTOR ( 'NONE', #1369, 1000.000000000000000 ) ;
#1630 =( GEOMETRIC_REPRESENTATION_CONTEXT ( 3 ) GLOBAL_UNCERTAINTY_ASSIGNED_CONTEXT ( ( #1519 ) ) GLOBAL_UNIT_ASSIGNED_CONTEXT ( ( #38, #805, #1157 ) ) REPRESENTATION_CONTEXT ( 'NONE', 'WORKASPACE' ) );
#1631 = CARTESIAN_POINT ( 'NONE',  ( 0.5560640732265464958, 5.876235673783147817, 7.289422425693281582 ) ) ;
#1632 = CARTESIAN_POINT ( 'NONE',  ( -6.950210496743273403, 6.000000000000000888, 8.419430142948137075 ) ) ;
#1633 = CARTESIAN_POINT ( 'NONE',  ( 0.5560640732265460517, 0.000000000000000000, -1.084668192219679472 ) ) ;
#1634 = CARTESIAN_POINT ( 'NONE',  ( 0.5560640732265452746, 5.649453399657687669, -1.891981607291033374 ) ) ;
#1635 = LINE ( 'NONE', #1919, #924 ) ;
#1636 = CARTESIAN_POINT ( 'NONE',  ( -6.296767431140726679, 6.000000000000053291, 8.050204397672841239 ) ) ;
#1637 = ADVANCED_FACE ( 'NONE', ( #1228 ), #461, .F. ) ;
#1638 = ORIENTED_EDGE ( 'NONE', *, *, #1779, .T. ) ;
#1639 = ADVANCED_FACE ( 'NONE', ( #1363 ), #287, .F. ) ;
#1640 = ORIENTED_EDGE ( 'NONE', *, *, #520, .F. ) ;
#1641 = CARTESIAN_POINT ( 'NONE',  ( 8.807592019046915681E-18, 0.000000000000000000, -0.1096681922196785508 ) ) ;
#1642 = CARTESIAN_POINT ( 'NONE',  ( -6.525261352196886300, 5.295935106301723927, 9.264708322751792124 ) ) ;
#1643 = CARTESIAN_POINT ( 'NONE',  ( 0.5560640732265457187, 5.529999999999998472, 1.915331807780319195 ) ) ;
#1644 = LINE ( 'NONE', #1723, #1566 ) ;
#1645 = CARTESIAN_POINT ( 'NONE',  ( 8.498102188975751758, 6.000000000000000888, -3.238447694684690070 ) ) ;
#1646 = CARTESIAN_POINT ( 'NONE',  ( -4.597715429238468765, 6.000000000000000888, -6.026706307968886733 ) ) ;
#1647 = CARTESIAN_POINT ( 'NONE',  ( 5.709843575691555984, 5.000000000000000000, 9.018270292352248418 ) ) ;
#1648 = ORIENTED_EDGE ( 'NONE', *, *, #1807, .F. ) ;
#1649 = ORIENTED_EDGE ( 'NONE', *, *, #1907, .T. ) ;
#1650 = CARTESIAN_POINT ( 'NONE',  ( 0.5560640732265457187, 6.000000000000002665, -5.177777780580792744 ) ) ;
#1651 = CARTESIAN_POINT ( 'NONE',  ( -6.918738032487790512, 5.292956396769444183, 8.844302880106273079 ) ) ;
#1652 = EDGE_CURVE ( 'NONE', #406, #1576, #670, .T. ) ;
#1653 = CARTESIAN_POINT ( 'NONE',  ( 8.032493515096625458, 5.292912687945062977, -5.011617230565678760 ) ) ;
#1654 = CARTESIAN_POINT ( 'NONE',  ( -7.223722446986112544, 5.273034532219690540, -4.526213597303555325 ) ) ;
#1655 = DIRECTION ( 'NONE',  ( -0.000000000000000000, 1.000000000000000000, -0.000000000000000000 ) ) ;
#1656 = ORIENTED_EDGE ( 'NONE', *, *, #73, .F. ) ;
#1657 = AXIS2_PLACEMENT_3D ( 'NONE', #361, #1854, #980 ) ;
#1658 = PLANE ( 'NONE',  #739 ) ;
#1659 = AXIS2_PLACEMENT_3D ( 'NONE', #5, #942, #1707 ) ;
#1660 = VECTOR ( 'NONE', #458, 1000.000000000000000 ) ;
#1661 = AXIS2_PLACEMENT_3D ( 'NONE', #1870, #513, #1791 ) ;
#1662 = ORIENTED_EDGE ( 'NONE', *, *, #1097, .T. ) ;
#1663 = EDGE_CURVE ( 'NONE', #1871, #827, #1547, .T. ) ;
#1664 = CARTESIAN_POINT ( 'NONE',  ( 7.467694530375221795, 5.999999999999973355, -4.106902569640350720 ) ) ;
#1665 = UNCERTAINTY_MEASURE_WITH_UNIT (LENGTH_MEASURE( 1.000000000000000082E-05 ), #1924, 'distance_accuracy_value', 'NONE');
#1666 = CARTESIAN_POINT ( 'NONE',  ( -5.504243305987547075, 0.000000000000000000, -5.084668192219678140 ) ) ;
#1667 = VERTEX_POINT ( 'NONE', #629 ) ;
#1668 = CARTESIAN_POINT ( 'NONE',  ( -5.467012765135191188, 6.000000000000018652, 8.826522605849326908 ) ) ;
#1669 = CARTESIAN_POINT ( 'NONE',  ( -6.640841681966900513E-17, 0.000000000000000000, 1.240331807780321371 ) ) ;
#1670 = CARTESIAN_POINT ( 'NONE',  ( 8.850756150392683708, 4.000000000000000000, 10.21002388494645885 ) ) ;
#1671 = CARTESIAN_POINT ( 'NONE',  ( -7.702571594552003020, 0.000000000000000000, 10.91533180778032097 ) ) ;
#1672 = ORIENTED_EDGE ( 'NONE', *, *, #1565, .F. ) ;
#1673 = CARTESIAN_POINT ( 'NONE',  ( -4.287847451498933538, 3.000000000000000000, 6.759243332505798563 ) ) ;
#1674 = CARTESIAN_POINT ( 'NONE',  ( -0.1189359267734539372, 4.000000000000000000, 1.240331807780321371 ) ) ;
#1675 = EDGE_LOOP ( 'NONE', ( #465, #507, #247, #696 ) ) ;
#1676 = CARTESIAN_POINT ( 'NONE',  ( 8.643810310810680519, 5.173648177666924752, 7.069111310245332902 ) ) ;
#1677 = CARTESIAN_POINT ( 'NONE',  ( 5.307764047821498465, 7.337939781930958638, 9.621455041411898890 ) ) ;
#1678 = CARTESIAN_POINT ( 'NONE',  ( -5.227540072284840633, 3.342020143325669324, -2.928579716945156619 ) ) ;
#1679 =( BOUNDED_SURFACE ( )  B_SPLINE_SURFACE ( 3, 3, ( 
 ( #1146, #1916, #845, #1643 ),
 ( #564, #1177, #1790, #539 ),
 ( #1903, #549, #578, #1763 ),
 ( #1754, #422, #1002, #1925 ) ),
 .UNSPECIFIED., .F., .F., .F. ) 
 B_SPLINE_SURFACE_WITH_KNOTS ( ( 4, 4 ),
 ( 4, 4 ),
 ( 0.000000000000000000, 1.000000000000000000 ),
 ( 0.000000000000000000, 1.000000000000000000 ),
 .UNSPECIFIED. ) 
 GEOMETRIC_REPRESENTATION_ITEM ( )  RATIONAL_B_SPLINE_SURFACE ( (
 ( 1.000000000000000000, 0.3333333333333334259, 0.3333333333333334259, 1.000000000000000000),
 ( 0.9661666523663392514, 0.3220555507887798430, 0.3220555507887798430, 0.9661666523663392514),
 ( 0.9661666523663392514, 0.3220555507887798430, 0.3220555507887798430, 0.9661666523663392514),
 ( 1.000000000000000000, 0.3333333333333334259, 0.3333333333333334259, 1.000000000000000000) ) ) 
 REPRESENTATION_ITEM ( '' )  SURFACE ( )  );
#1680 = DIRECTION ( 'NONE',  ( 0.000000000000000000, -1.000000000000000000, 0.000000000000000000 ) ) ;
#1681 = VERTEX_POINT ( 'NONE', #1569 ) ;
#1682 = DIRECTION ( 'NONE',  ( 1.000000000000000000, 0.000000000000000000, 0.000000000000000000 ) ) ;
#1683 = EDGE_CURVE ( 'NONE', #1511, #793, #1419, .T. ) ;
#1684 = CARTESIAN_POINT ( 'NONE',  ( 9.556064073226542277, 0.000000000000000000, -6.343303859998225214 ) ) ;
#1685 = ORIENTED_EDGE ( 'NONE', *, *, #1758, .F. ) ;
#1686 = CIRCLE ( 'NONE', #829, 1.000000000000000000 ) ;
#1687 = CARTESIAN_POINT ( 'NONE',  ( -7.525438874588989080, 5.209055633426222798, -3.620561036886658979 ) ) ;
#1688 = AXIS2_PLACEMENT_3D ( 'NONE', #1611, #229, #855 ) ;
#1689 = CARTESIAN_POINT ( 'NONE',  ( 7.659002557798471500, 6.000000000000000000, 7.069111310245332014 ) ) ;
#1690 = CIRCLE ( 'NONE', #1563, 1.000000000000000000 ) ;
#1691 = CARTESIAN_POINT ( 'NONE',  ( -6.546874411345385170, 6.000000000000000000, -3.238447694684688294 ) ) ;
#1692 = CARTESIAN_POINT ( 'NONE',  ( -0.1189359267734537984, 4.000000000000000000, -0.1096681922196785647 ) ) ;
#1693 = ORIENTED_EDGE ( 'NONE', *, *, #1694, .F. ) ;
#1694 = EDGE_CURVE ( 'NONE', #159, #1853, #317, .T. ) ;
#1695 = EDGE_CURVE ( 'NONE', #969, #338, #1690, .T. ) ;
#1696 = CARTESIAN_POINT ( 'NONE',  ( 8.262187306858121971, 7.337939781930959526, -2.836368166814632996 ) ) ;
#1697 = LINE ( 'NONE', #1714, #176 ) ;
#1698 = CARTESIAN_POINT ( 'NONE',  ( -8.365511036116648924, -1.105386050788455118E-14, 10.56334159115840521 ) ) ;
#1699 = ORIENTED_EDGE ( 'NONE', *, *, #1282, .T. ) ;
#1700 = DIRECTION ( 'NONE',  ( 1.734723475976807094E-15, 0.000000000000000000, -1.000000000000000000 ) ) ;
#1701 = VERTEX_POINT ( 'NONE', #1096 ) ;
#1702 = CARTESIAN_POINT ( 'NONE',  ( 0.000000000000000000, 0.000000000000000000, 2.590331807780321238 ) ) ;
#1703 = ORIENTED_EDGE ( 'NONE', *, *, #217, .T. ) ;
#1704 = EDGE_CURVE ( 'NONE', #947, #1339, #1708, .T. ) ;
#1705 = CARTESIAN_POINT ( 'NONE',  ( 9.779567157877846029, -1.267548980611423737, -7.308171276870983668 ) ) ;
#1706 = EDGE_LOOP ( 'NONE', ( #1162, #1304, #446, #870 ) ) ;
#1707 = DIRECTION ( 'NONE',  ( 0.000000000000000000, 0.3420201433256692680, -0.9396926207859082059 ) ) ;
#1708 = LINE ( 'NONE', #928, #1722 ) ;
#1709 = DIRECTION ( 'NONE',  ( 9.637352644315595243E-17, -0.000000000000000000, 1.000000000000000000 ) ) ;
#1710 = CARTESIAN_POINT ( 'NONE',  ( 5.709843575691555984, 5.173648177666923864, 10.00307804536445744 ) ) ;
#1711 = ORIENTED_EDGE ( 'NONE', *, *, #1772, .T. ) ;
#1712 = ORIENTED_EDGE ( 'NONE', *, *, #1184, .F. ) ;
#1713 = CARTESIAN_POINT ( 'NONE',  ( 8.175708208817118461, 7.828387118427829527, -5.704312327810255212 ) ) ;
#1714 = CARTESIAN_POINT ( 'NONE',  ( 1.231064073226546318, 4.000000000000000000, 1.318244289047975903E-16 ) ) ;
#1715 = ORIENTED_EDGE ( 'NONE', *, *, #262, .T. ) ;
#1716 = AXIS2_PLACEMENT_3D ( 'NONE', #48, #37, #676 ) ;
#1717 = FACE_OUTER_BOUND ( 'NONE', #1248, .T. ) ;
#1718 = AXIS2_PLACEMENT_3D ( 'NONE', #866, #35, #778 ) ;
#1719 = ADVANCED_FACE ( 'NONE', ( #1377 ), #1064, .F. ) ;
#1720 = CARTESIAN_POINT ( 'NONE',  ( 7.634565393635639907, 5.295908461611899654, 9.267290674176487997 ) ) ;
#1721 = CARTESIAN_POINT ( 'NONE',  ( -6.546874411345383393, 6.000000000000000000, -3.238447694684688738 ) ) ;
#1722 = VECTOR ( 'NONE', #1076, 1000.000000000000114 ) ;
#1723 = CARTESIAN_POINT ( 'NONE',  ( -7.531682164357592413, 5.173648177666930970, -3.072283048932261451 ) ) ;
#1724 = AXIS2_PLACEMENT_3D ( 'NONE', #364, #1287, #716 ) ;
#1725 = ORIENTED_EDGE ( 'NONE', *, *, #1496, .T. ) ;
#1726 = CARTESIAN_POINT ( 'NONE',  ( -4.853834812433808210, 6.000000000000005329, -5.175689047084299332 ) ) ;
#1727 = LINE ( 'NONE', #842, #1942 ) ;
#1728 = ORIENTED_EDGE ( 'NONE', *, *, #495, .F. ) ;
#1729 = FACE_OUTER_BOUND ( 'NONE', #1846, .T. ) ;
#1730 = CARTESIAN_POINT ( 'NONE',  ( 6.411699201059608555, 5.999999999999945821, 9.720460421448567701 ) ) ;
#1731 = CARTESIAN_POINT ( 'NONE',  ( -4.597715429238469653, 5.000000000000000000, -5.187606676791606475 ) ) ;
#1732 = CARTESIAN_POINT ( 'NONE',  ( 9.010828140408609244, -2.439454888092388921E-16, 10.91533180778031742 ) ) ;
#1733 = ORIENTED_EDGE ( 'NONE', *, *, #789, .T. ) ;
#1734 = LINE ( 'NONE', #1893, #436 ) ;
#1735 = DIRECTION ( 'NONE',  ( 1.734723475976807094E-15, -1.000000000000000000, 0.000000000000000000 ) ) ;
#1736 = CARTESIAN_POINT ( 'NONE',  ( -4.287847451498931761, 4.000000000000000000, -2.928579716945156619 ) ) ;
#1737 = CARTESIAN_POINT ( 'NONE',  ( 7.266004495640563832, 6.000000000000000888, 8.267154376709690666 ) ) ;
#1738 = CARTESIAN_POINT ( 'NONE',  ( 9.477639182569525644, -9.633664297021447837E-15, -6.732677975598081233 ) ) ;
#1739 = CARTESIAN_POINT ( 'NONE',  ( -8.443935926772603295, 4.833827294600107880E-12, -6.441350268865557283 ) ) ;
#1740 = ORIENTED_EDGE ( 'NONE', *, *, #26, .T. ) ;
#1741 = CARTESIAN_POINT ( 'NONE',  ( -4.597715429238467877, 6.000000000000000000, -5.187606676791606475 ) ) ;
#1742 = EDGE_CURVE ( 'NONE', #1890, #630, #139, .T. ) ;
#1743 = EDGE_CURVE ( 'NONE', #997, #1548, #466, .T. ) ;
#1744 = CARTESIAN_POINT ( 'NONE',  ( -7.825107101980595559, 3.509552663503130887, 7.342079723950836190 ) ) ;
#1745 = DIRECTION ( 'NONE',  ( 0.000000000000000000, 0.000000000000000000, 1.000000000000000000 ) ) ;
#1746 = CARTESIAN_POINT ( 'NONE',  ( 7.556064073226547606, 0.000000000000000000, -4.144975571433766603 ) ) ;
#1747 = CIRCLE ( 'NONE', #1904, 3.000000000000000444 ) ;
#1748 =( GEOMETRIC_REPRESENTATION_CONTEXT ( 3 ) GLOBAL_UNCERTAINTY_ASSIGNED_CONTEXT ( ( #1665 ) ) GLOBAL_UNIT_ASSIGNED_CONTEXT ( ( #1924, #279, #555 ) ) REPRESENTATION_CONTEXT ( 'NONE', 'WORKASPACE' ) );
#1749 = FACE_OUTER_BOUND ( 'NONE', #1593, .T. ) ;
#1750 = ORIENTED_EDGE ( 'NONE', *, *, #1283, .T. ) ;
#1751 = CARTESIAN_POINT ( 'NONE',  ( -6.073309516924616958, 5.999999999999985789, -4.535088783676836321 ) ) ;
#1752 = VECTOR ( 'NONE', #1979, 1000.000000000000000 ) ;
#1753 = LINE ( 'NONE', #1473, #1044 ) ;
#1754 = CARTESIAN_POINT ( 'NONE',  ( 0.5560640732265450525, 5.876235673783145153, -3.458758810132639194 ) ) ;
#1755 = CARTESIAN_POINT ( 'NONE',  ( -6.631167942869978127, 5.999999999999879208, 8.850109218087300889 ) ) ;
#1756 = PLANE ( 'NONE',  #1688 ) ;
#1757 = CARTESIAN_POINT ( 'NONE',  ( 5.709843575691553319, 6.000000000000000000, -5.187606676791606475 ) ) ;
#1758 = EDGE_CURVE ( 'NONE', #1853, #1701, #160, .T. ) ;
#1759 = ORIENTED_EDGE ( 'NONE', *, *, #905, .F. ) ;
#1760 = ORIENTED_EDGE ( 'NONE', *, *, #1863, .F. ) ;
#1761 = CARTESIAN_POINT ( 'NONE',  ( -4.195635901368410359, 7.337939781930958638, 9.621455041411898890 ) ) ;
#1762 = CARTESIAN_POINT ( 'NONE',  ( 5.399975597952025197, 3.000000000000000000, -2.928579716945156619 ) ) ;
#1763 = CARTESIAN_POINT ( 'NONE',  ( 0.5560640732265464958, 5.649453399657685893, 5.722645222851669544 ) ) ;
#1764 = DIRECTION ( 'NONE',  ( 1.000000000000000000, 0.000000000000000000, -4.336808689942017736E-16 ) ) ;
#1765 = EDGE_CURVE ( 'NONE', #1093, #1890, #1858, .T. ) ;
#1766 = CARTESIAN_POINT ( 'NONE',  ( 7.356865807125281265, 6.000000000000166089, -5.384206710298348852 ) ) ;
#1767 = EDGE_CURVE ( 'NONE', #1209, #1701, #625, .T. ) ;
#1768 = DIRECTION ( 'NONE',  ( -1.000000000000000000, 0.000000000000000000, 0.000000000000000000 ) ) ;
#1769 = CARTESIAN_POINT ( 'NONE',  ( -6.546874411345382505, 6.000000000000000000, 7.069111310245332902 ) ) ;
#1770 = ORIENTED_EDGE ( 'NONE', *, *, #1130, .T. ) ;
#1771 = ORIENTED_EDGE ( 'NONE', *, *, #585, .T. ) ;
#1772 = EDGE_CURVE ( 'NONE', #1614, #1773, #939, .T. ) ;
#1773 = VERTEX_POINT ( 'NONE', #809 ) ;
#1774 = B_SPLINE_CURVE_WITH_KNOTS ( 'NONE', 3,
 ( #476, #907, #157, #610, #1539, #1664, #781, #283, #923, #914, #770, #1827, #1382, #7 ),
 .UNSPECIFIED., .F., .F.,
 ( 4, 2, 2, 2, 2, 2, 4 ),
 ( 0.000000000000000000, 0.0003822704006468949302, 0.0007645408012937898604, 0.001146811201940685929, 0.001529081602587582106, 0.002293622403881376195, 0.003058163205175170284 ),
 .UNSPECIFIED. ) ;
#1775 = CARTESIAN_POINT ( 'NONE',  ( -7.950452971175852035, -1.390160814735640127, 11.16045466694187560 ) ) ;
#1776 = CARTESIAN_POINT ( 'NONE',  ( -7.370839240858726882, 5.999999999999555911, 7.248908999116935981 ) ) ;
#1777 = CARTESIAN_POINT ( 'NONE',  ( 8.643810310810678743, 5.173648177666925640, -3.238447694684691403 ) ) ;
#1778 = DIRECTION ( 'NONE',  ( -0.1736481776669307198, 0.9848077530122080203, 0.000000000000000000 ) ) ;
#1779 = EDGE_CURVE ( 'NONE', #1552, #2, #1943, .T. ) ;
#1780 = EDGE_CURVE ( 'NONE', #1047, #1327, #1234, .T. ) ;
#1781 = CYLINDRICAL_SURFACE ( 'NONE', #1176, 1.000000000000000444 ) ;
#1782 = CARTESIAN_POINT ( 'NONE',  ( 7.167805846139241766, 5.281588679674618980, -5.772770858816633321 ) ) ;
#1783 = CIRCLE ( 'NONE', #1838, 1.000000000000000000 ) ;
#1784 = ORIENTED_EDGE ( 'NONE', *, *, #1809, .T. ) ;
#1785 = ORIENTED_EDGE ( 'NONE', *, *, #1913, .F. ) ;
#1786 = AXIS2_PLACEMENT_3D ( 'NONE', #1429, #187, #1568 ) ;
#1787 = VECTOR ( 'NONE', #1540, 1000.000000000000000 ) ;
#1788 = DIRECTION ( 'NONE',  ( -1.000000000000000000, 0.000000000000000000, -0.000000000000000000 ) ) ;
#1789 = CARTESIAN_POINT ( 'NONE',  ( -6.378234922896825587, 5.293102753753784917, 9.386136618581861768 ) ) ;
#1790 = CARTESIAN_POINT ( 'NONE',  ( 4.462503428844213360, 5.529999999999997584, 3.868551485589154293 ) ) ;
#1791 = DIRECTION ( 'NONE',  ( 0.000000000000000000, 0.000000000000000000, -1.000000000000000000 ) ) ;
#1792 = EDGE_CURVE ( 'NONE', #1077, #1256, #774, .T. ) ;
#1793 = CARTESIAN_POINT ( 'NONE',  ( -6.451013990204446102, 5.999999999999971578, 7.700403376816082002 ) ) ;
#1794 = ORIENTED_EDGE ( 'NONE', *, *, #174, .T. ) ;
#1795 = ORIENTED_EDGE ( 'NONE', *, *, #1758, .T. ) ;
#1796 = CARTESIAN_POINT ( 'NONE',  ( -7.702571594552003020, 0.000000000000000000, 10.91533180778032097 ) ) ;
#1797 = CARTESIAN_POINT ( 'NONE',  ( -6.546874411345383393, 5.000000000000000000, 6.309453742018153227E-16 ) ) ;
#1798 = CARTESIAN_POINT ( 'NONE',  ( -5.889925513910575283, 5.273273665328775728, 9.692883089454596757 ) ) ;
#1799 = CARTESIAN_POINT ( 'NONE',  ( 0.5560640732265458297, 5.649453399657687669, 5.722645222851674873 ) ) ;
#1800 = CARTESIAN_POINT ( 'NONE',  ( 7.743296089323122189, 6.000000000000039968, -5.019445602526205086 ) ) ;
#1801 = B_SPLINE_CURVE_WITH_KNOTS ( 'NONE', 3,
 ( #1175, #548, #421, #1798, #1609, #1789, #1642, #1036, #1651, #261, #1485, #228, #862, #1154, #577, #1188 ),
 .UNSPECIFIED., .F., .F.,
 ( 4, 2, 2, 2, 2, 2, 2, 4 ),
 ( -5.999999999061083294E-08, 0.001151343255069671749, 0.001727044882604501699, 0.002302746510139331865, 0.002878448137674161598, 0.003454149765208991765, 0.004029851392743821932, 0.004605553020278648629 ),
 .UNSPECIFIED. ) ;
#1802 = CARTESIAN_POINT ( 'NONE',  ( 5.399975597952025197, 4.000000000000000000, -2.928579716945156619 ) ) ;
#1803 = DIRECTION ( 'NONE',  ( -0.000000000000000000, 0.000000000000000000, 1.000000000000000000 ) ) ;
#1804 = EDGE_LOOP ( 'NONE', ( #1118, #1520, #1033, #323 ) ) ;
#1805 = CARTESIAN_POINT ( 'NONE',  ( -5.581185951686938651, 6.000000000000000000, 8.766893893002279725 ) ) ;
#1806 = CARTESIAN_POINT ( 'NONE',  ( -5.227540072284841521, 3.342020143325669324, 6.759243332505797675 ) ) ;
#1807 = EDGE_CURVE ( 'NONE', #1871, #437, #604, .T. ) ;
#1808 = CARTESIAN_POINT ( 'NONE',  ( -6.546874411345382505, 6.000000000000000000, 7.069111310245332902 ) ) ;
#1809 = EDGE_CURVE ( 'NONE', #1276, #1209, #614, .T. ) ;
#1810 = CARTESIAN_POINT ( 'NONE',  ( 0.000000000000000000, 4.000000000000000000, 0.000000000000000000 ) ) ;
#1811 = CARTESIAN_POINT ( 'NONE',  ( 5.709843575691555095, 6.000000000000000000, 9.018270292352248418 ) ) ;
#1812 = DIRECTION ( 'NONE',  ( 1.000000000000000000, 0.000000000000000000, -1.224646799147353207E-16 ) ) ;
#1813 = EDGE_LOOP ( 'NONE', ( #1909, #365, #13, #407 ) ) ;
#1814 = CIRCLE ( 'NONE', #894, 12.00000000000000000 ) ;
#1815 = VECTOR ( 'NONE', #1050, 1000.000000000000000 ) ;
#1816 = DIRECTION ( 'NONE',  ( -1.000000000000000000, 0.000000000000000000, 0.000000000000000000 ) ) ;
#1817 = ORIENTED_EDGE ( 'NONE', *, *, #1296, .F. ) ;
#1818 = CARTESIAN_POINT ( 'NONE',  ( -4.597715429238469653, 6.000000000000000000, -5.187606676791608251 ) ) ;
#1819 = FACE_OUTER_BOUND ( 'NONE', #1089, .T. ) ;
#1820 = SPHERICAL_SURFACE ( 'NONE', #1877, 1.000000000000000000 ) ;
#1821 = EDGE_CURVE ( 'NONE', #630, #998, #784, .T. ) ;
#1822 = ORIENTED_EDGE ( 'NONE', *, *, #496, .F. ) ;
#1823 = CARTESIAN_POINT ( 'NONE',  ( -1.468935926773454081, 0.000000000000000000, 1.240331807780321371 ) ) ;
#1824 = DIRECTION ( 'NONE',  ( -0.3420201433256694346, -0.9396926207859080948, 0.000000000000000000 ) ) ;
#1825 = CARTESIAN_POINT ( 'NONE',  ( 9.630565101443645304, -0.4225163268704744679, 10.98983283599741867 ) ) ;
#1826 = DIRECTION ( 'NONE',  ( 0.000000000000000000, -1.000000000000000000, 0.000000000000000000 ) ) ;
#1827 = CARTESIAN_POINT ( 'NONE',  ( 6.224812233080692536, 6.000000000000021316, -5.138760855029369523 ) ) ;
#1828 = EDGE_CURVE ( 'NONE', #1034, #1625, #543, .T. ) ;
#1829 = DIRECTION ( 'NONE',  ( -0.000000000000000000, 0.000000000000000000, -1.000000000000000000 ) ) ;
#1830 = DIRECTION ( 'NONE',  ( 1.000000000000000000, -8.673617379884035472E-16, -3.156938549691801948E-16 ) ) ;
#1831 = ORIENTED_EDGE ( 'NONE', *, *, #68, .T. ) ;
#1832 = CARTESIAN_POINT ( 'NONE',  ( -0.1189359267734538123, 4.000000000000000000, -7.561917326212202810E-18 ) ) ;
#1833 = ORIENTED_EDGE ( 'NONE', *, *, #231, .F. ) ;
#1834 = CARTESIAN_POINT ( 'NONE',  ( 5.838843484725406263, 5.999999999999997335, 9.018270292352248418 ) ) ;
#1835 = CARTESIAN_POINT ( 'NONE',  ( -6.443935926773454170, 0.000000000000000000, -4.144975571433766603 ) ) ;
#1836 = ORIENTED_EDGE ( 'NONE', *, *, #1695, .F. ) ;
#1837 = CARTESIAN_POINT ( 'NONE',  ( -6.443935926773454170, 3.342020143325668879, -3.868272337731064159 ) ) ;
#1838 = AXIS2_PLACEMENT_3D ( 'NONE', #1731, #1589, #213 ) ;
#1839 = DIRECTION ( 'NONE',  ( 1.000000000000000000, 0.000000000000000000, 0.000000000000000000 ) ) ;
#1840 = AXIS2_PLACEMENT_3D ( 'NONE', #1161, #1317, #1623 ) ;
#1841 = ORIENTED_EDGE ( 'NONE', *, *, #1926, .F. ) ;
#1842 = CARTESIAN_POINT ( 'NONE',  ( 7.659002557798471500, 6.000000000000000000, -3.238447694684690514 ) ) ;
#1843 = AXIS2_PLACEMENT_3D ( 'NONE', #920, #108, #1297 ) ;
#1844 = CARTESIAN_POINT ( 'NONE',  ( 6.458704999498020349, 5.237727096164431551, 9.901526912828440885 ) ) ;
#1845 = CARTESIAN_POINT ( 'NONE',  ( -6.640841681966900513E-17, 4.000000000000000000, 1.240331807780321371 ) ) ;
#1846 = EDGE_LOOP ( 'NONE', ( #1662, #1163, #1898, #927 ) ) ;
#1847 = DIRECTION ( 'NONE',  ( 0.3236155771181853380, 0.8891264907159879272, -0.3236155771181852825 ) ) ;
#1848 = ORIENTED_EDGE ( 'NONE', *, *, #622, .F. ) ;
#1849 = CARTESIAN_POINT ( 'NONE',  ( 8.643810310810678743, 5.173648177666928305, 7.069111310245332902 ) ) ;
#1850 = ORIENTED_EDGE ( 'NONE', *, *, #1072, .T. ) ;
#1851 = ADVANCED_FACE ( 'NONE', ( #557 ), #667, .F. ) ;
#1852 = DIRECTION ( 'NONE',  ( 0.000000000000000000, 0.3420201433256694901, -0.9396926207859082059 ) ) ;
#1853 = VERTEX_POINT ( 'NONE', #346 ) ;
#1854 = DIRECTION ( 'NONE',  ( 1.000000000000000000, 0.000000000000000000, 0.000000000000000000 ) ) ;
#1855 = CARTESIAN_POINT ( 'NONE',  ( 6.216448690981218661, 6.000000000000000888, 8.958730649485096009 ) ) ;
#1856 = CARTESIAN_POINT ( 'NONE',  ( 6.247150984012416863, 3.363996538402180381, -6.491504839489492085 ) ) ;
#1857 = ORIENTED_EDGE ( 'NONE', *, *, #85, .T. ) ;
#1858 = LINE ( 'NONE', #1521, #1347 ) ;
#1859 = ORIENTED_EDGE ( 'NONE', *, *, #428, .F. ) ;
#1860 = CARTESIAN_POINT ( 'NONE',  ( 8.913579061194734976, -0.5451281609946917461, -7.180788994947028492 ) ) ;
#1861 = CARTESIAN_POINT ( 'NONE',  ( -4.788772100340629834, 5.191351905534262734, -6.169292784921684536 ) ) ;
#1862 = CARTESIAN_POINT ( 'NONE',  ( -8.443935926773454170, 0.000000000000000000, 10.17396747555830139 ) ) ;
#1863 = EDGE_CURVE ( 'NONE', #1047, #488, #1011, .T. ) ;
#1864 = LINE ( 'NONE', #493, #140 ) ;
#1865 = CARTESIAN_POINT ( 'NONE',  ( -4.287847451498932649, 2.999999999999999556, 6.759243332505797675 ) ) ;
#1866 = CARTESIAN_POINT ( 'NONE',  ( 7.060162408394743849, 6.000000000000219380, 9.421606377750023853 ) ) ;
#1867 = CARTESIAN_POINT ( 'NONE',  ( -8.443935926773457723, 2.168404344971008868E-16, -7.084668192219677252 ) ) ;
#1868 = ADVANCED_FACE ( 'NONE', ( #565 ), #658, .T. ) ;
#1869 = ORIENTED_EDGE ( 'NONE', *, *, #495, .T. ) ;
#1870 = CARTESIAN_POINT ( 'NONE',  ( 0.5560640732265457187, 5.876235673783147817, 1.915331807780320972 ) ) ;
#1871 = VERTEX_POINT ( 'NONE', #678 ) ;
#1872 = CYLINDRICAL_SURFACE ( 'NONE', #1843, 1.000000000000000000 ) ;
#1873 = CARTESIAN_POINT ( 'NONE',  ( -4.979211644536680303, 5.208143824390381482, -6.147872294758197853 ) ) ;
#1874 = CARTESIAN_POINT ( 'NONE',  ( 0.000000000000000000, 6.000000000000000000, 0.000000000000000000 ) ) ;
#1875 = CIRCLE ( 'NONE', #402, 1.000000000000000000 ) ;
#1876 = LINE ( 'NONE', #951, #1138 ) ;
#1877 = AXIS2_PLACEMENT_3D ( 'NONE', #1442, #837, #1476 ) ;
#1878 = CARTESIAN_POINT ( 'NONE',  ( -4.303100561421288717, 6.728477409121683017, -5.898256085904134416 ) ) ;
#1879 = VECTOR ( 'NONE', #593, 1000.000000000000000 ) ;
#1880 = CARTESIAN_POINT ( 'NONE',  ( 0.5560640732265454966, 5.529999999999997584, -0.03788787002851549263 ) ) ;
#1881 = VERTEX_POINT ( 'NONE', #1129 ) ;
#1882 = CARTESIAN_POINT ( 'NONE',  ( -5.229007495310336928, 5.999999999999973355, -5.091746254720776577 ) ) ;
#1883 = CARTESIAN_POINT ( 'NONE',  ( -0.000000000000000000, 4.000000000000000000, 2.590331807780321238 ) ) ;
#1884 = CARTESIAN_POINT ( 'NONE',  ( 5.709843575691555984, 5.173648177666924752, -6.172414429803815494 ) ) ;
#1885 = ORIENTED_EDGE ( 'NONE', *, *, #334, .F. ) ;
#1886 = CARTESIAN_POINT ( 'NONE',  ( 8.814699741005094680, 0.000000000000000000, 10.91533180778032097 ) ) ;
#1887 = CARTESIAN_POINT ( 'NONE',  ( 7.467254871295276430, 6.000000000000020428, 7.938408646142333325 ) ) ;
#1888 = DIRECTION ( 'NONE',  ( 9.637352644315595243E-17, 0.000000000000000000, 1.000000000000000000 ) ) ;
#1889 = DIRECTION ( 'NONE',  ( -9.637352644315595243E-17, -4.681472543410456880E-35, -1.000000000000000000 ) ) ;
#1890 = VERTEX_POINT ( 'NONE', #1274 ) ;
#1891 = CARTESIAN_POINT ( 'NONE',  ( -6.794117723610288984, 5.295935470917986443, -5.165191646016341842 ) ) ;
#1892 = CARTESIAN_POINT ( 'NONE',  ( -8.540056729500804522, -0.5451281609946915241, 10.27284679574851545 ) ) ;
#1893 = CARTESIAN_POINT ( 'NONE',  ( -0.1189359267734538123, 4.000000000000000000, -7.561917326212202810E-18 ) ) ;
#1894 = ORIENTED_EDGE ( 'NONE', *, *, #1246, .F. ) ;
#1895 = DIRECTION ( 'NONE',  ( -6.313877099383605868E-16, -1.734723475976806503E-15, 1.000000000000000000 ) ) ;
#1896 = CARTESIAN_POINT ( 'NONE',  ( 9.009090042240451623, -4.672359527837223586E-15, -7.066143007519947616 ) ) ;
#1897 = EDGE_CURVE ( 'NONE', #906, #219, #1644, .T. ) ;
#1898 = ORIENTED_EDGE ( 'NONE', *, *, #262, .F. ) ;
#1899 = CARTESIAN_POINT ( 'NONE',  ( -4.975736721897937365, 5.207842124775472925, -6.148318809884312230 ) ) ;
#1900 = CARTESIAN_POINT ( 'NONE',  ( -7.171044722416910489, 7.218924745618553018, 9.642440603423775514 ) ) ;
#1901 = CARTESIAN_POINT ( 'NONE',  ( 6.616371452440637846, 0.000000000000000000, 8.915331807780320972 ) ) ;
#1902 = CARTESIAN_POINT ( 'NONE',  ( -7.528574603557251166, 5.191272030737247078, 7.259308533682455433 ) ) ;
#1903 = CARTESIAN_POINT ( 'NONE',  ( 0.5560640732265452746, 5.649453399657685893, -1.891981607291028267 ) ) ;
#1904 = AXIS2_PLACEMENT_3D ( 'NONE', #1508, #1200, #128 ) ;
#1905 = CARTESIAN_POINT ( 'NONE',  ( 6.064942923072156766, 6.000000000000328626, -5.996815169714992955 ) ) ;
#1906 = VECTOR ( 'NONE', #1053, 1000.000000000000000 ) ;
#1907 = EDGE_CURVE ( 'NONE', #793, #1303, #1213, .T. ) ;
#1908 = VECTOR ( 'NONE', #591, 1000.000000000000000 ) ;
#1909 = ORIENTED_EDGE ( 'NONE', *, *, #1159, .F. ) ;
#1910 = VERTEX_POINT ( 'NONE', #97 ) ;
#1911 = CARTESIAN_POINT ( 'NONE',  ( -5.299571054606636800, 6.000000000000225597, -5.889796805887702824 ) ) ;
#1912 = CARTESIAN_POINT ( 'NONE',  ( 8.640688665927862999, 5.191351905538144074, -3.429504365786481213 ) ) ;
#1913 = EDGE_CURVE ( 'NONE', #1615, #544, #839, .T. ) ;
#1914 = FILL_AREA_STYLE ('',( #420 ) ) ;
#1915 = CARTESIAN_POINT ( 'NONE',  ( -7.038179170562965936, 6.000000000000139444, 8.265649702099929996 ) ) ;
#1916 = CARTESIAN_POINT ( 'NONE',  ( 0.5560640732265418329, 5.529999999999998472, 1.915331807780322970 ) ) ;
#1917 = EDGE_CURVE ( 'NONE', #1681, #1625, #1550, .T. ) ;
#1918 = DIRECTION ( 'NONE',  ( 4.403710954424479671E-16, -0.000000000000000000, 1.000000000000000000 ) ) ;
#1919 = CARTESIAN_POINT ( 'NONE',  ( 7.654475301559083178, -0.2703826276644337168, -4.243386799766306616 ) ) ;
#1920 = LINE ( 'NONE', #551, #1208 ) ;
#1921 = VERTEX_POINT ( 'NONE', #400 ) ;
#1922 = EDGE_LOOP ( 'NONE', ( #691, #783, #360, #1567 ) ) ;
#1923 = CARTESIAN_POINT ( 'NONE',  ( -7.374295925107616334, 1.877388165875782944, 10.58429762087363812 ) ) ;
#1924 =( LENGTH_UNIT ( ) NAMED_UNIT ( * ) SI_UNIT ( .MILLI., .METRE. ) );
#1925 = CARTESIAN_POINT ( 'NONE',  ( 0.5560640732265470509, 5.876235673783145153, 7.289422425693281582 ) ) ;
#1926 = EDGE_CURVE ( 'NONE', #1008, #1209, #195, .T. ) ;
#1927 = CARTESIAN_POINT ( 'NONE',  ( -5.602654534320082647, -0.2703826276644337168, -5.183079420552213712 ) ) ;
#1928 = CARTESIAN_POINT ( 'NONE',  ( 8.482967387311422414, 6.000000000000167866, -3.418245383556147043 ) ) ;
#1929 = VERTEX_POINT ( 'NONE', #522 ) ;
#1930 = EDGE_LOOP ( 'NONE', ( #1703, #624, #1455, #1288 ) ) ;
#1931 = CARTESIAN_POINT ( 'NONE',  ( 8.839078032977637278, -0.1226118341242172644, 10.93695158229056830 ) ) ;
#1932 = LINE ( 'NONE', #132, #1629 ) ;
#1933 = FACE_OUTER_BOUND ( 'NONE', #1958, .T. ) ;
#1934 = CARTESIAN_POINT ( 'NONE',  ( -8.091945710151852822, -1.114854025527541527E-14, -7.006243301562747661 ) ) ;
#1935 = FACE_OUTER_BOUND ( 'NONE', #574, .T. ) ;
#1936 = CARTESIAN_POINT ( 'NONE',  ( 8.336526657118138672, 5.272971273488609611, -4.524957744939001714 ) ) ;
#1937 = CARTESIAN_POINT ( 'NONE',  ( 6.616371452440639622, 0.000000000000000000, -5.084668192219678140 ) ) ;
#1938 = FACE_OUTER_BOUND ( 'NONE', #1706, .T. ) ;
#1939 = AXIS2_PLACEMENT_3D ( 'NONE', #1362, #1368, #1959 ) ;
#1940 = ORIENTED_EDGE ( 'NONE', *, *, #1821, .T. ) ;
#1941 = VERTEX_POINT ( 'NONE', #819 ) ;
#1942 = VECTOR ( 'NONE', #935, 1000.000000000000000 ) ;
#1943 = CIRCLE ( 'NONE', #473, 7.093109588361113715 ) ;
#1944 = PLANE ( 'NONE',  #1529 ) ;
#1945 = FACE_OUTER_BOUND ( 'NONE', #6, .T. ) ;
#1946 = FACE_OUTER_BOUND ( 'NONE', #10, .T. ) ;
#1947 = DIRECTION ( 'NONE',  ( 0.000000000000000000, 0.000000000000000000, 1.000000000000000000 ) ) ;
#1948 = CARTESIAN_POINT ( 'NONE',  ( 8.246116707866216089, 5.281415090164804482, -4.692865066653579831 ) ) ;
#1949 = DIRECTION ( 'NONE',  ( 1.000000000000000000, 0.000000000000000000, 0.000000000000000000 ) ) ;
#1950 = ORIENTED_EDGE ( 'NONE', *, *, #1512, .F. ) ;
#1951 = EDGE_CURVE ( 'NONE', #1941, #840, #826, .T. ) ;
#1952 = LINE ( 'NONE', #409, #929 ) ;
#1953 = DIRECTION ( 'NONE',  ( -8.031127203596328136E-17, 0.000000000000000000, 1.000000000000000000 ) ) ;
#1954 = CARTESIAN_POINT ( 'NONE',  ( 6.463731327352215672, 5.238109988611220125, 9.900191366437322671 ) ) ;
#1955 = DIRECTION ( 'NONE',  ( 0.000000000000000000, -8.673617379884035472E-16, 1.000000000000000000 ) ) ;
#1956 = CARTESIAN_POINT ( 'NONE',  ( -8.443935926773455947, 0.000000000000000000, -7.084668192219678140 ) ) ;
#1957 = DIRECTION ( 'NONE',  ( 0.000000000000000000, 0.9848077530122080203, 0.1736481776669307198 ) ) ;
#1958 = EDGE_LOOP ( 'NONE', ( #756, #1841, #418, #1795 ) ) ;
#1959 = DIRECTION ( 'NONE',  ( -0.3420201433256694346, 0.9396926207859080948, 0.000000000000000000 ) ) ;
#1960 = CARTESIAN_POINT ( 'NONE',  ( 6.198594364494269371, 3.729617372335566117, 6.618169478262134753 ) ) ;
#1961 = B_SPLINE_CURVE_WITH_KNOTS ( 'NONE', 3,
 ( #1055, #1562, #1583, #1451, #203, #825, #1433, #354, #1121, #1286, #183, #63, #363, #1721 ),
 .UNSPECIFIED., .F., .F.,
 ( 4, 2, 2, 2, 2, 2, 4 ),
 ( 0.000000000000000000, 0.0003822704006468967733, 0.0007645408012937935467, 0.001146811201940690266, 0.001529081602587587093, 0.002293622403881380532, 0.003058163205175174187 ),
 .UNSPECIFIED. ) ;
#1962 = DIRECTION ( 'NONE',  ( 1.000000000000000000, 0.000000000000000000, 1.070816960479510377E-16 ) ) ;
#1963 = EDGE_LOOP ( 'NONE', ( #560, #1596, #1295, #1462 ) ) ;
#1964 = CARTESIAN_POINT ( 'NONE',  ( 7.275587097940665160, 5.999999999999986677, 8.275688205340514969 ) ) ;
#1965 = CARTESIAN_POINT ( 'NONE',  ( -7.037519372983353172, 6.000000000000019540, -4.436139982467929066 ) ) ;
#1966 = CARTESIAN_POINT ( 'NONE',  ( 5.709843575691553319, 6.000000000000000000, -5.187606676791606475 ) ) ;
#1967 = CARTESIAN_POINT ( 'NONE',  ( -5.135022837559323428, 3.363996538402218572, -6.491504839489484979 ) ) ;
#1968 = ORIENTED_EDGE ( 'NONE', *, *, #1863, .T. ) ;
#1969 = DIRECTION ( 'NONE',  ( -0.000000000000000000, -1.000000000000000000, -0.000000000000000000 ) ) ;
#1970 = CIRCLE ( 'NONE', #1434, 3.000000000000000444 ) ;
#1971 = CIRCLE ( 'NONE', #274, 3.000000000000000444 ) ;
#1972 = VECTOR ( 'NONE', #1037, 1000.000000000000000 ) ;
#1973 = CARTESIAN_POINT ( 'NONE',  ( 8.937235248433683665, 3.509552663503129999, 7.342079723950835302 ) ) ;
#1974 = CARTESIAN_POINT ( 'NONE',  ( 8.637567021046866245, 5.209055633399042762, 7.451224652449903729 ) ) ;
#1975 = EDGE_CURVE ( 'NONE', #377, #630, #1976, .T. ) ;
#1976 = CIRCLE ( 'NONE', #344, 1.000000000000000000 ) ;
#1977 = VERTEX_POINT ( 'NONE', #1178 ) ;
#1978 = CARTESIAN_POINT ( 'NONE',  ( 6.690936663119061656, 6.000000000000053291, 8.768163312147596145 ) ) ;
#1979 = DIRECTION ( 'NONE',  ( 1.000000000000000000, 0.000000000000000000, 0.000000000000000000 ) ) ;
#1980 = EDGE_LOOP ( 'NONE', ( #592, #1940, #741, #912 ) ) ;
#1981 = DIRECTION ( 'NONE',  ( 0.000000000000000000, 0.000000000000000000, 1.000000000000000000 ) ) ;
#1982 = CARTESIAN_POINT ( 'NONE',  ( 8.637629025299636609, 5.208703989807575319, 7.447434835858744329 ) ) ;
#1983 = ORIENTED_EDGE ( 'NONE', *, *, #510, .T. ) ;
#1984 = EDGE_CURVE ( 'NONE', #816, #1531, #1533, .T. ) ;
#1985 = CARTESIAN_POINT ( 'NONE',  ( 2.581064073226545741, 0.000000000000000000, 2.590331807780321238 ) ) ;
#1986 = ORIENTED_EDGE ( 'NONE', *, *, #1907, .F. ) ;
#1987 = LINE ( 'NONE', #620, #986 ) ;
ENDSEC;
END-ISO-10303-21;
